Date,Open,High,Low,Close,Volume,Dividends,Stock Splits
2020-04-15 00:00:00-04:00,6.710000038146973,6.949999809265137,6.539999961853027,6.730000019073486,63100,0.0,0.0
2020-04-16 00:00:00-04:00,6.860000133514404,6.940000057220459,6.550000190734863,6.550000190734863,43400,0.0,0.0
2020-04-17 00:00:00-04:00,6.78000020980835,7.139999866485596,6.75,7.139999866485596,39100,0.0,0.0
2020-04-20 00:00:00-04:00,7.139999866485596,7.630000114440918,6.570000171661377,6.900000095367432,69800,0.0,0.0
2020-04-21 00:00:00-04:00,6.670000076293945,7.02400016784668,6.570000171661377,6.760000228881836,15400,0.0,0.0
2020-04-22 00:00:00-04:00,6.650000095367432,8.0,6.650000095367432,7.809999942779541,87500,0.0,0.0
2020-04-23 00:00:00-04:00,7.949999809265137,7.952000141143799,7.25,7.429999828338623,85700,0.0,0.0
2020-04-24 00:00:00-04:00,7.460000038146973,7.489999771118164,6.659999847412109,7.369999885559082,52300,0.0,0.0
2020-04-27 00:00:00-04:00,7.269999980926514,7.610000133514404,7.244999885559082,7.489999771118164,23800,0.0,0.0
2020-04-28 00:00:00-04:00,7.519999980926514,7.760000228881836,6.840000152587891,7.110000133514404,75400,0.0,0.0
2020-04-29 00:00:00-04:00,7.380000114440918,7.730000019073486,7.25,7.409999847412109,15400,0.0,0.0
2020-04-30 00:00:00-04:00,7.570000171661377,8.119999885559082,7.260000228881836,8.050000190734863,85900,0.0,0.0
2020-05-01 00:00:00-04:00,8.020000457763672,8.020000457763672,7.230000019073486,7.230000019073486,39200,0.0,0.0
2020-05-04 00:00:00-04:00,7.789999961853027,7.980000019073486,6.942999839782715,7.480000019073486,56800,0.0,0.0
2020-05-05 00:00:00-04:00,7.809999942779541,8.088000297546387,7.5,7.730000019073486,25600,0.0,0.0
2020-05-06 00:00:00-04:00,7.690000057220459,7.690000057220459,7.449999809265137,7.590000152587891,14700,0.0,0.0
2020-05-07 00:00:00-04:00,7.599999904632568,7.949999809265137,7.559999942779541,7.699999809265137,23600,0.0,0.0
2020-05-08 00:00:00-04:00,7.820000171661377,8.388999938964844,7.809999942779541,7.869999885559082,57700,0.0,0.0
2020-05-11 00:00:00-04:00,7.869999885559082,8.289999961853027,7.869999885559082,7.869999885559082,30100,0.0,0.0
2020-05-12 00:00:00-04:00,8.130000114440918,8.390000343322754,7.436999797821045,8.109999656677246,116000,0.0,0.0
2020-05-13 00:00:00-04:00,8.109999656677246,8.289999961853027,7.590000152587891,7.699999809265137,47500,0.0,0.0
2020-05-14 00:00:00-04:00,7.75,8.0,7.501999855041504,8.0,20000,0.0,0.0
2020-05-15 00:00:00-04:00,8.0,8.420000076293945,7.584000110626221,8.069999694824219,57100,0.0,0.0
2020-05-18 00:00:00-04:00,8.300000190734863,8.949999809265137,8.229999542236328,8.460000038146973,65400,0.0,0.0
2020-05-19 00:00:00-04:00,8.869999885559082,8.949999809265137,8.350000381469727,8.5600004196167,34300,0.0,0.0
2020-05-20 00:00:00-04:00,8.640000343322754,9.439000129699707,8.5,9.300000190734863,50800,0.0,0.0
2020-05-21 00:00:00-04:00,9.010000228881836,9.329999923706055,8.850000381469727,8.960000038146973,39100,0.0,0.0
2020-05-22 00:00:00-04:00,9.0600004196167,9.229999542236328,8.619999885559082,9.0600004196167,42100,0.0,0.0
2020-05-26 00:00:00-04:00,9.09000015258789,9.260000228881836,8.609999656677246,8.850000381469727,37300,0.0,0.0
2020-05-27 00:00:00-04:00,9.039999961853027,9.039999961853027,8.347999572753906,8.699999809265137,24900,0.0,0.0
2020-05-28 00:00:00-04:00,8.699999809265137,8.720000267028809,8.199999809265137,8.199999809265137,26000,0.0,0.0
2020-05-29 00:00:00-04:00,8.210000038146973,8.458999633789062,7.699999809265137,7.980000019073486,40900,0.0,0.0
2020-06-01 00:00:00-04:00,8.069999694824219,8.390000343322754,7.739999771118164,8.210000038146973,20200,0.0,0.0
2020-06-02 00:00:00-04:00,8.199999809265137,8.5,8.0,8.180000305175781,12400,0.0,0.0
2020-06-03 00:00:00-04:00,8.300000190734863,8.461000442504883,8.050000190734863,8.050000190734863,16000,0.0,0.0
2020-06-04 00:00:00-04:00,8.0600004196167,8.199999809265137,7.809999942779541,8.149999618530273,21900,0.0,0.0
2020-06-05 00:00:00-04:00,8.199999809265137,8.5,7.869999885559082,8.4399995803833,59800,0.0,0.0
2020-06-08 00:00:00-04:00,8.399999618530273,8.5,8.010000228881836,8.010000228881836,37500,0.0,0.0
2020-06-09 00:00:00-04:00,8.100000381469727,8.6899995803833,8.0,8.420000076293945,28700,0.0,0.0
2020-06-10 00:00:00-04:00,8.390000343322754,8.4399995803833,8.100000381469727,8.109999656677246,20200,0.0,0.0
2020-06-11 00:00:00-04:00,8.0,8.119999885559082,7.584000110626221,7.679999828338623,45100,0.0,0.0
2020-06-12 00:00:00-04:00,7.940000057220459,7.940000057220459,7.369999885559082,7.690000057220459,52100,0.0,0.0
2020-06-15 00:00:00-04:00,7.380000114440918,7.699999809265137,7.380000114440918,7.679999828338623,57500,0.0,0.0
2020-06-16 00:00:00-04:00,8.649999618530273,8.649999618530273,7.75,7.900000095367432,40200,0.0,0.0
2020-06-17 00:00:00-04:00,7.789999961853027,8.220000267028809,7.349999904632568,7.349999904632568,30400,0.0,0.0
2020-06-18 00:00:00-04:00,7.349999904632568,7.375,6.889999866485596,6.960000038146973,57000,0.0,0.0
2020-06-19 00:00:00-04:00,7.050000190734863,7.177999973297119,6.849999904632568,6.909999847412109,60900,0.0,0.0
2020-06-22 00:00:00-04:00,6.900000095367432,7.010000228881836,6.730000019073486,6.949999809265137,21300,0.0,0.0
2020-06-23 00:00:00-04:00,6.929999828338623,8.75,6.929999828338623,8.449999809265137,238000,0.0,0.0
2020-06-24 00:00:00-04:00,8.529999732971191,8.600000381469727,8.149999618530273,8.255000114440918,56000,0.0,0.0
2020-06-25 00:00:00-04:00,8.5,8.699999809265137,8.25,8.479999542236328,65800,0.0,0.0
2020-06-26 00:00:00-04:00,8.640000343322754,8.770000457763672,8.1899995803833,8.770000457763672,67000,0.0,0.0
2020-06-29 00:00:00-04:00,8.75,9.430000305175781,8.5,8.760000228881836,104600,0.0,0.0
2020-06-30 00:00:00-04:00,10.0,10.770000457763672,9.260000228881836,9.970000267028809,331700,0.0,0.0
2020-07-01 00:00:00-04:00,9.920000076293945,9.920000076293945,9.079999923706055,9.270000457763672,95300,0.0,0.0
2020-07-02 00:00:00-04:00,8.366999626159668,8.680000305175781,8.199999809265137,8.649999618530273,395300,0.0,0.0
2020-07-06 00:00:00-04:00,8.75,10.479999542236328,8.600000381469727,9.989999771118164,488500,0.0,0.0
2020-07-07 00:00:00-04:00,10.180000305175781,10.548999786376953,9.550000190734863,10.09000015258789,240700,0.0,0.0
2020-07-08 00:00:00-04:00,10.399999618530273,12.300000190734863,10.25,12.210000038146973,820100,0.0,0.0
2020-07-09 00:00:00-04:00,11.960000038146973,12.399999618530273,11.09000015258789,12.149999618530273,329100,0.0,0.0
2020-07-10 00:00:00-04:00,11.960000038146973,12.100000381469727,10.6899995803833,11.59000015258789,182900,0.0,0.0
2020-07-13 00:00:00-04:00,11.75,11.989999771118164,9.850000381469727,9.970000267028809,316000,0.0,0.0
2020-07-14 00:00:00-04:00,10.350000381469727,11.170000076293945,10.010000228881836,10.989999771118164,143800,0.0,0.0
2020-07-15 00:00:00-04:00,11.050000190734863,12.0,10.859999656677246,11.989999771118164,256800,0.0,0.0
2020-07-16 00:00:00-04:00,11.729999542236328,12.420000076293945,11.479999542236328,11.600000381469727,167800,0.0,0.0
2020-07-17 00:00:00-04:00,12.5,13.880000114440918,12.010000228881836,12.390000343322754,733400,0.0,0.0
2020-07-20 00:00:00-04:00,12.539999961853027,13.899999618530273,12.399999618530273,13.350000381469727,428900,0.0,0.0
2020-07-21 00:00:00-04:00,13.5,14.0600004196167,12.850000381469727,13.239999771118164,316000,0.0,0.0
2020-07-22 00:00:00-04:00,13.680000305175781,14.0,13.100000381469727,13.3100004196167,222700,0.0,0.0
2020-07-23 00:00:00-04:00,13.218999862670898,15.470000267028809,13.010000228881836,15.3100004196167,717300,0.0,0.0
2020-07-24 00:00:00-04:00,14.859999656677246,15.979999542236328,14.25,14.819999694824219,396100,0.0,0.0
2020-07-27 00:00:00-04:00,15.0,15.239999771118164,13.720000267028809,14.40999984741211,244700,0.0,0.0
2020-07-28 00:00:00-04:00,14.300000190734863,14.510000228881836,12.029999732971191,12.84000015258789,404400,0.0,0.0
2020-07-29 00:00:00-04:00,13.020000457763672,13.949999809265137,12.5,13.600000381469727,440400,0.0,0.0
2020-07-30 00:00:00-04:00,13.550000190734863,14.869999885559082,13.550000190734863,14.420000076293945,415900,0.0,0.0
2020-07-31 00:00:00-04:00,14.460000038146973,14.689000129699707,13.600000381469727,14.180000305175781,167600,0.0,0.0
2020-08-03 00:00:00-04:00,14.592000007629395,15.5,14.260000228881836,14.699999809265137,343000,0.0,0.0
2020-08-04 00:00:00-04:00,14.800000190734863,15.3100004196167,14.180000305175781,14.619999885559082,192000,0.0,0.0
2020-08-05 00:00:00-04:00,14.600000381469727,14.670000076293945,14.039999961853027,14.229999542236328,100000,0.0,0.0
2020-08-06 00:00:00-04:00,14.199999809265137,14.411999702453613,13.3100004196167,13.489999771118164,168400,0.0,0.0
2020-08-07 00:00:00-04:00,13.40999984741211,14.100000381469727,12.130000114440918,12.710000038146973,359500,0.0,0.0
2020-08-10 00:00:00-04:00,12.930000305175781,13.5,12.350000381469727,13.350000381469727,158700,0.0,0.0
2020-08-11 00:00:00-04:00,13.359999656677246,13.6899995803833,12.229999542236328,12.319999694824219,173300,0.0,0.0
2020-08-12 00:00:00-04:00,12.25,12.970000267028809,12.25,12.770000457763672,103100,0.0,0.0
2020-08-13 00:00:00-04:00,12.930000305175781,13.34000015258789,12.579999923706055,13.0,147800,0.0,0.0
2020-08-14 00:00:00-04:00,13.0,13.095000267028809,12.510000228881836,12.960000038146973,161600,0.0,0.0
2020-08-17 00:00:00-04:00,13.039999961853027,13.210000038146973,12.399999618530273,12.550000190734863,150400,0.0,0.0
2020-08-18 00:00:00-04:00,12.6899995803833,12.739999771118164,11.430000305175781,12.170000076293945,208400,0.0,0.0
2020-08-19 00:00:00-04:00,12.100000381469727,12.880000114440918,11.986000061035156,12.779999732971191,136800,0.0,0.0
2020-08-20 00:00:00-04:00,12.699999809265137,12.84000015258789,12.100000381469727,12.260000228881836,131600,0.0,0.0
2020-08-21 00:00:00-04:00,12.220000267028809,12.220000267028809,11.319999694824219,11.90999984741211,180600,0.0,0.0
2020-08-24 00:00:00-04:00,11.949999809265137,11.949999809265137,10.701000213623047,11.210000038146973,258700,0.0,0.0
2020-08-25 00:00:00-04:00,11.350000381469727,11.739999771118164,10.744999885559082,10.979999542236328,178100,0.0,0.0
2020-08-26 00:00:00-04:00,12.75,14.279999732971191,12.0,13.25,1044800,0.0,0.0
2020-08-27 00:00:00-04:00,13.75,14.079999923706055,12.90999984741211,13.100000381469727,336400,0.0,0.0
2020-08-28 00:00:00-04:00,13.149999618530273,13.390000343322754,12.279999732971191,13.199999809265137,159900,0.0,0.0
2020-08-31 00:00:00-04:00,13.222000122070312,13.979999542236328,12.859999656677246,13.859999656677246,207500,0.0,0.0
2020-09-01 00:00:00-04:00,13.949999809265137,14.75,13.680000305175781,14.420000076293945,289800,0.0,0.0
2020-09-02 00:00:00-04:00,14.399999618530273,14.399999618530273,12.90999984741211,13.609999656677246,261700,0.0,0.0
2020-09-03 00:00:00-04:00,13.789999961853027,13.789999961853027,12.489999771118164,12.59000015258789,163400,0.0,0.0
2020-09-04 00:00:00-04:00,12.569999694824219,12.880000114440918,10.550000190734863,11.649999618530273,298400,0.0,0.0
2020-09-08 00:00:00-04:00,12.1899995803833,13.899999618530273,11.430000305175781,12.760000228881836,332500,0.0,0.0
2020-09-09 00:00:00-04:00,13.029999732971191,13.520000457763672,12.800000190734863,13.40999984741211,181300,0.0,0.0
2020-09-10 00:00:00-04:00,13.600000381469727,13.619999885559082,12.050000190734863,12.640000343322754,267500,0.0,0.0
2020-09-11 00:00:00-04:00,12.800000190734863,12.800000190734863,11.649999618530273,11.75,219300,0.0,0.0
2020-09-14 00:00:00-04:00,12.0,12.479999542236328,11.928999900817871,12.109999656677246,118100,0.0,0.0
2020-09-15 00:00:00-04:00,12.550000190734863,14.800000190734863,12.100000381469727,14.100000381469727,409500,0.0,0.0
2020-09-16 00:00:00-04:00,14.279999732971191,14.350000381469727,13.4399995803833,14.010000228881836,196600,0.0,0.0
2020-09-17 00:00:00-04:00,13.630000114440918,13.90999984741211,12.720000267028809,12.829999923706055,206100,0.0,0.0
2020-09-18 00:00:00-04:00,12.84000015258789,13.3100004196167,12.0,12.930000305175781,187400,0.0,0.0
2020-09-21 00:00:00-04:00,12.670000076293945,12.850000381469727,11.800000190734863,12.760000228881836,207500,0.0,0.0
2020-09-22 00:00:00-04:00,12.789999961853027,12.789999961853027,12.029999732971191,12.239999771118164,128400,0.0,0.0
2020-09-23 00:00:00-04:00,12.239999771118164,12.399999618530273,10.850000381469727,10.920000076293945,293300,0.0,0.0
2020-09-24 00:00:00-04:00,11.319999694824219,11.6899995803833,10.529999732971191,11.199999809265137,145300,0.0,0.0
2020-09-25 00:00:00-04:00,11.130000114440918,11.687999725341797,11.0,11.5,116500,0.0,0.0
2020-09-28 00:00:00-04:00,11.729999542236328,12.180000305175781,11.619999885559082,11.880000114440918,109100,0.0,0.0
2020-09-29 00:00:00-04:00,12.149999618530273,12.170000076293945,11.34000015258789,11.699999809265137,123900,0.0,0.0
2020-09-30 00:00:00-04:00,12.130000114440918,12.270000457763672,11.529999732971191,12.15999984741211,202400,0.0,0.0
2020-10-01 00:00:00-04:00,12.569999694824219,12.899999618530273,12.154999732971191,12.470000267028809,211500,0.0,0.0
2020-10-02 00:00:00-04:00,12.739999771118164,15.0,12.5600004196167,14.989999771118164,949500,0.0,0.0
2020-10-05 00:00:00-04:00,15.21500015258789,17.489999771118164,15.095000267028809,17.440000534057617,944900,0.0,0.0
2020-10-06 00:00:00-04:00,17.649999618530273,17.790000915527344,14.989999771118164,15.369999885559082,753600,0.0,0.0
2020-10-07 00:00:00-04:00,17.0,17.280000686645508,16.020000457763672,16.489999771118164,451500,0.0,0.0
2020-10-08 00:00:00-04:00,16.719999313354492,17.18000030517578,16.0,16.360000610351562,224100,0.0,0.0
2020-10-09 00:00:00-04:00,17.0,17.25,16.510000228881836,16.889999389648438,310000,0.0,0.0
2020-10-12 00:00:00-04:00,17.100000381469727,17.15999984741211,15.100000381469727,15.760000228881836,374200,0.0,0.0
2020-10-13 00:00:00-04:00,15.5600004196167,15.8100004196167,15.319999694824219,15.670000076293945,167600,0.0,0.0
2020-10-14 00:00:00-04:00,15.829999923706055,15.829999923706055,14.630000114440918,14.829999923706055,202100,0.0,0.0
2020-10-15 00:00:00-04:00,14.279999732971191,16.200000762939453,14.149999618530273,16.110000610351562,238100,0.0,0.0
2020-10-16 00:00:00-04:00,16.350000381469727,16.489999771118164,15.449999809265137,15.539999961853027,130300,0.0,0.0
2020-10-19 00:00:00-04:00,15.75,15.75,14.899999618530273,14.949999809265137,139900,0.0,0.0
2020-10-20 00:00:00-04:00,15.279999732971191,15.279999732971191,14.529999732971191,14.699999809265137,121600,0.0,0.0
2020-10-21 00:00:00-04:00,16.079999923706055,16.84000015258789,15.274999618530273,16.799999237060547,517900,0.0,0.0
2020-10-22 00:00:00-04:00,16.8799991607666,17.049999237060547,15.050000190734863,15.800000190734863,258500,0.0,0.0
2020-10-23 00:00:00-04:00,15.970000267028809,16.440000534057617,15.819999694824219,16.145000457763672,170100,0.0,0.0
2020-10-26 00:00:00-04:00,16.0,16.14900016784668,15.34000015258789,15.960000038146973,169400,0.0,0.0
2020-10-27 00:00:00-04:00,16.0,16.110000610351562,15.430000305175781,15.460000038146973,84500,0.0,0.0
2020-10-28 00:00:00-04:00,15.25,15.3100004196167,14.15999984741211,14.819999694824219,232000,0.0,0.0
2020-10-29 00:00:00-04:00,15.029999732971191,16.459999084472656,14.859999656677246,16.299999237060547,270900,0.0,0.0
2020-10-30 00:00:00-04:00,16.219999313354492,16.3700008392334,15.5,16.0,202700,0.0,0.0
2020-11-02 00:00:00-05:00,16.09000015258789,16.43000030517578,15.295000076293945,15.979999542236328,186000,0.0,0.0
2020-11-03 00:00:00-05:00,16.290000915527344,17.299999237060547,15.949999809265137,16.68000030517578,626300,0.0,0.0
2020-11-04 00:00:00-05:00,17.299999237060547,17.788000106811523,16.299999237060547,17.399999618530273,324000,0.0,0.0
2020-11-05 00:00:00-05:00,18.299999237060547,19.81999969482422,17.68000030517578,19.489999771118164,521600,0.0,0.0
2020-11-06 00:00:00-05:00,19.209999084472656,19.440000534057617,16.940000534057617,18.579999923706055,550600,0.0,0.0
2020-11-09 00:00:00-05:00,19.950000762939453,20.0,18.020000457763672,18.170000076293945,324200,0.0,0.0
2020-11-10 00:00:00-05:00,18.200000762939453,18.399999618530273,17.06999969482422,18.360000610351562,210600,0.0,0.0
2020-11-11 00:00:00-05:00,18.280000686645508,19.149999618530273,18.0049991607666,18.760000228881836,186200,0.0,0.0
2020-11-12 00:00:00-05:00,18.350000381469727,19.152999877929688,18.229999542236328,18.600000381469727,228800,0.0,0.0
2020-11-13 00:00:00-05:00,18.399999618530273,19.299999237060547,18.111000061035156,18.8700008392334,369300,0.0,0.0
2020-11-16 00:00:00-05:00,19.32900047302246,22.709999084472656,19.18000030517578,22.020000457763672,730900,0.0,0.0
2020-11-17 00:00:00-05:00,22.700000762939453,22.920000076293945,20.774999618530273,21.3799991607666,426400,0.0,0.0
2020-11-18 00:00:00-05:00,21.700000762939453,21.700000762939453,19.700000762939453,19.8799991607666,459400,0.0,0.0
2020-11-19 00:00:00-05:00,20.610000610351562,21.715999603271484,20.149999618530273,21.65999984741211,758300,0.0,0.0
2020-11-20 00:00:00-05:00,22.34000015258789,27.479999542236328,21.799999237060547,25.299999237060547,1578100,0.0,0.0
2020-11-23 00:00:00-05:00,30.010000228881836,37.5,29.5,35.189998626708984,4370100,0.0,0.0
2020-11-24 00:00:00-05:00,35.599998474121094,35.84000015258789,30.170000076293945,32.040000915527344,2457000,0.0,0.0
2020-11-25 00:00:00-05:00,30.299999237060547,32.38999938964844,30.110000610351562,31.040000915527344,770600,0.0,0.0
2020-11-27 00:00:00-05:00,33.0,35.84000015258789,32.505001068115234,35.349998474121094,989400,0.0,0.0
2020-11-30 00:00:00-05:00,34.439998626708984,35.0,31.549999237060547,34.25,898500,0.0,0.0
2020-12-01 00:00:00-05:00,35.0,35.0,29.559999465942383,30.219999313354492,815400,0.0,0.0
2020-12-02 00:00:00-05:00,27.600000381469727,29.815000534057617,26.690000534057617,29.559999465942383,691500,0.0,0.0
2020-12-03 00:00:00-05:00,31.510000228881836,32.20000076293945,27.93000030517578,28.239999771118164,732200,0.0,0.0
2020-12-04 00:00:00-05:00,28.700000762939453,29.899999618530273,28.0,29.020000457763672,606700,0.0,0.0
2020-12-07 00:00:00-05:00,29.5,33.279998779296875,29.219999313354492,32.7599983215332,687400,0.0,0.0
2020-12-08 00:00:00-05:00,34.150001525878906,37.4900016784668,32.68000030517578,37.38999938964844,956800,0.0,0.0
2020-12-09 00:00:00-05:00,36.150001525878906,36.970001220703125,33.112998962402344,34.400001525878906,830400,0.0,0.0
2020-12-10 00:00:00-05:00,33.02000045776367,34.9900016784668,32.68000030517578,34.220001220703125,332500,0.0,0.0
2020-12-11 00:00:00-05:00,33.220001220703125,36.25,32.75,34.47999954223633,536500,0.0,0.0
2020-12-14 00:00:00-05:00,35.81399917602539,36.58000183105469,33.34000015258789,33.79999923706055,388000,0.0,0.0
2020-12-15 00:00:00-05:00,33.75,38.869998931884766,33.400001525878906,38.29999923706055,752300,0.0,0.0
2020-12-16 00:00:00-05:00,37.52000045776367,39.7599983215332,35.189998626708984,39.150001525878906,692200,0.0,0.0
2020-12-17 00:00:00-05:00,39.0,40.689998626708984,37.41999816894531,39.119998931884766,488800,0.0,0.0
2020-12-18 00:00:00-05:00,39.310001373291016,44.349998474121094,38.790000915527344,44.349998474121094,1379300,0.0,0.0
2020-12-21 00:00:00-05:00,44.73400115966797,51.8650016784668,42.29999923706055,50.400001525878906,1337000,0.0,0.0
2020-12-22 00:00:00-05:00,50.119998931884766,52.029998779296875,46.11000061035156,50.130001068115234,1038700,0.0,0.0
2020-12-23 00:00:00-05:00,50.35499954223633,52.75,48.29999923706055,52.689998626708984,535800,0.0,0.0
2020-12-24 00:00:00-05:00,53.0,55.834999084472656,51.79999923706055,55.310001373291016,327400,0.0,0.0
2020-12-28 00:00:00-05:00,58.72999954223633,69.68000030517578,58.0,65.98999786376953,1479000,0.0,0.0
2020-12-29 00:00:00-05:00,67.08999633789062,68.13999938964844,57.97999954223633,68.13999938964844,1143400,0.0,0.0
2020-12-30 00:00:00-05:00,69.0,75.44000244140625,67.25,67.94999694824219,1866300,0.0,0.0
2020-12-31 00:00:00-05:00,68.01000213623047,75.9000015258789,65.05999755859375,73.77999877929688,1244000,0.0,0.0
2021-01-04 00:00:00-05:00,71.3499984741211,72.0,49.08000183105469,55.810001373291016,2862300,0.0,0.0
2021-01-05 00:00:00-05:00,52.130001068115234,58.07699966430664,50.54499816894531,55.900001525878906,850500,0.0,0.0
2021-01-06 00:00:00-05:00,56.90999984741211,65.0,56.279998779296875,60.16999816894531,1285700,0.0,0.0
2021-01-07 00:00:00-05:00,66.30000305175781,68.44400024414062,64.0,67.01000213623047,766300,0.0,0.0
2021-01-08 00:00:00-05:00,71.40899658203125,72.37000274658203,66.63999938964844,70.0999984741211,774200,0.0,0.0
2021-01-11 00:00:00-05:00,67.62000274658203,75.5,66.51000213623047,71.13999938964844,688200,0.0,0.0
2021-01-12 00:00:00-05:00,71.5,74.12200164794922,68.26000213623047,70.33000183105469,505100,0.0,0.0
2021-01-13 00:00:00-05:00,70.33999633789062,72.0,68.51000213623047,69.75,420200,0.0,0.0
2021-01-14 00:00:00-05:00,72.98899841308594,72.98899841308594,65.06999969482422,67.29000091552734,709600,0.0,0.0
2021-01-15 00:00:00-05:00,65.25,65.98999786376953,60.0369987487793,60.709999084472656,991700,0.0,0.0
2021-01-19 00:00:00-05:00,62.970001220703125,64.91000366210938,60.22999954223633,61.54999923706055,446800,0.0,0.0
2021-01-20 00:00:00-05:00,62.0,64.67500305175781,60.810001373291016,61.58000183105469,659600,0.0,0.0
2021-01-21 00:00:00-05:00,61.72999954223633,66.13999938964844,60.75,66.0,504200,0.0,0.0
2021-01-22 00:00:00-05:00,64.26000213623047,66.31999969482422,62.79999923706055,65.79000091552734,494900,0.0,0.0
2021-01-25 00:00:00-05:00,63.779998779296875,65.12999725341797,56.59000015258789,59.0099983215332,773400,0.0,0.0
2021-01-26 00:00:00-05:00,61.70000076293945,64.80000305175781,60.0,63.400001525878906,497800,0.0,0.0
2021-01-27 00:00:00-05:00,60.0,63.31999969482422,56.61899948120117,58.22999954223633,539100,0.0,0.0
2021-01-28 00:00:00-05:00,58.558998107910156,60.84000015258789,56.279998779296875,59.5099983215332,371200,0.0,0.0
2021-01-29 00:00:00-05:00,59.56999969482422,61.83000183105469,56.029998779296875,56.779998779296875,374200,0.0,0.0
2021-02-01 00:00:00-05:00,58.0,61.25,57.349998474121094,60.880001068115234,457300,0.0,0.0
2021-02-02 00:00:00-05:00,62.040000915527344,62.375,58.66999816894531,60.779998779296875,303800,0.0,0.0
2021-02-03 00:00:00-05:00,61.619998931884766,66.8499984741211,61.0,66.4800033569336,711600,0.0,0.0
2021-02-04 00:00:00-05:00,67.83499908447266,68.8290023803711,63.0099983215332,65.52999877929688,401800,0.0,0.0
2021-02-05 00:00:00-05:00,67.58899688720703,69.80000305175781,65.56500244140625,66.75,348900,0.0,0.0
2021-02-08 00:00:00-05:00,66.30000305175781,69.98999786376953,66.30000305175781,68.44000244140625,417000,0.0,0.0
2021-02-09 00:00:00-05:00,68.58000183105469,71.29000091552734,66.0,67.51000213623047,421000,0.0,0.0
2021-02-10 00:00:00-05:00,67.83999633789062,69.37000274658203,61.59000015258789,63.869998931884766,458400,0.0,0.0
2021-02-11 00:00:00-05:00,64.23999786376953,65.9000015258789,58.689998626708984,60.97999954223633,528100,0.0,0.0
2021-02-12 00:00:00-05:00,60.75,64.55000305175781,59.630001068115234,62.7599983215332,318900,0.0,0.0
2021-02-16 00:00:00-05:00,62.5,65.12000274658203,57.119998931884766,57.9900016784668,491100,0.0,0.0
2021-02-17 00:00:00-05:00,57.65999984741211,58.35100173950195,52.0,54.0099983215332,716800,0.0,0.0
2021-02-18 00:00:00-05:00,53.869998931884766,56.29999923706055,49.5,49.66999816894531,633400,0.0,0.0
2021-02-19 00:00:00-05:00,51.63999938964844,56.07099914550781,50.5,54.279998779296875,506500,0.0,0.0
2021-02-22 00:00:00-05:00,52.79999923706055,52.900001525878906,48.79999923706055,49.7400016784668,594300,0.0,0.0
2021-02-23 00:00:00-05:00,44.939998626708984,44.939998626708984,35.959999084472656,44.380001068115234,1201100,0.0,0.0
2021-02-24 00:00:00-05:00,45.43000030517578,47.70000076293945,43.65999984741211,47.150001525878906,458800,0.0,0.0
2021-02-25 00:00:00-05:00,46.77000045776367,47.233001708984375,41.65999984741211,42.70000076293945,400500,0.0,0.0
2021-02-26 00:00:00-05:00,42.689998626708984,44.150001525878906,37.7599983215332,42.13999938964844,676200,0.0,0.0
2021-03-01 00:00:00-05:00,44.34000015258789,44.689998626708984,40.0620002746582,43.70000076293945,547000,0.0,0.0
2021-03-02 00:00:00-05:00,42.72999954223633,44.47999954223633,40.2400016784668,40.400001525878906,270200,0.0,0.0
2021-03-03 00:00:00-05:00,40.970001220703125,41.9900016784668,36.459999084472656,36.90999984741211,580300,0.0,0.0
2021-03-04 00:00:00-05:00,36.58000183105469,36.625,28.867000579833984,30.65999984741211,1290800,0.0,0.0
2021-03-05 00:00:00-05:00,31.68000030517578,32.470001220703125,26.190000534057617,30.520000457763672,1201900,0.0,0.0
2021-03-08 00:00:00-05:00,30.860000610351562,35.52000045776367,30.09000015258789,32.63999938964844,935900,0.0,0.0
2021-03-09 00:00:00-05:00,35.0099983215332,38.220001220703125,33.689998626708984,36.70000076293945,852500,0.0,0.0
2021-03-10 00:00:00-05:00,40.58000183105469,40.87900161743164,36.5,38.63999938964844,746100,0.0,0.0
2021-03-11 00:00:00-05:00,40.040000915527344,48.79999923706055,39.060001373291016,47.52000045776367,825700,0.0,0.0
2021-03-12 00:00:00-05:00,45.25,49.72999954223633,42.65999984741211,48.150001525878906,692500,0.0,0.0
2021-03-15 00:00:00-04:00,49.939998626708984,50.39099884033203,47.150001525878906,48.439998626708984,442700,0.0,0.0
2021-03-16 00:00:00-04:00,48.04999923706055,48.04999923706055,43.5,43.900001525878906,581100,0.0,0.0
2021-03-17 00:00:00-04:00,41.900001525878906,46.08000183105469,40.529998779296875,44.939998626708984,431700,0.0,0.0
2021-03-18 00:00:00-04:00,44.029998779296875,44.540000915527344,40.96799850463867,41.540000915527344,335300,0.0,0.0
2021-03-19 00:00:00-04:00,42.029998779296875,46.11000061035156,40.470001220703125,45.369998931884766,543800,0.0,0.0
2021-03-22 00:00:00-04:00,44.65999984741211,45.349998474121094,42.66699981689453,43.38999938964844,255100,0.0,0.0
2021-03-23 00:00:00-04:00,43.06999969482422,44.17399978637695,38.59000015258789,40.20000076293945,394800,0.0,0.0
2021-03-24 00:00:00-04:00,40.470001220703125,41.52000045776367,35.38999938964844,35.869998931884766,417100,0.0,0.0
2021-03-25 00:00:00-04:00,34.439998626708984,37.66999816894531,33.599998474121094,37.40999984741211,468400,0.0,0.0
2021-03-26 00:00:00-04:00,38.130001068115234,41.4900016784668,37.097999572753906,40.369998931884766,568800,0.0,0.0
2021-03-29 00:00:00-04:00,40.50199890136719,40.689998626708984,34.42300033569336,35.38999938964844,595500,0.0,0.0
2021-03-30 00:00:00-04:00,35.040000915527344,38.5,33.779998779296875,37.2400016784668,672300,0.0,0.0
2021-03-31 00:00:00-04:00,36.439998626708984,44.81999969482422,36.20000076293945,43.36000061035156,992500,0.0,0.0
2021-04-01 00:00:00-04:00,45.5,45.7400016784668,39.0,40.099998474121094,707400,0.0,0.0
2021-04-05 00:00:00-04:00,41.56999969482422,42.279998779296875,40.0,41.709999084472656,352500,0.0,0.0
2021-04-06 00:00:00-04:00,41.369998931884766,43.41999816894531,40.22200012207031,42.84000015258789,333400,0.0,0.0
2021-04-07 00:00:00-04:00,42.5,43.400001525878906,38.95100021362305,38.959999084472656,333200,0.0,0.0
2021-04-08 00:00:00-04:00,39.91999816894531,41.93000030517578,39.685001373291016,40.439998626708984,237000,0.0,0.0
2021-04-09 00:00:00-04:00,40.380001068115234,41.433998107910156,39.209999084472656,39.70000076293945,155300,0.0,0.0
2021-04-12 00:00:00-04:00,39.650001525878906,39.72999954223633,35.79600143432617,37.540000915527344,371100,0.0,0.0
2021-04-13 00:00:00-04:00,37.0,38.459999084472656,36.41999816894531,38.04999923706055,245500,0.0,0.0
2021-04-14 00:00:00-04:00,37.90999984741211,39.79999923706055,37.672000885009766,38.189998626708984,290600,0.0,0.0
2021-04-15 00:00:00-04:00,38.720001220703125,38.720001220703125,33.0,34.2599983215332,714000,0.0,0.0
2021-04-16 00:00:00-04:00,34.220001220703125,34.92599868774414,33.25,33.34000015258789,258900,0.0,0.0
2021-04-19 00:00:00-04:00,32.5099983215332,32.95000076293945,29.979999542236328,30.760000228881836,422800,0.0,0.0
2021-04-20 00:00:00-04:00,30.0,31.21500015258789,29.020000457763672,30.0,295700,0.0,0.0
2021-04-21 00:00:00-04:00,29.979999542236328,32.439998626708984,29.209999084472656,31.90999984741211,297000,0.0,0.0
2021-04-22 00:00:00-04:00,33.63999938964844,34.1879997253418,31.719999313354492,32.380001068115234,343500,0.0,0.0
2021-04-23 00:00:00-04:00,33.04999923706055,34.869998931884766,32.60499954223633,34.470001220703125,233400,0.0,0.0
2021-04-26 00:00:00-04:00,35.0099983215332,36.54600143432617,34.150001525878906,35.790000915527344,260500,0.0,0.0
2021-04-27 00:00:00-04:00,36.869998931884766,37.279998779296875,33.849998474121094,34.470001220703125,294100,0.0,0.0
2021-04-28 00:00:00-04:00,34.099998474121094,35.16999816894531,32.869998931884766,34.91999816894531,141400,0.0,0.0
2021-04-29 00:00:00-04:00,35.75,35.75,33.09000015258789,34.0,130800,0.0,0.0
2021-04-30 00:00:00-04:00,33.34000015258789,34.779998779296875,33.25,34.43000030517578,159600,0.0,0.0
2021-05-03 00:00:00-04:00,34.573001861572266,35.0,31.551000595092773,32.02000045776367,195400,0.0,0.0
2021-05-04 00:00:00-04:00,30.989999771118164,31.690000534057617,29.809999465942383,31.520000457763672,216500,0.0,0.0
2021-05-05 00:00:00-04:00,31.577999114990234,32.470001220703125,30.420000076293945,30.90999984741211,166200,0.0,0.0
2021-05-06 00:00:00-04:00,30.450000762939453,30.82200050354004,28.06999969482422,29.1299991607666,407300,0.0,0.0
2021-05-07 00:00:00-04:00,29.690000534057617,31.299999237060547,29.209999084472656,31.1200008392334,334500,0.0,0.0
2021-05-10 00:00:00-04:00,31.479999542236328,31.719999313354492,26.209999084472656,26.299999237060547,506200,0.0,0.0
2021-05-11 00:00:00-04:00,23.350000381469727,26.329999923706055,23.13800048828125,25.610000610351562,607200,0.0,0.0
2021-05-12 00:00:00-04:00,24.53499984741211,26.09000015258789,24.15999984741211,24.25,303600,0.0,0.0
2021-05-13 00:00:00-04:00,22.979999542236328,23.75,20.683000564575195,21.479999542236328,732800,0.0,0.0
2021-05-14 00:00:00-04:00,21.780000686645508,24.469999313354492,21.709999084472656,23.969999313354492,391900,0.0,0.0
2021-05-17 00:00:00-04:00,23.770000457763672,24.0,22.058000564575195,23.100000381469727,356500,0.0,0.0
2021-05-18 00:00:00-04:00,23.25,25.610000610351562,22.719999313354492,24.6299991607666,299800,0.0,0.0
2021-05-19 00:00:00-04:00,23.459999084472656,24.31999969482422,23.030000686645508,24.010000228881836,201800,0.0,0.0
2021-05-20 00:00:00-04:00,25.5,26.31100082397461,24.3700008392334,25.510000228881836,406000,0.0,0.0
2021-05-21 00:00:00-04:00,26.440000534057617,26.440000534057617,24.729999542236328,25.469999313354492,211700,0.0,0.0
2021-05-24 00:00:00-04:00,25.93000030517578,26.275999069213867,24.299999237060547,24.889999389648438,280500,0.0,0.0
2021-05-25 00:00:00-04:00,24.989999771118164,25.440000534057617,23.75,24.959999084472656,321700,0.0,0.0
2021-05-26 00:00:00-04:00,25.399999618530273,29.530000686645508,25.200000762939453,28.959999084472656,441600,0.0,0.0
2021-05-27 00:00:00-04:00,29.5,29.700000762939453,27.639999389648438,29.149999618530273,321400,0.0,0.0
2021-05-28 00:00:00-04:00,29.5,31.1299991607666,28.84000015258789,29.190000534057617,311200,0.0,0.0
2021-06-01 00:00:00-04:00,29.88599967956543,30.940000534057617,29.25,30.770000457763672,224300,0.0,0.0
2021-06-02 00:00:00-04:00,31.0,31.079999923706055,29.600000381469727,31.079999923706055,220900,0.0,0.0
2021-06-03 00:00:00-04:00,30.889999389648438,32.2400016784668,29.200000762939453,31.100000381469727,278600,0.0,0.0
2021-06-04 00:00:00-04:00,31.34000015258789,32.45000076293945,30.979999542236328,31.59000015258789,199000,0.0,0.0
2021-06-07 00:00:00-04:00,31.90999984741211,36.779998779296875,31.639999389648438,35.90999984741211,471200,0.0,0.0
2021-06-08 00:00:00-04:00,36.650001525878906,37.900001525878906,34.0099983215332,34.7599983215332,392000,0.0,0.0
2021-06-09 00:00:00-04:00,35.0,37.0,35.0,35.77000045776367,239400,0.0,0.0
2021-06-10 00:00:00-04:00,35.65999984741211,36.0,32.75,33.66999816894531,322000,0.0,0.0
2021-06-11 00:00:00-04:00,34.13999938964844,35.18000030517578,33.54999923706055,34.7400016784668,147100,0.0,0.0
2021-06-14 00:00:00-04:00,35.16999816894531,38.11000061035156,35.0099983215332,37.810001373291016,326700,0.0,0.0
2021-06-15 00:00:00-04:00,37.70000076293945,37.79999923706055,34.25,34.5,398200,0.0,0.0
2021-06-16 00:00:00-04:00,34.08000183105469,37.73699951171875,34.0,35.849998474121094,364800,0.0,0.0
2021-06-17 00:00:00-04:00,35.720001220703125,37.59000015258789,35.5,35.70000076293945,377800,0.0,0.0
2021-06-18 00:00:00-04:00,35.45000076293945,36.18000030517578,34.349998474121094,35.560001373291016,481000,0.0,0.0
2021-06-21 00:00:00-04:00,35.970001220703125,35.970001220703125,32.93000030517578,33.7400016784668,402300,0.0,0.0
2021-06-22 00:00:00-04:00,33.88999938964844,36.119998931884766,33.5,36.119998931884766,281300,0.0,0.0
2021-06-23 00:00:00-04:00,36.119998931884766,40.470001220703125,35.9640007019043,39.439998626708984,550200,0.0,0.0
2021-06-24 00:00:00-04:00,40.130001068115234,40.470001220703125,37.119998931884766,37.83000183105469,441200,0.0,0.0
2021-06-25 00:00:00-04:00,37.91999816894531,39.47999954223633,37.29999923706055,37.970001220703125,1325800,0.0,0.0
2021-06-28 00:00:00-04:00,37.970001220703125,39.900001525878906,37.71099853515625,38.72999954223633,267200,0.0,0.0
2021-06-29 00:00:00-04:00,39.47999954223633,41.053001403808594,38.79999923706055,40.63999938964844,457100,0.0,0.0
2021-06-30 00:00:00-04:00,40.63999938964844,40.88999938964844,37.79100036621094,38.310001373291016,339800,0.0,0.0
2021-07-01 00:00:00-04:00,38.040000915527344,38.79999923706055,34.560001373291016,35.43000030517578,460200,0.0,0.0
2021-07-02 00:00:00-04:00,36.005001068115234,37.0099983215332,33.45600128173828,34.36000061035156,259500,0.0,0.0
2021-07-06 00:00:00-04:00,34.810001373291016,35.709999084472656,32.599998474121094,34.7400016784668,309100,0.0,0.0
2021-07-07 00:00:00-04:00,34.290000915527344,34.72999954223633,31.549999237060547,32.58000183105469,411700,0.0,0.0
2021-07-08 00:00:00-04:00,30.18000030517578,32.31999969482422,29.700000762939453,31.600000381469727,405900,0.0,0.0
2021-07-09 00:00:00-04:00,32.13999938964844,33.72999954223633,31.18000030517578,33.720001220703125,252700,0.0,0.0
2021-07-12 00:00:00-04:00,34.400001525878906,35.07600021362305,31.959999084472656,34.0,225100,0.0,0.0
2021-07-13 00:00:00-04:00,33.70000076293945,33.70000076293945,32.22999954223633,32.4900016784668,161400,0.0,0.0
2021-07-14 00:00:00-04:00,32.4900016784668,32.5,29.860000610351562,29.969999313354492,267800,0.0,0.0
2021-07-15 00:00:00-04:00,29.56999969482422,30.972000122070312,28.514999389648438,29.469999313354492,261600,0.0,0.0
2021-07-16 00:00:00-04:00,30.149999618530273,30.3799991607666,28.670000076293945,29.079999923706055,326000,0.0,0.0
2021-07-19 00:00:00-04:00,28.15999984741211,29.6200008392334,27.259000778198242,29.299999237060547,306500,0.0,0.0
2021-07-20 00:00:00-04:00,29.600000381469727,30.479999542236328,27.920000076293945,29.959999084472656,232800,0.0,0.0
2021-07-21 00:00:00-04:00,30.280000686645508,32.85499954223633,30.010000228881836,32.630001068115234,181200,0.0,0.0
2021-07-22 00:00:00-04:00,32.630001068115234,32.650001525878906,30.200000762939453,30.469999313354492,155900,0.0,0.0
2021-07-23 00:00:00-04:00,30.479999542236328,30.479999542236328,29.049999237060547,29.25,155800,0.0,0.0
2021-07-26 00:00:00-04:00,29.049999237060547,30.583999633789062,28.8799991607666,29.75,202700,0.0,0.0
2021-07-27 00:00:00-04:00,29.520000457763672,29.700000762939453,27.600000381469727,29.049999237060547,218500,0.0,0.0
2021-07-28 00:00:00-04:00,29.309999465942383,31.488000869750977,29.010000228881836,31.110000610351562,279600,0.0,0.0
2021-07-29 00:00:00-04:00,31.329999923706055,31.84000015258789,30.023000717163086,30.290000915527344,123900,0.0,0.0
2021-07-30 00:00:00-04:00,30.239999771118164,31.549999237060547,29.969999313354492,30.56999969482422,146900,0.0,0.0
2021-08-02 00:00:00-04:00,30.84000015258789,31.410999298095703,29.739999771118164,29.75,193000,0.0,0.0
2021-08-03 00:00:00-04:00,30.1200008392334,30.479999542236328,28.149999618530273,29.139999389648438,160000,0.0,0.0
2021-08-04 00:00:00-04:00,28.719999313354492,29.81999969482422,28.0,28.31999969482422,181300,0.0,0.0
2021-08-05 00:00:00-04:00,28.850000381469727,29.38800048828125,28.239999771118164,28.940000534057617,123900,0.0,0.0
2021-08-06 00:00:00-04:00,29.299999237060547,29.790000915527344,28.6299991607666,29.469999313354492,94200,0.0,0.0
2021-08-09 00:00:00-04:00,29.229999542236328,30.989999771118164,29.030000686645508,30.65999984741211,159300,0.0,0.0
2021-08-10 00:00:00-04:00,30.850000381469727,33.5,30.260000228881836,33.18000030517578,576900,0.0,0.0
2021-08-11 00:00:00-04:00,33.79999923706055,34.15999984741211,30.56999969482422,30.719999313354492,355300,0.0,0.0
2021-08-12 00:00:00-04:00,30.850000381469727,31.40999984741211,29.540000915527344,31.290000915527344,208500,0.0,0.0
2021-08-13 00:00:00-04:00,29.559999465942383,31.549999237060547,29.0,31.299999237060547,178600,0.0,0.0
2021-08-16 00:00:00-04:00,30.799999237060547,30.899999618530273,28.6299991607666,28.959999084472656,174800,0.0,0.0
2021-08-17 00:00:00-04:00,28.25,28.926000595092773,27.690000534057617,28.030000686645508,201300,0.0,0.0
2021-08-18 00:00:00-04:00,28.329999923706055,29.475000381469727,27.283000946044922,28.709999084472656,168600,0.0,0.0
2021-08-19 00:00:00-04:00,28.0,28.610000610351562,25.219999313354492,25.450000762939453,288900,0.0,0.0
2021-08-20 00:00:00-04:00,25.440000534057617,26.190000534057617,25.290000915527344,25.420000076293945,229800,0.0,0.0
2021-08-23 00:00:00-04:00,25.5,27.59000015258789,25.5,27.209999084472656,173600,0.0,0.0
2021-08-24 00:00:00-04:00,27.200000762939453,28.3700008392334,27.197999954223633,28.280000686645508,95200,0.0,0.0
2021-08-25 00:00:00-04:00,28.34000015258789,29.450000762939453,27.899999618530273,27.940000534057617,116300,0.0,0.0
2021-08-26 00:00:00-04:00,28.030000686645508,29.889999389648438,27.049999237060547,27.360000610351562,181500,0.0,0.0
2021-08-27 00:00:00-04:00,27.350000381469727,28.850000381469727,27.350000381469727,28.700000762939453,152300,0.0,0.0
2021-08-30 00:00:00-04:00,28.959999084472656,29.20400047302246,27.655000686645508,28.719999313354492,118100,0.0,0.0
2021-08-31 00:00:00-04:00,29.079999923706055,31.549999237060547,28.600000381469727,31.139999389648438,246400,0.0,0.0
2021-09-01 00:00:00-04:00,31.0,31.024999618530273,29.273000717163086,29.440000534057617,150100,0.0,0.0
2021-09-02 00:00:00-04:00,30.219999313354492,31.520000457763672,29.579999923706055,30.1200008392334,178500,0.0,0.0
2021-09-03 00:00:00-04:00,30.1200008392334,30.540000915527344,28.75,29.520000457763672,117800,0.0,0.0
2021-09-07 00:00:00-04:00,29.5,30.299999237060547,28.520000457763672,29.440000534057617,112700,0.0,0.0
2021-09-08 00:00:00-04:00,29.15999984741211,29.280000686645508,26.81999969482422,27.760000228881836,212000,0.0,0.0
2021-09-09 00:00:00-04:00,27.65999984741211,28.739999771118164,26.899999618530273,27.969999313354492,157200,0.0,0.0
2021-09-10 00:00:00-04:00,28.399999618530273,28.753999710083008,27.200000762939453,27.25,122700,0.0,0.0
2021-09-13 00:00:00-04:00,27.329999923706055,29.0,26.5,28.209999084472656,146000,0.0,0.0
2021-09-14 00:00:00-04:00,28.209999084472656,28.950000762939453,27.610000610351562,28.079999923706055,116400,0.0,0.0
2021-09-15 00:00:00-04:00,28.15999984741211,29.59000015258789,27.05500030517578,29.469999313354492,162700,0.0,0.0
2021-09-16 00:00:00-04:00,29.15999984741211,30.170000076293945,28.290000915527344,28.729999542236328,155200,0.0,0.0
2021-09-17 00:00:00-04:00,28.670000076293945,30.290000915527344,28.670000076293945,30.15999984741211,500600,0.0,0.0
2021-09-20 00:00:00-04:00,28.8700008392334,28.989999771118164,27.059999465942383,27.530000686645508,222900,0.0,0.0
2021-09-21 00:00:00-04:00,27.700000762939453,29.309999465942383,27.549999237060547,28.959999084472656,166400,0.0,0.0
2021-09-22 00:00:00-04:00,29.209999084472656,30.43000030517578,28.510000228881836,29.360000610351562,174200,0.0,0.0
2021-09-23 00:00:00-04:00,29.469999313354492,30.6299991607666,29.049999237060547,30.440000534057617,156600,0.0,0.0
2021-09-24 00:00:00-04:00,30.15999984741211,30.15999984741211,28.360000610351562,28.40999984741211,119500,0.0,0.0
2021-09-27 00:00:00-04:00,28.43000030517578,31.209999084472656,28.110000610351562,29.989999771118164,205700,0.0,0.0
2021-09-28 00:00:00-04:00,29.40999984741211,29.75,28.525999069213867,28.780000686645508,136600,0.0,0.0
2021-09-29 00:00:00-04:00,29.030000686645508,29.799999237060547,27.485000610351562,27.520000457763672,423900,0.0,0.0
2021-09-30 00:00:00-04:00,27.5,28.166000366210938,27.059999465942383,27.3700008392334,139700,0.0,0.0
2021-10-01 00:00:00-04:00,27.450000762939453,28.399999618530273,26.350000381469727,28.239999771118164,173000,0.0,0.0
2021-10-04 00:00:00-04:00,28.190000534057617,28.190000534057617,26.559999465942383,26.799999237060547,158700,0.0,0.0
2021-10-05 00:00:00-04:00,26.729999542236328,27.65999984741211,25.93000030517578,26.31999969482422,136000,0.0,0.0
2021-10-06 00:00:00-04:00,25.719999313354492,26.52400016784668,25.5,25.68000030517578,119400,0.0,0.0
2021-10-07 00:00:00-04:00,26.850000381469727,27.0,26.170000076293945,26.399999618530273,107400,0.0,0.0
2021-10-08 00:00:00-04:00,26.329999923706055,26.799999237060547,25.649999618530273,25.950000762939453,93400,0.0,0.0
2021-10-11 00:00:00-04:00,25.889999389648438,26.969999313354492,25.809999465942383,26.510000228881836,116400,0.0,0.0
2021-10-12 00:00:00-04:00,27.40999984741211,29.6299991607666,26.86400032043457,28.850000381469727,299600,0.0,0.0
2021-10-13 00:00:00-04:00,28.850000381469727,31.0,28.709999084472656,30.700000762939453,246400,0.0,0.0
2021-10-14 00:00:00-04:00,31.0,31.46500015258789,29.549999237060547,30.889999389648438,199200,0.0,0.0
2021-10-15 00:00:00-04:00,31.18000030517578,31.200000762939453,28.628000259399414,28.75,174900,0.0,0.0
2021-10-18 00:00:00-04:00,28.81999969482422,29.485000610351562,28.0,28.719999313354492,156600,0.0,0.0
2021-10-19 00:00:00-04:00,29.040000915527344,29.75,28.523000717163086,28.899999618530273,118700,0.0,0.0
2021-10-20 00:00:00-04:00,28.75,29.530000686645508,28.0,29.31999969482422,107300,0.0,0.0
2021-10-21 00:00:00-04:00,29.149999618530273,29.950000762939453,28.709999084472656,28.90999984741211,98000,0.0,0.0
2021-10-22 00:00:00-04:00,28.690000534057617,28.690000534057617,27.329999923706055,27.549999237060547,149500,0.0,0.0
2021-10-25 00:00:00-04:00,27.850000381469727,29.190000534057617,26.799999237060547,28.979999542236328,158300,0.0,0.0
2021-10-26 00:00:00-04:00,28.889999389648438,29.850000381469727,28.18000030517578,29.079999923706055,187500,0.0,0.0
2021-10-27 00:00:00-04:00,29.670000076293945,30.5,27.610000610351562,27.690000534057617,310200,0.0,0.0
2021-10-28 00:00:00-04:00,27.899999618530273,32.30500030517578,27.899999618530273,32.15999984741211,548100,0.0,0.0
2021-10-29 00:00:00-04:00,31.829999923706055,32.29499816894531,31.020000457763672,31.5,206900,0.0,0.0
2021-11-01 00:00:00-04:00,32.0,34.869998931884766,32.0,34.7400016784668,308800,0.0,0.0
2021-11-02 00:00:00-04:00,34.7400016784668,34.77000045776367,31.90999984741211,34.08000183105469,220700,0.0,0.0
2021-11-03 00:00:00-04:00,33.689998626708984,35.79999923706055,33.220001220703125,34.83000183105469,233100,0.0,0.0
2021-11-04 00:00:00-04:00,35.06999969482422,36.95000076293945,34.560001373291016,35.209999084472656,245000,0.0,0.0
2021-11-05 00:00:00-04:00,35.68000030517578,35.70000076293945,33.099998474121094,33.630001068115234,181300,0.0,0.0
2021-11-08 00:00:00-05:00,36.27000045776367,39.38999938964844,34.95899963378906,39.0099983215332,1152900,0.0,0.0
2021-11-09 00:00:00-05:00,39.24700164794922,39.2599983215332,34.66999816894531,36.189998626708984,511300,0.0,0.0
2021-11-10 00:00:00-05:00,34.691001892089844,35.71200180053711,32.709999084472656,34.08000183105469,424600,0.0,0.0
2021-11-11 00:00:00-05:00,35.0099983215332,35.779998779296875,33.18000030517578,33.959999084472656,384700,0.0,0.0
2021-11-12 00:00:00-05:00,33.5,35.4900016784668,31.5,32.939998626708984,516000,0.0,0.0
2021-11-15 00:00:00-05:00,33.400001525878906,34.5099983215332,32.56999969482422,34.08000183105469,327700,0.0,0.0
2021-11-16 00:00:00-05:00,33.95000076293945,33.95000076293945,30.809999465942383,31.780000686645508,350600,0.0,0.0
2021-11-17 00:00:00-05:00,31.549999237060547,32.290000915527344,30.200000762939453,30.209999084472656,218300,0.0,0.0
2021-11-18 00:00:00-05:00,30.81999969482422,30.989999771118164,27.649999618530273,28.110000610351562,388600,0.0,0.0
2021-11-19 00:00:00-05:00,27.899999618530273,29.780000686645508,27.850000381469727,29.190000534057617,264200,0.0,0.0
2021-11-22 00:00:00-05:00,29.399999618530273,30.959999084472656,27.860000610351562,28.34000015258789,233600,0.0,0.0
2021-11-23 00:00:00-05:00,28.34000015258789,29.459999084472656,26.9950008392334,28.079999923706055,208300,0.0,0.0
2021-11-24 00:00:00-05:00,27.8799991607666,28.200000762939453,26.860000610351562,27.799999237060547,122200,0.0,0.0
2021-11-26 00:00:00-05:00,26.809999465942383,27.290000915527344,25.920000076293945,26.75,155300,0.0,0.0
2021-11-29 00:00:00-05:00,27.479999542236328,27.525999069213867,25.420000076293945,26.6299991607666,201600,0.0,0.0
2021-11-30 00:00:00-05:00,26.25,27.469999313354492,25.329999923706055,26.540000915527344,203900,0.0,0.0
2021-12-01 00:00:00-05:00,27.540000915527344,27.540000915527344,23.851999282836914,23.969999313354492,326700,0.0,0.0
2021-12-02 00:00:00-05:00,24.209999084472656,24.97100067138672,23.511999130249023,24.190000534057617,234800,0.0,0.0
2021-12-03 00:00:00-05:00,24.329999923706055,24.5,21.450000762939453,21.850000381469727,368400,0.0,0.0
2021-12-06 00:00:00-05:00,22.030000686645508,24.65999984741211,21.0,23.56999969482422,315900,0.0,0.0
2021-12-07 00:00:00-05:00,24.110000610351562,25.81999969482422,24.110000610351562,25.600000381469727,304700,0.0,0.0
2021-12-08 00:00:00-05:00,25.790000915527344,25.940000534057617,24.90999984741211,25.420000076293945,141000,0.0,0.0
2021-12-09 00:00:00-05:00,25.149999618530273,25.738000869750977,23.1299991607666,23.649999618530273,154200,0.0,0.0
2021-12-10 00:00:00-05:00,24.020000457763672,24.395000457763672,22.799999237060547,23.25,154100,0.0,0.0
2021-12-13 00:00:00-05:00,22.790000915527344,23.850000381469727,22.40999984741211,22.649999618530273,185100,0.0,0.0
2021-12-14 00:00:00-05:00,22.100000381469727,22.510000228881836,21.5,22.020000457763672,256600,0.0,0.0
2021-12-15 00:00:00-05:00,21.790000915527344,22.5,20.15999984741211,22.209999084472656,344600,0.0,0.0
2021-12-16 00:00:00-05:00,23.200000762939453,23.280000686645508,20.329999923706055,20.799999237060547,243100,0.0,0.0
2021-12-17 00:00:00-05:00,20.360000610351562,21.950000762939453,19.663000106811523,21.780000686645508,671200,0.0,0.0
2021-12-20 00:00:00-05:00,20.59000015258789,21.25,19.600000381469727,20.030000686645508,454300,0.0,0.0
2021-12-21 00:00:00-05:00,20.8700008392334,21.18000030517578,19.899999618530273,20.149999618530273,394400,0.0,0.0
2021-12-22 00:00:00-05:00,20.079999923706055,21.860000610351562,19.61199951171875,20.979999542236328,689200,0.0,0.0
2021-12-23 00:00:00-05:00,21.459999084472656,22.100000381469727,20.799999237060547,21.899999618530273,581700,0.0,0.0
2021-12-27 00:00:00-05:00,21.809999465942383,21.839000701904297,20.799999237060547,21.059999465942383,364900,0.0,0.0
2021-12-28 00:00:00-05:00,20.719999313354492,20.864999771118164,19.200000762939453,19.510000228881836,566400,0.0,0.0
2021-12-29 00:00:00-05:00,19.309999465942383,19.420000076293945,18.280000686645508,18.889999389648438,491900,0.0,0.0
2021-12-30 00:00:00-05:00,18.829999923706055,20.260000228881836,18.600000381469727,20.049999237060547,1285000,0.0,0.0
2021-12-31 00:00:00-05:00,19.969999313354492,20.57900047302246,18.579999923706055,18.600000381469727,386400,0.0,0.0
2022-01-03 00:00:00-05:00,19.100000381469727,20.780000686645508,18.540000915527344,20.170000076293945,406200,0.0,0.0
2022-01-04 00:00:00-05:00,20.309999465942383,20.35700035095215,18.649999618530273,19.549999237060547,270300,0.0,0.0
2022-01-05 00:00:00-05:00,19.559999465942383,19.618000030517578,16.989999771118164,17.229999542236328,516500,0.0,0.0
2022-01-06 00:00:00-05:00,17.6200008392334,18.3799991607666,16.5,16.670000076293945,506600,0.0,0.0
2022-01-07 00:00:00-05:00,16.670000076293945,17.290000915527344,15.850000381469727,16.190000534057617,375900,0.0,0.0
2022-01-10 00:00:00-05:00,15.513999938964844,16.149999618530273,15.163999557495117,15.75,407700,0.0,0.0
2022-01-11 00:00:00-05:00,15.979999542236328,16.729999542236328,15.449999809265137,15.529999732971191,509300,0.0,0.0
2022-01-12 00:00:00-05:00,15.989999771118164,16.25,15.380000114440918,15.40999984741211,497800,0.0,0.0
2022-01-13 00:00:00-05:00,15.40999984741211,15.760000228881836,14.720000267028809,14.84000015258789,357600,0.0,0.0
2022-01-14 00:00:00-05:00,14.390000343322754,14.859999656677246,13.947999954223633,14.350000381469727,407600,0.0,0.0
2022-01-18 00:00:00-05:00,14.0,15.34000015258789,13.630000114440918,14.279999732971191,425900,0.0,0.0
2022-01-19 00:00:00-05:00,14.199999809265137,14.526000022888184,13.15999984741211,13.239999771118164,409400,0.0,0.0
2022-01-20 00:00:00-05:00,13.609999656677246,13.920000076293945,12.59000015258789,12.609999656677246,302800,0.0,0.0
2022-01-21 00:00:00-05:00,12.390000343322754,12.760000228881836,11.831000328063965,11.979999542236328,403300,0.0,0.0
2022-01-24 00:00:00-05:00,11.079999923706055,12.630000114440918,10.600000381469727,12.539999961853027,627300,0.0,0.0
2022-01-25 00:00:00-05:00,11.859999656677246,12.59000015258789,11.4399995803833,12.260000228881836,248600,0.0,0.0
2022-01-26 00:00:00-05:00,12.630000114440918,12.9399995803833,11.520000457763672,11.710000038146973,326500,0.0,0.0
2022-01-27 00:00:00-05:00,11.890000343322754,12.0600004196167,10.789999961853027,10.819999694824219,267300,0.0,0.0
2022-01-28 00:00:00-05:00,10.75,11.029999732971191,10.187999725341797,11.010000228881836,262600,0.0,0.0
2022-01-31 00:00:00-05:00,11.199999809265137,13.289999961853027,11.149999618530273,13.180000305175781,434100,0.0,0.0
2022-02-01 00:00:00-05:00,14.050000190734863,14.1899995803833,12.84000015258789,13.489999771118164,433900,0.0,0.0
2022-02-02 00:00:00-05:00,13.699999809265137,13.699999809265137,12.3100004196167,12.5600004196167,307400,0.0,0.0
2022-02-03 00:00:00-05:00,12.0,12.640000343322754,11.329999923706055,11.59000015258789,309500,0.0,0.0
2022-02-04 00:00:00-05:00,11.649999618530273,12.829999923706055,11.401000022888184,12.479999542236328,263100,0.0,0.0
2022-02-07 00:00:00-05:00,12.430000305175781,13.25,12.079999923706055,12.199999809265137,228500,0.0,0.0
2022-02-08 00:00:00-05:00,12.229999542236328,12.9399995803833,12.100000381469727,12.859999656677246,180200,0.0,0.0
2022-02-09 00:00:00-05:00,13.5,13.770000457763672,13.119999885559082,13.59000015258789,236200,0.0,0.0
2022-02-10 00:00:00-05:00,13.260000228881836,14.859999656677246,13.118000030517578,14.010000228881836,446300,0.0,0.0
2022-02-11 00:00:00-05:00,14.100000381469727,14.59000015258789,12.869999885559082,13.210000038146973,302400,0.0,0.0
2022-02-14 00:00:00-05:00,13.079999923706055,13.890000343322754,12.960000038146973,13.489999771118164,212000,0.0,0.0
2022-02-15 00:00:00-05:00,13.880000114440918,15.1899995803833,13.815999984741211,15.0600004196167,223600,0.0,0.0
2022-02-16 00:00:00-05:00,14.890000343322754,15.800000190734863,14.699999809265137,15.270000457763672,195200,0.0,0.0
2022-02-17 00:00:00-05:00,15.260000228881836,15.930000305175781,14.07699966430664,14.529999732971191,368000,0.0,0.0
2022-02-18 00:00:00-05:00,14.699999809265137,14.760000228881836,13.289999961853027,13.470000267028809,206300,0.0,0.0
2022-02-22 00:00:00-05:00,12.960000038146973,13.25,12.119999885559082,12.319999694824219,225000,0.0,0.0
2022-02-23 00:00:00-05:00,12.40999984741211,13.069999694824219,11.640000343322754,11.710000038146973,257600,0.0,0.0
2022-02-24 00:00:00-05:00,10.739999771118164,13.720000267028809,10.5,13.59000015258789,310400,0.0,0.0
2022-02-25 00:00:00-05:00,14.069999694824219,14.239999771118164,13.489999771118164,13.6899995803833,179500,0.0,0.0
2022-02-28 00:00:00-05:00,13.819999694824219,15.210000038146973,13.819999694824219,14.510000228881836,264800,0.0,0.0
2022-03-01 00:00:00-05:00,14.630000114440918,15.399999618530273,13.770000457763672,14.210000038146973,185400,0.0,0.0
2022-03-02 00:00:00-05:00,14.074000358581543,14.930000305175781,13.9399995803833,14.869999885559082,116400,0.0,0.0
2022-03-03 00:00:00-05:00,15.050000190734863,15.100000381469727,13.850000381469727,14.020000457763672,150400,0.0,0.0
2022-03-04 00:00:00-05:00,13.920000076293945,14.489999771118164,13.199999809265137,13.609999656677246,184900,0.0,0.0
2022-03-07 00:00:00-05:00,13.510000228881836,15.149999618530273,13.510000228881836,14.649999618530273,222100,0.0,0.0
2022-03-08 00:00:00-05:00,14.829999923706055,17.670000076293945,14.739999771118164,16.65999984741211,800000,0.0,0.0
2022-03-09 00:00:00-05:00,17.0,17.700000762939453,16.190000534057617,16.989999771118164,376900,0.0,0.0
2022-03-10 00:00:00-05:00,16.6200008392334,16.739999771118164,15.5600004196167,16.639999389648438,286000,0.0,0.0
2022-03-11 00:00:00-05:00,16.6299991607666,16.68000030517578,14.890000343322754,14.989999771118164,307100,0.0,0.0
2022-03-14 00:00:00-04:00,14.029999732971191,14.789999961853027,13.289999961853027,13.779999732971191,314700,0.0,0.0
2022-03-15 00:00:00-04:00,13.760000228881836,14.244999885559082,12.90999984741211,14.119999885559082,257100,0.0,0.0
2022-03-16 00:00:00-04:00,14.5,14.800000190734863,13.619999885559082,14.729999542236328,266600,0.0,0.0
2022-03-17 00:00:00-04:00,14.529999732971191,16.049999237060547,14.359999656677246,15.789999961853027,237600,0.0,0.0
2022-03-18 00:00:00-04:00,15.680000305175781,16.600000381469727,14.90999984741211,14.90999984741211,993000,0.0,0.0
2022-03-21 00:00:00-04:00,14.90999984741211,15.279999732971191,14.319999694824219,15.020000457763672,228600,0.0,0.0
2022-03-22 00:00:00-04:00,15.0,16.239999771118164,14.5600004196167,15.390000343322754,314500,0.0,0.0
2022-03-23 00:00:00-04:00,15.399999618530273,15.850000381469727,14.760000228881836,15.029999732971191,163700,0.0,0.0
2022-03-24 00:00:00-04:00,15.329999923706055,16.292999267578125,15.239999771118164,16.239999771118164,263700,0.0,0.0
2022-03-25 00:00:00-04:00,16.700000762939453,16.899999618530273,15.5,16.040000915527344,424100,0.0,0.0
2022-03-28 00:00:00-04:00,16.040000915527344,16.79199981689453,15.630000114440918,16.700000762939453,265300,0.0,0.0
2022-03-29 00:00:00-04:00,16.75,18.360000610351562,16.6200008392334,18.309999465942383,488800,0.0,0.0
2022-03-30 00:00:00-04:00,18.0,19.18000030517578,17.450000762939453,18.350000381469727,418600,0.0,0.0
2022-03-31 00:00:00-04:00,18.079999923706055,21.0,17.530000686645508,20.450000762939453,471600,0.0,0.0
2022-04-01 00:00:00-04:00,20.5,23.135000228881836,20.5,21.889999389648438,447400,0.0,0.0
2022-04-04 00:00:00-04:00,22.219999313354492,23.84000015258789,22.141000747680664,23.299999237060547,376400,0.0,0.0
2022-04-05 00:00:00-04:00,23.799999237060547,26.09000015258789,23.020000457763672,25.3700008392334,552900,0.0,0.0
2022-04-06 00:00:00-04:00,24.700000762939453,25.0,20.760000228881836,21.780000686645508,687300,0.0,0.0
2022-04-07 00:00:00-04:00,21.739999771118164,25.299999237060547,21.719999313354492,24.75,331300,0.0,0.0
2022-04-08 00:00:00-04:00,25.489999771118164,25.5,22.309999465942383,22.920000076293945,331400,0.0,0.0
2022-04-11 00:00:00-04:00,22.350000381469727,24.65999984741211,21.729999542236328,24.06999969482422,240900,0.0,0.0
2022-04-12 00:00:00-04:00,24.34000015258789,25.799999237060547,23.469999313354492,23.649999618530273,311000,0.0,0.0
2022-04-13 00:00:00-04:00,23.610000610351562,25.799999237060547,23.0,24.610000610351562,438600,0.0,0.0
2022-04-14 00:00:00-04:00,24.700000762939453,25.770000457763672,24.239999771118164,24.989999771118164,366300,0.0,0.0
2022-04-18 00:00:00-04:00,25.0,25.469999313354492,22.329999923706055,22.770000457763672,451900,0.0,0.0
2022-04-19 00:00:00-04:00,22.829999923706055,23.899999618530273,22.0,22.170000076293945,261800,0.0,0.0
2022-04-20 00:00:00-04:00,22.139999389648438,22.170000076293945,18.292999267578125,18.979999542236328,508300,0.0,0.0
2022-04-21 00:00:00-04:00,19.549999237060547,19.979999542236328,17.09000015258789,17.25,311400,0.0,0.0
2022-04-22 00:00:00-04:00,17.010000228881836,17.969999313354492,16.040000915527344,17.170000076293945,223800,0.0,0.0
2022-04-25 00:00:00-04:00,16.84000015258789,17.5,16.547000885009766,17.149999618530273,149000,0.0,0.0
2022-04-26 00:00:00-04:00,16.809999465942383,16.959999084472656,15.369999885559082,15.720000267028809,236400,0.0,0.0
2022-04-27 00:00:00-04:00,16.010000228881836,16.799999237060547,15.329999923706055,16.059999465942383,288100,0.0,0.0
2022-04-28 00:00:00-04:00,16.059999465942383,16.190000534057617,14.3149995803833,15.680000305175781,233500,0.0,0.0
2022-04-29 00:00:00-04:00,15.4399995803833,16.469999313354492,15.350000381469727,15.4399995803833,184700,0.0,0.0
2022-05-02 00:00:00-04:00,15.649999618530273,16.40999984741211,15.149999618530273,16.3700008392334,200700,0.0,0.0
2022-05-03 00:00:00-04:00,16.670000076293945,18.020000457763672,16.0,17.34000015258789,243500,0.0,0.0
2022-05-04 00:00:00-04:00,17.549999237060547,19.219999313354492,16.75,19.149999618530273,251700,0.0,0.0
2022-05-05 00:00:00-04:00,20.020000457763672,20.229999542236328,17.510000228881836,18.09000015258789,218800,0.0,0.0
2022-05-06 00:00:00-04:00,18.1200008392334,18.68000030517578,17.200000762939453,18.31999969482422,196000,0.0,0.0
2022-05-09 00:00:00-04:00,17.43000030517578,18.200000762939453,17.229999542236328,17.84000015258789,186700,0.0,0.0
2022-05-10 00:00:00-04:00,18.260000228881836,18.84000015258789,16.860000610351562,17.700000762939453,230500,0.0,0.0
2022-05-11 00:00:00-04:00,17.389999389648438,17.780000686645508,14.9399995803833,14.949999809265137,213400,0.0,0.0
2022-05-12 00:00:00-04:00,14.5,15.5600004196167,13.5,14.300000190734863,209700,0.0,0.0
2022-05-13 00:00:00-04:00,15.010000228881836,16.291000366210938,14.510000228881836,15.319999694824219,145700,0.0,0.0
2022-05-16 00:00:00-04:00,15.119999885559082,16.170000076293945,14.720000267028809,14.9399995803833,134800,0.0,0.0
2022-05-17 00:00:00-04:00,15.399999618530273,16.013999938964844,14.510000228881836,15.539999961853027,186400,0.0,0.0
2022-05-18 00:00:00-04:00,15.130000114440918,15.99899959564209,14.029999732971191,14.369999885559082,138200,0.0,0.0
2022-05-19 00:00:00-04:00,14.100000381469727,15.125,13.890000343322754,14.25,103000,0.0,0.0
2022-05-20 00:00:00-04:00,14.279999732971191,14.380000114440918,12.95199966430664,13.539999961853027,259500,0.0,0.0
2022-05-23 00:00:00-04:00,13.710000038146973,13.960000038146973,12.899999618530273,13.489999771118164,134800,0.0,0.0
2022-05-24 00:00:00-04:00,13.130000114440918,13.274999618530273,12.347999572753906,12.6899995803833,112000,0.0,0.0
2022-05-25 00:00:00-04:00,12.430000305175781,14.019000053405762,12.430000305175781,13.859999656677246,183500,0.0,0.0
2022-05-26 00:00:00-04:00,13.720000267028809,14.829999923706055,13.5,14.329999923706055,98900,0.0,0.0
2022-05-27 00:00:00-04:00,14.369999885559082,15.5,14.3100004196167,14.770000457763672,210400,0.0,0.0
2022-05-31 00:00:00-04:00,15.0,15.579999923706055,14.199999809265137,14.289999961853027,124400,0.0,0.0
2022-06-01 00:00:00-04:00,14.25,14.817999839782715,13.010000228881836,13.15999984741211,159300,0.0,0.0
2022-06-02 00:00:00-04:00,13.300000190734863,15.010000228881836,13.15999984741211,14.779999732971191,162600,0.0,0.0
2022-06-03 00:00:00-04:00,14.270000457763672,15.199999809265137,13.869999885559082,14.920000076293945,162600,0.0,0.0
2022-06-06 00:00:00-04:00,15.479999542236328,15.8100004196167,14.9399995803833,15.670000076293945,175800,0.0,0.0
2022-06-07 00:00:00-04:00,15.5,16.3799991607666,15.300000190734863,16.360000610351562,121700,0.0,0.0
2022-06-08 00:00:00-04:00,16.25,17.0,15.949999809265137,16.860000610351562,141300,0.0,0.0
2022-06-09 00:00:00-04:00,16.530000686645508,19.329999923706055,16.200000762939453,19.260000228881836,220500,0.0,0.0
2022-06-10 00:00:00-04:00,18.68000030517578,18.81999969482422,16.1299991607666,16.670000076293945,253300,0.0,0.0
2022-06-13 00:00:00-04:00,15.180000305175781,15.4399995803833,14.15999984741211,14.930000305175781,243400,0.0,0.0
2022-06-14 00:00:00-04:00,15.0,16.19700050354004,14.0600004196167,14.170000076293945,131800,0.0,0.0
2022-06-15 00:00:00-04:00,14.170000076293945,14.819999694824219,13.90999984741211,14.609999656677246,162500,0.0,0.0
2022-06-16 00:00:00-04:00,14.109999656677246,14.256999969482422,13.182999610900879,13.600000381469727,126600,0.0,0.0
2022-06-17 00:00:00-04:00,14.039999961853027,16.440000534057617,13.899999618530273,15.34000015258789,274400,0.0,0.0
2022-06-21 00:00:00-04:00,15.729999542236328,16.079999923706055,14.819999694824219,15.09000015258789,254800,0.0,0.0
2022-06-22 00:00:00-04:00,14.65999984741211,16.204999923706055,14.65999984741211,16.09000015258789,186000,0.0,0.0
2022-06-23 00:00:00-04:00,16.020000457763672,17.815000534057617,15.649999618530273,17.75,237100,0.0,0.0
2022-06-24 00:00:00-04:00,17.799999237060547,18.5,16.6299991607666,17.219999313354492,1220100,0.0,0.0
2022-06-27 00:00:00-04:00,17.100000381469727,17.386999130249023,14.720000267028809,15.470000267028809,261400,0.0,0.0
2022-06-28 00:00:00-04:00,15.800000190734863,16.172000885009766,14.779999732971191,14.869999885559082,177500,0.0,0.0
2022-06-29 00:00:00-04:00,15.0,15.369999885559082,13.859999656677246,14.170000076293945,340200,0.0,0.0
2022-06-30 00:00:00-04:00,13.84000015258789,15.529999732971191,13.425000190734863,15.520000457763672,197200,0.0,0.0
2022-07-01 00:00:00-04:00,15.359999656677246,15.90999984741211,13.930000305175781,14.140000343322754,129400,0.0,0.0
2022-07-05 00:00:00-04:00,13.960000038146973,14.630000114440918,13.826000213623047,14.3100004196167,134100,0.0,0.0
2022-07-06 00:00:00-04:00,14.569999694824219,14.670000076293945,13.829999923706055,14.199999809265137,79500,0.0,0.0
2022-07-07 00:00:00-04:00,14.270000457763672,15.140000343322754,14.210000038146973,14.579999923706055,129300,0.0,0.0
2022-07-08 00:00:00-04:00,14.34000015258789,15.430000305175781,14.229999542236328,14.319999694824219,97700,0.0,0.0
2022-07-11 00:00:00-04:00,14.3100004196167,14.369999885559082,13.65999984741211,14.130000114440918,105000,0.0,0.0
2022-07-12 00:00:00-04:00,14.119999885559082,14.75,13.479999542236328,13.529999732971191,123700,0.0,0.0
2022-07-13 00:00:00-04:00,13.25,13.657999992370605,13.119999885559082,13.399999618530273,110200,0.0,0.0
2022-07-14 00:00:00-04:00,13.1899995803833,13.722999572753906,13.050000190734863,13.569999694824219,93300,0.0,0.0
2022-07-15 00:00:00-04:00,13.380000114440918,13.550000190734863,12.899999618530273,13.390000343322754,103000,0.0,0.0
2022-07-18 00:00:00-04:00,13.579999923706055,13.970000267028809,13.510000228881836,13.539999961853027,121500,0.0,0.0
2022-07-19 00:00:00-04:00,13.800000190734863,13.90999984741211,13.25,13.420000076293945,127000,0.0,0.0
2022-07-20 00:00:00-04:00,13.5600004196167,14.1899995803833,13.5,13.84000015258789,151600,0.0,0.0
2022-07-21 00:00:00-04:00,13.800000190734863,13.850000381469727,13.300999641418457,13.6899995803833,102100,0.0,0.0
2022-07-22 00:00:00-04:00,13.699999809265137,13.710000038146973,12.710000038146973,13.069999694824219,205600,0.0,0.0
2022-07-25 00:00:00-04:00,13.020000457763672,13.460000038146973,12.75,13.140000343322754,82500,0.0,0.0
2022-07-26 00:00:00-04:00,13.25,13.5,12.873000144958496,13.5,100900,0.0,0.0
2022-07-27 00:00:00-04:00,13.640000343322754,13.819999694824219,13.100000381469727,13.470000267028809,94900,0.0,0.0
2022-07-28 00:00:00-04:00,14.199999809265137,15.350000381469727,14.0,14.90999984741211,330900,0.0,0.0
2022-07-29 00:00:00-04:00,14.9399995803833,16.200000762939453,14.65999984741211,15.779999732971191,204700,0.0,0.0
2022-08-01 00:00:00-04:00,15.600000381469727,15.699999809265137,14.050000190734863,14.210000038146973,244800,0.0,0.0
2022-08-02 00:00:00-04:00,14.180000305175781,15.899999618530273,14.0,15.319999694824219,167400,0.0,0.0
2022-08-03 00:00:00-04:00,15.319999694824219,16.200000762939453,15.149999618530273,16.18000030517578,175300,0.0,0.0
2022-08-04 00:00:00-04:00,16.1299991607666,16.579999923706055,15.4399995803833,15.609999656677246,124500,0.0,0.0
2022-08-05 00:00:00-04:00,15.579999923706055,16.270000457763672,15.33899974822998,15.40999984741211,152200,0.0,0.0
2022-08-08 00:00:00-04:00,16.200000762939453,17.829999923706055,16.200000762939453,17.020000457763672,271700,0.0,0.0
2022-08-09 00:00:00-04:00,16.510000228881836,16.610000610351562,15.510000228881836,15.6899995803833,169500,0.0,0.0
2022-08-10 00:00:00-04:00,16.239999771118164,16.93000030517578,15.649999618530273,16.65999984741211,204600,0.0,0.0
2022-08-11 00:00:00-04:00,16.950000762939453,17.459999084472656,15.73799991607666,15.869999885559082,240200,0.0,0.0
2022-08-12 00:00:00-04:00,16.06999969482422,17.950000762939453,15.25,17.829999923706055,359800,0.0,0.0
2022-08-15 00:00:00-04:00,17.010000228881836,17.600000381469727,16.25,17.139999389648438,254100,0.0,0.0
2022-08-16 00:00:00-04:00,17.010000228881836,17.020000457763672,16.100000381469727,16.520000457763672,145100,0.0,0.0
2022-08-17 00:00:00-04:00,16.459999084472656,16.459999084472656,15.710000038146973,15.789999961853027,105200,0.0,0.0
2022-08-18 00:00:00-04:00,15.800000190734863,15.970000267028809,15.600000381469727,15.859999656677246,88800,0.0,0.0
2022-08-19 00:00:00-04:00,15.350000381469727,15.491000175476074,15.029999732971191,15.109999656677246,130100,0.0,0.0
2022-08-22 00:00:00-04:00,15.0,15.199999809265137,14.529999732971191,15.199999809265137,224200,0.0,0.0
2022-08-23 00:00:00-04:00,15.25,15.479999542236328,14.760000228881836,15.079999923706055,75600,0.0,0.0
2022-08-24 00:00:00-04:00,15.180000305175781,15.5,15.0,15.130000114440918,76800,0.0,0.0
2022-08-25 00:00:00-04:00,15.489999771118164,15.489999771118164,14.859999656677246,14.930000305175781,53200,0.0,0.0
2022-08-26 00:00:00-04:00,14.960000038146973,14.961999893188477,14.069999694824219,14.15999984741211,87900,0.0,0.0
2022-08-29 00:00:00-04:00,14.0,14.510000228881836,14.0,14.369999885559082,54100,0.0,0.0
2022-08-30 00:00:00-04:00,15.229999542236328,15.229999542236328,14.100000381469727,14.789999961853027,85100,0.0,0.0
2022-08-31 00:00:00-04:00,14.739999771118164,15.039999961853027,14.399999618530273,14.670000076293945,54300,0.0,0.0
2022-09-01 00:00:00-04:00,14.65999984741211,14.65999984741211,13.609999656677246,14.329999923706055,89200,0.0,0.0
2022-09-02 00:00:00-04:00,14.329999923706055,14.432000160217285,13.710000038146973,13.880000114440918,81700,0.0,0.0
2022-09-06 00:00:00-04:00,13.829999923706055,13.89799976348877,13.130000114440918,13.399999618530273,96300,0.0,0.0
2022-09-07 00:00:00-04:00,13.199999809265137,14.15999984741211,13.199999809265137,14.100000381469727,79200,0.0,0.0
2022-09-08 00:00:00-04:00,13.859999656677246,14.274999618530273,13.723999977111816,13.920000076293945,58400,0.0,0.0
2022-09-09 00:00:00-04:00,14.029999732971191,14.350000381469727,13.699999809265137,13.819999694824219,79800,0.0,0.0
2022-09-12 00:00:00-04:00,14.100000381469727,14.15999984741211,12.75,13.760000228881836,177600,0.0,0.0
2022-09-13 00:00:00-04:00,13.300000190734863,14.0600004196167,13.123000144958496,13.8100004196167,95700,0.0,0.0
2022-09-14 00:00:00-04:00,13.649999618530273,14.640000343322754,13.329999923706055,14.069999694824219,140300,0.0,0.0
2022-09-15 00:00:00-04:00,14.100000381469727,14.859999656677246,14.052000045776367,14.229999542236328,74700,0.0,0.0
2022-09-16 00:00:00-04:00,14.0,14.6899995803833,13.760000228881836,14.670000076293945,111400,0.0,0.0
2022-09-19 00:00:00-04:00,14.479999542236328,15.020000457763672,14.411999702453613,14.680000305175781,83500,0.0,0.0
2022-09-20 00:00:00-04:00,14.628000259399414,14.628000259399414,13.380000114440918,13.449999809265137,110400,0.0,0.0
2022-09-21 00:00:00-04:00,13.399999618530273,14.050000190734863,12.899999618530273,12.90999984741211,140600,0.0,0.0
2022-09-22 00:00:00-04:00,12.930000305175781,13.479999542236328,12.375,13.390000343322754,115100,0.0,0.0
2022-09-23 00:00:00-04:00,12.859999656677246,13.34000015258789,12.0,12.359999656677246,132900,0.0,0.0
2022-09-26 00:00:00-04:00,12.260000228881836,12.859999656677246,12.005000114440918,12.3100004196167,70300,0.0,0.0
2022-09-27 00:00:00-04:00,12.380000114440918,12.989999771118164,12.380000114440918,12.779999732971191,63100,0.0,0.0
2022-09-28 00:00:00-04:00,12.9399995803833,13.329999923706055,12.760000228881836,13.140000343322754,43200,0.0,0.0
2022-09-29 00:00:00-04:00,12.850000381469727,12.850000381469727,12.0,12.199999809265137,187200,0.0,0.0
2022-09-30 00:00:00-04:00,12.010000228881836,12.859999656677246,12.010000228881836,12.199999809265137,48300,0.0,0.0
2022-10-03 00:00:00-04:00,12.180000305175781,12.869999885559082,12.0,12.5,63400,0.0,0.0
2022-10-04 00:00:00-04:00,13.0,13.699999809265137,12.550000190734863,13.0600004196167,89100,0.0,0.0
2022-10-05 00:00:00-04:00,13.029999732971191,13.029999732971191,12.149999618530273,12.579999923706055,61500,0.0,0.0
2022-10-06 00:00:00-04:00,12.899999618530273,13.260000228881836,12.260000228881836,12.300000190734863,71200,0.0,0.0
2022-10-07 00:00:00-04:00,12.119999885559082,12.319999694824219,11.970000267028809,12.180000305175781,116600,0.0,0.0
2022-10-10 00:00:00-04:00,12.069999694824219,12.119999885559082,11.170000076293945,11.649999618530273,82600,0.0,0.0
2022-10-11 00:00:00-04:00,11.380000114440918,11.920000076293945,10.979999542236328,11.489999771118164,54700,0.0,0.0
2022-10-12 00:00:00-04:00,11.430000305175781,11.649999618530273,11.109999656677246,11.319999694824219,49900,0.0,0.0
2022-10-13 00:00:00-04:00,10.979999542236328,11.35200023651123,10.604999542236328,11.0,98100,0.0,0.0
2022-10-14 00:00:00-04:00,11.09000015258789,11.387999534606934,10.270000457763672,10.350000381469727,71100,0.0,0.0
2022-10-17 00:00:00-04:00,10.65999984741211,10.800000190734863,10.5,10.539999961853027,36000,0.0,0.0
2022-10-18 00:00:00-04:00,10.949999809265137,11.175000190734863,10.569999694824219,10.579999923706055,37000,0.0,0.0
2022-10-19 00:00:00-04:00,10.59000015258789,10.8100004196167,10.420000076293945,10.430000305175781,39300,0.0,0.0
2022-10-20 00:00:00-04:00,10.729999542236328,10.807999610900879,9.859999656677246,9.920000076293945,117000,0.0,0.0
2022-10-21 00:00:00-04:00,9.760000228881836,9.859999656677246,9.149999618530273,9.380000114440918,166400,0.0,0.0
2022-10-24 00:00:00-04:00,9.420000076293945,10.640000343322754,8.899999618530273,10.539999961853027,204900,0.0,0.0
2022-10-25 00:00:00-04:00,10.470000267028809,12.600000381469727,10.470000267028809,12.010000228881836,236200,0.0,0.0
2022-10-26 00:00:00-04:00,11.850000381469727,13.050000190734863,11.3100004196167,11.449999809265137,196400,0.0,0.0
2022-10-27 00:00:00-04:00,11.770000457763672,12.010000228881836,11.0600004196167,11.079999923706055,78500,0.0,0.0
2022-10-28 00:00:00-04:00,11.140000343322754,11.819999694824219,11.029999732971191,11.550000190734863,73100,0.0,0.0
2022-10-31 00:00:00-04:00,11.279999732971191,12.979999542236328,11.199999809265137,12.550000190734863,94000,0.0,0.0
2022-11-01 00:00:00-04:00,13.010000228881836,13.109999656677246,12.109999656677246,12.279999732971191,62300,0.0,0.0
2022-11-02 00:00:00-04:00,12.210000038146973,12.609999656677246,11.670000076293945,11.84000015258789,82300,0.0,0.0
2022-11-03 00:00:00-04:00,11.979999542236328,12.9399995803833,11.670000076293945,12.819999694824219,91000,0.0,0.0
2022-11-04 00:00:00-04:00,12.930000305175781,13.069999694824219,12.079999923706055,12.869999885559082,122000,0.0,0.0
2022-11-07 00:00:00-05:00,13.069999694824219,13.069999694824219,12.069999694824219,12.770000457763672,77100,0.0,0.0
2022-11-08 00:00:00-05:00,12.850000381469727,12.850000381469727,12.09000015258789,12.350000381469727,52100,0.0,0.0
2022-11-09 00:00:00-05:00,12.260000228881836,12.420000076293945,11.850000381469727,12.079999923706055,61100,0.0,0.0
2022-11-10 00:00:00-05:00,12.65999984741211,13.329999923706055,12.380000114440918,13.050000190734863,247600,0.0,0.0
2022-11-11 00:00:00-05:00,14.5600004196167,16.299999237060547,13.64900016784668,15.640000343322754,442100,0.0,0.0
2022-11-14 00:00:00-05:00,17.1200008392334,17.200000762939453,15.640000343322754,15.75,362600,0.0,0.0
2022-11-15 00:00:00-05:00,16.700000762939453,17.399999618530273,15.899999618530273,16.8700008392334,279200,0.0,0.0
2022-11-16 00:00:00-05:00,16.8799991607666,17.149999618530273,15.600000381469727,16.489999771118164,164100,0.0,0.0
2022-11-17 00:00:00-05:00,16.299999237060547,18.5,15.967000007629395,17.799999237060547,404400,0.0,0.0
2022-11-18 00:00:00-05:00,18.149999618530273,18.149999618530273,16.940000534057617,17.15999984741211,149500,0.0,0.0
2022-11-21 00:00:00-05:00,16.93000030517578,16.959999084472656,15.906000137329102,16.639999389648438,162500,0.0,0.0
2022-11-22 00:00:00-05:00,16.649999618530273,17.8799991607666,16.530000686645508,17.860000610351562,174200,0.0,0.0
2022-11-23 00:00:00-05:00,17.75,18.179000854492188,16.899999618530273,17.34000015258789,159500,0.0,0.0
2022-11-25 00:00:00-05:00,17.68000030517578,18.240999221801758,17.510000228881836,18.110000610351562,107200,0.0,0.0
2022-11-28 00:00:00-05:00,18.200000762939453,19.700000762939453,16.649999618530273,19.3799991607666,1091400,0.0,0.0
2022-11-29 00:00:00-05:00,20.0,20.329999923706055,18.309999465942383,18.739999771118164,407900,0.0,0.0
2022-11-30 00:00:00-05:00,19.18000030517578,19.5,18.350000381469727,19.149999618530273,236100,0.0,0.0
2022-12-01 00:00:00-05:00,19.239999771118164,19.239999771118164,17.290000915527344,18.09000015258789,338000,0.0,0.0
2022-12-02 00:00:00-05:00,17.989999771118164,19.888999938964844,17.702999114990234,19.700000762939453,316900,0.0,0.0
2022-12-05 00:00:00-05:00,19.5,21.0,18.940000534057617,20.1299991607666,287700,0.0,0.0
2022-12-06 00:00:00-05:00,20.0,20.25,18.889999389648438,19.469999313354492,152100,0.0,0.0
2022-12-07 00:00:00-05:00,19.530000686645508,20.000999450683594,19.0,19.100000381469727,125200,0.0,0.0
2022-12-08 00:00:00-05:00,19.280000686645508,21.18000030517578,19.010000228881836,20.90999984741211,221000,0.0,0.0
2022-12-09 00:00:00-05:00,20.760000228881836,21.583999633789062,19.270000457763672,19.309999465942383,218200,0.0,0.0
2022-12-12 00:00:00-05:00,19.06999969482422,19.940000534057617,18.020000457763672,18.8700008392334,225000,0.0,0.0
2022-12-13 00:00:00-05:00,19.34000015258789,19.617000579833984,18.010000228881836,18.06999969482422,248700,0.0,0.0
2022-12-14 00:00:00-05:00,18.149999618530273,18.71500015258789,17.889999389648438,18.030000686645508,145000,0.0,0.0
2022-12-15 00:00:00-05:00,18.100000381469727,19.510000228881836,18.100000381469727,18.649999618530273,174200,0.0,0.0
2022-12-16 00:00:00-05:00,18.469999313354492,20.350000381469727,18.260000228881836,19.399999618530273,259900,0.0,0.0
2022-12-19 00:00:00-05:00,19.8799991607666,19.8799991607666,17.479999542236328,17.850000381469727,189000,0.0,0.0
2022-12-20 00:00:00-05:00,17.479999542236328,17.850000381469727,16.55500030517578,16.649999618530273,198000,0.0,0.0
2022-12-21 00:00:00-05:00,16.709999084472656,17.270000457763672,16.25,16.59000015258789,143200,0.0,0.0
2022-12-22 00:00:00-05:00,16.15999984741211,16.15999984741211,14.84000015258789,16.040000915527344,229900,0.0,0.0
2022-12-23 00:00:00-05:00,15.770000457763672,16.170000076293945,15.239999771118164,15.960000038146973,162300,0.0,0.0
2022-12-27 00:00:00-05:00,15.850000381469727,16.010000228881836,15.010000228881836,15.420000076293945,138300,0.0,0.0
2022-12-28 00:00:00-05:00,15.229999542236328,15.600000381469727,14.5,15.34000015258789,194000,0.0,0.0
2022-12-29 00:00:00-05:00,15.399999618530273,16.40999984741211,15.260000228881836,16.40999984741211,359500,0.0,0.0
2022-12-30 00:00:00-05:00,16.43000030517578,17.739999771118164,16.15999984741211,17.469999313354492,230100,0.0,0.0
2023-01-03 00:00:00-05:00,17.959999084472656,17.979999542236328,15.78499984741211,16.469999313354492,201700,0.0,0.0
2023-01-04 00:00:00-05:00,16.350000381469727,17.25,15.930000305175781,17.1200008392334,135400,0.0,0.0
2023-01-05 00:00:00-05:00,16.709999084472656,17.059999465942383,16.239999771118164,16.940000534057617,74200,0.0,0.0
2023-01-06 00:00:00-05:00,16.989999771118164,17.489999771118164,16.399999618530273,16.530000686645508,117100,0.0,0.0
2023-01-09 00:00:00-05:00,16.600000381469727,17.155000686645508,16.1299991607666,16.239999771118164,119900,0.0,0.0
2023-01-10 00:00:00-05:00,16.360000610351562,17.75,16.187000274658203,17.639999389648438,148300,0.0,0.0
2023-01-11 00:00:00-05:00,17.90999984741211,18.299999237060547,17.104999542236328,17.469999313354492,153700,0.0,0.0
2023-01-12 00:00:00-05:00,17.399999618530273,17.799999237060547,17.219999313354492,17.700000762939453,75600,0.0,0.0
2023-01-13 00:00:00-05:00,17.190000534057617,17.68000030517578,17.0,17.549999237060547,129000,0.0,0.0
2023-01-17 00:00:00-05:00,17.399999618530273,18.649999618530273,17.1299991607666,18.299999237060547,164800,0.0,0.0
2023-01-18 00:00:00-05:00,18.489999771118164,18.889999389648438,17.81999969482422,17.860000610351562,75700,0.0,0.0
2023-01-19 00:00:00-05:00,17.399999618530273,17.655000686645508,17.09000015258789,17.520000457763672,96500,0.0,0.0
2023-01-20 00:00:00-05:00,17.729999542236328,18.22100067138672,17.709999084472656,17.8799991607666,83100,0.0,0.0
2023-01-23 00:00:00-05:00,18.0,18.75,17.649999618530273,18.170000076293945,83400,0.0,0.0
2023-01-24 00:00:00-05:00,18.280000686645508,18.40999984741211,17.68000030517578,17.709999084472656,61900,0.0,0.0
2023-01-25 00:00:00-05:00,17.649999618530273,18.149999618530273,17.28700065612793,18.0,83200,0.0,0.0
2023-01-26 00:00:00-05:00,18.200000762939453,18.283000946044922,17.625,17.809999465942383,58000,0.0,0.0
2023-01-27 00:00:00-05:00,17.59000015258789,18.885000228881836,17.5,18.239999771118164,120300,0.0,0.0
2023-01-30 00:00:00-05:00,17.8700008392334,18.649999618530273,17.1299991607666,17.5,113900,0.0,0.0
2023-01-31 00:00:00-05:00,17.690000534057617,17.815000534057617,17.280000686645508,17.40999984741211,79400,0.0,0.0
2023-02-01 00:00:00-05:00,17.34000015258789,18.09000015258789,17.040000915527344,17.770000457763672,99100,0.0,0.0
2023-02-02 00:00:00-05:00,18.059999465942383,18.469999313354492,16.905000686645508,17.6299991607666,172400,0.0,0.0
2023-02-03 00:00:00-05:00,17.25,17.88800048828125,17.0,17.31999969482422,100200,0.0,0.0
2023-02-06 00:00:00-05:00,17.219999313354492,17.75,17.010000228881836,17.389999389648438,70500,0.0,0.0
2023-02-07 00:00:00-05:00,17.290000915527344,17.50200080871582,16.631999969482422,17.040000915527344,91500,0.0,0.0
2023-02-08 00:00:00-05:00,17.110000610351562,17.6200008392334,16.700000762939453,16.850000381469727,105300,0.0,0.0
2023-02-09 00:00:00-05:00,17.010000228881836,17.280000686645508,16.639999389648438,16.8700008392334,73300,0.0,0.0
2023-02-10 00:00:00-05:00,16.6200008392334,17.0,16.25,16.739999771118164,88800,0.0,0.0
2023-02-13 00:00:00-05:00,17.209999084472656,17.209999084472656,16.540000915527344,16.6299991607666,99700,0.0,0.0
2023-02-14 00:00:00-05:00,17.010000228881836,17.270000457763672,16.510000228881836,16.760000228881836,65200,0.0,0.0
2023-02-15 00:00:00-05:00,16.540000915527344,17.315000534057617,16.479999542236328,17.0,67600,0.0,0.0
2023-02-16 00:00:00-05:00,16.889999389648438,17.149999618530273,16.299999237060547,16.299999237060547,104400,0.0,0.0
2023-02-17 00:00:00-05:00,16.1299991607666,16.239999771118164,15.600000381469727,15.859999656677246,153400,0.0,0.0
2023-02-21 00:00:00-05:00,16.049999237060547,17.290000915527344,16.049999237060547,16.450000762939453,213300,0.0,0.0
2023-02-22 00:00:00-05:00,16.5,16.635000228881836,15.885000228881836,16.5,161900,0.0,0.0
2023-02-23 00:00:00-05:00,16.639999389648438,17.110000610351562,16.520000457763672,17.0,82400,0.0,0.0
2023-02-24 00:00:00-05:00,16.6299991607666,16.799999237060547,16.360000610351562,16.540000915527344,80500,0.0,0.0
2023-02-27 00:00:00-05:00,16.65999984741211,16.856000900268555,16.31999969482422,16.43000030517578,62600,0.0,0.0
2023-02-28 00:00:00-05:00,16.84000015258789,17.149999618530273,16.389999389648438,16.8799991607666,92500,0.0,0.0
2023-03-01 00:00:00-05:00,16.969999313354492,17.059999465942383,16.327999114990234,16.399999618530273,99500,0.0,0.0
2023-03-02 00:00:00-05:00,16.229999542236328,16.520000457763672,15.90999984741211,16.3799991607666,65700,0.0,0.0
2023-03-03 00:00:00-05:00,16.3799991607666,16.905000686645508,16.360000610351562,16.690000534057617,71700,0.0,0.0
2023-03-06 00:00:00-05:00,16.729999542236328,16.84000015258789,16.200000762939453,16.229999542236328,41200,0.0,0.0
2023-03-07 00:00:00-05:00,16.239999771118164,16.68000030517578,16.059999465942383,16.299999237060547,57200,0.0,0.0
2023-03-08 00:00:00-05:00,16.290000915527344,16.329999923706055,15.729999542236328,16.18000030517578,117100,0.0,0.0
2023-03-09 00:00:00-05:00,16.18000030517578,16.389999389648438,15.239999771118164,15.510000228881836,222700,0.0,0.0
2023-03-10 00:00:00-05:00,15.449999809265137,15.479999542236328,14.25,14.369999885559082,284200,0.0,0.0
2023-03-13 00:00:00-04:00,14.130000114440918,14.550000190734863,13.770000457763672,14.300000190734863,111300,0.0,0.0
2023-03-14 00:00:00-04:00,14.390000343322754,14.899999618530273,14.079999923706055,14.529999732971191,77100,0.0,0.0
2023-03-15 00:00:00-04:00,14.210000038146973,14.640000343322754,13.319999694824219,13.470000267028809,153300,0.0,0.0
2023-03-16 00:00:00-04:00,13.3100004196167,14.699999809265137,13.149999618530273,14.489999771118164,109300,0.0,0.0
2023-03-17 00:00:00-04:00,14.569999694824219,14.979999542236328,14.34000015258789,14.920000076293945,188900,0.0,0.0
2023-03-20 00:00:00-04:00,14.84000015258789,14.890000343322754,14.260000228881836,14.260000228881836,62800,0.0,0.0
2023-03-21 00:00:00-04:00,14.529999732971191,15.149999618530273,14.460000038146973,14.720000267028809,90600,0.0,0.0
2023-03-22 00:00:00-04:00,14.75,15.180000305175781,14.5,14.5,79600,0.0,0.0
2023-03-23 00:00:00-04:00,15.5,17.190000534057617,15.390000343322754,16.09000015258789,291700,0.0,0.0
2023-03-24 00:00:00-04:00,16.1299991607666,16.350000381469727,15.65999984741211,16.030000686645508,116000,0.0,0.0
2023-03-27 00:00:00-04:00,15.850000381469727,16.40999984741211,15.529999732971191,16.06999969482422,96600,0.0,0.0
2023-03-28 00:00:00-04:00,15.930000305175781,16.25,15.779999732971191,16.020000457763672,59500,0.0,0.0
2023-03-29 00:00:00-04:00,16.219999313354492,16.959999084472656,15.760000228881836,16.704999923706055,252500,0.0,0.0
2023-03-30 00:00:00-04:00,17.020000457763672,17.139999389648438,14.329999923706055,14.470000267028809,330200,0.0,0.0
2023-03-31 00:00:00-04:00,14.5600004196167,16.184999465942383,14.5,15.90999984741211,172600,0.0,0.0
2023-04-03 00:00:00-04:00,15.869999885559082,16.170000076293945,14.670000076293945,14.829999923706055,107300,0.0,0.0
2023-04-04 00:00:00-04:00,14.920000076293945,15.020000457763672,13.960000038146973,14.0600004196167,107600,0.0,0.0
2023-04-05 00:00:00-04:00,14.039999961853027,14.09000015258789,12.779999732971191,12.779999732971191,199500,0.0,0.0
2023-04-06 00:00:00-04:00,12.720000267028809,12.760000228881836,12.079999923706055,12.170000076293945,207800,0.0,0.0
2023-04-10 00:00:00-04:00,12.149999618530273,12.869999885559082,12.119999885559082,12.3100004196167,174600,0.0,0.0
2023-04-11 00:00:00-04:00,12.680000305175781,12.739999771118164,12.095000267028809,12.1899995803833,130700,0.0,0.0
2023-04-12 00:00:00-04:00,12.279999732971191,12.869999885559082,11.824999809265137,11.880000114440918,124100,0.0,0.0
2023-04-13 00:00:00-04:00,11.920000076293945,12.319999694824219,11.751999855041504,12.079999923706055,150700,0.0,0.0
2023-04-14 00:00:00-04:00,11.9399995803833,12.1899995803833,11.390000343322754,11.430000305175781,148300,0.0,0.0
2023-04-17 00:00:00-04:00,11.4399995803833,11.800000190734863,11.045000076293945,11.180000305175781,155300,0.0,0.0
2023-04-18 00:00:00-04:00,11.289999961853027,11.489999771118164,10.880000114440918,10.9399995803833,157300,0.0,0.0
2023-04-19 00:00:00-04:00,10.84000015258789,11.020000457763672,10.449999809265137,10.920000076293945,154800,0.0,0.0
2023-04-20 00:00:00-04:00,10.680000305175781,10.85200023651123,10.020000457763672,10.050000190734863,167100,0.0,0.0
2023-04-21 00:00:00-04:00,10.029999732971191,10.350000381469727,9.800000190734863,10.109999656677246,199600,0.0,0.0
2023-04-24 00:00:00-04:00,10.0600004196167,10.34000015258789,9.720000267028809,10.039999961853027,127600,0.0,0.0
2023-04-25 00:00:00-04:00,10.010000228881836,10.149999618530273,9.710000038146973,9.729999542236328,118300,0.0,0.0
2023-04-26 00:00:00-04:00,9.819999694824219,9.9399995803833,9.210000038146973,9.260000228881836,142300,0.0,0.0
2023-04-27 00:00:00-04:00,9.350000381469727,9.5600004196167,9.210000038146973,9.260000228881836,117400,0.0,0.0
2023-04-28 00:00:00-04:00,9.149999618530273,9.270000457763672,8.829999923706055,8.920000076293945,184300,0.0,0.0
2023-05-01 00:00:00-04:00,9.0,9.09000015258789,8.760000228881836,8.789999961853027,101600,0.0,0.0
2023-05-02 00:00:00-04:00,8.729999542236328,8.949999809265137,8.510000228881836,8.619999885559082,115700,0.0,0.0
2023-05-03 00:00:00-04:00,8.649999618530273,9.305000305175781,8.597000122070312,9.029999732971191,157300,0.0,0.0
2023-05-04 00:00:00-04:00,8.989999771118164,9.170000076293945,8.800000190734863,9.170000076293945,65100,0.0,0.0
2023-05-05 00:00:00-04:00,9.350000381469727,9.800000190734863,9.1899995803833,9.699999809265137,81500,0.0,0.0
2023-05-08 00:00:00-04:00,9.8100004196167,10.1899995803833,9.399999618530273,9.850000381469727,87300,0.0,0.0
2023-05-09 00:00:00-04:00,9.739999771118164,9.970000267028809,9.5,9.920000076293945,96800,0.0,0.0
2023-05-10 00:00:00-04:00,10.050000190734863,10.359999656677246,9.789999961853027,9.789999961853027,115300,0.0,0.0
2023-05-11 00:00:00-04:00,9.829999923706055,9.930000305175781,9.404999732971191,9.770000457763672,65900,0.0,0.0
2023-05-12 00:00:00-04:00,9.760000228881836,10.036999702453613,9.569999694824219,9.869999885559082,80200,0.0,0.0
2023-05-15 00:00:00-04:00,10.0,10.177000045776367,9.621999740600586,10.029999732971191,161000,0.0,0.0
2023-05-16 00:00:00-04:00,12.220000267028809,12.25,10.461000442504883,10.550000190734863,1107700,0.0,0.0
2023-05-17 00:00:00-04:00,10.5600004196167,12.220000267028809,10.5600004196167,12.050000190734863,531700,0.0,0.0
2023-05-18 00:00:00-04:00,11.90999984741211,12.25,11.390000343322754,11.859999656677246,256000,0.0,0.0
2023-05-19 00:00:00-04:00,11.880000114440918,12.0600004196167,11.420000076293945,11.5600004196167,125500,0.0,0.0
2023-05-22 00:00:00-04:00,11.699999809265137,13.229999542236328,11.6899995803833,13.210000038146973,403500,0.0,0.0
2023-05-23 00:00:00-04:00,13.199999809265137,13.65999984741211,12.550000190734863,12.640000343322754,225600,0.0,0.0
2023-05-24 00:00:00-04:00,12.579999923706055,12.824999809265137,12.130999565124512,12.430000305175781,153800,0.0,0.0
2023-05-25 00:00:00-04:00,12.430000305175781,12.6899995803833,11.640000343322754,11.800000190734863,212700,0.0,0.0
2023-05-26 00:00:00-04:00,11.770000457763672,12.279999732971191,11.760000228881836,12.039999961853027,96500,0.0,0.0
2023-05-30 00:00:00-04:00,12.210000038146973,12.364999771118164,11.390000343322754,11.699999809265137,117200,0.0,0.0
2023-05-31 00:00:00-04:00,11.630000114440918,11.885000228881836,11.149999618530273,11.880000114440918,89700,0.0,0.0
2023-06-01 00:00:00-04:00,11.899999618530273,12.100000381469727,11.619999885559082,11.869999885559082,90400,0.0,0.0
2023-06-02 00:00:00-04:00,12.029999732971191,12.119999885559082,11.529999732971191,11.920000076293945,90900,0.0,0.0
2023-06-05 00:00:00-04:00,11.579999923706055,11.899999618530273,11.229999542236328,11.300000190734863,107600,0.0,0.0
2023-06-06 00:00:00-04:00,11.229999542236328,12.0,11.229999542236328,11.979999542236328,102200,0.0,0.0
2023-06-07 00:00:00-04:00,12.119999885559082,12.270000457763672,11.475000381469727,11.619999885559082,151500,0.0,0.0
2023-06-08 00:00:00-04:00,11.640000343322754,11.84000015258789,11.350000381469727,11.460000038146973,67800,0.0,0.0
2023-06-09 00:00:00-04:00,11.529999732971191,11.5649995803833,10.779999732971191,10.899999618530273,136300,0.0,0.0
2023-06-12 00:00:00-04:00,10.850000381469727,10.850000381469727,10.420000076293945,10.699999809265137,146600,0.0,0.0
2023-06-13 00:00:00-04:00,10.699999809265137,11.630000114440918,10.699999809265137,11.399999618530273,185300,0.0,0.0
2023-06-14 00:00:00-04:00,11.449999809265137,11.579999923706055,10.65999984741211,10.800000190734863,164900,0.0,0.0
2023-06-15 00:00:00-04:00,10.9399995803833,11.180000305175781,10.40999984741211,10.479999542236328,292800,0.0,0.0
2023-06-16 00:00:00-04:00,10.5,10.574999809265137,9.59000015258789,9.9399995803833,664900,0.0,0.0
2023-06-20 00:00:00-04:00,9.960000038146973,11.149999618530273,9.930000305175781,10.600000381469727,1008100,0.0,0.0
2023-06-21 00:00:00-04:00,10.359999656677246,10.479999542236328,9.989999771118164,10.380000114440918,274600,0.0,0.0
2023-06-22 00:00:00-04:00,10.260000228881836,10.59000015258789,10.130000114440918,10.220000267028809,214700,0.0,0.0
2023-06-23 00:00:00-04:00,10.199999809265137,10.539999961853027,10.125,10.529999732971191,212600,0.0,0.0
2023-06-26 00:00:00-04:00,10.4399995803833,10.734000205993652,10.045000076293945,10.140000343322754,128200,0.0,0.0
2023-06-27 00:00:00-04:00,10.09000015258789,10.569999694824219,9.9399995803833,10.40999984741211,206200,0.0,0.0
2023-06-28 00:00:00-04:00,10.5,10.600000381469727,10.25,10.5,117900,0.0,0.0
2023-06-29 00:00:00-04:00,10.449999809265137,10.90999984741211,10.380000114440918,10.640000343322754,304200,0.0,0.0
2023-06-30 00:00:00-04:00,10.710000038146973,10.84000015258789,10.34000015258789,10.350000381469727,99100,0.0,0.0
2023-07-03 00:00:00-04:00,10.399999618530273,10.630000114440918,10.220000267028809,10.430000305175781,72800,0.0,0.0
2023-07-05 00:00:00-04:00,10.350000381469727,10.420000076293945,10.069999694824219,10.260000228881836,103300,0.0,0.0
2023-07-06 00:00:00-04:00,10.130000114440918,10.210000038146973,9.602999687194824,9.859999656677246,207400,0.0,0.0
2023-07-07 00:00:00-04:00,9.789999961853027,10.229999542236328,9.789999961853027,10.039999961853027,104100,0.0,0.0
2023-07-10 00:00:00-04:00,10.0,10.25,9.800000190734863,10.149999618530273,90300,0.0,0.0
2023-07-11 00:00:00-04:00,10.149999618530273,10.199999809265137,9.949999809265137,10.130000114440918,97300,0.0,0.0
2023-07-12 00:00:00-04:00,10.229999542236328,10.630000114440918,10.0,10.479999542236328,289600,0.0,0.0
2023-07-13 00:00:00-04:00,10.649999618530273,11.65999984741211,10.5,11.510000228881836,811500,0.0,0.0
2023-07-14 00:00:00-04:00,11.800000190734863,12.15999984741211,11.100000381469727,11.239999771118164,345700,0.0,0.0
2023-07-17 00:00:00-04:00,11.279999732971191,12.380000114440918,11.052000045776367,12.25,379000,0.0,0.0
2023-07-18 00:00:00-04:00,12.239999771118164,12.5,11.920000076293945,12.100000381469727,292100,0.0,0.0
2023-07-19 00:00:00-04:00,12.109999656677246,12.569999694824219,11.973999977111816,12.399999618530273,139100,0.0,0.0
2023-07-20 00:00:00-04:00,12.420000076293945,12.529999732971191,11.75,11.770000457763672,162700,0.0,0.0
2023-07-21 00:00:00-04:00,11.829999923706055,11.979999542236328,11.34000015258789,11.489999771118164,158900,0.0,0.0
2023-07-24 00:00:00-04:00,11.489999771118164,11.739999771118164,11.270000457763672,11.449999809265137,131100,0.0,0.0
2023-07-25 00:00:00-04:00,11.399999618530273,11.550000190734863,10.819999694824219,10.890000343322754,151400,0.0,0.0
2023-07-26 00:00:00-04:00,10.880000114440918,11.170000076293945,10.833000183105469,11.029999732971191,85200,0.0,0.0
2023-07-27 00:00:00-04:00,11.260000228881836,11.46500015258789,10.369999885559082,10.420000076293945,122200,0.0,0.0
2023-07-28 00:00:00-04:00,10.489999771118164,10.739999771118164,10.350000381469727,10.699999809265137,146200,0.0,0.0
2023-07-31 00:00:00-04:00,10.729999542236328,11.510000228881836,10.729999542236328,11.479999542236328,199900,0.0,0.0
2023-08-01 00:00:00-04:00,11.5,11.5,11.050000190734863,11.420000076293945,146000,0.0,0.0
2023-08-02 00:00:00-04:00,11.149999618530273,11.199999809265137,10.25,10.720000267028809,258900,0.0,0.0
2023-08-03 00:00:00-04:00,10.550000190734863,11.25,10.550000190734863,10.5600004196167,163400,0.0,0.0
2023-08-04 00:00:00-04:00,10.5600004196167,10.729000091552734,10.329999923706055,10.399999618530273,92600,0.0,0.0
2023-08-07 00:00:00-04:00,10.430000305175781,10.430000305175781,9.720000267028809,9.960000038146973,145900,0.0,0.0
2023-08-08 00:00:00-04:00,9.90999984741211,9.960000038146973,9.449999809265137,9.960000038146973,154500,0.0,0.0
2023-08-09 00:00:00-04:00,9.970000267028809,10.010000228881836,9.5600004196167,9.899999618530273,132600,0.0,0.0
2023-08-10 00:00:00-04:00,9.890000343322754,10.25,9.640000343322754,9.739999771118164,206400,0.0,0.0
2023-08-11 00:00:00-04:00,9.550000190734863,9.699999809265137,9.206000328063965,9.380000114440918,274200,0.0,0.0
2023-08-14 00:00:00-04:00,9.380000114440918,9.890000343322754,9.182000160217285,9.609999656677246,359100,0.0,0.0
2023-08-15 00:00:00-04:00,10.199999809265137,10.25,9.029999732971191,9.050000190734863,349600,0.0,0.0
2023-08-16 00:00:00-04:00,9.109999656677246,9.192999839782715,8.579999923706055,8.609999656677246,370300,0.0,0.0
2023-08-17 00:00:00-04:00,8.65999984741211,8.73900032043457,7.980000019073486,8.239999771118164,386800,0.0,0.0
2023-08-18 00:00:00-04:00,8.130000114440918,8.449999809265137,8.079999923706055,8.229999542236328,200600,0.0,0.0
2023-08-21 00:00:00-04:00,8.25,8.619999885559082,8.140000343322754,8.489999771118164,176100,0.0,0.0
2023-08-22 00:00:00-04:00,8.600000381469727,8.720000267028809,8.300000190734863,8.5,104700,0.0,0.0
2023-08-23 00:00:00-04:00,8.489999771118164,8.739999771118164,8.4399995803833,8.59000015258789,87800,0.0,0.0
2023-08-24 00:00:00-04:00,8.529999732971191,8.529999732971191,7.71999979019165,7.730000019073486,308500,0.0,0.0
2023-08-25 00:00:00-04:00,7.920000076293945,8.40999984741211,7.889999866485596,8.329999923706055,185400,0.0,0.0
2023-08-28 00:00:00-04:00,8.430000305175781,8.600000381469727,8.220000267028809,8.300000190734863,185100,0.0,0.0
2023-08-29 00:00:00-04:00,8.300000190734863,8.75,8.199999809265137,8.630000114440918,160500,0.0,0.0
2023-08-30 00:00:00-04:00,8.59000015258789,8.680000305175781,8.449999809265137,8.680000305175781,89000,0.0,0.0
2023-08-31 00:00:00-04:00,8.680000305175781,8.8100004196167,8.574999809265137,8.699999809265137,95000,0.0,0.0
2023-09-01 00:00:00-04:00,8.710000038146973,8.9399995803833,8.649999618530273,8.699999809265137,79900,0.0,0.0
2023-09-05 00:00:00-04:00,8.649999618530273,8.890000343322754,8.619000434875488,8.800000190734863,67600,0.0,0.0
2023-09-06 00:00:00-04:00,8.779999732971191,8.779999732971191,8.15999984741211,8.199999809265137,131000,0.0,0.0
2023-09-07 00:00:00-04:00,8.109999656677246,8.109999656677246,7.684999942779541,8.069999694824219,137300,0.0,0.0
2023-09-08 00:00:00-04:00,8.0,8.079999923706055,7.909999847412109,8.0,106400,0.0,0.0
2023-09-11 00:00:00-04:00,8.039999961853027,8.100000381469727,7.78000020980835,7.800000190734863,93500,0.0,0.0
2023-09-12 00:00:00-04:00,7.880000114440918,8.640000343322754,7.840000152587891,8.5,234500,0.0,0.0
2023-09-13 00:00:00-04:00,8.550000190734863,8.729999542236328,8.279999732971191,8.289999961853027,149300,0.0,0.0
2023-09-14 00:00:00-04:00,8.300000190734863,8.668000221252441,8.210000038146973,8.460000038146973,98200,0.0,0.0
2023-09-15 00:00:00-04:00,8.369999885559082,8.420000076293945,7.960000038146973,7.960000038146973,364400,0.0,0.0
2023-09-18 00:00:00-04:00,8.010000228881836,8.1899995803833,7.829999923706055,7.829999923706055,104500,0.0,0.0
2023-09-19 00:00:00-04:00,7.849999904632568,7.98199987411499,7.710000038146973,7.820000171661377,152400,0.0,0.0
2023-09-20 00:00:00-04:00,7.889999866485596,8.010000228881836,7.710000038146973,7.710000038146973,54800,0.0,0.0
2023-09-21 00:00:00-04:00,7.510000228881836,7.670000076293945,7.050000190734863,7.099999904632568,302200,0.0,0.0
2023-09-22 00:00:00-04:00,7.099999904632568,7.230000019073486,7.039999961853027,7.059999942779541,95100,0.0,0.0
2023-09-25 00:00:00-04:00,7.039999961853027,7.760000228881836,7.020999908447266,7.670000076293945,116000,0.0,0.0
2023-09-26 00:00:00-04:00,7.650000095367432,7.730000019073486,7.28000020980835,7.360000133514404,85300,0.0,0.0
2023-09-27 00:00:00-04:00,7.440000057220459,7.72599983215332,7.420000076293945,7.480000019073486,39100,0.0,0.0
2023-09-28 00:00:00-04:00,7.5,7.619999885559082,7.170000076293945,7.489999771118164,213500,0.0,0.0
2023-09-29 00:00:00-04:00,7.570000171661377,7.760000228881836,7.320000171661377,7.380000114440918,61600,0.0,0.0
2023-10-02 00:00:00-04:00,7.380000114440918,7.480000019073486,7.0,7.070000171661377,117600,0.0,0.0
2023-10-03 00:00:00-04:00,7.019999980926514,7.190000057220459,6.949999809265137,7.130000114440918,75400,0.0,0.0
2023-10-04 00:00:00-04:00,7.110000133514404,7.132999897003174,6.960000038146973,7.019999980926514,93500,0.0,0.0
2023-10-05 00:00:00-04:00,6.949999809265137,7.039000034332275,6.78000020980835,6.849999904632568,98300,0.0,0.0
2023-10-06 00:00:00-04:00,6.820000171661377,7.25,6.789999961853027,7.170000076293945,80800,0.0,0.0
2023-10-09 00:00:00-04:00,6.909999847412109,7.099999904632568,6.800000190734863,6.920000076293945,73300,0.0,0.0
2023-10-10 00:00:00-04:00,6.929999828338623,7.764999866485596,6.929999828338623,7.699999809265137,107100,0.0,0.0
2023-10-11 00:00:00-04:00,7.71999979019165,7.960000038146973,6.96999979019165,7.059999942779541,261200,0.0,0.0
2023-10-12 00:00:00-04:00,7.150000095367432,7.164000034332275,6.7789998054504395,6.980000019073486,74600,0.0,0.0
2023-10-13 00:00:00-04:00,7.0,7.230000019073486,6.900000095367432,7.110000133514404,101700,0.0,0.0
2023-10-16 00:00:00-04:00,7.21999979019165,7.369999885559082,7.070000171661377,7.179999828338623,84900,0.0,0.0
2023-10-17 00:00:00-04:00,7.119999885559082,7.300000190734863,7.050000190734863,7.139999866485596,67200,0.0,0.0
2023-10-18 00:00:00-04:00,7.099999904632568,7.099999904632568,6.730000019073486,6.75,94700,0.0,0.0
2023-10-19 00:00:00-04:00,6.71999979019165,6.88700008392334,6.639999866485596,6.75,59400,0.0,0.0
2023-10-20 00:00:00-04:00,6.659999847412109,6.699999809265137,6.210000038146973,6.289999961853027,165900,0.0,0.0
2023-10-23 00:00:00-04:00,6.199999809265137,6.269999980926514,5.949999809265137,5.980000019073486,161700,0.0,0.0
2023-10-24 00:00:00-04:00,6.130000114440918,6.199999809265137,5.710000038146973,5.769999980926514,200300,0.0,0.0
2023-10-25 00:00:00-04:00,5.769999980926514,5.770999908447266,5.4679999351501465,5.650000095367432,205600,0.0,0.0
2023-10-26 00:00:00-04:00,5.610000133514404,5.888999938964844,5.599999904632568,5.699999809265137,77500,0.0,0.0
2023-10-27 00:00:00-04:00,5.699999809265137,5.71999979019165,5.489999771118164,5.510000228881836,100700,0.0,0.0
2023-10-30 00:00:00-04:00,5.449999809265137,5.739999771118164,5.25,5.440000057220459,151700,0.0,0.0
2023-10-31 00:00:00-04:00,5.409999847412109,5.590000152587891,5.309999942779541,5.480000019073486,93900,0.0,0.0
2023-11-01 00:00:00-04:00,5.5,5.510000228881836,5.21999979019165,5.349999904632568,67900,0.0,0.0
2023-11-02 00:00:00-04:00,5.46999979019165,5.732999801635742,5.460000038146973,5.590000152587891,95100,0.0,0.0
2023-11-03 00:00:00-04:00,5.760000228881836,6.204999923706055,5.760000228881836,6.105000019073486,167600,0.0,0.0
2023-11-06 00:00:00-05:00,6.119999885559082,6.150000095367432,5.920000076293945,5.949999809265137,113500,0.0,0.0
2023-11-07 00:00:00-05:00,5.900000095367432,6.175000190734863,5.869999885559082,6.099999904632568,136600,0.0,0.0
2023-11-08 00:00:00-05:00,6.119999885559082,6.119999885559082,5.880000114440918,6.039999961853027,88300,0.0,0.0
2023-11-09 00:00:00-05:00,6.110000133514404,6.150000095367432,5.940000057220459,5.949999809265137,98100,0.0,0.0
2023-11-10 00:00:00-05:00,5.96999979019165,6.070000171661377,5.849999904632568,6.014999866485596,112700,0.0,0.0
2023-11-13 00:00:00-05:00,5.989999771118164,6.1519999504089355,5.909999847412109,6.059999942779541,92900,0.0,0.0
2023-11-14 00:00:00-05:00,6.389999866485596,7.380000114440918,6.110000133514404,7.300000190734863,372000,0.0,0.0
2023-11-15 00:00:00-05:00,7.349999904632568,7.420000076293945,6.570000171661377,6.610000133514404,260400,0.0,0.0
2023-11-16 00:00:00-05:00,6.599999904632568,6.599999904632568,6.170000076293945,6.179999828338623,100500,0.0,0.0
2023-11-17 00:00:00-05:00,6.300000190734863,6.300000190734863,5.909999847412109,5.989999771118164,112700,0.0,0.0
2023-11-20 00:00:00-05:00,6.070000171661377,6.211999893188477,5.554999828338623,5.579999923706055,222000,0.0,0.0
2023-11-21 00:00:00-05:00,5.599999904632568,5.681000232696533,5.510000228881836,5.590000152587891,150500,0.0,0.0
2023-11-22 00:00:00-05:00,5.699999809265137,5.739999771118164,5.519999980926514,5.579999923706055,104700,0.0,0.0
2023-11-24 00:00:00-05:00,5.639999866485596,5.922999858856201,5.599999904632568,5.849999904632568,74800,0.0,0.0
2023-11-27 00:00:00-05:00,5.71999979019165,5.869999885559082,5.650000095367432,5.820000171661377,154100,0.0,0.0
2023-11-28 00:00:00-05:00,5.829999923706055,6.385000228881836,5.802000045776367,6.139999866485596,253800,0.0,0.0
2023-11-29 00:00:00-05:00,6.28000020980835,6.570000171661377,6.010000228881836,6.019999980926514,166600,0.0,0.0
2023-11-30 00:00:00-05:00,6.130000114440918,6.130000114440918,5.710000038146973,5.71999979019165,131400,0.0,0.0
2023-12-01 00:00:00-05:00,5.760000228881836,6.0,5.670000076293945,5.739999771118164,214300,0.0,0.0
2023-12-04 00:00:00-05:00,5.900000095367432,5.989999771118164,5.460000038146973,5.5,191200,0.0,0.0
2023-12-05 00:00:00-05:00,5.489999771118164,5.570000171661377,5.230000019073486,5.329999923706055,156600,0.0,0.0
2023-12-06 00:00:00-05:00,5.389999866485596,5.480000019073486,5.139999866485596,5.210000038146973,104100,0.0,0.0
2023-12-07 00:00:00-05:00,5.230000019073486,5.3470001220703125,5.010000228881836,5.03000020980835,193200,0.0,0.0
2023-12-08 00:00:00-05:00,5.0,5.369999885559082,5.0,5.329999923706055,128200,0.0,0.0
2023-12-11 00:00:00-05:00,5.460000038146973,5.699999809265137,5.349999904632568,5.519999980926514,171900,0.0,0.0
2023-12-12 00:00:00-05:00,5.5,5.599999904632568,5.230000019073486,5.53000020980835,125400,0.0,0.0
2023-12-13 00:00:00-05:00,5.480000019073486,6.0,5.435999870300293,5.989999771118164,184000,0.0,0.0
2023-12-14 00:00:00-05:00,6.139999866485596,6.960000038146973,6.130000114440918,6.610000133514404,403700,0.0,0.0
2023-12-15 00:00:00-05:00,6.599999904632568,6.840000152587891,6.329999923706055,6.510000228881836,135200,0.0,0.0
2023-12-18 00:00:00-05:00,6.429999828338623,6.5879998207092285,6.104000091552734,6.230000019073486,120200,0.0,0.0
2023-12-19 00:00:00-05:00,6.230000019073486,6.539999961853027,6.230000019073486,6.389999866485596,116200,0.0,0.0
2023-12-20 00:00:00-05:00,6.329999923706055,7.059999942779541,6.269999980926514,6.275000095367432,332900,0.0,0.0
2023-12-21 00:00:00-05:00,6.369999885559082,7.039999961853027,6.369999885559082,6.710000038146973,385100,0.0,0.0
2023-12-22 00:00:00-05:00,6.800000190734863,7.269999980926514,6.690000057220459,7.050000190734863,272100,0.0,0.0
2023-12-26 00:00:00-05:00,7.190000057220459,7.760000228881836,7.059999942779541,7.550000190734863,423200,0.0,0.0
2023-12-27 00:00:00-05:00,7.679999828338623,7.75,7.170000076293945,7.53000020980835,354600,0.0,0.0
2023-12-28 00:00:00-05:00,7.429999828338623,7.989999771118164,7.139999866485596,7.630000114440918,1027100,0.0,0.0
2023-12-29 00:00:00-05:00,7.619999885559082,7.679999828338623,7.079999923706055,7.090000152587891,363700,0.0,0.0
2024-01-02 00:00:00-05:00,6.989999771118164,7.25,6.599999904632568,6.659999847412109,216300,0.0,0.0
2024-01-03 00:00:00-05:00,6.619999885559082,6.619999885559082,6.260000228881836,6.369999885559082,162400,0.0,0.0
2024-01-04 00:00:00-05:00,6.320000171661377,6.539999961853027,6.260000228881836,6.460000038146973,110100,0.0,0.0
2024-01-05 00:00:00-05:00,6.360000133514404,6.579999923706055,6.059999942779541,6.070000171661377,142900,0.0,0.0
2024-01-08 00:00:00-05:00,6.070000171661377,6.364999771118164,6.059999942779541,6.190000057220459,83800,0.0,0.0
2024-01-09 00:00:00-05:00,6.050000190734863,6.269999980926514,6.050000190734863,6.110000133514404,70300,0.0,0.0
2024-01-10 00:00:00-05:00,6.099999904632568,6.099999904632568,5.869999885559082,5.949999809265137,110600,0.0,0.0
2024-01-11 00:00:00-05:00,5.900000095367432,5.900000095367432,5.559999942779541,5.760000228881836,139600,0.0,0.0
2024-01-12 00:00:00-05:00,5.809999942779541,5.929999828338623,5.585000038146973,5.630000114440918,87000,0.0,0.0
2024-01-16 00:00:00-05:00,5.900000095367432,5.934999942779541,5.559999942779541,5.900000095367432,168200,0.0,0.0
2024-01-17 00:00:00-05:00,5.769999980926514,5.769999980926514,5.539999961853027,5.690000057220459,136500,0.0,0.0
2024-01-18 00:00:00-05:00,5.760000228881836,5.816999912261963,5.619999885559082,5.789999961853027,115600,0.0,0.0
2024-01-19 00:00:00-05:00,5.820000171661377,5.920000076293945,5.610000133514404,5.889999866485596,112700,0.0,0.0
2024-01-22 00:00:00-05:00,5.920000076293945,6.480000019073486,5.9029998779296875,6.449999809265137,142200,0.0,0.0
2024-01-23 00:00:00-05:00,6.539999961853027,7.348999977111816,6.539999961853027,7.019999980926514,332500,0.0,0.0
2024-01-24 00:00:00-05:00,7.289999961853027,7.315000057220459,6.829999923706055,6.849999904632568,190700,0.0,0.0
2024-01-25 00:00:00-05:00,6.949999809265137,6.949999809265137,6.190000057220459,6.190000057220459,133800,0.0,0.0
2024-01-26 00:00:00-05:00,6.25,6.449999809265137,6.210000038146973,6.309999942779541,60400,0.0,0.0
2024-01-29 00:00:00-05:00,6.300000190734863,6.949999809265137,6.230999946594238,6.889999866485596,70500,0.0,0.0
2024-01-30 00:00:00-05:00,6.869999885559082,6.940000057220459,6.659999847412109,6.684999942779541,53800,0.0,0.0
2024-01-31 00:00:00-05:00,6.610000133514404,7.189000129699707,6.559999942779541,6.829999923706055,117700,0.0,0.0
2024-02-01 00:00:00-05:00,6.78000020980835,7.320000171661377,6.760000228881836,7.25,141700,0.0,0.0
2024-02-02 00:00:00-05:00,7.119999885559082,7.289999961853027,6.809999942779541,7.28000020980835,98200,0.0,0.0
2024-02-05 00:00:00-05:00,7.289999961853027,7.300000190734863,6.84499979019165,6.960000038146973,116400,0.0,0.0
2024-02-06 00:00:00-05:00,6.960000038146973,7.429999828338623,6.920000076293945,7.400000095367432,109000,0.0,0.0
2024-02-07 00:00:00-05:00,7.5,7.53000020980835,7.2220001220703125,7.5,92500,0.0,0.0
2024-02-08 00:00:00-05:00,7.539999961853027,7.679999828338623,7.400000095367432,7.429999828338623,112500,0.0,0.0
2024-02-09 00:00:00-05:00,7.510000228881836,7.590000152587891,7.070000171661377,7.150000095367432,145200,0.0,0.0
2024-02-12 00:00:00-05:00,7.150000095367432,7.349999904632568,7.0,7.289999961853027,127300,0.0,0.0
2024-02-13 00:00:00-05:00,7.0,7.75,6.900000095367432,7.539999961853027,196700,0.0,0.0
2024-02-14 00:00:00-05:00,7.690000057220459,8.380000114440918,7.630000114440918,8.369999885559082,279600,0.0,0.0
2024-02-15 00:00:00-05:00,8.390000343322754,8.477999687194824,7.860000133514404,7.940000057220459,158500,0.0,0.0
2024-02-16 00:00:00-05:00,7.760000228881836,8.0600004196167,7.559999942779541,7.744999885559082,146400,0.0,0.0
2024-02-20 00:00:00-05:00,7.650000095367432,7.650000095367432,6.929999828338623,7.090000152587891,178900,0.0,0.0
2024-02-21 00:00:00-05:00,7.010000228881836,7.320000171661377,6.909999847412109,7.03000020980835,82500,0.0,0.0
2024-02-22 00:00:00-05:00,7.199999809265137,7.22599983215332,6.635000228881836,6.699999809265137,155300,0.0,0.0
2024-02-23 00:00:00-05:00,6.96999979019165,7.050000190734863,6.611000061035156,6.980000019073486,88200,0.0,0.0
2024-02-26 00:00:00-05:00,7.03000020980835,7.150000095367432,6.860000133514404,6.980000019073486,113900,0.0,0.0
2024-02-27 00:00:00-05:00,7.139999866485596,7.139999866485596,6.809999942779541,6.889999866485596,73600,0.0,0.0
2024-02-28 00:00:00-05:00,6.800000190734863,6.934999942779541,6.710000038146973,6.849999904632568,79500,0.0,0.0
2024-02-29 00:00:00-05:00,7.050000190734863,7.28000020980835,6.809999942779541,7.0,102100,0.0,0.0
2024-03-01 00:00:00-05:00,6.989999771118164,7.300000190734863,6.900000095367432,7.110000133514404,85100,0.0,0.0
2024-03-04 00:00:00-05:00,7.190000057220459,7.289999961853027,6.760000228881836,6.889999866485596,93000,0.0,0.0
2024-03-05 00:00:00-05:00,6.75,6.880000114440918,6.610000133514404,6.659999847412109,122400,0.0,0.0
2024-03-06 00:00:00-05:00,6.820000171661377,7.050000190734863,6.645999908447266,6.869999885559082,90700,0.0,0.0
2024-03-07 00:00:00-05:00,6.980000019073486,7.070000171661377,6.849999904632568,6.940000057220459,68600,0.0,0.0
2024-03-08 00:00:00-05:00,7.059999942779541,7.269999980926514,7.03000020980835,7.090000152587891,78200,0.0,0.0
2024-03-11 00:00:00-04:00,7.070000171661377,7.15500020980835,6.894999980926514,6.940000057220459,41000,0.0,0.0
2024-03-12 00:00:00-04:00,7.199999809265137,7.28000020980835,7.050000190734863,7.269999980926514,72100,0.0,0.0
2024-03-13 00:00:00-04:00,7.260000228881836,7.300000190734863,7.099999904632568,7.239999771118164,56300,0.0,0.0
2024-03-14 00:00:00-04:00,7.239999771118164,7.239999771118164,6.809999942779541,6.960000038146973,67100,0.0,0.0
2024-03-15 00:00:00-04:00,6.909999847412109,6.989999771118164,6.71999979019165,6.920000076293945,78700,0.0,0.0
2024-03-18 00:00:00-04:00,6.900000095367432,6.989999771118164,6.78000020980835,6.869999885559082,51400,0.0,0.0
2024-03-19 00:00:00-04:00,6.789999961853027,7.059999942779541,6.75,7.019999980926514,76400,0.0,0.0
2024-03-20 00:00:00-04:00,6.980000019073486,7.190000057220459,6.920000076293945,7.130000114440918,44000,0.0,0.0
2024-03-21 00:00:00-04:00,7.150000095367432,7.206999778747559,6.820000171661377,6.980000019073486,63800,0.0,0.0
2024-03-22 00:00:00-04:00,6.929999828338623,6.929999828338623,6.619999885559082,6.670000076293945,119700,0.0,0.0
2024-03-25 00:00:00-04:00,6.650000095367432,6.809999942779541,6.644999980926514,6.71999979019165,49400,0.0,0.0
2024-03-26 00:00:00-04:00,6.789999961853027,6.820000171661377,6.639999866485596,6.679999828338623,64500,0.0,0.0
2024-03-27 00:00:00-04:00,6.840000152587891,6.980000019073486,6.755000114440918,6.920000076293945,57500,0.0,0.0
2024-03-28 00:00:00-04:00,6.925000190734863,6.989999771118164,6.800000190734863,6.800000190734863,46400,0.0,0.0
2024-04-01 00:00:00-04:00,6.800000190734863,6.909999847412109,6.550000190734863,6.599999904632568,101400,0.0,0.0
2024-04-02 00:00:00-04:00,6.650000095367432,6.650000095367432,6.28000020980835,6.329999923706055,110800,0.0,0.0
2024-04-03 00:00:00-04:00,6.25,6.519999980926514,6.170000076293945,6.519999980926514,97800,0.0,0.0
2024-04-04 00:00:00-04:00,6.590000152587891,6.659999847412109,6.349999904632568,6.389999866485596,73200,0.0,0.0
2024-04-05 00:00:00-04:00,6.320000171661377,6.599999904632568,6.300000190734863,6.369999885559082,76200,0.0,0.0
2024-04-08 00:00:00-04:00,6.460000038146973,6.460000038146973,5.920000076293945,5.920000076293945,182600,0.0,0.0
2024-04-09 00:00:00-04:00,5.960000038146973,6.119999885559082,5.75,6.085000038146973,140800,0.0,0.0
2024-04-10 00:00:00-04:00,6.0,6.052000045776367,5.460000038146973,5.639999866485596,190300,0.0,0.0
2024-04-11 00:00:00-04:00,5.639999866485596,5.892000198364258,5.5,5.75,105700,0.0,0.0
2024-04-12 00:00:00-04:00,5.71999979019165,5.840000152587891,5.510000228881836,5.590000152587891,49600,0.0,0.0
2024-04-15 00:00:00-04:00,5.590000152587891,5.730000019073486,5.230000019073486,5.295000076293945,141700,0.0,0.0
2024-04-16 00:00:00-04:00,5.260000228881836,5.539999961853027,5.139999866485596,5.519999980926514,105100,0.0,0.0
2024-04-17 00:00:00-04:00,5.699999809265137,6.489999771118164,5.699999809265137,6.199999809265137,227000,0.0,0.0
2024-04-18 00:00:00-04:00,6.559999942779541,6.820000171661377,6.139999866485596,6.400000095367432,154700,0.0,0.0
2024-04-19 00:00:00-04:00,6.360000133514404,6.510000228881836,6.050000190734863,6.139999866485596,159800,0.0,0.0
2024-04-22 00:00:00-04:00,6.150000095367432,6.150000095367432,5.659999847412109,5.929999828338623,128000,0.0,0.0
2024-04-23 00:00:00-04:00,5.920000076293945,6.650000095367432,5.920000076293945,6.599999904632568,122800,0.0,0.0
2024-04-24 00:00:00-04:00,6.670000076293945,6.679999828338623,6.21999979019165,6.329999923706055,75400,0.0,0.0
2024-04-25 00:00:00-04:00,6.210000038146973,6.590000152587891,6.150000095367432,6.429999828338623,64100,0.0,0.0
2024-04-26 00:00:00-04:00,6.429999828338623,6.579999923706055,6.334000110626221,6.539999961853027,66400,0.0,0.0
2024-04-29 00:00:00-04:00,6.579999923706055,6.639999866485596,6.270999908447266,6.389999866485596,86000,0.0,0.0
2024-04-30 00:00:00-04:00,6.400000095367432,6.64900016784668,6.28000020980835,6.5,99800,0.0,0.0
2024-05-01 00:00:00-04:00,6.570000171661377,6.659999847412109,6.320000171661377,6.5,43700,0.0,0.0
2024-05-02 00:00:00-04:00,6.510000228881836,6.599999904632568,6.395999908447266,6.539999961853027,30200,0.0,0.0
2024-05-03 00:00:00-04:00,6.610000133514404,6.645999908447266,6.14900016784668,6.210000038146973,96200,0.0,0.0
2024-05-06 00:00:00-04:00,6.329999923706055,6.380000114440918,6.090000152587891,6.215000152587891,156200,0.0,0.0
2024-05-07 00:00:00-04:00,6.190000057220459,6.489999771118164,6.099999904632568,6.360000133514404,98300,0.0,0.0
2024-05-08 00:00:00-04:00,6.300000190734863,6.465000152587891,6.211999893188477,6.300000190734863,40400,0.0,0.0
2024-05-09 00:00:00-04:00,6.349999904632568,6.389999866485596,6.21999979019165,6.25,41900,0.0,0.0
2024-05-10 00:00:00-04:00,6.25,6.289999961853027,6.099999904632568,6.210000038146973,64100,0.0,0.0
2024-05-13 00:00:00-04:00,6.199999809265137,6.429999828338623,6.130000114440918,6.269999980926514,80200,0.0,0.0
2024-05-14 00:00:00-04:00,6.300000190734863,6.449999809265137,6.190000057220459,6.25,117900,0.0,0.0
2024-05-15 00:00:00-04:00,6.389999866485596,6.389999866485596,6.050000190734863,6.25,110900,0.0,0.0
2024-05-16 00:00:00-04:00,6.25,6.460000038146973,6.099999904632568,6.320000171661377,131100,0.0,0.0
2024-05-17 00:00:00-04:00,6.349999904632568,6.349999904632568,6.099999904632568,6.110000133514404,88200,0.0,0.0
2024-05-20 00:00:00-04:00,6.119999885559082,6.71999979019165,6.119999885559082,6.489999771118164,290900,0.0,0.0
2024-05-21 00:00:00-04:00,6.110000133514404,6.190000057220459,5.53000020980835,5.849999904632568,347400,0.0,0.0
2024-05-22 00:00:00-04:00,5.980000019073486,6.300000190734863,5.849999904632568,6.110000133514404,207200,0.0,0.0
2024-05-23 00:00:00-04:00,6.110000133514404,6.436999797821045,6.019999980926514,6.289999961853027,156000,0.0,0.0
2024-05-24 00:00:00-04:00,6.389999866485596,6.410999774932861,6.059999942779541,6.230000019073486,101300,0.0,0.0
2024-05-28 00:00:00-04:00,6.159999847412109,6.449999809265137,6.110000133514404,6.110000133514404,145100,0.0,0.0
2024-05-29 00:00:00-04:00,6.059999942779541,6.269999980926514,6.059999942779541,6.179999828338623,102100,0.0,0.0
2024-05-30 00:00:00-04:00,6.179999828338623,6.25,5.960999965667725,5.980000019073486,80700,0.0,0.0
2024-05-31 00:00:00-04:00,6.139999866485596,6.139999866485596,5.75,5.820000171661377,138700,0.0,0.0
2024-06-03 00:00:00-04:00,5.880000114440918,5.929999828338623,5.53000020980835,5.789999961853027,119400,0.0,0.0
2024-06-04 00:00:00-04:00,5.699999809265137,5.960000038146973,5.590000152587891,5.900000095367432,71600,0.0,0.0
2024-06-05 00:00:00-04:00,5.920000076293945,6.039999961853027,5.914999961853027,6.019999980926514,102700,0.0,0.0
2024-06-06 00:00:00-04:00,5.960000038146973,6.070000171661377,5.952000141143799,6.0,43300,0.0,0.0
2024-06-07 00:00:00-04:00,5.949999809265137,5.960000038146973,5.795000076293945,5.880000114440918,62200,0.0,0.0
2024-06-10 00:00:00-04:00,5.78000020980835,5.803999900817871,5.650000095367432,5.75,84000,0.0,0.0
2024-06-11 00:00:00-04:00,5.75,5.800000190734863,5.659999847412109,5.78000020980835,57700,0.0,0.0
2024-06-12 00:00:00-04:00,5.909999847412109,5.954999923706055,5.744999885559082,5.860000133514404,97500,0.0,0.0
2024-06-13 00:00:00-04:00,5.860000133514404,5.9029998779296875,5.739999771118164,5.829999923706055,42700,0.0,0.0
2024-06-14 00:00:00-04:00,5.760000228881836,5.880000114440918,5.679999828338623,5.849999904632568,28900,0.0,0.0
2024-06-17 00:00:00-04:00,5.71999979019165,5.840000152587891,5.559999942779541,5.650000095367432,55900,0.0,0.0
2024-06-18 00:00:00-04:00,5.630000114440918,5.670000076293945,5.25,5.28000020980835,101900,0.0,0.0
2024-06-20 00:00:00-04:00,5.260000228881836,5.260000228881836,5.050000190734863,5.059999942779541,110100,0.0,0.0
2024-06-21 00:00:00-04:00,5.050000190734863,5.135000228881836,5.0,5.119999885559082,58000,0.0,0.0
2024-06-24 00:00:00-04:00,5.119999885559082,5.119999885559082,4.730000019073486,4.820000171661377,135300,0.0,0.0
2024-06-25 00:00:00-04:00,4.840000152587891,4.840000152587891,4.300000190734863,4.369999885559082,263600,0.0,0.0
2024-06-26 00:00:00-04:00,4.409999847412109,4.559999942779541,4.306000232696533,4.5,68500,0.0,0.0
2024-06-27 00:00:00-04:00,4.53000020980835,4.679999828338623,4.5,4.650000095367432,59000,0.0,0.0
2024-06-28 00:00:00-04:00,4.710000038146973,4.75,4.480000019073486,4.610000133514404,102200,0.0,0.0
2024-07-01 00:00:00-04:00,4.599999904632568,4.599999904632568,4.349999904632568,4.369999885559082,45800,0.0,0.0
2024-07-02 00:00:00-04:00,4.679999828338623,5.389999866485596,4.446000099182129,5.260000228881836,490400,0.0,0.0
2024-07-03 00:00:00-04:00,5.269999980926514,5.579999923706055,5.03000020980835,5.385000228881836,255200,0.0,0.0
2024-07-05 00:00:00-04:00,5.440000057220459,5.53000020980835,5.150000095367432,5.5,215100,0.0,0.0
2024-07-08 00:00:00-04:00,5.5,6.590000152587891,5.340000152587891,6.489999771118164,1228900,0.0,0.0
2024-07-09 00:00:00-04:00,7.03000020980835,7.679999828338623,6.550000190734863,7.659999847412109,1526300,0.0,0.0
2024-07-10 00:00:00-04:00,7.420000076293945,7.650000095367432,6.730000019073486,6.920000076293945,720100,0.0,0.0
2024-07-11 00:00:00-04:00,7.0,7.230000019073486,6.360000133514404,6.710000038146973,451800,0.0,0.0
2024-07-12 00:00:00-04:00,6.610000133514404,7.0879998207092285,6.460000038146973,6.550000190734863,428900,0.0,0.0
2024-07-15 00:00:00-04:00,6.53000020980835,6.803999900817871,6.400000095367432,6.440000057220459,214200,0.0,0.0
2024-07-16 00:00:00-04:00,6.369999885559082,6.71999979019165,6.171000003814697,6.579999923706055,220900,0.0,0.0
2024-07-17 00:00:00-04:00,6.489999771118164,6.550000190734863,6.130000114440918,6.170000076293945,225300,0.0,0.0
2024-07-18 00:00:00-04:00,6.159999847412109,6.320000171661377,5.889999866485596,5.940000057220459,201000,0.0,0.0
2024-07-19 00:00:00-04:00,5.949999809265137,6.059999942779541,5.800000190734863,5.96999979019165,100400,0.0,0.0
2024-07-22 00:00:00-04:00,6.019999980926514,6.169000148773193,5.840000152587891,6.019999980926514,90600,0.0,0.0
2024-07-23 00:00:00-04:00,5.980999946594238,6.21999979019165,5.916999816894531,6.119999885559082,126100,0.0,0.0
2024-07-24 00:00:00-04:00,6.050000190734863,6.150000095367432,5.949999809265137,5.960000038146973,134800,0.0,0.0
2024-07-25 00:00:00-04:00,5.960000038146973,6.239999771118164,5.909999847412109,5.940000057220459,147000,0.0,0.0
2024-07-26 00:00:00-04:00,6.03000020980835,6.309000015258789,5.949999809265137,6.179999828338623,102700,0.0,0.0
2024-07-29 00:00:00-04:00,6.190000057220459,6.5,6.13700008392334,6.329999923706055,125500,0.0,0.0
2024-07-30 00:00:00-04:00,6.239999771118164,6.429999828338623,5.980000019073486,6.070000171661377,61400,0.0,0.0
2024-07-31 00:00:00-04:00,6.059999942779541,6.300000190734863,6.0,6.090000152587891,63300,0.0,0.0
2024-08-01 00:00:00-04:00,6.099999904632568,6.252999782562256,5.730000019073486,5.739999771118164,187100,0.0,0.0
2024-08-02 00:00:00-04:00,5.599999904632568,5.599999904632568,5.260000228881836,5.260000228881836,148100,0.0,0.0
2024-08-05 00:00:00-04:00,4.940000057220459,5.230000019073486,4.823999881744385,5.050000190734863,200300,0.0,0.0
2024-08-06 00:00:00-04:00,5.110000133514404,5.349999904632568,4.949999809265137,5.039999961853027,83500,0.0,0.0
2024-08-07 00:00:00-04:00,5.159999847412109,5.389999866485596,5.050000190734863,5.230000019073486,113700,0.0,0.0
2024-08-08 00:00:00-04:00,5.269999980926514,5.539999961853027,5.199999809265137,5.489999771118164,88200,0.0,0.0
2024-08-09 00:00:00-04:00,5.480000019073486,5.53000020980835,5.269999980926514,5.380000114440918,60400,0.0,0.0
2024-08-12 00:00:00-04:00,5.269999980926514,5.639999866485596,5.269999980926514,5.460000038146973,128000,0.0,0.0
2024-08-13 00:00:00-04:00,5.559999942779541,5.869999885559082,5.550000190734863,5.75,163200,0.0,0.0
2024-08-14 00:00:00-04:00,5.579999923706055,5.769999980926514,5.119999885559082,5.269999980926514,248900,0.0,0.0
2024-08-15 00:00:00-04:00,5.400000095367432,5.489999771118164,5.039999961853027,5.039999961853027,149600,0.0,0.0
2024-08-16 00:00:00-04:00,5.099999904632568,5.290999889373779,5.059999942779541,5.199999809265137,75400,0.0,0.0
2024-08-19 00:00:00-04:00,5.159999847412109,5.320000171661377,5.120999813079834,5.139999866485596,134500,0.0,0.0
2024-08-20 00:00:00-04:00,5.150000095367432,5.400000095367432,5.119999885559082,5.400000095367432,113100,0.0,0.0
2024-08-21 00:00:00-04:00,5.440000057220459,5.570000171661377,5.420000076293945,5.519999980926514,40400,0.0,0.0
2024-08-22 00:00:00-04:00,5.519999980926514,5.710000038146973,5.423999786376953,5.690000057220459,108500,0.0,0.0
2024-08-23 00:00:00-04:00,5.75,5.900000095367432,5.420000076293945,5.53000020980835,96800,0.0,0.0
2024-08-26 00:00:00-04:00,5.46999979019165,5.639999866485596,5.230000019073486,5.260000228881836,55600,0.0,0.0
2024-08-27 00:00:00-04:00,5.25,5.379000186920166,5.139999866485596,5.150000095367432,65500,0.0,0.0
2024-08-28 00:00:00-04:00,5.190000057220459,5.289999961853027,4.889999866485596,4.900000095367432,96300,0.0,0.0
2024-08-29 00:00:00-04:00,4.980000019073486,5.119999885559082,4.800000190734863,4.869999885559082,102700,0.0,0.0
2024-08-30 00:00:00-04:00,4.860000133514404,4.914999961853027,4.570000171661377,4.690000057220459,105200,0.0,0.0
2024-09-03 00:00:00-04:00,4.679999828338623,4.75,4.349999904632568,4.460000038146973,189900,0.0,0.0
2024-09-04 00:00:00-04:00,4.460000038146973,4.639999866485596,4.360000133514404,4.460000038146973,116200,0.0,0.0
2024-09-05 00:00:00-04:00,4.489999771118164,4.840000152587891,4.489999771118164,4.800000190734863,175200,0.0,0.0
2024-09-06 00:00:00-04:00,4.75,4.829999923706055,4.473999977111816,4.570000171661377,53300,0.0,0.0
2024-09-09 00:00:00-04:00,4.670000076293945,5.170000076293945,4.627999782562256,4.929999828338623,123200,0.0,0.0
2024-09-10 00:00:00-04:00,4.989999771118164,5.025000095367432,4.699999809265137,4.980000019073486,60900,0.0,0.0
2024-09-11 00:00:00-04:00,4.920000076293945,5.289999961853027,4.880000114440918,5.199999809265137,78400,0.0,0.0
2024-09-12 00:00:00-04:00,5.199999809265137,5.300000190734863,5.090000152587891,5.269999980926514,37700,0.0,0.0
2024-09-13 00:00:00-04:00,5.21999979019165,5.5,5.21999979019165,5.289999961853027,64900,0.0,0.0
2024-09-16 00:00:00-04:00,5.510000228881836,5.510000228881836,5.130000114440918,5.360000133514404,62200,0.0,0.0
2024-09-17 00:00:00-04:00,5.28000020980835,5.449999809265137,5.28000020980835,5.429999828338623,67700,0.0,0.0
2024-09-18 00:00:00-04:00,5.5,5.570000171661377,5.195000171661377,5.320000171661377,80000,0.0,0.0
2024-09-19 00:00:00-04:00,5.519999980926514,5.519999980926514,5.0929999351501465,5.139999866485596,72600,0.0,0.0
2024-09-20 00:00:00-04:00,5.139999866485596,5.269999980926514,4.784999847412109,4.949999809265137,149800,0.0,0.0
2024-09-23 00:00:00-04:00,4.949999809265137,5.0,4.829999923706055,4.829999923706055,60200,0.0,0.0
2024-09-24 00:00:00-04:00,4.929999828338623,5.050000190734863,4.789999961853027,4.949999809265137,69700,0.0,0.0
2024-09-25 00:00:00-04:00,4.960000038146973,5.0,4.829999923706055,4.849999904632568,24000,0.0,0.0
2024-09-26 00:00:00-04:00,4.920000076293945,4.934999942779541,4.739999771118164,4.889999866485596,77700,0.0,0.0
2024-09-27 00:00:00-04:00,4.960000038146973,5.051000118255615,4.85099983215332,4.989999771118164,81300,0.0,0.0
2024-09-30 00:00:00-04:00,4.980000019073486,5.03000020980835,4.869999885559082,4.909999847412109,47000,0.0,0.0
2024-10-01 00:00:00-04:00,4.920000076293945,4.954999923706055,4.699999809265137,4.78000020980835,64400,0.0,0.0
2024-10-02 00:00:00-04:00,4.800000190734863,4.989999771118164,4.800000190734863,4.869999885559082,49000,0.0,0.0
2024-10-03 00:00:00-04:00,4.820000171661377,4.940000057220459,4.820000171661377,4.869999885559082,39200,0.0,0.0
2024-10-04 00:00:00-04:00,4.869999885559082,4.869999885559082,4.710000038146973,4.820000171661377,52200,0.0,0.0
2024-10-07 00:00:00-04:00,4.769999980926514,4.824999809265137,4.699999809265137,4.744999885559082,77400,0.0,0.0
2024-10-08 00:00:00-04:00,4.659999847412109,4.730000019073486,4.53000020980835,4.619999885559082,92300,0.0,0.0
2024-10-09 00:00:00-04:00,4.699999809265137,4.739999771118164,4.599999904632568,4.639999866485596,62300,0.0,0.0
2024-10-10 00:00:00-04:00,4.639999866485596,4.679999828338623,4.510000228881836,4.559999942779541,55500,0.0,0.0
2024-10-11 00:00:00-04:00,4.570000171661377,4.730000019073486,4.559999942779541,4.699999809265137,84900,0.0,0.0
2024-10-14 00:00:00-04:00,4.679999828338623,4.699999809265137,4.5,4.53000020980835,97800,0.0,0.0
2024-10-15 00:00:00-04:00,4.53000020980835,4.650000095367432,4.510000228881836,4.519999980926514,58600,0.0,0.0
2024-10-16 00:00:00-04:00,4.550000190734863,4.849999904632568,4.550000190734863,4.760000228881836,96300,0.0,0.0
2024-10-17 00:00:00-04:00,4.769999980926514,4.929999828338623,4.679999828338623,4.869999885559082,104400,0.0,0.0
2024-10-18 00:00:00-04:00,4.929999828338623,5.150000095367432,4.880000114440918,5.039999961853027,113300,0.0,0.0
2024-10-21 00:00:00-04:00,5.050000190734863,5.056000232696533,4.889999866485596,5.039999961853027,90900,0.0,0.0
2024-10-22 00:00:00-04:00,5.050000190734863,5.050000190734863,4.89900016784668,4.989999771118164,39800,0.0,0.0
2024-10-23 00:00:00-04:00,4.960000038146973,4.980000019073486,4.735000133514404,4.840000152587891,61400,0.0,0.0
2024-10-24 00:00:00-04:00,4.869999885559082,4.889999866485596,4.800000190734863,4.860000133514404,35400,0.0,0.0
2024-10-25 00:00:00-04:00,4.860000133514404,4.929999828338623,4.769999980926514,4.78000020980835,48100,0.0,0.0
2024-10-28 00:00:00-04:00,4.820000171661377,5.179999828338623,4.820000171661377,5.079999923706055,118900,0.0,0.0
2024-10-29 00:00:00-04:00,5.25,5.304999828338623,5.099999904632568,5.139999866485596,122100,0.0,0.0
2024-10-30 00:00:00-04:00,5.099999904632568,5.294000148773193,5.070000171661377,5.099999904632568,73600,0.0,0.0
2024-10-31 00:00:00-04:00,5.099999904632568,5.170000076293945,5.0,5.03000020980835,55500,0.0,0.0
2024-11-01 00:00:00-04:00,5.070000171661377,5.124000072479248,4.980000019073486,5.03000020980835,49200,0.0,0.0
2024-11-04 00:00:00-05:00,5.019999980926514,5.164999961853027,4.849999904632568,4.880000114440918,135300,0.0,0.0
2024-11-05 00:00:00-05:00,4.860000133514404,5.130000114440918,4.860000133514404,5.110000133514404,66400,0.0,0.0
2024-11-06 00:00:00-05:00,4.949999809265137,4.96999979019165,4.579999923706055,4.889999866485596,200800,0.0,0.0
2024-11-07 00:00:00-05:00,4.840000152587891,4.9019999504089355,4.769999980926514,4.800000190734863,73800,0.0,0.0
2024-11-08 00:00:00-05:00,4.760000228881836,4.889999866485596,4.650000095367432,4.860000133514404,124600,0.0,0.0
2024-11-11 00:00:00-05:00,4.889999866485596,4.889999866485596,4.369999885559082,4.510000228881836,227700,0.0,0.0
2024-11-12 00:00:00-05:00,4.510000228881836,4.539999961853027,4.289999961853027,4.389999866485596,158300,0.0,0.0
2024-11-13 00:00:00-05:00,4.400000095367432,4.460000038146973,4.182000160217285,4.230000019073486,162900,0.0,0.0
2024-11-14 00:00:00-05:00,4.210000038146973,4.340000152587891,4.125,4.230000019073486,103700,0.0,0.0
2024-11-15 00:00:00-05:00,4.389999866485596,4.389999866485596,3.8949999809265137,4.239999771118164,349800,0.0,0.0
2024-11-18 00:00:00-05:00,4.199999809265137,4.550000190734863,4.190000057220459,4.349999904632568,221800,0.0,0.0
2024-11-19 00:00:00-05:00,4.300000190734863,4.349999904632568,3.9000000953674316,3.950000047683716,384900,0.0,0.0
2024-11-20 00:00:00-05:00,4.090000152587891,4.090000152587891,3.819999933242798,4.059999942779541,147900,0.0,0.0
2024-11-21 00:00:00-05:00,4.110000133514404,4.25,4.019999980926514,4.079999923706055,130400,0.0,0.0
2024-11-22 00:00:00-05:00,4.079999923706055,4.25,4.050000190734863,4.159999847412109,131400,0.0,0.0
2024-11-25 00:00:00-05:00,4.170000076293945,4.239999771118164,4.119999885559082,4.179999828338623,88200,0.0,0.0
2024-11-26 00:00:00-05:00,4.150000095367432,4.230000019073486,3.819999933242798,3.9000000953674316,260000,0.0,0.0
2024-11-27 00:00:00-05:00,3.950000047683716,4.03000020980835,3.7300000190734863,3.7699999809265137,254700,0.0,0.0
2024-11-29 00:00:00-05:00,3.7699999809265137,3.9100000858306885,3.690000057220459,3.869999885559082,208300,0.0,0.0
2024-12-02 00:00:00-05:00,3.8299999237060547,3.8580000400543213,3.559999942779541,3.5899999141693115,232400,0.0,0.0
2024-12-03 00:00:00-05:00,3.569999933242798,3.630000114440918,3.2699999809265137,3.299999952316284,341200,0.0,0.0
2024-12-04 00:00:00-05:00,3.309999942779541,3.4000000953674316,3.174999952316284,3.299999952316284,275000,0.0,0.0
2024-12-05 00:00:00-05:00,3.3499999046325684,3.3940000534057617,3.109999895095825,3.1500000953674316,266100,0.0,0.0
2024-12-06 00:00:00-05:00,3.2200000286102295,3.259999990463257,2.8499999046325684,2.9100000858306885,441800,0.0,0.0
2024-12-09 00:00:00-05:00,2.9100000858306885,3.140000104904175,2.75,3.0199999809265137,342800,0.0,0.0
2024-12-10 00:00:00-05:00,3.0199999809265137,3.0199999809265137,2.8299999237060547,2.880000114440918,391100,0.0,0.0
2024-12-11 00:00:00-05:00,2.9200000762939453,3.009999990463257,2.75,2.930000066757202,264000,0.0,0.0
2024-12-12 00:00:00-05:00,2.9000000953674316,2.940000057220459,2.680000066757202,2.7100000381469727,260500,0.0,0.0
2024-12-13 00:00:00-05:00,2.7100000381469727,2.8499999046325684,2.619999885559082,2.700000047683716,185800,0.0,0.0
2024-12-16 00:00:00-05:00,2.6500000953674316,2.8299999237060547,2.6500000953674316,2.8299999237060547,139400,0.0,0.0
2024-12-17 00:00:00-05:00,2.7699999809265137,2.9000000953674316,2.7300000190734863,2.869999885559082,198100,0.0,0.0
2024-12-18 00:00:00-05:00,2.9100000858306885,3.5399999618530273,2.9000000953674316,3.1600000858306885,1042400,0.0,0.0
2024-12-19 00:00:00-05:00,3.4200000762939453,3.4200000762939453,2.9200000762939453,2.990000009536743,483900,0.0,0.0
2024-12-20 00:00:00-05:00,2.9800000190734863,3.072999954223633,2.8499999046325684,2.880000114440918,293300,0.0,0.0
2024-12-23 00:00:00-05:00,2.890000104904175,2.9700000286102295,2.8499999046325684,2.869999885559082,259700,0.0,0.0
2024-12-24 00:00:00-05:00,2.890000104904175,2.890000104904175,2.7300000190734863,2.8299999237060547,185500,0.0,0.0
2024-12-26 00:00:00-05:00,2.7899999618530273,3.5,2.7200000286102295,3.380000114440918,820600,0.0,0.0
2024-12-27 00:00:00-05:00,3.450000047683716,3.569999933242798,3.1500000953674316,3.5,553700,0.0,0.0
2024-12-30 00:00:00-05:00,3.4800000190734863,3.4800000190734863,3.1510000228881836,3.240000009536743,296600,0.0,0.0
2024-12-31 00:00:00-05:00,3.2899999618530273,3.299999952316284,3.049999952316284,3.1700000762939453,290900,0.0,0.0
2025-01-02 00:00:00-05:00,3.25,3.7699999809265137,3.240999937057495,3.569999933242798,447100,0.0,0.0
2025-01-03 00:00:00-05:00,3.5799999237060547,3.76200008392334,3.4619998931884766,3.6700000762939453,255200,0.0,0.0
2025-01-06 00:00:00-05:00,3.75,3.869999885559082,3.614000082015991,3.75,276900,0.0,0.0
2025-01-07 00:00:00-05:00,3.75,3.990000009536743,3.509999990463257,3.559999942779541,235600,0.0,0.0
2025-01-08 00:00:00-05:00,3.5199999809265137,3.5199999809265137,3.1700000762939453,3.190000057220459,286700,0.0,0.0
2025-01-10 00:00:00-05:00,3.200000047683716,3.4200000762939453,3.200000047683716,3.3399999141693115,151100,0.0,0.0
2025-01-13 00:00:00-05:00,3.4700000286102295,3.4700000286102295,3.0199999809265137,3.119999885559082,234000,0.0,0.0
2025-01-14 00:00:00-05:00,3.1600000858306885,3.2209999561309814,2.9200000762939453,2.9700000286102295,282800,0.0,0.0
2025-01-15 00:00:00-05:00,2.9800000190734863,3.305000066757202,2.9600000381469727,3.180000066757202,414200,0.0,0.0
2025-01-16 00:00:00-05:00,3.240000009536743,3.2929999828338623,3.119999885559082,3.240000009536743,195500,0.0,0.0
2025-01-17 00:00:00-05:00,3.299999952316284,3.3450000286102295,2.9800000190734863,3.0299999713897705,237400,0.0,0.0
2025-01-21 00:00:00-05:00,3.0299999713897705,3.063999891281128,2.819999933242798,2.940000057220459,184100,0.0,0.0
2025-01-22 00:00:00-05:00,2.930000066757202,2.9600000381469727,2.7799999713897705,2.819999933242798,189900,0.0,0.0
2025-01-23 00:00:00-05:00,2.690000057220459,2.9000000953674316,2.6649999618530273,2.890000104904175,662100,0.0,0.0
2025-01-24 00:00:00-05:00,2.9000000953674316,2.990000009536743,2.7899999618530273,2.809999942779541,214700,0.0,0.0
2025-01-27 00:00:00-05:00,2.75,2.765000104904175,2.5999999046325684,2.680000066757202,323000,0.0,0.0
2025-01-28 00:00:00-05:00,2.7100000381469727,2.7750000953674316,2.609999895095825,2.759999990463257,138600,0.0,0.0
2025-01-29 00:00:00-05:00,2.7699999809265137,2.8399999141693115,2.7100000381469727,2.7300000190734863,84300,0.0,0.0
2025-01-30 00:00:00-05:00,2.7300000190734863,2.8299999237060547,2.7200000286102295,2.75,153000,0.0,0.0
2025-01-31 00:00:00-05:00,2.759999990463257,2.8289999961853027,2.640000104904175,2.6700000762939453,149800,0.0,0.0
2025-02-03 00:00:00-05:00,2.5299999713897705,2.609999895095825,2.4709999561309814,2.5899999141693115,141500,0.0,0.0
2025-02-04 00:00:00-05:00,2.6700000762939453,2.6700000762939453,2.569999933242798,2.619999885559082,180000,0.0,0.0
2025-02-05 00:00:00-05:00,2.630000114440918,2.630000114440918,2.5139999389648438,2.5399999618530273,101300,0.0,0.0
2025-02-06 00:00:00-05:00,2.569999933242798,2.680000066757202,2.569999933242798,2.5999999046325684,123500,0.0,0.0
2025-02-07 00:00:00-05:00,2.619999885559082,2.640000104904175,2.484999895095825,2.559999942779541,142400,0.0,0.0
2025-02-10 00:00:00-05:00,2.559999942779541,2.559999942779541,2.38100004196167,2.490000009536743,179900,0.0,0.0
2025-02-11 00:00:00-05:00,2.4700000286102295,2.507999897003174,2.4200000762939453,2.4600000381469727,133000,0.0,0.0
2025-02-12 00:00:00-05:00,2.430000066757202,2.444000005722046,2.3499999046325684,2.390000104904175,150700,0.0,0.0
2025-02-13 00:00:00-05:00,2.4200000762939453,2.559999942779541,2.380000114440918,2.549999952316284,90200,0.0,0.0
2025-02-14 00:00:00-05:00,2.619999885559082,2.7049999237060547,2.4800000190734863,2.559999942779541,127700,0.0,0.0
2025-02-18 00:00:00-05:00,2.549999952316284,2.690000057220459,2.5,2.6600000858306885,144600,0.0,0.0
2025-02-19 00:00:00-05:00,2.690000057220459,2.799999952316284,2.569999933242798,2.5999999046325684,183700,0.0,0.0
2025-02-20 00:00:00-05:00,2.609999895095825,2.609999895095825,2.5,2.5399999618530273,103100,0.0,0.0
2025-02-21 00:00:00-05:00,2.5799999237060547,2.5899999141693115,2.4200000762939453,2.440000057220459,120300,0.0,0.0
2025-02-24 00:00:00-05:00,2.4100000858306885,2.4200000762939453,2.2300000190734863,2.25,192000,0.0,0.0
2025-02-25 00:00:00-05:00,2.25,2.2699999809265137,2.115000009536743,2.2699999809265137,258800,0.0,0.0
2025-02-26 00:00:00-05:00,2.2899999618530273,2.440000057220459,2.2899999618530273,2.390000104904175,82300,0.0,0.0
2025-02-27 00:00:00-05:00,2.450000047683716,2.490000009536743,2.369999885559082,2.4200000762939453,74500,0.0,0.0
2025-02-28 00:00:00-05:00,2.369999885559082,2.4700000286102295,2.319999933242798,2.380000114440918,111200,0.0,0.0
2025-03-03 00:00:00-05:00,2.3399999141693115,2.388000011444092,2.109999895095825,2.130000114440918,205600,0.0,0.0
2025-03-04 00:00:00-05:00,2.109999895095825,2.25,2.109999895095825,2.2049999237060547,106700,0.0,0.0
2025-03-05 00:00:00-05:00,2.2200000286102295,2.2899999618530273,2.1760001182556152,2.2699999809265137,64100,0.0,0.0
2025-03-06 00:00:00-05:00,2.2699999809265137,2.384999990463257,2.2049999237060547,2.25,91900,0.0,0.0
2025-03-07 00:00:00-05:00,2.259999990463257,2.3410000801086426,2.119999885559082,2.2100000381469727,247100,0.0,0.0
2025-03-10 00:00:00-04:00,2.200000047683716,2.25,2.0299999713897705,2.0899999141693115,156000,0.0,0.0
2025-03-11 00:00:00-04:00,2.109999895095825,2.140000104904175,2.0399999618530273,2.130000114440918,76500,0.0,0.0
2025-03-12 00:00:00-04:00,2.1600000858306885,2.190000057220459,2.0999999046325684,2.1600000858306885,74800,0.0,0.0
2025-03-13 00:00:00-04:00,2.2200000286102295,2.25,2.0999999046325684,2.140000104904175,82900,0.0,0.0
2025-03-14 00:00:00-04:00,2.1500000953674316,2.2269999980926514,2.127000093460083,2.2100000381469727,43600,0.0,0.0
2025-03-17 00:00:00-04:00,2.200000047683716,2.2799999713897705,2.190000057220459,2.2200000286102295,60700,0.0,0.0
2025-03-18 00:00:00-04:00,2.2100000381469727,2.2100000381469727,2.140000104904175,2.180000066757202,43600,0.0,0.0
2025-03-19 00:00:00-04:00,2.190000057220459,2.2699999809265137,2.190000057220459,2.240000009536743,37400,0.0,0.0
2025-03-20 00:00:00-04:00,2.2100000381469727,2.2699999809265137,2.180000066757202,2.190000057220459,45700,0.0,0.0
2025-03-21 00:00:00-04:00,2.140000104904175,2.25,2.140000104904175,2.2100000381469727,69400,0.0,0.0
2025-03-24 00:00:00-04:00,2.259999990463257,2.2699999809265137,2.1500000953674316,2.200000047683716,77300,0.0,0.0
2025-03-25 00:00:00-04:00,2.200000047683716,2.3540000915527344,2.1700000762939453,2.2300000190734863,122700,0.0,0.0
2025-03-26 00:00:00-04:00,2.240000009536743,2.3299999237060547,2.125,2.140000104904175,52900,0.0,0.0
2025-03-27 00:00:00-04:00,2.140000104904175,2.200000047683716,2.119999885559082,2.1500000953674316,57700,0.0,0.0
2025-03-28 00:00:00-04:00,2.1500000953674316,2.180000066757202,2.009999990463257,2.009999990463257,116200,0.0,0.0
2025-03-31 00:00:00-04:00,2.0,2.059999942779541,1.9509999752044678,2.0399999618530273,96200,0.0,0.0
2025-04-01 00:00:00-04:00,2.069999933242798,2.130000114440918,2.0,2.119999885559082,78100,0.0,0.0
2025-04-02 00:00:00-04:00,2.0899999141693115,2.180000066757202,2.0350000858306885,2.069999933242798,114700,0.0,0.0
2025-04-03 00:00:00-04:00,2.009999990463257,2.130000114440918,1.909999966621399,1.9900000095367432,146300,0.0,0.0
2025-04-04 00:00:00-04:00,1.899999976158142,1.9149999618530273,1.7050000429153442,1.7899999618530273,251700,0.0,0.0
2025-04-07 00:00:00-04:00,1.659999966621399,1.850000023841858,1.6200000047683716,1.7300000190734863,107900,0.0,0.0
2025-04-08 00:00:00-04:00,1.8300000429153442,1.8329999446868896,1.5199999809265137,1.5199999809265137,152600,0.0,0.0
2025-04-09 00:00:00-04:00,1.5199999809265137,1.7200000286102295,1.5,1.690000057220459,135000,0.0,0.0
2025-04-10 00:00:00-04:00,1.7100000381469727,1.75,1.6299999952316284,1.690000057220459,93000,0.0,0.0
2025-04-11 00:00:00-04:00,1.6699999570846558,1.809999942779541,1.6699999570846558,1.7599999904632568,1157000,0.0,0.0
2025-04-14 00:00:00-04:00,1.9600000381469727,2.0,1.5499999523162842,1.5700000524520874,425200,0.0,0.0
