Date,Open,High,Low,Close,Volume,Dividends,Stock Splits,Capital Gains
2021-10-20 00:00:00-04:00,17.261460359437162,17.968763004078333,17.21239776840783,17.694835662841797,29871900,0.0,0.0,0.0
2021-10-21 00:00:00-04:00,17.437261621350455,17.494499743197835,16.521446992926833,16.69316291809082,20499700,0.0,0.0,0.0
2021-10-22 00:00:00-04:00,16.868961947786605,16.886543561651152,15.904088032074062,16.15348243713379,11914400,0.0,0.0,0.0
2021-10-25 00:00:00-04:00,16.72587397562145,16.88900266411996,16.570512205892697,16.59095573425293,7522900,0.0,0.0,0.0
2021-10-26 00:00:00-04:00,16.537806483982546,16.619575924075413,16.3497378635046,16.37835693359375,6142400,0.0,0.0,0.0
2021-10-27 00:00:00-04:00,15.56475194672803,15.677185111151166,15.331710078307532,15.560664176940918,6527000,0.0,0.0,0.0
2021-10-28 00:00:00-04:00,16.227079600104936,16.305987117027932,15.266293164752769,16.17801856994629,7176600,0.0,0.0,0.0
2021-10-29 00:00:00-04:00,16.124869614157546,16.648193033341478,16.08603034339524,16.513273239135742,7049000,0.0,0.0,0.0
2021-11-01 00:00:00-04:00,16.30475992451142,16.37426291493325,15.789613691177072,16.161663055419922,6042100,0.0,0.0,0.0
2021-11-02 00:00:00-04:00,16.66045371579723,16.934379445450784,16.58686140283501,16.754487991333008,6106400,0.0,0.0,0.0
2021-11-03 00:00:00-04:00,16.42332673566981,16.664545698122666,15.98995140489233,16.517362594604492,5160000,0.0,0.0,0.0
2021-11-04 00:00:00-04:00,16.28227531830894,16.43559240876454,15.928623210090974,16.067630767822266,4282300,0.0,0.0,0.0
2021-11-05 00:00:00-04:00,16.194372128417918,16.29249418486882,15.953153196844998,16.0512752532959,3022000,0.0,0.0,0.0
2021-11-08 00:00:00-05:00,17.232842197217828,17.54765192822588,17.159249866440785,17.400468826293945,8171800,0.0,0.0,0.0
2021-11-09 00:00:00-05:00,17.86246168826701,17.927876914505543,17.39637800636471,17.71118927001953,7763000,0.0,0.0,0.0
2021-11-10 00:00:00-05:00,17.956493971168072,18.107767932126787,17.106096125132357,17.298254013061523,9954400,0.0,0.0,0.0
2021-11-11 00:00:00-05:00,16.995709462558256,17.22670663784777,16.9466484330393,17.016151428222656,3247200,0.0,0.0,0.0
2021-11-12 00:00:00-05:00,16.713605471352498,16.8812320739434,16.333379008954754,16.81172752380371,7672600,0.0,0.0,0.0
2021-11-15 00:00:00-05:00,17.085651027892116,17.11427008344665,16.652274307232425,16.717689514160156,6204300,0.0,0.0,0.0
2021-11-16 00:00:00-05:00,15.912272178090353,16.092165264834303,15.499338751889058,15.626081466674805,8119300,0.0,0.0,0.0
2021-11-17 00:00:00-05:00,15.797793429657714,15.900004827685647,15.54676288490393,15.818235397338867,7245800,0.0,0.0,0.0
2021-11-18 00:00:00-05:00,15.458451541268564,15.53613163799459,14.824739660968493,15.172259330749512,11930400,0.0,0.0,0.0
2021-11-19 00:00:00-05:00,15.12728468269623,15.286734190622978,15.090488522434525,15.131372451782227,6827900,0.0,0.0,0.0
2021-11-22 00:00:00-05:00,15.268336169524623,15.319441858607652,14.558988955512689,14.591695785522461,10940500,0.0,0.0,0.0
2021-11-23 00:00:00-05:00,14.914684818919921,15.147726647370082,14.804296338134803,15.131372451782227,6421000,0.0,0.0,0.0
2021-11-24 00:00:00-05:00,14.64893398444771,15.004629107764002,14.603960733067847,15.000539779663086,5460200,0.0,0.0,0.0
2021-11-26 00:00:00-05:00,14.227824483143616,14.260532874969211,14.031578811055933,14.080639839172363,5211600,0.0,0.0,0.0
2021-11-29 00:00:00-05:00,14.92286386470101,15.367279752101016,14.80429827064476,15.155905723571777,6690000,0.0,0.0,0.0
2021-11-30 00:00:00-05:00,15.233995542279532,15.474804312092086,14.710263527380471,14.959659576416016,6746800,0.0,0.0,0.0
2021-12-01 00:00:00-05:00,15.26629391871375,15.421655674781398,14.726617881449396,14.75114917755127,6683000,0.0,0.0,0.0
2021-12-02 00:00:00-05:00,14.70617327143354,14.95556927830237,14.558988640519356,14.837003707885742,4670600,0.0,0.0,0.0
2021-12-03 00:00:00-05:00,14.742971512808255,14.767501248346226,13.365160847283866,13.855775833129883,14049100,0.0,0.0,0.0
2021-12-06 00:00:00-05:00,12.555646910418613,12.850016215912651,12.404374488260645,12.69465446472168,8017300,0.0,0.0,0.0
2021-12-07 00:00:00-05:00,13.262948699264888,13.524611153825335,13.050349612032853,13.136207580566406,5064600,0.0,0.0,0.0
2021-12-08 00:00:00-05:00,13.06261505446958,13.307921749729637,12.946094140277763,13.18526840209961,6224900,0.0,0.0,0.0
2021-12-09 00:00:00-05:00,12.73962655437883,12.751892200916389,12.265365805613325,12.35122299194336,7156600,0.0,0.0,0.0
2021-12-10 00:00:00-05:00,12.866367063077632,12.911340315725438,12.26945303249451,12.571998596191406,8618700,0.0,0.0,0.0
2021-12-13 00:00:00-05:00,12.408464325391567,12.44117194275116,11.844256951174692,12.08547592163086,9171400,0.0,0.0,0.0
2021-12-14 00:00:00-05:00,12.159064117893816,12.416637199282805,12.033139482996736,12.396194458007812,7042600,0.0,0.0,0.0
2021-12-15 00:00:00-05:00,12.363487508961757,12.845925311343803,12.065030488779943,12.776421546936035,9616800,0.0,0.0,0.0
2021-12-16 00:00:00-05:00,12.629239535088391,12.682389896418435,12.318516805178362,12.412551879882812,5015400,0.0,0.0,0.0
2021-12-17 00:00:00-05:00,12.07320808645666,12.273542291044102,11.766573956612651,11.975085258483887,6895200,0.0,0.0,0.0
2021-12-20 00:00:00-05:00,11.84834385318482,12.240835986730913,11.787017176640088,12.175420761108398,4705400,0.0,0.0,0.0
2021-12-21 00:00:00-05:00,12.61288657650587,12.682390357827726,12.519669520198134,12.608798027038574,3273900,0.0,0.0,0.0
2021-12-22 00:00:00-05:00,12.637413852634376,12.766200398488087,12.563821540717969,12.711006164550781,3629600,0.0,0.0,0.0
2021-12-23 00:00:00-05:00,12.58426614083118,13.324276358051991,12.559734846696507,13.222064971923828,5727700,0.0,0.0,0.0
2021-12-27 00:00:00-05:00,13.283391265588131,13.508255983477397,13.193444754583687,13.271124839782715,4773700,0.0,0.0,0.0
2021-12-28 00:00:00-05:00,12.69874335168354,12.739628065179653,12.240427343197194,12.363490104675293,7170700,0.0,0.0,0.0
2021-12-29 00:00:00-05:00,12.261278848476541,12.432994023238926,12.146801805364596,12.220394134521484,4398600,0.0,0.0,0.0
2021-12-30 00:00:00-05:00,12.195862110559846,12.381886795240598,12.159065950529722,12.187685012817383,4659800,0.0,0.0,0.0
2021-12-31 00:00:00-05:00,12.412553567029368,12.457526056024053,11.795196572615087,11.815638542175293,5522200,0.0,0.0,0.0
2022-01-03 00:00:00-05:00,12.163156722517611,12.212218538128685,11.782930185917872,11.836080551147461,5205600,0.0,0.0,0.0
2022-01-04 00:00:00-05:00,12.13044725158423,12.29398531227713,11.733867356927576,11.946466445922852,6253900,0.0,0.0,0.0
2022-01-05 00:00:00-05:00,11.962818472441338,12.089560349017333,11.248974167666187,11.300488471984863,10718700,0.0,0.0,0.0
2022-01-06 00:00:00-05:00,11.038828981658341,11.23507464306653,10.957059566166125,11.153306007385254,6675300,0.0,0.0,0.0
2022-01-07 00:00:00-05:00,10.785347494154832,10.875294032816985,10.446005648738653,10.797613143920898,9618100,0.0,0.0,0.0
2022-01-10 00:00:00-05:00,10.253844604492732,10.84667086226012,10.172075196590034,10.75672435760498,12742500,0.0,0.0,0.0
2022-01-11 00:00:00-05:00,10.66678027467045,11.128775394945055,10.625895564425823,11.04291820526123,8372200,0.0,0.0,0.0
2022-01-12 00:00:00-05:00,11.308666990999821,11.351595583332013,11.16965945218144,11.292313575744629,6993300,0.0,0.0,0.0
2022-01-13 00:00:00-05:00,11.41496736147873,11.455852070916162,10.89164479626374,11.022475242614746,6406900,0.0,0.0,0.0
2022-01-14 00:00:00-05:00,10.8957327797787,11.194189817505533,10.850760303561145,11.108332633972168,7138100,0.0,0.0,0.0
2022-01-18 00:00:00-05:00,10.687221205170886,10.777167714962811,10.61771743842754,10.744460105895996,5490100,0.0,0.0,0.0
2022-01-19 00:00:00-05:00,10.87120239414035,10.981590871237586,10.679045281268488,10.711752891540527,5608600,0.0,0.0,0.0
2022-01-20 00:00:00-05:00,10.932529608060173,11.214633248027662,10.924352510133932,10.997944831848145,8127200,0.0,0.0,0.0
2022-01-21 00:00:00-05:00,9.926772270502616,10.051469533784141,9.665110534569857,9.853179931640625,14546700,0.0,0.0,0.0
2022-01-24 00:00:00-05:00,8.65525943914101,9.673284660905786,8.545688986436792,9.599692344665527,19580500,0.0,0.0,0.0
2022-01-25 00:00:00-05:00,9.444332866080448,9.677374717274636,9.260352046816065,9.493393898010254,14666800,0.0,0.0,0.0
2022-01-26 00:00:00-05:00,9.89814847370144,10.008536937971405,9.436153434816891,9.505657196044922,16864700,0.0,0.0,0.0
2022-01-27 00:00:00-05:00,9.493394970046728,9.575164405578231,9.121345520019531,9.121345520019531,10216500,0.0,0.0,0.0
2022-01-28 00:00:00-05:00,9.5383665983597,9.73870082319132,9.405491483408964,9.71825885772705,8518700,0.0,0.0,0.0
2022-01-31 00:00:00-05:00,9.599692409190563,9.971741761740702,9.562896250823107,9.877707481384277,5328500,0.0,0.0,0.0
2022-02-01 00:00:00-05:00,10.008540219867214,10.100530636923386,9.812294516688118,9.894063949584961,5361600,0.0,0.0,0.0
2022-02-02 00:00:00-05:00,9.861354271069997,9.865442040030377,9.509746874845597,9.64057731628418,4222400,0.0,0.0,0.0
2022-02-03 00:00:00-05:00,9.387093753345107,9.53632307009248,9.309413657829328,9.338032722473145,3561700,0.0,0.0,0.0
2022-02-04 00:00:00-05:00,9.714173277702685,10.523687522558433,9.64058093184103,10.450095176696777,13078400,0.0,0.0,0.0
2022-02-07 00:00:00-05:00,11.042915909116193,11.46811477974046,10.993854111061827,11.378169059753418,10917000,0.0,0.0,0.0
2022-02-08 00:00:00-05:00,11.218721864383477,11.41496753692627,10.989767799939234,11.41496753692627,4576000,0.0,0.0,0.0
2022-02-09 00:00:00-05:00,11.349552768628755,11.541709899902344,11.24325283011219,11.541709899902344,3774400,0.0,0.0,0.0
2022-02-10 00:00:00-05:00,11.194190704872234,11.79110560745445,11.194190704872234,11.341375350952148,11501800,0.0,0.0,0.0
2022-02-11 00:00:00-05:00,11.210546077559266,11.31153083195181,10.805789038171492,10.895734786987305,10060500,0.0,0.0,0.0
2022-02-14 00:00:00-05:00,10.981592015688957,11.026564497117999,10.74446162155129,10.846673011779785,5875500,0.0,0.0,0.0
2022-02-15 00:00:00-05:00,11.3986133739037,11.464029378084588,11.275960023162881,11.36590576171875,3897500,0.0,0.0,0.0
2022-02-16 00:00:00-05:00,11.22689802605324,11.419055926740798,11.136952289010981,11.349552154541016,4197600,0.0,0.0,0.0
2022-02-17 00:00:00-05:00,10.822139409247507,10.86711266089872,10.482797697233181,10.507328987121582,7666000,0.0,0.0,0.0
2022-02-18 00:00:00-05:00,10.372412267440916,10.478711427495123,10.13528187229879,10.266112327575684,9924100,0.0,0.0,0.0
2022-02-22 00:00:00-05:00,9.628311102534546,9.844999495778707,9.595603494102493,9.726434707641602,6807300,0.0,0.0,0.0
2022-02-23 00:00:00-05:00,9.9880947206962,10.01875766233465,9.577204596367828,9.652841567993164,8870500,0.0,0.0,0.0
2022-02-24 00:00:00-05:00,9.050206487491634,10.19660995205635,9.027311232652778,9.836825370788574,16154000,0.0,0.0,0.0
2022-02-25 00:00:00-05:00,10.082132702450227,10.163492735718592,9.881798446685746,10.028983116149902,7294900,0.0,0.0,0.0
2022-02-28 00:00:00-05:00,10.012625480353536,10.785343170166016,10.008536932070669,10.785343170166016,13625700,0.0,0.0,0.0
2022-03-01 00:00:00-05:00,11.432136599387471,11.45584986666442,11.100153976753457,11.35772705078125,11998800,0.0,0.0,0.0
2022-03-02 00:00:00-05:00,11.263697179538621,11.66027795327183,11.161485768545308,11.275962829589844,7551100,0.0,0.0,0.0
2022-03-03 00:00:00-05:00,11.267785467597124,11.300493087162135,10.736286454712896,10.797613143920898,11761100,0.0,0.0,0.0
2022-03-04 00:00:00-05:00,10.613630262173244,10.658603522884302,10.020804673707783,10.131193161010742,8665200,0.0,0.0,0.0
2022-03-07 00:00:00-05:00,10.045335588026916,10.139369882514236,9.53427862258142,9.632401466369629,9189100,0.0,0.0,0.0
2022-03-08 00:00:00-05:00,9.934945751177668,10.10666089951014,9.783673346581763,9.873619079589844,7486100,0.0,0.0,0.0
2022-03-09 00:00:00-05:00,10.826228932377873,10.952971602114213,10.719929006055908,10.76081371307373,7202600,0.0,0.0,0.0
2022-03-10 00:00:00-05:00,10.028980437324787,10.20069557922937,9.955388122249834,10.163899421691895,4262700,0.0,0.0,0.0
2022-03-11 00:00:00-05:00,10.139367887190767,10.1679877266649,9.80411470860267,9.82046890258789,4508100,0.0,0.0,0.0
2022-03-14 00:00:00-04:00,9.943122863769531,10.053511340681789,9.84908858187136,9.943122863769531,3494200,0.0,0.0,0.0
2022-03-15 00:00:00-04:00,9.955390386102362,10.225228416197659,9.869532405720538,10.200697898864746,5141500,0.0,0.0,0.0
2022-03-16 00:00:00-04:00,10.368322985417809,10.576834301207189,10.082130799869018,10.490976333618164,7204500,0.0,0.0,0.0
2022-03-17 00:00:00-04:00,10.50733067668456,10.572745900617255,10.413295609946703,10.48688793182373,2516200,0.0,0.0,0.0
2022-03-18 00:00:00-04:00,10.384675008785694,10.809874681179075,10.339702536375103,10.8057861328125,5578200,0.0,0.0,0.0
2022-03-21 00:00:00-04:00,10.617718905534828,10.662692166644987,10.437827420716228,10.568657875061035,4770000,0.0,0.0,0.0
2022-03-22 00:00:00-04:00,11.010211123598301,11.112422514229833,10.850761603752641,10.867115020751953,5701900,0.0,0.0,0.0
2022-03-23 00:00:00-04:00,10.850762958923642,10.985681980215098,10.756727875142046,10.8344087600708,5161100,0.0,0.0,0.0
2022-03-24 00:00:00-04:00,11.002032539333314,11.386347534551984,10.944794417849376,11.296401023864746,7568000,0.0,0.0,0.0
2022-03-25 00:00:00-04:00,11.532715762025832,11.605898687639428,11.296402607689323,11.423145294189453,9335800,0.0,0.0,0.0
2022-03-28 00:00:00-04:00,12.183596780574803,12.385975665999926,12.144756735005164,12.31851577758789,6759100,0.0,0.0,0.0
2022-03-29 00:00:00-04:00,12.281721045833441,12.353268707195209,12.105917329560503,12.257189750671387,5306600,0.0,0.0,0.0
2022-03-30 00:00:00-04:00,12.105914948641331,12.265364436779992,12.005747462624178,12.060941696166992,4069100,0.0,0.0,0.0
2022-03-31 00:00:00-04:00,12.122269802661831,12.122269802661831,11.66436324597793,11.676628112792969,5067200,0.0,0.0,0.0
2022-04-01 00:00:00-04:00,11.627567480723286,11.990621743335403,11.594859868420997,11.901494026184082,7977300,0.0,0.0,0.0
2022-04-04 00:00:00-04:00,11.791923571175442,11.876963524799386,11.545798830659516,11.766575813293457,3693200,0.0,0.0,0.0
2022-04-05 00:00:00-04:00,11.909668143290988,11.938287981100672,11.633697764232654,11.79110336303711,4097500,0.0,0.0,0.0
2022-04-06 00:00:00-04:00,11.492646670637683,11.502867651656208,11.018385977118108,11.177835464477539,7099400,0.0,0.0,0.0
2022-04-07 00:00:00-04:00,11.0878923163004,11.202368578006409,10.993857241570543,11.067449569702148,4540100,0.0,0.0,0.0
2022-04-08 00:00:00-04:00,10.944795199366526,11.259606449629235,10.834406717355813,10.907999038696289,5543400,0.0,0.0,0.0
2022-04-11 00:00:00-04:00,10.45417940061208,10.52981560041894,10.151633821573725,10.184341430664062,4800700,0.0,0.0,0.0
2022-04-12 00:00:00-04:00,10.347879848130539,10.35319503949917,10.008538099189575,10.012626647949219,4285900,0.0,0.0,0.0
2022-04-13 00:00:00-04:00,10.154496335711814,10.613629533036097,10.13936878292018,10.495064735412598,5109200,0.0,0.0,0.0
2022-04-14 00:00:00-04:00,10.51959507429512,10.55230268480171,10.106661004267583,10.172076225280762,5129400,0.0,0.0,0.0
2022-04-18 00:00:00-04:00,10.06577896731976,10.495066533356859,9.967655337551934,10.380589485168457,6876800,0.0,0.0,0.0
2022-04-19 00:00:00-04:00,10.462357541957198,10.674957412166842,10.441915576664767,10.601365089416504,3554400,0.0,0.0,0.0
2022-04-20 00:00:00-04:00,10.752636819885643,10.764902466167174,10.431693150389496,10.523683547973633,5789800,0.0,0.0,0.0
2022-04-21 00:00:00-04:00,10.948883261335448,10.985679420369102,10.519594999213123,10.523683547973633,4859400,0.0,0.0,0.0
2022-04-22 00:00:00-04:00,10.323349802640134,10.370366945787712,9.994229020796107,10.069865226745605,5635700,0.0,0.0,0.0
2022-04-25 00:00:00-04:00,9.88997360171525,10.311083999075638,9.855221326119034,10.262022972106934,7760800,0.0,0.0,0.0
2022-04-26 00:00:00-04:00,10.262022831187252,10.270199928840068,9.646709879504524,9.755054473876953,7539700,0.0,0.0,0.0
2022-04-27 00:00:00-04:00,9.943122451389987,10.078041435416823,9.800026370195244,9.906326293945312,4498900,0.0,0.0,0.0
2022-04-28 00:00:00-04:00,10.05760098981157,10.319261900177066,9.914504887026304,10.196608543395996,7616600,0.0,0.0,0.0
2022-04-29 00:00:00-04:00,9.947210916684623,10.04533374244519,9.714169108026914,9.74687671661377,5787100,0.0,0.0,0.0
2022-05-02 00:00:00-04:00,9.885884414511262,9.971741596068265,9.683505546852604,9.812292098999023,6414300,0.0,0.0,0.0
2022-05-03 00:00:00-04:00,9.771409388498139,9.795939905409098,9.530190429409002,9.579252243041992,5523000,0.0,0.0,0.0
2022-05-04 00:00:00-04:00,9.951298496633454,10.208870791708007,9.828645171323824,10.167986869812012,6639500,0.0,0.0,0.0
2022-05-05 00:00:00-04:00,10.045333392549761,10.045333392549761,9.043662427085337,9.243996620178223,11554300,0.0,0.0,0.0
2022-05-06 00:00:00-04:00,9.141786913057661,9.25626317005129,8.965983198604858,9.154051780700684,5444200,0.0,0.0,0.0
2022-05-09 00:00:00-04:00,8.324096560034885,8.499900290576416,7.714916717333333,7.862100601196289,12472900,0.0,0.0,0.0
2022-05-10 00:00:00-04:00,8.16873419189105,8.234149419828855,7.833480953757037,7.947957992553711,7176500,0.0,0.0,0.0
2022-05-11 00:00:00-04:00,7.575908798187051,8.127849701513837,7.400105075872454,7.432812690734863,14410900,0.0,0.0,0.0
2022-05-12 00:00:00-04:00,7.236567175752005,7.582041414790321,7.043182608664353,7.240654945373535,19023600,0.0,0.0,0.0
2022-05-13 00:00:00-04:00,7.772153682619252,7.886630712690062,7.465519532604446,7.637234687805176,7862700,0.0,0.0,0.0
2022-05-16 00:00:00-04:00,7.588172670732281,7.612703963518618,7.383749909711825,7.490049839019775,4154800,0.0,0.0,0.0
2022-05-17 00:00:00-04:00,7.768065283425162,7.821214860668606,7.485961641627383,7.633146286010742,6501100,0.0,0.0,0.0
2022-05-18 00:00:00-04:00,7.481872542505575,7.516624816456795,7.2856268842981,7.4123687744140625,5417400,0.0,0.0,0.0
2022-05-19 00:00:00-04:00,7.530935329053803,7.759888626819764,7.453254453454074,7.612704753875732,5605800,0.0,0.0,0.0
2022-05-20 00:00:00-04:00,7.698562499851778,7.727181566647224,7.281539807032481,7.436901569366455,5739500,0.0,0.0,0.0
2022-05-23 00:00:00-04:00,7.735358353681519,7.768065968672963,7.375574588775635,7.375574588775635,5331600,0.0,0.0,0.0
2022-05-24 00:00:00-04:00,7.428724330532293,7.522758628179406,7.265186252056646,7.449166297912598,8812000,0.0,0.0,0.0
2022-05-25 00:00:00-04:00,7.477785483425731,7.633146449300922,7.457342738040179,7.502315998077393,6188500,0.0,0.0,0.0
2022-05-26 00:00:00-04:00,7.150709065567537,7.571820291635092,7.146620516210254,7.453254699707031,9657000,0.0,0.0,0.0
2022-05-27 00:00:00-04:00,7.408282689789079,7.461432275207921,7.148665637594923,7.3142476081848145,12572700,0.0,0.0,0.0
2022-05-31 00:00:00-04:00,8.086965081646238,8.244370708507276,7.9275147903860645,8.02563762664795,9464400,0.0,0.0,0.0
2022-06-01 00:00:00-04:00,8.095140198310343,8.107405843451701,7.579995579347154,7.6249680519104,6636000,0.0,0.0,0.0
2022-06-02 00:00:00-04:00,7.567729630215278,7.7312676598098475,7.539110572512583,7.690382957458496,6050300,0.0,0.0,0.0
2022-06-03 00:00:00-04:00,7.498225212097168,7.547286226764396,7.412367266713367,7.498225212097168,4776300,0.0,0.0,0.0
2022-06-06 00:00:00-04:00,7.988841542967912,8.07837865242727,7.886630166705647,7.997017860412598,6424500,0.0,0.0,0.0
2022-06-07 00:00:00-04:00,7.498227881968103,7.97248868494399,7.4552992838961325,7.886631488800049,7038300,0.0,0.0,0.0
2022-06-08 00:00:00-04:00,7.706738459667638,7.83143647211008,7.579996562675256,7.637234687805176,5410600,0.0,0.0,0.0
2022-06-09 00:00:00-04:00,7.6494991426462535,7.727180008145721,7.584083923218574,7.600438117980957,2847600,0.0,0.0,0.0
2022-06-10 00:00:00-04:00,7.453254759466151,7.51826136908938,7.294213853304608,7.338778495788574,5387900,0.0,0.0,0.0
2022-06-13 00:00:00-04:00,5.928260464045145,6.140860336806922,5.723837689422899,5.854668140411377,22112200,0.0,0.0,0.0
2022-06-14 00:00:00-04:00,5.703395224967832,5.776987547194995,5.5746090509757895,5.6134490966796875,15399600,0.0,0.0,0.0
2022-06-15 00:00:00-04:00,5.421291333765314,5.6829521998910115,5.131011017978034,5.478529453277588,25624700,0.0,0.0,0.0
2022-06-16 00:00:00-04:00,5.388584190791179,5.435601332994779,5.245488099843593,5.282284259796143,14511800,0.0,0.0,0.0
2022-06-17 00:00:00-04:00,5.225045304691505,5.298228607574972,5.151453380899532,5.200514793395996,11869700,0.0,0.0,0.0
2022-06-21 00:00:00-04:00,5.364052752451707,5.509193103352714,5.2822837328834,5.294548988342285,12501600,0.0,0.0,0.0
2022-06-22 00:00:00-04:00,5.208692370782064,5.290461405271281,5.012446688007941,5.098304271697998,9795800,0.0,0.0,0.0
2022-06-23 00:00:00-04:00,5.2005147133150915,5.3027260852518365,5.094214792923571,5.294548988342285,8418600,0.0,0.0,0.0
2022-06-24 00:00:00-04:00,5.380406856536865,5.4212915635546866,5.261841674071738,5.380406856536865,7994600,0.0,0.0,0.0
2022-06-27 00:00:00-04:00,5.376318409942821,5.376318409942821,5.163718943167384,5.261841773986816,8145500,0.0,0.0,0.0
2022-06-28 00:00:00-04:00,5.314992310570802,5.339523215870324,5.09012717329632,5.098304271697998,6626800,0.0,0.0,0.0
2022-06-29 00:00:00-04:00,5.0778621569325715,5.122835030562669,5.014491200929815,5.102392673492432,7697400,0.0,0.0,0.0
2022-06-30 00:00:00-04:00,4.848908341971775,4.861173989859748,4.724210707688219,4.746696949005127,9600800,0.0,0.0,0.0
2022-07-01 00:00:00-04:00,4.8611738546938,4.963385244818438,4.844820047870078,4.8897929191589355,8620300,0.0,0.0,0.0
2022-07-05 00:00:00-04:00,4.88570408741608,5.180072983124007,4.865261732592317,5.163719177246094,10137000,0.0,0.0,0.0
2022-07-06 00:00:00-04:00,5.102391413829893,5.175983725152293,5.061507099688342,5.135099411010742,5514900,0.0,0.0,0.0
2022-07-07 00:00:00-04:00,5.155541730624663,5.535768178948834,5.143276474522243,5.531679630279541,9052100,0.0,0.0,0.0
2022-07-08 00:00:00-04:00,5.396760980750244,5.595051314644657,5.351788112293458,5.511237621307373,8833200,0.0,0.0,0.0
2022-07-11 00:00:00-04:00,5.1923386666881886,5.237311928976825,5.1085253559391175,5.175984859466553,5615300,0.0,0.0,0.0
2022-07-12 00:00:00-04:00,5.020623035201665,5.057419195550205,4.857084977992028,4.885704040527344,7931900,0.0,0.0,0.0
2022-07-13 00:00:00-04:00,4.795758387593233,5.053331145557613,4.771227871542639,4.9552083015441895,8055700,0.0,0.0,0.0
2022-07-14 00:00:00-04:00,4.975651011150773,5.278196663273454,4.951529114376743,5.2127814292907715,6980700,0.0,0.0,0.0
2022-07-15 00:00:00-04:00,5.2986379328414595,5.355876445770264,5.220957455921734,5.355876445770264,7756300,0.0,0.0,0.0
2022-07-18 00:00:00-04:00,5.621625583537056,5.764721663443815,5.40493757930879,5.466264247894287,10495600,0.0,0.0,0.0
2022-07-19 00:00:00-04:00,5.646157389269189,5.993675883425385,5.572565063254824,5.93234920501709,15314400,0.0,0.0,0.0
2022-07-20 00:00:00-04:00,6.042736069014528,6.142903164557139,5.9241708957288415,5.985497951507568,13783100,0.0,0.0,0.0
2022-07-21 00:00:00-04:00,5.744280350131515,5.8832879066467285,5.650245666057185,5.8832879066467285,8760600,0.0,0.0,0.0
2022-07-22 00:00:00-04:00,5.969144656863061,6.016161797368187,5.699306290260648,5.715660095214844,7252400,0.0,0.0,0.0
2022-07-25 00:00:00-04:00,5.5398575350134625,5.568067979075418,5.449911400707289,5.535768985748291,5558200,0.0,0.0,0.0
2022-07-26 00:00:00-04:00,5.290460967615887,5.327257127568437,5.233222843161236,5.282284259796143,5246300,0.0,0.0,0.0
2022-07-27 00:00:00-04:00,5.380405627430675,5.842400995609256,5.380405627430675,5.772897243499756,9390000,0.0,0.0,0.0
2022-07-28 00:00:00-04:00,5.854667899523342,6.1122406317383025,5.754500790868438,6.046825408935547,7459400,0.0,0.0,0.0
2022-07-29 00:00:00-04:00,5.9895862268675195,6.14494755867155,5.940524815230263,6.063178539276123,9461900,0.0,0.0,0.0
2022-08-01 00:00:00-04:00,5.844447610648245,5.948703280575154,5.779032380083641,5.809695720672607,6753600,0.0,0.0,0.0
2022-08-02 00:00:00-04:00,5.756544621836441,5.928259763417523,5.7279255615414115,5.801517486572266,6166700,0.0,0.0,0.0
2022-08-03 00:00:00-04:00,5.879198857301445,5.965056435499033,5.864889325919428,5.940525531768799,6352500,0.0,0.0,0.0
2022-08-04 00:00:00-04:00,5.793340155519017,5.8546668180924195,5.652288363713697,5.654332637786865,7663700,0.0,0.0,0.0
2022-08-05 00:00:00-04:00,5.817872151996438,5.907818284684615,5.740191666883134,5.793341636657715,9272600,0.0,0.0,0.0
2022-08-08 00:00:00-04:00,6.079533020336925,6.14086008414362,6.01411779753417,6.046825408935547,7767000,0.0,0.0,0.0
2022-08-09 00:00:00-04:00,5.8751105653617,5.887375822810602,5.7647224685105725,5.817872047424316,2985900,0.0,0.0,0.0
2022-08-10 00:00:00-04:00,6.099976726266848,6.1122419857831165,5.936438633031371,5.969146251678467,7315000,0.0,0.0,0.0
2022-08-11 00:00:00-04:00,6.222629707023462,6.300310194045289,6.079533601044995,6.12450647354126,7223200,0.0,0.0,0.0
2022-08-12 00:00:00-04:00,6.010029260891197,6.128594449939397,5.979365923878047,6.116329193115234,5128500,0.0,0.0,0.0
2022-08-15 00:00:00-04:00,6.087710929612026,6.128595254360754,6.044781940234497,6.050914764404297,3481500,0.0,0.0,0.0
2022-08-16 00:00:00-04:00,6.034559579995617,6.067267188295963,5.9568787178532085,6.0386481285095215,3629200,0.0,0.0,0.0
2022-08-17 00:00:00-04:00,5.956879280683969,5.96710065293449,5.842402640816528,5.850579738616943,5922600,0.0,0.0,0.0
2022-08-18 00:00:00-04:00,5.924172229800572,5.924172229800572,5.850580292161445,5.8832879066467285,2519000,0.0,0.0,0.0
2022-08-19 00:00:00-04:00,5.409025352724952,5.4376448006113245,5.304770101535655,5.34769868850708,6517700,0.0,0.0,0.0
2022-08-22 00:00:00-04:00,5.319079312195733,5.400848322894413,5.261840809753957,5.28637170791626,3922700,0.0,0.0,0.0
2022-08-23 00:00:00-04:00,5.388585311854049,5.458089097356383,5.369369596088633,5.4172043800354,3656800,0.0,0.0,0.0
2022-08-24 00:00:00-04:00,5.384495601786123,5.503060788579591,5.364053247530944,5.458087921142578,2838000,0.0,0.0,0.0
2022-08-25 00:00:00-04:00,5.421291167660945,5.466264030172002,5.368141208381276,5.413114070892334,3280000,0.0,0.0,0.0
2022-08-26 00:00:00-04:00,5.470353034296508,5.478529741840894,5.116701757605188,5.147365093231201,10825900,0.0,0.0,0.0
2022-08-29 00:00:00-04:00,5.004269203001161,5.116701957905159,4.992003946251709,5.0369768142700195,4878100,0.0,0.0,0.0
2022-08-30 00:00:00-04:00,5.098304389370257,5.131012003920857,4.873439246905737,4.979739189147949,5602100,0.0,0.0,0.0
2022-08-31 00:00:00-04:00,5.086038031432104,5.122834190140865,4.963384688943523,5.053330421447754,4224900,0.0,0.0,0.0
2022-09-01 00:00:00-04:00,4.992004412623645,5.016535318319801,4.869350663953907,4.96747350692749,5542900,0.0,0.0,0.0
2022-09-02 00:00:00-04:00,5.106481098055146,5.135100553216063,4.926589218026843,4.979739189147949,7435300,0.0,0.0,0.0
2022-09-06 00:00:00-04:00,4.971560605227051,4.983825859542711,4.681280320387047,4.689457416534424,12062400,0.0,0.0,0.0
2022-09-07 00:00:00-04:00,4.713988990721476,4.816200376235245,4.705812282631231,4.767138957977295,5835800,0.0,0.0,0.0
2022-09-08 00:00:00-04:00,4.78758248478573,4.865262985229492,4.773272949696531,4.865262985229492,6591600,0.0,0.0,0.0
2022-09-09 00:00:00-04:00,5.27410585221497,5.411069085852995,5.270017694273157,5.384494304656982,8431300,0.0,0.0,0.0
2022-09-12 00:00:00-04:00,5.6379790184425875,5.67845471063452,5.556210002383951,5.662509918212891,6944700,0.0,0.0,0.0
2022-09-13 00:00:00-04:00,5.376317582976015,5.419655179417164,5.051285414714696,5.106479644775391,8162200,0.0,0.0,0.0
2022-09-14 00:00:00-04:00,5.118746434682987,5.122834593824081,4.936809901164652,5.020623207092285,6898100,0.0,0.0,0.0
2022-09-15 00:00:00-04:00,5.032888493471177,5.077861360043502,4.902057662696782,4.971561431884766,5018500,0.0,0.0,0.0
2022-09-16 00:00:00-04:00,4.97156221503675,4.9756507644343255,4.855041286544565,4.930677890777588,6223100,0.0,0.0,0.0
2022-09-19 00:00:00-04:00,4.713988553387253,4.922499854068292,4.713988553387253,4.906146049499512,6703600,0.0,0.0,0.0
2022-09-20 00:00:00-04:00,4.750785774324948,4.855041447996915,4.707857173939425,4.7630510330200195,5089600,0.0,0.0,0.0
2022-09-21 00:00:00-04:00,4.852995902669714,5.00426868665609,4.705811667146455,4.77122688293457,11488300,0.0,0.0,0.0
2022-09-22 00:00:00-04:00,4.808023954235783,4.9041025219696905,4.718077820458084,4.852996826171875,7995700,0.0,0.0,0.0
2022-09-23 00:00:00-04:00,4.779403222184508,4.785536044407269,4.648572800675564,4.722165107727051,8582800,0.0,0.0,0.0
2022-09-26 00:00:00-04:00,4.791669778043452,4.855040726777324,4.767138874391847,4.828465938568115,4661100,0.0,0.0,0.0
2022-09-27 00:00:00-04:00,5.069684145339767,5.124878382519962,4.728298130422007,4.799846172332764,7444600,0.0,0.0,0.0
2022-09-28 00:00:00-04:00,4.820290007443123,4.955209035419717,4.787582387927924,4.9265899658203125,8103600,0.0,0.0,0.0
2022-09-29 00:00:00-04:00,4.852996756329183,4.942942888812409,4.730343010198515,4.8897929191589355,4890800,0.0,0.0,0.0
2022-09-30 00:00:00-04:00,4.838686701841181,5.090126600831731,4.834598153100163,4.902057647705078,8115300,0.0,0.0,0.0
2022-10-03 00:00:00-04:00,4.840731753558582,4.963385506147129,4.799847039393889,4.930677890777588,9041800,0.0,0.0,0.0
2022-10-04 00:00:00-04:00,5.045155369612741,5.12692442140841,5.017762552056034,5.118747711181641,8210000,0.0,0.0,0.0
2022-10-05 00:00:00-04:00,5.028800985055268,5.143277644498037,4.979739559579796,5.0737738609313965,5885700,0.0,0.0,0.0
2022-10-06 00:00:00-04:00,5.073773010162168,5.135100074152361,5.0087667980172546,5.0492424964904785,6864900,0.0,0.0,0.0
2022-10-07 00:00:00-04:00,4.947031437994717,4.9588876847556955,4.859129580102645,4.8897929191589355,7260800,0.0,0.0,0.0
2022-10-10 00:00:00-04:00,4.877527171224206,4.88365960447572,4.797393408871432,4.82028865814209,3118800,0.0,0.0,0.0
2022-10-11 00:00:00-04:00,4.799846570149262,4.826421748729918,4.730342796807459,4.767138957977295,4904500,0.0,0.0,0.0
2022-10-12 00:00:00-04:00,4.795758135010629,4.824377588769693,4.780222350279768,4.812112331390381,2587000,0.0,0.0,0.0
2022-10-13 00:00:00-04:00,4.581114165283467,4.9225002008758825,4.570893182922421,4.885704040527344,13273000,0.0,0.0,0.0
2022-10-14 00:00:00-04:00,4.963385085259365,4.983827050702731,4.812112279526562,4.824377536773682,8380900,0.0,0.0,0.0
2022-10-17 00:00:00-04:00,4.934766675746323,4.963386135251308,4.893882346305113,4.9265899658203125,4210400,0.0,0.0,0.0
2022-10-18 00:00:00-04:00,4.955207783328441,4.967473040071038,4.803934983818145,4.840731143951416,4789400,0.0,0.0,0.0
2022-10-19 00:00:00-04:00,4.82846588720882,4.861582119404378,4.799846434935452,4.840731143951416,2208300,0.0,0.0,0.0
2022-10-20 00:00:00-04:00,4.820288525722331,4.877527037232029,4.771227111530645,4.799846172332764,3865900,0.0,0.0,0.0
2022-10-21 00:00:00-04:00,4.775315921450259,4.855040675135359,4.75282929250093,4.840731143951416,6820000,0.0,0.0,0.0
2022-10-24 00:00:00-04:00,4.877528432484234,4.902058951644479,4.824378454429607,4.881616592407227,4297400,0.0,0.0,0.0
2022-10-25 00:00:00-04:00,4.881615148922942,5.159630216567671,4.881615148922942,5.126922607421875,13740000,0.0,0.0,0.0
2022-10-26 00:00:00-04:00,5.16494657424699,5.312948480571834,5.137144749279165,5.249577522277832,12256200,0.0,0.0,0.0
2022-10-27 00:00:00-04:00,5.245487409349253,5.251620231835872,5.167806940712558,5.229133605957031,6647400,0.0,0.0,0.0
2022-10-28 00:00:00-04:00,5.1391883009923855,5.24753250920458,5.133055867446264,5.2086920738220215,8205800,0.0,0.0,0.0
2022-10-31 00:00:00-04:00,5.216870128325374,5.233223937289489,5.09830491585914,5.13918924331665,4302100,0.0,0.0,0.0
2022-11-01 00:00:00-04:00,5.175984434178157,5.184161532069858,5.122425846647275,5.163719177246094,2309400,0.0,0.0,0.0
2022-11-02 00:00:00-04:00,5.151454241592368,5.261024708817367,5.065596657902311,5.098304271697998,7493800,0.0,0.0,0.0
2022-11-03 00:00:00-04:00,5.077861863620419,5.135100382129713,5.06150805688998,5.110569477081299,5400100,0.0,0.0,0.0
2022-11-04 00:00:00-04:00,5.270018596081045,5.396351860877791,5.220957183235424,5.339522361755371,11666600,0.0,0.0,0.0
2022-11-07 00:00:00-05:00,5.2332221418925515,5.278195003638337,5.2086912419095786,5.253664493560791,4578100,0.0,0.0,0.0
2022-11-08 00:00:00-05:00,4.93844535694912,5.212780514557414,4.2479052028170745,4.550450801849365,49341600,0.0,0.0,0.0
2022-11-09 00:00:00-05:00,4.367287350813854,4.456415441292671,3.926960529508951,3.9494471549987793,39911000,0.0,0.0,0.0
2022-11-10 00:00:00-05:00,4.202932586971839,4.501390072620204,4.074146396732048,4.440062999725342,36835100,0.0,0.0,0.0
2022-11-11 00:00:00-05:00,3.982155125600555,4.174312622147142,3.9576246136446676,3.998508930206299,22101400,0.0,0.0,0.0
2022-11-14 00:00:00-05:00,4.08436653886661,4.112985989615044,3.984199436010745,4.010774612426758,13114100,0.0,0.0,0.0
2022-11-15 00:00:00-05:00,4.1824897597999,4.241772551285761,4.109715458284088,4.198843955993652,12253200,0.0,0.0,0.0
2022-11-16 00:00:00-05:00,4.083959459421294,4.103992809572901,4.023041387000376,4.088456630706787,7926700,0.0,0.0,0.0
2022-11-17 00:00:00-05:00,4.072102020827914,4.1722691418386235,4.072102020827914,4.153871059417725,6090700,0.0,0.0,0.0
2022-11-18 00:00:00-05:00,4.174313321205283,4.17840187051778,4.106853817171191,4.145694255828857,5497500,0.0,0.0,0.0
2022-11-21 00:00:00-05:00,4.03530546212735,4.092543978506321,3.875855560010892,3.9208288192749023,11553000,0.0,0.0,0.0
2022-11-22 00:00:00-05:00,3.990333027224683,4.0479801708374925,3.9658021204184153,4.002598285675049,5472200,0.0,0.0,0.0
2022-11-23 00:00:00-05:00,4.068012954133396,4.166135787963867,4.0434824406285195,4.166135787963867,4980500,0.0,0.0,0.0
2022-11-25 00:00:00-05:00,4.133428176687043,4.1784014346217875,4.129340017706552,4.166135787963867,1888600,0.0,0.0,0.0
2022-11-28 00:00:00-05:00,4.072101066127211,4.108897222342181,4.004641576368246,4.084366321563721,4897500,0.0,0.0,0.0
2022-11-29 00:00:00-05:00,4.125251993387674,4.157959608823598,4.102765361560901,4.153871059417725,2249400,0.0,0.0,0.0
2022-11-30 00:00:00-05:00,4.251994329126272,4.382825193803244,4.231552359872418,4.374648094177246,7346400,0.0,0.0,0.0
2022-12-01 00:00:00-05:00,4.333763140387365,4.374647462900898,4.288789878745311,4.309232234954834,7773000,0.0,0.0,0.0
2022-12-02 00:00:00-05:00,4.296967233224016,4.358293915601192,4.296967233224016,4.350117206573486,2642800,0.0,0.0,0.0
2022-12-05 00:00:00-05:00,4.3869118991053675,4.40735425148655,4.288789075562227,4.305142879486084,3783600,0.0,0.0,0.0
2022-12-06 00:00:00-05:00,4.337851524353027,4.34807289793989,4.296967199722182,4.337851524353027,3309500,0.0,0.0,0.0
2022-12-07 00:00:00-05:00,4.309231528779558,4.317408625885552,4.264258664412946,4.280612468719482,2701000,0.0,0.0,0.0
2022-12-08 00:00:00-05:00,4.292878189158209,4.429841461265666,4.286336744708602,4.407354831695557,6081800,0.0,0.0,0.0
2022-12-09 00:00:00-05:00,4.378734930812243,4.403265830186963,4.358292579650879,4.358292579650879,2943000,0.0,0.0,0.0
2022-12-12 00:00:00-05:00,4.354204967190333,4.386912580115471,4.3419397098197825,4.382824420928955,2679100,0.0,0.0,0.0
2022-12-13 00:00:00-05:00,4.5913351729227045,4.596650364511661,4.5013894359149385,4.5381855964660645,7605500,0.0,0.0,0.0
2022-12-14 00:00:00-05:00,4.595423521435507,4.722165803372381,4.521831593448245,4.554539203643799,11670800,0.0,0.0,0.0
2022-12-15 00:00:00-05:00,4.493212675192508,4.493212675192508,4.423708897804355,4.448239803314209,3877500,0.0,0.0,0.0
2022-12-16 00:00:00-05:00,4.354203858407258,4.366469502559907,4.270390572891171,4.292877197265625,6556400,0.0,0.0,0.0
2022-12-19 00:00:00-05:00,4.264259225151748,4.276524482518136,4.198843999323673,4.21928596496582,2842700,0.0,0.0,0.0
2022-12-20 00:00:00-05:00,4.276934431310566,4.362383020553691,4.26834832037513,4.313321590423584,3910300,0.0,0.0,0.0
2022-12-21 00:00:00-05:00,4.292878445831114,4.313320802125699,4.264259380962005,4.284701347351074,1591700,0.0,0.0,0.0
2022-12-22 00:00:00-05:00,4.272435518231744,4.296966420486107,4.207020298760728,4.276524066925049,3745400,0.0,0.0,0.0
2022-12-23 00:00:00-05:00,4.280611943018378,4.313319547614637,4.2695729412620755,4.292877197265625,2066900,0.0,0.0,0.0
2022-12-27 00:00:00-05:00,4.288787942233419,4.29696503698724,4.221328470135757,4.239726543426514,3184900,0.0,0.0,0.0
2022-12-28 00:00:00-05:00,4.231551170349121,4.272435487269487,4.198843560850644,4.231551170349121,2738500,0.0,0.0,0.0
2022-12-29 00:00:00-05:00,4.231551170349121,4.2519931338565735,4.2233740730217715,4.231551170349121,2019100,0.0,0.0,0.0
2022-12-30 00:00:00-05:00,4.202931800128112,4.272435569120285,4.151826110569483,4.264258861541748,3834600,0.0,0.0,0.0
2023-01-03 00:00:00-05:00,4.3214978426038355,4.327630666934884,4.264259708469562,4.288790225982666,2501100,0.0,0.0,0.0
2023-01-04 00:00:00-05:00,4.32967472076416,4.391001401322903,4.313320913288127,4.32967472076416,4408000,0.0,0.0,0.0
2023-01-05 00:00:00-05:00,4.337851558173621,4.3562496408678815,4.313321041184966,4.350117206573486,1575900,0.0,0.0,0.0
2023-01-06 00:00:00-05:00,4.313320517196829,4.411443353042428,4.301055260192502,4.362381935119629,2777900,0.0,0.0,0.0
2023-01-09 00:00:00-05:00,4.452328352550104,4.505478322900193,4.43597454551204,4.448239803314209,5751700,0.0,0.0,0.0
2023-01-10 00:00:00-05:00,4.4727702738677335,4.530008792877197,4.452328307705186,4.530008792877197,3269500,0.0,0.0,0.0
2023-01-11 00:00:00-05:00,4.497300836088749,4.554539350732216,4.472769932697126,4.550450801849365,3621100,0.0,0.0,0.0
2023-01-12 00:00:00-05:00,4.7099015551649615,4.9552086841388325,4.6363092215200234,4.9470319747924805,13516600,0.0,0.0,0.0
2023-01-13 00:00:00-05:00,4.914322525681088,5.061506748199463,4.904101155426432,5.061506748199463,11364700,0.0,0.0,0.0
2023-01-17 00:00:00-05:00,5.527592353441284,5.568476676940918,5.454000025274209,5.568476676940918,12929900,0.0,0.0,0.0
2023-01-18 00:00:00-05:00,5.56847580698901,5.605271965323957,5.292096388457363,5.380406856536865,25287100,0.0,0.0,0.0
2023-01-19 00:00:00-05:00,5.396352136633333,5.505104960160375,5.380406952448068,5.48261833190918,6439700,0.0,0.0,0.0
2023-01-20 00:00:00-05:00,5.474441397756351,5.8260483881861855,5.460131477703383,5.801517486572266,18107600,0.0,0.0,0.0
2023-01-23 00:00:00-05:00,5.928260808796427,6.026383652744007,5.846491772173443,5.997764587402344,11053400,0.0,0.0,0.0
2023-01-24 00:00:00-05:00,5.942569264911394,5.995719226564066,5.911905930470935,5.977321147918701,6406000,0.0,0.0,0.0
2023-01-25 00:00:00-05:00,5.8587552734160555,5.956878087941064,5.7974286118142775,5.94870138168335,7939800,0.0,0.0,0.0
2023-01-26 00:00:00-05:00,6.018205458871298,6.03455926216013,5.928259345830013,6.01002836227417,6300900,0.0,0.0,0.0
2023-01-27 00:00:00-05:00,5.944205898018901,6.108152990233293,5.926216826047423,5.989587783813477,13773400,0.0,0.0,0.0
2023-01-30 00:00:00-05:00,6.005123935650543,6.040693458441571,5.838314937438028,5.875111103057861,9829300,0.0,0.0,0.0
2023-01-31 00:00:00-05:00,5.977321954269051,6.018206665642045,5.965056696819355,5.981410503387451,5195500,0.0,0.0,0.0
2023-02-01 00:00:00-05:00,5.972736368525662,6.135891824777405,5.885995368392654,6.109043598175049,12718400,0.149,0.0,0.0
2023-02-02 00:00:00-05:00,6.195783504594424,6.264763151980119,6.096651063061066,6.18339204788208,12849700,0.0,0.0,0.0
2023-02-03 00:00:00-05:00,6.02643379729662,6.142088343997383,5.997520259100782,6.0429558753967285,10411900,0.0,0.0,0.0
2023-02-06 00:00:00-05:00,5.89012473514069,5.987605083996678,5.873602662143943,5.947951793670654,7458700,0.0,0.0,0.0
2023-02-07 00:00:00-05:00,5.935561664264404,6.03882474205728,5.871538666329688,5.993389129638672,8196600,0.0,0.0,0.0
2023-02-08 00:00:00-05:00,5.952082955591812,5.972735647208791,5.838493742574419,5.890125274658203,6359800,0.0,0.0,0.0
2023-02-09 00:00:00-05:00,5.873603455655576,5.894256148170967,5.621641316019022,5.662946701049805,14259400,0.0,0.0,0.0
2023-02-10 00:00:00-05:00,5.619576587859458,5.650555826791272,5.543162129751698,5.596858978271484,8246900,0.0,0.0,0.0
2023-02-13 00:00:00-05:00,5.54729325220439,5.588598251342773,5.493596398798811,5.588598251342773,8258100,0.0,0.0,0.0
2023-02-14 00:00:00-05:00,5.559683178382318,5.751752533431445,5.5493570299265365,5.74142599105835,10406700,0.0,0.0,0.0
2023-02-15 00:00:00-05:00,5.842624079051447,6.278393921044131,5.824036696880678,6.2329583168029785,16793400,0.0,0.0,0.0
2023-02-16 00:00:00-05:00,6.294916199116288,6.52209501553171,6.266002667653036,6.344482421875,22172700,0.0,0.0,0.0
2023-02-17 00:00:00-05:00,6.16686896789188,6.464266243958245,6.119367669398137,6.414700031280518,15277400,0.0,0.0,0.0
2023-02-21 00:00:00-05:00,6.352742843250725,6.391982912300368,6.256088543973472,6.307307243347168,9128200,0.0,0.0,0.0
2023-02-22 00:00:00-05:00,6.175132462023367,6.2081766180193085,6.078065303024966,6.129696846008301,9556300,0.0,0.0,0.0
2023-02-23 00:00:00-05:00,6.187522778682742,6.210240779451041,6.109043021173595,6.175131320953369,7942700,0.0,0.0,0.0
2023-02-24 00:00:00-05:00,6.1090442266628155,6.14621900110392,5.861212659667066,5.956214904785156,14551700,0.0,0.0,0.0
2023-02-27 00:00:00-05:00,6.107391381825603,6.137957006071181,5.923582841363729,5.980997085571289,7700000,0.0,0.0,0.0
2023-02-28 00:00:00-05:00,6.009911385090935,6.067738458267862,5.947953300221866,5.968605995178223,6209700,0.0,0.0,0.0
2023-03-01 00:00:00-05:00,6.081329554130124,6.1395640433299485,5.977339649859726,6.002297401428223,4919300,0.101,0.0,0.0
2023-03-02 00:00:00-05:00,5.973180969697485,6.048053840388382,5.9482236105939,6.023096084594727,5004500,0.0,0.0,0.0
2023-03-03 00:00:00-05:00,5.731923044648451,5.752721103506483,5.686167632512767,5.694486618041992,9356000,0.0,0.0,0.0
2023-03-06 00:00:00-05:00,5.731923670774415,5.785998471036157,5.706966314770547,5.715285301208496,5277600,0.0,0.0,0.0
2023-03-07 00:00:00-05:00,5.71528503264834,5.752721461585033,5.598816451159743,5.6362528800964355,8581300,0.0,0.0,0.0
2023-03-08 00:00:00-05:00,5.623774118008973,5.686167900837388,5.590496984251823,5.644571781158447,5277000,0.0,0.0,0.0
2023-03-09 00:00:00-05:00,5.561380787822046,5.5697001717043655,5.099665692984873,5.137102127075195,17443700,0.0,0.0,0.0
2023-03-10 00:00:00-05:00,5.103824620215164,5.182856771805448,5.016473085989061,5.095505237579346,14404000,0.0,0.0,0.0
2023-03-13 00:00:00-04:00,5.740244054446227,6.274752216194221,5.677849860180996,6.231076240539551,29730600,0.0,0.0,0.0
2023-03-14 00:00:00-04:00,6.651194807217235,6.69695062327938,6.222756472418305,6.434895992279053,24717100,0.0,0.0,0.0
2023-03-15 00:00:00-04:00,6.4307372453924225,6.4473756182169915,6.127086445481416,6.260193824768066,16077600,0.0,0.0,0.0
2023-03-16 00:00:00-04:00,6.326746952908264,6.4619337739343665,6.308028734968796,6.409938812255859,10952700,0.0,0.0,0.0
2023-03-17 00:00:00-04:00,6.838376700699624,6.925727844238281,6.70942864112344,6.925727844238281,27311800,0.0,0.0,0.0
2023-03-20 00:00:00-04:00,7.2293775603276345,7.2418566340504364,7.060914428659694,7.142026424407959,16942900,0.0,0.0,0.0
2023-03-21 00:00:00-04:00,7.212740479782937,7.325465508184009,7.131628474014353,7.241857528686523,11427000,0.0,0.0,0.0
2023-03-22 00:00:00-04:00,7.29177309559554,7.426959508514613,6.825897929213599,6.830057621002197,19835100,0.0,0.0,0.0
2023-03-23 00:00:00-04:00,7.025560025441818,7.391605055039962,7.000602662226577,7.312572479248047,19269700,0.0,0.0,0.0
2023-03-24 00:00:00-04:00,7.158665115629524,7.2543364370285826,7.058834895951432,7.137867450714111,9519300,0.0,0.0,0.0
2023-03-27 00:00:00-04:00,7.117068641290734,7.133706611871472,6.780140811506544,6.904929161071777,16324800,0.0,0.0,0.0
2023-03-28 00:00:00-04:00,6.871654076447822,7.046357173082262,6.8383773339165055,7.021399021148682,9822300,0.0,0.0,0.0
2023-03-29 00:00:00-04:00,7.254336897211321,7.3188101385670326,7.1961020036698935,7.275134563446045,8101700,0.0,0.0,0.0
2023-03-30 00:00:00-04:00,7.320890464318964,7.325050156289148,7.079633883709118,7.166985034942627,8749200,0.0,0.0,0.0
2023-03-31 00:00:00-04:00,7.2418585233432315,7.350008143682199,7.2335391386909595,7.287614345550537,9507400,0.0,0.0,0.0
2023-04-03 00:00:00-04:00,7.204291252325665,7.251293782878637,7.114557666703553,7.161561012268066,8597100,0.465,0.0,0.0
2023-04-04 00:00:00-04:00,7.208563041923827,7.224800513881365,7.118829472682399,7.191470623016357,6941600,0.0,0.0,0.0
2023-04-05 00:00:00-04:00,7.270520854247765,7.272657814067314,7.0803721808765685,7.195743560791016,9347800,0.0,0.0,0.0
2023-04-06 00:00:00-04:00,7.118831130679201,7.187199192209416,7.052599214504238,7.131650447845459,7378400,0.0,0.0,0.0
2023-04-10 00:00:00-04:00,7.204290059457719,7.529038689108263,7.170106036074052,7.464942932128906,15452000,0.0,0.0,0.0
2023-04-11 00:00:00-04:00,7.6999575370785776,7.808918838966201,7.6572273111380555,7.695684432983398,15613800,0.0,0.0,0.0
2023-04-12 00:00:00-04:00,7.704233321379462,7.728589126682664,7.558950991646558,7.601681232452393,10759800,0.0,0.0,0.0
2023-04-13 00:00:00-04:00,7.7426888032861205,7.845240870314968,7.710640925772126,7.759780406951904,9204400,0.0,0.0,0.0
2023-04-14 00:00:00-04:00,7.819602743805016,7.855923728317728,7.63159101636646,7.7384161949157715,8301200,0.0,0.0,0.0
2023-04-17 00:00:00-04:00,7.4734900479439705,7.533311892366381,7.432896769944693,7.4991278648376465,5009200,0.0,0.0,0.0
2023-04-18 00:00:00-04:00,7.717051839131885,7.7512358688452,7.623045961173159,7.699960231781006,5694400,0.0,0.0,0.0
2023-04-19 00:00:00-04:00,7.439304518486812,7.511090717300719,7.405120497859521,7.435031414031982,5786900,0.0,0.0,0.0
2023-04-20 00:00:00-04:00,7.306843707393083,7.347864055304264,7.108148773879776,7.131650447845459,10648500,0.0,0.0,0.0
2023-04-21 00:00:00-04:00,7.157284824136451,7.195741942123751,6.905177412891347,6.93081521987915,8580200,0.0,0.0,0.0
2023-04-24 00:00:00-04:00,6.956456184387207,7.041915841461202,6.849631001786116,6.956456184387207,4776300,0.0,0.0,0.0
2023-04-25 00:00:00-04:00,6.956455950626853,7.063281129638258,6.905179506096346,7.01627779006958,9398400,0.0,0.0,0.0
2023-04-26 00:00:00-04:00,7.5760390080517075,7.605949917935076,7.046186392230293,7.093189716339111,23874100,0.0,0.0,0.0
2023-04-27 00:00:00-04:00,7.349573457088595,7.6016809727162356,7.328207929909923,7.563223838806152,13519100,0.0,0.0,0.0
2023-04-28 00:00:00-04:00,7.443578887498883,7.4692167035720125,7.33248059783335,7.439305782318115,8464400,0.0,0.0,0.0
2023-05-01 00:00:00-04:00,7.236610331194035,7.249743390308687,7.033039564803025,7.039606094360352,9736100,0.417,0.0,0.0
2023-05-02 00:00:00-04:00,7.096517427231031,7.328544529121927,7.057117417864443,7.284765720367432,16581600,0.0,0.0,0.0
2023-05-03 00:00:00-04:00,7.149051889976762,7.286078913153204,7.109651047113155,7.17094087600708,12383500,0.0,0.0,0.0
2023-05-04 00:00:00-04:00,7.315412151360296,7.348246473480541,7.254122307414771,7.328546047210693,13293800,0.0,0.0,0.0
2023-05-05 00:00:00-04:00,7.3548125921599485,7.549628278816187,7.3460574970946455,7.52554988861084,9592500,0.0,0.0,0.0
2023-05-08 00:00:00-04:00,7.070252386881343,7.109653241908243,6.8995159051058055,6.92140531539917,12125900,0.0,0.0,0.0
2023-05-09 00:00:00-04:00,7.0177171301618335,7.026472224598164,6.917026029041511,7.008961200714111,4407400,0.0,0.0,0.0
2023-05-10 00:00:00-04:00,7.109651884328738,7.1796976498877285,6.7550450918099205,7.008961200714111,18099700,0.0,0.0,0.0
2023-05-11 00:00:00-04:00,6.921403686066761,6.9608041143128325,6.755044791506977,6.790067672729492,8989900,0.0,0.0,0.0
2023-05-12 00:00:00-04:00,6.684999161278193,6.7309665372272605,6.530022720925879,6.69375467300415,10304200,0.0,0.0,0.0
2023-05-15 00:00:00-04:00,6.925780701693044,7.008960351343615,6.886379858964419,6.943292140960693,6070800,0.0,0.0,0.0
2023-05-16 00:00:00-04:00,6.851358085447378,6.877625457338197,6.798823759171452,6.816335201263428,3403900,0.0,0.0,0.0
2023-05-17 00:00:00-04:00,6.763800890690686,6.956427171655336,6.7090775818380015,6.938915729522705,7985100,0.0,0.0,0.0
2023-05-18 00:00:00-04:00,6.877625558886591,6.938915815866314,6.667487833174486,6.768178939819336,9027900,0.0,0.0,0.0
2023-05-19 00:00:00-04:00,6.811959161582284,6.886382493816247,6.741912960205123,6.798825263977051,6261600,0.0,0.0,0.0
2023-05-22 00:00:00-04:00,6.7769358521408005,6.864493499485802,6.7769358521408005,6.798825263977051,7539600,0.0,0.0,0.0
2023-05-23 00:00:00-04:00,6.903892235614661,6.9345371522642605,6.860113425396081,6.882002830505371,4509400,0.0,0.0,0.0
2023-05-24 00:00:00-04:00,6.755044427211134,6.755044427211134,6.575552066249251,6.6324639320373535,8394300,0.0,0.0,0.0
2023-05-25 00:00:00-04:00,6.649975581768213,6.702510319933996,6.584307785319485,6.671864986419678,7247800,0.0,0.0,0.0
2023-05-26 00:00:00-04:00,6.671866040980845,6.8075800372664705,6.671866040980845,6.75942325592041,6555500,0.0,0.0,0.0
2023-05-30 00:00:00-04:00,7.074629918824156,7.091265852927235,6.956427778494054,7.057118892669678,5987800,0.0,0.0,0.0
2023-05-31 00:00:00-04:00,6.8557358280982825,6.877625234380071,6.763800655719329,6.794445991516113,5401600,0.0,0.0,0.0
2023-06-01 00:00:00-04:00,6.784542738014717,6.852073283035114,6.717012622340325,6.762032985687256,7235600,0.428,0.0,0.0
2023-06-02 00:00:00-04:00,6.825060113518192,6.892590649973521,6.7620321280416915,6.883586406707764,4084700,0.0,0.0,0.0
2023-06-05 00:00:00-04:00,6.73952281120615,6.7597819317992895,6.37936119208435,6.4468913078308105,11901200,0.0,0.0,0.0
2023-06-06 00:00:00-04:00,6.428881933169456,6.879083757636284,6.401870064135159,6.843067646026611,16512400,0.0,0.0,0.0
2023-06-07 00:00:00-04:00,6.753027691000271,6.793545925841623,6.617967051311078,6.680995464324951,5708400,0.0,0.0,0.0
2023-06-08 00:00:00-04:00,6.662987755930167,6.780040345068863,6.631473333103004,6.703505992889404,4071900,0.0,0.0,0.0
2023-06-09 00:00:00-04:00,6.748525520308653,6.75302764177953,6.649481424024959,6.653983116149902,4424400,0.0,0.0,0.0
2023-06-12 00:00:00-04:00,6.527927224493153,6.545935282421364,6.458146053689579,6.509919166564941,3662100,0.0,0.0,0.0
2023-06-13 00:00:00-04:00,6.58195025862024,6.590954500698254,6.471650869239919,6.518921852111816,2847800,0.0,0.0,0.0
2023-06-14 00:00:00-04:00,6.5549383910779815,6.572946445888118,6.4829057424915435,6.518921852111816,4082800,0.0,0.0,0.0
2023-06-15 00:00:00-04:00,6.2983243705173475,6.424381209496127,6.257806131513168,6.410874843597412,9002500,0.0,0.0,0.0
2023-06-16 00:00:00-04:00,6.437886437699006,6.69225028996049,6.3253359770026805,6.653983116149902,13207700,0.0,0.0,0.0
2023-06-20 00:00:00-04:00,6.775537670693502,7.131197101493832,6.717011380897762,7.108686923980713,14810600,0.0,0.0,0.0
2023-06-21 00:00:00-04:00,7.365301246390605,7.781737540978616,7.347292763383344,7.6174139976501465,20063300,0.0,0.0,0.0
2023-06-22 00:00:00-04:00,7.671440507606967,7.702954502063698,7.480104191889462,7.64442777633667,10033300,0.0,0.0,0.0
2023-06-23 00:00:00-04:00,7.6354243437452585,7.968574528602914,7.572396348135883,7.838015556335449,30382100,0.0,0.0,0.0
2023-06-26 00:00:00-04:00,7.698451243298559,7.76598134411774,7.566992395154284,7.6399245262146,10123900,0.0,0.0,0.0
2023-06-27 00:00:00-04:00,7.734467460107005,7.851520037184149,7.684944984772721,7.7479729652404785,13825200,0.0,0.0,0.0
2023-06-28 00:00:00-04:00,7.617416335730908,7.702954938887055,7.540881976842144,7.603909969329834,8890600,0.0,0.0,0.0
2023-06-29 00:00:00-04:00,7.783990158204023,7.792993542320054,7.689447326104923,7.738969802856445,6181900,0.0,0.0,0.0
2023-06-30 00:00:00-04:00,7.856023211160923,7.860524474347359,7.387812840112484,7.64442777633667,25169500,0.0,0.0,0.0
2023-07-03 00:00:00-04:00,7.721263816168672,7.871191130092369,7.707208689011626,7.838394641876221,7649900,0.664,0.0,0.0
2023-07-05 00:00:00-04:00,7.59944928790308,7.7062729242313415,7.590079498991589,7.650987148284912,6365100,0.0,0.0,0.0
2023-07-06 00:00:00-04:00,7.69783772872016,7.702523068814656,7.50105791293754,7.608818054199219,7977400,0.0,0.0,0.0
2023-07-07 00:00:00-04:00,7.6088182826668085,7.665041471851716,7.561029242087593,7.585392475128174,7390600,0.0,0.0,0.0
2023-07-10 00:00:00-04:00,7.571336992613321,7.758746147155762,7.571336992613321,7.758746147155762,6047700,0.0,0.0,0.0
2023-07-11 00:00:00-04:00,7.6228749366717,7.73766265423962,7.5900784459380075,7.683782577514648,8862600,0.0,0.0,0.0
2023-07-12 00:00:00-04:00,7.693154615829909,7.754062267416919,7.573681536562597,7.594764232635498,9254100,0.0,0.0,0.0
2023-07-13 00:00:00-04:00,7.674411596096939,8.035174767331736,7.648643564126437,7.983637809753418,30266700,0.0,0.0,0.0
2023-07-14 00:00:00-04:00,7.819654728910959,7.88524770999416,7.50105871741425,7.557281017303467,19755000,0.0,0.0,0.0
2023-07-17 00:00:00-04:00,7.576022021073239,7.60413316968718,7.426094703615822,7.4823174476623535,7977000,0.0,0.0,0.0
2023-07-18 00:00:00-04:00,7.449521388644381,7.5244850561961245,7.379243062019298,7.4354658126831055,8064400,0.0,0.0,0.0
2023-07-19 00:00:00-04:00,7.487003690597178,7.5432268915954355,7.440151618856939,7.515115737915039,6536600,0.0,0.0,0.0
2023-07-20 00:00:00-04:00,7.56665229292548,7.585393656785749,7.38861380443999,7.440151214599609,6927300,0.0,0.0,0.0
2023-07-21 00:00:00-04:00,7.477631029855138,7.531511542769217,7.447177215441603,7.472945690155029,5296600,0.0,0.0,0.0
2023-07-24 00:00:00-04:00,7.313650152223252,7.318335493484782,7.205889984120463,7.271483421325684,6137600,0.0,0.0,0.0
2023-07-25 00:00:00-04:00,7.276167131545179,7.346445898573799,7.276167131545179,7.294908046722412,3367600,0.0,0.0,0.0
2023-07-26 00:00:00-04:00,7.2949076497361025,7.367529083062176,7.283194745944743,7.341760158538818,5112700,0.0,0.0,0.0
2023-07-27 00:00:00-04:00,7.351130260680773,7.365186281161279,7.224629204086636,7.248055458068848,5557000,0.0,0.0,0.0
2023-07-28 00:00:00-04:00,7.294907754700519,7.372214082564294,7.276166840273503,7.308963775634766,4035700,0.0,0.0,0.0
2023-07-31 00:00:00-04:00,7.341759576616594,7.34878758642554,7.242900960669674,7.252739906311035,4848100,0.0,0.0,0.0
2023-08-01 00:00:00-04:00,7.192683045048931,7.307996488852888,7.091783667166745,7.28397274017334,8029000,0.385,0.0,0.0
2023-08-02 00:00:00-04:00,7.322410043852054,7.34162894981171,7.176346266915692,7.245534420013428,7107600,0.0,0.0,0.0
2023-08-03 00:00:00-04:00,7.255144608329798,7.327215396153547,7.242652295673625,7.28397274017334,4353400,0.0,0.0,0.0
2023-08-04 00:00:00-04:00,7.26955861631086,7.305594009935521,7.189799899630634,7.207097053527832,3815900,0.0,0.0,0.0
2023-08-07 00:00:00-04:00,7.221509969145267,7.262350197605787,7.120610608137797,7.250338554382324,4344900,0.0,0.0,0.0
2023-08-08 00:00:00-04:00,7.341629831934735,7.500185939706699,7.304633559526249,7.461748123168945,10434400,0.0,0.0,0.0
2023-08-09 00:00:00-04:00,7.4713567218833745,7.4713567218833745,7.303190955280126,7.307995796203613,7128000,0.0,0.0,0.0
2023-08-10 00:00:00-04:00,7.360849360371102,7.404092022173092,7.286376141831538,7.312802314758301,4327600,0.0,0.0,0.0
2023-08-11 00:00:00-04:00,7.317605019835737,7.358445251255677,7.2690773178671275,7.307995796203613,3769800,0.0,0.0,0.0
2023-08-14 00:00:00-04:00,7.28397274017334,7.394481800813303,7.269558674251569,7.28397274017334,4633700,0.0,0.0,0.0
2023-08-15 00:00:00-04:00,7.307996692175771,7.3368252830362755,7.214304573755218,7.240730285644531,6533500,0.0,0.0,0.0
2023-08-16 00:00:00-04:00,7.221510887145996,7.264753541391191,7.178268232900801,7.221510887145996,5025200,0.0,0.0,0.0
2023-08-17 00:00:00-04:00,7.067759622502027,7.077368846642493,6.856351651048163,6.90920352935791,15669800,0.0,0.0,0.0
2023-08-18 00:00:00-04:00,6.5008022467463,6.544044907921312,6.347050969870659,6.457559585571289,19668200,0.0,0.0,0.0
2023-08-21 00:00:00-04:00,6.443144337016021,6.493594251878704,6.3950973009059355,6.462363243103027,7225400,0.0,0.0,0.0
2023-08-22 00:00:00-04:00,6.438339913911323,6.455156858767201,6.366269125959998,6.385488033294678,5582500,0.0,0.0,0.0
2023-08-23 00:00:00-04:00,6.39029232739043,6.6305288776064994,6.39029232739043,6.582481384277344,12893900,0.0,0.0,0.0
2023-08-24 00:00:00-04:00,6.510410471946947,6.515215312826483,6.385487358368075,6.4383392333984375,5186300,0.0,0.0,0.0
2023-08-25 00:00:00-04:00,6.4719733764862255,6.505606349929695,6.363866735825221,6.414316654205322,8841100,0.0,0.0,0.0
2023-08-28 00:00:00-04:00,6.447468231353302,6.47437506528123,6.397498986049091,6.4191203117370605,5165200,0.0,0.0,0.0
2023-08-29 00:00:00-04:00,6.419120482098366,6.97166482470049,6.419120482098366,6.88517951965332,58284700,0.0,0.0,0.0
2023-08-30 00:00:00-04:00,6.774670764005242,6.77947514667027,6.673771396602105,6.70259952545166,20488100,0.0,0.0,0.0
2023-08-31 00:00:00-04:00,6.7026010267530545,6.72181993636251,6.399902856742924,6.457559585571289,21074400,0.0,0.0,0.0
2023-09-01 00:00:00-04:00,6.4167033833985325,6.426316183540066,6.246071711628707,6.330185890197754,9380300,0.005,0.0,0.0
2023-09-05 00:00:00-04:00,6.349410882060421,6.387862992936757,6.3157653996399565,6.334991455078125,3843200,0.0,0.0,0.0
2023-09-06 00:00:00-04:00,6.334991455078125,6.435447514525121,6.234054549431414,6.334991455078125,8771600,0.0,0.0,0.0
2023-09-07 00:00:00-04:00,6.32057256833537,6.414300004492149,6.310959768290163,6.392670631408691,4175300,0.0,0.0,0.0
2023-09-08 00:00:00-04:00,6.3830584490046425,6.411897770772649,6.354219585622105,6.40709114074707,4217600,0.0,0.0,0.0
2023-09-11 00:00:00-04:00,6.339798904058472,6.361428278087808,6.147538310892604,6.161957740783691,10778900,0.0,0.0,0.0
2023-09-12 00:00:00-04:00,6.44073510238856,6.565704703019935,6.38786355983776,6.431122303009033,8113200,0.0,0.0,0.0
2023-09-13 00:00:00-04:00,6.450349219933658,6.532060088285169,6.431123160226563,6.455155849456787,6952400,0.0,0.0,0.0
2023-09-14 00:00:00-04:00,6.58493185043335,6.637803860123543,6.55368967429541,6.58493185043335,7934800,0.0,0.0,0.0
2023-09-15 00:00:00-04:00,6.522447109222412,6.551286429213726,6.471978872219412,6.522447109222412,3333800,0.0,0.0,0.0
2023-09-18 00:00:00-04:00,6.73874095165456,6.77190559709813,6.565705946206089,6.61857795715332,7375000,0.0,0.0,0.0
2023-09-19 00:00:00-04:00,6.709901457899664,6.806031759339543,6.645013332533208,6.724320888519287,5751700,0.0,0.0,0.0
2023-09-20 00:00:00-04:00,6.67144880283807,6.753159667112029,6.613770626595051,6.647416114807129,5086400,0.0,0.0,0.0
2023-09-21 00:00:00-04:00,6.551287661133053,6.59454642006178,6.503222271571015,6.570513725280762,3995600,0.0,0.0,0.0
2023-09-22 00:00:00-04:00,6.570511434724479,6.594544121127425,6.54167211936387,6.546478748321533,4323800,0.0,0.0,0.0
2023-09-25 00:00:00-04:00,6.445542509132114,6.522446746990731,6.433526393861236,6.498414516448975,4015600,0.0,0.0,0.0
2023-09-26 00:00:00-04:00,6.445540706004954,6.484473660343265,6.426314651918751,6.474380016326904,3805100,0.0,0.0,0.0
2023-09-27 00:00:00-04:00,6.594542968962001,6.606559080871396,6.431121280036623,6.474380016326904,5163100,0.0,0.0,0.0
2023-09-28 00:00:00-04:00,6.53686632894757,6.757966231619234,6.527253070473179,6.709900856018066,8374000,0.0,0.0,0.0
2023-09-29 00:00:00-04:00,6.647415877535774,6.676255193820598,6.5633017016225335,6.637803077697754,4044500,0.0,0.0,0.0
2023-10-02 00:00:00-04:00,7.00700024994687,7.079486275087115,6.804038826528291,6.895854949951172,9177100,0.074,0.0,0.0
2023-10-03 00:00:00-04:00,6.770213667346592,6.799207899874812,6.702559690022384,6.70739221572876,4591400,0.0,0.0,0.0
2023-10-04 00:00:00-04:00,6.7653780489488735,6.862026214620039,6.717053735685887,6.8088698387146,4880400,0.0,0.0,0.0
2023-10-05 00:00:00-04:00,6.910352911477503,6.944179665916603,6.72768751579643,6.765380382537842,5868600,0.0,0.0,0.0
2023-10-06 00:00:00-04:00,6.743634066091459,6.932098388226706,6.743634066091459,6.905519962310791,6931400,0.0,0.0,0.0
2023-10-09 00:00:00-04:00,6.7653790323411505,6.842697576116842,6.712222648709082,6.799205780029297,4398100,0.0,0.0,0.0
2023-10-10 00:00:00-04:00,6.7508814866146265,6.808870390718561,6.717054280246199,6.73638391494751,5264500,0.0,0.0,0.0
2023-10-11 00:00:00-04:00,6.673562944772747,6.683227531691583,6.514092882490933,6.576914310455322,7125300,0.0,0.0,0.0
2023-10-12 00:00:00-04:00,6.572083510477102,6.586580624068901,6.521342921623405,6.562418460845947,3723700,0.0,0.0,0.0
2023-10-13 00:00:00-04:00,6.610742217429988,6.6204068053731,6.5484037587346045,6.581747531890869,3144100,0.0,0.0,0.0
2023-10-16 00:00:00-04:00,7.219625935229189,7.441916986024994,6.835449466329859,7.016664981842041,33507800,0.0,0.0,0.0
2023-10-17 00:00:00-04:00,6.963508083818874,7.056773591017616,6.9320975974735015,7.026329517364502,4536200,0.0,0.0,0.0
2023-10-18 00:00:00-04:00,6.982839513538392,7.002652591810109,6.924850589416415,6.949012756347656,3462000,0.0,0.0,0.0
2023-10-19 00:00:00-04:00,7.026329892772815,7.13989145514109,7.007000255330238,7.09881591796875,5784700,0.0,0.0,0.0
2023-10-20 00:00:00-04:00,7.277615238396421,7.340436210973648,7.224458392724314,7.292112350463867,8098700,0.0,0.0,0.0
2023-10-23 00:00:00-04:00,7.538564986123625,7.7560230331492015,7.485408144497292,7.736693859100342,21067400,0.0,0.0,0.0
2023-10-24 00:00:00-04:00,8.485716194457211,8.514227435925399,8.188522932721266,8.302084922790527,36921600,0.0,0.0,0.0
2023-10-25 00:00:00-04:00,8.490550387643108,8.67418261713831,8.44222606821228,8.572701454162598,16367400,0.0,0.0,0.0
2023-10-26 00:00:00-04:00,8.447059138501128,8.4857184122035,8.306919616971207,8.350411415100098,13609500,0.0,0.0,0.0
2023-10-27 00:00:00-04:00,8.393902866912597,8.413232042111403,8.190941457921506,8.26826000213623,12549300,0.0,0.0,0.0
2023-10-30 00:00:00-04:00,8.500214235359152,8.563035196550016,8.360073820973195,8.471220016479492,10682400,0.0,0.0,0.0
2023-10-31 00:00:00-04:00,8.432562981549856,8.524378185909859,8.379406131449969,8.500216484069824,8504900,0.0,0.0,0.0
2023-11-01 00:00:00-04:00,8.568411409658404,8.58789565952085,8.358950381286402,8.5391845703125,20233600,0.14,0.0,0.0
2023-11-02 00:00:00-04:00,8.646351400672046,8.675578243848976,8.427147754083594,8.617124557495117,13341100,0.0,0.0,0.0
2023-11-03 00:00:00-04:00,8.45637560836559,8.58059038990048,8.44176172208312,8.490473747253418,11172400,0.0,0.0,0.0
2023-11-06 00:00:00-05:00,8.636607976783582,8.680448701872189,8.561105228434483,8.62686538696289,4749300,0.0,0.0,0.0
2023-11-07 00:00:00-05:00,8.548928542712897,8.882605354479296,8.490474848212534,8.836328506469727,18011400,0.0,0.0,0.0
2023-11-08 00:00:00-05:00,8.690192458129696,8.811972059920633,8.617124882876059,8.773002624511719,13128900,0.0,0.0,0.0
2023-11-09 00:00:00-05:00,9.230894414656344,9.367286977393169,8.758388953447623,8.987335205078125,40294000,0.0,0.0,0.0
2023-11-10 00:00:00-05:00,9.099370254119428,9.250376671309231,9.079885075589415,9.182180404663086,10866500,0.0,0.0,0.0
2023-11-13 00:00:00-05:00,9.055531161846245,9.10424318783671,8.958107109865313,9.03117561340332,7669200,0.0,0.0,0.0
2023-11-14 00:00:00-05:00,8.9824627117761,9.016560847914054,8.505086018531154,8.6414794921875,19778700,0.0,0.0,0.0
2023-11-15 00:00:00-05:00,8.875295446105826,9.323444337174328,8.836326017713107,9.255248069763184,18999800,0.0,0.0,0.0
2023-11-16 00:00:00-05:00,8.977591167941268,9.05796521102407,8.71211163509016,8.8217134475708,13314700,0.0,0.0,0.0
2023-11-17 00:00:00-05:00,8.909395825765573,9.07988651949274,8.797357889610378,8.953235626220703,13268900,0.0,0.0,0.0
2023-11-20 00:00:00-05:00,9.104243192743494,9.284476481169351,9.031175618270725,9.230894088745117,12925800,0.0,0.0,0.0
2023-11-21 00:00:00-05:00,9.07501369602201,9.226021040902955,8.894780441828477,9.04578685760498,20478700,0.0,0.0,0.0
2023-11-22 00:00:00-05:00,8.958105526186618,9.255247996003307,8.87529537537399,9.25037670135498,14210300,0.0,0.0,0.0
2023-11-24 00:00:00-05:00,9.230894250899404,9.48809271218858,9.230894250899404,9.308833122253418,13038000,0.0,0.0,0.0
2023-11-27 00:00:00-05:00,8.958108020706614,9.062838562048277,8.938623765792082,8.962979316711426,10118300,0.0,0.0,0.0
2023-11-28 00:00:00-05:00,9.143212733447523,9.464710808128487,9.113984960036797,9.37215805053711,15731400,0.0,0.0,0.0
2023-11-29 00:00:00-05:00,9.299090472625918,9.30883306376011,9.148084026464462,9.172439575195312,11799900,0.0,0.0,0.0
2023-11-30 00:00:00-05:00,9.18705375310662,9.216280598330995,9.113985246388696,9.191925048828125,5931100,0.0,0.0,0.0
2023-12-01 00:00:00-05:00,9.34738423758968,9.538648250094187,9.327767967440407,9.450372695922852,14038300,0.127,0.0,0.0
2023-12-04 00:00:00-05:00,10.141865961299228,10.254662116719844,10.016808581480642,10.17619514465332,21862800,0.0,0.0,0.0
2023-12-05 00:00:00-05:00,10.269373887064408,10.735271365169915,10.23602500670065,10.681325912475586,28494300,0.0,0.0,0.0
2023-12-06 00:00:00-05:00,10.769601188115276,10.789218397830625,10.637188764136843,10.656805038452148,12748900,0.0,0.0,0.0
2023-12-07 00:00:00-05:00,10.578339414075252,10.710752790273173,10.48025615923988,10.534201622009277,9733700,0.0,0.0,0.0
2023-12-08 00:00:00-05:00,10.607763608558788,10.850521449167044,10.607763608558788,10.833356857299805,17963600,0.0,0.0,0.0
2023-12-11 00:00:00-05:00,10.161480777955838,10.22033146625788,9.754433068016583,9.906463623046875,25910300,0.0,0.0,0.0
2023-12-12 00:00:00-05:00,10.141867222333737,10.141867222333737,9.862328482664031,9.999645233154297,9267000,0.0,0.0,0.0
2023-12-13 00:00:00-05:00,10.058492521386286,10.44837561415406,10.038875314892362,10.42630672454834,17117400,0.0,0.0,0.0
2023-12-14 00:00:00-05:00,10.32822357084047,10.55381679053745,10.254660910108838,10.416499137878418,13838000,0.0,0.0,0.0
2023-12-15 00:00:00-05:00,10.235045350226775,10.259565927045795,10.102631990443955,10.244853019714355,10252000,0.0,0.0,0.0
2023-12-18 00:00:00-05:00,10.068303291911873,10.194831120674127,9.972670792768211,10.17619514465332,9748100,0.0,0.0,0.0
2023-12-19 00:00:00-05:00,10.3478415839647,10.362553556015136,10.117344044240618,10.235045433044434,15240600,0.0,0.0,0.0
2023-12-20 00:00:00-05:00,10.702766838213547,10.779321346893253,10.500268787677987,10.554597854614258,19795200,0.147,0.0,0.0
2023-12-21 00:00:00-05:00,10.643499475694828,10.660785827006597,10.512123205725382,10.608926773071289,12970800,0.0,0.0,0.0
2023-12-22 00:00:00-05:00,10.505209673691388,10.68301229597212,10.505209673691388,10.58917236328125,10587400,0.0,0.0,0.0
2023-12-26 00:00:00-05:00,10.322464324054753,10.33234250661449,10.070576320993503,10.198989868164062,16317700,0.0,0.0,0.0
2023-12-27 00:00:00-05:00,10.386673518919329,10.559537035995875,10.364448075004413,10.524964332580566,26937900,0.0,0.0,0.0
2023-12-28 00:00:00-05:00,10.357037752690427,10.366915935948045,10.213807863596585,10.282953262329102,17059300,0.0,0.0,0.0
2023-12-29 00:00:00-05:00,10.352098149836067,10.421244487189282,9.986613865671835,10.119966506958008,29153100,0.0,0.0,0.0
2024-01-02 00:00:00-05:00,11.088007745505985,11.117641354436351,10.791668830095997,10.811424255371094,20878600,0.0,0.0,0.0
2024-01-03 00:00:00-05:00,10.10514881803292,10.47310310380443,10.10514881803292,10.27307415008545,33315500,0.0,0.0,0.0
2024-01-04 00:00:00-05:00,10.411365880941808,10.79660651497614,10.386671367057115,10.628681182861328,23038500,0.0,0.0,0.0
2024-01-05 00:00:00-05:00,10.5200241514578,10.68054133445452,10.347160652274153,10.574353218078613,23857500,0.0,0.0,0.0
2024-01-08 00:00:00-05:00,10.821300247233685,11.38335616010237,10.742276678068187,11.285564422607422,35638400,0.0,0.0,0.0
2024-01-09 00:00:00-05:00,11.23123743640557,11.305321928403826,11.146287507805098,11.221359252929688,22852700,0.0,0.0,0.0
2024-01-10 00:00:00-05:00,10.860812656722752,11.211480589352124,10.702765509298086,11.04355525970459,61860100,0.0,0.0,0.0
2024-01-11 00:00:00-05:00,11.433735062633058,11.769585752050181,10.860813630816342,11.028738975524902,88598800,0.0,0.0,0.0
2024-01-12 00:00:00-05:00,10.920081604226622,10.942307044830917,10.263197511076234,10.401488304138184,45976300,0.0,0.0,0.0
2024-01-16 00:00:00-05:00,10.208868650640332,10.366915812742286,10.016248789582999,10.327404022216797,24901100,0.0,0.0,0.0
2024-01-17 00:00:00-05:00,10.139723567908703,10.258258943169675,10.0656381340896,10.213808059692383,17551800,0.0,0.0,0.0
2024-01-18 00:00:00-05:00,10.147131124815042,10.233562869697094,9.675458726954348,9.739665031433105,25175200,0.0,0.0,0.0
2024-01-19 00:00:00-05:00,9.78905639622709,10.048352609795279,9.60878377265996,9.922409057617188,19460600,0.0,0.0,0.0
2024-01-22 00:00:00-05:00,9.665581958028804,9.73472736404937,9.384060299761636,9.576680183410645,26299600,0.0,0.0,0.0
2024-01-23 00:00:00-05:00,9.250705473244636,9.458142584803245,9.191438265390909,9.3445463180542,18044800,0.0,0.0,0.0
2024-01-24 00:00:00-05:00,9.537168799275753,9.591497873225057,9.413694316325913,9.438389778137207,14753200,0.0,0.0,0.0
2024-01-25 00:00:00-05:00,9.537165756942033,9.566800301662235,9.428508585740355,9.492714881896973,13602700,0.0,0.0,0.0
2024-01-26 00:00:00-05:00,9.813750625196528,10.07551588095878,9.791525184420923,10.02612590789795,18257500,0.0,0.0,0.0
2024-01-29 00:00:00-05:00,9.996495296780322,10.329877008327394,9.956983494897226,10.292834281921387,14373200,0.0,0.0,0.0
2024-01-30 00:00:00-05:00,10.332342967706403,10.421244730640693,10.30764845224038,10.381732940673828,16522500,0.0,0.0,0.0
2024-01-31 00:00:00-05:00,10.174294576321975,10.440998890807036,10.119965518430366,10.134782791137695,18090600,0.0,0.0,0.0
2024-02-01 00:00:00-05:00,10.102617239707724,10.32125569843853,10.087538361680071,10.24837589263916,14717100,0.356,0.0,0.0
2024-02-02 00:00:00-05:00,10.172984173187562,10.363979474345962,10.171979489778366,10.228272438049316,8925500,0.0,0.0,0.0
2024-02-05 00:00:00-05:00,10.323767638427604,10.338845555326007,10.064918880554991,10.077484130859375,7201000,0.0,0.0,0.0
2024-02-06 00:00:00-05:00,10.218217813838653,10.34135957228701,10.19811360432358,10.263453483581543,6601900,0.0,0.0,0.0
2024-02-07 00:00:00-05:00,10.268480913383685,10.565025466259065,10.215706279058564,10.529842376708984,9838700,0.0,0.0,0.0
2024-02-08 00:00:00-05:00,10.730888065618624,10.931934953489595,10.693191354725926,10.846489906311035,12545400,0.0,0.0,0.0
2024-02-09 00:00:00-05:00,11.203347966881621,11.49989150074305,11.158112301332045,11.329002380371094,20880200,0.0,0.0,0.0
2024-02-12 00:00:00-05:00,11.489843214751593,12.017591521283634,11.479790628671443,11.972355842590332,18818700,0.0,0.0,0.0
2024-02-13 00:00:00-05:00,11.680835223872096,11.801463356738184,11.535076589492434,11.77633285522461,15529000,0.0,0.0,0.0
2024-02-14 00:00:00-05:00,12.329213768039919,12.429736742965272,12.220647574639655,12.344291687011719,16483000,0.0,0.0,0.0
2024-02-15 00:00:00-05:00,12.510155506372467,12.62073202505782,12.304082305308121,12.344291687011719,17783700,0.0,0.0,0.0
2024-02-16 00:00:00-05:00,12.469943962746648,12.522719546000047,12.309106463816759,12.369421005249023,13202800,0.0,0.0,0.0
2024-02-20 00:00:00-05:00,12.464921278336462,12.485026450854557,12.087957921628698,12.39455509185791,13097100,0.0,0.0,0.0
2024-02-21 00:00:00-05:00,12.123141193400242,12.236732726549066,12.050261385713114,12.113088607788086,9987000,0.0,0.0,0.0
2024-02-22 00:00:00-05:00,12.148271259441348,12.397067471674562,12.128166088944107,12.364397048950195,11399900,0.0,0.0,0.0
2024-02-23 00:00:00-05:00,12.158322140029464,12.198531516719083,12.025127800828034,12.138216972351074,9199800,0.0,0.0,0.0
2024-02-26 00:00:00-05:00,12.20858590272804,13.078114401163415,12.20858590272804,12.967537879943848,24040300,0.0,0.0,0.0
2024-02-27 00:00:00-05:00,13.505339913930525,13.68628165940043,13.35958030033836,13.535496711730957,23197800,0.0,0.0,0.0
2024-02-28 00:00:00-05:00,14.284396791925433,15.239370345153255,14.073297294166249,14.29947566986084,72413900,0.0,0.0,0.0
2024-02-29 00:00:00-05:00,15.023243545501774,15.096123345959292,14.30450004287602,14.691515922546387,40650100,0.0,0.0,0.0
2024-03-01 00:00:00-05:00,14.802848619857006,15.03478780272166,14.503905330322972,14.947166442871094,27870800,0.726,0.0,0.0
2024-03-04 00:00:00-05:00,15.48320075304609,16.153245644949244,15.48320075304609,16.050161361694336,40152400,0.0,0.0,0.0
2024-03-05 00:00:00-05:00,16.029545607600305,16.482084032966803,14.143110438523626,14.668837547302246,84052700,0.0,0.0,0.0
2024-03-06 00:00:00-05:00,15.802762362905485,16.019238600058355,15.472894185561952,15.89038372039795,23411600,0.0,0.0,0.0
2024-03-07 00:00:00-05:00,15.983154446443637,16.16612808301573,15.802757474110349,16.034696578979492,18464400,0.0,0.0,0.0
2024-03-08 00:00:00-05:00,16.1790151090261,16.704743147836258,15.694521567143338,16.390336990356445,45517100,0.0,0.0,0.0
2024-03-11 00:00:00-04:00,17.163467328928306,17.28201356674468,16.87998702404835,17.09646224975586,24019400,0.0,0.0,0.0
2024-03-12 00:00:00-04:00,17.122232836619133,17.338708037563848,16.256328100502387,16.900602340698242,34999700,0.0,0.0,0.0
2024-03-13 00:00:00-04:00,17.220164807525617,17.41602476112831,16.98822564749207,17.3438663482666,17407900,0.0,0.0,0.0
2024-03-14 00:00:00-04:00,17.168622440428273,17.217585950764313,16.179016082487255,16.374876022338867,42225300,0.0,0.0,0.0
2024-03-15 00:00:00-04:00,16.034700356924446,16.68928333326233,15.936770380341425,16.328489303588867,28848200,0.0,0.0,0.0
2024-03-18 00:00:00-04:00,16.060469577598816,16.199633061523265,15.715138515499934,15.782143592834473,21446900,0.0,0.0,0.0
2024-03-19 00:00:00-04:00,15.039941365962614,15.53989793365627,14.681724966024328,15.163641929626465,24851900,0.0,0.0,0.0
2024-03-20 00:00:00-04:00,14.962630208179212,15.594018383870493,14.643069647835247,15.519283294677734,23632200,0.0,0.0,0.0
2024-03-21 00:00:00-04:00,15.952230141447112,15.967692093612206,15.284762007650833,15.3594970703125,20993500,0.0,0.0,0.0
2024-03-22 00:00:00-04:00,15.106944338301322,15.14302354378327,14.751305613049581,15.029631614685059,14937900,0.0,0.0,0.0
2024-03-25 00:00:00-04:00,15.771833801117111,16.77174771013013,15.766679489158575,16.740821838378906,19166000,0.0,0.0,0.0
2024-03-26 00:00:00-04:00,16.6222753063848,16.71505095376046,16.313023476160748,16.343948364257812,14632200,0.0,0.0,0.0
2024-03-27 00:00:00-04:00,16.864523809408833,16.88513909162433,16.05531450583763,16.112010955810547,24538300,0.0,0.0,0.0
2024-03-28 00:00:00-04:00,16.75113268757475,16.87998755440225,16.570736660483945,16.648048400878906,16802000,0.0,0.0,0.0
2024-04-01 00:00:00-04:00,16.43163247507623,16.47438139684443,15.961394335626075,16.372852325439453,13986500,1.145,0.0,0.0
2024-04-02 00:00:00-04:00,15.19191175162592,15.55527807299133,15.122444121192437,15.448405265808105,16507300,0.0,0.0,0.0
2024-04-03 00:00:00-04:00,15.411000698173954,15.707571781575396,15.378939262437617,15.437718391418457,8646400,0.0,0.0,0.0
2024-04-04 00:00:00-04:00,15.77971115049966,16.276666983446066,15.74764869478852,16.046892166137695,12002100,0.0,0.0,0.0
2024-04-05 00:00:00-04:00,15.662151079763776,16.08964132254866,15.662151079763776,15.769023895263672,11770500,0.0,0.0,0.0
2024-04-08 00:00:00-04:00,16.940341555714358,16.95530362437469,16.693466403604372,16.827056884765625,11915100,0.0,0.0,0.0
2024-04-09 00:00:00-04:00,16.54384811753195,16.634689704267863,15.972080903047262,16.148420333862305,10698500,0.0,0.0,0.0
2024-04-10 00:00:00-04:00,15.827802059598598,16.41559941344566,15.7797094005799,16.4049129486084,17122700,0.0,0.0,0.0
2024-04-11 00:00:00-04:00,16.59728526242923,16.62133159584597,16.273996461437918,16.51178741455078,10287300,0.0,0.0,0.0
2024-04-12 00:00:00-04:00,16.42628811936573,16.4743807819618,15.25603502821918,15.646120071411133,24975500,0.0,0.0,0.0
2024-04-15 00:00:00-04:00,15.513597608504131,15.584668464998325,14.577395956807553,14.79114055633545,14721800,0.0,0.0,0.0
2024-04-16 00:00:00-04:00,14.791138540458194,14.833887454537544,14.433116002838197,14.673578262329102,10160000,0.0,0.0,0.0
2024-04-17 00:00:00-04:00,14.572051684745672,14.727016131565184,13.925473148059455,14.235403060913086,14154800,0.0,0.0,0.0
2024-04-18 00:00:00-04:00,14.609457568955335,15.007556699297048,14.454492095410746,14.8392333984375,9383100,0.0,0.0,0.0
2024-04-19 00:00:00-04:00,15.122443376947226,15.223972436853112,14.833888442497043,15.015571594238281,10218300,0.0,0.0,0.0
2024-04-22 00:00:00-04:00,15.411002201696727,15.614059340123667,15.32550435191541,15.512531280517578,9818200,0.0,0.0,0.0
2024-04-23 00:00:00-04:00,15.443059499587733,15.678179033047703,15.41634181090081,15.501839637756348,5901400,0.0,0.0,0.0
2024-04-24 00:00:00-04:00,15.3789396564563,15.459093757458074,14.833890138900722,14.881982803344727,9897900,0.0,0.0,0.0
2024-04-25 00:00:00-04:00,14.705641042461794,15.111756244940729,14.620143212383548,15.079693794250488,7936000,0.0,0.0,0.0
2024-04-26 00:00:00-04:00,14.839233562782466,15.095193019677543,14.716330542605391,14.801828384399414,7664400,0.0,0.0,0.0
2024-04-29 00:00:00-04:00,14.529302759422126,14.705642174940188,14.32624463293793,14.646862030029297,5918800,0.0,0.0,0.0
2024-04-30 00:00:00-04:00,14.181967724534271,14.28883951116158,13.668979683393509,13.68501091003418,13204900,0.0,0.0,0.0
2024-05-01 00:00:00-04:00,13.38819474410119,13.80568197597937,13.119401818949617,13.188029289245605,20276100,1.681,0.0,0.0
2024-05-02 00:00:00-04:00,13.639829619140661,13.857151368632117,13.525449062052209,13.79996109008789,7672900,0.0,0.0,0.0
2024-05-03 00:00:00-04:00,14.228889693437349,14.474807182057637,14.217452507847208,14.423336029052734,8522100,0.0,0.0,0.0
2024-05-06 00:00:00-04:00,14.760755506373432,14.932326356272108,14.563450174344574,14.674970626831055,7638100,0.0,0.0,0.0
2024-05-07 00:00:00-04:00,14.789351778298359,14.960921544168105,14.594905461878527,14.646376609802246,5992900,0.0,0.0,0.0
2024-05-08 00:00:00-04:00,14.38902229065416,14.594906902673763,14.33183199944715,14.423336029052734,5703500,0.0,0.0,0.0
2024-05-09 00:00:00-04:00,14.223171486093593,14.580609438600012,14.120229181241495,14.503402709960938,7056200,0.0,0.0,0.0
2024-05-10 00:00:00-04:00,14.58346779212624,14.667536828179108,13.965815082209925,14.091632843017578,10976400,0.0,0.0,0.0
2024-05-13 00:00:00-04:00,14.606343253933485,14.755036464333948,14.531995557919322,14.686408996582031,5842500,0.0,0.0,0.0
2024-05-14 00:00:00-04:00,14.389019787491257,14.469085526764117,14.183135211288036,14.286077499389648,4944300,0.0,0.0,0.0
2024-05-15 00:00:00-04:00,14.932326250556272,15.457902212415364,14.863697692919883,15.349813461303711,14411500,0.0,0.0,0.0
2024-05-16 00:00:00-04:00,15.349815085966554,15.441319111957476,15.006674443093582,15.149649620056152,6815800,0.0,0.0,0.0
2024-05-17 00:00:00-04:00,15.40700526558557,15.698674755417194,15.281186412630344,15.567136764526367,9684700,0.0,0.0,0.0
2024-05-20 00:00:00-04:00,15.555699861488108,16.310608629649572,15.492790433869972,16.282012939453125,9396700,0.0,0.0,0.0
2024-05-21 00:00:00-04:00,16.493617185576564,16.56510477702209,16.056113474990457,16.076129913330078,7868900,0.0,0.0,0.0
2024-05-22 00:00:00-04:00,16.196225744603325,16.424985779535653,16.064688860868973,16.167631149291992,6222100,0.0,0.0,0.0
2024-05-23 00:00:00-04:00,16.07612987948671,16.110443617880385,15.464196272531511,15.555700302124023,7309300,0.0,0.0,0.0
2024-05-24 00:00:00-04:00,15.658641368208976,16.099005188188745,15.532823601420784,16.053253173828125,5615700,0.0,0.0,0.0
2024-05-28 00:00:00-04:00,15.853087378386554,15.890261230175245,15.57285615979546,15.847368240356445,4803400,0.0,0.0,0.0
2024-05-29 00:00:00-04:00,15.715257614439658,15.744424887182564,15.541399332572148,15.572854042053223,3841900,0.0,0.0,0.0
2024-05-30 00:00:00-04:00,15.813053490364094,16.133317563843057,15.7673014798671,15.938872337341309,7574600,0.0,0.0,0.0
2024-05-31 00:00:00-04:00,15.898836500542554,15.933151322482914,15.37840703339939,15.601449012756348,10617900,0.0,0.0,0.0
2024-06-03 00:00:00-04:00,16.16895249370249,16.291258542474214,15.896820164655951,15.997722625732422,9669700,1.768,0.0,0.0
2024-06-04 00:00:00-04:00,16.0588796645493,16.477780041471256,16.003841522599462,16.309608459472656,7516300,0.0,0.0,0.0
2024-06-05 00:00:00-04:00,16.456375084931093,16.63983476528246,16.272915404579727,16.493066787719727,6188200,0.0,0.0,0.0
2024-06-06 00:00:00-04:00,16.456376095272,16.600086925762238,16.2851461943987,16.291261672973633,4764000,0.0,0.0,0.0
2024-06-07 00:00:00-04:00,16.535872972833758,16.609256368815185,15.771455793980307,15.997722625732422,8724100,0.0,0.0,0.0
2024-06-10 00:00:00-04:00,15.991610403048544,16.23010940454915,15.967149654879009,16.0405330657959,4962200,0.0,0.0,0.0
2024-06-11 00:00:00-04:00,15.49626573124613,15.618572951068511,15.245536980377533,15.55130386352539,6791000,0.0,0.0,0.0
2024-06-12 00:00:00-04:00,15.99772417710404,16.187299329249402,15.508497601758538,15.587996482849121,8419700,0.0,0.0,0.0
2024-06-13 00:00:00-04:00,15.71641789267168,15.777570334744093,15.257767578680188,15.367842674255371,7856000,0.0,0.0,0.0
2024-06-14 00:00:00-04:00,15.533569786037836,15.551305022414493,14.99480934692777,15.098770141601562,7119500,0.0,0.0,0.0
2024-06-17 00:00:00-04:00,15.141578064637208,15.531124590025394,14.98869460417004,15.386191368103027,6331000,0.0,0.0,0.0
2024-06-18 00:00:00-04:00,14.9397687398635,15.059017626831404,14.74407813905381,14.811346054077148,6669300,0.0,0.0,0.0
2024-06-20 00:00:00-04:00,15.049847453051498,15.09815774695295,14.857213976106241,14.97034740447998,6318600,0.0,0.0,0.0
2024-06-21 00:00:00-04:00,14.64623270832041,14.829692353344992,14.585079104509557,14.799116134643555,6024900,0.0,0.0,0.0
2024-06-24 00:00:00-04:00,14.083624176683088,14.199814761697134,13.563820200750138,13.618858337402344,16587800,0.0,0.0,0.0
2024-06-25 00:00:00-04:00,14.108084756394696,14.367987324500696,14.02858587461678,14.260968208312988,12954200,0.0,0.0,0.0
2024-06-26 00:00:00-04:00,14.163122970849122,14.260968287306152,13.955201381775888,14.022470474243164,5496800,0.0,0.0,0.0
2024-06-27 00:00:00-04:00,14.174740574558871,14.361869742999467,14.101967212959083,14.12031364440918,5218300,0.0,0.0,0.0
2024-06-28 00:00:00-04:00,14.120316488639004,14.215104653945517,13.747280472203046,13.765626907348633,10778500,0.0,0.0,0.0
2024-07-01 00:00:00-04:00,14.481857850851565,14.684996679907048,14.357352842783085,14.51462173461914,12910800,1.503,0.0,0.0
2024-07-02 00:00:00-04:00,14.43598411463957,14.501511864930354,14.167316338889849,14.213186264038086,5981600,0.0,0.0,0.0
2024-07-03 00:00:00-04:00,13.820015801813032,13.977284678308395,13.734827712547672,13.865885734558105,4561700,0.0,0.0,0.0
2024-07-05 00:00:00-04:00,12.748618665950646,13.102474527082457,12.702748739476911,12.948481559753418,19552100,0.0,0.0,0.0
2024-07-08 00:00:00-04:00,13.145068917568569,13.184387073503629,12.620839337053516,12.955036163330078,13741800,0.0,0.0,0.0
2024-07-09 00:00:00-04:00,13.138514221485066,13.39407720312959,13.07953824494108,13.289231300354004,8911700,0.0,0.0,0.0
2024-07-10 00:00:00-04:00,13.321996075780785,13.325271963649195,13.15817418539988,13.164727210998535,7173600,0.0,0.0,0.0
2024-07-11 00:00:00-04:00,13.498924017359004,13.548069834556173,13.122133169538186,13.164727210998535,7814900,0.0,0.0,0.0
2024-07-12 00:00:00-04:00,13.223704268318723,13.449778045503093,13.200769301786769,13.24991512298584,8204500,0.0,0.0,0.0
2024-07-15 00:00:00-04:00,14.429430377988611,14.68499209113136,14.344242307033255,14.553934097290039,13611400,0.0,0.0,0.0
2024-07-16 00:00:00-04:00,14.67188803417445,14.98314987441979,14.475302266578359,14.973320960998535,10319900,0.0,0.0,0.0
2024-07-17 00:00:00-04:00,14.875028087776995,15.01591501293704,14.645677192177258,14.82260513305664,7465800,0.0,0.0,0.0
2024-07-18 00:00:00-04:00,14.875028644497059,14.914345549543361,14.49496189608447,14.560489654541016,7094200,0.0,0.0,0.0
2024-07-19 00:00:00-04:00,14.711205874956672,15.497550178492347,14.704652849527816,15.425469398498535,11495400,0.0,0.0,0.0
2024-07-22 00:00:00-04:00,15.497551894009755,15.651544883979774,15.255096175612213,15.64826774597168,6905700,0.0,0.0,0.0
2024-07-23 00:00:00-04:00,15.261649671337077,15.438576383497743,14.992980590194183,15.019192695617676,9498000,0.0,0.0,0.0
2024-07-24 00:00:00-04:00,15.294412511977601,15.392705400899752,15.019191673078446,15.045402526855469,6301600,0.0,0.0,0.0
2024-07-25 00:00:00-04:00,14.724311689305608,14.920898716115344,14.501513808838375,14.789840698242188,6464400,0.0,0.0,0.0
2024-07-26 00:00:00-04:00,15.445128490262018,15.622056441750503,15.307518694567799,15.569633483886719,6837200,0.0,0.0,0.0
2024-07-29 00:00:00-04:00,15.956251450714648,15.962804475934503,15.17973608515727,15.353386878967285,11833800,0.0,0.0,0.0
2024-07-30 00:00:00-04:00,15.202671718761241,15.287858550651617,14.94710872336648,15.038849830627441,6819200,0.0,0.0,0.0
2024-07-31 00:00:00-04:00,15.137145670381377,15.25837354131938,14.81539867931928,14.868477821350098,8494300,0.0,0.0,0.0
2024-08-01 00:00:00-04:00,14.72638996423725,14.817379424939208,14.183948224866933,14.425422668457031,9110800,1.447,0.0,0.0
2024-08-02 00:00:00-04:00,14.782386883882209,14.957367782278077,14.215447811880813,14.24344539642334,12462600,0.0,0.0,0.0
2024-08-05 00:00:00-04:00,11.324761523322648,12.661615192886888,11.303763339429683,12.185667037963867,24236000,0.0,0.0,0.0
2024-08-06 00:00:00-04:00,12.563627171329172,13.018577172533696,12.395644359040071,12.94858455657959,10242000,0.0,0.0,0.0
2024-08-07 00:00:00-04:00,13.046573059410493,13.109566278538392,12.455138207596423,12.458637237548828,11338200,0.0,0.0,0.0
2024-08-08 00:00:00-04:00,13.179559814096365,13.666006446376102,12.927586919966592,13.578516006469727,11706600,0.0,0.0,0.0
2024-08-09 00:00:00-04:00,13.756996378932614,13.92847688267389,13.571515750296557,13.858484268188477,9686700,0.0,0.0,0.0
2024-08-12 00:00:00-04:00,13.557517001027504,13.837486097241715,13.179557719889852,13.438529968261719,10249100,0.0,0.0,0.0
2024-08-13 00:00:00-04:00,13.410533671478765,14.040464531851317,13.404233815525826,13.858484268188477,5557400,0.0,0.0,0.0
2024-08-14 00:00:00-04:00,13.830489047352502,13.879483480620237,13.365039261312658,13.396535873413086,5277500,0.0,0.0,0.0
2024-08-15 00:00:00-04:00,13.45952740886384,13.634508268578651,12.906588586364,12.990578651428223,8251000,0.0,0.0,0.0
2024-08-16 00:00:00-04:00,13.347540372718274,13.648507678720522,13.137563865506419,13.61351203918457,5604900,0.0,0.0,0.0
2024-08-19 00:00:00-04:00,13.368537360458678,13.505721750354358,13.22365270235632,13.438529968261719,4837800,0.0,0.0,0.0
2024-08-20 00:00:00-04:00,13.774495644982332,13.889982336259788,13.326545001242492,13.5435209274292,7658100,0.0,0.0,0.0
2024-08-21 00:00:00-04:00,13.543520109757164,14.033465763018242,13.403534874540776,14.019468307495117,6895000,0.0,0.0,0.0
2024-08-22 00:00:00-04:00,13.837486217454263,13.87248185416083,13.669504758266404,13.718499183654785,4497600,0.0,0.0,0.0
2024-08-23 00:00:00-04:00,13.893481806418917,14.536710608782604,13.82348918909476,14.481417655944824,11118100,0.0,0.0,0.0
2024-08-26 00:00:00-04:00,14.52341363135177,14.53741242272132,14.334433952857498,14.404426574707031,5369900,0.0,0.0,0.0
2024-08-27 00:00:00-04:00,14.173451217785832,14.187450008523944,13.949475905968676,14.117457389831543,6388800,0.0,0.0,0.0
2024-08-28 00:00:00-04:00,13.585514763478978,13.634509193924593,13.13756415940694,13.368538856506348,10751500,0.0,0.0,0.0
2024-08-29 00:00:00-04:00,13.676503066636768,13.886479540199105,13.361537021295401,13.445527076721191,9660200,0.0,0.0,0.0
2024-08-30 00:00:00-04:00,13.508522342941049,13.585514351304338,13.088569331863637,13.298545837402344,8959200,0.0,0.0,0.0
2024-09-03 00:00:00-04:00,13.409922925498092,13.409922925498092,13.01375413247689,13.14830207824707,9803200,1.209,0.0,0.0
2024-09-04 00:00:00-04:00,12.789507158200301,13.275373580027951,12.707283105405905,13.17072582244873,7811900,0.0,0.0,0.0
2024-09-05 00:00:00-04:00,12.81940625741074,12.976379323795392,12.625059398215786,12.684858322143555,8055700,0.0,0.0,0.0
2024-09-06 00:00:00-04:00,12.864254953731407,12.894155128228842,12.042020115115037,12.101819038391113,10673700,0.0,0.0,0.0
2024-09-09 00:00:00-04:00,12.572735866774588,12.983854727686827,12.423239265667375,12.961429595947266,9166400,0.0,0.0,0.0
2024-09-10 00:00:00-04:00,12.90910636386405,13.160262434253788,12.804457169532288,13.14830207824707,5701900,0.0,0.0,0.0
2024-09-11 00:00:00-04:00,12.871730512142578,13.155776478353062,12.57273588380432,13.058602333068848,7489800,0.0,0.0,0.0
2024-09-12 00:00:00-04:00,13.073552893828886,13.282849854096051,12.983855214942173,13.230525970458984,6246800,0.0,0.0,0.0
2024-09-13 00:00:00-04:00,13.081027102980716,13.615480610102862,13.069815250265323,13.544469833374023,8726400,0.0,0.0,0.0
2024-09-16 00:00:00-04:00,13.252948505886684,13.26416178404555,13.013752815706203,13.118400573730469,6066400,0.0,0.0,0.0
2024-09-17 00:00:00-04:00,13.432346156057319,13.91821403759265,13.3501235232298,13.589319229125977,10714200,0.0,0.0,0.0
2024-09-18 00:00:00-04:00,13.559418908695243,13.895788757605517,13.40244726301635,13.596794128417969,8646600,0.0,0.0,0.0
2024-09-19 00:00:00-04:00,14.329331398010252,14.47882942621101,14.194783457773344,14.329331398010254,8260500,0.0,0.0,0.0
2024-09-20 00:00:00-04:00,14.24710732311602,14.396605351140368,14.126015317620782,14.232158660888672,5758700,0.0,0.0,0.0
2024-09-23 00:00:00-04:00,14.336807250976562,14.452666874936856,14.269533277062033,14.336807250976562,4845600,0.0,0.0,0.0
2024-09-24 00:00:00-04:00,14.374180210970316,14.590952208909304,14.187308388906576,14.57600212097168,6002100,0.0,0.0,0.0
2024-09-25 00:00:00-04:00,14.381655862252549,14.493778675081781,14.247107916569904,14.299431800842285,4234400,0.0,0.0,0.0
2024-09-26 00:00:00-04:00,14.583476051248345,14.919844449844414,14.523677129783351,14.658225059509277,8027500,0.0,0.0,0.0
2024-09-27 00:00:00-04:00,14.860047340393068,15.084294392520237,14.796511602341003,14.860047340393066,11135500,0.0,0.0,0.0
2024-09-30 00:00:00-04:00,14.456404963752185,14.493778759673752,14.239632955394098,14.344282150268555,7937500,0.0,0.0,0.0
2024-10-01 00:00:00-04:00,14.313371862341556,14.337148772462319,13.774440659556008,13.940876007080078,11245200,1.091,0.0,0.0
2024-10-02 00:00:00-04:00,13.742738210129989,14.099384266935976,13.55252748372029,13.584228515625,7711100,0.0,0.0,0.0
2024-10-03 00:00:00-04:00,13.655558291741437,13.790291084144702,13.520825499338173,13.774439811706543,6171100,0.0,0.0,0.0
2024-10-04 00:00:00-04:00,13.885397860898175,14.119990959718528,13.71103687918984,14.083534240722656,5808800,0.0,0.0,0.0
2024-10-07 00:00:00-04:00,14.242040836062484,14.574909977202765,14.15486186667224,14.289594650268555,6430700,0.0,0.0,0.0
2024-10-08 00:00:00-04:00,14.12316010792829,14.28166980742745,13.944837073906868,14.043905258178711,6843100,0.0,0.0,0.0
2024-10-09 00:00:00-04:00,13.956726722153036,14.083533881069563,13.699148830294765,13.750664710998535,5583900,0.0,0.0,0.0
2024-10-10 00:00:00-04:00,13.774439538141776,13.782365174203449,13.263248861278177,13.465347290039062,8612900,0.0,0.0,0.0
2024-10-11 00:00:00-04:00,13.85369390214983,14.325259405518945,13.85369390214983,14.249966621398926,8007200,0.0,0.0,0.0
2024-10-14 00:00:00-04:00,14.614538665045202,14.979108850034873,14.590761757113508,14.876078605651855,9677500,0.0,0.0,0.0
2024-10-15 00:00:00-04:00,14.876079317335563,15.359531041791437,14.624841330985435,15.1217679977417,11406900,0.0,0.0,0.0
2024-10-16 00:00:00-04:00,15.335754840822036,15.430859448794424,15.153469749157882,15.272351264953613,6649900,0.0,0.0,0.0
2024-10-17 00:00:00-04:00,15.113841251043477,15.272350943205394,15.026660769188375,15.066288948059082,6041500,0.0,0.0,0.0
2024-10-18 00:00:00-04:00,15.28820250333972,15.585407048008124,15.272351231492223,15.470487594604492,10171100,0.0,0.0,0.0
2024-10-21 00:00:00-04:00,15.311977932998694,15.311977932998694,15.05043799358389,15.272351264953613,8824200,0.0,0.0,0.0
2024-10-22 00:00:00-04:00,15.129695182708986,15.256502354069694,15.002888011348277,15.20895004272461,6108100,0.0,0.0,0.0
2024-10-23 00:00:00-04:00,14.987033786811942,15.074214266833701,14.677941556422681,14.95533275604248,9757100,0.0,0.0,0.0
2024-10-24 00:00:00-04:00,15.208950480421569,15.387273542673483,15.152678908410145,15.375384330749512,8008600,0.0,0.0,0.0
2024-10-25 00:00:00-04:00,15.31990339911811,15.514869808458934,14.82852455783942,15.026660919189453,15190400,0.0,0.0,0.0
2024-10-28 00:00:00-04:00,15.533889944051252,15.763727321054114,15.4070828026027,15.684473991394043,12549900,0.0,0.0,0.0
2024-10-29 00:00:00-04:00,16.056972405818808,16.62760463563787,15.985643188133848,16.358139038085938,17098600,0.0,0.0,0.0
2024-10-30 00:00:00-04:00,16.207556679411443,16.35813924158801,16.104524914068914,16.21548080444336,11475900,0.0,0.0,0.0
2024-10-31 00:00:00-04:00,16.23133068740898,16.239256323422598,15.724102075821357,15.755803108215332,11742000,0.0,0.0,0.0
2024-11-01 00:00:00-04:00,15.775825266577932,16.14289938601236,15.471321159863773,15.583946228027344,14770500,0.994,0.0,0.0
2024-11-04 00:00:00-05:00,15.400409510885487,15.458808936310529,15.091734789747038,15.1167631149292,11505500,0.0,0.0,0.0
2024-11-05 00:00:00-05:00,15.583947657800831,15.859252874829576,15.458809212100796,15.625659942626953,12813300,0.0,0.0,0.0
2024-11-06 00:00:00-05:00,16.726881658376612,17.231609241191105,16.543345368130637,17.135669708251953,23669800,0.0,0.0,0.0
2024-11-07 00:00:00-05:00,16.885390177431905,17.327547711499005,16.78528005842683,17.244121551513672,12460000,0.0,0.0,0.0
2024-11-08 00:00:00-05:00,17.160697190902717,17.419316881875165,17.03722792510205,17.26915168762207,10982500,0.0,0.0,0.0
2024-11-11 00:00:00-05:00,18.42876779755212,19.709354287449525,18.387055514913875,19.613414764404297,30678900,0.0,0.0,0.0
2024-11-12 00:00:00-05:00,19.404851156373283,20.25996572375072,19.19628655012407,20.18071174621582,23886500,0.0,0.0,0.0
2024-11-13 00:00:00-05:00,20.230766806173563,21.048339680777275,20.097285585471802,20.18071174621582,24749200,0.0,0.0,0.0
2024-11-14 00:00:00-05:00,20.514415180759713,20.647896403952174,19.64762103017744,19.67181396484375,16020000,0.0,0.0,0.0
2024-11-15 00:00:00-05:00,20.06391487570095,20.58949858477593,19.717698450015288,20.572813034057617,13371400,0.0,0.0,0.0
2024-11-18 00:00:00-05:00,20.305848673611234,20.848116291073733,20.147339139170285,20.581153869628906,17070100,0.0,0.0,0.0
2024-11-19 00:00:00-05:00,20.597841378175136,21.190164108198744,20.497729664999273,20.814748764038086,19092200,0.0,0.0,0.0
2024-11-20 00:00:00-05:00,21.2652478893055,21.37370237985741,20.948230375614273,21.206850051879883,15902600,0.0,0.0,0.0
2024-11-21 00:00:00-05:00,21.857570869206832,22.278870664012928,21.457125625080504,22.049449920654297,20992500,0.0,0.0,0.0
2024-11-22 00:00:00-05:00,21.924309722817586,22.40817949581207,21.790828515868863,22.266355514526367,14760000,0.0,0.0,0.0
2024-11-25 00:00:00-05:00,21.840886144691765,21.865912879430695,21.150119305662496,21.25690460205078,12801800,0.0,0.0,0.0
2024-11-26 00:00:00-05:00,20.664579918215146,21.265245363387173,20.326704710243767,20.35590362548828,11759800,0.0,0.0,0.0
2024-11-27 00:00:00-05:00,21.223535351893755,21.84505700425425,21.148451964314113,21.682376861572266,11259500,0.0,0.0,0.0
2024-11-29 00:00:00-05:00,21.857570840637713,22.232986168037066,21.782487456913515,21.807514190673828,10483700,0.0,0.0,0.0
2024-12-02 00:00:00-05:00,21.49181627245366,21.856084400944496,21.127548143962827,21.42243194580078,12870900,0.996,0.0,0.0
2024-12-03 00:00:00-05:00,21.0668386404152,21.57941553664375,20.936741570740452,21.396413803100586,6279500,0.0,0.0,0.0
2024-12-04 00:00:00-05:00,21.457124705133076,22.2290255971239,21.17004730338261,22.15964126586914,9010900,0.0,0.0,0.0
2024-12-05 00:00:00-05:00,23.026941887595754,23.224687938763232,21.85174427503834,22.10759925842285,17151700,0.0,0.0,0.0
2024-12-06 00:00:00-05:00,22.194330982688346,22.82746311871788,22.046889093753126,22.654003143310547,10001600,0.0,0.0,0.0
2024-12-09 00:00:00-05:00,22.124947648004575,22.45452277394785,21.431102752685547,21.431102752685547,10072000,0.0,0.0,0.0
2024-12-10 00:00:00-05:00,21.89077701493857,21.951488097522027,21.03648109907814,21.51783561706543,7720500,0.0,0.0,0.0
2024-12-11 00:00:00-05:00,22.020870908177564,22.719051618199426,21.98617957234722,22.62798500061035,9415100,0.0,0.0,0.0
2024-12-12 00:00:00-05:00,22.636660432712517,22.90552451479284,22.13362360773015,22.27239227294922,6421300,0.0,0.0,0.0
2024-12-13 00:00:00-05:00,22.411158775349044,22.766753652437366,22.23769713343887,22.62798500061035,6329900,0.0,0.0,0.0
2024-12-16 00:00:00-05:00,23.26111627712469,24.067710068422535,23.217751695459263,23.582019805908203,11282000,0.0,0.0,0.0
2024-12-17 00:00:00-05:00,24.050363912132024,24.180459313209813,23.56467364279033,23.7814998626709,7843400,0.0,0.0,0.0
2024-12-18 00:00:00-05:00,23.29580919123749,23.399884848602234,22.272389186385254,22.37646484375,12002000,0.0,0.0,0.0
2024-12-19 00:00:00-05:00,22.801447510303746,22.909860627060414,21.25764413215776,21.439777374267578,14276200,0.0,0.0,0.0
2024-12-20 00:00:00-05:00,21.17091330790185,21.78236322023934,21.118875475049457,21.439777374267578,12078000,0.0,0.0,0.0
2024-12-23 00:00:00-05:00,21.21545452049256,21.251781451858488,20.502520953445256,20.652372360229492,12744000,1.113,0.0,0.0
2024-12-24 00:00:00-05:00,21.53331996395478,22.078237749343632,21.451583941780047,22.023746490478516,8575500,0.0,0.0,0.0
2024-12-26 00:00:00-05:00,21.224536289275,21.451585235863433,21.106469866991258,21.188207626342773,6901600,0.0,0.0,0.0
2024-12-27 00:00:00-05:00,21.3789284333692,21.3789284333692,20.652370806021963,20.9429931640625,11061200,0.0,0.0,0.0
2024-12-30 00:00:00-05:00,20.54338788153668,21.006566172848554,20.152863446051974,20.879419326782227,9958000,0.0,0.0,0.0
2024-12-31 00:00:00-05:00,21.206371020470836,21.31535353995842,20.62512456496872,20.68869972229004,6930500,0.0,0.0,0.0
2025-01-02 00:00:00-05:00,21.39709233640657,21.71042099272632,21.251781148524888,21.56056785583496,9496000,0.0,0.0,0.0
2025-01-03 00:00:00-05:00,21.496994974761645,21.969257213519086,21.406175046962744,21.79669952392578,6321900,0.0,0.0,0.0
2025-01-06 00:00:00-05:00,21.923845681096914,22.77755020346178,21.88751875048883,22.641321182250977,8698800,0.0,0.0,0.0
2025-01-07 00:00:00-05:00,22.32345142445135,22.3416157551568,21.22453540046044,21.288108825683594,10424000,0.0,0.0,0.0
2025-01-08 00:00:00-05:00,21.079224156158364,21.224537081062213,20.40715945705456,20.743192672729492,7174400,0.0,0.0,0.0
2025-01-10 00:00:00-05:00,20.879421014822913,21.188207722159245,20.370831857193778,20.93391227722168,7436500,0.0,0.0,0.0
2025-01-13 00:00:00-05:00,20.08020976630946,20.706863623401397,19.703307676442577,20.652372360229492,9902700,0.0,0.0,0.0
2025-01-14 00:00:00-05:00,21.369846581612197,21.48791126670578,21.042895557897783,21.288108825683594,5864900,0.0,0.0,0.0
2025-01-15 00:00:00-05:00,21.796697577738044,22.27804193952161,21.78307519607064,21.99650001525879,6677700,0.0,0.0,0.0
2025-01-16 00:00:00-05:00,21.96925729729531,22.232633183445813,21.46974855861959,22.16905975341797,6639300,0.0,0.0,0.0
2025-01-17 00:00:00-05:00,22.73214075035557,23.458696673573748,22.62315649574986,23.14990997314453,10435500,0.0,0.0,0.0
2025-01-21 00:00:00-05:00,23.213481849604367,23.703908364208424,22.666748683814202,23.44053077697754,11430300,0.0,0.0,0.0
2025-01-22 00:00:00-05:00,23.077255492543305,23.20440235217015,22.78663310925563,22.99551773071289,7682400,0.0,0.0,0.0
2025-01-23 00:00:00-05:00,22.57774624508634,23.58584232044765,22.55049974976733,22.732139587402344,20562300,0.0,0.0,0.0
2025-01-24 00:00:00-05:00,23.249810994867474,23.66758019847822,23.086335486586442,23.10449981689453,9664300,0.0,0.0,0.0
2025-01-27 00:00:00-05:00,22.18722299799421,22.55050096052307,21.746747494039603,22.296205520629883,13549400,0.0,0.0,0.0
2025-01-28 00:00:00-05:00,22.61407199196018,22.877449569548144,22.28712272644043,22.28712272644043,7463400,0.0,0.0,0.0
2025-01-29 00:00:00-05:00,22.51417257454827,23.12266203978334,22.33253273890632,22.986433029174805,7516100,0.0,0.0,0.0
2025-01-30 00:00:00-05:00,23.13174566350422,23.49502535769695,23.08633656785311,23.122663497924805,8132600,0.0,0.0,0.0
2025-01-31 00:00:00-05:00,23.05909073484572,23.38150155933431,22.305288292516558,22.332534790039062,8941000,0.0,0.0,0.0
2025-02-03 00:00:00-05:00,20.84734828000476,22.49965170464557,20.781256431157978,22.27305030822754,14315200,0.937,0.0,0.0
2025-02-04 00:00:00-05:00,21.81984780926217,22.18807485829229,21.536594709273906,21.715988159179688,11297800,0.0,0.0,0.0
2025-02-05 00:00:00-05:00,21.71598865606539,21.819848308524296,21.196693995506635,21.432737350463867,6903100,0.0,0.0,0.0
2025-02-06 00:00:00-05:00,21.612128179655592,21.76319577699942,21.007857790280287,21.291109085083008,8666700,0.0,0.0,0.0
2025-02-07 00:00:00-05:00,21.942589923879662,22.046449575690865,20.993696435251035,21.036184310913086,11142500,0.0,0.0,0.0
2025-02-10 00:00:00-05:00,21.479945693592267,21.54131747124555,21.2722281857469,21.394969940185547,5097500,0.0,0.0,0.0
2025-02-11 00:00:00-05:00,21.28166820247452,21.380805972151624,20.809581526829934,20.90399742126465,5096600,0.0,0.0,0.0
2025-02-12 00:00:00-05:00,20.790697783741333,21.458227238781625,20.734046085613727,21.30055046081543,6856500,0.0,0.0,0.0
2025-02-13 00:00:00-05:00,21.055066175349094,21.17780972627637,20.885116475467086,21.130599975585938,7133100,0.0,0.0,0.0
2025-02-14 00:00:00-05:00,21.21557508299598,21.753755419349574,21.125879260704277,21.357202529907227,5848300,0.0,0.0,0.0
2025-02-18 00:00:00-05:00,21.149484564047064,21.191972440617047,20.422470587568682,20.630189895629883,7775900,0.0,0.0,0.0
2025-02-19 00:00:00-05:00,21.14004166312053,21.2108553878426,20.90399831520407,21.073949813842773,5396800,0.0,0.0,0.0
2025-02-20 00:00:00-05:00,21.45161833310837,21.673499651491426,21.215574990443088,21.602685928344727,5232500,0.0,0.0,0.0
2025-02-21 00:00:00-05:00,21.72543008351735,21.79624200777961,20.715164836752592,20.734046936035156,10244200,0.0,0.0,0.0
2025-02-24 00:00:00-05:00,20.89455576654078,20.988973463175803,20.50744483111819,20.59242057800293,7418600,0.0,0.0,0.0
2025-02-25 00:00:00-05:00,19.50662114663022,19.516063096176122,18.77016528985967,19.280019760131836,20330100,0.0,0.0,0.0
2025-02-26 00:00:00-05:00,18.75128344319913,19.355553815301597,17.98650172753072,18.47747230529785,17915100,0.0,0.0,0.0
2025-02-27 00:00:00-05:00,18.883467905183558,18.92029024979733,18.08092015903969,18.250871658325195,10656900,0.0,0.0,0.0
2025-02-28 00:00:00-05:00,17.939293703172837,18.666307617035997,17.75045831226602,18.449148178100586,11229700,0.0,0.0,0.0
2025-03-03 00:00:00-05:00,20.399932901953235,20.419539245387075,18.605993612561115,18.83146095275879,19396800,0.72,0.0,0.0
2025-03-04 00:00:00-05:00,18.106043638197775,19.458851461097257,17.821759128597314,18.998111724853516,14177300,0.0,0.0,0.0
2025-03-05 00:00:00-05:00,19.64510855970933,19.821560051941958,19.154961162947288,19.792152404785156,9924000,0.0,0.0,0.0
2025-03-06 00:00:00-05:00,19.664713069410656,20.02252044530941,19.194172016428507,19.478458404541016,8171500,0.0,0.0,0.0
2025-03-07 00:00:00-05:00,19.488259722512456,19.936255162290557,18.900084340701618,19.007915496826172,14626500,0.0,0.0,0.0
2025-03-10 00:00:00-04:00,18.06683182067714,18.125648979796072,16.890477419715854,17.223777770996094,13205100,0.0,0.0,0.0
2025-03-11 00:00:00-04:00,17.802153200631928,18.282497422383848,17.26789246637738,18.12565040588379,5885900,0.0,0.0,0.0
2025-03-12 00:00:00-04:00,18.213876483419394,18.311906332927656,17.591389089270372,18.115846633911133,5895400,0.0,0.0,0.0
2025-03-13 00:00:00-04:00,18.106044129167735,18.155059990609963,17.43944524142876,17.498262405395508,5185000,0.0,0.0,0.0
2025-03-14 00:00:00-04:00,18.223680013206195,18.65501023765429,18.06683299881851,18.4981632232666,5039100,0.0,0.0,0.0
2025-03-17 00:00:00-04:00,18.096240163019456,18.51776720411112,17.998212183963222,18.45895004272461,7013700,0.0,0.0,0.0
2025-03-18 00:00:00-04:00,17.978606578022397,17.998212922543757,17.69432019175447,17.96880340576172,3797200,0.0,0.0,0.0
2025-03-19 00:00:00-04:00,18.331513611889594,18.78735084605641,18.25799075356696,18.664813995361328,7030500,0.0,0.0,0.0
2025-03-20 00:00:00-04:00,18.586387900168173,18.900083796468653,18.247207122113327,18.370723724365234,4199200,0.0,0.0,0.0
2025-03-21 00:00:00-04:00,18.26289155151197,18.429541744585695,18.14035469983317,18.32171058654785,2645900,0.0,0.0,0.0
2025-03-24 00:00:00-04:00,19.037325230370513,19.38042878683891,19.032424579030717,19.262792587280273,3976200,0.0,0.0,0.0
2025-03-25 00:00:00-04:00,19.105944377204764,19.277497079631356,18.99124932350233,19.24318504333496,3410900,0.0,0.0,0.0
2025-03-26 00:00:00-04:00,19.105945258534632,19.184368767050003,18.713827715957787,18.880477905273438,2903800,0.0,0.0,0.0
2025-03-27 00:00:00-04:00,18.821660237737994,19.105944747338455,18.704024043230437,18.998111724853516,4368200,0.0,0.0,0.0
2025-03-28 00:00:00-04:00,18.5765856360619,18.635402795551226,18.17466495165123,18.292299270629883,4530300,0.0,0.0,0.0
2025-03-31 00:00:00-04:00,17.96880280572238,18.29230000046643,17.772743106583743,17.958999633789062,4605500,0.0,0.0,0.0
2025-04-01 00:00:00-04:00,18.219999313354492,18.655000686645508,17.950000762939453,18.489999771118164,6223200,0.361,0.0,0.0
2025-04-02 00:00:00-04:00,18.450000762939453,19.059999465942383,18.405000686645508,18.93000030517578,5779300,0.0,0.0,0.0
2025-04-03 00:00:00-04:00,17.84000015258789,18.01799964904785,17.670000076293945,17.829999923706055,6826400,0.0,0.0,0.0
2025-04-04 00:00:00-04:00,17.979999542236328,18.450000762939453,17.795000076293945,18.309999465942383,12262000,0.0,0.0,0.0
2025-04-07 00:00:00-04:00,16.709999084472656,17.68000030517578,16.479999542236328,17.0,16304400,0.0,0.0,0.0
2025-04-08 00:00:00-04:00,17.440000534057617,17.5,16.579999923706055,16.690000534057617,8147200,0.0,0.0,0.0
2025-04-09 00:00:00-04:00,16.68000030517578,18.084999084472656,16.68000030517578,17.940000534057617,15029900,0.0,0.0,0.0
2025-04-10 00:00:00-04:00,17.780000686645508,17.799999237060547,17.049999237060547,17.309999465942383,7597200,0.0,0.0,0.0
2025-04-11 00:00:00-04:00,17.8700008392334,18.350000381469727,17.690000534057617,18.270000457763672,5920300,0.0,0.0,0.0
2025-04-14 00:00:00-04:00,18.469999313354492,18.684999465942383,18.219999313354492,18.510000228881836,4379500,0.0,0.0,0.0
2025-04-15 00:00:00-04:00,18.690000534057617,18.84000015258789,18.260000228881836,18.290000915527344,4074100,0.0,0.0,0.0
2025-04-16 00:00:00-04:00,18.219999313354492,18.625,18.135000228881836,18.350000381469727,4757000,0.0,0.0,0.0
2025-04-17 00:00:00-04:00,18.420000076293945,18.6200008392334,18.219999313354492,18.510000228881836,3402100,0.0,0.0,0.0
2025-04-21 00:00:00-04:00,18.989999771118164,19.298999786376953,18.799999237060547,19.040000915527344,5940300,0.0,0.0,0.0
2025-04-22 00:00:00-04:00,19.510000228881836,19.989999771118164,19.479999542236328,19.920000076293945,7837700,0.0,0.0,0.0
2025-04-23 00:00:00-04:00,20.469999313354492,20.600000381469727,20.0,20.34000015258789,7581800,0.0,0.0,0.0
2025-04-24 00:00:00-04:00,20.18000030517578,20.389999389648438,20.139999389648438,20.389999389648438,3697500,0.0,0.0,0.0
