Date,Open,High,Low,Close,Volume,Dividends,Stock Splits
2020-04-27 00:00:00-04:00,425.4861791748294,440.59270861201554,421.93949426898854,439.2660217285156,613900,0.0,0.0
2020-04-28 00:00:00-04:00,449.3664930602396,451.7722194208727,437.5943615836242,440.2565612792969,655700,0.0,0.0
2020-04-29 00:00:00-04:00,451.6660762677019,456.3802244619456,442.75072653506015,452.3028869628906,638000,0.0,0.0
2020-04-30 00:00:00-04:00,443.3255597495615,449.25143701370826,440.2918763792131,444.03314208984375,580300,0.0,0.0
2020-05-01 00:00:00-04:00,434.640288843959,435.56895879053957,427.3258051444947,428.2191162109375,526300,0.0,0.0
2020-05-04 00:00:00-04:00,423.6553073496716,427.82109623801284,418.44583769168025,425.87530517578125,634900,0.0,0.0
2020-05-05 00:00:00-04:00,431.7127221002728,436.68339805010095,428.85594042740775,429.39544677734375,525900,0.0,0.0
2020-05-06 00:00:00-04:00,433.1455386429555,434.88792163098225,421.5945216534112,427.5469055175781,520900,0.0,0.0
2020-05-07 00:00:00-04:00,437.6916202958316,444.71421727690137,436.32954774759264,439.92047119140625,537100,0.0,0.0
2020-05-08 00:00:00-04:00,447.12002399189004,447.53572030582677,439.23950046056655,441.1499328613281,450500,0.0,0.0
2020-05-11 00:00:00-04:00,435.39212932082495,439.7348213336007,432.1815694582868,436.13507080078125,699600,0.0,0.0
2020-05-12 00:00:00-04:00,418.19824269677014,418.64932489079246,399.20010311109627,401.9330749511719,3499000,0.0,0.0
2020-05-13 00:00:00-04:00,406.8417037469118,434.9586226215051,403.75495489768196,429.6695556640625,9666100,0.0,0.0
2020-05-14 00:00:00-04:00,425.42421637758684,442.35275220558486,416.977654894761,440.63690185546875,11804100,0.0,0.0
2020-05-15 00:00:00-04:00,437.80659049736767,456.0175994990687,433.8442100219837,454.3724670410156,5957000,0.0,0.0
2020-05-18 00:00:00-04:00,459.0335608860646,467.69238261031876,455.1331260576521,456.760498046875,5587200,0.0,0.0
2020-05-19 00:00:00-04:00,453.24931838936277,456.0088227401603,441.19412580854606,443.2903137207031,2099700,0.0,0.0
2020-05-20 00:00:00-04:00,450.68436840617017,453.7269057620241,445.2891697814575,449.9591064453125,1496400,0.0,0.0
2020-05-21 00:00:00-04:00,449.3753083833597,450.7462341720353,445.8993956977646,449.7556457519531,1007600,0.0,0.0
2020-05-22 00:00:00-04:00,447.53568630425997,454.2310389192254,444.882312670045,453.9922180175781,632700,0.0,0.0
2020-05-26 00:00:00-04:00,464.3403956264219,468.89537538625336,461.1651680257022,463.1286926269531,1064300,0.0,0.0
2020-05-27 00:00:00-04:00,474.29052750120667,475.26340955415355,464.6322627837015,474.4232177734375,1182100,0.0,0.0
2020-05-28 00:00:00-04:00,485.10736396104755,486.4517570004139,473.1937441150853,474.81231689453125,1132800,0.0,0.0
2020-05-29 00:00:00-04:00,469.37294226326446,472.74272453891695,460.4045266378821,467.559814453125,1159300,0.0,0.0
2020-06-01 00:00:00-04:00,466.99385101084556,480.3579992078979,465.870572011305,476.0418395996094,668000,0.0,0.0
2020-06-02 00:00:00-04:00,481.498888890177,484.4795076111948,476.2186473036425,478.7924499511719,846800,0.0,0.0
2020-06-03 00:00:00-04:00,486.45178049007984,488.1676307478565,480.09252687307963,484.4263916015625,1071500,0.0,0.0
2020-06-04 00:00:00-04:00,482.5121469747642,488.0412947895807,480.7937609798523,486.3050842285156,913400,3.63,0.0
2020-06-05 00:00:00-04:00,496.82024553562616,500.46183719616613,491.1397516424409,495.5114440917969,1438000,0.0,0.0
2020-06-08 00:00:00-04:00,496.1257130771295,500.3104103785242,490.1870349939698,496.22369384765625,1133400,0.0,0.0
2020-06-09 00:00:00-04:00,487.8898825610419,500.82682193048316,486.9817535439759,496.8736267089844,851900,0.0,0.0
2020-06-10 00:00:00-04:00,498.1112384757644,505.3498598228547,494.71006135942724,496.8736267089844,779700,0.0,0.0
2020-06-11 00:00:00-04:00,484.4175517966791,488.513180818068,464.0016296447739,467.6253967285156,1250800,0.0,0.0
2020-06-12 00:00:00-04:00,479.36918617377944,480.01913068967775,459.5141420177031,469.2546691894531,1065600,0.0,0.0
2020-06-15 00:00:00-04:00,461.4106640142778,489.3323597327041,459.1758545353052,483.4916076660156,1242900,0.0,0.0
2020-06-16 00:00:00-04:00,497.62148501404835,497.62148501404835,480.2149294495753,490.0534362792969,826900,0.0,0.0
2020-06-17 00:00:00-04:00,494.1135829271966,499.9365104308199,492.19037731685955,494.35394287109375,704600,0.0,0.0
2020-06-18 00:00:00-04:00,489.58169047841784,497.13191727744476,488.38863987133374,495.7251892089844,531800,0.0,0.0
2020-06-19 00:00:00-04:00,504.8156918948139,504.8156918948139,486.8927621745059,494.4786376953125,1875200,0.0,0.0
2020-06-22 00:00:00-04:00,490.38300300412357,497.32779175745276,488.4420270668595,492.55548095703125,478600,0.0,0.0
2020-06-23 00:00:00-04:00,498.60098382527167,500.3727893407396,492.55546645994025,493.83758544921875,605900,0.0,0.0
2020-06-24 00:00:00-04:00,488.49537011715245,491.3890361742646,477.4459871407328,479.5205383300781,868800,0.0,0.0
2020-06-25 00:00:00-04:00,478.8081944775912,490.0534287125785,474.33857660991015,486.99945068359375,713900,0.0,0.0
2020-06-26 00:00:00-04:00,482.67241842388614,484.72914517360033,470.67039863275676,476.2084045410156,1167800,0.0,0.0
2020-06-29 00:00:00-04:00,480.79378920575607,481.30130028221197,472.77164710206034,474.4455261230469,774400,0.0,0.0
2020-06-30 00:00:00-04:00,475.42485238902896,486.1180700478692,475.42485238902896,484.4353332519531,1067100,0.0,0.0
2020-07-01 00:00:00-04:00,484.6133388366757,486.56322665022105,478.53222777200796,484.64007568359375,548600,0.0,0.0
2020-07-02 00:00:00-04:00,494.57651195245006,499.09955008396577,488.46866334131266,491.2733154296875,742000,0.0,0.0
2020-07-06 00:00:00-04:00,498.6010069733667,502.5186080511505,496.0100863659939,496.41961669921875,703100,0.0,0.0
2020-07-07 00:00:00-04:00,492.69784776405487,499.01937354469993,488.94941763002157,489.0117492675781,557300,0.0,0.0
2020-07-08 00:00:00-04:00,490.59667534844294,498.5475739527854,489.24331240533934,496.4730224609375,435700,0.0,0.0
2020-07-09 00:00:00-04:00,493.6683489361053,496.3482832167884,484.58667850753545,489.19873046875,462700,0.0,0.0
2020-07-10 00:00:00-04:00,490.16931487559356,494.9683080807555,486.8304689762498,493.330078125,489500,0.0,0.0
2020-07-13 00:00:00-04:00,496.99829070360767,503.2574847798682,491.47805530079444,491.9766540527344,786400,0.0,0.0
2020-07-14 00:00:00-04:00,492.1547442141342,500.8357426064065,490.99728863046903,499.7851257324219,567300,0.0,0.0
2020-07-15 00:00:00-04:00,509.53460244383257,510.1756347483125,498.8146468223572,506.2491760253906,767600,0.0,0.0
2020-07-16 00:00:00-04:00,503.3199776436679,507.2909987086635,501.3790013681839,504.7980041503906,729900,0.0,0.0
2020-07-17 00:00:00-04:00,514.9389591068331,527.5197325375891,509.8639577282449,523.2816162109375,1150200,0.0,0.0
2020-07-20 00:00:00-04:00,516.6039590288406,520.8599001955105,513.8527807574294,516.0519409179688,706700,0.0,0.0
2020-07-21 00:00:00-04:00,520.6373467017864,520.6373467017864,514.8856088659951,516.4081420898438,523000,0.0,0.0
2020-07-22 00:00:00-04:00,516.7018976479216,522.3022345031304,514.6095220238751,518.6695556640625,460500,0.0,0.0
2020-07-23 00:00:00-04:00,516.6841375161717,520.9044297330672,512.1521870986081,514.760986328125,453600,0.0,0.0
2020-07-24 00:00:00-04:00,514.6272779081655,514.6272779081655,505.42094594600775,508.0564270019531,421600,0.0,0.0
2020-07-27 00:00:00-04:00,506.3736612966361,514.8766299403386,503.36424469035904,512.2500610351562,618500,0.0,0.0
2020-07-28 00:00:00-04:00,510.08660795988715,511.2351513152196,506.61418670041087,508.1278076171875,488900,0.0,0.0
2020-07-29 00:00:00-04:00,507.2818849265349,516.5950567785086,507.2818849265349,514.2711791992188,724800,0.0,0.0
2020-07-30 00:00:00-04:00,506.89027629563145,510.255859375,502.16247221499486,510.255859375,341200,0.0,0.0
2020-07-31 00:00:00-04:00,509.5789638295225,512.241127406475,504.5484158929156,511.9651184082031,375900,0.0,0.0
2020-08-03 00:00:00-04:00,515.8292775787277,519.5687948892853,514.012965441911,516.363525390625,496400,0.0,0.0
2020-08-04 00:00:00-04:00,510.75438943488126,512.5707019729671,505.66150842085517,508.4305114746094,513100,0.0,0.0
2020-08-05 00:00:00-04:00,513.4789546676091,520.7887672240645,510.3804684170782,518.322509765625,465800,0.0,0.0
2020-08-06 00:00:00-04:00,516.3724772898096,519.390752134399,512.018609984597,518.3935546875,455000,0.0,0.0
2020-08-07 00:00:00-04:00,518.7854573344791,523.8338319333969,515.8917906178309,523.7002563476562,469900,0.0,0.0
2020-08-10 00:00:00-04:00,521.9373083392564,522.7831058164707,516.11432637585,516.5862426757812,465800,0.0,0.0
2020-08-11 00:00:00-04:00,521.1268419359716,531.1077807203229,519.3728616991071,522.3199462890625,576800,0.0,0.0
2020-08-12 00:00:00-04:00,527.2170941505452,539.3081280153908,520.3257254553498,525.525390625,612200,0.0,0.0
2020-08-13 00:00:00-04:00,522.391218279413,530.0305109645594,522.391218279413,524.9198608398438,359700,0.0,0.0
2020-08-14 00:00:00-04:00,524.0740729700509,527.501986908506,520.0229513547747,523.9405517578125,316700,0.0,0.0
2020-08-17 00:00:00-04:00,526.1397742716562,530.2443157272081,523.4331027997023,527.1192016601562,411100,0.0,0.0
2020-08-18 00:00:00-04:00,526.2822775533456,529.5498795712886,524.2433208483743,524.6083984375,456200,0.0,0.0
2020-08-19 00:00:00-04:00,527.3861296833724,530.2530583174439,524.2431377112714,525.0889892578125,418700,0.0,0.0
2020-08-20 00:00:00-04:00,520.7530208690911,523.7624377385044,517.33401941835,519.399658203125,552400,0.0,0.0
2020-08-21 00:00:00-04:00,521.2250365018225,523.531090214968,518.1266045822111,520.0052490234375,418400,0.0,0.0
2020-08-24 00:00:00-04:00,522.9788947222482,526.8163385247466,520.2276624431421,526.6026611328125,381600,0.0,0.0
2020-08-25 00:00:00-04:00,529.2739282806383,529.4074495272058,525.4186585227067,526.3357543945312,373300,0.0,0.0
2020-08-26 00:00:00-04:00,526.6117301210361,530.3868434170683,523.4420543967072,527.1815185546875,540200,0.0,0.0
2020-08-27 00:00:00-04:00,527.9292932721837,533.2358507231157,527.0834416329068,529.74560546875,428900,0.0,0.0
2020-08-28 00:00:00-04:00,530.3067727386099,535.3818304985923,527.1727456468117,535.1592407226562,436000,0.0,0.0
2020-08-31 00:00:00-04:00,536.4590013808163,537.8479589346098,528.5792933976206,529.0422973632812,581700,0.0,0.0
2020-09-01 00:00:00-04:00,529.531832786888,535.1233105387356,528.1161931313693,530.8673706054688,402800,0.0,0.0
2020-09-02 00:00:00-04:00,532.2030450465452,542.8428432678951,529.0422822664688,541.338134765625,684200,0.0,0.0
2020-09-03 00:00:00-04:00,541.1232501924717,542.3055895031929,513.866904030281,518.7216186523438,739200,3.63,0.0
2020-09-04 00:00:00-04:00,521.1310299465293,523.1732671386962,499.6788469640167,505.7427978515625,822100,0.0,0.0
2020-09-08 00:00:00-04:00,501.58672127441116,502.285398651401,490.84720807837124,494.9136962890625,837100,0.0,0.0
2020-09-09 00:00:00-04:00,503.0467778049683,505.2681128618935,497.41280250738464,501.7569580078125,830500,0.0,0.0
2020-09-10 00:00:00-04:00,503.0646799830645,503.35131266227467,484.7654002675129,486.6463623046875,891000,0.0,0.0
2020-09-11 00:00:00-04:00,487.69432852791704,490.3546056478594,481.76475500942814,484.7564392089844,660900,0.0,0.0
2020-09-14 00:00:00-04:00,488.1959230611058,495.51388560720653,486.6105594976702,490.2919006347656,631400,0.0,0.0
2020-09-15 00:00:00-04:00,495.4243600457826,495.7109927734674,490.2024289218077,490.9906005859375,626400,0.0,0.0
2020-09-16 00:00:00-04:00,494.268775137213,507.7581130518531,491.56372397054815,503.14520263671875,1003900,0.0,0.0
2020-09-17 00:00:00-04:00,497.0722798217219,497.8336083972714,487.7211027774043,491.2143249511719,1033500,0.0,0.0
2020-09-18 00:00:00-04:00,491.26818221143634,500.8432881383716,491.26818221143634,498.8369140625,2989100,0.0,0.0
2020-09-21 00:00:00-04:00,491.41159974493,498.69370001257823,485.9388446106738,494.9586181640625,659600,0.0,0.0
2020-09-22 00:00:00-04:00,493.66872420974573,498.5055071435359,487.7391507741806,493.3551940917969,565600,0.0,0.0
2020-09-23 00:00:00-04:00,492.9162003743723,495.20920663474897,481.9348308607626,482.37371826171875,511400,0.0,0.0
2020-09-24 00:00:00-04:00,481.2452962613767,485.57152002872834,476.3457524464069,479.2478332519531,552800,0.0,0.0
2020-09-25 00:00:00-04:00,477.3669642171416,491.65349903673194,475.969663754293,490.6771545410156,486400,0.0,0.0
2020-09-28 00:00:00-04:00,496.6156213016414,505.12483488938966,496.22150816974073,500.3865661621094,567000,0.0,0.0
2020-09-29 00:00:00-04:00,501.73896231951255,503.56623868944683,494.7614279019958,496.93798828125,409700,0.0,0.0
2020-09-30 00:00:00-04:00,499.08764600486654,511.3498695199365,497.2155954655078,504.7753601074219,741100,0.0,0.0
2020-10-01 00:00:00-04:00,516.679371369296,517.9333276914612,507.12214346990794,508.6806640625,551300,0.0,0.0
2020-10-02 00:00:00-04:00,502.07936317677337,514.7357019417867,500.8612153086316,510.6602478027344,523400,0.0,0.0
2020-10-05 00:00:00-04:00,514.7627456699844,520.8714730427612,513.2400330672767,520.3877563476562,435300,0.0,0.0
2020-10-06 00:00:00-04:00,520.387478030896,529.0041690804975,517.8347367016354,519.7156982421875,704300,0.0,0.0
2020-10-07 00:00:00-04:00,523.379366052533,530.9659758579804,523.379366052533,530.3031616210938,573500,0.0,0.0
2020-10-08 00:00:00-04:00,533.2679682165373,542.9864194500192,532.3543844886085,541.4010009765625,538100,0.0,0.0
2020-10-09 00:00:00-04:00,546.9184895877419,550.232615314301,543.3177858262011,547.787353515625,525100,0.0,0.0
2020-10-12 00:00:00-04:00,551.1908468737289,555.9291140820281,549.6591692379001,550.7609252929688,644700,0.0,0.0
2020-10-13 00:00:00-04:00,568.0302699116916,578.8862301167959,560.8556509108299,572.3207397460938,1154900,0.0,0.0
2020-10-14 00:00:00-04:00,574.891211497384,576.3512171949604,567.9225899794229,573.11767578125,694200,0.0,0.0
2020-10-15 00:00:00-04:00,567.9585682711065,581.223979574279,566.6597828901644,578.8413696289062,792700,0.0,0.0
2020-10-16 00:00:00-04:00,584.0365435544608,590.7812408607757,580.4179083746607,588.8196411132812,765500,0.0,0.0
2020-10-19 00:00:00-04:00,589.5989903132444,597.1139833484622,567.0092914719347,568.67529296875,775700,0.0,0.0
2020-10-20 00:00:00-04:00,570.2247856414452,583.0871205220858,570.2247856414452,577.7935180664062,473500,0.0,0.0
2020-10-21 00:00:00-04:00,579.1460348836446,585.5413389683522,568.6125156811662,568.7647705078125,452600,0.0,0.0
2020-10-22 00:00:00-04:00,568.7737158887338,571.3085809851417,564.1339620580558,568.9349365234375,483300,0.0,0.0
2020-10-23 00:00:00-04:00,571.344305860019,572.4997475742384,567.4390386060063,570.8427124023438,494200,0.0,0.0
2020-10-26 00:00:00-04:00,564.2950870618398,565.719284431423,551.6029414428693,557.2996215820312,686100,0.0,0.0
2020-10-27 00:00:00-04:00,555.6247817335162,559.440500988515,549.4891580916488,550.4386596679688,349800,0.0,0.0
2020-10-28 00:00:00-04:00,539.8333568778315,543.2012220912056,534.0739705983083,538.0598754882812,645600,0.0,0.0
2020-10-29 00:00:00-04:00,537.6119710174885,543.3265823611596,528.6996811881896,539.5108642578125,447400,0.0,0.0
2020-10-30 00:00:00-04:00,535.2562417640892,538.2030961167134,526.5858104381307,536.7162475585938,530400,0.0,0.0
2020-11-02 00:00:00-05:00,545.4495011695932,553.8601444459425,543.2012688962233,550.7431030273438,462400,0.0,0.0
2020-11-03 00:00:00-05:00,556.1442906487146,567.286883757763,554.4424261158999,563.6323852539062,560400,0.0,0.0
2020-11-04 00:00:00-05:00,562.7635353434142,589.357069097908,562.3336136274294,583.6424560546875,811700,0.0,0.0
2020-11-05 00:00:00-05:00,592.0799962293834,601.9148372363869,590.9693287887605,598.502197265625,714400,0.0,0.0
2020-11-06 00:00:00-05:00,596.5942659980857,598.3319387855337,585.9622342737719,586.5982055664062,493900,0.0,0.0
2020-11-09 00:00:00-05:00,613.666569849916,620.482884715318,594.0147626677104,596.55859375,870000,0.0,0.0
2020-11-10 00:00:00-05:00,592.12474586557,597.0242345378665,577.8382152107174,591.7037353515625,758000,0.0,0.0
2020-11-11 00:00:00-05:00,600.8310267912904,605.2737513285626,597.4632158066157,600.6787719726562,455800,0.0,0.0
2020-11-12 00:00:00-05:00,596.3255454432978,598.9320272042687,586.5712889096242,590.9781494140625,501700,0.0,0.0
2020-11-13 00:00:00-05:00,591.1663485673502,601.1086698345099,589.6346706195545,599.9174194335938,664100,0.0,0.0
2020-11-16 00:00:00-05:00,611.3196349891348,611.3196349891348,599.469456482073,605.8826904296875,607600,0.0,0.0
2020-11-17 00:00:00-05:00,605.9097615025871,605.9097615025871,595.206055723788,597.875244140625,768900,0.0,0.0
2020-11-18 00:00:00-05:00,600.8400935244,606.0800109580657,599.183057859075,600.0250244140625,509000,0.0,0.0
2020-11-19 00:00:00-05:00,596.5137130347573,604.9065343820585,594.0684514500539,603.240478515625,471200,0.0,0.0
2020-11-20 00:00:00-05:00,603.7242158139279,605.2737708295132,599.2277509211162,602.5508422851562,396200,0.0,0.0
2020-11-23 00:00:00-05:00,606.2857890981438,617.1417469495829,603.5628611584003,611.6510620117188,505400,0.0,0.0
2020-11-24 00:00:00-05:00,622.2203675504445,627.5856402942625,614.9024613585834,626.3674926757812,652000,0.0,0.0
2020-11-25 00:00:00-05:00,625.3106074839142,630.8102584273456,623.7878955241596,630.22802734375,401200,0.0,0.0
2020-11-27 00:00:00-05:00,633.0407136618005,643.8787429228012,631.598638987675,640.52880859375,313400,0.0,0.0
2020-11-30 00:00:00-05:00,636.229270797824,638.8089098466673,624.9612679156947,625.5166015625,888400,0.0,0.0
2020-12-01 00:00:00-05:00,635.6561643923808,645.3656491652911,631.6523816475575,640.6362915039062,549500,0.0,0.0
2020-12-02 00:00:00-05:00,640.4300758478828,643.842715044289,635.0379058268979,643.4396362304688,484100,0.0,0.0
2020-12-03 00:00:00-05:00,646.7076670236519,649.8225715052705,640.7660014233528,644.0609130859375,604400,3.63,0.0
2020-12-04 00:00:00-05:00,642.2604736265838,648.4452265399779,627.0731627667933,633.3029174804688,816100,0.0,0.0
2020-12-07 00:00:00-05:00,632.6096956461562,638.8034592997105,629.3057725901017,638.722412109375,680600,0.0,0.0
2020-12-08 00:00:00-05:00,636.2916829538698,646.8786983869522,633.3118388946642,642.7105102539062,598200,0.0,0.0
2020-12-09 00:00:00-05:00,644.4389953297416,644.7180723689124,627.3341388647408,631.6913452148438,489400,0.0,0.0
2020-12-10 00:00:00-05:00,629.8099698104846,632.6457425694107,625.0025797341181,628.7476196289062,438600,0.0,0.0
2020-12-11 00:00:00-05:00,623.2470852972817,627.5053326360443,620.6813782217023,625.8578491210938,488100,0.0,0.0
2020-12-14 00:00:00-05:00,630.656107713538,630.674075462151,615.2887373974665,615.7028198242188,658500,0.0,0.0
2020-12-15 00:00:00-05:00,622.5447880167778,633.8969982722444,621.4734816240477,628.5404663085938,617300,0.0,0.0
2020-12-16 00:00:00-05:00,633.7799916693571,638.1012078958354,624.3723089285659,628.7115478515625,849400,0.0,0.0
2020-12-17 00:00:00-05:00,632.8797601127595,638.8934616237175,629.539791668851,635.5895385742188,832200,0.0,0.0
2020-12-18 00:00:00-05:00,634.8152891181995,636.120615843737,622.5267776031019,629.0986328125,1610700,0.0,0.0
2020-12-21 00:00:00-05:00,624.7774818245234,633.3479340286368,620.4292312271718,629.125732421875,631800,0.0,0.0
2020-12-22 00:00:00-05:00,630.1788529277371,633.4737638962615,622.7517450182318,624.34521484375,596900,0.0,0.0
2020-12-23 00:00:00-05:00,631.9795000849205,637.5340623571327,626.767039373776,633.4559326171875,752600,0.0,0.0
2020-12-24 00:00:00-05:00,633.2037174711909,639.9376662111733,633.2037174711909,636.6427001953125,173300,0.0,0.0
2020-12-28 00:00:00-05:00,643.3137251806651,643.7908321145164,638.3442962854075,639.3435668945312,272300,0.0,0.0
2020-12-29 00:00:00-05:00,642.5483908029005,643.9708099645154,635.2293087476054,635.83251953125,318400,0.0,0.0
2020-12-30 00:00:00-05:00,642.1523352791237,645.4292789871654,637.3809913895265,638.2272338867188,355300,0.0,0.0
2020-12-31 00:00:00-05:00,636.9129621640575,650.3627861483202,636.408821108911,649.570556640625,361500,0.0,0.0
2021-01-04 00:00:00-05:00,657.7268299948335,657.7268299948335,632.0155279327046,639.9197998046875,623600,0.0,0.0
2021-01-05 00:00:00-05:00,638.1101948992463,645.6723642175095,634.9142983821772,643.3046875,431400,0.0,0.0
2021-01-06 00:00:00-05:00,647.0677638919052,670.5013900375499,644.6730530772513,661.6519165039062,730700,0.0,0.0
2021-01-07 00:00:00-05:00,673.6974537753375,678.1357083035113,668.8990749460032,675.5699462890625,656000,0.0,0.0
2021-01-08 00:00:00-05:00,681.6286030448724,683.6271442591353,672.8690780048927,680.9984130859375,622900,0.0,0.0
2021-01-11 00:00:00-05:00,677.7304175301296,693.5569261332083,675.6508293222605,690.2079467773438,614400,0.0,0.0
2021-01-12 00:00:00-05:00,687.3544147460643,701.578447467999,687.3454033951914,700.1650390625,675900,0.0,0.0
2021-01-13 00:00:00-05:00,701.0291077615016,709.4014745811959,699.147549216852,701.974365234375,848600,0.0,0.0
2021-01-14 00:00:00-05:00,675.1917497215451,689.4697914016512,665.3429505343837,669.340087890625,1642900,0.0,0.0
2021-01-15 00:00:00-05:00,668.1516524578611,679.1887942090405,651.7850132761695,655.1699829101562,1174500,0.0,0.0
2021-01-19 00:00:00-05:00,664.1365260696342,670.1682494992722,656.3043464110607,660.4725341796875,852400,0.0,0.0
2021-01-20 00:00:00-05:00,665.027938372979,668.3678520066418,656.4214956848659,667.5756225585938,747600,0.0,0.0
2021-01-21 00:00:00-05:00,670.4295729143688,671.3838419446362,663.4885803323217,668.169921875,639600,0.0,0.0
2021-01-22 00:00:00-05:00,666.0992445020147,669.5471844267681,657.9249069914842,661.7329711914062,565700,0.0,0.0
2021-01-25 00:00:00-05:00,657.9249115568521,662.3811884935501,642.4495130694282,650.8668823242188,806400,0.0,0.0
2021-01-26 00:00:00-05:00,654.4769372470521,660.6977354243919,648.2201486197134,649.849609375,827900,0.0,0.0
2021-01-27 00:00:00-05:00,642.0623005264393,642.7734826645776,617.296260347945,628.1893310546875,1104400,0.0,0.0
2021-01-28 00:00:00-05:00,631.5292258884164,658.1047855217466,629.6656904314709,648.1029052734375,822400,0.0,0.0
2021-01-29 00:00:00-05:00,644.0069385572352,645.5554070160174,628.9366661306615,631.3133544921875,801100,0.0,0.0
2021-02-01 00:00:00-05:00,637.3809721995071,642.7375040711406,631.3222695242873,642.0352783203125,483100,0.0,0.0
2021-02-02 00:00:00-05:00,647.6169770856767,660.1755558381226,647.6169770856767,656.736572265625,879300,0.0,0.0
2021-02-03 00:00:00-05:00,648.1841796993373,654.8820850874539,645.0782861821606,651.8572387695312,685300,0.0,0.0
2021-02-04 00:00:00-05:00,652.0552276551321,664.0826312678632,652.0552276551321,659.392333984375,636400,0.0,0.0
2021-02-05 00:00:00-05:00,660.9588099212284,663.9206317308268,652.7934831978222,653.8828125,474900,0.0,0.0
2021-02-08 00:00:00-05:00,657.7987864419125,658.7530552253247,648.7692509178202,653.99072265625,532900,0.0,0.0
2021-02-09 00:00:00-05:00,655.1611267225703,658.3660350174764,647.5989563898816,656.1063842773438,451000,0.0,0.0
2021-02-10 00:00:00-05:00,659.3562567550857,659.860397752021,649.0843633373133,651.0379028320312,663100,0.0,0.0
2021-02-11 00:00:00-05:00,656.8445316154537,656.9255788018095,645.3662719266523,649.471435546875,803900,0.0,0.0
2021-02-12 00:00:00-05:00,643.9979265794485,658.5370788710868,641.6032704694346,650.8668823242188,862800,0.0,0.0
2021-02-16 00:00:00-05:00,655.9892657962852,664.1365683983013,654.4138184167201,657.4656982421875,571400,0.0,0.0
2021-02-17 00:00:00-05:00,653.5676288165603,656.0163529430113,646.8066995802753,649.4354858398438,567100,0.0,0.0
2021-02-18 00:00:00-05:00,644.9701994230726,645.5913780682799,627.0100868046654,633.35693359375,1078700,0.0,0.0
2021-02-19 00:00:00-05:00,636.8588885192291,645.1052617167684,636.0306686388569,639.2805786132812,804200,0.0,0.0
2021-02-22 00:00:00-05:00,635.0223622916094,635.5624937261014,627.7213018412849,633.0057983398438,829900,0.0,0.0
2021-02-23 00:00:00-05:00,630.6381589616948,635.2834544161419,619.6550279138935,633.0238037109375,926300,0.0,0.0
2021-02-24 00:00:00-05:00,634.2300401918361,642.0892536248656,630.5300030382388,641.0719604492188,583200,0.0,0.0
2021-02-25 00:00:00-05:00,642.9896207309262,643.2327073567136,623.1120141369809,625.4886474609375,591000,0.0,0.0
2021-02-26 00:00:00-05:00,628.1893603232716,631.0972233910283,620.5282310183053,625.2275390625,768500,0.0,0.0
2021-03-01 00:00:00-05:00,636.3186979700689,649.9575379458279,634.8692995772087,647.4638671875,652800,0.0,0.0
2021-03-02 00:00:00-05:00,647.9409805156415,651.4249654806531,642.4314203408677,644.8621215820312,455100,0.0,0.0
2021-03-03 00:00:00-05:00,646.8697350099051,649.4264854700001,631.3493349549215,631.5203857421875,703000,0.0,0.0
2021-03-04 00:00:00-05:00,627.934297268703,632.878768877715,612.5573863169637,618.7063598632812,915400,4.13,0.0
2021-03-05 00:00:00-05:00,626.5758902878039,637.5606689270012,606.9970968052604,635.9758911132812,698500,0.0,0.0
2021-03-08 00:00:00-05:00,633.5126906579019,644.9321339895741,631.0495195722752,632.9693603515625,649800,0.0,0.0
2021-03-09 00:00:00-05:00,641.1378131892295,656.7682621030967,637.4430560280474,653.8341674804688,959700,0.0,0.0
2021-03-10 00:00:00-05:00,658.081287023148,664.3298619748359,655.82638331922,659.7203979492188,823300,0.0,0.0
2021-03-11 00:00:00-05:00,663.324497115711,664.4202775300747,651.41605855358,653.942626953125,751600,0.0,0.0
2021-03-12 00:00:00-05:00,651.3709211771226,654.3955520920164,645.2310121725163,648.5726318359375,528700,0.0,0.0
2021-03-15 00:00:00-04:00,652.6659134395595,652.6659134395595,640.4948166008602,651.1264038085938,526800,0.0,0.0
2021-03-16 00:00:00-04:00,653.7797823823779,658.7152448621473,648.1832587751064,654.8031005859375,562200,0.0,0.0
2021-03-17 00:00:00-04:00,653.2454161703427,661.4410259480907,651.9413681687348,659.466796875,463600,0.0,0.0
2021-03-18 00:00:00-04:00,660.1639095286731,670.0891637172289,654.2504547014423,655.4005126953125,640100,0.0,0.0
2021-03-19 00:00:00-04:00,652.2583933343201,670.7233337923927,646.14567834902,660.7528076171875,1452200,0.0,0.0
2021-03-22 00:00:00-04:00,660.7526812839322,666.6842665995573,657.0669346166273,661.9118041992188,524700,0.0,0.0
2021-03-23 00:00:00-04:00,660.8795149367362,660.8795149367362,646.7432554201059,648.9166870117188,556700,0.0,0.0
2021-03-24 00:00:00-04:00,653.0190034210682,662.1654686438186,653.0190034210682,654.5132446289062,544700,0.0,0.0
2021-03-25 00:00:00-04:00,655.237677424547,659.8833446780892,645.0226814603069,658.8147583007812,462800,0.0,0.0
2021-03-26 00:00:00-04:00,662.2742060109989,686.6344747169965,662.2742060109989,685.4391479492188,803700,0.0,0.0
2021-03-29 00:00:00-04:00,676.0934141551339,689.921695300233,674.5991729298045,686.3084106445312,581700,0.0,0.0
2021-03-30 00:00:00-04:00,683.7728428178308,691.3435404686618,676.4376067424729,678.5204467773438,598800,0.0,0.0
2021-03-31 00:00:00-04:00,679.1632716211891,690.2839100449522,678.1490182807845,682.776611328125,638100,0.0,0.0
2021-04-01 00:00:00-04:00,688.0471392010429,694.757516714347,686.0729102646713,694.4315185546875,549200,0.0,0.0
2021-04-05 00:00:00-04:00,699.5208840155893,713.3854226358485,698.9594243410388,709.99853515625,593500,0.0,0.0
2021-04-06 00:00:00-04:00,712.2262911369971,712.2262911369971,705.2079894721259,707.9066772460938,492300,0.0,0.0
2021-04-07 00:00:00-04:00,709.3646413264654,715.6131604523374,707.2636721848231,713.602783203125,477100,0.0,0.0
2021-04-08 00:00:00-04:00,716.3195674630614,726.2900926629054,714.5899200082489,725.01318359375,558500,0.0,0.0
2021-04-09 00:00:00-04:00,726.8967688625502,734.0871338549292,724.0985352063288,732.0314331054688,484200,0.0,0.0
2021-04-12 00:00:00-04:00,728.6446471251764,733.2269170480695,725.8373483617574,731.6964721679688,482800,0.0,0.0
2021-04-13 00:00:00-04:00,728.7261604464253,730.4739374204239,724.0442892664328,726.7247924804688,376200,0.0,0.0
2021-04-14 00:00:00-04:00,724.0443191133345,734.7755076744135,722.7855393642229,725.4389038085938,552900,0.0,0.0
2021-04-15 00:00:00-04:00,735.5090195235792,749.6904936351505,733.5257809419776,740.6256103515625,766900,0.0,0.0
2021-04-16 00:00:00-04:00,746.040916334462,747.5804257581683,729.4686802384736,734.8388061523438,774600,0.0,0.0
2021-04-19 00:00:00-04:00,734.4855011675153,738.5063102669378,730.2926283011465,734.5126953125,491100,0.0,0.0
2021-04-20 00:00:00-04:00,731.0443875154423,736.6499749206833,725.2305327256115,728.9615478515625,525200,0.0,0.0
2021-04-21 00:00:00-04:00,727.1504258304816,735.6901077600088,724.098600935776,734.9113159179688,388500,0.0,0.0
2021-04-22 00:00:00-04:00,734.4404807095686,734.4404807095686,718.6108298992503,720.2318115234375,520000,0.0,0.0
2021-04-23 00:00:00-04:00,723.048015197537,739.7832497470798,720.7478435003774,736.3963623046875,489800,0.0,0.0
2021-04-26 00:00:00-04:00,737.6189600961009,744.6463261477664,737.1661664615622,741.0601806640625,478200,0.0,0.0
2021-04-27 00:00:00-04:00,740.4986980596545,745.0175695488598,735.9526324223418,743.0433959960938,328200,0.0,0.0
2021-04-28 00:00:00-04:00,742.464040962894,743.5054887274861,738.325499333883,739.2130126953125,335300,0.0,0.0
2021-04-29 00:00:00-04:00,746.475740477523,751.1938710944551,739.9283607565812,749.2106323242188,455200,0.0,0.0
2021-04-30 00:00:00-04:00,744.1934646085733,745.1443200998107,736.9487671170043,741.9475708007812,451200,0.0,0.0
2021-05-03 00:00:00-04:00,747.1094387962172,753.8108061744821,743.5323583074495,747.6708984375,490100,0.0,0.0
2021-05-04 00:00:00-04:00,744.6191067412168,758.1213881451893,741.6759482165479,757.4603271484375,557900,0.0,0.0
2021-05-05 00:00:00-04:00,760.8292142963993,771.6690680612801,759.760572611426,770.6638793945312,569900,0.0,0.0
2021-05-06 00:00:00-04:00,770.980805671382,785.4973969076227,768.9251600452415,785.2347412109375,666600,0.0,0.0
2021-05-07 00:00:00-04:00,779.2035187991794,794.2543749204574,777.1750121424126,791.329345703125,474200,0.0,0.0
2021-05-10 00:00:00-04:00,792.7874810956047,797.6414165723069,776.4687775252484,776.4959716796875,566400,0.0,0.0
2021-05-11 00:00:00-04:00,768.1824663229214,774.5577802670504,756.1653065778416,764.4061279296875,671900,0.0,0.0
2021-05-12 00:00:00-04:00,760.5030950026922,769.7310312695407,742.5272102412504,745.7510986328125,649700,0.0,0.0
2021-05-13 00:00:00-04:00,745.7510880610319,765.4114068320546,744.483243822903,759.7786254882812,554700,0.0,0.0
2021-05-14 00:00:00-04:00,768.5266195709261,779.5657300397244,765.5834610936373,775.9705200195312,481500,0.0,0.0
2021-05-17 00:00:00-04:00,775.9978260333625,778.9409849349308,766.2084289439754,769.26025390625,347600,0.0,0.0
2021-05-18 00:00:00-04:00,772.302969754595,775.0016022281076,760.3130027161666,760.8201293945312,373700,0.0,0.0
2021-05-19 00:00:00-04:00,749.8988149329322,759.760619517921,743.5053702254693,759.3531494140625,632900,0.0,0.0
2021-05-20 00:00:00-04:00,762.0971102378841,771.1711142068216,757.6597648805046,765.1127319335938,360800,0.0,0.0
2021-05-21 00:00:00-04:00,768.408876029135,783.1970753511964,768.408876029135,779.5023193359375,692800,0.0,0.0
2021-05-24 00:00:00-04:00,784.6461113945229,794.2815733386129,784.3925204247336,789.9981079101562,566800,0.0,0.0
2021-05-25 00:00:00-04:00,794.2906165585172,798.0940943584652,789.1831460790407,791.7278442382812,625600,0.0,0.0
2021-05-26 00:00:00-04:00,800.022951102768,804.4240919464208,788.1597800371212,793.9555053710938,616200,0.0,0.0
2021-05-27 00:00:00-04:00,795.7758034522526,800.9467270172637,792.5428500435852,793.6838989257812,704600,0.0,0.0
2021-05-28 00:00:00-04:00,796.2285702078781,796.9168254007137,791.9722988358645,794.2362670898438,435400,0.0,0.0
2021-06-01 00:00:00-04:00,804.070981071202,805.9636275644295,793.3035348718067,794.1185302734375,407400,0.0,0.0
2021-06-02 00:00:00-04:00,795.5403385769876,804.1162793188439,794.0280232148839,803.6362915039062,543400,0.0,0.0
2021-06-03 00:00:00-04:00,800.6430219665873,808.2855457523465,794.6382215142796,801.5619506835938,430800,4.13,0.0
2021-06-04 00:00:00-04:00,804.2003056475618,807.0116785442683,798.6777379548787,806.8751831054688,647000,0.0,0.0
2021-06-07 00:00:00-04:00,808.522057291597,809.7412426974344,800.1607943732861,805.15576171875,400300,0.0,0.0
2021-06-08 00:00:00-04:00,804.5553035175398,806.5842436326583,798.9053464035834,804.7554931640625,303300,0.0,0.0
2021-06-09 00:00:00-04:00,805.646962598009,806.5204112556012,791.3991819111,792.3999633789062,463100,0.0,0.0
2021-06-10 00:00:00-04:00,800.4063696856783,801.1251642215014,789.124616232932,789.215576171875,423300,0.0,0.0
2021-06-11 00:00:00-04:00,795.8028144377456,801.4891998951521,794.2743206905277,801.2435302734375,444000,0.0,0.0
2021-06-14 00:00:00-04:00,801.5527379290623,802.1896240824444,794.7472909093319,797.7133178710938,363700,0.0,0.0
2021-06-15 00:00:00-04:00,799.4147849976031,805.0920629956621,793.4008219130556,801.5619506835938,442600,0.0,0.0
2021-06-16 00:00:00-04:00,800.6428676238799,800.6428676238799,785.1031018717465,790.9532470703125,595600,0.0,0.0
2021-06-17 00:00:00-04:00,791.5446519702808,795.3294847230322,783.5746072792602,790.4710693359375,569900,0.0,0.0
2021-06-18 00:00:00-04:00,774.1853260051122,779.5987752515159,763.3493759430667,764.9597778320312,1059000,0.0,0.0
2021-06-21 00:00:00-04:00,772.4385348926403,784.5391510114752,770.591570398097,783.5929565429688,575800,0.0,0.0
2021-06-22 00:00:00-04:00,783.8658426846962,791.0261337519926,779.4896033046616,786.7772827148438,668500,0.0,0.0
2021-06-23 00:00:00-04:00,788.3420940893775,790.3619266405632,785.6035225639528,787.377685546875,566400,0.0,0.0
2021-06-24 00:00:00-04:00,793.7737471059189,795.1657450692011,783.401760207371,789.1245727539062,662000,0.0,0.0
2021-06-25 00:00:00-04:00,793.1824857855622,798.1410247743942,790.3256325404092,795.21142578125,742100,0.0,0.0
2021-06-28 00:00:00-04:00,796.9764194040325,801.2616992339664,789.7433819355082,799.4966430664062,373700,0.0,0.0
2021-06-29 00:00:00-04:00,801.4891776376563,807.002694602802,792.736697827163,794.7565307617188,742800,0.0,0.0
2021-06-30 00:00:00-04:00,792.4544419353678,798.0589173436184,791.053336966078,796.06640625,575600,0.0,0.0
2021-07-01 00:00:00-04:00,797.9771927002087,800.4155077879648,793.5372590982944,799.9423828125,426300,0.0,0.0
2021-07-02 00:00:00-04:00,802.480868784287,814.1902683831521,801.4072859554946,813.0438842773438,430300,0.0,0.0
2021-07-06 00:00:00-04:00,814.2901746921799,814.8906323984955,806.1291031716978,812.1793823242188,527400,0.0,0.0
2021-07-07 00:00:00-04:00,809.6774365313471,821.314033463354,809.6774365313471,819.694580078125,468500,0.0,0.0
2021-07-08 00:00:00-04:00,808.5403002738161,808.5403002738161,794.0286337959718,797.4586791992188,629800,0.0,0.0
2021-07-09 00:00:00-04:00,810.2234629800813,820.5681302173982,808.5675809902939,820.0313110351562,764400,0.0,0.0
2021-07-12 00:00:00-04:00,820.0313712024067,837.3179830174862,818.4482903737925,833.3238525390625,861900,0.0,0.0
2021-07-13 00:00:00-04:00,835.2161617237042,835.2161617237042,823.4521760442036,826.181640625,590200,0.0,0.0
2021-07-14 00:00:00-04:00,805.2194227159736,813.3713885643903,791.5356705599554,800.9341430664062,993900,0.0,0.0
2021-07-15 00:00:00-04:00,797.112953898243,809.2590509318493,796.3487347959118,800.64306640625,620000,0.0,0.0
2021-07-16 00:00:00-04:00,803.2814587141718,803.517965668105,794.2742032687868,796.112060546875,983100,0.0,0.0
2021-07-19 00:00:00-04:00,780.2993739835322,785.7128233574447,763.9680659184756,768.9447631835938,946300,0.0,0.0
2021-07-20 00:00:00-04:00,771.0464326935715,801.8348179947236,768.7992001480667,799.5875854492188,899800,0.0,0.0
2021-07-21 00:00:00-04:00,803.2814884502175,812.1249274786402,802.6446022433441,803.081298828125,445500,0.0,0.0
2021-07-22 00:00:00-04:00,804.0822107005106,805.1648451625076,788.1512246010252,788.68798828125,601000,0.0,0.0
2021-07-23 00:00:00-04:00,792.7547961519256,798.8960913776973,789.5339924491734,790.5894165039062,528500,0.0,0.0
2021-07-26 00:00:00-04:00,789.479391867285,796.7670709621119,788.7606528739879,792.9003295898438,414400,0.0,0.0
2021-07-27 00:00:00-04:00,787.5688744500982,791.3446562948669,780.4631699897816,784.1570434570312,476100,0.0,0.0
2021-07-28 00:00:00-04:00,783.9203813771832,786.2404150515403,777.0967202578411,783.0924682617188,389200,0.0,0.0
2021-07-29 00:00:00-04:00,788.0328261481669,793.6918893583246,779.4986958319655,790.98974609375,335200,0.0,0.0
2021-07-30 00:00:00-04:00,789.9525935666071,796.2849718085655,786.0767447178025,788.969970703125,503700,0.0,0.0
2021-08-02 00:00:00-04:00,794.5472371326733,802.0714799603804,792.864089289875,794.5108642578125,386100,0.0,0.0
2021-08-03 00:00:00-04:00,798.6322981471528,802.2169975436498,789.4249078146265,800.8341064453125,391600,0.0,0.0
2021-08-04 00:00:00-04:00,799.6330410160731,808.421892377395,797.0946034608428,802.4716796875,390700,0.0,0.0
2021-08-05 00:00:00-04:00,805.8288831748116,812.5706358011142,805.8288831748116,809.0860595703125,349400,0.0,0.0
2021-08-06 00:00:00-04:00,809.7413268459117,818.8395440014838,807.5486809451074,815.2821655273438,472000,0.0,0.0
2021-08-09 00:00:00-04:00,817.0107634127465,823.9254415152765,809.7139757524503,820.6318359375,347000,0.0,0.0
2021-08-10 00:00:00-04:00,820.622698064523,834.2335934572274,819.803836424318,830.2667846679688,382600,0.0,0.0
2021-08-11 00:00:00-04:00,834.8522069593281,839.1648076227508,831.8952870107577,834.3882446289062,349200,0.0,0.0
2021-08-12 00:00:00-04:00,832.0590599931566,837.035756805323,831.3220512887259,835.7073974609375,299100,0.0,0.0
2021-08-13 00:00:00-04:00,833.4874208454468,837.4724432997165,830.2211928875411,834.1788940429688,292700,0.0,0.0
2021-08-16 00:00:00-04:00,833.2510498314217,841.5576700629941,825.2173094462105,841.4849243164062,320600,0.0,0.0
2021-08-17 00:00:00-04:00,834.9978800931602,838.3460169157926,819.8402211471454,827.5919189453125,381700,0.0,0.0
2021-08-18 00:00:00-04:00,822.8608094650477,830.7853753374387,820.3588001454973,820.5771484375,384000,0.0,0.0
2021-08-19 00:00:00-04:00,812.1157572621257,826.8366624951234,808.3764042177995,822.2785034179688,427500,0.0,0.0
2021-08-20 00:00:00-04:00,824.1982405355404,839.4013227876943,822.1147136884069,834.4609985351562,384700,0.0,0.0
2021-08-23 00:00:00-04:00,839.7198730453084,849.7096966363075,839.3650292869899,844.1870727539062,351300,0.0,0.0
2021-08-24 00:00:00-04:00,845.224287432173,849.4822459623937,841.3939184096627,845.3971557617188,288500,0.0,0.0
2021-08-25 00:00:00-04:00,849.3638688760788,860.5637695658542,846.3978418359509,854.7955322265625,329900,0.0,0.0
2021-08-26 00:00:00-04:00,857.4248702704338,857.5977385796795,849.9279498652259,851.4837646484375,272300,0.0,0.0
2021-08-27 00:00:00-04:00,854.1404187373857,868.997819479261,854.1404187373857,868.824951171875,454600,0.0,0.0
2021-08-30 00:00:00-04:00,872.8009580105618,873.3286700879574,862.1287683986268,862.5836791992188,284000,0.0,0.0
2021-08-31 00:00:00-04:00,864.4578971352992,867.2783218462633,855.2777728767238,858.2255859375,595000,0.0,0.0
2021-09-01 00:00:00-04:00,859.7813464142477,862.0467931404585,852.5118812697528,858.707763671875,324200,0.0,0.0
2021-09-02 00:00:00-04:00,863.7571236770281,868.7429270959675,860.7819899786731,864.9398803710938,349400,0.0,0.0
2021-09-03 00:00:00-04:00,863.258648317982,867.4986533162121,853.5907207916318,856.4783325195312,418700,4.13,0.0
2021-09-07 00:00:00-04:00,852.8322006441506,854.8516993495756,839.3903672878837,845.1015625,357500,0.0,0.0
2021-09-08 00:00:00-04:00,846.4541340381647,849.7163761235314,839.4270757375442,844.6539916992188,258500,0.0,0.0
2021-09-09 00:00:00-04:00,843.703589207292,854.37666607587,839.4270521443392,842.6436157226562,478300,0.0,0.0
2021-09-10 00:00:00-04:00,849.0674347343709,849.4329735586184,836.1373214841725,837.599365234375,332200,0.0,0.0
2021-09-13 00:00:00-04:00,843.6578392032136,844.5259521149934,827.8949388769148,837.2704467773438,422800,0.0,0.0
2021-09-14 00:00:00-04:00,837.0328486814694,837.8369895045198,819.8901146035073,824.194091796875,574200,0.0,0.0
2021-09-15 00:00:00-04:00,824.2397598288641,835.0864581931216,822.4121772128356,831.2302856445312,494600,0.0,0.0
2021-09-16 00:00:00-04:00,829.8413009571893,831.0200716603501,807.892015998367,813.6763305664062,726600,0.0,0.0
2021-09-17 00:00:00-04:00,802.3179823731762,811.0446789398684,793.9110904816768,801.0569458007812,1272100,0.0,0.0
2021-09-20 00:00:00-04:00,779.5370571483928,783.6947961917848,768.736037853126,783.3658447265625,767800,0.0,0.0
2021-09-21 00:00:00-04:00,787.450542999466,789.0953562622,766.9268251304939,772.3729858398438,596700,0.0,0.0
2021-09-22 00:00:00-04:00,782.6165631570558,784.9284261235591,774.7213930088742,777.6820678710938,544100,0.0,0.0
2021-09-23 00:00:00-04:00,786.7743367563279,805.35173015018,786.6738330954354,800.6365356445312,526000,0.0,0.0
2021-09-24 00:00:00-04:00,794.9983816911557,801.0293815877321,792.2204763898742,799.2200927734375,322500,0.0,0.0
2021-09-27 00:00:00-04:00,797.7397884785655,800.1795955827916,793.189125745727,799.996826171875,416800,0.0,0.0
2021-09-28 00:00:00-04:00,795.5557300383572,798.4341945799237,781.7118270522307,786.3812866210938,642500,0.0,0.0
2021-09-29 00:00:00-04:00,787.3134463204599,789.6618408081316,782.1048249171167,782.7261962890625,547200,0.0,0.0
2021-09-30 00:00:00-04:00,787.8342634841425,788.2911591230172,765.9032728181566,766.3601684570312,562700,0.0,0.0
2021-10-01 00:00:00-04:00,770.5088319449541,776.4667132689896,752.4979854223001,769.311767578125,477400,0.0,0.0
2021-10-04 00:00:00-04:00,764.952951325789,771.2763713624911,748.1483163125284,754.3895263671875,596000,0.0,0.0
2021-10-05 00:00:00-04:00,757.6609479632182,771.0936915132597,751.9679901173696,766.4699096679688,445200,0.0,0.0
2021-10-06 00:00:00-04:00,757.4598025044395,765.583419836267,750.1860600878385,765.3458251953125,472500,0.0,0.0
2021-10-07 00:00:00-04:00,772.6288754180133,781.3464247657691,768.9188847904286,769.7321166992188,434000,0.0,0.0
2021-10-08 00:00:00-04:00,767.5481720504637,773.6705292344672,764.4595529478169,771.6054077148438,350300,0.0,0.0
2021-10-11 00:00:00-04:00,768.5716645143385,786.4179810476418,766.3328644932018,767.3380126953125,531600,0.0,0.0
2021-10-12 00:00:00-04:00,770.6823963683532,770.6823963683532,759.8722305357878,764.1030883789062,823300,0.0,0.0
2021-10-13 00:00:00-04:00,787.6881280111497,801.5137953231475,778.5593615302164,792.9972534179688,1453900,0.0,0.0
2021-10-14 00:00:00-04:00,805.9639760528771,819.414958042982,792.4855535508591,815.5679321289062,802800,0.0,0.0
2021-10-15 00:00:00-04:00,826.6246955083261,836.329154194611,816.9568241672877,829.0462646484375,1023000,0.0,0.0
2021-10-18 00:00:00-04:00,824.2397579649037,828.9640434001032,817.395470007098,819.040283203125,541000,0.0,0.0
2021-10-19 00:00:00-04:00,821.790833474274,826.6522100893311,817.687919286946,823.9199829101562,408400,0.0,0.0
2021-10-20 00:00:00-04:00,827.2098469575197,827.7215680232375,819.7258915130157,825.08984375,380500,0.0,0.0
2021-10-21 00:00:00-04:00,825.0895873401839,831.413007638608,823.2346199684481,825.8114624023438,333100,0.0,0.0
2021-10-22 00:00:00-04:00,826.7983717008033,837.0876708444325,822.4213313748515,836.0916137695312,372100,0.0,0.0
2021-10-25 00:00:00-04:00,839.3538916207848,851.5895712568113,833.3960099087061,845.0194091796875,452400,0.0,0.0
2021-10-26 00:00:00-04:00,853.0608319345499,857.9861811304692,848.3182521794078,851.2698364257812,377800,0.0,0.0
2021-10-27 00:00:00-04:00,849.9995891898126,858.3698935248474,837.5720489768479,838.1934204101562,452800,0.0,0.0
2021-10-28 00:00:00-04:00,837.2520402572275,855.1532344075063,837.2520402572275,854.8333740234375,352200,0.0,0.0
2021-10-29 00:00:00-04:00,850.721396107508,866.1461975226548,850.3376193828038,862.1255493164062,484700,0.0,0.0
2021-11-01 00:00:00-04:00,865.5340331622913,867.5352384546401,849.533537660767,855.5188598632812,399200,0.0,0.0
2021-11-02 00:00:00-04:00,854.897523062936,868.942492253915,851.9733794626396,866.1371459960938,381700,0.0,0.0
2021-11-03 00:00:00-04:00,870.0846064872063,871.5284122913528,862.8930737488334,869.6551513671875,387200,0.0,0.0
2021-11-04 00:00:00-04:00,873.5021811950954,880.9770428029224,865.460829239783,871.7933959960938,351000,0.0,0.0
2021-11-05 00:00:00-04:00,879.3504875935985,884.4951369804028,869.3444618868745,872.7711791992188,340100,0.0,0.0
2021-11-08 00:00:00-05:00,877.2396869877902,883.4808974607232,874.9643554734091,882.6036376953125,372400,0.0,0.0
2021-11-09 00:00:00-05:00,879.7251700160883,888.004173079587,870.7517881588647,883.4077758789062,394100,0.0,0.0
2021-11-10 00:00:00-05:00,879.0672188449548,880.127192198487,869.253109337934,876.5177612304688,340400,0.0,0.0
2021-11-11 00:00:00-05:00,876.1065105864703,885.7561439865146,875.42116714677,882.3568115234375,266900,0.0,0.0
2021-11-12 00:00:00-05:00,887.7666983275732,889.2652739363142,879.3506588905943,887.7392578125,387500,0.0,0.0
2021-11-15 00:00:00-05:00,887.3005909283229,887.7483397878996,869.0247630376816,871.0625,678600,0.0,0.0
2021-11-16 00:00:00-05:00,871.0626015156687,874.1603680897695,860.0879566645838,867.1424560546875,472100,0.0,0.0
2021-11-17 00:00:00-05:00,863.0303553460836,864.7574345906893,842.661908012557,851.2332763671875,677300,0.0,0.0
2021-11-18 00:00:00-05:00,854.2851759981924,859.4481189168041,839.5274248676909,843.2191772460938,681600,0.0,0.0
2021-11-19 00:00:00-05:00,842.8811206232881,845.7047045178864,831.5775266613269,836.0733642578125,738700,0.0,0.0
2021-11-22 00:00:00-05:00,840.6880913230865,849.7437395925855,834.2641109844612,840.0758666992188,520600,0.0,0.0
2021-11-23 00:00:00-05:00,842.7622517343517,855.9116650869028,839.0979399948543,854.7877197265625,686100,0.0,0.0
2021-11-24 00:00:00-05:00,851.945864111131,858.4337596708216,845.3391712271781,850.4837646484375,438900,0.0,0.0
2021-11-26 00:00:00-05:00,824.9433551891759,835.2600384555575,819.5336707629593,823.9107666015625,543200,0.0,0.0
2021-11-29 00:00:00-05:00,835.9180574705985,854.1755903493773,827.730467096513,847.9983520507812,610600,0.0,0.0
2021-11-30 00:00:00-05:00,840.3317498078776,845.2479523167275,824.2581892851598,826.6248779296875,1057500,0.0,0.0
2021-12-01 00:00:00-05:00,842.0586915184841,849.3141967452493,822.2111710517524,822.7137451171875,707900,0.0,0.0
2021-12-02 00:00:00-05:00,823.791975594302,844.3979575494294,823.4721151862117,839.6370849609375,630700,0.0,0.0
2021-12-03 00:00:00-05:00,843.5207684601567,844.3432029802107,811.2457072276934,822.019287109375,641300,0.0,0.0
2021-12-06 00:00:00-05:00,827.334563606376,831.6675812411955,817.410920577908,823.176025390625,442800,4.13,0.0
2021-12-07 00:00:00-05:00,836.9460461113289,848.6781331606431,834.035982902628,845.4100341796875,616200,0.0,0.0
2021-12-08 00:00:00-05:00,852.3501920219927,855.7284473746371,839.920410966559,848.1090087890625,413500,0.0,0.0
2021-12-09 00:00:00-05:00,843.5465238891342,850.9272717577522,839.6908875876682,843.720947265625,376600,0.0,0.0
2021-12-10 00:00:00-05:00,850.0000616576311,853.0111480971093,844.0881010419138,849.3023681640625,453500,0.0,0.0
2021-12-13 00:00:00-05:00,848.2466686391897,849.6144885104637,839.1859545893896,842.4172973632812,463300,0.0,0.0
2021-12-14 00:00:00-05:00,835.3853984762787,840.3977310381651,819.8159976918898,828.3901977539062,828900,0.0,0.0
2021-12-15 00:00:00-05:00,831.4839121847832,840.1865909014176,817.9892131408236,839.892822265625,465900,0.0,0.0
2021-12-16 00:00:00-05:00,849.5778380947881,856.5546611606954,841.2331390470308,845.9884033203125,474000,0.0,0.0
2021-12-17 00:00:00-05:00,842.4815999036828,848.219137209273,829.3266147114847,838.6627197265625,724700,0.0,0.0
2021-12-20 00:00:00-05:00,826.1136285949899,827.0407675968647,811.8202683339588,823.7175903320312,549500,0.0,0.0
2021-12-21 00:00:00-05:00,830.7126250819039,839.2317460186036,826.4347425979117,836.1839599609375,381500,0.0,0.0
2021-12-22 00:00:00-05:00,836.8175723862971,842.9774130033225,833.5678512192028,836.7991943359375,350300,0.0,0.0
2021-12-23 00:00:00-05:00,838.8556525868839,847.6317887833752,837.3042200151411,838.984130859375,416300,0.0,0.0
2021-12-27 00:00:00-05:00,843.4638433415598,847.438824735614,837.2214141788099,846.9247436523438,410900,0.0,0.0
2021-12-28 00:00:00-05:00,848.0357012857736,852.8827443540259,845.6029627104285,846.2363891601562,385200,0.0,0.0
2021-12-29 00:00:00-05:00,845.7314324302646,847.2828648608004,833.2557058402585,835.12841796875,392000,0.0,0.0
2021-12-30 00:00:00-05:00,836.9643901332576,842.7845727343073,832.1448587097977,838.837158203125,315900,0.0,0.0
2021-12-31 00:00:00-05:00,840.2876285649418,844.4002774753533,838.5984728878003,840.4895629882812,215100,0.0,0.0
2022-01-03 00:00:00-05:00,843.0415723930902,846.4657165090097,831.1900847129118,836.9735107421875,470800,0.0,0.0
2022-01-04 00:00:00-05:00,842.4723696612093,851.4321164441662,841.4075074428707,842.0133666992188,495800,0.0,0.0
2022-01-05 00:00:00-05:00,842.8672096598727,849.6145311742852,817.7872796604734,818.6502075195312,573300,0.0,0.0
2022-01-06 00:00:00-05:00,820.1098282806852,824.5346239328221,811.5448726263696,822.065185546875,637000,0.0,0.0
2022-01-07 00:00:00-05:00,821.8631485208326,823.1116230800081,811.5172042428213,819.109130859375,643300,0.0,0.0
2022-01-10 00:00:00-05:00,815.8318808740511,816.9059321231477,792.0922609810046,801.7313232421875,788500,0.0,0.0
2022-01-11 00:00:00-05:00,800.2717483140756,816.0247069712555,791.1100661599409,815.36376953125,744500,0.0,0.0
2022-01-12 00:00:00-05:00,822.1202395006544,826.1778102205666,808.6347294900328,812.5362548828125,650900,0.0,0.0
2022-01-13 00:00:00-05:00,817.6954699226461,818.0902057806456,793.2673436062623,796.4436645507812,795900,0.0,0.0
2022-01-14 00:00:00-05:00,775.7150373770216,788.3376193461744,764.5796205828744,779.0198364257812,1239700,0.0,0.0
2022-01-18 00:00:00-05:00,766.5350239093486,771.0791648979334,756.6113811105024,763.781005859375,1018400,0.0,0.0
2022-01-19 00:00:00-05:00,771.1249899445412,771.1249899445412,757.3549008383886,757.8139038085938,795100,0.0,0.0
2022-01-20 00:00:00-05:00,760.2557470585663,777.2480453569177,756.1981766394264,758.7777709960938,945800,0.0,0.0
2022-01-21 00:00:00-05:00,758.1812818099258,758.1812818099258,733.2940931529315,735.2494506835938,1248100,0.0,0.0
2022-01-24 00:00:00-05:00,715.6406880218435,723.765017947868,692.2223481925944,722.305419921875,1688700,0.0,0.0
2022-01-25 00:00:00-05:00,710.5458818517264,739.6374962320504,701.237286924711,733.07373046875,1220000,0.0,0.0
2022-01-26 00:00:00-05:00,744.5028760882009,752.7373631250732,719.7993589469435,730.2462158203125,942700,0.0,0.0
2022-01-27 00:00:00-05:00,741.4367872891302,747.7802408619232,719.4322078120199,723.3521118164062,696600,0.0,0.0
2022-01-28 00:00:00-05:00,720.4052659078169,742.2905553452982,709.2974148349078,741.87744140625,602800,0.0,0.0
2022-01-31 00:00:00-05:00,739.1876385798934,756.1339936441763,739.0040261719896,755.4638671875,611200,0.0,0.0
2022-02-01 00:00:00-05:00,760.0263066433766,763.1567384139613,753.2881741238317,758.22705078125,631900,0.0,0.0
2022-02-02 00:00:00-05:00,761.9908365704093,762.0918037787462,748.661428120173,755.069091796875,1030400,0.0,0.0
2022-02-03 00:00:00-05:00,749.5519696046035,756.1891356799916,736.6906953682239,739.7017822265625,582600,0.0,0.0
2022-02-04 00:00:00-05:00,736.2408635876857,750.4148794620709,731.9262238792351,743.419677734375,667400,0.0,0.0
2022-02-07 00:00:00-05:00,743.5848531915884,757.1346305924262,737.8381267193042,749.9374389648438,568500,0.0,0.0
2022-02-08 00:00:00-05:00,749.07448256376,750.8187162936179,735.5798398257615,741.1888427734375,971600,0.0,0.0
2022-02-09 00:00:00-05:00,752.0764046043781,757.2355937671838,746.3113001131924,746.3388671875,1197800,0.0,0.0
2022-02-10 00:00:00-05:00,737.828971607731,743.6307764649569,707.0574474559473,714.3831176757812,2082100,0.0,0.0
2022-02-11 00:00:00-05:00,718.9639381200537,720.6255267521487,705.2673041788308,709.1504516601562,1271900,0.0,0.0
2022-02-14 00:00:00-05:00,702.2745664477709,710.4172749122372,691.2126057248846,697.9691162109375,951400,0.0,0.0
2022-02-15 00:00:00-05:00,712.5563047871121,719.9462422582922,710.9497942050886,717.1371459960938,550400,0.0,0.0
2022-02-16 00:00:00-05:00,713.4467880229538,723.1593082900284,712.8776287210325,719.184326171875,627200,0.0,0.0
2022-02-17 00:00:00-05:00,710.362198518412,713.8506100037548,698.5382771238196,699.9795532226562,497600,0.0,0.0
2022-02-18 00:00:00-05:00,698.2353107436829,702.7243733353068,690.7535957882802,694.0308837890625,494300,0.0,0.0
2022-02-22 00:00:00-05:00,688.5045076348803,696.215780532647,676.3409279999975,684.3551025390625,690100,0.0,0.0
2022-02-23 00:00:00-05:00,689.4224750431543,695.3436246834074,671.2184011919851,672.43017578125,814100,0.0,0.0
2022-02-24 00:00:00-05:00,652.0412169714411,674.4313368958658,647.5337769057757,671.7874755859375,1173900,0.0,0.0
2022-02-25 00:00:00-05:00,675.6983059599784,689.3949398089555,673.265623675244,689.3031616210938,676400,0.0,0.0
2022-02-28 00:00:00-05:00,679.3979071372579,686.4298085573043,675.1199677310336,682.8955078125,795800,0.0,0.0
2022-03-01 00:00:00-05:00,679.6458072619054,680.894338166068,653.3265875391834,656.199951171875,863400,0.0,0.0
2022-03-02 00:00:00-05:00,660.9643379652758,684.6488822029033,659.1467039656765,677.525146484375,948200,0.0,0.0
2022-03-03 00:00:00-05:00,685.7229175304644,690.7995176244583,669.7496466881631,677.2222290039062,694400,0.0,0.0
2022-03-04 00:00:00-05:00,667.2140203073163,670.3652417628601,642.7341132682874,643.732177734375,2160700,4.88,0.0
2022-03-07 00:00:00-05:00,643.1869281081104,648.5006132181989,623.6325917206374,625.693359375,1154400,0.0,0.0
2022-03-08 00:00:00-05:00,623.7804317164408,626.8300136574142,610.0572847801819,612.5708618164062,1180200,0.0,0.0
2022-03-09 00:00:00-05:00,634.8236297732102,649.082780779472,628.4009907196628,640.6455688476562,1432500,0.0,0.0
2022-03-10 00:00:00-05:00,629.8241009438036,652.2617394034803,629.6762667078411,644.2958374023438,1007800,0.0,0.0
2022-03-11 00:00:00-05:00,647.225261136421,651.4854364634649,634.1305098574346,634.90673828125,814600,0.0,0.0
2022-03-14 00:00:00-04:00,643.0851394170356,656.4848639787651,641.6712103722424,644.6007080078125,758700,0.0,0.0
2022-03-15 00:00:00-04:00,649.2675790898475,660.7451219180876,647.2160054652703,653.9713134765625,639400,0.0,0.0
2022-03-16 00:00:00-04:00,667.9163186344966,676.4182254938778,657.5014785014733,675.6326904296875,1162300,0.0,0.0
2022-03-17 00:00:00-04:00,666.345219159708,686.648142166335,666.345219159708,684.7074584960938,544800,0.0,0.0
2022-03-18 00:00:00-04:00,686.1121909296551,686.1121909296551,674.0339483365553,682.5451049804688,1227100,0.0,0.0
2022-03-21 00:00:00-04:00,683.7372102661378,687.5260758264825,672.6939762887904,678.1463012695312,589300,0.0,0.0
2022-03-22 00:00:00-04:00,684.0698031521626,692.2852341621125,681.4360867037396,690.1967163085938,565600,0.0,0.0
2022-03-23 00:00:00-04:00,690.1690812358428,690.1690812358428,674.3019168788248,680.5767211914062,761300,0.0,0.0
2022-03-24 00:00:00-04:00,683.8850080263775,686.9900907494425,678.6083246072174,682.2586059570312,463000,0.0,0.0
2022-03-25 00:00:00-04:00,683.8111351285232,687.507611234384,679.523209308825,684.8091430664062,419800,0.0,0.0
2022-03-28 00:00:00-04:00,688.0065679860564,695.2331850455078,683.8480326523596,692.9783325195312,448900,0.0,0.0
2022-03-29 00:00:00-04:00,707.6719644198606,717.8187742743125,704.3266013251981,714.5658569335938,795100,0.0,0.0
2022-03-30 00:00:00-04:00,717.6247567163989,723.6500319767815,714.5382301605812,718.373291015625,791800,0.0,0.0
2022-03-31 00:00:00-04:00,724.1767103701126,724.9529388337014,706.18408203125,706.18408203125,931600,0.0,0.0
2022-04-01 00:00:00-04:00,709.7233950440494,716.0351436341703,706.5444234142647,711.349853515625,683300,0.0,0.0
2022-04-04 00:00:00-04:00,712.9579376447793,728.8066039270965,711.294534424221,722.8737182617188,882000,0.0,0.0
2022-04-05 00:00:00-04:00,720.5633265461308,721.9772557619941,704.3542987653459,706.42431640625,754100,0.0,0.0
2022-04-06 00:00:00-04:00,695.1686086919347,700.5562389597935,681.1497374210356,688.6812744140625,845600,0.0,0.0
2022-04-07 00:00:00-04:00,688.6812909828665,696.0834943439097,680.2533289098544,692.0635986328125,475500,0.0,0.0
2022-04-08 00:00:00-04:00,690.316938885739,690.316938885739,678.4882261802276,680.2440185546875,820900,0.0,0.0
2022-04-11 00:00:00-04:00,676.9633626859859,681.6117083333329,672.1024877176759,673.1098022460938,591700,0.0,0.0
2022-04-12 00:00:00-04:00,673.1283435527897,679.9852911613805,657.4552640436883,662.436279296875,955300,0.0,0.0
2022-04-13 00:00:00-04:00,662.5932318121644,671.8898654165872,657.1224638781154,661.4288330078125,908700,0.0,0.0
2022-04-14 00:00:00-04:00,661.6785513595431,664.7281332265209,635.9233555605703,635.9510498046875,1103900,0.0,0.0
2022-04-18 00:00:00-04:00,634.8698348101448,639.0191206302275,626.053758719443,628.4010009765625,834100,0.0,0.0
2022-04-19 00:00:00-04:00,629.7872111352511,651.1897861853782,629.7872111352511,648.3342895507812,998200,0.0,0.0
2022-04-20 00:00:00-04:00,654.0084494944443,656.8546961509811,644.6009223731035,645.9593505859375,928200,0.0,0.0
2022-04-21 00:00:00-04:00,655.1725870903601,655.2927270665599,628.0959130459051,629.7501220703125,804900,0.0,0.0
2022-04-22 00:00:00-04:00,629.3251488798759,631.931171683336,612.2566950435306,612.6355590820312,797000,0.0,0.0
2022-04-25 00:00:00-04:00,610.1959246591878,618.309718683702,598.8292692550073,617.5704345703125,1138200,0.0,0.0
2022-04-26 00:00:00-04:00,612.3766555470667,618.0785102371564,597.775587013488,597.951171875,806200,0.0,0.0
2022-04-27 00:00:00-04:00,597.1103590420822,605.8062953956984,593.0627126668531,594.2271118164062,631800,0.0,0.0
2022-04-28 00:00:00-04:00,600.6773620945007,604.7435083378706,590.8077777442286,601.57373046875,1127300,0.0,0.0
2022-04-29 00:00:00-04:00,599.7902132448941,601.8602873144687,575.9294523930788,577.2786865234375,1011600,0.0,0.0
2022-05-02 00:00:00-04:00,581.9270436515916,582.8881071852779,563.7126363583346,577.3895874023438,1537000,0.0,0.0
2022-05-03 00:00:00-04:00,582.6663673363491,593.0072627575696,577.7222961006079,583.1746215820312,887200,0.0,0.0
2022-05-04 00:00:00-04:00,584.3389172867955,615.9160468828089,582.1949544954422,614.7516479492188,1038100,0.0,0.0
2022-05-05 00:00:00-04:00,601.8695266943956,607.0538778704032,579.0807738108492,585.7159423828125,889500,0.0,0.0
2022-05-06 00:00:00-04:00,583.3963711662288,588.7562506160223,570.1445349806061,580.9197387695312,725700,0.0,0.0
2022-05-09 00:00:00-04:00,569.922764569995,576.9737985612201,557.6504909536702,559.609619140625,1079400,0.0,0.0
2022-05-10 00:00:00-04:00,568.7953580853306,577.8240205675045,550.6179495184506,563.9252319335938,1179800,0.0,0.0
2022-05-11 00:00:00-04:00,558.8703804896514,574.2384885098958,554.1388943248227,554.7949829101562,1170600,0.0,0.0
2022-05-12 00:00:00-04:00,548.0025613619825,558.944155027061,541.5799230973112,554.841064453125,1117500,0.0,0.0
2022-05-13 00:00:00-04:00,560.6352811364849,576.0958310008031,557.3269755902828,568.63818359375,1684400,0.0,0.0
2022-05-16 00:00:00-04:00,554.4714626475228,559.2398924086398,538.8076325469796,553.1776733398438,2287300,0.0,0.0
2022-05-17 00:00:00-04:00,568.9893452777616,577.9163102430186,552.9465961343842,565.3020629882812,1564500,0.0,0.0
2022-05-18 00:00:00-04:00,558.9904575582387,560.3858865277427,542.8368161328888,546.9491577148438,967300,0.0,0.0
2022-05-19 00:00:00-04:00,541.0716999434909,553.8892265639257,538.3732881296495,548.0765380859375,1301100,0.0,0.0
2022-05-20 00:00:00-04:00,551.5604395080939,561.1066052101312,542.596529731078,554.8780517578125,1200800,0.0,0.0
2022-05-23 00:00:00-04:00,563.4631341509225,568.6751795353771,554.3236389021199,565.1080932617188,918600,0.0,0.0
2022-05-24 00:00:00-04:00,562.0860655860587,575.0052296410589,549.4164316809804,571.4288940429688,1133600,0.0,0.0
2022-05-25 00:00:00-04:00,568.3332200166487,585.4848674572613,568.3332200166487,579.052978515625,959300,0.0,0.0
2022-05-26 00:00:00-04:00,583.4148606433978,603.3943105136237,583.3132210821449,602.9322509765625,1651200,0.0,0.0
2022-05-27 00:00:00-04:00,607.0077830071017,621.6735528334981,606.3516943556419,615.9533081054688,980700,0.0,0.0
2022-05-31 00:00:00-04:00,609.6135787395111,621.1835669306722,604.7342596389848,618.3095703125,2519000,0.0,0.0
2022-06-01 00:00:00-04:00,621.6364679645786,625.1666099139181,608.8466904136411,610.3899536132812,919900,0.0,0.0
2022-06-02 00:00:00-04:00,612.1458130725614,636.9030041008153,611.3141395823498,634.3986206054688,955500,0.0,0.0
2022-06-03 00:00:00-04:00,626.8874704804075,630.4987282019783,621.6195333670767,625.212158203125,788500,4.88,0.0
2022-06-06 00:00:00-04:00,633.4492270312383,640.2994258997835,627.418023046741,628.5628662109375,605300,0.0,0.0
2022-06-07 00:00:00-04:00,620.8655873940759,632.9651459823847,620.6607960934127,632.5369873046875,545100,0.0,0.0
2022-06-08 00:00:00-04:00,627.4459456880805,630.4987281117351,616.4074380145097,616.5283813476562,481900,0.0,0.0
2022-06-09 00:00:00-04:00,615.0020083315856,623.8439940549916,613.7827473093979,614.1456909179688,969000,0.0,0.0
2022-06-10 00:00:00-04:00,598.1650944760364,603.675032823435,574.8873901367188,574.8873901367188,1149800,0.0,0.0
2022-06-13 00:00:00-04:00,558.5342361654597,564.5933321158017,547.1606779579794,557.2498168945312,1226200,0.0,0.0
2022-06-14 00:00:00-04:00,555.3790936749544,562.6388178150213,546.5836335326766,550.2786254882812,750400,0.0,0.0
2022-06-15 00:00:00-04:00,556.9705567356842,568.4093289933473,548.9290475755828,558.3480834960938,922800,0.0,0.0
2022-06-16 00:00:00-04:00,541.0458596042579,546.1742213778225,535.7313393662955,545.1969604492188,1005900,0.0,0.0
2022-06-17 00:00:00-04:00,546.7417555409655,553.6477946144963,538.9887156482595,541.9298706054688,1436700,0.0,0.0
2022-06-21 00:00:00-04:00,555.416299254625,574.1333728064131,554.4855639395774,571.9740600585938,1130200,0.0,0.0
2022-06-22 00:00:00-04:00,563.3646879793953,578.8428188786289,561.3450085043032,567.078369140625,942900,0.0,0.0
2022-06-23 00:00:00-04:00,570.9222825000701,585.1439443327256,567.1249235962016,581.4396362304688,849900,0.0,0.0
2022-06-24 00:00:00-04:00,588.6342385894725,603.4329526625799,588.3829218786888,602.9117431640625,1013800,0.0,0.0
2022-06-27 00:00:00-04:00,604.9779273172579,607.5374493174463,589.9558463805166,592.8038940429688,637200,0.0,0.0
2022-06-28 00:00:00-04:00,597.9043815482815,603.1164765236039,583.1056675031448,585.544189453125,518300,0.0,0.0
2022-06-29 00:00:00-04:00,584.1387264489335,586.0933045244476,571.2759587009634,575.1571655273438,535200,0.0,0.0
2022-06-30 00:00:00-04:00,564.8258627920372,573.1839022291139,555.0159357465841,566.8548583984375,721800,0.0,0.0
2022-07-01 00:00:00-04:00,565.1890367223399,576.3764937174011,564.0069846589628,573.9844970703125,502700,0.0,0.0
2022-07-05 00:00:00-04:00,563.0669315733558,578.1541718908744,556.1143658487084,577.7260131835938,572800,0.0,0.0
2022-07-06 00:00:00-04:00,579.4291959975743,581.0952483871433,567.6926385852129,572.16015625,512800,0.0,0.0
2022-07-07 00:00:00-04:00,576.3207018631713,583.4314773228145,575.31549169997,580.4996948242188,507900,0.0,0.0
2022-07-08 00:00:00-04:00,575.9670046748696,580.2669976871231,570.419801228711,576.6464233398438,347000,0.0,0.0
2022-07-11 00:00:00-04:00,569.6471428571592,571.3690370360066,561.9127357328726,563.0947875976562,460100,0.0,0.0
2022-07-12 00:00:00-04:00,560.3026677753606,573.7331717491465,559.1392486146975,561.5032958984375,499700,0.0,0.0
2022-07-13 00:00:00-04:00,553.7874802094751,558.4876819152848,542.8513408944141,555.0718994140625,601500,0.0,0.0
2022-07-14 00:00:00-04:00,544.3685070156472,550.2693374412406,540.0405648279557,547.8587646484375,1136500,0.0,0.0
2022-07-15 00:00:00-04:00,553.7781622268571,561.9779375798835,544.9548101569125,558.7855224609375,1053000,0.0,0.0
2022-07-18 00:00:00-04:00,563.5229349755643,570.8850251552946,553.3685824857167,556.1422119140625,830900,0.0,0.0
2022-07-19 00:00:00-04:00,566.1849577048548,586.0375594250879,564.444487074947,584.8182983398438,922700,0.0,0.0
2022-07-20 00:00:00-04:00,585.4046408262225,595.0191538012195,583.0964351197692,590.7656860351562,671500,0.0,0.0
2022-07-21 00:00:00-04:00,590.3097282212229,597.9696639057869,587.0801030095733,595.028564453125,722000,0.0,0.0
2022-07-22 00:00:00-04:00,597.0108222359345,600.4452375876615,584.0177376690135,589.7510986328125,512600,0.0,0.0
2022-07-25 00:00:00-04:00,592.6178104904358,595.0005476250666,585.6280354271044,592.0873413085938,472100,0.0,0.0
2022-07-26 00:00:00-04:00,590.207290623949,590.207290623949,577.3166270331374,579.7923583984375,498500,0.0,0.0
2022-07-27 00:00:00-04:00,585.2556422737214,601.6458767282859,582.1190689615499,598.7606201171875,468600,0.0,0.0
2022-07-28 00:00:00-04:00,602.7721643058296,617.9524562226553,594.5630713608932,614.2667236328125,550900,0.0,0.0
2022-07-29 00:00:00-04:00,615.1322080552088,628.0974000567263,614.4714223856577,622.8294067382812,894300,0.0,0.0
2022-08-01 00:00:00-04:00,615.4952088801318,628.060134743223,610.0783229133573,624.8863525390625,569900,0.0,0.0
2022-08-02 00:00:00-04:00,617.803517924216,630.9361796544707,617.0682006646306,620.0186157226562,711600,0.0,0.0
2022-08-03 00:00:00-04:00,626.4499823317817,643.5475843514386,622.59672475806,642.7098999023438,901800,0.0,0.0
2022-08-04 00:00:00-04:00,644.5248799853716,650.937659847906,643.2032517630778,647.8010864257812,746300,0.0,0.0
2022-08-05 00:00:00-04:00,639.6478477856349,651.5147230992279,638.7543214289431,647.7266235351562,549000,0.0,0.0
2022-08-08 00:00:00-04:00,651.5146539772126,656.456855722937,646.1536100209889,648.0430297851562,490600,0.0,0.0
2022-08-09 00:00:00-04:00,647.0936829521138,650.1837308008828,641.2672711943943,648.2664184570312,486200,0.0,0.0
2022-08-10 00:00:00-04:00,661.8551148163956,675.0343574664166,660.8685377463221,674.978515625,822200,0.0,0.0
2022-08-11 00:00:00-04:00,681.4005443019597,685.8401694538608,677.0633431974135,678.1802368164062,692300,0.0,0.0
2022-08-12 00:00:00-04:00,681.7636903298211,700.3225567457101,677.6033302994747,699.7548217773438,765900,0.0,0.0
2022-08-15 00:00:00-04:00,693.5932353953025,706.5304212725553,692.0481830696395,703.4683227539062,720500,0.0,0.0
2022-08-16 00:00:00-04:00,697.1673200646117,710.7746666787398,696.3482683914358,704.6318359375,664300,0.0,0.0
2022-08-17 00:00:00-04:00,692.9044468988951,695.0637595039032,683.662252648637,691.7410278320312,594100,0.0,0.0
2022-08-18 00:00:00-04:00,688.6325049270897,696.1528627847318,683.3273018423481,693.6026000976562,785600,0.0,0.0
2022-08-19 00:00:00-04:00,685.0584777757155,686.1846880841347,662.9721444475475,664.4054565429688,774900,0.0,0.0
2022-08-22 00:00:00-04:00,650.6677999391572,653.5437403544903,644.2735958304092,646.9075927734375,675600,0.0,0.0
2022-08-23 00:00:00-04:00,644.6086951254964,655.2842021652988,644.0688527243169,648.694580078125,403500,0.0,0.0
2022-08-24 00:00:00-04:00,646.7586421361259,655.5354688709689,645.9395905580586,651.9055786132812,386000,0.0,0.0
2022-08-25 00:00:00-04:00,654.9491371225539,662.5811780791635,651.8032472082625,661.3804931640625,363700,0.0,0.0
2022-08-26 00:00:00-04:00,663.9400249210968,664.796342326137,628.9630321217508,629.5866088867188,633200,0.0,0.0
2022-08-29 00:00:00-04:00,625.4075469306628,632.5462702131962,623.7322348841487,629.0746459960938,379500,0.0,0.0
2022-08-30 00:00:00-04:00,633.8772472850422,634.4449821686235,622.1127397825037,626.1242065429688,486400,0.0,0.0
2022-08-31 00:00:00-04:00,631.6435512279929,634.8452830192779,618.9762002771004,620.2327270507812,651400,0.0,0.0
2022-09-01 00:00:00-04:00,615.4115439262903,619.3671691811581,605.7132406352525,618.7993774414062,485400,0.0,0.0
2022-09-02 00:00:00-04:00,630.16364616757,632.4625919212073,608.7474176139067,612.4796752929688,502000,0.0,0.0
2022-09-06 00:00:00-04:00,617.927624672721,625.65417237194,607.5380152050184,620.4031372070312,656300,4.88,0.0
2022-09-07 00:00:00-04:00,622.644296744717,634.956158459797,618.7059913171001,632.2086791992188,482700,0.0,0.0
2022-09-08 00:00:00-04:00,626.6106435790074,649.2839556213672,619.2122639954605,648.8057250976562,860100,0.0,0.0
2022-09-09 00:00:00-04:00,651.6938255814229,657.5449955201719,649.7059295697195,652.1251831054688,536600,0.0,0.0
2022-09-12 00:00:00-04:00,653.7660285884233,658.0699881287811,647.2303078944226,653.3909301757812,756400,0.0,0.0
2022-09-13 00:00:00-04:00,632.0586960702541,632.349377394438,603.2247569927896,604.7250366210938,1239900,0.0,0.0
2022-09-14 00:00:00-04:00,610.0604431643517,614.9739816206284,597.0828593977442,603.4779052734375,831800,0.0,0.0
2022-09-15 00:00:00-04:00,601.5462097752802,608.5319463914607,590.865919320652,592.938232421875,778000,0.0,0.0
2022-09-16 00:00:00-04:00,584.9585450157331,589.3093784803154,577.4757478764318,587.6871948242188,2693900,0.0,0.0
2022-09-19 00:00:00-04:00,582.1360327696777,596.7639567923628,582.1360327696777,595.1792602539062,566400,0.0,0.0
2022-09-20 00:00:00-04:00,587.6215131758695,590.4533520945499,580.7763953466266,583.533203125,561600,0.0,0.0
2022-09-21 00:00:00-04:00,590.1252324766667,592.7694651464361,569.7585972206871,570.1993408203125,816600,0.0,0.0
2022-09-22 00:00:00-04:00,567.4893638659315,570.1054954323591,555.6463478513862,563.0822143554688,854700,0.0,0.0
2022-09-23 00:00:00-04:00,556.2651102694226,561.9006291323668,546.766318116816,554.539794921875,978900,0.0,0.0
2022-09-26 00:00:00-04:00,553.2365230434457,556.7903438337147,546.5976687419654,548.2199096679688,692600,0.0,0.0
2022-09-27 00:00:00-04:00,556.349625333749,558.7313347088324,538.195980649856,542.5468139648438,769400,0.0,0.0
2022-09-28 00:00:00-04:00,545.8943577884027,552.1393982200568,540.2495092499903,548.9512329101562,885400,0.0,0.0
2022-09-29 00:00:00-04:00,541.4872919485289,543.7940277160798,524.8245957179844,528.7816162109375,877300,0.0,0.0
2022-09-30 00:00:00-04:00,526.6154286904318,532.1946888724914,515.3162893360338,515.991455078125,851300,0.0,0.0
2022-10-03 00:00:00-04:00,520.4172636400878,542.3873044967316,509.38064858163096,537.0330810546875,948900,0.0,0.0
2022-10-04 00:00:00-04:00,547.1978015226873,554.4930495603231,546.0069181545704,554.4555053710938,778800,0.0,0.0
2022-10-05 00:00:00-04:00,544.8816566528317,551.5860978079962,538.1771582656797,546.8132934570312,556600,0.0,0.0
2022-10-06 00:00:00-04:00,544.0472058749995,548.5481019316286,535.1954188297631,535.992431640625,566700,0.0,0.0
2022-10-07 00:00:00-04:00,529.6348481394725,529.6348481394725,512.9064526425715,516.10400390625,625900,0.0,0.0
2022-10-10 00:00:00-04:00,522.8084987062313,523.3617604069893,507.5992103589618,511.5468444824219,512400,0.0,0.0
2022-10-11 00:00:00-04:00,501.83240196611257,509.11826395283487,494.1058536121295,498.0441589355469,932700,0.0,0.0
2022-10-12 00:00:00-04:00,498.0535220312258,504.8798680095101,494.16208989165364,498.006591796875,797100,0.0,0.0
2022-10-13 00:00:00-04:00,473.5891493174558,531.5758555579405,471.77003057841375,530.7600708007812,2345300,0.0,0.0
2022-10-14 00:00:00-04:00,531.904132626694,546.372668317567,513.4691904267717,516.6198120117188,1276400,0.0,0.0
2022-10-17 00:00:00-04:00,530.7319906349501,538.9179975472891,530.7319906349501,533.7794799804688,890900,0.0,0.0
2022-10-18 00:00:00-04:00,553.2363947934509,553.4708169946347,537.4550761848114,544.8534545898438,800600,0.0,0.0
2022-10-19 00:00:00-04:00,545.4816877593073,551.4454320285288,537.736369107807,541.890380859375,815400,0.0,0.0
2022-10-20 00:00:00-04:00,544.2065150983371,553.9303446411994,533.8075770029703,536.6956176757812,820800,0.0,0.0
2022-10-21 00:00:00-04:00,538.0178234716196,561.1505945446844,535.3641476376869,560.0441284179688,830800,0.0,0.0
2022-10-24 00:00:00-04:00,568.0613219422183,576.6786854003255,565.1919961382865,573.3405151367188,948900,0.0,0.0
2022-10-25 00:00:00-04:00,571.9902505374432,596.6983310899939,571.9902505374432,596.3139038085938,956000,0.0,0.0
2022-10-26 00:00:00-04:00,595.4325266287167,601.668181493296,594.5229957523111,598.0580444335938,1069200,0.0,0.0
2022-10-27 00:00:00-04:00,603.5248291690193,616.2773778071149,601.8744872255481,608.5414428710938,943600,0.0,0.0
2022-10-28 00:00:00-04:00,608.372531073612,623.5537162596223,605.3156561818837,622.3909912109375,862600,0.0,0.0
2022-10-31 00:00:00-04:00,617.0086052341261,621.3501088778,605.0155290715705,605.6625366210938,1037400,0.0,0.0
2022-11-01 00:00:00-04:00,615.8178666977475,617.1306541947979,608.100704516987,611.3732299804688,771100,0.0,0.0
2022-11-02 00:00:00-04:00,609.9572658043458,621.8940276254827,598.1517941697076,599.0050659179688,1061500,0.0,0.0
2022-11-03 00:00:00-04:00,587.4058871834902,598.8269320971648,584.1614627077199,594.316650390625,717200,0.0,0.0
2022-11-04 00:00:00-04:00,605.8127274738988,619.2404405640959,602.6339480892125,615.2646484375,707300,0.0,0.0
2022-11-07 00:00:00-05:00,619.1092202390885,636.2876911959555,614.7020700798922,634.1591186523438,798500,0.0,0.0
2022-11-08 00:00:00-05:00,635.762568109762,648.3182383466376,632.761951674279,643.5641479492188,1084300,0.0,0.0
2022-11-09 00:00:00-05:00,635.162352959741,640.2821551776769,625.4947822738079,627.895263671875,539200,0.0,0.0
2022-11-10 00:00:00-05:00,657.0573876747866,714.7252593374875,656.5135692791487,712.4654541015625,1795700,0.0,0.0
2022-11-11 00:00:00-05:00,701.3913088143353,736.6953193767296,701.3913088143353,726.4744873046875,1278600,0.0,0.0
2022-11-14 00:00:00-05:00,712.6436774036601,715.3817134024097,677.7710193740617,694.96826171875,1183000,0.0,0.0
2022-11-15 00:00:00-05:00,709.8867079255989,712.5966423974401,686.6695231880512,694.180419921875,851300,0.0,0.0
2022-11-16 00:00:00-05:00,687.3260644612086,687.3260644612086,675.258011127605,681.7280883789062,806400,0.0,0.0
2022-11-17 00:00:00-05:00,670.7382464685627,676.5425430635432,665.9372838669619,676.3643798828125,781200,0.0,0.0
2022-11-18 00:00:00-05:00,684.7285707632471,685.1224413218716,674.1889563206355,675.7080078125,626800,0.0,0.0
2022-11-21 00:00:00-05:00,671.9291283568834,683.1063640260803,670.8976362271225,678.60546875,656800,0.0,0.0
2022-11-22 00:00:00-05:00,681.8781647645388,691.1050510403597,680.856058424716,687.7481079101562,605500,0.0,0.0
2022-11-23 00:00:00-05:00,685.9007081609465,694.8275254526596,683.8190661228497,690.4391479492188,489000,0.0,0.0
2022-11-25 00:00:00-05:00,688.6950931478085,693.7491934319752,682.3094332580362,691.8082275390625,301600,0.0,0.0
2022-11-28 00:00:00-05:00,682.6375861368259,690.4203933235804,674.6109706550462,676.233154296875,480100,0.0,0.0
2022-11-29 00:00:00-05:00,677.442694789644,679.608753704265,667.2124775732589,669.5098266601562,698400,0.0,0.0
2022-11-30 00:00:00-05:00,669.5098761020427,673.0636964374997,650.0903183359591,671.38525390625,2757000,0.0,0.0
2022-12-01 00:00:00-05:00,674.0576556600545,679.8244653972546,666.88436977816,677.18017578125,1103900,0.0,0.0
2022-12-02 00:00:00-05:00,662.261610405777,668.984824328709,656.1009869748084,668.553466796875,1142800,0.0,0.0
2022-12-05 00:00:00-05:00,664.8214484503153,669.6692841721679,655.2101369600252,668.34716796875,1100300,0.0,0.0
2022-12-06 00:00:00-05:00,667.6957067116591,672.548668011096,660.9544390040248,670.62255859375,841000,4.88,0.0
2022-12-07 00:00:00-05:00,667.7429060373988,681.3575791701304,665.3447776330821,669.5556640625,877800,0.0,0.0
2022-12-08 00:00:00-05:00,670.3487942597939,675.0506589114331,662.0024543389661,664.1551513671875,625800,0.0,0.0
2022-12-09 00:00:00-05:00,661.3038286260819,674.1631917748057,660.9073003812853,667.4691772460938,549000,0.0,0.0
2022-12-12 00:00:00-05:00,666.2605212730991,671.4345195972643,662.8238476855485,669.6217041015625,701300,0.0,0.0
2022-12-13 00:00:00-05:00,697.4081715403679,701.6663116571037,676.6179574357914,683.7085571289062,949800,0.0,0.0
2022-12-14 00:00:00-05:00,678.7990489168901,685.0870847463102,665.0427279676336,671.7839965820312,549200,0.0,0.0
2022-12-15 00:00:00-05:00,660.5201309927074,663.6924717628056,654.1376464453325,659.1888427734375,566500,0.0,0.0
2022-12-16 00:00:00-05:00,651.4846126144771,664.3439746497406,645.7252434910608,661.1149291992188,1697100,0.0,0.0
2022-12-19 00:00:00-05:00,660.3785688183744,661.8514456219722,648.7465935578788,653.7977905273438,606700,0.0,0.0
2022-12-20 00:00:00-05:00,652.4099361203137,656.5547829746615,649.1809479409394,652.9386596679688,590100,0.0,0.0
2022-12-21 00:00:00-05:00,663.2298056962343,676.1269116539821,660.3406995225935,673.12451171875,652200,0.0,0.0
2022-12-22 00:00:00-05:00,663.399801534631,667.8656276174246,649.7850712431497,664.05126953125,623200,0.0,0.0
2022-12-23 00:00:00-05:00,669.1874118437789,670.44309397702,661.0960128529342,664.6271362304688,363200,0.0,0.0
2022-12-27 00:00:00-05:00,665.2220068063511,668.082760949541,661.3792964840432,663.9851684570312,325100,0.0,0.0
2022-12-28 00:00:00-05:00,664.6838984166836,672.057733109682,661.1810690587338,661.2188720703125,457700,0.0,0.0
2022-12-29 00:00:00-05:00,667.1764885816829,680.6778689800466,665.1654374822292,676.1553955078125,395300,0.0,0.0
2022-12-30 00:00:00-05:00,668.734199396678,673.0961822451628,659.3587657352447,669.0552368164062,413000,0.0,0.0
2023-01-03 00:00:00-05:00,679.7902600045962,683.1325413707331,664.466673000817,672.2747802734375,540800,0.0,0.0
2023-01-04 00:00:00-05:00,679.4597620934105,686.8524389469289,673.5588055603492,681.5841064453125,710200,0.0,0.0
2023-01-05 00:00:00-05:00,673.2096684729679,677.1184194160928,662.0497693310872,662.0780639648438,686700,0.0,0.0
2023-01-06 00:00:00-05:00,673.577674299221,697.3136965643494,670.7924111874971,696.7849731445312,1215700,0.0,0.0
2023-01-09 00:00:00-05:00,700.7598651297716,720.2093951629432,700.3255339755539,710.9378051757812,1102800,0.0,0.0
2023-01-10 00:00:00-05:00,707.7656078819455,715.4226769358444,702.8088033021166,714.9884033203125,758900,0.0,0.0
2023-01-11 00:00:00-05:00,715.6680782944327,721.0969588355844,706.3775860648562,713.7042236328125,788000,0.0,0.0
2023-01-12 00:00:00-05:00,720.5399230110244,720.5399230110244,699.759159708695,711.853759765625,938600,0.0,0.0
2023-01-13 00:00:00-05:00,704.9330657411241,716.1307081863055,694.0281084652,711.8820190429688,984100,0.0,0.0
2023-01-17 00:00:00-05:00,708.2848047601781,710.1070134286317,694.0469590904171,707.8599243164062,823800,0.0,0.0
2023-01-18 00:00:00-05:00,709.0495951439442,720.445531065741,704.697062767148,705.622314453125,728800,0.0,0.0
2023-01-19 00:00:00-05:00,696.6057100008977,700.1462847032565,688.8730925458844,689.109130859375,650700,0.0,0.0
2023-01-20 00:00:00-05:00,693.7354772056175,701.2037037911357,690.2137465226482,700.2879028320312,724300,0.0,0.0
2023-01-23 00:00:00-05:00,700.4389182640664,708.1337897671388,694.3302748220558,706.2454833984375,730200,0.0,0.0
2023-01-24 00:00:00-05:00,699.3625526980045,714.799491460491,685.0586668808701,710.0692749023438,558200,0.0,0.0
2023-01-25 00:00:00-05:00,701.6002935766182,709.7955949249363,691.5922916558341,709.295166015625,1070300,0.0,0.0
2023-01-26 00:00:00-05:00,708.114896808044,716.9710583942463,704.5271261895241,716.5178833007812,488700,0.0,0.0
2023-01-27 00:00:00-05:00,709.757663942833,721.4273827863889,709.757663942833,716.7821655273438,489400,0.0,0.0
2023-01-30 00:00:00-05:00,708.5020006000565,715.9136380380859,704.8481322068233,706.0944213867188,458300,0.0,0.0
2023-01-31 00:00:00-05:00,708.1148754588128,717.2826234586391,704.42326193043,716.810546875,572000,0.0,0.0
2023-02-01 00:00:00-05:00,711.6270532784933,725.3928217358642,702.8181462672842,720.0394897460938,702200,0.0,0.0
2023-02-02 00:00:00-05:00,721.2387302991614,738.1107451922863,720.5211645695429,727.687255859375,1101700,0.0,0.0
2023-02-03 00:00:00-05:00,708.1148885529575,726.8185608375414,706.2171314313896,714.875,1201800,0.0,0.0
2023-02-06 00:00:00-05:00,705.2634301206323,708.2280845417539,697.5402650509835,700.9203491210938,691500,0.0,0.0
2023-02-07 00:00:00-05:00,694.2358267688521,702.081737446552,687.7305974810553,699.4475708007812,730300,0.0,0.0
2023-02-08 00:00:00-05:00,694.3020254824686,700.3446298086251,689.0997314453125,689.0997314453125,517600,0.0,0.0
2023-02-09 00:00:00-05:00,697.8424585924887,698.1256930068951,674.5502169521735,675.9852905273438,723700,0.0,0.0
2023-02-10 00:00:00-05:00,672.4542931262122,685.8235362584346,671.3024537494638,683.1043701171875,626000,0.0,0.0
2023-02-13 00:00:00-05:00,682.4905193913492,696.4923264789381,680.7438591471889,695.755859375,583100,0.0,0.0
2023-02-14 00:00:00-05:00,692.7819150840581,701.4114898329783,686.3994297358685,688.4293823242188,466700,0.0,0.0
2023-02-15 00:00:00-05:00,678.9877656912547,687.1830081762245,678.2512985682919,683.7462768554688,479200,0.0,0.0
2023-02-16 00:00:00-05:00,671.1133939264419,682.2071917144867,669.8482035464316,673.1810913085938,492600,0.0,0.0
2023-02-17 00:00:00-05:00,668.8948003099914,676.7029081287133,666.9309455083071,676.1647338867188,519200,0.0,0.0
2023-02-21 00:00:00-05:00,666.6949691075324,669.0081561996896,653.5617645367247,656.8946533203125,646400,0.0,0.0
2023-02-22 00:00:00-05:00,656.8945877367642,660.0102817659392,643.9880296510499,649.0203247070312,937900,0.0,0.0
2023-02-23 00:00:00-05:00,658.3296865936018,662.9277078327277,648.132786452972,653.2029418945312,614800,0.0,0.0
2023-02-24 00:00:00-05:00,644.4506153725494,652.674209963515,640.6834535660213,645.2625732421875,553500,0.0,0.0
2023-02-27 00:00:00-05:00,656.0731665495123,657.6026900915044,643.629234548105,644.9132690429688,560000,0.0,0.0
2023-02-28 00:00:00-05:00,647.2169753216756,655.6010597871688,644.9793369974258,650.927490234375,859100,0.0,0.0
2023-03-01 00:00:00-05:00,644.998299692624,649.8229088493592,637.6150145466839,642.5529174804688,635000,0.0,0.0
2023-03-02 00:00:00-05:00,635.4151928434628,649.0110238835997,635.1886052638849,647.6041870117188,490200,0.0,0.0
2023-03-03 00:00:00-05:00,654.8740506621367,656.5074747929938,649.6340122199787,656.4130249023438,812200,0.0,0.0
2023-03-06 00:00:00-05:00,654.6156707100681,664.5440348312094,653.8644075233792,654.6537475585938,543300,5.0,0.0
2023-03-07 00:00:00-05:00,654.6537860455772,655.2148391545511,640.1796490168928,641.5966186523438,417200,0.0,0.0
2023-03-08 00:00:00-05:00,643.4604703638,646.9886730489305,639.685058412634,641.3112182617188,554800,0.0,0.0
2023-03-09 00:00:00-05:00,641.4349256592816,642.1386508262184,618.1451284898317,619.3624267578125,787100,0.0,0.0
2023-03-10 00:00:00-05:00,615.9578103122575,619.5335511464986,597.6797055716022,603.9087524414062,960900,0.0,0.0
2023-03-13 00:00:00-04:00,594.389355716905,611.7068921333997,593.5049396500507,595.1026000976562,997600,0.0,0.0
2023-03-14 00:00:00-04:00,614.7311303793764,616.2432342249297,594.0946364091923,606.5716552734375,928600,0.0,0.0
2023-03-15 00:00:00-04:00,590.5663785111109,603.4047780439611,589.615385953122,600.780029296875,1130000,0.0,0.0
2023-03-16 00:00:00-04:00,596.5575831663547,613.7515438049818,590.8516281708964,605.76318359375,726200,0.0,0.0
2023-03-17 00:00:00-04:00,607.4084547710277,607.4084547710277,593.2766617772284,605.5064697265625,2701500,0.0,0.0
2023-03-20 00:00:00-04:00,615.739168622187,620.4656321633947,608.1883428826023,612.0208129882812,924200,0.0,0.0
2023-03-21 00:00:00-04:00,627.5885343291081,632.5812454375522,626.266640695555,629.6997680664062,791200,0.0,0.0
2023-03-22 00:00:00-04:00,627.7311668156453,634.7399771334224,616.1385655280533,616.5474853515625,480100,0.0,0.0
2023-03-23 00:00:00-04:00,621.2644404841437,628.596555891293,613.913228607956,619.8379516601562,483400,0.0,0.0
2023-03-24 00:00:00-04:00,611.3075005266049,616.0719823471587,606.8188436854781,613.2760620117188,574100,0.0,0.0
2023-03-27 00:00:00-04:00,622.4531698714981,624.58338385628,614.7976335532186,616.5474853515625,411100,0.0,0.0
2023-03-28 00:00:00-04:00,614.6645310510634,618.0500621012474,609.9475872549963,614.5693969726562,373300,0.0,0.0
2023-03-29 00:00:00-04:00,620.0756353727721,625.505765117091,619.096085287631,625.01123046875,589300,0.0,0.0
2023-03-30 00:00:00-04:00,630.9930858213248,634.9016513312542,624.8971909776436,628.6441040039062,392300,0.0,0.0
2023-03-31 00:00:00-04:00,632.4956552389673,636.3566826373669,630.1371542651226,636.328125,516300,0.0,0.0
2023-04-03 00:00:00-04:00,631.9535837331189,637.3647336286982,624.3075665333885,633.7509155273438,622800,0.0,0.0
2023-04-04 00:00:00-04:00,633.2564118172567,636.8321529159344,621.7969637637432,626.8086547851562,525100,0.0,0.0
2023-04-05 00:00:00-04:00,620.408552803323,624.6785002611855,619.3719453370356,623.88916015625,426100,0.0,0.0
2023-04-06 00:00:00-04:00,624.4215973605943,626.7610596006551,621.9395210844627,624.2314453125,441700,0.0,0.0
2023-04-10 00:00:00-04:00,620.3799424657442,627.4934059309136,618.8963964676351,627.48388671875,393800,0.0,0.0
2023-04-11 00:00:00-04:00,629.5570412312682,638.534412841884,629.4143691372657,636.8606567382812,535800,0.0,0.0
2023-04-12 00:00:00-04:00,643.0134894586739,644.4304587484334,630.8502603661101,633.3323364257812,481200,0.0,0.0
2023-04-13 00:00:00-04:00,630.8599009050002,638.6675703597859,626.257129630658,637.8591918945312,694000,0.0,0.0
2023-04-14 00:00:00-04:00,646.8936547202366,669.5082858051663,644.8300171039349,657.44970703125,1117700,0.0,0.0
2023-04-17 00:00:00-04:00,657.4497449283341,664.8389181235965,656.9361717648449,664.1351928710938,586100,0.0,0.0
2023-04-18 00:00:00-04:00,666.0466553520774,666.8644950240414,656.05171424821,660.0173950195312,593800,0.0,0.0
2023-04-19 00:00:00-04:00,657.1168530273533,665.2193286132718,656.1944180596515,661.1680908203125,348100,0.0,0.0
2023-04-20 00:00:00-04:00,656.6316777506272,664.677094144414,656.6316777506272,662.2520751953125,580400,0.0,0.0
2023-04-21 00:00:00-04:00,661.4437916930392,662.1475168031335,645.6477633413444,647.5687866210938,774500,0.0,0.0
2023-04-24 00:00:00-04:00,648.8432751026976,648.8432751026976,640.1131117391858,641.1497192382812,451800,0.0,0.0
2023-04-25 00:00:00-04:00,637.7737374376351,638.8102869421623,626.1906536950579,627.37939453125,552200,0.0,0.0
2023-04-26 00:00:00-04:00,623.5562271227241,629.3097197004292,615.6915011730581,618.7822265625,434700,0.0,0.0
2023-04-27 00:00:00-04:00,625.0398527762163,631.0121138445298,623.1569061034323,630.2037353515625,393900,0.0,0.0
2023-04-28 00:00:00-04:00,627.4934326914857,639.0955534504534,626.6565546010697,638.3062133789062,529000,0.0,0.0
2023-05-01 00:00:00-04:00,641.9961180337389,642.4811335599012,629.7282899441594,630.4795532226562,560200,0.0,0.0
2023-05-02 00:00:00-04:00,625.4961909719649,626.3140885209992,604.1464587680189,619.5335083007812,719700,0.0,0.0
2023-05-03 00:00:00-04:00,625.2015320821896,630.4795293463459,608.8730055689915,610.9271240234375,430700,0.0,0.0
2023-05-04 00:00:00-04:00,607.2562709465182,607.2562709465182,597.4420210308518,600.7039184570312,589300,0.0,0.0
2023-05-05 00:00:00-04:00,610.7178171280502,613.0667405159074,606.3051984221174,612.8955688476562,484300,0.0,0.0
2023-05-08 00:00:00-04:00,614.5789720016862,615.2922164566205,609.3770703048106,611.6213989257812,374500,0.0,0.0
2023-05-09 00:00:00-04:00,607.6842608774899,611.9542082905155,602.577435347437,604.42236328125,441700,0.0,0.0
2023-05-10 00:00:00-04:00,612.3916993640777,613.3426919687136,593.8948815951131,598.3455200195312,622400,0.0,0.0
2023-05-11 00:00:00-04:00,599.286977521533,611.9542056447009,596.8619580528052,610.5562744140625,726100,0.0,0.0
2023-05-12 00:00:00-04:00,614.8736382442645,619.286256870787,611.4405696419611,613.4851684570312,906200,0.0,0.0
2023-05-15 00:00:00-04:00,613.5613245884836,618.392382665238,611.2028817994425,613.1524047851562,501900,0.0,0.0
2023-05-16 00:00:00-04:00,611.0983433916934,612.3631217228799,602.1970087896242,602.7676391601562,362700,0.0,0.0
2023-05-17 00:00:00-04:00,608.853919589278,619.685738270751,607.2372787482029,618.7537841796875,478300,0.0,0.0
2023-05-18 00:00:00-04:00,618.6872626074027,640.1796721449508,617.631674752197,636.5278930664062,1125900,0.0,0.0
2023-05-19 00:00:00-04:00,640.4363521320207,643.3749443156333,630.2322218086932,634.0266723632812,1362000,0.0,0.0
2023-05-22 00:00:00-04:00,633.674918220978,642.6522907265564,633.6368413686607,638.4869384765625,648800,0.0,0.0
2023-05-23 00:00:00-04:00,633.8556122886337,639.0384755722023,626.9798962560474,629.1101684570312,713300,0.0,0.0
2023-05-24 00:00:00-04:00,621.0076196674855,624.3360934065271,616.6710962035218,622.9000854492188,554500,0.0,0.0
2023-05-25 00:00:00-04:00,623.2044850154648,630.6222157749638,621.3785954540456,628.149658203125,522800,0.0,0.0
2023-05-26 00:00:00-04:00,632.2958859242813,642.157673316742,630.2893057182956,639.3522338867188,533900,0.0,0.0
2023-05-30 00:00:00-04:00,644.3354734397177,647.3311231991474,636.1094226829624,640.569580078125,504200,0.0,0.0
2023-05-31 00:00:00-04:00,638.8767779985475,641.5490647193556,624.1934508307963,625.3251342773438,1898400,0.0,0.0
2023-06-01 00:00:00-04:00,631.0500797267288,638.5439050272388,628.0068922166174,636.0618286132812,569800,0.0,0.0
2023-06-02 00:00:00-04:00,643.0325759936994,651.4298559364045,643.0325759936994,648.4437255859375,559800,0.0,0.0
2023-06-05 00:00:00-04:00,648.053919292501,649.4899274064549,641.1782033202039,643.3369750976562,551600,0.0,0.0
2023-06-06 00:00:00-04:00,640.3412485237905,652.0098858086051,640.3412485237905,651.3536987304688,748600,0.0,0.0
2023-06-07 00:00:00-04:00,650.4724090452587,651.4591625623801,642.0325558263761,649.7347412109375,534100,5.0,0.0
2023-06-08 00:00:00-04:00,646.9471291746064,653.2506935885518,638.0282816240656,651.9861450195312,521800,0.0,0.0
2023-06-09 00:00:00-04:00,653.7200687024457,657.6094894529867,648.8151851491768,655.6456298828125,465300,0.0,0.0
2023-06-12 00:00:00-04:00,655.846800384994,660.1673267252157,653.5955566082494,653.7105102539062,435000,0.0,0.0
2023-06-13 00:00:00-04:00,656.5365133548815,663.9704935222137,656.2203616263558,660.1385498046875,624000,0.0,0.0
2023-06-14 00:00:00-04:00,661.7000054409799,675.5429136549723,661.0390512893216,663.3573608398438,678000,0.0,0.0
2023-06-15 00:00:00-04:00,664.0087744672758,682.7948640159655,662.7538152715849,681.3099975585938,644400,0.0,0.0
2023-06-16 00:00:00-04:00,685.3910840154114,686.2628255337758,672.8414325412635,673.25341796875,1281900,0.0,0.0
2023-06-20 00:00:00-04:00,666.4612542472029,667.1989221463975,658.6153469030809,661.92041015625,698100,0.0,0.0
2023-06-21 00:00:00-04:00,661.7001078174825,666.9020236131478,657.5616594643408,660.0906982421875,489300,0.0,0.0
2023-06-22 00:00:00-04:00,655.6550641599507,655.7508978266055,646.9948932008829,650.83642578125,361200,0.0,0.0
2023-06-23 00:00:00-04:00,642.1858186487982,654.2372975295063,641.8505469752729,651.8615112304688,686000,0.0,0.0
2023-06-26 00:00:00-04:00,649.5911039053289,656.2107608333953,649.5911039053289,651.59326171875,403800,0.0,0.0
2023-06-27 00:00:00-04:00,654.7163042791952,659.4200478468771,649.2845405344854,655.87548828125,528600,0.0,0.0
2023-06-28 00:00:00-04:00,655.8755015678294,656.9580303470876,651.5453864507962,656.4310913085938,368100,0.0,0.0
2023-06-29 00:00:00-04:00,657.8489031843352,661.8819862423682,653.3271795104939,659.2954711914062,524700,0.0,0.0
2023-06-30 00:00:00-04:00,665.9151823249566,666.7390362008417,661.4414043543677,662.1024169921875,921900,0.0,0.0
2023-07-03 00:00:00-04:00,661.0103351794301,672.6594191273134,660.7612494659146,664.43994140625,376900,0.0,0.0
2023-07-05 00:00:00-04:00,662.6101390787172,671.1937144139813,657.0538321503983,663.721435546875,681400,0.0,0.0
2023-07-06 00:00:00-04:00,656.2203291735723,657.6573079965801,646.4488614829555,652.033935546875,675300,0.0,0.0
2023-07-07 00:00:00-04:00,649.7827276133115,662.9166773518517,649.456986668473,655.358154296875,435200,0.0,0.0
2023-07-10 00:00:00-04:00,664.6794270994192,675.3130480606799,663.6735535172713,666.9210815429688,568600,0.0,0.0
2023-07-11 00:00:00-04:00,670.5135096699936,681.1184211516926,670.3410792155133,680.3616333007812,504900,0.0,0.0
2023-07-12 00:00:00-04:00,692.3076323799265,696.4557275693279,688.6577085536435,695.4977416992188,642000,0.0,0.0
2023-07-13 00:00:00-04:00,702.0791817413434,709.292844249648,696.8869140922823,708.718017578125,928100,0.0,0.0
2023-07-14 00:00:00-04:00,711.7835257817627,712.7415116845646,692.0585703159124,697.4425048828125,1064100,0.0,0.0
2023-07-17 00:00:00-04:00,694.1087251580825,702.2037183254395,690.2288936609539,697.2892456054688,648400,0.0,0.0
2023-07-18 00:00:00-04:00,695.0380160854905,709.7047792938631,692.844190741034,707.8845825195312,790000,0.0,0.0
2023-07-19 00:00:00-04:00,708.8713088945809,721.3155371049389,708.8713088945809,715.9028930664062,718900,0.0,0.0
2023-07-20 00:00:00-04:00,712.7606287663423,721.717772798275,711.304471608752,719.3323974609375,621600,0.0,0.0
2023-07-21 00:00:00-04:00,721.5933016090349,724.5439146004948,718.2499401193955,719.6486206054688,512300,0.0,0.0
2023-07-24 00:00:00-04:00,720.1179930083289,725.2048956592237,718.9588090515708,724.79296875,385400,0.0,0.0
2023-07-25 00:00:00-04:00,720.9321914841294,721.3441183555685,711.0266512015886,714.6765747070312,610700,0.0,0.0
2023-07-26 00:00:00-04:00,712.0230120352994,718.3648739431351,709.8771329991617,711.936767578125,552800,0.0,0.0
2023-07-27 00:00:00-04:00,714.7724295130388,716.5638584545453,697.7969475620649,698.4387817382812,555200,0.0,0.0
2023-07-28 00:00:00-04:00,707.1852038783509,714.8969786879566,703.9089084684545,707.3193359375,522800,0.0,0.0
2023-07-31 00:00:00-04:00,708.8999792909813,712.0900887210847,704.7039963564868,707.807861328125,367700,0.0,0.0
2023-08-01 00:00:00-04:00,702.510274795678,704.9914257011035,699.8087473581661,701.4948120117188,359600,0.0,0.0
2023-08-02 00:00:00-04:00,692.0873539410269,693.3806115513463,683.3026393813024,687.2974243164062,649200,0.0,0.0
2023-08-03 00:00:00-04:00,680.6298590565859,682.9290487925134,675.9740612356978,680.3328857421875,585500,0.0,0.0
2023-08-04 00:00:00-04:00,680.2370343394997,690.6503360781046,679.2886376826771,680.438232421875,475100,0.0,0.0
2023-08-07 00:00:00-04:00,683.3409326567331,688.6290336334167,681.7411125459079,682.6128540039062,387900,0.0,0.0
2023-08-08 00:00:00-04:00,673.8378056974758,673.8378056974758,658.6345721236524,667.6970825195312,676900,0.0,0.0
2023-08-09 00:00:00-04:00,666.0492499377596,670.5613258598531,661.9682208705498,663.012451171875,447400,0.0,0.0
2023-08-10 00:00:00-04:00,667.7353582574079,676.4242974848744,665.3882810817807,667.7257690429688,496900,0.0,0.0
2023-08-11 00:00:00-04:00,664.6219211419785,668.9615670247019,661.2785595826189,666.3845825195312,381100,0.0,0.0
2023-08-14 00:00:00-04:00,663.7022460702831,665.0050929339766,659.7074610162304,663.8171997070312,395000,0.0,0.0
2023-08-15 00:00:00-04:00,656.2107968463017,657.2837364494951,642.3295895680159,644.5521240234375,519700,0.0,0.0
2023-08-16 00:00:00-04:00,641.8505808073013,648.0391910389093,641.8505808073013,643.9964599609375,494700,0.0,0.0
2023-08-17 00:00:00-04:00,646.3627472535737,652.4363456760929,644.2359879545934,645.6825561523438,471200,0.0,0.0
2023-08-18 00:00:00-04:00,637.2809796742387,646.9374944958079,637.2809796742387,642.090087890625,530500,0.0,0.0
2023-08-21 00:00:00-04:00,643.9581977561857,648.5086312340117,638.4976658886296,643.3738403320312,434300,0.0,0.0
2023-08-22 00:00:00-04:00,643.3738369244516,646.4106361417381,636.6870549522909,637.8654174804688,332500,0.0,0.0
2023-08-23 00:00:00-04:00,640.3178266946595,651.746591960394,639.0915766235304,650.2521362304688,386800,0.0,0.0
2023-08-24 00:00:00-04:00,650.2617425432037,659.6499933227075,644.6957879446815,644.8778076171875,317900,0.0,0.0
2023-08-25 00:00:00-04:00,647.5985400899635,653.5380650216401,643.0576957766175,647.5602416992188,275200,0.0,0.0
2023-08-28 00:00:00-04:00,652.6854183947466,654.8217083955889,646.2860791364216,650.4724731445312,430900,0.0,0.0
2023-08-29 00:00:00-04:00,650.137259314554,662.409058334617,648.1254535174837,661.9971313476562,502600,0.0,0.0
2023-08-30 00:00:00-04:00,662.7155797547412,670.1112035709001,660.8283169395696,666.5762329101562,483900,0.0,0.0
2023-08-31 00:00:00-04:00,668.549615891777,674.8435902763255,664.6506062591501,671.107421875,617100,0.0,0.0
2023-09-01 00:00:00-04:00,674.6137588002047,677.2865187141068,671.9314096708865,676.5201416015625,454500,0.0,0.0
2023-09-05 00:00:00-04:00,675.9260989159234,678.5317924225127,666.269584951586,666.6911010742188,556800,0.0,0.0
2023-09-06 00:00:00-04:00,663.8460555553148,669.9388329957874,659.7650254960528,665.0147705078125,426600,0.0,0.0
2023-09-07 00:00:00-04:00,658.7426264601388,668.363070831775,656.1083695264904,666.8287963867188,453000,5.0,0.0
2023-09-08 00:00:00-04:00,667.9094727877781,669.2314305532797,662.6409003994476,666.4041748046875,352400,0.0,0.0
2023-09-11 00:00:00-04:00,671.0745234108794,673.4772050274175,667.7261643083928,671.5280151367188,563500,0.0,0.0
2023-09-12 00:00:00-04:00,669.0384053858907,678.0895104991566,667.8129766167978,672.8885498046875,404000,0.0,0.0
2023-09-13 00:00:00-04:00,674.3359404458555,679.5272422526215,669.6656240129922,672.7823486328125,645200,0.0,0.0
2023-09-14 00:00:00-04:00,679.0352716435831,684.1976567338223,673.8439101978506,682.0265502929688,660100,0.0,0.0
2023-09-15 00:00:00-04:00,677.2500935048488,680.4247712314849,670.9490908716563,672.9561157226562,2810100,0.0,0.0
2023-09-18 00:00:00-04:00,671.9043266829561,674.953498910782,665.8638171437228,670.5244750976562,494400,0.0,0.0
2023-09-19 00:00:00-04:00,669.3375819751867,671.1806429976159,661.6180927973301,664.8024291992188,428100,0.0,0.0
2023-09-20 00:00:00-04:00,666.7709266077854,670.3315436078454,658.7329914216004,659.5145874023438,334100,0.0,0.0
2023-09-21 00:00:00-04:00,653.0109153356334,653.0109153356334,642.3098058462191,645.3782958984375,547700,0.0,0.0
2023-09-22 00:00:00-04:00,647.4625147860519,648.1668993475511,636.211384896828,636.954345703125,468300,0.0,0.0
2023-09-25 00:00:00-04:00,632.0525165000997,636.8289034828596,630.1323029219751,634.4937744140625,458300,0.0,0.0
2023-09-26 00:00:00-04:00,629.2541971634694,631.5410912717832,623.175110813584,624.0435180664062,589000,0.0,0.0
2023-09-27 00:00:00-04:00,624.9698159620481,625.7128356170853,617.8582415053463,620.8302612304688,548800,0.0,0.0
2023-09-28 00:00:00-04:00,620.4732874094257,624.8347589372794,618.2056520271159,622.6154174804688,696100,0.0,0.0
2023-09-29 00:00:00-04:00,629.9102776708977,633.7893396600581,622.9048321242157,623.821533203125,539900,0.0,0.0
2023-10-02 00:00:00-04:00,622.1039783779361,623.5899587796272,616.3432791971425,620.4924926757812,569000,0.0,0.0
2023-10-03 00:00:00-04:00,615.3686383888751,615.3686383888751,601.7340875108165,603.5385131835938,678600,0.0,0.0
2023-10-04 00:00:00-04:00,606.9737945450464,615.9862649055044,603.4517541565104,614.2108154296875,546700,0.0,0.0
2023-10-05 00:00:00-04:00,611.4317820625869,620.3284646166346,609.849272727043,617.8485717773438,496900,0.0,0.0
2023-10-06 00:00:00-04:00,612.7537355546335,628.6655222772495,612.2905261821842,625.5294799804688,608300,0.0,0.0
2023-10-09 00:00:00-04:00,619.0065251819096,625.143504811962,618.0415890553595,621.0521850585938,536100,0.0,0.0
2023-10-10 00:00:00-04:00,621.0521616432573,626.6295205140486,619.1995008407389,619.4407348632812,626700,0.0,0.0
2023-10-11 00:00:00-04:00,623.001389033247,625.8961974786582,615.7257327809617,620.135498046875,515000,0.0,0.0
2023-10-12 00:00:00-04:00,620.6758500643826,621.6794213356517,609.8975299479703,613.8634033203125,744200,0.0,0.0
2023-10-13 00:00:00-04:00,606.1439823751551,613.7091084228633,598.2604697721542,605.65185546875,1263400,0.0,0.0
2023-10-16 00:00:00-04:00,608.4018535743129,619.1222792239971,606.3851112654002,613.1686401367188,695400,0.0,0.0
2023-10-17 00:00:00-04:00,609.1641558428651,617.4336653916865,607.6009640527287,613.7958374023438,578500,0.0,0.0
2023-10-18 00:00:00-04:00,612.7343827090052,612.7343827090052,593.8698949888583,595.06640625,664500,0.0,0.0
2023-10-19 00:00:00-04:00,603.7123478384169,607.4273285934863,597.4016274942844,600.6824340820312,1040800,0.0,0.0
2023-10-20 00:00:00-04:00,601.39647466713,604.117601764315,591.6216664442912,593.271728515625,850300,0.0,0.0
2023-10-23 00:00:00-04:00,590.0006129278021,597.7490202568741,589.045335479906,593.1752319335938,469500,0.0,0.0
2023-10-24 00:00:00-04:00,595.6261292389195,598.6656426370382,589.3443857631041,590.917236328125,657200,0.0,0.0
2023-10-25 00:00:00-04:00,586.9224868146392,590.1453998734792,582.3293807416387,587.33740234375,562000,0.0,0.0
2023-10-26 00:00:00-04:00,585.8995400592636,596.2243678817262,585.2240730250793,585.7837524414062,856400,0.0,0.0
2023-10-27 00:00:00-04:00,585.7838370019183,587.6171804793279,575.2756674517764,577.1090698242188,543000,0.0,0.0
2023-10-30 00:00:00-04:00,581.7021351493713,589.2768603762764,579.2125833893257,585.83203125,528100,0.0,0.0
2023-10-31 00:00:00-04:00,587.5978425279706,591.3803755020748,583.2169949959226,590.8110961914062,508900,0.0,0.0
2023-11-01 00:00:00-04:00,592.9435508336707,596.3015094802963,586.362679828772,594.603271484375,537100,0.0,0.0
2023-11-02 00:00:00-04:00,601.8982147167122,622.5188946256408,601.8982147167122,621.8916625976562,1174000,0.0,0.0
2023-11-03 00:00:00-04:00,631.8594733935684,638.9420714908699,631.3191115253954,634.8989868164062,894200,0.0,0.0
2023-11-06 00:00:00-05:00,633.5962354583202,637.1086164327246,627.5557270197605,630.3154296875,469400,0.0,0.0
2023-11-07 00:00:00-05:00,629.9296224807206,630.585771993203,624.2268168713795,625.8479614257812,440800,0.0,0.0
2023-11-08 00:00:00-05:00,625.6935219601971,632.6699912695949,625.6935219601971,631.9849243164062,482200,0.0,0.0
2023-11-09 00:00:00-05:00,633.7024095235264,637.4367071854901,627.8163233971031,628.964599609375,437100,0.0,0.0
2023-11-10 00:00:00-05:00,633.5577497899196,642.1167281334898,630.9524105871307,641.6824951171875,522700,0.0,0.0
2023-11-13 00:00:00-05:00,637.6491045655848,641.0746160699523,635.0630827880756,638.2570190429688,356400,0.0,0.0
2023-11-14 00:00:00-05:00,649.4020219192671,674.557914144821,649.4020219192671,672.898193359375,1011000,0.0,0.0
2023-11-15 00:00:00-05:00,673.6893805457222,686.3783130672037,673.2358888751935,683.9852905273438,747400,0.0,0.0
2023-11-16 00:00:00-05:00,684.4677824770321,690.0257648063284,683.8984442780376,689.8328247070312,558900,0.0,0.0
2023-11-17 00:00:00-05:00,694.5996708973863,695.5646070567878,688.6267137148899,691.72412109375,715600,0.0,0.0
2023-11-20 00:00:00-05:00,689.3407819449337,696.3558280285085,687.1406991524291,695.6417846679688,668300,0.0,0.0
2023-11-21 00:00:00-05:00,694.5610671410055,701.122621542405,693.5285783363909,699.2313842773438,642900,0.0,0.0
2023-11-22 00:00:00-05:00,701.5085105404289,704.6735290639224,700.5242569199485,701.6436157226562,498100,0.0,0.0
2023-11-24 00:00:00-05:00,701.2383889460286,705.1174512166001,701.1612364564372,704.4998779296875,279600,0.0,0.0
2023-11-27 00:00:00-05:00,701.7015504633814,706.3814670354853,699.1347874314235,705.0595092773438,868100,0.0,0.0
2023-11-28 00:00:00-05:00,700.4085035168099,712.9237553611105,700.4085035168099,710.9263305664062,610200,0.0,0.0
2023-11-29 00:00:00-05:00,716.2528015158767,724.9275676914815,716.2528015158767,721.0967407226562,750000,0.0,0.0
2023-11-30 00:00:00-05:00,721.9266159541132,725.5258679014814,718.5783157281093,724.8889770507812,961300,0.0,0.0
2023-12-01 00:00:00-05:00,723.7020859684259,734.6830636644556,722.4090456610173,729.8294067382812,746700,0.0,0.0
2023-12-04 00:00:00-05:00,725.477653102397,731.3444227501485,723.2196764974503,729.9066772460938,767900,0.0,0.0
2023-12-05 00:00:00-05:00,729.1251022730834,729.1251022730834,721.9459744362651,727.8513793945312,860700,0.0,0.0
2023-12-06 00:00:00-05:00,732.9219390607745,734.9326925764718,721.2071580517776,721.7996826171875,624800,5.0,0.0
2023-12-07 00:00:00-05:00,724.101806640625,728.424437393108,721.343075461432,724.101806640625,784300,0.0,0.0
2023-12-08 00:00:00-05:00,721.8773795101947,726.3845146045455,720.9739485560146,723.412109375,456000,0.0,0.0
2023-12-11 00:00:00-05:00,724.4515392576455,733.6115993554938,723.0139230787689,730.872314453125,781300,0.0,0.0
2023-12-12 00:00:00-05:00,733.3882418516026,737.7011499103044,731.1249211403382,737.555419921875,607600,0.0,0.0
2023-12-13 00:00:00-05:00,737.2736536978697,754.9429680071567,733.2035899179243,751.2905883789062,600000,0.0,0.0
2023-12-14 00:00:00-05:00,760.5186521408915,784.4824577514659,759.5570003384023,784.0259399414062,1197400,0.0,0.0
2023-12-15 00:00:00-05:00,769.2318536386222,795.5560913085938,766.8713603151259,795.5560913085938,2702600,0.0,0.0
2023-12-18 00:00:00-05:00,788.7565615819849,791.6706868095046,773.0202734957729,773.6419677734375,916300,0.0,0.0
2023-12-19 00:00:00-05:00,778.1394888717258,791.1073232481375,776.0801783223156,778.4406127929688,756400,0.0,0.0
2023-12-20 00:00:00-05:00,774.9241632331542,782.3551467339502,766.2595144564656,766.6383056640625,547900,0.0,0.0
2023-12-21 00:00:00-05:00,772.2431551029318,776.4880592753611,768.9987363897297,776.2257690429688,341100,0.0,0.0
2023-12-22 00:00:00-05:00,779.0232762372019,784.4047314930154,777.2457027368515,779.45068359375,426300,0.0,0.0
2023-12-26 00:00:00-05:00,780.441570687751,785.9395273709454,780.441570687751,783.5208129882812,280600,0.0,0.0
2023-12-27 00:00:00-05:00,786.0075373316897,789.9707641601562,785.4830161452275,789.9707641601562,298000,0.0,0.0
2023-12-28 00:00:00-05:00,786.6972360007236,794.2156694567224,786.6972360007236,791.0975341796875,311500,0.0,0.0
2023-12-29 00:00:00-05:00,789.3393440438655,792.8071600962825,785.492736779828,788.562255859375,318500,0.0,0.0
2024-01-02 00:00:00-05:00,781.1313091943284,785.0070863513595,772.6608875054118,777.3914794921875,660000,0.0,0.0
2024-01-03 00:00:00-05:00,769.7273047844376,769.7273047844376,759.9358866179919,761.7037963867188,638700,0.0,0.0
2024-01-04 00:00:00-05:00,760.8392691213805,769.8050423081793,760.3244118609314,763.4522705078125,580200,0.0,0.0
2024-01-05 00:00:00-05:00,760.4021233504659,766.1818169291099,759.0907907088036,760.4215698242188,471000,0.0,0.0
2024-01-08 00:00:00-05:00,761.9756681374305,775.1669569611207,760.4991591962624,774.3704223632812,513200,0.0,0.0
2024-01-09 00:00:00-05:00,769.960449920381,772.3791642862501,764.6081639586889,771.7769165039062,454700,0.0,0.0
2024-01-10 00:00:00-05:00,772.1363182420749,776.177212313722,765.3172465026416,769.6787109375,510800,0.0,0.0
2024-01-11 00:00:00-05:00,774.1470868956694,777.0805992524248,764.5498965879143,769.9215698242188,735800,0.0,0.0
2024-01-12 00:00:00-05:00,762.5293145849448,779.3729818371552,760.3534442434227,776.7113647460938,880500,0.0,0.0
2024-01-16 00:00:00-05:00,780.7815451569261,785.8327073719676,766.0846356238835,768.726806640625,895200,0.0,0.0
2024-01-17 00:00:00-05:00,752.2036760428474,765.375519057197,746.3559793993705,764.8898315429688,617100,0.0,0.0
2024-01-18 00:00:00-05:00,771.8157531501627,773.2048123495291,762.5876902254547,772.4957275390625,506700,0.0,0.0
2024-01-19 00:00:00-05:00,774.9144012702321,785.6772528017146,771.3203019357236,782.38427734375,681500,0.0,0.0
2024-01-22 00:00:00-05:00,783.3265519443623,784.1910899944338,770.7958489888867,771.291259765625,760500,0.0,0.0
2024-01-23 00:00:00-05:00,770.5627445396826,772.8163418862187,765.9098198664001,769.873046875,718300,0.0,0.0
2024-01-24 00:00:00-05:00,775.0212720276594,775.0212720276594,762.7139669216499,763.2579345703125,659700,0.0,0.0
2024-01-25 00:00:00-05:00,768.2799244536285,772.1460374005949,764.9481152052016,767.8331298828125,723800,0.0,0.0
2024-01-26 00:00:00-05:00,768.6782196366213,770.5724128040723,763.0053633706596,764.7635498046875,687900,0.0,0.0
2024-01-29 00:00:00-05:00,764.7732486423846,769.7952407901872,758.7798814948818,766.1234741210938,622200,0.0,0.0
2024-01-30 00:00:00-05:00,760.5672462017891,762.354602447556,756.7691957005761,759.35302734375,936600,0.0,0.0
2024-01-31 00:00:00-05:00,757.1576547345159,762.9276246970476,750.2414693684678,752.1453857421875,730800,0.0,0.0
2024-02-01 00:00:00-05:00,754.2630178275232,763.0636735809763,743.7138988075088,762.46142578125,626600,0.0,0.0
2024-02-02 00:00:00-05:00,758.3039595494472,769.6593363011672,755.0109838875682,765.4435424804688,509600,0.0,0.0
2024-02-05 00:00:00-05:00,759.8193488900489,764.7053348812772,754.9041931871598,760.7518310546875,501100,0.0,0.0
2024-02-06 00:00:00-05:00,762.4613903007028,765.4435187382691,756.4680230046304,765.424072265625,666300,0.0,0.0
2024-02-07 00:00:00-05:00,767.3863682008915,776.5658752224203,764.0157248899616,771.9518432617188,700600,0.0,0.0
2024-02-08 00:00:00-05:00,771.3300582427287,776.0703731585506,764.9578403819884,770.4946899414062,545500,0.0,0.0
2024-02-09 00:00:00-05:00,771.4951547342906,777.8868188967127,769.1056101555317,774.389892578125,536600,0.0,0.0
2024-02-12 00:00:00-05:00,775.4778222042553,785.3469661411143,774.8075710811322,778.8096313476562,499300,0.0,0.0
2024-02-13 00:00:00-05:00,762.7722562557171,768.5810600691696,747.9587867773348,755.7977905273438,637400,0.0,0.0
2024-02-14 00:00:00-05:00,762.626569823765,765.7155948254758,756.8565993391096,762.9180297851562,420900,0.0,0.0
2024-02-15 00:00:00-05:00,765.8320773255002,779.5089947025981,765.8320773255002,775.205810546875,508200,0.0,0.0
2024-02-16 00:00:00-05:00,772.3305533228616,775.1572284073914,768.4838870863246,771.271728515625,393700,0.0,0.0
2024-02-20 00:00:00-05:00,766.6869004245999,778.5862443603233,765.0258278049852,775.2640991210938,582200,0.0,0.0
2024-02-21 00:00:00-05:00,775.9440378996329,782.9865064365389,772.6510625201472,782.3939819335938,419400,0.0,0.0
2024-02-22 00:00:00-05:00,787.8240106037239,792.9626226368888,784.9487783584732,790.1553344726562,549600,0.0,0.0
2024-02-23 00:00:00-05:00,793.6716682380481,800.1313358099565,788.7565130283824,790.301025390625,492500,0.0,0.0
2024-02-26 00:00:00-05:00,787.7366071322066,791.4958238253968,780.3541211936621,782.9574584960938,577800,0.0,0.0
2024-02-27 00:00:00-05:00,784.2203089387295,786.6875804524053,772.5055271134574,777.6246337890625,555900,0.0,0.0
2024-02-28 00:00:00-05:00,775.915014191514,789.8444996254048,774.4967852322465,786.4835205078125,513000,0.0,0.0
2024-02-29 00:00:00-05:00,790.116447606139,791.6317902324909,784.2784743782496,788.1154174804688,758800,0.0,0.0
2024-03-01 00:00:00-05:00,788.1154647367875,792.0106289129377,782.1609308950631,791.5055541992188,431300,0.0,0.0
2024-03-04 00:00:00-05:00,792.6128744862849,817.858961945898,792.6128744862849,810.5833129882812,858900,0.0,0.0
2024-03-05 00:00:00-05:00,808.4656310650324,815.7606663829647,799.8009831623373,803.268798828125,497600,0.0,0.0
2024-03-06 00:00:00-05:00,807.1881451447321,813.5803981641598,801.900421808882,811.6353759765625,538000,5.1,0.0
2024-03-07 00:00:00-05:00,819.0539101361016,820.2560967064197,810.8828355759357,812.9060668945312,384700,0.0,0.0
2024-03-08 00:00:00-05:00,816.9622173721965,825.9054780680912,814.88034435323,817.2261352539062,396200,0.0,0.0
2024-03-11 00:00:00-04:00,816.7668010268723,817.1772935632122,803.689144751422,806.5137939453125,428600,0.0,0.0
2024-03-12 00:00:00-04:00,811.361742549093,815.4179887063003,803.6695860058301,810.84375,438600,0.0,0.0
2024-03-13 00:00:00-04:00,810.4331462717854,812.8277953091032,804.6078631648371,807.3250122070312,510800,0.0,0.0
2024-03-14 00:00:00-04:00,806.3574383466054,806.640863727582,782.5283495172933,790.5234985351562,859000,0.0,0.0
2024-03-15 00:00:00-04:00,783.4764594240487,795.410511301597,780.2998998264737,784.3854370117188,1576700,0.0,0.0
2024-03-18 00:00:00-04:00,787.9823078079658,788.0507331764427,775.8918375122253,782.166748046875,634800,0.0,0.0
2024-03-19 00:00:00-04:00,778.3157151876654,785.7048788609508,774.904588549053,784.1703491210938,593900,0.0,0.0
2024-03-20 00:00:00-04:00,785.9395003154439,800.7276122578281,782.5967988088578,799.4081420898438,451400,0.0,0.0
2024-03-21 00:00:00-04:00,804.9206161469752,825.5535764660311,803.6401611144245,823.0318603515625,643300,0.0,0.0
2024-03-22 00:00:00-04:00,821.8199476545611,823.2860520654265,803.8748439829956,806.1912841796875,615100,0.0,0.0
2024-03-25 00:00:00-04:00,801.900508825248,808.3024864571906,796.7495759952387,797.76611328125,378100,0.0,0.0
2024-03-26 00:00:00-04:00,800.9522878703084,805.2626678623614,799.4471089517781,801.6658325195312,374000,0.0,0.0
2024-03-27 00:00:00-04:00,808.1167188436367,816.6299197163022,803.9041146628211,816.2487182617188,466500,0.0,0.0
2024-03-28 00:00:00-04:00,817.3239158965845,819.728348775881,812.2414679723926,814.8609008789062,532100,0.0,0.0
2024-04-01 00:00:00-04:00,816.1119034912675,816.2487542229327,806.5920082170123,808.0874633789062,395900,0.0,0.0
2024-04-02 00:00:00-04:00,806.8461463631355,807.2468553295528,791.6964004290004,798.1375122070312,530700,0.0,0.0
2024-04-03 00:00:00-04:00,797.0232752551194,807.4130737477903,795.175969297884,796.387939453125,369600,0.0,0.0
2024-04-04 00:00:00-04:00,803.7966772581418,807.8431399620695,772.3242889875011,774.191162109375,1189400,0.0,0.0
2024-04-05 00:00:00-04:00,775.6962892439349,786.0958706981577,772.265595427353,779.5374755859375,687300,0.0,0.0
2024-04-08 00:00:00-04:00,783.4080449894982,789.291970283218,778.8240226892607,785.1673583984375,760200,0.0,0.0
2024-04-09 00:00:00-04:00,788.0115588438442,788.0115588438442,776.233865264072,785.7342529296875,802100,0.0,0.0
2024-04-10 00:00:00-04:00,775.8526539135742,777.16240009444,763.2734829188244,765.9418334960938,654400,0.0,0.0
2024-04-11 00:00:00-04:00,767.7500191618204,771.4837055989525,761.2014074491117,768.1996459960938,812000,0.0,0.0
2024-04-12 00:00:00-04:00,767.808636552208,784.8545458877385,744.8396678992044,746.1494140625,1452900,0.0,0.0
2024-04-15 00:00:00-04:00,753.3723882026442,760.6344848645741,739.2196127672546,745.7486572265625,935200,0.0,0.0
2024-04-16 00:00:00-04:00,747.3222946252579,749.5214513301979,731.8695558981167,732.7296752929688,662900,0.0,0.0
2024-04-17 00:00:00-04:00,736.0234785665737,741.7511050564884,731.1755982291495,736.7565307617188,585800,0.0,0.0
2024-04-18 00:00:00-04:00,737.6850882962931,744.2141328024971,729.9049990430507,730.4132080078125,614900,0.0,0.0
2024-04-19 00:00:00-04:00,734.410825391322,738.3595118787416,728.7027658488499,733.0326538085938,867800,0.0,0.0
2024-04-22 00:00:00-04:00,739.6497171068512,748.9839037859965,733.5898066014139,742.9337768554688,617200,0.0,0.0
2024-04-23 00:00:00-04:00,746.0125713257103,752.033347137429,743.7449893650539,749.296630859375,461000,0.0,0.0
2024-04-24 00:00:00-04:00,745.5629272460938,750.2935835754859,742.2788677884331,745.5629272460938,751200,0.0,0.0
2024-04-25 00:00:00-04:00,737.2648058571212,743.4517831422173,731.1169628692455,740.5293579101562,510100,0.0,0.0
2024-04-26 00:00:00-04:00,742.6014654306005,750.1372040665268,740.6270923630369,745.6411743164062,447900,0.0,0.0
2024-04-29 00:00:00-04:00,746.1102866860689,752.013838565909,738.7699811332895,744.0773315429688,483700,0.0,0.0
2024-04-30 00:00:00-04:00,740.9104753864525,744.243452694234,736.7662966211587,737.5873413085938,418600,0.0,0.0
2024-05-01 00:00:00-04:00,737.9391978341201,748.5244880643309,733.9513772534198,734.5964965820312,614800,0.0,0.0
2024-05-02 00:00:00-04:00,741.0278041571812,743.8622966121729,731.8598192479841,739.89404296875,632500,0.0,0.0
2024-05-03 00:00:00-04:00,748.3974165287473,754.1151996624482,745.4652078128107,746.6478271484375,558300,0.0,0.0
2024-05-06 00:00:00-04:00,751.3589521583992,757.6436459806895,748.5245193913254,757.1354370117188,450100,0.0,0.0
2024-05-07 00:00:00-04:00,762.8336552744366,768.5026401353697,759.129319552969,763.2734985351562,777400,0.0,0.0
2024-05-08 00:00:00-04:00,760.419505748007,761.641259452615,756.3926103100945,760.7420654296875,665700,0.0,0.0
2024-05-09 00:00:00-04:00,760.3217578941027,773.6241973627315,760.3217578941027,771.2979736328125,654800,0.0,0.0
2024-05-10 00:00:00-04:00,774.6211388890891,781.1696905090997,774.1812956586266,778.6675415039062,607100,0.0,0.0
2024-05-13 00:00:00-04:00,780.9448913552927,782.4012120833333,771.9625566141677,772.4708251953125,416800,0.0,0.0
2024-05-14 00:00:00-04:00,774.6114015837364,785.1575578912604,774.2692747591908,784.8154907226562,492200,0.0,0.0
2024-05-15 00:00:00-04:00,790.8362501726482,799.691518289924,789.4287875739316,797.267578125,667300,0.0,0.0
2024-05-16 00:00:00-04:00,793.05496545099,796.5833756564108,789.409212012315,789.4581298828125,486300,0.0,0.0
2024-05-17 00:00:00-04:00,792.1166810989286,795.0684571555493,788.0897856386615,793.8662109375,394400,0.0,0.0
2024-05-20 00:00:00-04:00,790.6993917270551,794.4428615981993,786.0274368106606,786.9950561523438,366300,0.0,0.0
2024-05-21 00:00:00-04:00,786.4379742619069,788.4416384225634,782.1471608990169,786.740966796875,461800,0.0,0.0
2024-05-22 00:00:00-04:00,785.3823853628263,790.5919600579433,777.5729449356002,781.5411987304688,391600,0.0,0.0
2024-05-23 00:00:00-04:00,780.3976755709194,780.3976755709194,764.1434584530435,766.821533203125,538300,0.0,0.0
2024-05-24 00:00:00-04:00,769.5875333100593,771.5521227685974,763.273488828062,764.2313842773438,429000,0.0,0.0
2024-05-28 00:00:00-04:00,764.2314007491195,765.9320723600492,748.182401141923,753.9783935546875,636200,0.0,0.0
2024-05-29 00:00:00-04:00,746.0417943677209,748.6221521900095,739.2391087619684,739.4834594726562,574900,0.0,0.0
2024-05-30 00:00:00-04:00,737.9001812510021,745.1817857863966,736.7957111021549,744.6442260742188,650000,0.0,0.0
2024-05-31 00:00:00-04:00,745.8170763302398,756.793292128796,744.8592405500884,754.5844116210938,1616000,0.0,0.0
2024-06-03 00:00:00-04:00,761.8758615782756,762.0811376862083,751.3492120864472,759.8037719726562,571000,0.0,0.0
2024-06-04 00:00:00-04:00,759.8037241329948,769.0890521294469,757.1158660287587,767.5447387695312,666400,0.0,0.0
2024-06-05 00:00:00-04:00,770.9265827453905,771.2491424250366,761.8269635970995,771.0536499023438,539800,0.0,0.0
2024-06-06 00:00:00-04:00,769.8904842168861,769.8904842168861,758.9826942215068,760.9375,406300,0.0,0.0
2024-06-07 00:00:00-04:00,755.2901999474014,761.5081259076168,750.8825805525391,756.2740478515625,468100,5.1,0.0
2024-06-10 00:00:00-04:00,754.3555392859182,756.441292057755,747.9703759377592,753.7947387695312,588900,0.0,0.0
2024-06-11 00:00:00-04:00,749.7019588643553,751.0399776161128,740.1487739977217,745.3927001953125,499000,0.0,0.0
2024-06-12 00:00:00-04:00,756.9233475412581,769.9199997410859,753.7160538723397,757.6710815429688,833200,0.0,0.0
2024-06-13 00:00:00-04:00,754.5720061686122,760.268463885571,745.9534889662385,757.277587890625,462500,0.0,0.0
2024-06-14 00:00:00-04:00,752.1518058775363,757.5334256845379,747.7146417313752,756.90380859375,376800,0.0,0.0
2024-06-17 00:00:00-04:00,754.8180227172113,771.2777800403103,753.6767254443411,768.4639892578125,541600,0.0,0.0
2024-06-18 00:00:00-04:00,766.3584864091497,771.4548113304273,764.4695152530311,770.992431640625,479700,0.0,0.0
2024-06-20 00:00:00-04:00,769.3887545476905,771.3859345605389,764.961438994388,770.1856689453125,496800,0.0,0.0
2024-06-21 00:00:00-04:00,771.0612663244073,778.3713092445513,767.2931720102548,774.8786010742188,873000,0.0,0.0
2024-06-24 00:00:00-04:00,775.8428504569328,793.4438450358875,775.8428504569328,786.0453491210938,528700,0.0,0.0
2024-06-25 00:00:00-04:00,781.627836520936,782.4149028434284,775.8428059741836,781.5589599609375,394000,0.0,0.0
2024-06-26 00:00:00-04:00,776.5314764842301,778.3417229393451,771.8483510101535,774.7310180664062,529000,0.0,0.0
2024-06-27 00:00:00-04:00,771.9762864167457,774.3374853705949,767.7359043276314,768.5131225585938,428400,0.0,0.0
2024-06-28 00:00:00-04:00,771.8189038102075,779.5322985109133,768.5820655251639,774.6032104492188,769500,0.0,0.0
2024-07-01 00:00:00-04:00,778.0565017906101,781.2736437977301,765.0696966625122,769.634765625,543500,0.0,0.0
2024-07-02 00:00:00-04:00,770.0282319746242,776.9053193029031,770.0282319746242,776.3839111328125,367300,0.0,0.0
2024-07-03 00:00:00-04:00,776.3839325599826,777.8597044754263,773.3044836924785,776.3740844726562,250800,0.0,0.0
2024-07-05 00:00:00-04:00,778.3614554668953,778.4007877658232,770.2545582387085,777.8301391601562,341400,0.0,0.0
2024-07-08 00:00:00-04:00,777.830170087967,780.4669354537621,773.0683796079667,777.4268188476562,529600,0.0,0.0
2024-07-09 00:00:00-04:00,780.6932281502285,790.4136510953418,778.7353802580254,789.3215942382812,629500,0.0,0.0
2024-07-10 00:00:00-04:00,788.8099885252052,799.1698768241056,788.8099885252052,798.8845825195312,519000,0.0,0.0
2024-07-11 00:00:00-04:00,804.757995651218,812.5894461414457,802.6329107205827,811.5465698242188,634100,0.0,0.0
2024-07-12 00:00:00-04:00,815.9936038006201,824.0119279556507,812.0680603856116,814.5964965820312,677100,0.0,0.0
2024-07-15 00:00:00-04:00,816.5740518170193,822.7034649999249,805.2204687940342,809.66748046875,888100,0.0,0.0
2024-07-16 00:00:00-04:00,811.1825882959082,831.8729383225641,807.6899402833924,830.30859375,744600,0.0,0.0
2024-07-17 00:00:00-04:00,832.6403571886901,834.9130435540185,822.3886783508634,827.5046997070312,692000,0.0,0.0
2024-07-18 00:00:00-04:00,821.6802491588502,838.1203694923166,815.4032946357995,815.6099243164062,718000,0.0,0.0
2024-07-19 00:00:00-04:00,820.2044701716418,820.2044701716418,811.7335540798663,817.282470703125,1036200,0.0,0.0
2024-07-22 00:00:00-04:00,823.0379889077927,831.8434400524507,821.5523688983897,829.6199340820312,573200,0.0,0.0
2024-07-23 00:00:00-04:00,828.2130219521886,837.2447387262323,825.4681078505408,831.0465087890625,701500,0.0,0.0
2024-07-24 00:00:00-04:00,830.4464143156772,832.5714995168154,812.7666350056,814.2817993164062,660300,0.0,0.0
2024-07-25 00:00:00-04:00,811.6352212544631,834.8737048807681,809.1460571332259,823.0281372070312,587500,0.0,0.0
2024-07-26 00:00:00-04:00,828.3704686819921,843.7972581085095,827.5145257290934,842.3706665039062,555800,0.0,0.0
2024-07-29 00:00:00-04:00,844.1415552591327,851.1957283651475,838.6024864037785,848.2245483398438,612700,0.0,0.0
2024-07-30 00:00:00-04:00,854.1079271619463,859.7749009719515,851.2055636944033,858.4959106445312,539600,0.0,0.0
2024-07-31 00:00:00-04:00,861.1817790484954,870.8037805978614,857.8170359348459,862.3427124023438,656800,0.0,0.0
2024-08-01 00:00:00-04:00,865.7861992761408,870.3807524062189,846.424078752792,851.372802734375,586500,0.0,0.0
2024-08-02 00:00:00-04:00,841.1899766629017,844.338302035713,825.7337041289223,832.3550415039062,479800,0.0,0.0
2024-08-05 00:00:00-04:00,811.3695883244781,835.2082055258993,800.045488532436,817.341552734375,1328800,0.0,0.0
2024-08-06 00:00:00-04:00,821.0407870005171,838.4646952658225,816.1018512167948,827.3767700195312,525100,0.0,0.0
2024-08-07 00:00:00-04:00,838.494277269978,842.5674222618254,824.9269753847053,826.27490234375,750900,0.0,0.0
2024-08-08 00:00:00-04:00,832.5321534382338,841.9672217206843,829.9938088947105,841.0227661132812,381500,0.0,0.0
2024-08-09 00:00:00-04:00,839.6355188924452,848.2835809921396,836.0739940401173,842.3804931640625,290400,0.0,0.0
2024-08-12 00:00:00-04:00,840.3439486662558,843.1577395462544,821.9558270669442,824.7302856445312,510300,0.0,0.0
2024-08-13 00:00:00-04:00,830.8398729765643,842.3804499215686,830.0725028239499,840.78662109375,385800,0.0,0.0
2024-08-14 00:00:00-04:00,842.20332675981,845.7353070097372,837.6284101131889,843.6692504882812,325100,0.0,0.0
2024-08-15 00:00:00-04:00,850.5562949780016,861.6836134926887,849.0903710610626,857.9744873046875,520800,0.0,0.0
2024-08-16 00:00:00-04:00,858.1613470449132,860.7390237878386,854.668698943558,858.3974609375,395200,0.0,0.0
2024-08-19 00:00:00-04:00,859.47970755841,862.8542986266249,852.3172660712776,856.154296875,456000,0.0,0.0
2024-08-20 00:00:00-04:00,855.4066090167529,857.9055611828837,845.8435757519969,847.0635375976562,348700,0.0,0.0
2024-08-21 00:00:00-04:00,847.9588753908758,850.9497515391511,839.970034846088,849.1493530273438,453700,0.0,0.0
2024-08-22 00:00:00-04:00,849.1493503475018,854.7080552142061,845.1056896509511,851.2645874023438,327400,0.0,0.0
2024-08-23 00:00:00-04:00,855.455764619065,870.3708726328194,853.0256890855073,868.580322265625,416300,0.0,0.0
2024-08-26 00:00:00-04:00,868.5016212583246,874.640822825271,864.585925654257,868.87548828125,413800,0.0,0.0
2024-08-27 00:00:00-04:00,869.2296747620288,873.6569905927353,864.5072165524714,871.8171997070312,300400,0.0,0.0
2024-08-28 00:00:00-04:00,872.12222171741,880.9768536990882,869.4363358987488,874.3063354492188,441200,0.0,0.0
2024-08-29 00:00:00-04:00,874.3062982001871,884.1447777606701,870.4890233760883,880.416015625,417900,0.0,0.0
2024-08-30 00:00:00-04:00,883.7807325661856,888.8672695833542,875.5853225712722,887.243896484375,478200,0.0,0.0
2024-09-03 00:00:00-04:00,884.5482187160125,885.4631901399058,866.7799264358443,872.1123657226562,433500,0.0,0.0
2024-09-04 00:00:00-04:00,866.1109095799211,876.313408334851,864.9794603824992,872.17138671875,356600,0.0,0.0
2024-09-05 00:00:00-04:00,875.3295203880626,875.3295203880626,859.0370009751055,862.48046875,426000,0.0,0.0
2024-09-06 00:00:00-04:00,863.9562242885162,870.4692926954301,847.2012654375163,852.9174194335938,748900,0.0,0.0
2024-09-09 00:00:00-04:00,864.4174562211302,874.8782764467906,861.923468234844,868.8709716796875,394800,5.1,0.0
2024-09-10 00:00:00-04:00,877.0653998895449,877.0653998895449,860.3400115784701,874.7001342773438,269900,0.0,0.0
2024-09-11 00:00:00-04:00,869.3657589182553,869.4152303396958,845.3365411713744,868.0593872070312,431900,0.0,0.0
2024-09-12 00:00:00-04:00,871.7311435964256,877.3128371329152,865.3477592789577,875.976806640625,479000,0.0,0.0
2024-09-13 00:00:00-04:00,878.9655830110191,882.9242632574393,873.5619627289756,876.5804443359375,406900,0.0,0.0
2024-09-16 00:00:00-04:00,879.1635517589256,886.6454552012698,877.4414750674374,885.932861328125,380900,0.0,0.0
2024-09-17 00:00:00-04:00,888.0804137038973,899.4913386123208,885.9427529294239,895.1763916015625,416900,0.0,0.0
2024-09-18 00:00:00-04:00,902.3910994842965,920.8880362338642,896.3937010411848,913.1785278320312,656300,0.0,0.0
2024-09-19 00:00:00-04:00,928.5579191723397,932.9916216418256,916.1573245215806,925.2128295898438,625500,0.0,0.0
2024-09-20 00:00:00-04:00,921.0562633480662,922.1646890376743,915.0786776359172,919.1956787109375,970100,0.0,0.0
2024-09-23 00:00:00-04:00,920.3634060083733,929.7554253044545,919.1956026250814,927.9244995117188,396500,0.0,0.0
2024-09-24 00:00:00-04:00,924.3518458331669,932.4275270302724,920.3931655512262,931.5071411132812,366500,0.0,0.0
2024-09-25 00:00:00-04:00,932.9817548025278,933.1005707851838,924.9555448994108,927.1229248046875,476800,0.0,0.0
2024-09-26 00:00:00-04:00,935.2381828752801,942.9081256448923,929.7059008027588,935.2579956054688,459400,0.0,0.0
2024-09-27 00:00:00-04:00,935.7033083936396,940.5329030453122,932.3681251745707,935.446044921875,472500,0.0,0.0
2024-09-30 00:00:00-04:00,934.5355508576845,941.4434891855798,926.3014884310963,939.70166015625,362200,0.0,0.0
2024-10-01 00:00:00-04:00,935.5549643680347,935.5549643680347,909.4672745220026,924.3717041015625,543800,0.0,0.0
2024-10-02 00:00:00-04:00,930.1611633999645,947.3913523958289,923.3621351471704,947.3616333007812,368200,0.0,0.0
2024-10-03 00:00:00-04:00,943.7197245691023,948.7274528592526,939.681853647523,941.6611938476562,511100,0.0,0.0
2024-10-04 00:00:00-04:00,950.8156261110022,950.8156261110022,921.4125665968135,939.3849487304688,491700,0.0,0.0
2024-10-07 00:00:00-04:00,942.1659208702968,946.9361379283054,928.2709746233104,930.9529418945312,561400,0.0,0.0
2024-10-08 00:00:00-04:00,941.7205367441366,945.491177269491,932.5463363316233,939.2661743164062,389000,0.0,0.0
2024-10-09 00:00:00-04:00,940.1865801699716,953.0028198437486,938.1874272700111,946.04541015625,573200,0.0,0.0
2024-10-10 00:00:00-04:00,945.1349401365718,953.3789089360964,943.7691905739485,945.7188720703125,564400,0.0,0.0
2024-10-11 00:00:00-04:00,953.2601371661392,985.9983798409402,953.2007593776714,980.0307006835938,927500,0.0,0.0
2024-10-14 00:00:00-04:00,988.8486401384287,991.1051169224129,978.9717520373789,981.4755859375,768400,0.0,0.0
2024-10-15 00:00:00-04:00,987.6907475309552,1005.9501727300714,985.8301629336937,996.5977783203125,618800,0.0,0.0
2024-10-16 00:00:00-04:00,993.7772364707129,1008.6915114423691,993.7772364707129,1005.2573852539062,547100,0.0,0.0
2024-10-17 00:00:00-04:00,1013.0262399873309,1021.339492577151,991.2931243275244,992.1442260742188,684700,0.0,0.0
2024-10-18 00:00:00-04:00,999.0521033764911,999.0521033764911,988.0667899764085,996.6175537109375,505400,0.0,0.0
2024-10-21 00:00:00-04:00,994.6184374078096,998.1614732324798,986.9089291759709,990.1946411132812,311200,0.0,0.0
2024-10-22 00:00:00-04:00,986.8099492334293,993.5001288441388,980.5552268874603,990.4717407226562,504400,0.0,0.0
2024-10-23 00:00:00-04:00,986.7505743824617,998.2208775736359,972.5191133208682,977.952392578125,441400,0.0,0.0
2024-10-24 00:00:00-04:00,980.802644011909,981.782468160675,973.0733228694436,973.8353881835938,353600,0.0,0.0
2024-10-25 00:00:00-04:00,977.1507217199816,977.1507217199816,958.9408286325283,964.0079345703125,433500,0.0,0.0
2024-10-28 00:00:00-04:00,971.856030871702,979.2290851420393,968.8969269597624,976.0324096679688,329400,0.0,0.0
2024-10-29 00:00:00-04:00,974.8250291760306,979.5457747889453,969.0156706365632,973.013916015625,269500,0.0,0.0
2024-10-30 00:00:00-04:00,975.3396457771681,987.6907086561203,968.8474126735309,969.7479858398438,427900,0.0,0.0
2024-10-31 00:00:00-04:00,960.1382879027752,975.8839725327513,959.5246972921515,970.8960571289062,607800,0.0,0.0
2024-11-01 00:00:00-04:00,973.8353752220244,981.7230168990429,970.1042996277062,974.9042358398438,792000,0.0,0.0
2024-11-04 00:00:00-05:00,969.0255659779198,981.7626149351556,965.9674588862771,981.2578735351562,512500,0.0,0.0
2024-11-05 00:00:00-05:00,981.7527239424975,1007.177350832558,981.7527239424975,1003.871826171875,424800,0.0,0.0
2024-11-06 00:00:00-05:00,1035.4522460626401,1046.5860346615318,989.670097679251,1019.1820068359375,1266900,0.0,0.0
2024-11-07 00:00:00-05:00,1029.2470018714068,1034.1557269286266,1021.7354396080984,1025.357666015625,528700,0.0,0.0
2024-11-08 00:00:00-05:00,1030.2267022731978,1039.5889422231778,1025.9612872077241,1028.5443115234375,454500,0.0,0.0
2024-11-11 00:00:00-05:00,1037.9956007792618,1057.3040732260797,1036.6793830968566,1042.953857421875,681500,0.0,0.0
2024-11-12 00:00:00-05:00,1043.3102416378729,1046.1604965509614,1022.9131539948798,1025.6446533203125,489900,0.0,0.0
2024-11-13 00:00:00-05:00,1027.6437547883984,1032.869242001577,1015.5797340479343,1020.330078125,408800,0.0,0.0
2024-11-14 00:00:00-05:00,1029.9595998201362,1047.9518565945002,1026.4858478726567,1036.2637939453125,1048700,0.0,0.0
2024-11-15 00:00:00-05:00,1027.7625058156314,1041.6377001271044,1024.318473152452,1036.55078125,583400,0.0,0.0
2024-11-18 00:00:00-05:00,1027.8515442633097,1042.3403292400549,1026.6838011811606,1039.1239013671875,563200,0.0,0.0
2024-11-19 00:00:00-05:00,1031.2362168805419,1033.5224127394586,1016.9750372907337,1017.4896850585938,673500,0.0,0.0
2024-11-20 00:00:00-05:00,1021.6858645376562,1025.9909051463062,1007.4841233071288,1014.0852661132812,593700,0.0,0.0
2024-11-21 00:00:00-05:00,1024.0413197960836,1028.6928417360273,1014.0159568844603,1017.380859375,473100,0.0,0.0
2024-11-22 00:00:00-05:00,1022.3291981325407,1031.1767907067938,1017.8756827486138,1025.75341796875,713000,0.0,0.0
2024-11-25 00:00:00-05:00,1038.00552950228,1038.1639105411787,1019.9242378700338,1020.8347778320312,1463700,0.0,0.0
2024-11-26 00:00:00-05:00,1021.3890558858196,1027.5941858166786,1007.6820890149147,1015.8765258789062,772700,0.0,0.0
2024-11-27 00:00:00-05:00,1018.9148936457611,1023.3188772405176,1007.5237207939098,1008.919189453125,481900,0.0,0.0
2024-11-29 00:00:00-05:00,1010.2750306526308,1018.6871660307,1010.2750306526308,1012.2345581054688,390000,0.0,0.0
2024-12-02 00:00:00-05:00,1015.945864770002,1022.9724981472401,1002.4071249751677,1009.5723266601562,719600,0.0,0.0
2024-12-03 00:00:00-05:00,1020.4388877638294,1035.4819454477886,1010.4531504949546,1028.2672119140625,941700,0.0,0.0
2024-12-04 00:00:00-05:00,1027.2776041666666,1028.6433537907071,1002.0212028927273,1024.30859375,1029500,0.0,0.0
2024-12-05 00:00:00-05:00,1024.408001413276,1051.8680887074934,1022.9460113646115,1039.1077880859375,880500,5.1,0.0
2024-12-06 00:00:00-05:00,1038.7497633114988,1047.5118696417649,1032.7126500751738,1037.2081298828125,550300,0.0,0.0
2024-12-09 00:00:00-05:00,1044.2695721942007,1050.087787641241,1037.5860849258834,1040.6990966796875,742600,0.0,0.0
2024-12-10 00:00:00-05:00,1044.1601157917107,1059.0687228033403,1040.2316095808417,1051.3309326171875,645000,0.0,0.0
2024-12-11 00:00:00-05:00,1055.3789354190444,1076.573177282974,1054.5236190495937,1059.4765625,1139700,0.0,0.0
2024-12-12 00:00:00-05:00,1062.3905347618552,1068.218826544393,1045.5126972618582,1053.0714111328125,687100,0.0,0.0
2024-12-13 00:00:00-05:00,1051.1221643399888,1055.677255257906,1046.6167291214617,1050.803955078125,537300,0.0,0.0
2024-12-16 00:00:00-05:00,1053.6284652752645,1066.1600336246083,1050.764096389051,1058.869873046875,897800,0.0,0.0
2024-12-17 00:00:00-05:00,1050.2866896636347,1053.9964193719525,1032.6330577279402,1043.5235595703125,990400,0.0,0.0
2024-12-18 00:00:00-05:00,1043.523591932143,1055.239665613721,1013.4279291801843,1014.7606201171875,864900,0.0,0.0
2024-12-19 00:00:00-05:00,1034.8708657770019,1035.22889670908,1009.4396822141337,1010.8121948242188,796300,0.0,0.0
2024-12-20 00:00:00-05:00,1002.1693977084929,1031.1412517677416,996.540092636834,1023.1050415039062,2079800,0.0,0.0
2024-12-23 00:00:00-05:00,1020.3203370977809,1035.7063195104417,1017.8040436275306,1034.0552978515625,488100,0.0,0.0
2024-12-24 00:00:00-05:00,1035.9848178854056,1049.1031494140625,1031.0418297883994,1049.1031494140625,276600,0.0,0.0
2024-12-26 00:00:00-05:00,1039.3265060042875,1051.748685822776,1039.3265060042875,1048.55615234375,292100,0.0,0.0
2024-12-27 00:00:00-05:00,1042.3101933463745,1049.7097417868652,1034.6122251043034,1038.510986328125,337100,0.0,0.0
2024-12-30 00:00:00-05:00,1027.202785816823,1030.4251856831652,1015.9342202982333,1021.8519897460938,591700,0.0,0.0
2024-12-31 00:00:00-05:00,1025.213621235902,1028.5155429904898,1014.0047277906168,1019.5444946289062,619400,0.0,0.0
2025-01-02 00:00:00-05:00,1024.4079721966693,1026.4965466934195,1006.5056969543973,1011.8764038085938,604500,0.0,0.0
2025-01-03 00:00:00-05:00,1016.6204717104822,1018.4405533683474,1004.5165614277646,1015.2877807617188,469000,0.0,0.0
2025-01-06 00:00:00-05:00,1020.0816432216635,1023.8212394279225,1005.9984856237857,1007.24169921875,616200,0.0,0.0
2025-01-07 00:00:00-05:00,1005.5111150995235,1006.505685935428,972.9389202236487,975.435302734375,970500,0.0,0.0
2025-01-08 00:00:00-05:00,974.9181063268593,984.9135310854293,970.7508520968987,980.7462768554688,778500,0.0,0.0
2025-01-10 00:00:00-05:00,974.4705712901383,976.7183111699276,943.0122898019764,950.4517211914062,908200,0.0,0.0
2025-01-13 00:00:00-05:00,941.1126837618276,952.0529633088607,938.2185092458702,949.8251342773438,794100,0.0,0.0
2025-01-14 00:00:00-05:00,959.0845766661698,964.3358792282235,952.8386425427482,957.9407958984375,1058100,0.0,0.0
2025-01-15 00:00:00-05:00,1014.2335086942395,1019.8826029867571,985.6196866603321,1007.6792602539062,1140100,0.0,0.0
2025-01-16 00:00:00-05:00,1011.0210599079538,1011.0210599079538,976.8476190601369,990.3140869140625,883800,0.0,0.0
2025-01-17 00:00:00-05:00,995.466011965285,1007.3113243637343,991.5971166969154,999.5039672851562,1085800,0.0,0.0
2025-01-21 00:00:00-05:00,1008.5147292550923,1021.3744620578626,998.2706011756362,1006.59521484375,671600,0.0,0.0
2025-01-22 00:00:00-05:00,1006.9830837824481,1008.3158354430257,992.8303598856736,1000.87646484375,570300,0.0,0.0
2025-01-23 00:00:00-05:00,998.5093902729518,1012.2841725102334,995.3963786004874,1012.20458984375,645300,0.0,0.0
2025-01-24 00:00:00-05:00,1007.6395404810527,1020.42970723282,1007.6395404810527,1014.9098510742188,731300,0.0,0.0
2025-01-27 00:00:00-05:00,1004.5165816707494,1025.3130926180743,999.2354127635823,1024.3482666015625,662500,0.0,0.0
2025-01-28 00:00:00-05:00,1024.089735778707,1049.9882773850254,1021.474009664727,1045.4927978515625,1083000,0.0,0.0
2025-01-29 00:00:00-05:00,1041.4251237051976,1061.0380327751743,1039.634968924288,1046.895263671875,808600,0.0,0.0
2025-01-30 00:00:00-05:00,1063.3951642283757,1072.3960794915226,1053.5787542415708,1065.70263671875,532100,0.0,0.0
2025-01-31 00:00:00-05:00,1068.258631768849,1078.333639915546,1062.9576125399615,1069.6610107421875,958100,0.0,0.0
2025-02-03 00:00:00-05:00,1048.755067783866,1050.8039420443017,1001.1648761077962,1008.2462158203125,1502200,0.0,0.0
2025-02-04 00:00:00-05:00,1006.0481859012611,1013.9649918004626,998.5491434699994,1010.1458129882812,931100,0.0,0.0
2025-02-05 00:00:00-05:00,1014.4622661351806,1021.9713246093089,1000.4487361609606,1008.9921264648438,710200,0.0,0.0
2025-02-06 00:00:00-05:00,1014.8103456135317,1018.2416271972626,999.5437073009476,1001.1549072265625,688500,0.0,0.0
2025-02-07 00:00:00-05:00,1003.2833090565107,1010.3944542733881,985.7689308050798,986.654052734375,731700,0.0,0.0
2025-02-10 00:00:00-05:00,989.5979863693207,990.9307380053535,971.486829509138,980.1992797851562,683700,0.0,0.0
2025-02-11 00:00:00-05:00,974.6794070090618,984.0880688525326,968.3141294572844,982.8348999023438,884900,0.0,0.0
2025-02-12 00:00:00-05:00,969.7463194805271,975.564595253803,960.6360773944323,968.423583984375,562900,0.0,0.0
2025-02-13 00:00:00-05:00,973.7246142309727,976.668565773429,965.0022692347687,974.977783203125,480500,0.0,0.0
2025-02-14 00:00:00-05:00,969.7065998274707,973.3368077903914,963.1225455136631,968.6324462890625,965200,0.0,0.0
2025-02-18 00:00:00-05:00,963.8783968182927,972.5609808116141,953.8630611919566,972.551025390625,1048500,0.0,0.0
2025-02-19 00:00:00-05:00,965.7283027215947,984.326789899318,961.6306756446196,980.9850463867188,760300,0.0,0.0
2025-02-20 00:00:00-05:00,981.144115065501,985.9379537079033,968.7318906427473,984.0084838867188,769700,0.0,0.0
2025-02-21 00:00:00-05:00,987.1016150209737,987.8177376002612,965.7382525488594,968.9307861328125,1254000,0.0,0.0
2025-02-24 00:00:00-05:00,970.0546352831744,976.9470645581306,942.9625355719404,947.6270751953125,1141500,0.0,0.0
2025-02-25 00:00:00-05:00,952.7491660672648,960.8747929843747,940.7247776779996,952.808837890625,1004000,0.0,0.0
2025-02-26 00:00:00-05:00,951.3070169022399,961.8593990393767,947.1099570580112,948.5918579101562,614300,0.0,0.0
2025-02-27 00:00:00-05:00,953.8928838157118,964.7237750076829,938.3776027418763,939.7600708007812,675200,0.0,0.0
2025-02-28 00:00:00-05:00,938.0593093962241,975.1567892635558,936.8956785206444,972.4714965820312,1412300,0.0,0.0
2025-03-03 00:00:00-05:00,974.5203071782385,985.4108091858445,953.6343197825004,961.2228393554688,767000,0.0,0.0
2025-03-04 00:00:00-05:00,947.1894712573898,959.3431584964209,928.2727751463051,946.62255859375,1040000,0.0,0.0
2025-03-05 00:00:00-05:00,958.7663121549696,964.3955565311919,942.7039684322689,962.8838500976562,837800,0.0,0.0
2025-03-06 00:00:00-05:00,952.4308955387298,963.749116758311,943.5791906216106,954.4299926757812,698000,0.0,0.0
2025-03-07 00:00:00-05:00,953.030029296875,953.030029296875,918.989990234375,946.9199829101562,1180800,5.21,0.0
2025-03-10 00:00:00-04:00,918.0999755859375,931.780029296875,901.530029296875,915.260009765625,1069500,0.0,0.0
2025-03-11 00:00:00-04:00,912.1300048828125,922.969970703125,904.9500122070312,910.3699951171875,963100,0.0,0.0
2025-03-12 00:00:00-04:00,920.0,923.530029296875,903.5399780273438,910.0599975585938,630200,0.0,0.0
2025-03-13 00:00:00-04:00,913.02001953125,913.5,898.260009765625,900.4600219726562,656600,0.0,0.0
2025-03-14 00:00:00-04:00,915.02001953125,929.0999755859375,907.9199829101562,928.7000122070312,623600,0.0,0.0
2025-03-17 00:00:00-04:00,937.1300048828125,960.9400024414062,933.3699951171875,958.0,922300,0.0,0.0
2025-03-18 00:00:00-04:00,957.6300048828125,964.5700073242188,956.010009765625,958.6199951171875,1086200,0.0,0.0
2025-03-19 00:00:00-04:00,959.6799926757812,966.0,951.0,957.22998046875,1086700,0.0,0.0
2025-03-20 00:00:00-04:00,952.6900024414062,961.6300048828125,949.52001953125,954.1699829101562,667900,0.0,0.0
2025-03-21 00:00:00-04:00,948.0,956.3400268554688,938.1699829101562,951.72998046875,5211600,0.0,0.0
2025-03-24 00:00:00-04:00,960.6500244140625,972.989990234375,957.0,963.5,640000,0.0,0.0
2025-03-25 00:00:00-04:00,970.47998046875,977.280029296875,961.8599853515625,973.47998046875,566700,0.0,0.0
2025-03-26 00:00:00-04:00,975.0,980.2000122070312,964.0,968.239990234375,667600,0.0,0.0
2025-03-27 00:00:00-04:00,965.510009765625,976.7999877929688,957.5,967.9400024414062,479100,0.0,0.0
2025-03-28 00:00:00-04:00,966.239990234375,967.6500244140625,945.77001953125,946.7000122070312,568800,0.0,0.0
2025-03-31 00:00:00-04:00,933.5999755859375,949.3699951171875,920.4500122070312,946.47998046875,1195500,0.0,0.0
2025-04-01 00:00:00-04:00,945.9099731445312,957.3800048828125,931.4099731445312,944.0800170898438,668600,0.0,0.0
2025-04-02 00:00:00-04:00,934.030029296875,965.9600219726562,934.030029296875,961.8400268554688,490300,0.0,0.0
2025-04-03 00:00:00-04:00,918.5599975585938,928.2100219726562,887.1599731445312,887.6500244140625,903000,0.0,0.0
2025-04-04 00:00:00-04:00,852.8800048828125,860.52001953125,811.1599731445312,822.6199951171875,1615100,0.0,0.0
2025-04-07 00:00:00-04:00,789.6300048828125,846.219970703125,773.739990234375,817.5,1654100,0.0,0.0
2025-04-08 00:00:00-04:00,849.2999877929688,856.7999877929688,805.0,815.719970703125,1812200,0.0,0.0
2025-04-09 00:00:00-04:00,800.5399780273438,904.9099731445312,799.1500244140625,897.0800170898438,1821500,0.0,0.0
2025-04-10 00:00:00-04:00,879.489990234375,880.4099731445312,833.0999755859375,858.780029296875,1235600,0.0,0.0
2025-04-11 00:00:00-04:00,848.1699829101562,888.5499877929688,840.5,878.780029296875,963000,0.0,0.0
2025-04-14 00:00:00-04:00,897.27001953125,900.0,879.5900268554688,889.9500122070312,970300,0.0,0.0
2025-04-15 00:00:00-04:00,888.9000244140625,900.75,886.22998046875,888.4400024414062,516200,0.0,0.0
2025-04-16 00:00:00-04:00,881.239990234375,886.9000244140625,855.219970703125,865.780029296875,591500,0.0,0.0
2025-04-17 00:00:00-04:00,871.0499877929688,890.1300048828125,866.1699829101562,875.780029296875,1034300,0.0,0.0
2025-04-21 00:00:00-04:00,867.0,870.0,845.8200073242188,854.0,644400,0.0,0.0
2025-04-22 00:00:00-04:00,869.9199829101562,888.469970703125,864.510009765625,887.219970703125,600700,0.0,0.0
2025-04-23 00:00:00-04:00,909.1699829101562,929.0,888.760009765625,892.5399780273438,553100,0.0,0.0
2025-04-24 00:00:00-04:00,895.5,916.7100219726562,892.9099731445312,916.260009765625,619700,0.0,0.0
