Date,Open,High,Low,Close,Volume,Dividends,Stock Splits
2020-04-27 00:00:00-04:00,287.9907739153242,288.21158134163346,282.96784714313435,284.0625915527344,2287300,0.0,0.0
2020-04-28 00:00:00-04:00,285.9485062081673,286.3532871053888,279.9228352433562,280.5392150878906,2425900,0.0,0.0
2020-04-29 00:00:00-04:00,280.53916182278033,283.9705622242601,277.0157326011339,282.5078430175781,3667700,0.0,0.0
2020-04-30 00:00:00-04:00,282.2866341240071,283.90022752451534,278.9856954343408,279.3821716308594,3794300,0.7,0.0
2020-05-01 00:00:00-04:00,278.2572210633693,281.06027074572245,276.78193027587645,278.3863220214844,2525400,0.0,0.0
2020-05-04 00:00:00-04:00,279.38216149330776,281.7149553135566,276.6805519655212,280.7560119628906,2477500,0.0,0.0
2020-05-05 00:00:00-04:00,281.28161376122534,285.65213796304687,279.78789172459454,283.918701171875,2460900,0.0,0.0
2020-05-06 00:00:00-04:00,285.7628243017649,286.7955196877514,282.6462790655165,284.8131103515625,2406700,0.0,0.0
2020-05-07 00:00:00-04:00,285.2279652812869,285.71665240616585,280.7928911463953,281.22625732421875,2601800,0.0,0.0
2020-05-08 00:00:00-04:00,282.0561275634952,283.2363547821222,280.0276269802368,282.093017578125,2337400,0.0,0.0
2020-05-11 00:00:00-04:00,281.81634360274603,287.5238268214713,281.22621606894677,286.1407470703125,1865900,0.0,0.0
2020-05-12 00:00:00-04:00,286.61102424503235,287.2656741631335,281.0326134277583,281.0787048339844,2264900,0.0,0.0
2020-05-13 00:00:00-04:00,281.0787299550302,282.5171308793514,276.72663717048994,278.5892028808594,2954900,0.0,0.0
2020-05-14 00:00:00-04:00,277.5472462909739,279.2714812948433,271.5815608850181,276.376220703125,3718900,0.0,0.0
2020-05-15 00:00:00-04:00,275.75843939959105,276.45918065175647,272.7986285595209,275.88751220703125,4577200,0.0,0.0
2020-05-18 00:00:00-04:00,278.20194528350777,279.5573648695948,276.54226046491937,279.160888671875,3987300,0.0,0.0
2020-05-19 00:00:00-04:00,280.87590229750674,284.93293163106426,279.5204826735107,280.8851318359375,3523000,0.0,0.0
2020-05-20 00:00:00-04:00,282.8582856908501,283.9186695155854,279.5665767374118,281.1432800292969,2827000,0.0,0.0
2020-05-21 00:00:00-04:00,281.0326311222582,281.2631444455655,277.7685545853528,278.43243408203125,2492100,0.0,0.0
2020-05-22 00:00:00-04:00,278.46941218763004,280.24896885321317,277.3813675718984,278.8566589355469,2366400,0.0,0.0
2020-05-26 00:00:00-04:00,282.15754437247915,282.97815719192937,279.87084201769323,281.0418395996094,3234600,0.0,0.0
2020-05-27 00:00:00-04:00,280.82051286078377,282.4341059178031,276.1272655744557,282.1575012207031,2980200,0.0,0.0
2020-05-28 00:00:00-04:00,283.30087578332166,286.75857565048995,282.9781515012859,285.4308166503906,4301900,0.0,0.0
2020-05-29 00:00:00-04:00,280.48865390248216,284.80385703603747,278.7828494946463,284.4258117675781,4971800,0.0,0.0
2020-06-01 00:00:00-04:00,283.900151399815,285.59672577219993,282.5723926494567,284.259765625,2293700,0.0,0.0
2020-06-02 00:00:00-04:00,283.946270111855,284.93284556666464,280.9680283984837,283.1532897949219,2528900,0.0,0.0
2020-06-03 00:00:00-04:00,283.5313861592081,284.17683471656727,282.07455434474497,282.7384338378906,2165900,0.0,0.0
2020-06-04 00:00:00-04:00,286.6202566064894,290.7694962056667,284.99743389216275,286.5280456542969,4553900,0.0,0.0
2020-06-05 00:00:00-04:00,288.72253342686946,289.18356004348976,283.3377459214036,287.7174987792969,4375600,0.0,0.0
2020-06-08 00:00:00-04:00,286.4451012476919,287.0259993688419,282.5724658659157,283.2455749511719,3764500,0.0,0.0
2020-06-09 00:00:00-04:00,283.5313523557414,284.5456164797393,281.38298083117166,281.73333740234375,3155800,0.0,0.0
2020-06-10 00:00:00-04:00,282.5909109799703,284.57331998554815,281.8255909684204,283.3746337890625,2713700,0.0,0.0
2020-06-11 00:00:00-04:00,283.0610761383335,285.0988337778964,277.2060613821998,277.3812255859375,3443000,0.0,0.0
2020-06-12 00:00:00-04:00,279.0779423994939,281.36461704747626,273.1583466083601,275.4173889160156,4020000,0.0,0.0
2020-06-15 00:00:00-04:00,273.89587565916565,274.83638787657696,270.9360929405081,274.0157470703125,3266800,0.0,0.0
2020-06-16 00:00:00-04:00,277.8607632011613,279.14240263575755,275.89678520091803,277.8699645996094,2633800,0.0,0.0
2020-06-17 00:00:00-04:00,277.5564767151004,278.4600990871515,275.60172820385435,276.2563781738281,2188400,0.0,0.0
2020-06-18 00:00:00-04:00,276.6160196652306,277.3628806672198,274.57828953257103,276.21954345703125,1881800,0.0,0.0
2020-06-19 00:00:00-04:00,276.7819164402747,278.3678490332574,275.3619748049756,276.52374267578125,3438000,0.0,0.0
2020-06-22 00:00:00-04:00,276.3394048003329,277.980658664802,275.0024161652859,277.03094482421875,2094400,0.0,0.0
2020-06-23 00:00:00-04:00,278.2111867102604,281.1340802746191,277.2891332963464,277.80548095703125,2409600,0.0,0.0
2020-06-24 00:00:00-04:00,277.3259294908441,277.79618562499223,273.48098342321146,274.790283203125,2398100,0.0,0.0
2020-06-25 00:00:00-04:00,273.90511907233673,277.67631325244304,272.37450739635403,277.1046447753906,2274300,0.0,0.0
2020-06-26 00:00:00-04:00,276.9940331201852,278.5707363723042,272.88168331237654,273.4441223144531,2866000,0.0,0.0
2020-06-29 00:00:00-04:00,274.2555159596303,278.11892125820424,273.69304885513355,278.08203125,1841700,0.0,0.0
2020-06-30 00:00:00-04:00,277.547274755764,280.87587368513033,276.7450928814329,279.5757751464844,2391700,0.0,0.0
2020-07-01 00:00:00-04:00,278.921138021768,281.761049955084,277.30754466131145,280.9957580566406,1906100,0.0,0.0
2020-07-02 00:00:00-04:00,282.148342743935,284.84075107539024,280.8574736009785,281.9085998535156,2540500,0.0,0.0
2020-07-06 00:00:00-04:00,283.559034677076,287.27490814679663,283.2916313558632,287.2103576660156,2332400,0.0,0.0
2020-07-07 00:00:00-04:00,285.8549313000707,293.25901758721113,285.5783265875076,291.5809020996094,3346600,0.0,0.0
2020-07-08 00:00:00-04:00,292.4199697833015,293.25901344583775,289.53393872138,291.66387939453125,2364500,0.0,0.0
2020-07-09 00:00:00-04:00,295.05703929627896,303.3370875915103,294.761975503663,300.16522216796875,5313600,0.0,0.0
2020-07-10 00:00:00-04:00,300.58943124377623,301.8803004741106,297.9246832086228,300.801513671875,2484100,0.0,0.0
2020-07-13 00:00:00-04:00,300.865967061413,303.45693446728046,296.44012267513983,297.74945068359375,2583200,0.0,0.0
2020-07-14 00:00:00-04:00,296.27419250339796,303.04206079176186,295.47201058210055,302.4335021972656,1844800,0.0,0.0
2020-07-15 00:00:00-04:00,302.5257017918933,303.650607974808,300.23899941416215,301.2348327636719,1770700,0.0,0.0
2020-07-16 00:00:00-04:00,301.16110325214294,302.3413305814469,298.80064859353496,300.83837890625,1402000,0.0,0.0
2020-07-17 00:00:00-04:00,301.78802845499564,302.2490550967777,299.28004239814794,299.47369384765625,1768100,0.0,0.0
2020-07-20 00:00:00-04:00,299.5658791408802,301.91710355701315,297.5096903646998,301.0596008300781,1863300,0.0,0.0
2020-07-21 00:00:00-04:00,301.5113847311913,305.6513944345428,301.0503581490335,302.1936950683594,1874200,0.0,0.0
2020-07-22 00:00:00-04:00,303.95489121667975,303.96412075491116,299.6765781638806,302.7101135253906,1312600,0.0,0.0
2020-07-23 00:00:00-04:00,302.5256704432833,304.627950682495,299.97156498688776,300.6907653808594,1561700,0.0,0.0
2020-07-24 00:00:00-04:00,300.7921802471944,303.12497359524104,299.3630091177142,300.386474609375,1423400,0.0,0.0
2020-07-27 00:00:00-04:00,300.29428169200474,303.35550509245775,299.8332550885208,302.06463623046875,2083300,0.0,0.0
2020-07-28 00:00:00-04:00,302.40586408349185,304.2776314178725,300.4234548399005,302.03704833984375,1374000,0.0,0.0
2020-07-29 00:00:00-04:00,301.5298586053268,302.4703709757178,300.0269353700781,300.7184753417969,1341300,0.0,0.0
2020-07-30 00:00:00-04:00,298.17730578436345,301.6516916443361,297.53971841752053,300.1455078125,1390300,0.7,0.0
2020-07-31 00:00:00-04:00,300.14560809763447,301.5224137588376,298.0480267379972,300.8016662597656,2149900,0.0,0.0
2020-08-03 00:00:00-04:00,300.82013557567143,304.83047965805065,299.6650897038567,304.30377197265625,2480200,0.0,0.0
2020-08-04 00:00:00-04:00,304.5254301081316,314.0060524832276,303.93406148282486,313.97833251953125,3933300,0.0,0.0
2020-08-05 00:00:00-04:00,315.89109812478534,316.69503355139045,311.9454724993632,314.1446838378906,2923700,0.0,0.0
2020-08-06 00:00:00-04:00,316.3993298513416,318.9034607795247,315.66008375859127,317.23095703125,2104300,0.0,0.0
2020-08-07 00:00:00-04:00,317.0738866183382,318.54310121600156,313.83050959745856,315.0132751464844,1759000,0.0,0.0
2020-08-10 00:00:00-04:00,314.8284823654822,315.16115018430656,312.86028001889696,314.17242431640625,1503800,0.0,0.0
2020-08-11 00:00:00-04:00,314.9578284879102,314.9578284879102,306.5952817259189,307.17742919921875,2065600,0.0,0.0
2020-08-12 00:00:00-04:00,308.3971690588233,313.15595119618956,307.8612403188117,311.17852783203125,1853900,0.0,0.0
2020-08-13 00:00:00-04:00,311.39105295061415,313.6734242470705,309.6723585861526,310.1990661621094,1536500,0.0,0.0
2020-08-14 00:00:00-04:00,310.965994470808,313.026605966246,310.10664731505994,310.7349853515625,1522900,0.0,0.0
2020-08-17 00:00:00-04:00,312.0009755977773,314.5143564650274,311.7329970679893,314.135498046875,1504700,0.0,0.0
2020-08-18 00:00:00-04:00,315.0965792907133,316.75983441191414,311.2248624681126,314.8655700683594,1489400,0.0,0.0
2020-08-19 00:00:00-04:00,315.20737854709523,315.96509537037207,314.12627145476966,315.00408935546875,1730100,0.0,0.0
2020-08-20 00:00:00-04:00,314.3017897595724,315.70631509278184,313.00811609550277,314.976318359375,1717500,0.0,0.0
2020-08-21 00:00:00-04:00,314.23711484529406,319.56879556189625,313.5533086259538,318.4322204589844,2372600,0.0,0.0
2020-08-24 00:00:00-04:00,318.8942768891674,319.81831354537803,316.1221669205354,317.9887390136719,1461500,0.0,0.0
2020-08-25 00:00:00-04:00,317.99794828946017,318.709446273219,315.52150893169744,318.5246276855469,1176200,0.0,0.0
2020-08-26 00:00:00-04:00,316.95380556062105,318.6355307536875,315.7340704716512,318.1180725097656,1757000,0.0,0.0
2020-08-27 00:00:00-04:00,319.35628892774076,321.3244914786046,316.52873907137194,320.04931640625,2220700,0.0,0.0
2020-08-28 00:00:00-04:00,321.0749584969222,322.5441731238109,319.2546054939175,321.9065856933594,1487300,0.0,0.0
2020-08-31 00:00:00-04:00,320.5020819692791,322.25774576872107,318.13655066488957,321.25054931640625,1586900,0.0,0.0
2020-09-01 00:00:00-04:00,319.44859822350395,324.7895271911872,319.1713985986256,324.6878967285156,1773700,0.0,0.0
2020-09-02 00:00:00-04:00,326.7484795816558,332.57917488274256,324.623207260339,331.59967041015625,2434900,0.0,0.0
2020-09-03 00:00:00-04:00,335.48998864217435,336.0444162643765,319.2731287394022,321.8419494628906,3630400,0.0,0.0
2020-09-04 00:00:00-04:00,327.09049241349913,327.09049241349913,314.5420593408975,320.2433776855469,2557000,0.0,0.0
2020-09-08 00:00:00-04:00,317.7206998586895,318.7186750486011,312.490649998635,313.1189880371094,2144300,0.0,0.0
2020-09-09 00:00:00-04:00,315.00400197371164,323.13553918372975,314.53276258698673,320.1139221191406,2100900,0.0,0.0
2020-09-10 00:00:00-04:00,319.9660948613105,321.5646880889226,313.02660022207925,313.73809814453125,1959600,0.0,0.0
2020-09-11 00:00:00-04:00,314.4311667018752,317.18480586543734,310.5687005605618,313.3685302734375,1599600,0.0,0.0
2020-09-14 00:00:00-04:00,315.0872846495019,318.6448318027393,314.6067956877795,316.8706970214844,1522300,0.0,0.0
2020-09-15 00:00:00-04:00,318.8110061516357,321.34288488510794,316.7134538229409,317.78533935546875,1362500,0.0,0.0
2020-09-16 00:00:00-04:00,320.8901793620918,322.26701306921836,317.17556238843787,317.6191101074219,1656500,0.0,0.0
2020-09-17 00:00:00-04:00,313.7842902951715,316.8428769369306,310.81814113911423,313.1374816894531,2681500,0.0,0.0
2020-09-18 00:00:00-04:00,314.3572345470439,315.2997416431669,306.04090588917876,310.4393005371094,3409300,0.0,0.0
2020-09-21 00:00:00-04:00,308.6005053514734,313.82130651719115,308.36024681096103,313.7751159667969,2427400,0.0,0.0
2020-09-22 00:00:00-04:00,314.8192261456336,318.70016227103645,313.7935310343582,318.28436279296875,2128100,0.0,0.0
2020-09-23 00:00:00-04:00,321.56471270812756,321.79572184082014,317.9240065209433,318.4507141113281,3577100,0.0,0.0
2020-09-24 00:00:00-04:00,318.7926736001666,320.94566678516674,312.61086558657956,320.6407470703125,5779300,0.0,0.0
2020-09-25 00:00:00-04:00,314.85620314402365,317.6560327458389,309.88488202279717,316.5564270019531,7338500,0.0,0.0
2020-09-28 00:00:00-04:00,317.64677499843026,323.2002148160844,317.0369075653361,323.0616149902344,3459200,0.0,0.0
2020-09-29 00:00:00-04:00,322.44254956580795,327.37690111653944,320.73307639239545,325.3902282714844,2526000,0.0,0.0
2020-09-30 00:00:00-04:00,325.77833796604733,330.5278995750918,324.4939417694105,328.0329895019531,2525800,0.0,0.0
2020-10-01 00:00:00-04:00,329.19726957092286,332.36670816229963,327.86665468602945,331.2301330566406,2053000,0.0,0.0
2020-10-02 00:00:00-04:00,327.78350721288024,330.657247450086,326.0463139250832,328.042236328125,2125000,0.0,0.0
2020-10-05 00:00:00-04:00,328.3378242416189,331.71057948274836,328.3378242416189,331.3409423828125,2093500,0.0,0.0
2020-10-06 00:00:00-04:00,334.40882805555367,335.42527391942355,329.91802387430783,331.1285095214844,2760400,0.0,0.0
2020-10-07 00:00:00-04:00,333.0875043584143,337.03313084435035,332.3390369008874,335.44378662109375,1959100,0.0,0.0
2020-10-08 00:00:00-04:00,337.08855834115116,338.1696936284105,334.27025784089614,337.3565368652344,1793100,0.0,0.0
2020-10-09 00:00:00-04:00,338.19734249427887,341.66247920016286,337.92014283755003,341.3945007324219,1730700,0.0,0.0
2020-10-12 00:00:00-04:00,342.8176163784582,351.74381430204716,342.60507778526716,347.88134765625,2806900,0.0,0.0
2020-10-13 00:00:00-04:00,349.6739643956824,353.24998174889066,347.88133102389224,351.76226806640625,1823300,0.0,0.0
2020-10-14 00:00:00-04:00,353.8043586955206,354.70989644269474,348.0845703481637,349.5999755859375,1904400,0.0,0.0
2020-10-15 00:00:00-04:00,347.8627224429,349.61838589840113,344.72100443842135,347.9736022949219,1697800,0.0,0.0
2020-10-16 00:00:00-04:00,351.5958485008722,355.63388303746143,350.32067376313813,352.5568542480469,2459400,0.0,0.0
2020-10-19 00:00:00-04:00,353.0096138634734,353.98909016128,346.2456608564922,347.0310974121094,1938100,0.0,0.0
2020-10-20 00:00:00-04:00,348.9993979423955,353.05590409490947,347.5486536617006,349.5722961425781,1282300,0.0,0.0
2020-10-21 00:00:00-04:00,349.8032543028429,352.3166347044856,348.380230200608,349.1194763183594,1466500,0.0,0.0
2020-10-22 00:00:00-04:00,348.68531275188633,349.637069584228,343.76942991716163,347.20684814453125,1813200,0.0,0.0
2020-10-23 00:00:00-04:00,347.0773923618573,347.91826909677434,345.18312851024194,346.1441345214844,1108000,0.0,0.0
2020-10-26 00:00:00-04:00,338.82569460672573,344.3237230217869,338.30823642640894,342.549560546875,2145000,0.0,0.0
2020-10-27 00:00:00-04:00,340.7569353565218,346.4305330921774,340.7569353565218,344.4068908691406,1525400,0.0,0.0
2020-10-28 00:00:00-04:00,339.4263206713869,344.1204419595606,336.9684083567458,337.2363586425781,1908300,0.0,0.0
2020-10-29 00:00:00-04:00,336.2827893846284,341.70803553768013,335.6162034431174,337.7918395996094,1838500,0.7,0.0
2020-10-30 00:00:00-04:00,334.3386610968585,336.85687214001683,329.3948259080549,331.08905029296875,2724100,0.0,0.0
2020-11-02 00:00:00-05:00,335.34778607950534,338.5325831612402,333.9498002417431,337.3568115234375,1646300,0.0,0.0
2020-11-03 00:00:00-05:00,341.56910897622646,346.99435417030065,340.59701759956096,344.36505126953125,2013100,0.0,0.0
2020-11-04 00:00:00-05:00,346.2722983803533,353.3270116785002,346.2537923060529,348.2628173828125,2449800,0.0,0.0
2020-11-05 00:00:00-05:00,354.1047118808344,357.9005198495513,351.3457809526684,356.65069580078125,2255800,0.0,0.0
2020-11-06 00:00:00-05:00,353.54919780359876,358.1041783965914,352.6326526880615,357.04876708984375,1950200,0.0,0.0
2020-11-09 00:00:00-05:00,359.44658106973725,360.60384630177117,337.6992618704904,337.92144775390625,4371300,0.0,0.0
2020-11-10 00:00:00-05:00,336.8845785480458,343.9763040365547,333.8386482215569,339.4212951660156,2662600,0.0,0.0
2020-11-11 00:00:00-05:00,342.25425543839333,346.90185087497133,340.8470310322701,345.25390625,1688800,0.0,0.0
2020-11-12 00:00:00-05:00,348.9849404699489,350.17921793513403,345.7908768920172,347.8369140625,1535900,0.0,0.0
2020-11-13 00:00:00-05:00,348.5868194845848,351.65125578310506,347.1703278670016,350.7347106933594,1274600,0.0,0.0
2020-11-16 00:00:00-05:00,348.94791389459067,352.9937090845723,348.94791389459067,351.6142578125,1691500,0.0,0.0
2020-11-17 00:00:00-05:00,358.58562339739757,359.65956904558243,353.46588255736117,353.58624267578125,3299100,0.0,0.0
2020-11-18 00:00:00-05:00,354.48423889165025,359.2614048736882,353.4102933732436,353.8731994628906,2134600,0.0,0.0
2020-11-19 00:00:00-05:00,355.1507839127093,356.16918292444075,352.0956151310595,355.08599853515625,1768900,0.0,0.0
2020-11-20 00:00:00-05:00,355.4656764432227,356.9006743382333,352.7437857716431,352.8456115722656,1807600,0.0,0.0
2020-11-23 00:00:00-05:00,354.58615161826475,354.6416981023594,352.1234872270432,353.391845703125,1679600,0.0,0.0
2020-11-24 00:00:00-05:00,355.2248968200739,357.4098001213626,352.4659662031555,355.715576171875,2061100,0.0,0.0
2020-11-25 00:00:00-05:00,357.1691498590128,359.52996001996195,356.9562028499523,358.9837341308594,2034200,0.0,0.0
2020-11-27 00:00:00-05:00,361.492673472899,361.6871144042237,358.98372997644964,359.5762634277344,1329400,0.0,0.0
2020-11-30 00:00:00-05:00,362.68687723071724,363.98300847374975,356.65059272542754,362.70538330078125,3733800,0.0,0.0
2020-12-01 00:00:00-05:00,365.2991698298981,368.690901200051,362.14495417484926,368.20635986328125,2996800,10.0,0.0
2020-12-02 00:00:00-05:00,366.22068481238114,367.5602767523257,362.515445932542,364.34906005859375,2212800,0.0,0.0
2020-12-03 00:00:00-05:00,359.1237621023964,359.81731842987324,354.6394642306853,355.3710021972656,3976400,0.0,0.0
2020-12-04 00:00:00-05:00,356.47300123801773,356.5680133023929,353.3188152534862,354.7818908691406,2839700,0.0,0.0
2020-12-07 00:00:00-05:00,355.58007327003844,357.6987242257328,354.04097582868417,354.68701171875,2652900,0.0,0.0
2020-12-08 00:00:00-05:00,355.27602023531165,360.56784836225046,352.2358074675446,358.7437438964844,2685500,0.0,0.0
2020-12-09 00:00:00-05:00,360.9098463795459,361.9739120331585,354.1833857935292,355.5989990234375,2461600,0.0,0.0
2020-12-10 00:00:00-05:00,355.5989832387606,356.2735196510883,353.0053015779999,354.17388916015625,2566300,0.0,0.0
2020-12-11 00:00:00-05:00,360.8053687120799,360.8053687120799,353.9364326605938,356.36859130859375,3483900,0.0,0.0
2020-12-14 00:00:00-05:00,357.7556391854599,359.29473625467676,354.57292306423426,355.68450927734375,2778400,0.0,0.0
2020-12-15 00:00:00-05:00,355.7984858397061,356.929062787097,350.8581481371435,353.309326171875,2133900,0.0,0.0
2020-12-16 00:00:00-05:00,352.62538146881144,354.22148032730126,350.43073828998257,350.99127197265625,2385100,0.0,0.0
2020-12-17 00:00:00-05:00,351.77029688030854,352.44483341773645,349.62314545904235,351.7987976074219,2314200,0.0,0.0
2020-12-18 00:00:00-05:00,352.5682669437087,352.8152635252707,347.6564301226024,348.6730041503906,4140000,0.0,0.0
2020-12-21 00:00:00-05:00,346.8584181782544,347.8369816855979,343.7422134078542,346.7444152832031,2329700,0.0,0.0
2020-12-22 00:00:00-05:00,345.9179312406803,346.54497627660714,342.6021917782661,343.9512939453125,2105500,0.0,0.0
2020-12-23 00:00:00-05:00,344.35027014808514,344.9678051634272,341.54757331757406,343.8182373046875,1782100,0.0,0.0
2020-12-24 00:00:00-05:00,343.36221836675355,347.09595841171074,343.36221836675355,346.3739013671875,972500,0.0,0.0
2020-12-28 00:00:00-05:00,347.24789693042806,353.1287870255649,346.848857862129,352.5302429199219,3207700,0.0,0.0
2020-12-29 00:00:00-05:00,353.6609216608237,354.62049448714305,351.7703057296347,354.1074523925781,2072600,0.0,0.0
2020-12-30 00:00:00-05:00,355.51349139341596,357.0905700384725,354.63942090930885,355.7510070800781,1778000,0.0,0.0
2020-12-31 00:00:00-05:00,356.2640097416275,358.21165571186447,353.86035222215514,357.9646301269531,1628900,0.0,0.0
2021-01-04 00:00:00-05:00,358.58220975848593,362.4964640095633,356.09304976349694,361.1663818359375,3322200,0.0,0.0
2021-01-05 00:00:00-05:00,359.940753591972,361.2233440819713,356.5110410381597,356.9765625,2748400,0.0,0.0
2021-01-06 00:00:00-05:00,355.15243079998515,357.03353631235854,351.1906567474691,351.54217529296875,2661400,0.0,0.0
2021-01-07 00:00:00-05:00,352.4828097218521,353.0908348389243,348.47354353455233,349.547119140625,2849500,0.0,0.0
2021-01-08 00:00:00-05:00,349.7370958726948,351.7702440803364,346.0983682871715,351.4662170410156,2599700,0.0,0.0
2021-01-11 00:00:00-05:00,350.1740700756367,352.47323438867596,345.68977331935713,345.8323059082031,2562500,0.0,0.0
2021-01-12 00:00:00-05:00,345.8228237624167,346.83939781271283,342.2600886275017,346.0128479003906,2387600,0.0,0.0
2021-01-13 00:00:00-05:00,346.174431709397,350.3262021530053,344.87285010967037,348.6256103515625,1968800,0.0,0.0
2021-01-14 00:00:00-05:00,347.7229723202581,348.1980037032093,343.5046913201625,344.2552490234375,2363900,0.0,0.0
2021-01-15 00:00:00-05:00,343.02969312408356,346.6874409254043,342.7826675030934,344.07476806640625,2340400,0.0,0.0
2021-01-19 00:00:00-05:00,344.26474886909597,344.8253114461887,334.8401419494403,336.7687683105469,4533800,0.0,0.0
2021-01-20 00:00:00-05:00,336.6927817591616,343.8277339289818,335.76170974386037,343.2576904296875,2767200,0.0,0.0
2021-01-21 00:00:00-05:00,343.25767558559113,345.81334681878747,341.96560410377504,344.6827697753906,2121600,0.0,0.0
2021-01-22 00:00:00-05:00,345.06278225670053,346.4213649514349,341.88006643124754,344.20770263671875,1960300,0.0,0.0
2021-01-25 00:00:00-05:00,342.83960281878853,343.8846775595086,339.00137048903383,343.8086853027344,2735900,0.0,0.0
2021-01-26 00:00:00-05:00,342.2126376701667,347.6279783212333,340.95854779549677,346.7539367675781,1807000,0.0,0.0
2021-01-27 00:00:00-05:00,344.8632246329904,347.53289830261906,337.1297299048934,338.59283447265625,3120800,0.0,0.0
2021-01-28 00:00:00-05:00,339.02995657624433,343.5522363301111,338.28890866325133,339.2294616699219,2251100,0.0,0.0
2021-01-29 00:00:00-05:00,337.03468795228025,338.49779239028334,334.308013086189,334.8305358886719,2598700,0.0,0.0
2021-02-01 00:00:00-05:00,333.6715368407586,335.17265225156626,331.77141130356455,333.0159912109375,2371200,0.0,0.0
2021-02-02 00:00:00-05:00,334.194085516977,339.83746062717506,333.2060121290112,337.82330322265625,1905000,0.0,0.0
2021-02-03 00:00:00-05:00,338.44088437744546,339.67595442983674,335.57167614267763,337.4718017578125,1759800,0.0,0.0
2021-02-04 00:00:00-05:00,339.56605937679706,341.15580985294406,336.84352852829477,338.7474060058594,3411600,0.7,0.0
2021-02-05 00:00:00-05:00,339.41374872477917,339.6993477794843,337.08151622444547,338.10009765625,2165600,0.0,0.0
2021-02-08 00:00:00-05:00,339.43277153175023,342.7359998105405,338.4808328813883,342.53607177734375,2520700,0.0,0.0
2021-02-09 00:00:00-05:00,342.73602429508037,344.2876890541568,341.0796311705342,342.2790832519531,2154000,0.0,0.0
2021-02-10 00:00:00-05:00,343.64989082501666,343.64989082501666,338.05248629308016,339.0044250488281,2162400,0.0,0.0
2021-02-11 00:00:00-05:00,338.63313882795927,339.3661211137096,334.5017286657218,335.2727966308594,2088400,0.0,0.0
2021-02-12 00:00:00-05:00,335.0729039882955,336.01534308477295,333.2737548965921,335.79638671875,2096600,0.0,0.0
2021-02-16 00:00:00-05:00,336.1104707884744,338.2808896517644,335.12047555319185,336.98626708984375,1829000,0.0,0.0
2021-02-17 00:00:00-05:00,336.13904317376165,340.9558794755257,334.9967342228629,340.8321228027344,2143000,0.0,0.0
2021-02-18 00:00:00-05:00,335.348981469401,340.98447164810875,335.348981469401,339.7659912109375,1914900,0.0,0.0
2021-02-19 00:00:00-05:00,339.54706517848024,340.7274600369013,337.5384591313724,337.7193298339844,1839400,0.0,0.0
2021-02-22 00:00:00-05:00,335.7963502122445,336.31040520435846,332.05523838548845,333.37841796875,2215600,0.0,0.0
2021-02-23 00:00:00-05:00,332.98816677142423,334.13050490426366,325.5916130613423,325.7058410644531,3692600,0.0,0.0
2021-02-24 00:00:00-05:00,325.3631407164983,326.039009068208,321.65058554750027,324.3255310058594,3305800,0.0,0.0
2021-02-25 00:00:00-05:00,324.4682798578459,326.51494205178847,317.3287403086086,317.852294921875,3618100,0.0,0.0
2021-02-26 00:00:00-05:00,319.3849580958936,319.7466994450059,315.0345913251282,315.0917053222656,3362200,0.0,0.0
2021-03-01 00:00:00-05:00,319.09934780474697,319.85138747501594,315.4343781797566,315.8246765136719,4653200,0.0,0.0
2021-03-02 00:00:00-05:00,317.6524477905977,318.60438655252204,312.6357409735681,312.6737976074219,4660100,0.0,0.0
2021-03-03 00:00:00-05:00,312.3977291326577,312.63571380245554,308.1996760713196,308.35198974609375,4064200,0.0,0.0
2021-03-04 00:00:00-05:00,307.8283939882896,309.9512276180729,299.89875788350724,303.7065124511719,5501200,0.0,0.0
2021-03-05 00:00:00-05:00,300.1748663090766,303.12588256920276,292.24522843077983,302.0692443847656,8102800,0.0,0.0
2021-03-08 00:00:00-05:00,303.58277026084886,306.83838430301614,295.9767894454001,296.4527587890625,4873500,0.0,0.0
2021-03-09 00:00:00-05:00,298.680323156904,304.88695359090246,297.68076999986187,303.45904541015625,5426800,0.0,0.0
2021-03-10 00:00:00-05:00,305.70563827502093,311.65525573801614,302.0692251094303,308.2663269042969,4523500,0.0,0.0
2021-03-11 00:00:00-05:00,314.5300968477018,315.3297219394973,311.01744041357443,312.85467529296875,4338900,0.0,0.0
2021-03-12 00:00:00-05:00,312.33107398249814,315.69141622384166,309.95122737953926,315.2249755859375,3182100,0.0,0.0
2021-03-15 00:00:00-04:00,317.5667618076879,317.64290412266917,311.5885878268436,314.6252746582031,3243000,0.0,0.0
2021-03-16 00:00:00-04:00,313.8256773372658,314.1683613612417,310.941303932002,311.52197265625,3066700,0.0,0.0
2021-03-17 00:00:00-04:00,310.33202650103857,314.6157507932308,308.54237703749544,313.36871337890625,2672400,0.0,0.0
2021-03-18 00:00:00-04:00,310.7890619633635,312.36928422396716,306.88610616798087,307.457275390625,2736900,0.0,0.0
2021-03-19 00:00:00-04:00,308.05688012495375,313.4258285353966,306.8955427569481,313.1021728515625,4859300,0.0,0.0
2021-03-22 00:00:00-04:00,312.66428203498106,320.0132500644262,312.41676867322184,318.4139709472656,4064900,0.0,0.0
2021-03-23 00:00:00-04:00,317.8428313255718,326.0485383963397,317.7571312765073,323.9828186035156,3641200,0.0,0.0
2021-03-24 00:00:00-04:00,325.7724931573095,326.0485635400432,320.6415291461105,321.79339599609375,3006400,0.0,0.0
2021-03-25 00:00:00-04:00,321.57442175995186,331.06525211033994,321.0603667087879,329.6944580078125,4307100,0.0,0.0
2021-03-26 00:00:00-04:00,329.57067907652436,335.52029576889976,327.5621024255925,335.1014404296875,3061200,0.0,0.0
2021-03-29 00:00:00-04:00,334.55892479695785,340.5751563284163,334.14006937344976,339.03302001953125,3012000,0.0,0.0
2021-03-30 00:00:00-04:00,336.58646410261633,337.7192734505361,332.07428407699956,332.9405517578125,2602400,0.0,0.0
2021-03-31 00:00:00-04:00,333.8068018876708,340.2704732887421,332.44553662547884,335.5393371582031,2832200,0.0,0.0
2021-04-01 00:00:00-04:00,335.59651721015706,340.14678357346094,334.73024940437557,337.88116455078125,2938600,0.0,0.0
2021-04-05 00:00:00-04:00,340.31813276271106,345.23966931119975,339.68984964689116,343.47857666015625,2705700,0.0,0.0
2021-04-06 00:00:00-04:00,342.50759792752234,345.36341457189036,341.7460584427052,342.8122253417969,2142000,0.0,0.0
2021-04-07 00:00:00-04:00,343.52611592049357,344.0877562704957,340.4227864450564,341.56512451171875,1808400,0.0,0.0
2021-04-08 00:00:00-04:00,345.3633337455868,348.4285773885427,342.3171474683562,343.8592834472656,2839200,0.0,0.0
2021-04-09 00:00:00-04:00,343.56427527328714,346.2296925992252,342.3172376260586,345.75372314453125,1610800,0.0,0.0
2021-04-12 00:00:00-04:00,345.4014131130968,347.6955887246662,343.97350515118853,347.2767333984375,1836600,0.0,0.0
2021-04-13 00:00:00-04:00,347.7812578915571,349.64704948441994,346.7626765785332,347.6575012207031,1796400,0.0,0.0
2021-04-14 00:00:00-04:00,347.3148568083155,347.3148568083155,345.12538026502216,345.7156066894531,1509400,0.0,0.0
2021-04-15 00:00:00-04:00,347.3434284391733,351.7889662956173,346.7627306740062,351.07501220703125,1850100,0.0,0.0
2021-04-16 00:00:00-04:00,351.93177339554865,354.8827603293303,350.8655775749469,352.9027404785156,2249200,0.0,0.0
2021-04-19 00:00:00-04:00,353.16923254915554,353.67375886219133,350.5038159993179,351.7889099121094,1560000,0.0,0.0
2021-04-20 00:00:00-04:00,351.2653935698571,357.3197099861583,351.0083805694587,353.86419677734375,2330700,0.0,0.0
2021-04-21 00:00:00-04:00,353.74999046406737,356.5772500774172,353.61673412836967,356.1108093261719,1531800,0.0,0.0
2021-04-22 00:00:00-04:00,356.34873704034464,357.3958754427574,352.2458834802737,353.4167785644531,2138000,0.0,0.0
2021-04-23 00:00:00-04:00,353.4167246636924,356.8341806619641,352.60757106474085,355.3396301269531,1404500,0.0,0.0
2021-04-26 00:00:00-04:00,355.92987604393335,355.92987604393335,350.5133424875832,350.8084411621094,2059700,0.0,0.0
2021-04-27 00:00:00-04:00,350.47530219571297,353.1311903902702,347.73371394893695,352.417236328125,1875900,0.0,0.0
2021-04-28 00:00:00-04:00,351.7889101700519,352.6932634916572,350.4847588911086,351.8269958496094,1305600,0.0,0.0
2021-04-29 00:00:00-04:00,351.57904815269984,357.46507590647286,351.5694990568376,356.34893798828125,1848300,0.79,0.0
2021-04-30 00:00:00-04:00,355.74784491108113,356.94031709410626,354.24054376840684,354.965576171875,2118900,0.0,0.0
2021-05-03 00:00:00-04:00,356.63501527700834,362.14900514740333,355.7287539415444,361.8628234863281,2685800,0.0,0.0
2021-05-04 00:00:00-04:00,361.58617794191775,361.7769851332089,356.54917669058506,358.018310546875,2133800,0.0,0.0
2021-05-05 00:00:00-04:00,359.02954021449506,360.1456779040921,354.9274183281866,355.3567199707031,1905300,0.0,0.0
2021-05-06 00:00:00-04:00,356.014927482209,365.3162097251505,356.014927482209,365.1445007324219,2641400,0.0,0.0
2021-05-07 00:00:00-04:00,365.2112743607089,368.6646981301701,364.6102928576615,366.6327209472656,1817100,0.0,0.0
2021-05-10 00:00:00-04:00,367.74892393656927,370.03849414086005,363.7326852102516,363.9234924316406,1998700,0.0,0.0
2021-05-11 00:00:00-04:00,361.8533291983115,363.38924864694303,358.6956649028155,360.77532958984375,1859700,0.0,0.0
2021-05-12 00:00:00-04:00,358.69572237368044,359.59246400866243,354.0307560525656,355.07061767578125,2344600,0.0,0.0
2021-05-13 00:00:00-04:00,355.91961239647554,363.8853337104824,354.4695764643863,362.063232421875,2023100,0.0,0.0
2021-05-14 00:00:00-04:00,364.55314192273283,368.06377373511424,362.607018784373,366.72821044921875,1876100,0.0,0.0
2021-05-17 00:00:00-04:00,367.3196189643119,369.2370945386265,365.27809250524945,366.289306640625,1830800,0.0,0.0
2021-05-18 00:00:00-04:00,368.66472330470367,371.5266566336684,364.9060485369494,365.1922302246094,1698200,0.0,0.0
2021-05-19 00:00:00-04:00,359.7927013636903,364.1619357471304,358.8196545427191,362.18719482421875,1725000,0.0,0.0
2021-05-20 00:00:00-04:00,361.72932203903093,366.82356037519685,360.8707477779862,365.92681884765625,1427300,0.0,0.0
2021-05-21 00:00:00-04:00,367.3291980423129,367.61540889520205,362.92182457092775,363.198486328125,1706600,0.0,0.0
2021-05-24 00:00:00-04:00,366.65178991647906,368.0064510757265,364.31456199261015,365.8027648925781,1657000,0.0,0.0
2021-05-25 00:00:00-04:00,365.96491087493956,367.98733888701395,364.4480898658838,367.6439208984375,1379700,0.0,0.0
2021-05-26 00:00:00-04:00,368.101839630292,369.90487154712616,367.3005018160625,367.8728942871094,1648000,0.0,0.0
2021-05-27 00:00:00-04:00,367.4055198656936,369.92400642799277,365.850531202747,369.66644287109375,4452000,0.0,0.0
2021-05-28 00:00:00-04:00,366.4705077314328,367.57712529690934,359.6781915343795,360.8611145019531,4681200,0.0,0.0
2021-06-01 00:00:00-04:00,362.44477333318,362.7023659678393,358.2186587273469,360.8230285644531,2117800,0.0,0.0
2021-06-02 00:00:00-04:00,360.96614944174934,364.34323923762025,360.32697146203964,363.0744323730469,1881000,0.0,0.0
2021-06-03 00:00:00-04:00,362.1681833329736,366.5087711255768,361.4240526236296,366.2034912109375,1780300,0.0,0.0
2021-06-04 00:00:00-04:00,366.5086918993857,369.91439924771834,366.0507721264127,369.6854248046875,1765900,0.0,0.0
2021-06-07 00:00:00-04:00,367.7298015832498,368.6647102516562,361.14736098230907,362.89312744140625,2515800,0.0,0.0
2021-06-08 00:00:00-04:00,362.90268838210585,363.6658589558195,360.3078676731517,362.2253723144531,1553800,0.0,0.0
2021-06-09 00:00:00-04:00,362.7119441918841,364.20969654390285,361.6816608270823,362.47344970703125,1398900,0.0,0.0
2021-06-10 00:00:00-04:00,362.76913759913566,365.71692558942266,362.0250360589962,365.383056640625,1404000,0.0,0.0
2021-06-11 00:00:00-04:00,366.19392863431534,366.19392863431534,363.01719515926806,364.2573547363281,1404200,0.0,0.0
2021-06-14 00:00:00-04:00,363.26516537810227,366.3083564766872,361.63384259977926,366.0984802246094,1652600,0.0,0.0
2021-06-15 00:00:00-04:00,366.09854732937805,366.8044816189046,363.99978442390244,366.24163818359375,1252000,0.0,0.0
2021-06-16 00:00:00-04:00,366.70910142340944,368.65522450426937,359.7641434288513,361.9487609863281,1801700,0.0,0.0
2021-06-17 00:00:00-04:00,362.87409030624303,368.6838117761222,361.7579234394646,367.04296875,1686500,0.0,0.0
2021-06-18 00:00:00-04:00,367.0429328707836,367.1955728016756,362.7977203125522,363.3510437011719,3415700,0.0,0.0
2021-06-21 00:00:00-04:00,364.6580390664461,369.80951371723165,363.0458141447961,368.9986267089844,1631600,0.0,0.0
2021-06-22 00:00:00-04:00,369.20845283492935,374.43626130791534,368.76963122811907,374.1309814453125,1934800,0.0,0.0
2021-06-23 00:00:00-04:00,374.91332118713433,375.33307379944495,372.61423091478173,373.93072509765625,1538000,0.0,0.0
2021-06-24 00:00:00-04:00,375.3139377919546,377.29819869467246,373.76846938781733,374.02606201171875,1487300,0.0,0.0
2021-06-25 00:00:00-04:00,374.88468672154323,376.39195895435523,373.2438436119395,376.35382080078125,2056100,0.0,0.0
2021-06-28 00:00:00-04:00,376.8212407541645,379.129879899685,375.0373068800814,378.2903747558594,1645500,0.0,0.0
2021-06-29 00:00:00-04:00,378.0614343364917,381.05693895014826,377.26964548043276,380.4368591308594,1523600,0.0,0.0
2021-06-30 00:00:00-04:00,379.65455605270034,382.0395006144021,376.82124074887497,377.4604187011719,2031700,0.0,0.0
2021-07-01 00:00:00-04:00,378.0614246650103,379.38746790114595,375.7528144836832,376.3728942871094,1523400,0.0,0.0
2021-07-02 00:00:00-04:00,377.9755252190084,382.3256615340394,377.88012161910774,380.57989501953125,1676600,0.0,0.0
2021-07-06 00:00:00-04:00,381.4385098720052,382.9267130272771,378.83413979373216,380.50360107421875,2113100,0.0,0.0
2021-07-07 00:00:00-04:00,380.8279755447851,387.4294860705728,380.8279755447851,386.0557556152344,2308600,0.0,0.0
2021-07-08 00:00:00-04:00,384.9300655001753,389.83352566199665,384.6057165221975,388.4120788574219,2235500,0.0,0.0
2021-07-09 00:00:00-04:00,389.74761305374665,394.9468036357339,388.831802530315,393.3918151855469,2304200,0.0,0.0
2021-07-12 00:00:00-04:00,394.98496605943524,395.28069684059807,385.91262810421864,389.10845947265625,2491300,0.0,0.0
2021-07-13 00:00:00-04:00,386.07482875043473,390.4535833752547,386.07482875043473,388.3262023925781,1540300,0.0,0.0
2021-07-14 00:00:00-04:00,389.77621694326626,391.57924886809366,388.5169884370892,391.08319091796875,1265800,0.0,0.0
2021-07-15 00:00:00-04:00,391.569731994666,393.229673215958,389.10848200274694,392.8671569824219,1894100,0.0,0.0
2021-07-16 00:00:00-04:00,393.1533173131043,394.3935058926804,390.91146371160534,391.4838562011719,1413900,0.0,0.0
2021-07-19 00:00:00-04:00,391.1881692461362,396.2061022380946,391.17862015109466,395.0899353027344,2293100,0.0,0.0
2021-07-20 00:00:00-04:00,394.9468087633489,398.82950539219826,393.8497401171802,397.0837097167969,2045400,0.0,0.0
2021-07-21 00:00:00-04:00,397.91366946149736,397.91366946149736,393.2487331198782,395.91033935546875,1480000,0.0,0.0
2021-07-22 00:00:00-04:00,396.85484036596824,399.33518894087507,394.5175826656893,398.323974609375,1339200,0.0,0.0
2021-07-23 00:00:00-04:00,399.0394396337461,404.4770964097093,397.85648719432527,403.94287109375,1344500,0.0,0.0
2021-07-26 00:00:00-04:00,403.9142046043802,404.9635860327373,401.0045838882514,403.7520446777344,1220000,0.0,0.0
2021-07-27 00:00:00-04:00,404.48659463912145,405.0208198878993,402.1970536996317,404.8109436035156,1666500,0.0,0.0
2021-07-28 00:00:00-04:00,403.7901782415447,405.306999469944,401.1858374456352,402.78851318359375,1362700,0.0,0.0
2021-07-29 00:00:00-04:00,403.0274369337205,407.0129943539208,401.76581869748924,406.46820068359375,1434200,0.79,0.0
2021-07-30 00:00:00-04:00,407.1372060136242,412.41302376631313,407.0989672071637,410.7117614746094,2283900,0.0,0.0
2021-08-02 00:00:00-04:00,411.5719588054297,411.6579742470974,406.65933663053295,409.9471740722656,1366900,0.0,0.0
2021-08-03 00:00:00-04:00,410.90297520555174,417.47862148327016,410.138344823724,415.8251647949219,1448100,0.0,0.0
2021-08-04 00:00:00-04:00,416.7140055295572,418.61597067068357,413.7415870594015,415.7964782714844,1280500,0.0,0.0
2021-08-05 00:00:00-04:00,418.3866283925922,423.8822837055731,417.41175742873685,423.58599853515625,1742600,0.0,0.0
2021-08-06 00:00:00-04:00,423.14635253935637,423.844043152397,419.4857518989791,420.1834716796875,1789800,0.0,0.0
2021-08-09 00:00:00-04:00,421.15838956624935,423.19417633270575,419.87766629946714,420.9863586425781,1472500,0.0,0.0
2021-08-10 00:00:00-04:00,421.16785314089424,424.1689432427873,421.16785314089424,423.4330139160156,1893700,0.0,0.0
2021-08-11 00:00:00-04:00,425.79381212985504,428.1832274616724,422.25746577169826,424.6468811035156,2267500,0.0,0.0
2021-08-12 00:00:00-04:00,423.40437916570846,426.8738147498523,422.6875545960148,425.65997314453125,1230700,0.0,0.0
2021-08-13 00:00:00-04:00,426.0614592365625,428.5273232205912,424.87631847173765,428.01123046875,1309300,0.0,0.0
2021-08-16 00:00:00-04:00,428.09716173436715,433.1436051558074,427.275187789567,432.82818603515625,1515600,0.0,0.0
2021-08-17 00:00:00-04:00,432.82825622142883,433.7075739366326,429.8080607745023,432.3312683105469,1936700,0.0,0.0
2021-08-18 00:00:00-04:00,431.0123013909073,435.1029794084023,426.1761269317832,426.472412109375,2030100,0.0,0.0
2021-08-19 00:00:00-04:00,423.3565787136986,435.3514308381108,421.7891084089945,434.1662902832031,1953700,0.0,0.0
2021-08-20 00:00:00-04:00,435.34189140506106,440.2449761631951,433.5928522764381,438.68707275390625,1911200,0.0,0.0
2021-08-23 00:00:00-04:00,437.0431296741582,438.7539590646975,434.48168366924176,434.806640625,1835900,0.0,0.0
2021-08-24 00:00:00-04:00,435.11251503368453,435.2463362875521,430.38146119326984,431.8055725097656,1541700,0.0,0.0
2021-08-25 00:00:00-04:00,430.888025443897,432.79001984963963,427.5333062091827,431.2703552246094,1520600,0.0,0.0
2021-08-26 00:00:00-04:00,431.27038664542386,432.4650943780244,426.9407669891864,429.435302734375,1418600,0.0,0.0
2021-08-27 00:00:00-04:00,429.43527032130083,431.64308771109063,427.0362880416561,430.4197082519531,1310200,0.0,0.0
2021-08-30 00:00:00-04:00,431.0887397031521,436.3932297654799,430.51527422319793,435.7624206542969,1219800,0.0,0.0
2021-08-31 00:00:00-04:00,435.9631902835337,436.6704479083782,432.4268438239743,435.3419189453125,1699000,0.0,0.0
2021-09-01 00:00:00-04:00,435.33234873102083,436.4792505372551,431.8629131610211,436.3263244628906,1325400,0.0,0.0
2021-09-02 00:00:00-04:00,439.0981029247469,441.02874007138416,438.11366494471713,440.57952880859375,1455000,0.0,0.0
2021-09-03 00:00:00-04:00,438.69664160822987,443.09317151888274,438.69664160822987,442.089599609375,1302400,0.0,0.0
2021-09-07 00:00:00-04:00,442.0418269763568,442.7108749220905,437.3872506758865,439.2701110839844,1463400,0.0,0.0
2021-09-08 00:00:00-04:00,438.8017264614512,445.2244753267576,437.81728862078313,445.1002502441406,1372000,0.0,0.0
2021-09-09 00:00:00-04:00,446.6677481703429,448.9902529100761,444.6606334257211,445.3296813964844,1398700,0.0,0.0
2021-09-10 00:00:00-04:00,446.5052666963143,447.6808403449758,442.71087407075055,444.58416748046875,1324800,0.0,0.0
2021-09-13 00:00:00-04:00,446.4001480024717,447.527945090349,437.9320736803049,439.3274841308594,1679500,0.0,0.0
2021-09-14 00:00:00-04:00,440.5603748948793,441.7550824641054,437.18652188609144,438.1327209472656,1383900,0.0,0.0
2021-09-15 00:00:00-04:00,437.9702203850878,441.80285153519515,435.96313503728584,440.35009765625,1770300,0.0,0.0
2021-09-16 00:00:00-04:00,440.40742863753485,443.25559268470363,436.37409490200974,442.8159484863281,1577500,0.0,0.0
2021-09-17 00:00:00-04:00,441.20073446543313,442.3476654318339,436.8042046511183,439.18408203125,3411400,0.0,0.0
2021-09-20 00:00:00-04:00,436.43150354093575,440.56042032620155,426.8642750063318,431.1843566894531,2602000,0.0,0.0
2021-09-21 00:00:00-04:00,431.18435451405026,436.632204063428,430.24769318755307,432.1114196777344,1531300,0.0,0.0
2021-09-22 00:00:00-04:00,434.58678401394025,435.2080260405915,429.94174638446054,432.32159423828125,1380800,0.0,0.0
2021-09-23 00:00:00-04:00,432.29299179495786,435.3992315943202,431.14608998502393,432.75177001953125,2061200,0.0,0.0
2021-09-24 00:00:00-04:00,435.8102441433297,447.9866951294522,434.8735828491407,447.0596008300781,3353800,0.0,0.0
2021-09-27 00:00:00-04:00,444.9569163089036,449.6784033898228,437.0145019921606,440.1876525878906,2526000,0.0,0.0
2021-09-28 00:00:00-04:00,436.9188773467425,437.2629391016228,425.9562403079144,427.5619201660156,2632700,0.0,0.0
2021-09-29 00:00:00-04:00,429.97048877239064,435.82933960540396,429.0433944929269,431.8055725097656,1922000,0.0,0.0
2021-09-30 00:00:00-04:00,433.55462156364763,435.217645274483,429.4257049357111,429.4735107421875,1836400,0.0,0.0
2021-10-01 00:00:00-04:00,429.8366308192133,431.1268915164591,421.2634090884793,428.49853515625,1860700,0.0,0.0
2021-10-04 00:00:00-04:00,428.508162829897,429.47349590890707,416.87650591528154,420.6708984375,2264000,0.0,0.0
2021-10-05 00:00:00-04:00,420.1356321332066,429.244081525068,419.82024216694504,426.50103759765625,1808700,0.0,0.0
2021-10-06 00:00:00-04:00,424.293260363806,429.88449818003886,422.8118344969957,429.4639587402344,1334600,0.0,0.0
2021-10-07 00:00:00-04:00,436.2785937057192,439.26057955025476,432.07322830528005,432.83782958984375,1966200,0.0,0.0
2021-10-08 00:00:00-04:00,435.2941733335628,435.5904585309107,430.0948027183979,431.86297607421875,1545800,0.0,0.0
2021-10-11 00:00:00-04:00,430.1330319614286,433.62157278341385,429.65514885793283,429.8080749511719,1011700,0.0,0.0
2021-10-12 00:00:00-04:00,430.23809148112207,432.8186715426115,426.03272659781754,427.1031799316406,1380900,0.0,0.0
2021-10-13 00:00:00-04:00,428.699271119098,430.582131223727,424.4269961186284,425.6025695800781,1621500,0.0,0.0
2021-10-14 00:00:00-04:00,427.33253797695045,431.71952974584934,426.7495346959859,430.72552490234375,1480400,0.0,0.0
2021-10-15 00:00:00-04:00,433.8126774316539,433.86045406829896,429.31099822132245,432.3790283203125,1494800,0.0,0.0
2021-10-18 00:00:00-04:00,429.7219649317892,441.89844438991395,428.6610786039512,441.5161437988281,2141300,0.0,0.0
2021-10-19 00:00:00-04:00,442.51967684087,446.49566707027276,439.9486638579926,446.419189453125,1365300,0.0,0.0
2021-10-20 00:00:00-04:00,447.79555717552256,451.5995170469882,447.1456431776849,448.9902648925781,1352900,0.0,0.0
2021-10-21 00:00:00-04:00,448.9902636564891,456.52170575089974,448.3307826650765,456.12030029296875,1423300,0.0,0.0
2021-10-22 00:00:00-04:00,457.8023795306693,463.5752147477431,457.4009741160433,460.669677734375,1710300,0.0,0.0
2021-10-25 00:00:00-04:00,460.6697114451429,470.4376425406019,458.2898630955683,468.4209899902344,1903400,0.0,0.0
2021-10-26 00:00:00-04:00,460.80356237671583,466.65284685012995,459.94337863080256,464.05316162109375,2378600,0.0,0.0
2021-10-27 00:00:00-04:00,462.4474217194209,469.75902636749777,462.17024139042644,467.4747314453125,1741800,0.0,0.0
2021-10-28 00:00:00-04:00,466.17284179508243,470.8349485454209,465.71335053697163,469.5904541015625,1362400,0.79,0.0
2021-10-29 00:00:00-04:00,466.00049596109335,473.0750481201129,465.88562315559085,470.55731201171875,2471600,0.0,0.0
2021-11-01 00:00:00-04:00,473.055931670911,473.76436273555714,466.40262780809894,470.8732604980469,1548700,0.0,0.0
2021-11-02 00:00:00-04:00,473.62070540328654,478.16793909183446,471.686944962557,475.774658203125,2012200,0.0,0.0
2021-11-03 00:00:00-04:00,479.93898883514527,481.4898302284915,474.5876160948957,480.88671875,1856000,0.0,0.0
2021-11-04 00:00:00-04:00,485.366929927291,498.0034642688737,484.4096176048939,493.609375,2615000,0.0,0.0
2021-11-05 00:00:00-04:00,492.7956836770387,495.7920759252559,486.91777198509703,491.2160949707031,2071700,0.0,0.0
2021-11-08 00:00:00-05:00,491.49376512524503,491.49376512524503,478.8477049044758,482.3035888671875,2834800,0.0,0.0
2021-11-09 00:00:00-05:00,483.55760643949066,487.3677200852694,482.5428576922224,486.9943542480469,1881800,0.0,0.0
2021-11-10 00:00:00-05:00,486.56354748368085,488.57387989443663,482.26519549184684,483.9309387207031,1226600,0.0,0.0
2021-11-11 00:00:00-05:00,484.591544258503,490.6226006389517,482.52374598710054,490.3162536621094,1227300,0.0,0.0
2021-11-12 00:00:00-05:00,492.2978953893241,497.47692969786175,491.3214180563336,495.0932312011719,1780200,0.0,0.0
2021-11-15 00:00:00-05:00,496.3569132961815,500.7701095825897,495.89742202653616,497.6971740722656,1392300,0.0,0.0
2021-11-16 00:00:00-05:00,497.64927943280543,505.7481045464535,495.322958996216,504.23553466796875,1690700,0.0,0.0
2021-11-17 00:00:00-05:00,504.98225200588905,508.083934593627,502.11989749967046,503.8238830566406,1609400,0.0,0.0
2021-11-18 00:00:00-05:00,505.61412234565654,508.14144125909513,500.1861770665677,506.7724914550781,1664200,0.0,0.0
2021-11-19 00:00:00-05:00,511.28150324946574,512.430289995826,505.470609057295,511.00384521484375,1909800,0.0,0.0
2021-11-22 00:00:00-05:00,510.55384375607355,522.1373001423244,509.59653137936823,516.6136474609375,2190500,0.0,0.0
2021-11-23 00:00:00-05:00,514.995702312215,522.5201623296127,510.9845617778509,521.9840698242188,2147000,0.0,0.0
2021-11-24 00:00:00-05:00,522.2521645331482,527.3163843192864,520.1269591373868,526.2633056640625,2316400,0.0,0.0
2021-11-26 00:00:00-05:00,526.0909471749807,530.8775085330092,521.0746402205193,522.8169555664062,1844800,0.0,0.0
2021-11-29 00:00:00-05:00,522.8170584554483,536.8417093663687,519.2558257207876,531.1935424804688,2919100,0.0,0.0
2021-11-30 00:00:00-05:00,527.4791289143328,533.3857300229818,513.0141526690506,516.3551635742188,4244200,0.0,0.0
2021-12-01 00:00:00-05:00,519.9161999363296,524.8463808299117,506.8010703602145,507.2222900390625,2877100,0.0,0.0
2021-12-02 00:00:00-05:00,496.376023194817,508.24666097202214,492.09680671680604,503.07720947265625,3277500,0.0,0.0
2021-12-03 00:00:00-05:00,507.36591442809515,514.5553388366867,502.36877248602246,506.3511657714844,2984400,0.0,0.0
2021-12-06 00:00:00-05:00,509.52953687401333,513.1673123935592,505.0493217482931,510.4389953613281,2432900,0.0,0.0
2021-12-07 00:00:00-05:00,515.2734813392466,519.8207159632343,511.8846159383848,518.882568359375,2579800,0.0,0.0
2021-12-08 00:00:00-05:00,522.893567382774,524.4060787328219,503.1154627345813,507.4808044433594,3037500,0.0,0.0
2021-12-09 00:00:00-05:00,506.2267902584566,509.6061311089239,501.44022821284017,501.9476318359375,3200500,0.0,0.0
2021-12-10 00:00:00-05:00,511.88448527213654,537.3106978367576,511.78871898350775,534.9652709960938,6333600,0.0,0.0
2021-12-13 00:00:00-05:00,526.9428651076463,535.8554382598725,524.5878563496533,533.4334106445312,3415200,0.0,0.0
2021-12-14 00:00:00-05:00,532.7059760998634,533.3856303773854,514.622334338567,522.0606689453125,3494400,0.0,0.0
2021-12-15 00:00:00-05:00,522.8934561263868,542.3077148692159,522.2424909187259,541.3408203125,2937100,0.0,0.0
2021-12-16 00:00:00-05:00,540.6803189787167,542.3651977451699,525.9951830246089,529.0394287109375,2683000,0.0,0.0
2021-12-17 00:00:00-05:00,525.8707896851187,532.7155374426237,517.8867795453025,524.2337646484375,5752000,0.0,0.0
2021-12-20 00:00:00-05:00,518.9877985598908,525.6985681232385,515.0628409218148,525.143310546875,2033600,0.0,0.0
2021-12-21 00:00:00-05:00,527.000369447172,528.2257571172108,513.195943795811,522.1467895507812,2472800,0.0,0.0
2021-12-22 00:00:00-05:00,522.098962009949,526.5217399511625,516.757143269764,526.205810546875,1454500,0.0,0.0
2021-12-23 00:00:00-05:00,528.1874285786365,529.0202855256707,524.1188516924376,526.8759155273438,1757800,0.0,0.0
2021-12-27 00:00:00-05:00,527.9961385000959,541.5899882855325,527.9004306177624,539.4168701171875,2262900,0.0,0.0
2021-12-28 00:00:00-05:00,539.3784962435207,542.4514899552989,536.7650521969665,540.536865234375,1155000,0.0,0.0
2021-12-29 00:00:00-05:00,542.2216291090995,547.0943152677107,539.4454004818571,543.5331420898438,1753000,0.0,0.0
2021-12-30 00:00:00-05:00,545.2180388808595,545.5530747750274,538.363650889082,539.837890625,1338700,0.0,0.0
2021-12-31 00:00:00-05:00,539.3593400704073,543.9927576794686,535.1663656187262,543.4662475585938,1509200,0.0,0.0
2022-01-03 00:00:00-05:00,540.9102159433327,543.246001944983,531.7965838292286,542.5184936523438,2714100,0.0,0.0
2022-01-04 00:00:00-05:00,540.1443481445312,544.4426714032616,537.8085035885764,540.1443481445312,2097500,0.0,0.0
2022-01-05 00:00:00-05:00,539.6272750416573,540.9292055108543,526.3015065981858,526.445068359375,2887500,0.0,0.0
2022-01-06 00:00:00-05:00,522.8840211518309,529.8915546176075,520.3471200335455,526.330322265625,2503100,0.0,0.0
2022-01-07 00:00:00-05:00,524.1761982115744,524.9612010995247,511.4343772381312,513.2915649414062,2323900,0.0,0.0
2022-01-10 00:00:00-05:00,506.69579135407884,507.7679764242195,486.7932902561747,496.6535949707031,4916800,0.0,0.0
2022-01-11 00:00:00-05:00,496.653629985811,500.16694991102725,488.50692184376487,499.74578857421875,2457300,0.0,0.0
2022-01-12 00:00:00-05:00,499.74576971222615,507.4042681382318,499.72660476865525,503.35479736328125,1729500,0.0,0.0
2022-01-13 00:00:00-05:00,505.11630304126567,506.46608774746846,493.2360240415083,494.81561279296875,2428100,0.0,0.0
2022-01-14 00:00:00-05:00,489.73231143914137,491.08209621395673,480.43678700121234,481.5185546875,3872500,0.0,0.0
2022-01-18 00:00:00-05:00,473.3526538064828,473.94618278585307,466.077074143388,467.2354431152344,3801900,0.0,0.0
2022-01-19 00:00:00-05:00,468.97780324949747,475.05671384561975,466.3068933731576,469.23626708984375,2709400,0.0,0.0
2022-01-20 00:00:00-05:00,469.80101325158904,478.5412792626686,461.27135711601215,462.20953369140625,2893700,0.0,0.0
2022-01-21 00:00:00-05:00,461.3479411417409,473.4962069474367,460.77354793785514,461.0511474609375,3295600,0.0,0.0
2022-01-24 00:00:00-05:00,455.24987315373806,469.0543299981555,448.9890714634799,468.0299987792969,4412600,0.0,0.0
2022-01-25 00:00:00-05:00,459.4141582527529,462.0372137713265,452.205597938453,456.9443054199219,3076800,0.0,0.0
2022-01-26 00:00:00-05:00,462.6021025068868,472.7878917121742,458.3324679749453,462.83184814453125,3074900,0.0,0.0
2022-01-27 00:00:00-05:00,466.1345303675794,474.6258860200341,459.80668070456403,461.9223327636719,2372300,0.0,0.0
2022-01-28 00:00:00-05:00,463.0902852853507,471.69654352074303,455.5849596681926,471.4093322753906,1918500,0.0,0.0
2022-01-31 00:00:00-05:00,470.9976836775998,484.8021408382965,469.6861704116548,483.56719970703125,2480700,0.0,0.0
2022-02-01 00:00:00-05:00,483.4426845360258,487.9228988385775,475.7267501655696,486.7071228027344,2347200,0.0,0.0
2022-02-02 00:00:00-05:00,489.29192559214727,501.6221139495764,488.554805563226,499.7362365722656,2547600,0.0,0.0
2022-02-03 00:00:00-05:00,494.60686733394164,504.7314064943547,493.00574884150996,500.2539978027344,2665100,0.79,0.0
2022-02-04 00:00:00-05:00,496.744845911895,500.4744492427822,489.73628843660134,498.33642578125,2387400,0.0,0.0
2022-02-07 00:00:00-05:00,499.8032467127723,500.4743926594547,493.0247838359787,494.6163635253906,1863600,0.0,0.0
2022-02-08 00:00:00-05:00,494.6163808687588,501.8071051533598,489.4486329718422,499.65948486328125,1462000,0.0,0.0
2022-02-09 00:00:00-05:00,506.2270676707349,512.2097418348291,504.0027295936253,507.0228576660156,2256700,0.0,0.0
2022-02-10 00:00:00-05:00,499.3910678553538,502.8425925524331,493.5234407593561,497.099609375,2558900,0.0,0.0
2022-02-11 00:00:00-05:00,497.02290702167227,499.8512118788615,486.45731696590735,488.65289306640625,2349700,0.0,0.0
2022-02-14 00:00:00-05:00,488.00093041173034,490.4361974247513,480.7622790860542,485.671142578125,1749600,0.0,0.0
2022-02-15 00:00:00-05:00,492.17152905471994,494.7218134301813,489.69790360245565,492.7275695800781,1984600,0.0,0.0
2022-02-16 00:00:00-05:00,490.3978173579912,493.3316306339217,481.021113714322,491.27032470703125,1770800,0.0,0.0
2022-02-17 00:00:00-05:00,488.6240903503557,496.8406979807061,486.12170318843204,493.77264404296875,2022800,0.0,0.0
2022-02-18 00:00:00-05:00,493.65762915453496,496.54351593104394,489.28564176903836,491.5291442871094,2154700,0.0,0.0
2022-02-22 00:00:00-05:00,488.96927665353587,493.36042889565687,477.6175228399694,481.47174072265625,2451800,0.0,0.0
2022-02-23 00:00:00-05:00,482.200391915237,487.0229698985675,474.37688027408984,474.83709716796875,2021400,0.0,0.0
2022-02-24 00:00:00-05:00,463.34150078887427,485.6615078614786,463.06348051565294,484.73150634765625,2859800,0.0,0.0
2022-02-25 00:00:00-05:00,487.607806457481,496.87906006636035,484.41513767202815,496.150390625,2003000,0.0,0.0
2022-02-28 00:00:00-05:00,493.09193968403406,498.2021643151069,490.2156498645453,497.83782958984375,2408900,0.0,0.0
2022-03-01 00:00:00-05:00,498.03920828225966,507.5309299060526,497.7803234636478,501.3660888671875,2316000,0.0,0.0
2022-03-02 00:00:00-05:00,502.39205793900925,511.1072436234364,498.3365071895109,506.22711181640625,2571500,0.0,0.0
2022-03-03 00:00:00-05:00,512.4494999713149,516.7352032978331,507.7036088850614,511.0688781738281,3851800,0.0,0.0
2022-03-04 00:00:00-05:00,498.07743839804726,508.06773367435534,490.6757859775706,503.83001708984375,4417900,0.0,0.0
2022-03-07 00:00:00-05:00,501.864618875595,522.8039748161046,501.8358278902481,506.7255554199219,3896900,0.0,0.0
2022-03-08 00:00:00-05:00,504.5203998465714,517.4733015005636,500.86751398382523,501.7783508300781,3649700,0.0,0.0
2022-03-09 00:00:00-05:00,505.86271902021247,508.96910294183743,494.44387315745826,505.8915100097656,2789700,0.0,0.0
2022-03-10 00:00:00-05:00,501.53861874833507,512.3343020713154,496.7735935883015,510.7523193359375,1777700,0.0,0.0
2022-03-11 00:00:00-05:00,514.4915941672695,520.2729653685924,504.72179310068316,505.67095947265625,1735100,0.0,0.0
2022-03-14 00:00:00-04:00,506.0064305097642,513.2354833671562,501.95082272021824,504.261474609375,1950000,0.0,0.0
2022-03-15 00:00:00-04:00,508.14457156600434,521.4234204533927,506.1503274283277,519.95654296875,2547900,0.0,0.0
2022-03-16 00:00:00-04:00,522.0753037932468,528.8729014653218,509.35249861193216,520.9822998046875,3017200,0.0,0.0
2022-03-17 00:00:00-04:00,520.9440829497028,530.3591467942495,520.8003035470882,529.9948120117188,1974200,0.0,0.0
2022-03-18 00:00:00-04:00,530.1576819613839,539.3521876170518,526.8499374559256,538.20166015625,3597800,0.0,0.0
2022-03-21 00:00:00-04:00,537.0416495816899,543.3790604862509,528.1251632482501,532.6217651367188,3136900,0.0,0.0
2022-03-22 00:00:00-04:00,533.9928589941317,537.2430222920325,529.5537799812914,536.3513793945312,1777500,0.0,0.0
2022-03-23 00:00:00-04:00,533.983119049815,537.5688836728438,529.1509155849801,531.1739501953125,1546800,0.0,0.0
2022-03-24 00:00:00-04:00,532.6025759016445,535.2391748071213,526.571917680701,535.0953369140625,1614200,0.0,0.0
2022-03-25 00:00:00-04:00,536.7349371493474,537.319768782818,527.5403703346792,532.79443359375,1974900,0.0,0.0
2022-03-28 00:00:00-04:00,533.7818929996203,541.9505753891676,530.6755091383192,541.9026489257812,2056100,0.0,0.0
2022-03-29 00:00:00-04:00,544.5775584908666,547.6647482512891,541.2506779036437,546.4758911132812,2005400,0.0,0.0
2022-03-30 00:00:00-04:00,547.4059691034491,554.4049301452511,545.1433015479337,552.6983032226562,2086500,0.0,0.0
2022-03-31 00:00:00-04:00,554.8362699691281,562.1420407982649,551.7778130511264,552.103759765625,3439800,0.0,0.0
2022-04-01 00:00:00-04:00,553.5707473799517,558.9493953372626,548.7098105273511,551.8353881835938,1933500,0.0,0.0
2022-04-04 00:00:00-04:00,550.2725825742673,555.7854712670623,547.904406914995,551.4135131835938,2201800,0.0,0.0
2022-04-05 00:00:00-04:00,548.9784195597414,559.8986913776371,548.5085762882336,551.5958251953125,1826800,0.0,0.0
2022-04-06 00:00:00-04:00,550.3589269134355,562.6022945004029,546.8498204542027,560.6751708984375,2646200,0.0,0.0
2022-04-07 00:00:00-04:00,567.8658942043186,587.0220247413296,564.5006841748034,582.9760131835938,4804200,0.0,0.0
2022-04-08 00:00:00-04:00,581.3749109249928,582.9281028333174,573.0815847388888,575.2963256835938,3230200,0.0,0.0
2022-04-11 00:00:00-04:00,574.0978526807268,576.2167406304868,558.7672369476737,560.5601196289062,2792700,0.0,0.0
2022-04-12 00:00:00-04:00,562.496882852672,567.3290291620169,554.893896364732,557.3866577148438,2142000,0.0,0.0
2022-04-13 00:00:00-04:00,558.4509203357014,569.0165123127694,558.4509203357014,566.7155151367188,2211800,0.0,0.0
2022-04-14 00:00:00-04:00,567.3770066320274,571.691441731971,562.8420161678844,566.0443115234375,2206200,0.0,0.0
2022-04-18 00:00:00-04:00,561.2408731752964,567.6933315497332,555.6991931341302,558.1152954101562,2161900,0.0,0.0
2022-04-19 00:00:00-04:00,559.2944398987366,570.3010802547121,558.000133100394,569.7929077148438,2327800,0.0,0.0
2022-04-20 00:00:00-04:00,574.4430074289244,580.3202306567471,572.6692603586242,578.6423950195312,1793300,0.0,0.0
2022-04-21 00:00:00-04:00,582.2377805212413,584.0593956039681,566.7729244586449,567.3385620117188,2027900,0.0,0.0
2022-04-22 00:00:00-04:00,566.0057746975439,567.4919043224518,547.5016585051612,548.1248779296875,2878200,0.0,0.0
2022-04-25 00:00:00-04:00,546.7922489811106,546.811442971331,530.7042325989075,544.7788696289062,3154500,0.0,0.0
2022-04-26 00:00:00-04:00,541.9410485721944,544.9036534269826,530.4934104597659,530.9248657226562,2057400,0.0,0.0
2022-04-27 00:00:00-04:00,533.254605099452,540.3782099697731,530.052309671601,531.2316284179688,2261600,0.0,0.0
2022-04-28 00:00:00-04:00,533.4306609470171,542.3904921627037,524.1443526906382,539.7015991210938,2118700,0.9,0.0
2022-04-29 00:00:00-04:00,538.674045529029,539.2982790080508,508.68317297709945,510.62298583984375,2968000,0.0,0.0
2022-05-02 00:00:00-04:00,511.11271975994816,517.8062019185979,497.70664745221353,507.962890625,3303400,0.0,0.0
2022-05-03 00:00:00-04:00,508.97127598354285,513.0718746425899,502.9212517841692,507.1274719238281,2398000,0.0,0.0
2022-05-04 00:00:00-04:00,510.5078322904245,524.4709702966546,502.0666117586258,522.8287963867188,2465200,0.0,0.0
2022-05-05 00:00:00-04:00,520.0822405926644,520.8217082103254,491.84871516851587,496.7944030761719,3977000,0.0,0.0
2022-05-06 00:00:00-04:00,493.99018729791544,495.94922516724495,479.02833816292883,483.38818359375,3560800,0.0,0.0
2022-05-09 00:00:00-04:00,476.41630053428815,486.93182100037524,474.72612248323543,479.0379638671875,3292700,0.0,0.0
2022-05-10 00:00:00-04:00,489.47674269885306,490.369836233821,475.9649883534161,481.56365966796875,2729400,0.0,0.0
2022-05-11 00:00:00-04:00,483.92602515503324,487.8441304733201,468.4552049117413,469.6748046875,2782900,0.0,0.0
2022-05-12 00:00:00-04:00,467.47573548313335,477.5303204894849,460.72466460634877,466.8899230957031,2829500,0.0,0.0
2022-05-13 00:00:00-04:00,473.54490835618213,478.99956582097207,470.1741942138525,477.53985595703125,2338600,0.0,0.0
2022-05-16 00:00:00-04:00,476.4547353438658,477.93361187426086,470.1934097331916,474.9085998535156,1579700,0.0,0.0
2022-05-17 00:00:00-04:00,469.7516531503478,473.97706894732846,461.1759748637674,471.0096740722656,2602800,0.0,0.0
2022-05-18 00:00:00-04:00,441.74859186675974,445.45542467910553,407.70512887955215,412.3627014160156,9511600,0.0,0.0
2022-05-19 00:00:00-04:00,413.2942508401725,413.44790605408946,402.10649250579087,406.1494445800781,5839600,0.0,0.0
2022-05-20 00:00:00-04:00,411.78650947853384,411.83454321476626,390.3809299320514,399.9073181152344,5115000,0.0,0.0
2022-05-23 00:00:00-04:00,403.33573150841806,412.9389632109994,400.1378682464229,412.4396057128906,3687200,0.0,0.0
2022-05-24 00:00:00-04:00,407.9452427906773,421.3225659003575,407.51311497798827,420.343017578125,3473400,0.0,0.0
2022-05-25 00:00:00-04:00,419.0178066447732,425.67286865710616,413.73602907397,422.6478271484375,3225100,0.0,0.0
2022-05-26 00:00:00-04:00,431.2811298932302,449.4792358905825,429.75421961086084,446.5406494140625,5917600,0.0,0.0
2022-05-27 00:00:00-04:00,438.67562369065985,456.0382834655537,437.0622877569074,452.0817565917969,5719600,0.0,0.0
2022-05-31 00:00:00-04:00,452.0816764959322,452.12006831607334,439.8567538408068,447.7218017578125,4424500,0.0,0.0
2022-06-01 00:00:00-04:00,450.75648052610586,451.83203775474385,438.57959013415376,438.8580627441406,2319400,0.0,0.0
2022-06-02 00:00:00-04:00,442.61295901211207,471.64354002928707,439.71279348547597,468.26318359375,4950600,0.0,0.0
2022-06-03 00:00:00-04:00,465.7854865021534,468.78168972092544,456.7200345902755,457.3538513183594,2857400,0.0,0.0
2022-06-06 00:00:00-04:00,461.43523958982547,461.9154011294611,450.30509861788005,453.7238464355469,2297000,0.0,0.0
2022-06-07 00:00:00-04:00,441.6622475724368,454.93392126441927,441.35493711402387,453.061279296875,2435500,0.0,0.0
2022-06-08 00:00:00-04:00,453.06117158465383,455.6060216048749,448.36520748043176,449.4215393066406,1697000,0.0,0.0
2022-06-09 00:00:00-04:00,448.79735191727355,465.026804922782,448.61488820085907,453.3204650878906,3087500,0.0,0.0
2022-06-10 00:00:00-04:00,446.5502249346616,449.6136578545586,439.5974953267371,444.9272766113281,2549900,0.0,0.0
2022-06-13 00:00:00-04:00,432.14539485191233,440.4426005003019,431.08903358092726,434.3061218261719,3113400,0.0,0.0
2022-06-14 00:00:00-04:00,434.30613161101815,440.55784450888115,432.4142938897742,436.75494384765625,2224600,0.0,0.0
2022-06-15 00:00:00-04:00,440.3081680001325,445.93564763950894,433.4802844131003,440.586669921875,2250200,0.0,0.0
2022-06-16 00:00:00-04:00,432.4430910769696,439.6070931682668,430.19593854881697,433.8355712890625,2906600,0.0,0.0
2022-06-17 00:00:00-04:00,433.15369975082,437.60961276769655,425.6151872576922,428.9667053222656,3623400,0.0,0.0
2022-06-21 00:00:00-04:00,432.67357335579027,446.3774031409993,431.3195435359951,444.7352294921875,2420600,0.0,0.0
2022-06-22 00:00:00-04:00,441.1628736637471,446.28138324782975,440.3081719780607,441.7102355957031,1827500,0.0,0.0
2022-06-23 00:00:00-04:00,447.8658798510385,457.38268529720017,447.23206308767396,456.1534729003906,2030100,0.0,0.0
2022-06-24 00:00:00-04:00,460.9550350696668,465.5933822150933,457.7667557101526,465.1516418457031,2862600,0.0,0.0
2022-06-27 00:00:00-04:00,466.5345600527118,467.907815043813,458.41023488159686,462.6356506347656,2034700,0.0,0.0
2022-06-28 00:00:00-04:00,464.3162234591947,467.9078225106927,449.325593786618,450.0169982910156,1754600,0.0,0.0
2022-06-29 00:00:00-04:00,452.2641855737726,454.20402772783683,447.91392300775686,451.1982116699219,1275600,0.0,0.0
2022-06-30 00:00:00-04:00,449.7193132815541,462.962177545114,446.28136934646216,460.263671875,3852400,0.0,0.0
2022-07-01 00:00:00-04:00,462.08824569560113,471.7587060003076,459.034425380452,466.4865417480469,2660400,0.0,0.0
2022-07-05 00:00:00-04:00,466.2945666092102,471.4226893758947,459.4762655020189,468.887451171875,2489400,0.0,0.0
2022-07-06 00:00:00-04:00,468.88734642224574,477.29975649511306,468.42638080324906,473.1031494140625,2262300,0.0,0.0
2022-07-07 00:00:00-04:00,472.53660273698455,475.8689252107881,469.8092885314999,475.31195068359375,2125200,0.0,0.0
2022-07-08 00:00:00-04:00,477.5878773570944,485.46250896603317,477.2805669403375,481.64044189453125,2607800,0.0,0.0
2022-07-11 00:00:00-04:00,481.23714322330613,485.4913678412933,475.2063148759201,479.105224609375,1891100,0.0,0.0
2022-07-12 00:00:00-04:00,477.29019603447716,481.98616078078874,468.6760966060213,471.105712890625,1775300,0.0,0.0
2022-07-13 00:00:00-04:00,465.10366977910076,477.58786951417534,464.6235082508287,472.6902160644531,2008400,0.0,0.0
2022-07-14 00:00:00-04:00,476.4066806995224,492.9050537453568,474.03468148251443,491.6278076171875,3715600,0.0,0.0
2022-07-15 00:00:00-04:00,496.4102725362002,503.9776243523195,495.3155485894459,502.2010498046875,4265100,0.0,0.0
2022-07-18 00:00:00-04:00,501.15418273763675,507.55957980977536,495.2097805957919,495.8147888183594,2464100,0.0,0.0
2022-07-19 00:00:00-04:00,501.68239515579666,504.72666176820593,496.4582348319986,499.5888977050781,2391000,0.0,0.0
2022-07-20 00:00:00-04:00,500.5781060442424,505.2836547952427,496.3046558644155,503.4014587402344,1740700,0.0,0.0
2022-07-21 00:00:00-04:00,503.2477344721833,508.72158828091426,500.9045435855517,508.4527282714844,1716100,0.0,0.0
2022-07-22 00:00:00-04:00,509.65313123525453,515.7991643622088,505.19721765411725,508.7023620605469,1800800,0.0,0.0
2022-07-25 00:00:00-04:00,510.33498390658514,511.17046047579,505.1300481115829,508.1454772949219,1452700,0.0,0.0
2022-07-26 00:00:00-04:00,494.5663935128878,499.0606985601264,488.5739867832364,491.6181945800781,3334800,0.0,0.0
2022-07-27 00:00:00-04:00,492.74173776085854,504.4769160121096,490.88835059871775,501.5863342285156,2060100,0.0,0.0
2022-07-28 00:00:00-04:00,500.4994012732638,518.6808032540644,500.4994012732638,515.7948608398438,2083300,0.9,0.0
2022-07-29 00:00:00-04:00,511.77380481085135,521.5090461751188,511.67763021310054,520.72021484375,2131500,0.0,0.0
2022-08-01 00:00:00-04:00,520.8355401567511,531.6963391281918,520.6720198885247,526.0206298828125,2256000,0.0,0.0
2022-08-02 00:00:00-04:00,523.3464317933432,530.0898677391247,520.2103650569971,522.798095703125,1984200,0.0,0.0
2022-08-03 00:00:00-04:00,524.2794831231397,527.8388234670876,521.508974001391,526.2130737304688,1693300,0.0,0.0
2022-08-04 00:00:00-04:00,526.2034792329038,526.3958871291175,520.1141245413507,522.6249389648438,2000500,0.0,0.0
2022-08-05 00:00:00-04:00,516.8146093360106,521.00883196861,513.0724895433896,520.1141967773438,1711500,0.0,0.0
2022-08-08 00:00:00-04:00,523.1635469286796,526.6843700336431,518.1900650320894,521.2973022460938,1344100,0.0,0.0
2022-08-09 00:00:00-04:00,522.9711821648716,524.2794617761388,513.5918706927297,515.448486328125,1877300,0.0,0.0
2022-08-10 00:00:00-04:00,523.7792521475017,529.0028004962188,516.8626083097313,519.2964477539062,2336600,0.0,0.0
2022-08-11 00:00:00-04:00,522.5864332733812,522.8269284701026,511.66797482808886,511.9661865234375,2340200,0.0,0.0
2022-08-12 00:00:00-04:00,515.7947762817765,517.9304038498079,513.4379119536117,516.78564453125,1918200,0.0,0.0
2022-08-15 00:00:00-04:00,516.0064803399572,526.2034524593449,515.3138236917599,525.0009765625,1848000,0.0,0.0
2022-08-16 00:00:00-04:00,530.1475227137669,538.680286542799,528.0984991935051,531.9945678710938,2498000,0.0,0.0
2022-08-17 00:00:00-04:00,529.0894634815427,538.1801941879285,528.13711184162,535.169189453125,1835200,0.0,0.0
2022-08-18 00:00:00-04:00,537.8049036957291,543.2785759820533,535.26526067001,539.6326904296875,1619200,0.0,0.0
2022-08-19 00:00:00-04:00,537.4104990279874,537.9972931170538,532.1388052830579,533.4471435546875,1617000,0.0,0.0
2022-08-22 00:00:00-04:00,531.9753100040506,531.9753100040506,523.5964372390489,524.7315673828125,1860900,0.0,0.0
2022-08-23 00:00:00-04:00,524.9913291353167,525.2510827087035,516.4681943658844,521.4608764648438,1359000,0.0,0.0
2022-08-24 00:00:00-04:00,522.1150968987371,524.49116137225,518.8539677846752,522.5671997070312,1145800,0.0,0.0
2022-08-25 00:00:00-04:00,524.9912270071993,529.964649736297,519.0365653825385,529.8300170898438,1483300,0.0,0.0
2022-08-26 00:00:00-04:00,529.0893249992913,531.6577967369171,511.4562043278533,511.60052490234375,1886800,0.0,0.0
2022-08-29 00:00:00-04:00,506.9926639953282,515.1406114974255,504.07783459318574,510.8694152832031,1579900,0.0,0.0
2022-08-30 00:00:00-04:00,513.9671461951218,515.6313542428508,501.6826322035169,504.212646484375,1872700,0.0,0.0
2022-08-31 00:00:00-04:00,505.5592767351156,506.30964980595326,500.4800495646186,502.25006103515625,2179800,0.0,0.0
2022-09-01 00:00:00-04:00,499.96063082412707,509.44580609031857,497.3729588504501,509.0513610839844,2280600,0.0,0.0
2022-09-02 00:00:00-04:00,512.4470913239036,514.5057439555017,496.4300904116861,499.3737487792969,1901700,0.0,0.0
2022-09-06 00:00:00-04:00,500.3839215226459,503.2602935178938,493.04406182446996,499.171875,1933400,0.0,0.0
2022-09-07 00:00:00-04:00,500.2299408755071,511.4466094845434,499.1717856402802,509.5034484863281,1827900,0.0,0.0
2022-09-08 00:00:00-04:00,504.3953985840649,512.764643109121,501.730693036011,509.0032653808594,1600800,0.0,0.0
2022-09-09 00:00:00-04:00,511.88917135554505,517.603339128759,509.3976741936935,516.1796264648438,1930900,0.0,0.0
2022-09-12 00:00:00-04:00,517.2860120789061,521.9708547406777,516.5837847542439,519.0079956054688,1522400,0.0,0.0
2022-09-13 00:00:00-04:00,510.6096862103319,512.0045698906625,489.34993740887614,490.8987121582031,2881400,0.0,0.0
2022-09-14 00:00:00-04:00,494.32341133361666,494.4677319311661,483.99174753085185,488.68621826171875,2007300,0.0,0.0
2022-09-15 00:00:00-04:00,489.0710303466878,489.7059411943188,481.5002461865881,484.3573303222656,1749600,0.0,0.0
2022-09-16 00:00:00-04:00,480.5767328470149,487.1855359370495,478.3930177443606,484.9729919433594,3004800,0.0,0.0
2022-09-19 00:00:00-04:00,483.06826917237726,487.4452699527576,479.9226026088768,487.31060791015625,1441300,0.0,0.0
2022-09-20 00:00:00-04:00,483.8762984190572,484.289943079702,474.66053610992765,480.5285949707031,1843100,0.0,0.0
2022-09-21 00:00:00-04:00,483.39532391016655,487.17590118872147,474.25650684121814,474.3238525390625,2082600,0.0,0.0
2022-09-22 00:00:00-04:00,475.21850922352223,475.21850922352223,465.9931169904222,468.648193359375,3133100,0.0,0.0
2022-09-23 00:00:00-04:00,460.73106299343976,463.9825626273041,445.9069361053437,448.6678161621094,5377800,0.0,0.0
2022-09-26 00:00:00-04:00,448.15799174212617,465.7045121845455,447.5230808896276,462.03936767578125,4001900,0.0,0.0
2022-09-27 00:00:00-04:00,467.0320309938826,469.83139853564893,457.3545068716749,460.1153869628906,2412400,0.0,0.0
2022-09-28 00:00:00-04:00,463.2225867105369,472.8616232014942,456.1616515690029,469.7255859375,2419500,0.0,0.0
2022-09-29 00:00:00-04:00,467.14743869999535,470.4181966013117,456.0462024389142,460.76953125,1963900,0.0,0.0
2022-09-30 00:00:00-04:00,462.3856687788927,465.43513130284475,453.9298498036301,454.31463623046875,2436700,0.0,0.0
2022-10-03 00:00:00-04:00,456.4598692227935,462.5588236996461,452.51574224740176,459.56707763671875,2338500,0.0,0.0
2022-10-04 00:00:00-04:00,465.43513174637974,469.4658334235324,462.45301491754634,467.647705078125,2175600,0.0,0.0
2022-10-05 00:00:00-04:00,463.0013160817546,465.4736136168314,456.76769970670944,462.05859375,1587700,0.0,0.0
2022-10-06 00:00:00-04:00,465.0695491570529,475.1030001219061,463.59771996162056,464.1460266113281,2430700,0.0,0.0
2022-10-07 00:00:00-04:00,460.0768662578052,460.89452630880004,448.398407298809,450.3512268066406,2568100,0.0,0.0
2022-10-10 00:00:00-04:00,451.8327374005614,452.37144426790337,444.0599165592175,448.58123779296875,1616300,0.0,0.0
2022-10-11 00:00:00-04:00,447.32106320032693,459.1053277685076,446.07049992785767,454.07415771484375,2341400,0.0,0.0
2022-10-12 00:00:00-04:00,456.2866265346563,461.5005447328407,448.5715236502133,448.64849853515625,2043900,0.0,0.0
2022-10-13 00:00:00-04:00,440.7698979103739,453.80472342898054,431.95815200257687,450.1972961425781,3390900,0.0,0.0
2022-10-14 00:00:00-04:00,454.08376223416053,455.39207129111577,436.53724313546246,437.3645324707031,2301600,0.0,0.0
2022-10-17 00:00:00-04:00,444.0983729171728,449.1295424180394,442.972871967079,446.5225830078125,2097500,0.0,0.0
2022-10-18 00:00:00-04:00,455.20926447525636,458.4030179859063,451.00538429008566,455.2765808105469,1864000,0.0,0.0
2022-10-19 00:00:00-04:00,450.02416550605903,456.81574654614366,449.1968762386126,453.50653076171875,1207600,0.0,0.0
2022-10-20 00:00:00-04:00,453.0929165089183,454.1318427633096,445.3104960518454,446.9554748535156,1709500,0.0,0.0
2022-10-21 00:00:00-04:00,446.08004701703567,461.3370756663365,444.704421708543,459.9999084472656,2508400,0.0,0.0
2022-10-24 00:00:00-04:00,463.29949276439476,479.06636991391866,462.7223278527641,478.0755310058594,2366200,0.0,0.0
2022-10-25 00:00:00-04:00,474.564300048263,481.1731023991078,471.85150757668316,480.0860595703125,2130900,0.0,0.0
2022-10-26 00:00:00-04:00,479.06641986198446,488.12829156454774,476.8442466485599,480.4613037109375,2088700,0.0,0.0
2022-10-27 00:00:00-04:00,481.6755147309397,484.75942168457436,476.2112544118072,478.524169921875,1576600,0.9,0.0
2022-10-28 00:00:00-04:00,479.2565783291268,494.21348892379314,477.9748473227044,492.334228515625,2369300,0.0,0.0
2022-10-31 00:00:00-04:00,491.14890273673797,491.14890273673797,482.34051242877814,483.3042297363281,2192200,0.0,0.0
2022-11-01 00:00:00-04:00,485.4244831131241,488.98060279626117,481.6466978325227,481.8201599121094,1586300,0.0,0.0
2022-11-02 00:00:00-04:00,479.73844815951696,484.9810724930266,465.7356373176682,465.9669494628906,2464400,0.0,0.0
2022-11-03 00:00:00-04:00,463.4323735955067,473.5032015966689,462.30481142937816,468.6460876464844,2010400,0.0,0.0
2022-11-04 00:00:00-04:00,472.6069719968488,474.7560722270391,459.2016604286716,468.7617492675781,1987300,0.0,0.0
2022-11-07 00:00:00-05:00,459.7413174236963,472.221467984558,457.28385011974035,470.8240661621094,2036000,0.0,0.0
2022-11-08 00:00:00-05:00,472.9250027074958,480.1817928229584,466.9306799061875,474.88134765625,1709900,0.0,0.0
2022-11-09 00:00:00-05:00,474.05253324557975,479.52644044253145,469.19538982629695,472.19256591796875,1640500,0.0,0.0
2022-11-10 00:00:00-05:00,486.6290675278001,496.1698336059704,483.2078534305525,494.51226806640625,3098300,0.0,0.0
2022-11-11 00:00:00-05:00,494.5122684165678,498.08768081521043,488.3251903404401,496.767333984375,2393500,0.0,0.0
2022-11-14 00:00:00-05:00,497.0564724707671,501.8075915275856,490.93686195744203,491.1874084472656,1820200,0.0,0.0
2022-11-15 00:00:00-05:00,501.13300232190284,510.57742021691905,501.13300232190284,507.36822509765625,2502200,0.0,0.0
2022-11-16 00:00:00-05:00,502.3954449753391,509.38239514535155,501.2967931764816,505.0938415527344,1833600,0.0,0.0
2022-11-17 00:00:00-05:00,500.1692896063799,502.8580397565802,494.34845816288345,502.4051208496094,1902500,0.0,0.0
2022-11-18 00:00:00-05:00,507.7537374971183,510.32684626066396,499.3886782540023,504.6698303222656,1584400,0.0,0.0
2022-11-21 00:00:00-05:00,506.6647426847588,508.1489050270189,503.1375631170025,504.3807373046875,1268300,0.0,0.0
2022-11-22 00:00:00-05:00,510.7316869113769,513.4686113472615,507.57066565230895,512.6494750976562,1809100,0.0,0.0
2022-11-23 00:00:00-05:00,514.6251389161049,517.3235361200749,511.15577948537896,515.0973510742188,1288200,0.0,0.0
2022-11-25 00:00:00-05:00,514.7792830374998,516.4176144533465,513.7288639650769,514.2974243164062,744200,0.0,0.0
2022-11-28 00:00:00-05:00,511.6278878667647,516.7933984409892,509.748627381034,511.6567687988281,1684300,0.0,0.0
2022-11-29 00:00:00-05:00,511.7724646859007,514.355220248146,508.84278497812437,509.7679748535156,1685700,0.0,0.0
2022-11-30 00:00:00-05:00,508.2740118517249,522.8936426677276,503.19526271254693,519.6844482421875,3601800,0.0,0.0
2022-12-01 00:00:00-05:00,500.304179840985,500.304179840985,477.68573514347383,485.57855224609375,6970400,0.0,0.0
2022-12-02 00:00:00-05:00,480.4323196382399,480.866004170965,474.2548884496334,476.58709716796875,3632100,0.0,0.0
2022-12-05 00:00:00-05:00,474.63075501247124,474.82351023041025,467.1426824195825,470.9300842285156,2455300,0.0,0.0
2022-12-06 00:00:00-05:00,472.8575547428727,473.6381634373774,459.85701720542846,463.7022399902344,2995900,0.0,0.0
2022-12-07 00:00:00-05:00,461.70730813155143,468.8870136314543,461.4952891535454,464.4828186035156,2072600,0.0,0.0
2022-12-08 00:00:00-05:00,465.37904145758216,465.7934328053107,456.320105436575,463.9527587890625,2901000,0.0,0.0
2022-12-09 00:00:00-05:00,457.8620958996335,472.3082088401806,453.4289904299445,465.4947204589844,4211100,0.0,0.0
2022-12-12 00:00:00-05:00,465.2152736385039,470.1205912803727,463.2300183071485,469.98565673828125,2276400,0.0,0.0
2022-12-13 00:00:00-05:00,479.00607414910587,479.9023242154084,464.0780725771546,470.48681640625,2626700,0.0,0.0
2022-12-14 00:00:00-05:00,471.1228091781751,473.85014551442805,463.5865624996844,465.9765625,2145000,0.0,0.0
2022-12-15 00:00:00-05:00,458.0934073907932,459.40407829667106,446.3553369783944,447.078125,3437700,0.0,0.0
2022-12-16 00:00:00-05:00,444.5242277956004,447.92614850900384,440.30314153827993,444.70733642578125,4909200,0.0,0.0
2022-12-19 00:00:00-05:00,444.1965753156924,446.5962218974356,438.8382802576674,441.9896545410156,1939200,0.0,0.0
2022-12-20 00:00:00-05:00,439.99481311188447,443.55093266522,436.11103317229333,441.2091064453125,1993700,0.0,0.0
2022-12-21 00:00:00-05:00,442.7124716654157,446.86609100399295,439.6478576151543,445.29522705078125,1462400,0.0,0.0
2022-12-22 00:00:00-05:00,442.00892125982034,443.69542648711416,436.9397884042273,442.0667419433594,1906100,0.0,0.0
2022-12-23 00:00:00-05:00,440.91992562648977,446.3745690380771,438.2986134112096,445.8638000488281,1229500,0.0,0.0
2022-12-27 00:00:00-05:00,447.55030604286145,447.83943887763417,440.52479872543006,441.8643798828125,1230800,0.0,0.0
2022-12-28 00:00:00-05:00,440.9392529613625,443.7532912072394,436.37121263624556,436.5543212890625,1324100,0.0,0.0
2022-12-29 00:00:00-05:00,439.0985416132839,442.34626438251087,437.00726201978017,439.96588134765625,1465000,0.0,0.0
2022-12-30 00:00:00-05:00,438.1540069956198,440.1296448472394,434.39551590149665,439.9368896484375,1803200,0.0,0.0
2023-01-03 00:00:00-05:00,441.3825483591651,442.1535104786341,431.64899719669165,436.83380126953125,1978100,0.0,0.0
2023-01-04 00:00:00-05:00,440.5922509736107,442.8377286648212,436.16879226835187,439.9947509765625,2097300,0.0,0.0
2023-01-05 00:00:00-05:00,438.0481029683823,439.8695135100277,433.3066005525724,433.8559265136719,2169300,0.0,0.0
2023-01-06 00:00:00-05:00,446.27818546878206,466.84393812289176,445.4494027242158,465.35015869140625,5174500,0.0,0.0
2023-01-09 00:00:00-05:00,465.40796976410064,469.2050181250037,460.7917852596577,461.379638671875,2384800,0.0,0.0
2023-01-10 00:00:00-05:00,459.8280562520031,464.5984389255697,458.22828211048324,463.9334716796875,1649900,0.0,0.0
2023-01-11 00:00:00-05:00,462.9022793977097,466.94025690282035,461.72654321275576,466.7378845214844,1576400,0.0,0.0
2023-01-12 00:00:00-05:00,467.3932308093527,467.40287739338396,461.3796444372836,464.9261169433594,1628200,0.0,0.0
2023-01-13 00:00:00-05:00,463.442035949112,467.97148970513575,461.6205960980769,467.6438293457031,1405900,0.0,0.0
2023-01-17 00:00:00-05:00,467.52813114185335,472.6840240571522,466.79569665667236,469.1086120605469,1539900,0.0,0.0
2023-01-18 00:00:00-05:00,467.21976349619274,471.0746325446779,461.1579736825612,462.0735168457031,1925500,0.0,0.0
2023-01-19 00:00:00-05:00,458.9606882841598,460.232802097545,451.0871349148391,452.4555969238281,1919500,0.0,0.0
2023-01-20 00:00:00-05:00,456.7249244738218,462.89270942947957,452.43637064284104,462.6903076171875,2588600,0.0,0.0
2023-01-23 00:00:00-05:00,462.5361799491264,477.27139788516223,460.2714381670002,474.73681640625,2709400,0.0,0.0
2023-01-24 00:00:00-05:00,474.19709264405697,475.69087212711963,469.3399785563681,474.2549133300781,1510200,0.0,0.0
2023-01-25 00:00:00-05:00,471.604650029296,474.091056954969,466.92099840374567,473.06951904296875,1329800,0.0,0.0
2023-01-26 00:00:00-05:00,475.3054020271888,480.57693703316147,473.9272638844376,480.2203369140625,1576400,0.0,0.0
2023-01-27 00:00:00-05:00,481.62737592123017,490.62849213587447,479.7962894900442,485.029296875,2034100,0.0,0.0
2023-01-30 00:00:00-05:00,482.2152323801192,487.2554845689662,482.2152323801192,485.0196533203125,1855900,0.0,0.0
2023-01-31 00:00:00-05:00,484.9714749322895,492.85467550916593,483.7860920473274,492.594482421875,1924100,0.0,0.0
2023-02-01 00:00:00-05:00,489.8671423063123,501.5666845383168,486.40740070103357,499.1188049316406,2080200,0.0,0.0
2023-02-02 00:00:00-05:00,506.146906438956,511.70759088098674,502.6232501604213,505.3166809082031,2287400,0.9,0.0
2023-02-03 00:00:00-05:00,501.1655593311209,503.5017989576745,494.7649851508385,496.9853820800781,1844100,0.0,0.0
2023-02-06 00:00:00-05:00,496.63769722898076,499.32146410037,494.5428070369044,497.7479248046875,1740100,0.0,0.0
2023-02-07 00:00:00-05:00,494.2725562306267,500.06492599165693,489.83176298304977,498.6554870605469,1927300,0.0,0.0
2023-02-08 00:00:00-05:00,493.59674395988446,494.45593006136596,484.2034414089243,486.3755798339844,2062900,0.0,0.0
2023-02-09 00:00:00-05:00,487.80440793019255,491.5404815609945,481.1721495361004,483.3056640625,1517300,0.0,0.0
2023-02-10 00:00:00-05:00,481.2590395242347,483.2284239836392,478.2373486572515,482.68780517578125,1536800,0.0,0.0
2023-02-13 00:00:00-05:00,484.37725444628836,489.2525166374155,484.0007657344855,488.9242858886719,1452600,0.0,0.0
2023-02-14 00:00:00-05:00,487.5341566726652,490.27587504016753,481.3749316276942,485.80609130859375,1257300,0.0,0.0
2023-02-15 00:00:00-05:00,485.3329826600106,493.7222665938181,483.9910696241373,493.58709716796875,1422600,0.0,0.0
2023-02-16 00:00:00-05:00,486.18254556283483,493.05618248082897,486.17291164698855,486.6556091308594,1456000,0.0,0.0
2023-02-17 00:00:00-05:00,486.81973145754256,490.1406926513948,484.4738286522191,489.9186706542969,1340400,0.0,0.0
2023-02-21 00:00:00-05:00,483.489111435117,486.5493969630148,479.36685609630797,484.37725830078125,1811800,0.0,0.0
2023-02-22 00:00:00-05:00,486.48185400391077,487.9685410691287,479.4151556400467,480.1778259277344,1332000,0.0,0.0
2023-02-23 00:00:00-05:00,481.5389997464012,481.5969210877395,470.97757640682306,476.07489013671875,1546300,0.0,0.0
2023-02-24 00:00:00-05:00,471.6726384518683,473.39104023611304,467.9269308988123,471.70159912109375,1587600,0.0,0.0
2023-02-27 00:00:00-05:00,475.50526955227457,475.9397090632063,468.87301097754863,470.1763000488281,1501700,0.0,0.0
2023-02-28 00:00:00-05:00,468.79583117730687,471.9623256885801,467.0388051567511,467.4249572753906,1918200,0.0,0.0
2023-03-01 00:00:00-05:00,464.45149336200257,465.88025896195484,458.5818758579096,462.1055908203125,1759300,0.0,0.0
2023-03-02 00:00:00-05:00,460.8409337437808,470.5624682680496,459.10323456351074,468.8826904296875,2379200,0.0,0.0
2023-03-03 00:00:00-05:00,458.39848691685546,459.5280120102843,449.22723457631406,458.8136291503906,5354200,0.0,0.0
2023-03-06 00:00:00-05:00,460.0300177085926,471.90439396073873,459.06462270247584,466.3630065917969,3104700,0.0,0.0
2023-03-07 00:00:00-05:00,469.2784956385793,478.073229576847,468.21655529097694,468.3613586425781,2659100,0.0,0.0
2023-03-08 00:00:00-05:00,466.2857720867389,470.0315092968477,464.49015157799494,469.2205810546875,1548500,0.0,0.0
2023-03-09 00:00:00-05:00,470.61071200450465,473.0434965233368,462.0572979514628,462.9261474609375,1629400,0.0,0.0
2023-03-10 00:00:00-05:00,462.4048743594201,463.8336400010123,452.1716822050921,454.836181640625,2123000,0.0,0.0
2023-03-13 00:00:00-04:00,450.64637705485603,460.1941478065436,450.64637705485603,455.66644287109375,1799600,0.0,0.0
2023-03-14 00:00:00-04:00,458.9777004703874,468.37100366298165,456.63179788184254,465.2431335449219,2422900,0.0,0.0
2023-03-15 00:00:00-04:00,464.84734597569275,470.1666522785512,461.9801217083085,468.8537292480469,2226300,0.0,0.0
2023-03-16 00:00:00-04:00,468.14901999121054,471.2479593501831,466.054129206704,470.3984069824219,1979600,0.0,0.0
2023-03-17 00:00:00-04:00,472.1457344092139,472.9469992871322,464.8473506482407,470.19561767578125,3959300,0.0,0.0
2023-03-20 00:00:00-04:00,471.1127559906705,473.8062162669731,468.9116565878633,472.3581237792969,1623800,0.0,0.0
2023-03-21 00:00:00-04:00,475.93972907404066,475.93972907404066,469.17230078061687,473.8641357421875,1664000,0.0,0.0
2023-03-22 00:00:00-04:00,472.52219101832134,479.4344222061275,470.4852218712151,470.6493225097656,1299700,0.0,0.0
2023-03-23 00:00:00-04:00,473.70964256659505,476.1810512409497,467.5311208807084,470.88104248046875,1565900,0.0,0.0
2023-03-24 00:00:00-04:00,470.08937726445544,478.80689170478786,469.7225225024249,478.131103515625,1635200,0.0,0.0
2023-03-27 00:00:00-04:00,480.07163152805225,482.56233770185463,475.4667079160317,476.1521301269531,1452100,0.0,0.0
2023-03-28 00:00:00-04:00,475.56319598651925,476.96303045983615,468.612369967763,469.92529296875,1407800,0.0,0.0
2023-03-29 00:00:00-04:00,472.2712297547334,474.29853561670853,469.08540868595645,473.8834228515625,1643000,0.0,0.0
2023-03-30 00:00:00-04:00,475.9397102742614,478.5848830091554,474.0089203745687,474.4723205566406,1545500,0.0,0.0
2023-03-31 00:00:00-04:00,477.870497418041,481.1142102892905,476.84718113402664,479.67578125,2082000,0.0,0.0
2023-04-03 00:00:00-04:00,479.3186030743284,481.9251812804872,477.8705106179105,479.83026123046875,1804700,0.0,0.0
2023-04-04 00:00:00-04:00,479.31856563523223,485.1881536370446,478.35317073969304,480.5060119628906,1913300,0.0,0.0
2023-04-05 00:00:00-04:00,481.73207214310463,486.68455286915975,478.0249591313331,479.9267883300781,1941500,0.0,0.0
2023-04-06 00:00:00-04:00,465.3204063676855,470.9679732086426,460.9761287148752,469.1626892089844,4114700,0.0,0.0
2023-04-10 00:00:00-04:00,467.154632086945,476.8085820348526,464.9921567262992,476.7409973144531,1653600,0.0,0.0
2023-04-11 00:00:00-04:00,476.7409847337782,482.68782128014084,475.93971987231396,481.3941955566406,1547400,0.0,0.0
2023-04-12 00:00:00-04:00,482.69749693499,482.74575490007663,471.6340785544648,472.4160461425781,2063700,0.0,0.0
2023-04-13 00:00:00-04:00,476.4127609644602,481.19147791723873,473.34281198779263,480.6605224609375,1600500,0.0,0.0
2023-04-14 00:00:00-04:00,479.019287533105,483.05463105795315,473.19795758918826,474.2984924316406,1675300,0.0,0.0
2023-04-17 00:00:00-04:00,475.717703842642,480.66055120122695,474.1537685897519,476.84722900390625,1411800,0.0,0.0
2023-04-18 00:00:00-04:00,478.93243825999986,480.4094913478617,477.02094566214276,479.7047424316406,1339600,0.0,0.0
2023-04-19 00:00:00-04:00,479.9268085286291,480.7570340654161,476.74098743492925,478.8648681640625,1098800,0.0,0.0
2023-04-20 00:00:00-04:00,478.5945314874377,492.98857327693486,478.3628461343721,488.0843505859375,2936500,0.0,0.0
2023-04-21 00:00:00-04:00,491.7432103513962,492.96928076679666,487.9685126430064,488.8277282714844,1508600,0.0,0.0
2023-04-24 00:00:00-04:00,488.5863819201499,493.98293606505985,488.3064091401055,493.7222900390625,1374100,0.0,0.0
2023-04-25 00:00:00-04:00,493.4423174090806,495.37310727739293,484.8792690569579,485.7577819824219,1789900,0.0,0.0
2023-04-26 00:00:00-04:00,483.10298202738926,485.46818211597093,476.31625631139696,477.54229736328125,1441900,0.0,0.0
2023-04-27 00:00:00-04:00,477.7063468992585,484.8792534194621,477.7063468992585,483.9234924316406,1361600,0.0,0.0
2023-04-28 00:00:00-04:00,484.2035320130748,487.36036317539026,483.31538507819624,485.80609130859375,1169400,0.0,0.0
2023-05-01 00:00:00-04:00,481.87690162946143,482.7457512250266,471.88505762666966,476.5093078613281,2203200,0.0,0.0
2023-05-02 00:00:00-04:00,477.87050015128966,478.52696164639025,472.86009800490336,477.68707275390625,1940800,0.0,0.0
2023-05-03 00:00:00-04:00,479.4151315663632,481.51968545808325,472.7152883472229,473.1014404296875,1426400,0.0,0.0
2023-05-04 00:00:00-04:00,473.00473428930235,474.9105302955515,470.09282513421476,474.3591003417969,1487000,1.02,0.0
2023-05-05 00:00:00-04:00,477.1258916279224,483.12380670991826,476.9130605736053,482.7948913574219,1708200,0.0,0.0
2023-05-08 00:00:00-04:00,481.1599686044783,483.94610985264165,479.54441291654126,482.7948913574219,1015000,0.0,0.0
2023-05-09 00:00:00-04:00,480.7633450948693,485.3875567863489,480.21194465841825,484.4685363769531,1571800,0.0,0.0
2023-05-10 00:00:00-04:00,485.59074008700287,488.51230331947613,478.9639855247683,483.3753662109375,1257600,0.0,0.0
2023-05-11 00:00:00-04:00,483.2302776595737,486.60652421522843,481.33413555321243,485.53271484375,1046700,0.0,0.0
2023-05-12 00:00:00-04:00,486.7709702946776,489.537744560745,484.86517428121726,487.6416320800781,1471900,0.0,0.0
2023-05-15 00:00:00-04:00,487.5835914294805,488.54131644407124,482.60141379192567,485.67779541015625,1135700,0.0,0.0
2023-05-16 00:00:00-04:00,483.70423431939895,483.984791041734,478.1899942389724,479.9797058105469,1229300,0.0,0.0
2023-05-17 00:00:00-04:00,481.769443581321,481.77912711388234,475.8682456971174,478.8672180175781,2069500,0.0,0.0
2023-05-18 00:00:00-04:00,478.8672081611882,482.34988467058974,477.97717934985496,481.8661804199219,2298900,0.0,0.0
2023-05-19 00:00:00-04:00,483.1141029193271,483.1141029193271,477.8223777041804,480.3376159667969,1634400,0.0,0.0
2023-05-22 00:00:00-04:00,480.8019822559146,480.8019822559146,472.61771533142837,475.83917236328125,1943800,0.0,0.0
2023-05-23 00:00:00-04:00,471.29244020976853,471.29244020976853,467.2293124568199,469.0673828125,1800200,0.0,0.0
2023-05-24 00:00:00-04:00,471.3698084370267,471.3698084370267,465.2364418710278,467.0261535644531,1600600,0.0,0.0
2023-05-25 00:00:00-04:00,464.5592902946545,472.61782072146707,461.21206469877256,470.6926574707031,3421900,0.0,0.0
2023-05-26 00:00:00-04:00,469.8219474152929,494.1039074603764,468.34181354302626,490.7276611328125,5302600,0.0,0.0
2023-05-30 00:00:00-04:00,493.1752131933827,498.01222642259853,485.2424512706182,491.4725646972656,2544800,0.0,0.0
2023-05-31 00:00:00-04:00,492.27546697359287,497.12219292554875,488.4929257815427,494.8874816894531,3320800,0.0,0.0
2023-06-01 00:00:00-04:00,492.73013964065916,496.9964145067251,485.7357953454387,495.8935546875,2407700,0.0,0.0
2023-06-02 00:00:00-04:00,493.6879358756503,501.6013306899334,492.7979070239547,495.88397216796875,2283900,0.0,0.0
2023-06-05 00:00:00-04:00,495.8839602981372,502.0076137296478,495.3325303550567,501.3594665527344,2023500,0.0,0.0
2023-06-06 00:00:00-04:00,501.3594902921402,501.7271102716007,496.04842670195194,499.4343566894531,1410300,0.0,0.0
2023-06-07 00:00:00-04:00,497.7413358704557,502.36551760229423,493.9297441787571,494.5682373046875,1784700,0.0,0.0
2023-06-08 00:00:00-04:00,495.79686967318395,503.3329608356814,495.79686967318395,503.1395263671875,1530400,0.0,0.0
2023-06-09 00:00:00-04:00,501.3014278414413,505.0452941237802,498.69909653743974,500.4211120605469,1287300,0.0,0.0
2023-06-12 00:00:00-04:00,500.4210726680721,504.28102294632873,499.18276150678594,503.9907531738281,1404500,0.0,0.0
2023-06-13 00:00:00-04:00,505.00665283203125,505.90633573840006,501.0305586381629,505.00665283203125,1204700,0.0,0.0
2023-06-14 00:00:00-04:00,507.8894811606636,510.6465718685919,506.09011545557496,510.0177917480469,1841400,0.0,0.0
2023-06-15 00:00:00-04:00,511.7591010930112,513.9454537699822,509.49533920248535,511.9332275390625,1871600,0.0,0.0
2023-06-16 00:00:00-04:00,512.8232647165166,513.1328425476751,505.5967509648813,506.5835266113281,3147400,0.0,0.0
2023-06-20 00:00:00-04:00,504.93881484720123,505.857864615742,501.25299128782945,502.76214599609375,1684400,0.0,0.0
2023-06-21 00:00:00-04:00,501.0305550313267,504.6390292100436,499.7052099915564,502.6848449707031,1273600,0.0,0.0
2023-06-22 00:00:00-04:00,503.71992632172163,507.57987672879693,502.74283430470695,507.11553955078125,1114000,0.0,0.0
2023-06-23 00:00:00-04:00,506.080444950386,508.2764812772994,502.41398776282705,507.3477478027344,1433700,0.0,0.0
2023-06-26 00:00:00-04:00,507.3090624353199,507.76371610746804,504.27138544605606,506.3609619140625,1278500,0.0,0.0
2023-06-27 00:00:00-04:00,505.6160860274589,515.0579435734537,505.0839641053135,513.0457763671875,1673600,0.0,0.0
2023-06-28 00:00:00-04:00,511.739673512396,516.1026948179538,511.3817371301856,515.4351806640625,1245200,0.0,0.0
2023-06-29 00:00:00-04:00,513.2875799766931,515.0966290123769,511.71069951625293,514.3613891601562,1121800,0.0,0.0
2023-06-30 00:00:00-04:00,516.7606236878074,521.9749700953656,516.238244312112,520.8334350585938,2221900,0.0,0.0
2023-07-03 00:00:00-04:00,519.7402202619716,523.4454113757594,516.9250874874809,523.4066772460938,951400,0.0,0.0
2023-07-05 00:00:00-04:00,523.5808081146865,528.2534077747151,519.9820767811499,523.4937744140625,1630400,0.0,0.0
2023-07-06 00:00:00-04:00,521.3170583805927,522.6907618154313,519.0920308054789,519.8562622070312,1750100,0.0,0.0
2023-07-07 00:00:00-04:00,516.4897220276149,518.9759688801033,507.53151015139167,507.93780517578125,2739500,0.0,0.0
2023-07-10 00:00:00-04:00,507.94752591184334,513.8390699036837,507.94752591184334,509.833984375,1955600,0.0,0.0
2023-07-11 00:00:00-04:00,510.30802736049117,513.4617887873576,509.002049392255,512.3782958984375,1262300,0.0,0.0
2023-07-12 00:00:00-04:00,514.6613084303846,522.5069769875018,513.800300717063,520.4657592773438,1960500,0.0,0.0
2023-07-13 00:00:00-04:00,520.2722838981764,521.5492702145056,515.4255578247698,520.901123046875,1647200,0.0,0.0
2023-07-14 00:00:00-04:00,521.152678358981,529.0370225705319,520.5625142718205,528.8822631835938,1828400,0.0,0.0
2023-07-17 00:00:00-04:00,528.3791743639342,536.147493062711,528.3017651500604,534.938232421875,1909900,0.0,0.0
2023-07-18 00:00:00-04:00,534.6576101722227,536.9116883878634,531.4845411681541,535.5476684570312,1779200,0.0,0.0
2023-07-19 00:00:00-04:00,536.4086566431478,537.7727357204622,534.0288694761459,536.0507202148438,1261100,0.0,0.0
2023-07-20 00:00:00-04:00,535.7605616138989,542.7839575917624,535.6638443709713,538.8079223632812,1732800,0.0,0.0
2023-07-21 00:00:00-04:00,540.9457695117022,543.7319105871269,539.2818553103403,539.678466796875,5263900,0.0,0.0
2023-07-24 00:00:00-04:00,539.8139339563083,548.1046317479229,537.7630326943421,545.5506591796875,2086400,0.0,0.0
2023-07-25 00:00:00-04:00,548.2981753973526,549.052723379834,545.9086455199727,546.7696533203125,1602500,0.0,0.0
2023-07-26 00:00:00-04:00,547.0791267763541,549.5170148080566,545.0572172658525,547.7175903320312,1306400,0.0,0.0
2023-07-27 00:00:00-04:00,549.2170948786146,552.5449822962522,542.3291514635388,543.5191040039062,1485300,0.0,0.0
2023-07-28 00:00:00-04:00,546.1795154642684,549.3042260703475,544.283373519956,544.9605712890625,1371400,0.0,0.0
2023-07-31 00:00:00-04:00,544.6509899774843,545.898925696209,540.8297145618844,542.3969116210938,1365900,0.0,0.0
2023-08-01 00:00:00-04:00,542.3581319770418,544.5348007002997,536.4665893192198,537.3662719726562,1445300,0.0,0.0
2023-08-02 00:00:00-04:00,534.260927742778,538.4884973734867,533.061350874465,534.3479614257812,1635000,0.0,0.0
2023-08-03 00:00:00-04:00,535.4896447855198,542.0873186649757,534.2222829914243,539.5140380859375,1463400,0.0,0.0
2023-08-04 00:00:00-04:00,542.7838216325624,542.9966231320736,533.4386237059122,534.048095703125,1141500,0.0,0.0
2023-08-07 00:00:00-04:00,536.9020506491273,541.3231147170006,536.9020506491273,540.2105712890625,1015400,0.0,0.0
2023-08-08 00:00:00-04:00,539.8139108179032,540.6846020343668,533.8547007933822,537.9951782226562,1020400,0.0,0.0
2023-08-09 00:00:00-04:00,539.7945837808386,543.7706776485343,538.662732352248,541.4585571289062,1471800,0.0,0.0
2023-08-10 00:00:00-04:00,544.84447532723,550.6586098202878,542.425954093574,543.190185546875,1107200,0.0,0.0
2023-08-11 00:00:00-04:00,542.0873236541555,546.5857967502055,540.8103964080055,544.6123046875,1043100,0.0,0.0
2023-08-14 00:00:00-04:00,546.3633941726068,549.2075779238896,542.1744982464456,543.1708984375,1247600,0.0,0.0
2023-08-15 00:00:00-04:00,542.7645082598198,546.7405428856667,540.0074177489744,540.3073120117188,1124300,0.0,0.0
2023-08-16 00:00:00-04:00,543.3933680659583,546.5374457014123,540.5104505751409,540.8297119140625,1340100,0.0,0.0
2023-08-17 00:00:00-04:00,541.2359625413379,542.1550123531667,527.3150001972441,529.27880859375,1941900,0.0,0.0
2023-08-18 00:00:00-04:00,529.0950765313592,531.5619565661602,525.4092522557089,527.1796264648438,1877800,0.0,0.0
2023-08-21 00:00:00-04:00,526.1347615294783,527.382756257521,518.8211557857445,525.5059814453125,2076100,0.0,0.0
2023-08-22 00:00:00-04:00,524.2967531043098,524.2967531043098,519.9820897634121,520.82373046875,1286000,0.0,0.0
2023-08-23 00:00:00-04:00,521.3945640548372,523.5324992867838,518.7631819400643,523.2326049804688,1295800,0.0,0.0
2023-08-24 00:00:00-04:00,522.6994916950958,524.3569072828366,514.4900875496858,515.3527221679688,1587500,1.02,0.0
2023-08-25 00:00:00-04:00,516.5157746169297,519.3071803475614,514.2380926044517,517.5819702148438,1511500,0.0,0.0
2023-08-28 00:00:00-04:00,519.5107279653798,520.518712558763,516.7193223063989,519.6948852539062,945800,0.0,0.0
2023-08-29 00:00:00-04:00,517.9018532358408,526.3632688817648,517.9018532358408,526.072509765625,1468500,0.0,0.0
2023-08-30 00:00:00-04:00,526.0336376996366,527.6716495360316,522.718865868631,525.578125,1292800,0.0,0.0
2023-08-31 00:00:00-04:00,523.3875998899483,535.2122945337745,523.3875998899483,532.3821411132812,2086500,0.0,0.0
2023-09-01 00:00:00-04:00,536.055568897093,536.4529297814547,524.0079678575079,527.5068969726562,1437400,0.0,0.0
2023-09-05 00:00:00-04:00,528.9414044471873,532.2949839592803,527.2646442698908,527.97216796875,1714300,0.0,0.0
2023-09-06 00:00:00-04:00,525.0546302372547,531.8005357990396,523.5620277166738,529.8717651367188,1476600,0.0,0.0
2023-09-07 00:00:00-04:00,531.7715371261759,534.039517014483,527.5456217596669,531.742431640625,1340000,0.0,0.0
2023-09-08 00:00:00-04:00,532.1786220607344,535.3867920868868,531.238432017666,534.2333984375,1075300,0.0,0.0
2023-09-11 00:00:00-04:00,535.8035935171533,542.1811858503471,534.8828070685353,541.5899658203125,1388600,0.0,0.0
2023-09-12 00:00:00-04:00,542.0744627458507,543.1600025821125,539.06979496255,541.5994873046875,1055500,0.0,0.0
2023-09-13 00:00:00-04:00,541.1245666818082,543.1987463784733,537.5577845116235,542.5396728515625,1162700,0.0,0.0
2023-09-14 00:00:00-04:00,547.4344390794196,549.2663101748174,543.0147232165938,547.3956909179688,1257300,0.0,0.0
2023-09-15 00:00:00-04:00,547.938404588016,548.1128600328424,538.4495428212649,539.2443237304688,2944900,0.0,0.0
2023-09-18 00:00:00-04:00,541.0084398864582,546.8335609041723,540.3202606526049,545.4087524414062,1003100,0.0,0.0
2023-09-19 00:00:00-04:00,544.3619326712219,547.9384172666488,542.2198989825538,546.988525390625,1144700,0.0,0.0
2023-09-20 00:00:00-04:00,546.9885818813342,551.7087587895616,545.3505698696548,546.484619140625,1311500,0.0,0.0
2023-09-21 00:00:00-04:00,546.7171483593033,547.2017665283784,537.2283459055093,538.0037231445312,1687700,0.0,0.0
2023-09-22 00:00:00-04:00,538.081289621952,545.6510240436704,537.7130341903278,541.4058227539062,1527300,0.0,0.0
2023-09-25 00:00:00-04:00,542.2780453595853,544.003314487971,537.6741726175923,541.434814453125,1313300,0.0,0.0
2023-09-26 00:00:00-04:00,541.9485502196807,544.1002266062632,535.0184863798426,535.948974609375,2425100,0.0,0.0
2023-09-27 00:00:00-04:00,530.5406552514631,549.0724515308123,527.9721549837742,546.19384765625,4591400,0.0,0.0
2023-09-28 00:00:00-04:00,546.7171256680851,554.5776178464399,546.7171256680851,551.1368408203125,2192400,0.0,0.0
2023-09-29 00:00:00-04:00,552.4647642876936,553.4242988867833,543.4508773334464,547.579833984375,1886600,0.0,0.0
2023-10-02 00:00:00-04:00,550.4389479954821,554.1511395001764,546.6492601820254,553.734375,1831700,0.0,0.0
2023-10-03 00:00:00-04:00,553.5308575304854,558.464296596509,545.6897685629793,547.6572875976562,2007400,0.0,0.0
2023-10-04 00:00:00-04:00,551.9704169130902,554.99442968791,546.4167113827469,554.2093505859375,1798800,0.0,0.0
2023-10-05 00:00:00-04:00,554.5679525830989,557.0685989607134,546.9982189635209,551.99951171875,1579700,0.0,0.0
2023-10-06 00:00:00-04:00,548.6751414578079,549.5086706882048,525.9368308291049,540.3784790039062,4245900,0.0,0.0
2023-10-09 00:00:00-04:00,537.9262076983989,542.530080647169,532.8668220324012,541.7740478515625,1781500,0.0,0.0
2023-10-10 00:00:00-04:00,542.6947493932536,549.5085086873329,540.0972033189028,544.7980346679688,2176800,0.0,0.0
2023-10-11 00:00:00-04:00,547.4731276470271,549.0723912846394,542.9662141221514,548.12255859375,1449800,0.0,0.0
2023-10-12 00:00:00-04:00,550.5746951666391,551.6311888143282,545.0791416424005,546.4360961914062,1458000,0.0,0.0
2023-10-13 00:00:00-04:00,546.5040324870986,549.9836179055635,544.6915647802193,549.402099609375,1243900,0.0,0.0
2023-10-16 00:00:00-04:00,552.1643231080567,556.4386298816345,551.0303330101686,554.6358642578125,1428300,0.0,0.0
2023-10-17 00:00:00-04:00,554.3450128259315,558.3382616568069,553.1528711050964,556.6712036132812,1404600,0.0,0.0
2023-10-18 00:00:00-04:00,556.264155141565,559.5401790063872,554.403237760733,556.9620361328125,1311900,0.0,0.0
2023-10-19 00:00:00-04:00,556.0509937267312,558.1348167141456,546.7559896315856,548.229248046875,2019600,0.0,0.0
2023-10-20 00:00:00-04:00,549.1111536838883,549.2371591450286,535.0281799404228,535.9198608398438,2294500,0.0,0.0
2023-10-23 00:00:00-04:00,537.0926834165028,539.7871298993949,529.8137084446942,535.299560546875,1776500,0.0,0.0
2023-10-24 00:00:00-04:00,535.1153550742648,538.8856986024157,532.4306106625211,534.8634033203125,1678600,0.0,0.0
2023-10-25 00:00:00-04:00,531.6746706078997,536.7922677270077,528.8251129296466,533.0703735351562,1757500,0.0,0.0
2023-10-26 00:00:00-04:00,532.7408272216294,537.5966520418922,528.7475778640598,530.7538452148438,1925300,0.0,0.0
2023-10-27 00:00:00-04:00,530.7537595656065,531.1705832216904,523.6104929643947,526.3244018554688,1503100,0.0,0.0
2023-10-30 00:00:00-04:00,528.9511010010842,539.2443875668166,526.9157280796679,537.8099365234375,1696200,0.0,0.0
2023-10-31 00:00:00-04:00,535.1735927122181,536.9861193680781,532.1689832650715,535.4450073242188,1394700,0.0,0.0
2023-11-01 00:00:00-04:00,537.9261628058019,541.2603381451682,532.7407721066163,539.6707763671875,1735300,0.0,0.0
2023-11-02 00:00:00-04:00,540.3699521419007,543.2927173404586,536.0101034301904,539.8552856445312,2100600,1.02,0.0
2023-11-03 00:00:00-04:00,541.175863989637,546.6717833959591,539.1366967135507,544.6423950195312,1826300,0.0,0.0
2023-11-06 00:00:00-05:00,544.244245503891,556.0518223433243,543.8946942907254,553.3038330078125,2056900,0.0,0.0
2023-11-07 00:00:00-05:00,555.9061827167743,557.2559080218107,553.0513957571584,554.7118530273438,1373100,0.0,0.0
2023-11-08 00:00:00-05:00,555.5371725554187,556.3819509789387,547.9341074776784,550.9345703125,1343600,0.0,0.0
2023-11-09 00:00:00-05:00,552.5076234616328,552.5076234616328,545.7202370074772,546.9437255859375,1288400,0.0,0.0
2023-11-10 00:00:00-05:00,551.4395414851143,561.1399735989681,548.5653152318728,560.3922729492188,1908800,0.0,0.0
2023-11-13 00:00:00-05:00,558.3337933778917,563.1403309306197,556.8675508031455,561.4701538085938,1650700,0.0,0.0
2023-11-14 00:00:00-05:00,564.8783256109828,574.4039815537927,564.3637184164764,573.6757202148438,2037600,0.0,0.0
2023-11-15 00:00:00-05:00,576.773251806142,582.5022646228255,576.190666450505,579.482421875,2165100,0.0,0.0
2023-11-16 00:00:00-05:00,569.3839043536575,569.5878388838177,555.6537350417719,561.8099975585938,2954700,0.0,0.0
2023-11-17 00:00:00-05:00,562.1207243580526,563.1111195635455,557.4209847015165,560.4214477539062,1773600,0.0,0.0
2023-11-20 00:00:00-05:00,560.6060230923605,565.4416605257624,560.6060230923605,563.9656982421875,1624100,0.0,0.0
2023-11-21 00:00:00-05:00,565.1308735632113,567.9953803941077,560.9652394907718,567.3641967773438,1173700,0.0,0.0
2023-11-22 00:00:00-05:00,569.8402719754718,574.0059653006176,569.3547643536929,572.0056762695312,1068600,0.0,0.0
2023-11-24 00:00:00-05:00,573.8894314728482,576.977252745365,573.2970671493457,574.2195434570312,645800,0.0,0.0
2023-11-27 00:00:00-05:00,575.3459006486629,582.5508162793935,575.2390439427411,577.6569213867188,1627400,0.0,0.0
2023-11-28 00:00:00-05:00,575.9965610420738,580.1039367450483,574.2778450172232,576.7830810546875,1286800,0.0,0.0
2023-11-29 00:00:00-05:00,577.9481997674905,577.9579194010664,570.3936738366286,570.8209228515625,1319800,0.0,0.0
2023-11-30 00:00:00-05:00,570.7918509782742,575.8799608706444,565.9367752388275,575.5595092773438,1755200,0.0,0.0
2023-12-01 00:00:00-05:00,576.0839476694101,579.0649122898309,573.4719143138929,578.9678344726562,1474700,0.0,0.0
2023-12-04 00:00:00-05:00,574.9865712254191,582.1526668570018,574.3165684869848,581.7156982421875,1624000,0.0,0.0
2023-12-05 00:00:00-05:00,581.1817447329817,591.2317281499295,579.7252219614783,587.8040161132812,2349700,0.0,0.0
2023-12-06 00:00:00-05:00,587.9497391664681,590.8433456723686,586.3572599182799,589.8237915039062,2233900,0.0,0.0
2023-12-07 00:00:00-05:00,592.3192839420948,594.601146001675,588.7750546842118,593.2417602539062,1690400,0.0,0.0
2023-12-08 00:00:00-05:00,590.9598557981608,595.8246516696865,590.1150772742983,593.0767211914062,1502100,0.0,0.0
2023-12-11 00:00:00-05:00,603.9422939084384,606.9136573080481,600.8253730549144,605.7775268554688,2139300,0.0,0.0
2023-12-12 00:00:00-05:00,609.2537395101133,611.4385235668578,605.1463644485729,611.2540283203125,2374400,0.0,0.0
2023-12-13 00:00:00-05:00,615.5459649268699,623.9743701060914,612.7106170178945,623.3917846679688,2436900,0.0,0.0
2023-12-14 00:00:00-05:00,622.5955940530786,623.2947558999127,612.0309426592534,612.4970703125,3839200,0.0,0.0
2023-12-15 00:00:00-05:00,622.9061933052915,642.6954859960101,621.935178194917,639.7241821289062,8805200,0.0,0.0
2023-12-18 00:00:00-05:00,645.2395998149342,662.1449483545371,641.938124431502,661.494384765625,5733400,0.0,0.0
2023-12-19 00:00:00-05:00,655.4352530580618,661.0671293051998,649.7256790012487,658.0958251953125,3437300,0.0,0.0
2023-12-20 00:00:00-05:00,652.3182353755,654.8040317472933,641.6467885380039,641.8410034179688,3782700,0.0,0.0
2023-12-21 00:00:00-05:00,646.5601546092524,647.9972973789722,640.3359733721398,645.8804321289062,2388400,0.0,0.0
2023-12-22 00:00:00-05:00,648.6381580250782,653.7554271291294,646.6961276118295,652.1337890625,1639500,0.0,0.0
2023-12-26 00:00:00-05:00,653.5029638964685,656.2703335721311,651.3376189170278,655.0662841796875,1774800,0.0,0.0
2023-12-27 00:00:00-05:00,658.1249843535011,663.964395927694,655.8408747980784,662.1966552734375,1875900,15.0,0.0
2023-12-28 00:00:00-05:00,661.2531093958028,662.2561462998019,657.0225703146676,658.5220947265625,1496900,0.0,0.0
2023-12-29 00:00:00-05:00,656.43676410118,658.611647786521,652.6232470012321,655.5231323242188,1947000,0.0,0.0
2024-01-02 00:00:00-05:00,651.0540996528487,653.2587443792005,645.0160570812129,646.1581420898438,2657700,0.0,0.0
2024-01-03 00:00:00-05:00,646.7143884073796,650.9251078354541,638.6603297903847,640.2393798828125,2612600,0.0,0.0
2024-01-04 00:00:00-05:00,637.647350258377,645.4133713407485,636.0881816446087,643.8740234375,2171100,0.0,0.0
2024-01-05 00:00:00-05:00,651.6500105937416,655.0960867378658,647.737208220399,651.481201171875,2232100,0.0,0.0
2024-01-08 00:00:00-05:00,651.2825366597078,657.5092703789564,649.5148566167356,657.1219482421875,2245300,0.0,0.0
2024-01-09 00:00:00-05:00,654.3314683636327,662.683383789475,653.7157533435969,662.5741577148438,1886200,0.0,0.0
2024-01-10 00:00:00-05:00,664.9375582232144,669.1780988335073,664.3913673793129,668.115478515625,1801900,0.0,0.0
2024-01-11 00:00:00-05:00,666.3677865989606,669.8535651957717,663.030996730517,668.9299926757812,1670800,0.0,0.0
2024-01-12 00:00:00-05:00,672.8228900866914,678.9999213261468,671.4424713811201,678.5232543945312,2387600,0.0,0.0
2024-01-16 00:00:00-05:00,678.5231970777886,681.7805824721374,673.4782502270808,676.7852783203125,1626700,0.0,0.0
2024-01-17 00:00:00-05:00,675.8022071195222,680.1420342250283,674.5012530542484,679.4667358398438,1786800,0.0,0.0
2024-01-18 00:00:00-05:00,678.1160111364422,682.9722063180964,675.5141034967692,682.5650634765625,1900600,0.0,0.0
2024-01-19 00:00:00-05:00,683.7468755236516,691.3242059504537,677.9571065048714,690.1721801757812,2261000,0.0,0.0
2024-01-22 00:00:00-05:00,690.6290114829484,693.8366934088588,685.7529349045309,687.7291870117188,2452900,0.0,0.0
2024-01-23 00:00:00-05:00,685.9515367434807,686.8552884381223,679.9036134310765,682.8432006835938,2208600,0.0,0.0
2024-01-24 00:00:00-05:00,684.2434302591266,685.2067046875114,678.404018487057,681.7706298828125,1946500,0.0,0.0
2024-01-25 00:00:00-05:00,681.7607111354012,681.7607111354012,671.2934964008441,675.206298828125,2751900,0.0,0.0
2024-01-26 00:00:00-05:00,675.3850181119175,682.4955616808828,674.8090052268371,682.1380615234375,1825500,0.0,0.0
2024-01-29 00:00:00-05:00,685.137199563396,689.3379777486535,681.5223142838682,689.2188110351562,2215400,0.0,0.0
2024-01-30 00:00:00-05:00,688.1562645076386,697.7992529704893,686.0310235325588,695.9024047851562,1610500,0.0,0.0
2024-01-31 00:00:00-05:00,696.4783062858386,700.6493228799519,688.2554398048334,690.082763671875,1928500,0.0,0.0
2024-02-01 00:00:00-05:00,690.2220886832666,701.460563001074,687.7356978738889,700.64501953125,2039200,1.02,0.0
2024-02-02 00:00:00-05:00,699.5112076795323,710.3916552974774,698.4370699510017,705.6177368164062,2377400,0.0,0.0
2024-02-05 00:00:00-05:00,706.7715072532052,708.9793931132238,701.8384861266683,707.2886352539062,2276900,0.0,0.0
2024-02-06 00:00:00-05:00,707.3583225722036,708.8402018823838,700.5058751721674,706.9207153320312,1920200,0.0,0.0
2024-02-07 00:00:00-05:00,710.2623986035893,719.3824627837528,708.1240782994751,715.8617553710938,2145500,0.0,0.0
2024-02-08 00:00:00-05:00,719.9493455604483,724.2060147873893,716.7368875629446,720.2178344726562,1918500,0.0,0.0
2024-02-09 00:00:00-05:00,721.1925543449021,721.5804458622044,716.1998624020106,719.4620361328125,1426100,0.0,0.0
2024-02-12 00:00:00-05:00,719.5813595319651,719.8598037172744,711.4060755675206,718.4773559570312,1572600,0.0,0.0
2024-02-13 00:00:00-05:00,717.4629011030354,717.8507925840078,705.1800957924895,710.3617553710938,1951100,0.0,0.0
2024-02-14 00:00:00-05:00,712.1023066130491,718.616638199167,707.1991513672261,718.2486572265625,1472500,0.0,0.0
2024-02-15 00:00:00-05:00,717.5623996180948,722.07772397206,714.369912814162,720.5659790039062,1264100,0.0,0.0
2024-02-16 00:00:00-05:00,718.0597154636719,725.0912360058148,714.5887235821185,720.048828125,1764600,0.0,0.0
2024-02-20 00:00:00-05:00,724.0668514370196,730.9591193041579,719.7703609413558,721.7395629882812,2407300,0.0,0.0
2024-02-21 00:00:00-05:00,721.7395547362446,724.8226549464731,716.3490766545654,719.0841064453125,1565900,0.0,0.0
2024-02-22 00:00:00-05:00,721.8986558377861,732.0431420945238,721.8986558377861,730.4021606445312,1801600,0.0,0.0
2024-02-23 00:00:00-05:00,736.0909834967752,738.4679875565851,733.1073146794765,733.9129028320312,1265800,0.0,0.0
2024-02-26 00:00:00-05:00,737.9607412952736,742.7147493321132,734.9770725299288,741.29248046875,1707000,0.0,0.0
2024-02-27 00:00:00-05:00,741.9390227081001,742.5755533284494,737.2944616405065,740.6560668945312,1471300,0.0,0.0
2024-02-28 00:00:00-05:00,739.1641635333305,747.7869491204033,739.1641635333305,743.8883056640625,1365000,0.0,0.0
2024-02-29 00:00:00-05:00,747.329492657604,748.4633014306146,738.9453901679418,739.8405151367188,3361200,0.0,0.0
2024-03-01 00:00:00-05:00,736.4092836516859,747.2897322153239,735.225759203344,745.3602905273438,1672800,0.0,0.0
2024-03-04 00:00:00-05:00,750.969584680128,760.5769717863699,749.5672263097056,755.0472412109375,2133400,0.0,0.0
2024-03-05 00:00:00-05:00,764.2369734989869,765.08238281826,752.7797256245286,755.8131103515625,2353400,0.0,0.0
2024-03-06 00:00:00-05:00,760.6764642180964,770.9402317752933,759.5028343701479,769.0307006835938,2400600,0.0,0.0
2024-03-07 00:00:00-05:00,774.8687712715581,782.795416823727,772.7802272500854,781.3135375976562,4187900,0.0,0.0
2024-03-08 00:00:00-05:00,751.9343034073763,752.1033609871703,721.1527727611295,721.6102905273438,8568900,0.0,0.0
2024-03-11 00:00:00-04:00,715.8915369513459,716.0805050682992,707.1394540299792,710.1927490234375,3762500,0.0,0.0
2024-03-12 00:00:00-04:00,713.1764497136035,736.0213788228575,713.0073314362522,732.86865234375,3727400,0.0,0.0
2024-03-13 00:00:00-04:00,730.9988799691549,732.4907144180715,722.624732926048,730.2032470703125,2270300,0.0,0.0
2024-03-14 00:00:00-04:00,734.3107893544036,736.6479724399227,725.0216065579848,727.9655151367188,1826100,0.0,0.0
2024-03-15 00:00:00-04:00,728.5323778701832,728.5323778701832,719.2829560026437,721.6798706054688,3389900,0.0,0.0
2024-03-18 00:00:00-04:00,722.1472896387432,729.347928086525,722.0677688425385,727.5576782226562,1595200,0.0,0.0
2024-03-19 00:00:00-04:00,727.8063288885824,731.3469468688352,726.0460055253141,728.1842651367188,1322700,0.0,0.0
2024-03-20 00:00:00-04:00,727.0206856386098,738.0503421751536,725.1608701362316,736.687744140625,1398700,0.0,0.0
2024-03-21 00:00:00-04:00,739.4526466280945,748.2146856482548,737.0656871056324,738.5177612304688,2106900,0.0,0.0
2024-03-22 00:00:00-04:00,740.3775702204584,740.7355959347997,730.3822911262373,730.7999877929688,1791200,0.0,0.0
2024-03-25 00:00:00-04:00,727.0205953566154,730.163366296216,722.7837761554805,726.9808349609375,1604700,0.0,0.0
2024-03-26 00:00:00-04:00,727.0207040092929,730.7005747064186,726.244920905925,727.0007934570312,1353500,0.0,0.0
2024-03-27 00:00:00-04:00,730.0043186824117,731.8840446439,723.7883418543939,728.0947875976562,1246700,0.0,0.0
2024-03-28 00:00:00-04:00,729.8551142128184,730.8994468869024,724.355249456364,728.6417846679688,1713300,0.0,0.0
2024-04-01 00:00:00-04:00,727.7764715960398,729.278261205524,716.2794040840465,717.313720703125,1600700,0.0,0.0
2024-04-02 00:00:00-04:00,716.0805080582626,716.0805080582626,704.5436797095937,707.4278564453125,2326700,0.0,0.0
2024-04-03 00:00:00-04:00,706.1150130473266,706.9405117153841,693.4742422085651,701.848388671875,3205500,0.0,0.0
2024-04-04 00:00:00-04:00,704.9116852392657,713.2261613039318,700.3864055307987,701.0428466796875,2252400,0.0,0.0
2024-04-05 00:00:00-04:00,702.1965314443695,712.9875040783318,702.1766815956838,709.834716796875,1552300,0.0,0.0
2024-04-08 00:00:00-04:00,709.6258163037044,712.2415040113815,707.0001733213913,707.93505859375,1459000,0.0,0.0
2024-04-09 00:00:00-04:00,712.3410398163072,715.1357407685884,703.131438181252,714.6782836914062,1388300,0.0,0.0
2024-04-10 00:00:00-04:00,707.1295058068202,720.0388267270023,705.0906776001367,718.646484375,1832000,0.0,0.0
2024-04-11 00:00:00-04:00,727.5179326770578,729.7954447485944,720.2079681609839,728.36328125,2107800,0.0,0.0
2024-04-12 00:00:00-04:00,724.0369397442768,728.910289581406,722.5848657868023,727.3289184570312,1480600,0.0,0.0
2024-04-15 00:00:00-04:00,731.4266008357707,736.9662872292514,714.0417745106769,714.3699951171875,1808000,0.0,0.0
2024-04-16 00:00:00-04:00,714.3897206847206,718.5668689492954,708.253325804137,712.0723876953125,1412300,0.0,0.0
2024-04-17 00:00:00-04:00,719.0642355355027,719.8598684688205,707.1295594270296,711.2967529296875,1376700,0.0,0.0
2024-04-18 00:00:00-04:00,711.2967281084487,715.0362695377405,705.7073265155925,707.378173828125,1846400,0.0,0.0
2024-04-19 00:00:00-04:00,709.14850161372,710.9784511963228,698.1785165818868,705.6476440429688,2188900,0.0,0.0
2024-04-22 00:00:00-04:00,710.9685373857874,714.3500532550148,702.325840281113,711.5653076171875,1437100,0.0,0.0
2024-04-23 00:00:00-04:00,715.1158774444037,720.327342976545,712.4006973462448,718.7459716796875,1176200,0.0,0.0
2024-04-24 00:00:00-04:00,715.7922243310118,721.4810579274593,712.1919349396026,719.949462890625,1206600,0.0,0.0
2024-04-25 00:00:00-04:00,724.4918039691562,724.4918039691562,711.6613535922784,719.0827026367188,1613600,1.16,0.0
2024-04-26 00:00:00-04:00,712.2490758051157,728.1377211946798,712.2490758051157,726.37451171875,1524400,0.0,0.0
2024-04-29 00:00:00-04:00,726.7232841898991,729.4327902594168,717.4490444937329,723.5355834960938,1526900,0.0,0.0
2024-04-30 00:00:00-04:00,722.7187182363486,722.7187182363486,714.3410404085388,720.1187744140625,1734800,0.0,0.0
2024-05-01 00:00:00-04:00,719.4911404487448,727.0519044516142,712.5678678861997,719.4412841796875,1609100,0.0,0.0
2024-05-02 00:00:00-04:00,721.9616537824022,731.5745514505873,717.8575096107843,729.6220703125,1826900,0.0,0.0
2024-05-03 00:00:00-04:00,731.4549804553131,744.6141177514847,730.5285050075094,741.0379638671875,2323300,0.0,0.0
2024-05-06 00:00:00-04:00,746.7060803680341,754.0277779146243,743.6079994651551,753.5396728515625,1773300,0.0,0.0
2024-05-07 00:00:00-04:00,755.7710271699623,769.2688828942748,752.6630358864418,768.3424682617188,1897800,0.0,0.0
2024-05-08 00:00:00-04:00,767.0375118257068,770.4144837750448,759.7755811668006,760.4728393554688,1511900,0.0,0.0
2024-05-09 00:00:00-04:00,760.8613682244918,776.710190649109,760.672096792383,776.042724609375,1716200,0.0,0.0
2024-05-10 00:00:00-04:00,776.0427088464266,784.4203863602585,775.1660896839735,784.161376953125,1652700,0.0,0.0
2024-05-13 00:00:00-04:00,784.9681993578297,786.4424856568645,770.6036967946875,772.1676635742188,1596800,0.0,0.0
2024-05-14 00:00:00-04:00,771.9485605606305,777.8059429671412,768.4620263091518,774.9071655273438,1327700,0.0,0.0
2024-05-15 00:00:00-04:00,775.5247836230465,786.6218779799938,775.5247836230465,784.011962890625,1661700,0.0,0.0
2024-05-16 00:00:00-04:00,788.7635758079576,801.4645212652765,784.7989079762095,790.0187377929688,2000000,0.0,0.0
2024-05-17 00:00:00-04:00,790.556682012474,794.531321317891,787.5682240925717,792.7482299804688,1309100,0.0,0.0
2024-05-20 00:00:00-04:00,792.1903790621859,799.8906194365114,789.3413971322689,789.9490356445312,1347100,0.0,0.0
2024-05-21 00:00:00-04:00,792.5091472903869,798.3565583065052,788.9528751404941,797.8485107421875,1375700,0.0,0.0
2024-05-22 00:00:00-04:00,796.9619582279948,803.2476791279807,794.9397999291194,798.7749633789062,1192800,0.0,0.0
2024-05-23 00:00:00-04:00,801.2055198242972,804.9410920547352,792.3696511725939,793.2761840820312,1519200,0.0,0.0
2024-05-24 00:00:00-04:00,797.5496596983864,813.7271681678907,796.0156065850126,806.6146240234375,1621900,0.0,0.0
2024-05-28 00:00:00-04:00,806.6246465375846,812.1532816498204,801.6239407198636,810.0414428710938,1986300,0.0,0.0
2024-05-29 00:00:00-04:00,803.9150684737243,810.3103509647538,803.1878357516138,803.4169921875,2282800,0.0,0.0
2024-05-30 00:00:00-04:00,807.082885808374,816.3470932544903,805.1901714611715,812.203125,2288500,0.0,0.0
2024-05-31 00:00:00-04:00,805.9173712033459,808.6169058506714,785.1674954172055,806.7740478515625,4360700,0.0,0.0
2024-06-03 00:00:00-04:00,807.8797442240827,824.7246576381888,804.0246385947092,812.2528686523438,2008700,0.0,0.0
2024-06-04 00:00:00-04:00,811.8444380835236,824.8243358310107,809.9118995799174,824.2067260742188,1754500,0.0,0.0
2024-06-05 00:00:00-04:00,827.7131160419576,831.1797683752454,818.5186471563776,831.090087890625,2080000,0.0,0.0
2024-06-06 00:00:00-04:00,832.2057571330859,845.8232064451342,831.1100136339487,839.3980102539062,1735000,0.0,0.0
2024-06-07 00:00:00-04:00,843.4224647165219,847.1082414469643,839.0493402693204,842.3267211914062,1593600,0.0,0.0
2024-06-10 00:00:00-04:00,843.9206007445794,846.211739695839,839.4976805150491,845.076171875,1402300,0.0,0.0
2024-06-11 00:00:00-04:00,845.9726204207174,847.6660919930259,837.0271895698,846.0423583984375,1690500,0.0,0.0
2024-06-12 00:00:00-04:00,849.0308435622941,852.4476397787797,840.3643035424697,844.5481567382812,1838300,0.0,0.0
2024-06-13 00:00:00-04:00,844.5481803580153,844.5481803580153,834.3276443853722,842.705322265625,1322400,0.0,0.0
2024-06-14 00:00:00-04:00,840.1749994392869,852.8859162006951,838.6707993021146,852.3778686523438,1395500,0.0,0.0
2024-06-17 00:00:00-04:00,851.2024495350173,867.2106295660891,850.0867634554697,864.57080078125,1904900,0.0,0.0
2024-06-18 00:00:00-04:00,864.6604217695772,870.5975129131635,864.3615881617499,867.3998413085938,1763800,0.0,0.0
2024-06-20 00:00:00-04:00,867.9577562796894,870.4879621028641,857.2491153755901,859.1218872070312,1944600,0.0,0.0
2024-06-21 00:00:00-04:00,863.3056976644157,863.634384243821,844.3887696541414,845.0462036132812,3852900,0.0,0.0
2024-06-24 00:00:00-04:00,846.7297371456896,847.3573181678358,838.2724110286051,844.8967895507812,1722900,0.0,0.0
2024-06-25 00:00:00-04:00,846.0523189396845,852.3978060282438,841.7489324858476,852.218505859375,1675700,0.0,0.0
2024-06-26 00:00:00-04:00,849.4391914657897,856.4322019728405,846.7894523781168,853.5433959960938,1505300,0.0,0.0
2024-06-27 00:00:00-04:00,854.41003847758,855.0276482038995,845.3749274163212,847.3472900390625,1254900,0.0,0.0
2024-06-28 00:00:00-04:00,847.9748885484922,853.9418328085812,843.5519686361205,846.7197265625,2131700,0.0,0.0
2024-07-01 00:00:00-04:00,850.2162739922617,852.7066555798195,837.2662897369606,842.4163818359375,1989000,0.0,0.0
2024-07-02 00:00:00-04:00,842.4362614227597,857.0498024629638,839.8363178316199,856.0536499023438,1377900,0.0,0.0
2024-07-03 00:00:00-04:00,851.7105010032319,860.1977408903878,851.7105010032319,859.3410034179688,814400,0.0,0.0
2024-07-05 00:00:00-04:00,861.2336249178461,883.5275233000662,855.4160674174344,882.2623901367188,2620700,0.0,0.0
2024-07-08 00:00:00-04:00,883.3781703580656,884.5337414589984,874.2832919668143,877.4511108398438,1611300,0.0,0.0
2024-07-09 00:00:00-04:00,880.4494693843374,893.2201532762828,879.5728502141957,883.4379272460938,1356800,0.0,0.0
2024-07-10 00:00:00-04:00,883.9858531703229,886.8448063058459,877.3116185025982,880.90771484375,1755800,0.0,0.0
2024-07-11 00:00:00-04:00,887.3328663721131,887.3328663721131,843.2630867316113,843.3328247070312,6021100,0.0,0.0
2024-07-12 00:00:00-04:00,846.6201403415862,846.7297025345412,835.1544142886247,839.6570434570312,3288400,0.0,0.0
2024-07-15 00:00:00-04:00,843.6018599616962,854.5994246692887,841.4202831191866,845.4646606445312,2064000,0.0,0.0
2024-07-16 00:00:00-04:00,844.5381603049059,847.9649276735545,838.1030534349467,847.4967651367188,1687600,0.0,0.0
2024-07-17 00:00:00-04:00,844.7474335458994,846.6799721534373,839.4080698385919,843.0241088867188,1783100,0.0,0.0
2024-07-18 00:00:00-04:00,846.1618562210117,852.0092668460136,821.9354188239228,836.1405639648438,2338500,0.0,0.0
2024-07-19 00:00:00-04:00,833.2916331366333,845.6140361118008,832.3452759929589,834.9053955078125,1984400,0.0,0.0
2024-07-22 00:00:00-04:00,842.4960491399928,846.3213018202457,835.3735338339307,844.1596069335938,1920200,0.0,0.0
2024-07-23 00:00:00-04:00,845.6339929698754,851.2921326192126,842.3267589381575,848.8316040039062,1744100,0.0,0.0
2024-07-24 00:00:00-04:00,841.3504867782203,842.745124780022,826.3086063889223,827.62353515625,2511300,0.0,0.0
2024-07-25 00:00:00-04:00,832.5743636099073,833.4311010582163,811.1471721546804,812.8107299804688,2183700,0.0,0.0
2024-07-26 00:00:00-04:00,816.0128832259171,820.2825153125117,807.0447318184291,815.6138305664062,1441500,1.16,0.0
2024-07-29 00:00:00-04:00,820.561853178167,821.7389794420864,812.1124575387614,813.578857421875,1320400,0.0,0.0
2024-07-30 00:00:00-04:00,816.012927068254,820.0032103302015,801.3287138899949,808.0623168945312,2017200,0.0,0.0
2024-07-31 00:00:00-04:00,818.4269949614893,823.4747006276808,809.2992589382359,820.003173828125,2135000,0.0,0.0
2024-08-01 00:00:00-04:00,816.5615804151092,822.1679235380127,807.7131321356172,814.9056396484375,1861400,0.0,0.0
2024-08-02 00:00:00-04:00,814.2172867269551,828.2730249880572,803.0544672096248,820.0830078125,2598500,0.0,0.0
2024-08-05 00:00:00-04:00,796.0614889813136,808.8503537924275,791.073635040328,799.8822021484375,2820900,0.0,0.0
2024-08-06 00:00:00-04:00,803.1043358664159,831.0662742698262,803.1043358664159,814.8956298828125,2476300,0.0,0.0
2024-08-07 00:00:00-04:00,822.1080542643008,831.8044740647922,807.2941522951122,808.3316040039062,1702000,0.0,0.0
2024-08-08 00:00:00-04:00,819.5044315800641,840.7127970315128,818.4569943926716,837.390869140625,2345000,0.0,0.0
2024-08-09 00:00:00-04:00,836.4631292481359,855.6863383569995,835.5952475091339,852.8532104492188,1710600,0.0,0.0
2024-08-12 00:00:00-04:00,855.1675741979969,868.1359946874387,850.3293801393843,861.4722290039062,1748200,0.0,0.0
2024-08-13 00:00:00-04:00,862.818909970261,865.9413114114939,854.0801801147264,862.7191772460938,1484100,0.0,0.0
2024-08-14 00:00:00-04:00,862.7690449655463,864.6245120235751,856.4145238991214,860.6143188476562,1341500,0.0,0.0
2024-08-15 00:00:00-04:00,870.7495914079323,878.1914912566176,866.888997406658,875.2186889648438,1923800,0.0,0.0
2024-08-16 00:00:00-04:00,875.2186859147134,875.2186859147134,866.5099126240802,868.4751586914062,1516300,0.0,0.0
2024-08-19 00:00:00-04:00,868.475161554544,871.5077547694648,866.589738190494,870.2308349609375,1318400,0.0,0.0
2024-08-20 00:00:00-04:00,869.8817237325401,874.6301704067438,869.0537229334108,874.071533203125,1104600,0.0,0.0
2024-08-21 00:00:00-04:00,878.6004677784676,888.9552572131508,875.0889991940531,879.27880859375,1465500,0.0,0.0
2024-08-22 00:00:00-04:00,880.1566984730956,881.8525809985476,871.0588577120255,875.42822265625,1440900,0.0,0.0
2024-08-23 00:00:00-04:00,880.346219214937,882.4111980155908,869.5524961753996,877.07421875,1305800,0.0,0.0
2024-08-26 00:00:00-04:00,881.0245809406861,891.0801115908463,879.2988029511604,890.3419189453125,1737000,0.0,0.0
2024-08-27 00:00:00-04:00,890.5214338847841,916.6976805826652,884.9150911493485,906.6920776367188,2098900,0.0,0.0
2024-08-28 00:00:00-04:00,908.7471429863518,910.004031084079,879.5182690295554,885.8927612304688,1668400,0.0,0.0
2024-08-29 00:00:00-04:00,888.8355757796795,898.2726173924228,883.019721013286,884.4761962890625,1709900,0.0,0.0
2024-08-30 00:00:00-04:00,888.3367812973257,894.1526360042321,880.9547331563825,890.2122192382812,1933500,0.0,0.0
2024-09-03 00:00:00-04:00,894.5017837134849,894.7112955021882,872.3158187126888,876.435791015625,1784200,0.0,0.0
2024-09-04 00:00:00-04:00,875.3184990943406,889.593734618614,874.4606028305074,887.8579711914062,1425200,0.0,0.0
2024-09-05 00:00:00-04:00,886.471345766477,886.471345766477,866.5897670089089,883.8277587890625,1998800,0.0,0.0
2024-09-06 00:00:00-04:00,889.0949531892803,891.0302429598634,868.8841592157914,874.5503540039062,2074600,0.0,0.0
2024-09-09 00:00:00-04:00,882.5907384737275,896.6465371770148,879.5581453031775,894.3121948242188,1954000,0.0,0.0
2024-09-10 00:00:00-04:00,890.4316566520008,898.5020310776167,885.364040912346,892.1175537109375,1360800,0.0,0.0
2024-09-11 00:00:00-04:00,892.8258619046411,899.8088574726104,875.7374693080737,898.2127685546875,1796100,0.0,0.0
2024-09-12 00:00:00-04:00,898.232635052293,913.4755452936328,894.3321602213756,912.8071899414062,1868700,0.0,0.0
2024-09-13 00:00:00-04:00,911.4106034132769,921.5858376226937,907.1509566670405,913.7748413085938,1327500,0.0,0.0
2024-09-16 00:00:00-04:00,919.7602923168995,920.3887668019069,903.1507138763772,905.6646118164062,1661000,0.0,0.0
2024-09-17 00:00:00-04:00,906.2231948818519,906.3927648621026,893.2747459482721,895.09033203125,1387000,0.0,0.0
2024-09-18 00:00:00-04:00,897.753887154995,902.7816221739396,888.7857352154206,890.3519287109375,1338200,0.0,0.0
2024-09-19 00:00:00-04:00,902.0634097282419,902.9312914805938,893.3246795034248,898.5519409179688,1747500,0.0,0.0
2024-09-20 00:00:00-04:00,899.3799022280818,905.6047342004239,893.5241665761782,904.7767333984375,4658200,0.0,0.0
2024-09-23 00:00:00-04:00,904.7767324114313,917.2663381416011,898.5918422449469,914.8522338867188,1697600,0.0,0.0
2024-09-24 00:00:00-04:00,909.7945119936709,910.5526755076929,895.3497069770792,899.3499145507812,2432600,0.0,0.0
2024-09-25 00:00:00-04:00,900.8064401020374,908.14854663996,898.9409875610387,906.2132568359375,1728100,0.0,0.0
2024-09-26 00:00:00-04:00,903.1008529003549,907.0312843741673,895.948287155569,899.250244140625,2738600,0.0,0.0
2024-09-27 00:00:00-04:00,891.090144851501,891.3195666625874,871.8769205895135,883.4686889648438,3459100,0.0,0.0
2024-09-30 00:00:00-04:00,889.2046489391265,907.7893971831793,879.2688221891387,884.366455078125,2142900,0.0,0.0
2024-10-01 00:00:00-04:00,883.0995344067621,884.8352978248349,870.6298996368276,875.2486572265625,1836700,0.0,0.0
2024-10-02 00:00:00-04:00,872.5253553471343,879.0893276040731,865.0534986466282,876.3959350585938,1317100,0.0,0.0
2024-10-03 00:00:00-04:00,872.3157930720674,879.0394103702031,870.5500733121702,873.5427856445312,1451900,0.0,0.0
2024-10-04 00:00:00-04:00,875.8571641294026,882.1418479000301,873.5427926008533,880.9647216796875,1516400,0.0,0.0
2024-10-07 00:00:00-04:00,879.4583864116447,885.5535902285375,870.2109465672196,871.4678955078125,1963200,0.0,0.0
2024-10-08 00:00:00-04:00,874.5703161145299,889.1448106159937,874.5703161145299,888.2569580078125,1697900,0.0,0.0
2024-10-09 00:00:00-04:00,890.0725722715313,907.7894396487769,885.7131926905429,906.8916015625,1956500,0.0,0.0
2024-10-10 00:00:00-04:00,907.7893960304166,907.7893960304166,889.6735377306335,891.4591674804688,1765800,0.0,0.0
2024-10-11 00:00:00-04:00,892.327044155556,892.327044155556,883.3489073222413,886.870361328125,1527300,0.0,0.0
2024-10-14 00:00:00-04:00,890.282100784817,892.9954642208965,884.1071349021117,887.5986328125,1431500,0.0,0.0
2024-10-15 00:00:00-04:00,889.9229306530865,898.4621339671049,887.3890619420539,892.436767578125,1613900,0.0,0.0
2024-10-16 00:00:00-04:00,887.758173100895,889.164781999906,877.3635026027534,885.224365234375,1475500,0.0,0.0
2024-10-17 00:00:00-04:00,889.3942539706511,893.15511551405,880.6555236870937,883.1394653320312,1321500,0.0,0.0
2024-10-18 00:00:00-04:00,883.6082911194895,888.4464849781122,881.6031641386414,887.3990478515625,1654000,0.0,0.0
2024-10-21 00:00:00-04:00,886.8404692322305,889.2346635826647,881.5533560024875,884.6159057617188,1184900,0.0,0.0
2024-10-22 00:00:00-04:00,888.8155457442803,892.7160813786155,882.1617660518605,891.3194580078125,1189700,0.0,0.0
2024-10-23 00:00:00-04:00,893.8434062905255,903.4799134131007,892.8158791424386,896.9857177734375,2193500,0.0,0.0
2024-10-24 00:00:00-04:00,899.3100840065165,901.3052256238354,886.1022562417675,891.2496948242188,1649600,0.0,0.0
2024-10-25 00:00:00-04:00,893.4742847686454,899.4297530415948,887.8379855617287,889.0549926757812,1425800,0.0,0.0
2024-10-28 00:00:00-04:00,893.813403491018,893.813403491018,887.8379644608741,888.795654296875,912500,0.0,0.0
2024-10-29 00:00:00-04:00,887.8380250424498,889.0051658472661,871.9667001715295,884.8353271484375,1361700,0.0,0.0
2024-10-30 00:00:00-04:00,884.2268594585096,884.4164003564637,875.2387363117082,876.95458984375,1412200,0.0,0.0
2024-10-31 00:00:00-04:00,875.0690796523724,875.5179986701096,866.5398618629107,872.056396484375,1771900,0.0,0.0
2024-11-01 00:00:00-04:00,873.3051129484929,878.4393937433476,866.3827687055779,876.3417358398438,1625200,1.16,0.0
2024-11-04 00:00:00-05:00,880.367281084192,886.021007247111,875.7623228620765,885.092041015625,1576700,0.0,0.0
2024-11-05 00:00:00-05:00,887.0199121055884,894.5915631109849,885.8212243551307,889.1875,1622300,0.0,0.0
2024-11-06 00:00:00-05:00,897.2886071674586,898.9068143132381,885.3018514400295,898.2575073242188,2437400,0.0,0.0
2024-11-07 00:00:00-05:00,897.6281651277238,918.4651267772055,893.3828559619786,912.9212646484375,2145500,0.0,0.0
2024-11-08 00:00:00-05:00,912.9912037073263,960.9382253462231,912.7414796362905,942.75830078125,3277100,0.0,0.0
2024-11-11 00:00:00-05:00,942.7583335631934,950.2301194864976,930.4119896941356,931.8504028320312,2181800,0.0,0.0
2024-11-12 00:00:00-05:00,934.9170193133011,938.5230203824062,925.9768850900169,931.3509521484375,1691400,0.0,0.0
2024-11-13 00:00:00-05:00,928.9735382493873,936.5551878228633,922.1810557546703,932.6994018554688,1757600,0.0,0.0
2024-11-14 00:00:00-05:00,925.9768530966543,930.1222970526499,921.1521669852664,922.8703002929688,1859900,0.0,0.0
2024-11-15 00:00:00-05:00,916.727053794535,919.5339498767266,904.5605045325196,906.06884765625,2269900,0.0,0.0
2024-11-18 00:00:00-05:00,909.634912167339,924.9180128749127,906.1087790765911,918.4951171875,1797800,0.0,0.0
2024-11-19 00:00:00-05:00,926.9757616647914,932.9691394341759,915.3485941599157,929.1234130859375,1690500,0.0,0.0
2024-11-20 00:00:00-05:00,924.0590361009318,927.7749011923291,915.4884884993177,927.0557250976562,1452100,0.0,0.0
2024-11-21 00:00:00-05:00,933.9680428449989,957.4321072360656,928.9735613324588,954.5952758789062,2320500,0.0,0.0
2024-11-22 00:00:00-05:00,961.6774270940498,975.2224586662559,957.4621139156644,962.946044921875,2078700,0.0,0.0
2024-11-25 00:00:00-05:00,973.9238797496472,973.9238797496472,948.6418171663449,959.8294677734375,3240900,0.0,0.0
2024-11-26 00:00:00-05:00,962.9360122876994,973.294561816317,959.8294594944351,970.427734375,1438000,0.0,0.0
2024-11-27 00:00:00-05:00,970.3878048002264,971.2168448181095,957.5320145185048,960.4887084960938,1499500,0.0,0.0
2024-11-29 00:00:00-05:00,967.0215170958611,972.1957924596411,961.4076639666678,970.8073120117188,1095900,0.0,0.0
2024-12-02 00:00:00-05:00,970.2878920083551,975.422233605018,963.6952008380798,973.9238891601562,1955800,0.0,0.0
2024-12-03 00:00:00-05:00,973.6142515817089,981.915077519587,969.6885963803954,981.0660400390625,1653900,0.0,0.0
2024-12-04 00:00:00-05:00,980.9161561155298,990.0560815499548,976.4710554344827,989.8262939453125,1784700,0.0,0.0
2024-12-05 00:00:00-05:00,985.5710105220245,989.0372124354778,977.1203867234575,981.1759033203125,2089400,0.0,0.0
2024-12-06 00:00:00-05:00,981.1759127678479,996.6088731640727,981.1759127678479,991.5144653320312,1737300,0.0,0.0
2024-12-09 00:00:00-05:00,995.9096401661055,995.9096401661055,979.4178519957062,986.7697143554688,1855500,0.0,0.0
2024-12-10 00:00:00-05:00,988.6375956230441,993.8917998103097,984.7918693324391,992.3035888671875,1556800,0.0,0.0
2024-12-11 00:00:00-05:00,993.9018185002259,1006.6876789466704,992.4934015430539,993.5921630859375,1903600,0.0,0.0
2024-12-12 00:00:00-05:00,1000.5744432427276,1001.3635493750883,986.1204429772914,987.2991333007812,2344300,0.0,0.0
2024-12-13 00:00:00-05:00,979.9172966980495,1005.5689470569458,964.6641302764502,988.258056640625,2951900,0.0,0.0
2024-12-16 00:00:00-05:00,987.9583787188934,1007.1371999772302,985.2813439364032,991.774169921875,2581300,0.0,0.0
2024-12-17 00:00:00-05:00,992.902920555295,995.8196806754819,979.6775433200492,980.99609375,2050200,0.0,0.0
2024-12-18 00:00:00-05:00,980.9161922777627,984.5121946647797,962.9360584070909,963.6752319335938,2725300,0.0,0.0
2024-12-19 00:00:00-05:00,973.4344223883057,973.5642837819703,952.4576005339352,953.7461547851562,2610800,0.0,0.0
2024-12-20 00:00:00-05:00,948.3422013006755,960.8783380476875,942.0091717431158,953.0170288085938,5373800,0.0,0.0
2024-12-23 00:00:00-05:00,952.8272223415579,953.2068078188853,935.9658476578752,948.861572265625,1856800,0.0,0.0
2024-12-24 00:00:00-05:00,949.6906804239115,958.3211592873539,944.4065408233703,957.7617797851562,939000,0.0,0.0
2024-12-26 00:00:00-05:00,955.7639589603893,958.3510662188554,952.9470640962968,955.084716796875,969000,0.0,0.0
2024-12-27 00:00:00-05:00,947.6728447391415,949.4009767529627,930.9713282859332,938.662841796875,1943400,0.0,0.0
2024-12-30 00:00:00-05:00,929.9724764351727,933.1389607071546,914.4895834332981,921.1921997070312,1881200,0.0,0.0
2024-12-31 00:00:00-05:00,922.6305875642673,923.7193503842086,911.5328033876824,915.2587280273438,1742900,0.0,0.0
2025-01-02 00:00:00-05:00,913.9901214430624,924.7482541854793,901.0044694444179,908.8058471679688,1765100,0.0,0.0
2025-01-03 00:00:00-05:00,913.3208427695929,923.189942785426,909.9945011226092,915.568359375,1612200,0.0,0.0
2025-01-06 00:00:00-05:00,916.9668293132175,926.3864143459352,912.2620666398059,921.691650390625,1970400,0.0,0.0
2025-01-07 00:00:00-05:00,922.8203939681575,930.2821201402222,915.418538168196,920.3530883789062,1888000,0.0,0.0
2025-01-08 00:00:00-05:00,921.9612662584673,929.4729857713852,914.409612842873,926.346435546875,1774800,0.0,0.0
2025-01-10 00:00:00-05:00,932.3298180327499,943.2378093161002,922.4807153361464,935.9058837890625,2765800,0.0,0.0
2025-01-13 00:00:00-05:00,932.9691669826674,933.9580645889691,919.9835147655639,923.679443359375,1693800,0.0,0.0
2025-01-14 00:00:00-05:00,923.2798556601982,926.7360588731001,908.9157217124113,916.2176513671875,1683800,0.0,0.0
2025-01-15 00:00:00-05:00,926.2365726513932,931.840366139661,917.2864400505794,922.480712890625,1839400,0.0,0.0
2025-01-16 00:00:00-05:00,923.7093472987551,926.3764442914722,916.8070007565229,918.73486328125,1353000,0.0,0.0
2025-01-17 00:00:00-05:00,928.9735424159035,942.7582989162588,923.549542919868,942.1489868164062,2375000,0.0,0.0
2025-01-21 00:00:00-05:00,944.2067166752278,955.4942325413681,942.4586481704072,946.6839599609375,2042400,0.0,0.0
2025-01-22 00:00:00-05:00,950.180109781205,950.8893481039848,938.2033528758351,943.6573486328125,2155000,0.0,0.0
2025-01-23 00:00:00-05:00,940.6506651880444,942.3488011024386,935.4563922013413,941.1201171875,1352400,0.0,0.0
2025-01-24 00:00:00-05:00,941.120126655818,944.995849240965,932.5296427216923,938.6428833007812,1562400,0.0,0.0
2025-01-27 00:00:00-05:00,928.9735375843775,965.9227011147419,926.1566427671803,964.1846313476562,3044700,0.0,0.0
2025-01-28 00:00:00-05:00,960.7684238208011,964.6441462555778,953.0169789512477,957.6118774414062,2166400,0.0,0.0
2025-01-29 00:00:00-05:00,956.7428878430617,967.1913653504389,953.9459903267617,962.9560546875,1713700,0.0,0.0
2025-01-30 00:00:00-05:00,969.2290954242242,985.6609522228664,969.0293039649503,977.9295043945312,1788200,0.0,0.0
2025-01-31 00:00:00-05:00,975.1625257417543,989.9062450597514,974.7030724576829,978.7985229492188,1875700,0.0,0.0
2025-02-03 00:00:00-05:00,971.3168140540254,1008.4957060808159,967.8706095322805,1004.7199096679688,2751000,0.0,0.0
2025-02-04 00:00:00-05:00,1004.2903833457075,1023.219419813432,998.5467295123955,1020.732177734375,2001600,0.0,0.0
2025-02-05 00:00:00-05:00,1018.8742511213208,1041.9387331150344,1018.8742511213208,1041.72900390625,2047600,0.0,0.0
2025-02-06 00:00:00-05:00,1048.8410585257807,1061.8267097265762,1043.047411523503,1049.8299560546875,2218000,0.0,0.0
2025-02-07 00:00:00-05:00,1047.0,1056.7099609375,1035.510009765625,1043.81005859375,1632900,1.16,0.0
2025-02-10 00:00:00-05:00,1052.0,1063.0,1046.0,1061.9200439453125,2036900,0.0,0.0
2025-02-11 00:00:00-05:00,1059.9100341796875,1066.0,1049.0400390625,1058.3399658203125,1748500,0.0,0.0
2025-02-12 00:00:00-05:00,1054.1500244140625,1067.0,1051.0,1065.1199951171875,1662300,0.0,0.0
2025-02-13 00:00:00-05:00,1067.010009765625,1078.22998046875,1064.6500244140625,1076.8599853515625,1623300,0.0,0.0
2025-02-14 00:00:00-05:00,1076.47998046875,1077.489990234375,1068.010009765625,1071.8499755859375,1410700,0.0,0.0
2025-02-18 00:00:00-05:00,1069.2099609375,1071.0,1045.239990234375,1056.030029296875,2090600,0.0,0.0
2025-02-19 00:00:00-05:00,1056.06005859375,1063.1800537109375,1053.0,1062.5400390625,1349600,0.0,0.0
2025-02-20 00:00:00-05:00,1053.6400146484375,1053.6400146484375,1033.8499755859375,1034.8299560546875,2000500,0.0,0.0
2025-02-21 00:00:00-05:00,1034.6099853515625,1036.2099609375,1024.6800537109375,1035.030029296875,1816300,0.0,0.0
2025-02-24 00:00:00-05:00,1028.5400390625,1038.18994140625,1025.219970703125,1035.5999755859375,1759700,0.0,0.0
2025-02-25 00:00:00-05:00,1040.72998046875,1057.02001953125,1037.4599609375,1055.6600341796875,2083800,0.0,0.0
2025-02-26 00:00:00-05:00,1050.1400146484375,1058.8900146484375,1030.1800537109375,1031.969970703125,1555700,0.0,0.0
2025-02-27 00:00:00-05:00,1034.0,1042.530029296875,1018.8300170898438,1021.7100219726562,1629100,0.0,0.0
2025-02-28 00:00:00-05:00,1030.6099853515625,1049.3800048828125,1023.989990234375,1048.6099853515625,3307100,0.0,0.0
2025-03-03 00:00:00-05:00,1051.739990234375,1066.0,1041.1400146484375,1046.8499755859375,2422500,0.0,0.0
2025-03-04 00:00:00-05:00,1045.72998046875,1047.9300537109375,1028.72998046875,1036.8699951171875,2536800,0.0,0.0
2025-03-05 00:00:00-05:00,1033.0799560546875,1050.97998046875,1028.5,1047.75,1898600,0.0,0.0
2025-03-06 00:00:00-05:00,1032.949951171875,1045.8900146484375,1019.0499877929688,1026.6199951171875,2594600,0.0,0.0
2025-03-07 00:00:00-05:00,995.1500244140625,1002.4199829101562,942.780029296875,964.3099975585938,5510700,0.0,0.0
2025-03-10 00:00:00-04:00,955.469970703125,959.6599731445312,924.030029296875,934.4099731445312,4459900,0.0,0.0
2025-03-11 00:00:00-04:00,931.0,938.0,921.2000122070312,930.489990234375,3204900,0.0,0.0
2025-03-12 00:00:00-04:00,938.0,944.3800048828125,923.25,927.0800170898438,2331600,0.0,0.0
2025-03-13 00:00:00-04:00,922.0,923.5,887.469970703125,890.6199951171875,3447200,0.0,0.0
2025-03-14 00:00:00-04:00,891.8099975585938,906.9500122070312,881.5599975585938,903.9199829101562,3186400,0.0,0.0
2025-03-17 00:00:00-04:00,901.6300048828125,923.3900146484375,898.0,916.6099853515625,2256100,0.0,0.0
2025-03-18 00:00:00-04:00,913.0,917.5599975585938,896.8400268554688,898.0499877929688,2182000,0.0,0.0
2025-03-19 00:00:00-04:00,902.8599853515625,910.1599731445312,896.0,904.0499877929688,1908500,0.0,0.0
2025-03-20 00:00:00-04:00,901.5,907.47998046875,894.0999755859375,895.4000244140625,1891800,0.0,0.0
2025-03-21 00:00:00-04:00,888.75,909.77001953125,883.9600219726562,909.260009765625,3447600,0.0,0.0
2025-03-24 00:00:00-04:00,920.0,928.6500244140625,920.0,926.0399780273438,2208100,0.0,0.0
2025-03-25 00:00:00-04:00,926.6300048828125,932.2899780273438,922.489990234375,930.260009765625,1623000,0.0,0.0
2025-03-26 00:00:00-04:00,934.3300170898438,939.4199829101562,923.4500122070312,929.75,1644700,0.0,0.0
2025-03-27 00:00:00-04:00,929.5599975585938,942.9000244140625,928.0,938.75,1547000,0.0,0.0
2025-03-28 00:00:00-04:00,937.5,938.75,926.0,929.6599731445312,2100500,0.0,0.0
2025-03-31 00:00:00-04:00,922.3599853515625,995.0,922.0399780273438,945.780029296875,3102000,0.0,0.0
2025-04-01 00:00:00-04:00,942.4199829101562,957.719970703125,938.75,954.4000244140625,2041500,0.0,0.0
2025-04-02 00:00:00-04:00,950.8400268554688,970.8900146484375,950.0,965.0800170898438,1719900,0.0,0.0
2025-04-03 00:00:00-04:00,931.0800170898438,981.3499755859375,928.0,967.0800170898438,3096900,0.0,0.0
2025-04-04 00:00:00-04:00,955.0,964.52001953125,914.1400146484375,916.47998046875,5167000,0.0,0.0
2025-04-07 00:00:00-04:00,887.75,937.8200073242188,871.7100219726562,908.1300048828125,4626600,0.0,0.0
2025-04-08 00:00:00-04:00,932.0499877929688,942.989990234375,899.5700073242188,908.75,3545400,0.0,0.0
2025-04-09 00:00:00-04:00,908.0,967.4600219726562,897.6699829101562,965.1900024414062,5084500,0.0,0.0
2025-04-10 00:00:00-04:00,966.5,993.4099731445312,942.8900146484375,964.3099975585938,4209100,0.0,0.0
2025-04-11 00:00:00-04:00,963.9600219726562,970.2100219726562,943.1599731445312,963.4099731445312,2721800,0.0,0.0
2025-04-14 00:00:00-04:00,970.0,987.1300048828125,965.0,979.3200073242188,2219900,0.0,0.0
2025-04-15 00:00:00-04:00,985.3499755859375,994.0,974.25,976.9199829101562,1788200,0.0,0.0
2025-04-16 00:00:00-04:00,972.1300048828125,978.6500244140625,959.239990234375,967.75,2531700,0.0,0.0
2025-04-17 00:00:00-04:00,973.280029296875,999.9199829101562,971.989990234375,994.5,2705500,0.0,0.0
2025-04-21 00:00:00-04:00,993.0,996.989990234375,942.969970703125,957.77001953125,2841300,0.0,0.0
2025-04-22 00:00:00-04:00,969.75,987.4500122070312,966.780029296875,979.22998046875,2230600,0.0,0.0
2025-04-23 00:00:00-04:00,994.52001953125,995.75,969.0,975.8400268554688,2109700,0.0,0.0
2025-04-24 00:00:00-04:00,973.5999755859375,978.0,960.7100219726562,975.47998046875,2466300,0.0,0.0
