Date,Open,High,Low,Close,Volume,Dividends,Stock Splits
2020-04-27 00:00:00-04:00,158.6521169998559,163.21413490253173,158.31549736236892,162.58518981933594,2743100,0.0,0.0
2020-04-28 00:00:00-04:00,167.56353842346616,168.6796789070363,163.76332168770168,165.65899658203125,3344700,0.0,0.0
2020-04-29 00:00:00-04:00,170.61968638851204,171.6029580536857,167.9267696164881,168.33424377441406,3086300,0.0,0.0
2020-04-30 00:00:00-04:00,164.7643240823076,166.13736281966453,162.01824660759374,162.4788818359375,2695400,0.0,0.0
2020-05-01 00:00:00-04:00,158.5635184336677,159.09502166749513,156.48181320398035,156.8804473876953,2650200,0.0,0.0
2020-05-04 00:00:00-04:00,155.0202135831742,156.18064844789788,152.11469294706478,155.9326171875,2990100,0.0,0.0
2020-05-05 00:00:00-04:00,158.65208679361396,161.75249039414044,157.8016844301273,157.94342041015625,3272600,0.0,0.0
2020-05-06 00:00:00-04:00,159.16587821256923,160.5123431768107,155.20623178432334,156.7209930419922,2408700,0.0,0.0
2020-05-07 00:00:00-04:00,158.72296770026546,162.4434634538488,158.72296770026546,161.50448608398438,2480100,0.0,0.0
2020-05-08 00:00:00-04:00,163.9050997296382,164.6846343404123,161.87655527511703,164.2239990234375,2277500,0.0,0.0
2020-05-11 00:00:00-04:00,161.6993420868344,163.7456199794683,160.56548119006194,162.24856567382812,2212200,0.0,0.0
2020-05-12 00:00:00-04:00,162.8952260330968,163.25841946088178,156.5704023976989,156.97789001464844,3549200,0.0,0.0
2020-05-13 00:00:00-04:00,155.60483449450177,156.6855477136348,151.26426124087425,152.18553161621094,3445300,0.0,0.0
2020-05-14 00:00:00-04:00,149.7406179775127,154.82528435161632,146.48077179134148,154.532958984375,4176700,0.0,0.0
2020-05-15 00:00:00-04:00,153.67374506738864,154.21410176899556,151.10484413517253,152.24755859375,2867800,0.0,0.0
2020-05-18 00:00:00-04:00,157.4208072250276,162.19542892782815,155.232806711157,161.11471557617188,4505800,0.0,0.0
2020-05-19 00:00:00-04:00,159.94539545006705,161.38930206887602,157.42964255085,157.52708435058594,2210500,0.0,0.0
2020-05-20 00:00:00-04:00,160.29085320841745,162.8420466192826,159.7150694117615,160.72491455078125,2599900,0.0,0.0
2020-05-21 00:00:00-04:00,159.6265234762867,160.48577944327246,157.3942286484801,159.53794860839844,2153500,0.0,0.0
2020-05-22 00:00:00-04:00,159.4759174769421,160.0162741267056,157.73083191213314,159.3873291015625,2176400,0.0,0.0
2020-05-26 00:00:00-04:00,164.43658330572416,174.59705177328462,164.07338985872371,173.67578125,5971200,0.0,0.0
2020-05-27 00:00:00-04:00,179.82342409665947,186.6531768409739,177.17478850134626,185.72305297851562,8182100,0.0,0.0
2020-05-28 00:00:00-04:00,186.7683199650816,187.18466098147766,178.23778963592318,178.24664306640625,4886100,0.0,0.0
2020-05-29 00:00:00-04:00,175.80430194318987,179.0934482060953,173.50457355123012,175.1446990966797,3822600,1.25,0.0
2020-06-01 00:00:00-04:00,175.87562133765698,179.85112415899056,173.92352542321186,178.21099853515625,2230800,0.0,0.0
2020-06-02 00:00:00-04:00,181.63386736751858,184.06729560274945,179.4500208178918,181.9636688232422,4128700,0.0,0.0
2020-06-03 00:00:00-04:00,185.84106955435388,188.90735993004196,184.00484251616786,187.6951141357422,3471900,0.0,0.0
2020-06-04 00:00:00-04:00,186.10850411787538,191.63499022576966,185.3686815000807,191.48345947265625,3522300,0.0,0.0
2020-06-05 00:00:00-04:00,197.88348326396087,198.75701915652496,194.0149535671382,194.2467041015625,4737600,0.0,0.0
2020-06-08 00:00:00-04:00,196.11856472504374,198.11521803489336,194.5319326051037,196.82273864746094,3260300,0.0,0.0
2020-06-09 00:00:00-04:00,192.3034933941243,196.1185425089138,191.78649897747985,194.40711975097656,2478400,0.0,0.0
2020-06-10 00:00:00-04:00,193.77424675037992,195.96701527385778,189.68287600904438,190.3246612548828,3091200,0.0,0.0
2020-06-11 00:00:00-04:00,182.46280250269817,184.4238069709843,172.9430104978939,173.0410614013672,4923400,0.0,0.0
2020-06-12 00:00:00-04:00,178.8260421496479,180.89402010621146,174.89512403936203,179.8600311279297,3380800,0.0,0.0
2020-06-15 00:00:00-04:00,174.46723998364786,184.50404000857685,173.95024554815808,183.8979034423828,3467400,0.0,0.0
2020-06-16 00:00:00-04:00,191.626061514926,191.626061514926,181.59818341051331,186.82159423828125,3099100,0.0,0.0
2020-06-17 00:00:00-04:00,187.18707605224887,187.89125002049698,183.12244457701763,183.7909698486328,1798300,0.0,0.0
2020-06-18 00:00:00-04:00,181.82994122481443,184.7447012333957,180.6533303727349,181.69622802734375,2051700,0.0,0.0
2020-06-19 00:00:00-04:00,184.55755682336203,184.88735829092167,179.13804333926652,179.72634887695312,4962400,0.0,0.0
2020-06-22 00:00:00-04:00,179.15585367013733,182.35585785447145,178.27339546615482,181.32186889648438,1806900,0.0,0.0
2020-06-23 00:00:00-04:00,184.06728624543626,184.96756202265703,181.51797607106482,182.5341339111328,2451800,0.0,0.0
2020-06-24 00:00:00-04:00,180.35921314813783,180.59988606999735,175.93804001257294,176.50851440429688,2756700,0.0,0.0
2020-06-25 00:00:00-04:00,176.3658466538223,184.8605717025225,176.14300493984553,184.60208129882812,3466500,0.0,0.0
2020-06-26 00:00:00-04:00,177.3820018718007,178.48730165426034,168.03155878625483,168.6376953125,9530700,0.0,0.0
2020-06-29 00:00:00-04:00,170.58982028786306,172.83605532810617,168.16530096722326,172.45277404785156,3736000,0.0,0.0
2020-06-30 00:00:00-04:00,172.7825508232689,176.85610394789404,172.58644902376693,176.15191650390625,3102800,0.0,0.0
2020-07-01 00:00:00-04:00,177.27506463528894,178.04164076181456,174.28007111783776,176.1073760986328,2620100,0.0,0.0
2020-07-02 00:00:00-04:00,180.50180257012434,180.94748603326045,175.7151665284201,175.95582580566406,2699400,0.0,0.0
2020-07-06 00:00:00-04:00,179.46778469035453,185.21709771615758,179.28060528272442,184.8338165283203,3567700,0.0,0.0
2020-07-07 00:00:00-04:00,183.17588804414638,183.36308106754228,177.55136538550013,177.70289611816406,2853500,0.0,0.0
2020-07-08 00:00:00-04:00,177.86335082232668,181.1703281096092,177.39984981263257,180.27896118164062,2789700,0.0,0.0
2020-07-09 00:00:00-04:00,180.15417019359273,180.50180275114033,173.8165507973944,175.44775390625,3160100,0.0,0.0
2020-07-10 00:00:00-04:00,175.48337529054547,183.90680232237722,175.44772660352555,183.22935485839844,4414800,0.0,0.0
2020-07-13 00:00:00-04:00,186.29568037775874,189.84331679863178,184.51294659423954,186.188720703125,4449600,0.0,0.0
2020-07-14 00:00:00-04:00,188.46170055714896,191.0199328553576,184.52186041982137,190.7614288330078,5202000,0.0,0.0
2020-07-15 00:00:00-04:00,199.99600637253212,200.77150489945012,191.36758047333618,193.33749389648438,12516700,0.0,0.0
2020-07-16 00:00:00-04:00,190.31571222082147,196.51072208993654,190.30680344963645,191.34970092773438,5769600,0.0,0.0
2020-07-17 00:00:00-04:00,191.55475543732425,191.79542832632953,188.30127145385993,188.4438934326172,3614300,0.0,0.0
2020-07-20 00:00:00-04:00,187.83772392734187,190.01266111835994,187.40987166718068,188.71127319335938,2268700,0.0,0.0
2020-07-21 00:00:00-04:00,189.19265098820483,190.5831813705157,187.53470777825387,188.98764038085938,3393500,0.0,0.0
2020-07-22 00:00:00-04:00,187.63274868715155,188.0784321757196,183.04221419537285,183.62159729003906,4978400,0.0,0.0
2020-07-23 00:00:00-04:00,182.81937702219219,183.63943302951992,180.1007049537149,180.96533203125,4088600,0.0,0.0
2020-07-24 00:00:00-04:00,180.94746938282753,182.667800863665,179.44997961305265,179.58367919921875,3191500,0.0,0.0
2020-07-27 00:00:00-04:00,178.36254202507567,181.99930741368345,177.90793615061392,180.96533203125,2601200,0.0,0.0
2020-07-28 00:00:00-04:00,179.97589598822753,181.4823082416956,179.24496859376248,179.71739196777344,2139600,0.0,0.0
2020-07-29 00:00:00-04:00,179.78869764868517,181.74079329938024,177.93465289920428,180.57310485839844,2635000,0.0,0.0
2020-07-30 00:00:00-04:00,177.8277064907324,178.2644811925731,174.9753349715181,177.8544464111328,3057900,0.0,0.0
2020-07-31 00:00:00-04:00,178.13076239530295,178.13076239530295,175.1625089134495,176.4550018310547,2399700,0.0,0.0
2020-08-03 00:00:00-04:00,176.92740481988153,178.16640415438548,175.18031986992415,177.72962951660156,2294600,0.0,0.0
2020-08-04 00:00:00-04:00,177.69399009571748,179.80652521478706,176.918491673853,179.73521423339844,1944700,0.0,0.0
2020-08-05 00:00:00-04:00,181.0990173691986,182.5608585890053,180.95639539624673,182.3023681640625,2232400,0.0,0.0
2020-08-06 00:00:00-04:00,182.73021646637375,183.88007379522844,181.68731881429258,182.0616912841797,1882400,0.0,0.0
2020-08-07 00:00:00-04:00,181.37530410863505,186.11738178973727,180.45719743599366,185.64495849609375,3075000,0.0,0.0
2020-08-10 00:00:00-04:00,186.82159411401523,187.7575321233739,185.43997263364577,186.63441467285156,2432800,0.0,0.0
2020-08-11 00:00:00-04:00,189.61158467945214,193.3820631886819,187.65948882112204,188.1319122314453,4042700,0.0,0.0
2020-08-12 00:00:00-04:00,191.37649956516526,192.49070835816363,186.53638309694745,189.085693359375,2439400,0.0,0.0
2020-08-13 00:00:00-04:00,187.55248731006503,189.14802786060673,185.12796858210328,185.75192260742188,2219900,0.0,0.0
2020-08-14 00:00:00-04:00,184.92295606156412,186.7235071438519,184.16528886670434,185.37754821777344,2287600,0.0,0.0
2020-08-17 00:00:00-04:00,184.51292206814404,185.27058926589973,180.52851150350585,181.00985717773438,3922600,0.0,0.0
2020-08-18 00:00:00-04:00,181.34861062184723,181.4644926824309,179.25390636498926,179.4410858154297,3067900,0.0,0.0
2020-08-19 00:00:00-04:00,180.41267524280445,183.7107440216155,179.85112328197087,180.96533203125,2458500,0.0,0.0
2020-08-20 00:00:00-04:00,178.95079365112974,181.19704179269246,178.57642122773228,179.92239379882812,1764200,0.0,0.0
2020-08-21 00:00:00-04:00,178.3714430721625,181.25947692161876,178.11295263804638,180.4394073486328,1780900,0.0,0.0
2020-08-24 00:00:00-04:00,181.0455014531424,184.896198747264,179.44996095237025,184.81597900390625,3097400,0.0,0.0
2020-08-25 00:00:00-04:00,187.17815642523718,187.62383991380523,182.8817610668744,183.62159729003906,2627600,0.0,0.0
2020-08-26 00:00:00-04:00,183.52349550944777,184.7624947201938,182.75691957754307,184.70901489257812,2563200,0.0,0.0
2020-08-27 00:00:00-04:00,184.22771066794053,189.86115619729037,183.9870513895541,187.3207550048828,3692400,0.0,0.0
2020-08-28 00:00:00-04:00,188.8717665619245,188.96981748296767,184.59320193641335,185.14585876464844,3697400,0.0,0.0
2020-08-31 00:00:00-04:00,184.28493620013168,185.10099443280183,182.60799249762337,183.719970703125,3046200,1.25,0.0
2020-09-01 00:00:00-04:00,182.58107312370197,185.37000844703718,182.05197220401715,184.24905395507812,2457000,0.0,0.0
2020-09-02 00:00:00-04:00,184.54495626343538,189.15432014653666,184.16831723215378,188.356201171875,3565200,0.0,0.0
2020-09-03 00:00:00-04:00,189.8896739768098,193.0104071722907,184.58083561910337,186.13223266601562,3533500,0.0,0.0
2020-09-04 00:00:00-04:00,189.11845864773218,191.32450293307573,184.12349294455592,189.16329956054688,3668900,0.0,0.0
2020-09-08 00:00:00-04:00,187.88095350269668,188.28450810515804,180.49162954356322,181.5767059326172,4574700,0.0,0.0
2020-09-09 00:00:00-04:00,183.11017717195287,183.68410537718955,181.1731643479562,181.3435516357422,4681400,0.0,0.0
2020-09-10 00:00:00-04:00,182.69765623885263,184.1504226698173,178.94919071597442,179.3616943359375,2510300,0.0,0.0
2020-09-11 00:00:00-04:00,179.56794171707435,181.0655352330665,178.4111090520005,180.177734375,2376400,0.0,0.0
2020-09-14 00:00:00-04:00,182.31206043151133,182.31206043151133,179.9535675543203,180.5543975830078,2756900,0.0,0.0
2020-09-15 00:00:00-04:00,181.1462742969243,181.67536161602192,177.54128025428068,177.55921936035156,3717600,0.0,0.0
2020-09-16 00:00:00-04:00,177.99862349617197,182.76043633329377,177.62198440163706,179.9625244140625,3571400,0.0,0.0
2020-09-17 00:00:00-04:00,177.74752665590856,179.25408299920778,174.42949024947285,174.71646118164062,4274800,0.0,0.0
2020-09-18 00:00:00-04:00,174.87788676910327,176.34857871127593,172.51940750840177,174.74337768554688,9066300,0.0,0.0
2020-09-21 00:00:00-04:00,170.29543111043185,174.12461616463727,168.11630176015427,173.97216796875,4871300,0.0,0.0
2020-09-22 00:00:00-04:00,173.97214669715132,175.8912203453355,168.9771666388359,171.8378448486328,3355800,0.0,0.0
2020-09-23 00:00:00-04:00,172.1786455651786,173.00366659982157,166.68147922126929,166.90567016601562,3116100,0.0,0.0
2020-09-24 00:00:00-04:00,169.47042370954094,177.0749907928556,167.73967609648395,174.96759033203125,5114600,0.0,0.0
2020-09-25 00:00:00-04:00,173.03950020069144,175.21862905370836,170.0353368422127,174.8240509033203,3106000,0.0,0.0
2020-09-28 00:00:00-04:00,177.3619202372068,181.02968041886658,176.79695473784338,178.5187530517578,3280100,0.0,0.0
2020-09-29 00:00:00-04:00,177.7026659277084,178.24969223308656,175.25449161746943,176.47409057617188,2400000,0.0,0.0
2020-09-30 00:00:00-04:00,178.16902892489503,182.11479793715287,177.88207161835678,180.22262573242188,3075800,0.0,0.0
2020-10-01 00:00:00-04:00,180.7247811011893,182.15960844485986,177.4426227889241,178.05242919921875,2288700,0.0,0.0
2020-10-02 00:00:00-04:00,175.17379134256987,179.98044459390735,175.12895042765575,179.26303100585938,2541200,0.0,0.0
2020-10-05 00:00:00-04:00,181.0834736538929,181.8995318431145,178.9850500389177,180.96690368652344,2551600,0.0,0.0
2020-10-06 00:00:00-04:00,183.1639766306584,184.8140184726848,179.2630492559335,180.3302001953125,2833100,0.0,0.0
2020-10-07 00:00:00-04:00,182.850103354128,183.8365488457356,180.40194241308222,182.58108520507812,2326600,0.0,0.0
2020-10-08 00:00:00-04:00,183.9710832622665,186.67035098679514,183.0384549555268,186.50892639160156,2330600,0.0,0.0
2020-10-09 00:00:00-04:00,187.20834088042173,188.1499452797863,184.79605859119764,186.11428833007812,3040900,0.0,0.0
2020-10-12 00:00:00-04:00,185.99778299122545,192.7055723820043,185.99778299122545,192.0150604248047,3474200,0.0,0.0
2020-10-13 00:00:00-04:00,191.91633206408554,192.0060138783156,187.58496316042798,189.04669189453125,3317300,0.0,0.0
2020-10-14 00:00:00-04:00,191.7998329988956,192.31098121501802,188.56251535169096,189.42340087890625,7550100,0.0,0.0
2020-10-15 00:00:00-04:00,187.94373547198663,188.97500824031823,185.54040167144709,187.06491088867188,4325700,0.0,0.0
2020-10-16 00:00:00-04:00,186.8138180471333,188.32037447483862,184.5629324328571,184.92164611816406,3244500,0.0,0.0
2020-10-19 00:00:00-04:00,185.97980238958078,186.44612329280002,183.46886157378108,184.45530700683594,3235300,0.0,0.0
2020-10-20 00:00:00-04:00,185.3610593169749,189.55792066758738,185.15480749150586,186.5537567138672,3335500,0.0,0.0
2020-10-21 00:00:00-04:00,185.9797924118533,186.4819778113659,181.15520012570198,181.96229553222656,3083600,0.0,0.0
2020-10-22 00:00:00-04:00,182.22235904161673,185.0650979844227,181.325595450188,184.1952362060547,2136900,0.0,0.0
2020-10-23 00:00:00-04:00,185.41482513496663,186.71514321850856,182.9577017857911,183.8723907470703,2110200,0.0,0.0
2020-10-26 00:00:00-04:00,181.58565149355093,181.87260870673435,178.01652280424244,180.37501525878906,3249700,0.0,0.0
2020-10-27 00:00:00-04:00,179.35270854432957,179.88179575048915,175.23656716728337,175.4786834716797,3430400,0.0,0.0
2020-10-28 00:00:00-04:00,171.5598121723589,173.40714267645146,169.43448719016834,170.17880249023438,4214600,0.0,0.0
2020-10-29 00:00:00-04:00,170.2057219627791,172.49247171753737,167.60509949683856,170.33126831054688,3581200,0.0,0.0
2020-10-30 00:00:00-04:00,169.94564987125992,170.74376885729245,166.36757218134483,169.524169921875,3658800,0.0,0.0
2020-11-02 00:00:00-05:00,172.17861511966316,172.80634691724822,168.7978124393114,170.56443786621094,2459600,0.0,0.0
2020-11-03 00:00:00-05:00,173.91830624732464,178.45592712970088,173.27263546654527,177.4963836669922,4545500,0.0,0.0
2020-11-04 00:00:00-05:00,175.98990442184868,180.0881217578813,174.77926775878305,177.44265747070312,3868500,0.0,0.0
2020-11-05 00:00:00-05:00,179.03884218732836,183.04737646028997,178.50975496238473,182.00714111328125,2892800,0.0,0.0
2020-11-06 00:00:00-05:00,183.24469998647893,183.28954091034103,179.7293877554454,180.482666015625,2475100,0.0,0.0
2020-11-09 00:00:00-05:00,192.346829553002,195.4944648639623,187.75539061470167,192.74139404296875,6960500,0.0,0.0
2020-11-10 00:00:00-05:00,193.0283640202429,195.83523845417864,189.37852961678482,195.01918029785156,4166500,0.0,0.0
2020-11-11 00:00:00-05:00,196.06840918315459,197.21626559146833,192.83109177189522,195.53932189941406,2680700,0.0,0.0
2020-11-12 00:00:00-05:00,193.00148485990928,194.47217678248253,190.472604654524,192.36477661132812,3005500,0.0,0.0
2020-11-13 00:00:00-05:00,193.56643941824044,198.1489022192673,193.17186122268782,196.46298217773438,2832100,0.0,0.0
2020-11-16 00:00:00-05:00,200.45357495663586,201.41311861762435,197.31490222286584,199.42230224609375,3004700,0.0,0.0
2020-11-17 00:00:00-05:00,197.30594041812716,201.63731045263273,195.79040767321519,201.45794677734375,2722900,0.0,0.0
2020-11-18 00:00:00-05:00,201.771820561269,204.2110187756252,200.4356378012601,201.1440887451172,2856200,0.0,0.0
2020-11-19 00:00:00-05:00,201.14405471728313,201.71798280689072,199.18014047336067,201.3861846923828,1505200,0.0,0.0
2020-11-20 00:00:00-05:00,199.97830252859342,201.60144261535788,199.64650434258883,200.29217529296875,1848100,0.0,0.0
2020-11-23 00:00:00-05:00,202.72239691261882,206.2556480290903,202.42646325385806,205.20643615722656,3371300,0.0,0.0
2020-11-24 00:00:00-05:00,207.24208707420252,213.53735810842167,206.82060705977835,212.9813690185547,3915200,0.0,0.0
2020-11-25 00:00:00-05:00,210.7394278179718,212.93649571170943,208.43473899672136,212.1204376220703,2272800,0.0,0.0
2020-11-27 00:00:00-05:00,212.53298711740723,212.8020189517297,209.65436975215354,211.09815979003906,1050400,0.0,0.0
2020-11-30 00:00:00-05:00,208.09396973793605,210.73941928588366,206.57843725668636,206.77572631835938,2705400,0.0,0.0
2020-12-01 00:00:00-05:00,209.14710101566345,211.7708965878648,208.59709301609396,209.2552947998047,2577600,1.25,0.0
2020-12-02 00:00:00-05:00,209.25531900233273,214.71031429952453,208.80449317212037,214.2775115966797,2136300,0.0,0.0
2020-12-03 00:00:00-05:00,213.95294980720553,215.3595381735916,211.5635780377848,212.31195068359375,2142600,0.0,0.0
2020-12-04 00:00:00-05:00,214.3226058592945,216.17099459178536,213.64636708580613,216.01771545410156,2373000,0.0,0.0
2020-12-07 00:00:00-05:00,215.0799398876353,216.2611148936929,212.2938400917435,214.99879455566406,1788600,0.0,0.0
2020-12-08 00:00:00-05:00,213.700424653808,215.6660321478536,213.3127210989276,215.35044860839844,1371800,0.0,0.0
2020-12-09 00:00:00-05:00,216.39637710284356,221.2292300751315,215.9725997637016,218.9390411376953,3552300,0.0,0.0
2020-12-10 00:00:00-05:00,216.39640087362187,221.06694992191683,215.95458660225103,220.36366271972656,2541700,0.0,0.0
2020-12-11 00:00:00-05:00,217.12670673312712,217.47835028597294,213.78158719981892,216.38735961914062,2077300,0.0,0.0
2020-12-14 00:00:00-05:00,219.35380463806504,219.552169094775,214.0430771556658,214.4037322998047,1927800,0.0,0.0
2020-12-15 00:00:00-05:00,215.94555454556212,219.65134310917367,213.86274158610735,218.58738708496094,2348000,0.0,0.0
2020-12-16 00:00:00-05:00,219.60624039034664,219.91279860293935,217.40620849647382,219.79559326171875,2400900,0.0,0.0
2020-12-17 00:00:00-05:00,220.9046493268853,221.74317873880378,219.101346067074,220.3907012939453,2983600,0.0,0.0
2020-12-18 00:00:00-05:00,221.25628909996547,221.25628909996547,216.90131015158425,218.31690979003906,4088100,0.0,0.0
2020-12-21 00:00:00-05:00,225.67438590526638,235.19583890634664,224.2948599784791,231.70645141601562,7408500,0.0,0.0
2020-12-22 00:00:00-05:00,231.59818925570752,232.35560072400787,225.23254567531805,225.4940185546875,3599800,0.0,0.0
2020-12-23 00:00:00-05:00,226.76537502168776,234.95235935668458,226.58504745520133,231.2285614013672,3376100,0.0,0.0
2020-12-24 00:00:00-05:00,231.76054463568443,232.28349047835923,228.7941030434064,230.9670867919922,968100,0.0,0.0
2020-12-28 00:00:00-05:00,232.45479939388306,236.818789884732,231.7244637910147,234.0597381591797,2793400,0.0,0.0
2020-12-29 00:00:00-05:00,234.66386327298108,235.2048322408696,231.27364432101731,232.63514709472656,1430900,0.0,0.0
2020-12-30 00:00:00-05:00,233.35643200600634,235.01546753154497,232.4728035942235,233.93350219726562,1566500,0.0,0.0
2020-12-31 00:00:00-05:00,233.3473935180201,237.97287004275873,232.62608333586962,237.77450561523438,2043100,0.0,0.0
2021-01-04 00:00:00-05:00,240.74097100023954,241.26391680763402,234.57367751701156,238.9376678466797,3572000,0.0,0.0
2021-01-05 00:00:00-05:00,237.92782175534177,246.6017054948313,236.74666039467164,244.28445434570312,4207100,0.0,0.0
2021-01-06 00:00:00-05:00,249.11733832743488,260.0183033096487,246.24106740599856,257.46661376953125,6383500,0.0,0.0
2021-01-07 00:00:00-05:00,259.468232200007,266.7896652100742,258.4854354050169,262.9666442871094,4009700,0.0,0.0
2021-01-08 00:00:00-05:00,263.28230034040865,263.53476171953804,257.0248352474583,261.5511169433594,2800800,0.0,0.0
2021-01-11 00:00:00-05:00,258.5936717517273,265.9872259891002,256.24939956954796,264.9322814941406,2649700,0.0,0.0
2021-01-12 00:00:00-05:00,267.9167758562338,274.0840696415703,266.90690292714424,272.4881286621094,4814400,0.0,0.0
2021-01-13 00:00:00-05:00,270.5675637309686,273.84958832255387,269.6839628918644,273.14630126953125,2413800,0.0,0.0
2021-01-14 00:00:00-05:00,274.1471456209416,278.9800122876175,273.6873220366922,277.5914611816406,3192200,0.0,0.0
2021-01-15 00:00:00-05:00,271.5684185964581,274.8774642059021,267.6823028168694,271.4061279296875,3863700,0.0,0.0
2021-01-19 00:00:00-05:00,275.00375712655955,276.44640529014066,264.9052474977172,265.26593017578125,6727800,0.0,0.0
2021-01-20 00:00:00-05:00,266.7266131053246,268.1963097822678,259.20684121214657,261.90277099609375,4792600,0.0,0.0
2021-01-21 00:00:00-05:00,261.88468769543243,263.9494498070376,260.15350471811917,260.910888671875,2516000,0.0,0.0
2021-01-22 00:00:00-05:00,258.4944546555058,262.0108897835064,257.4214872359569,260.9289245605469,2568800,0.0,0.0
2021-01-25 00:00:00-05:00,257.44854883948375,258.18790966517776,250.20828847542037,255.2034454345703,4575000,0.0,0.0
2021-01-26 00:00:00-05:00,256.0059461107581,257.6649818430624,252.5345817586722,254.04937744140625,3296800,0.0,0.0
2021-01-27 00:00:00-05:00,248.85584722653783,250.09110554387087,244.63612424702504,246.44842529296875,3891800,0.0,0.0
2021-01-28 00:00:00-05:00,247.6025180502066,252.30914022498504,244.64510207745604,247.97219848632812,3778700,0.0,0.0
2021-01-29 00:00:00-05:00,247.29592132140684,250.11809462596418,244.00489919137124,244.50082397460938,3412000,0.0,0.0
2021-02-01 00:00:00-05:00,245.8443289754679,249.57715229737138,245.24923561651048,247.71075439453125,2324100,0.0,0.0
2021-02-02 00:00:00-05:00,250.9476381848268,259.9010304800385,250.65910311691485,258.7469177246094,5195500,0.0,0.0
2021-02-03 00:00:00-05:00,258.42233312819,261.30762904544616,257.13297803758377,260.1715393066406,2712800,0.0,0.0
2021-02-04 00:00:00-05:00,261.47897481715427,266.7355917554777,261.04617212540927,264.86016845703125,2994700,0.0,0.0
2021-02-05 00:00:00-05:00,265.9871817853625,268.00687225881387,263.4535433737215,264.63470458984375,2938100,0.0,0.0
2021-02-08 00:00:00-05:00,265.98723680939554,271.29797823686926,265.53641098429483,270.6307373046875,2826200,0.0,0.0
2021-02-09 00:00:00-05:00,270.1347797289208,272.70449186281604,268.4216474783969,270.9101867675781,2071700,0.0,0.0
2021-02-10 00:00:00-05:00,270.4954853982896,275.1660341756064,268.46676925780247,274.35455322265625,3213700,0.0,0.0
2021-02-11 00:00:00-05:00,274.0841170779373,275.01281730759695,269.7471742318714,272.5873718261719,2159900,0.0,0.0
2021-02-12 00:00:00-05:00,272.2897721670309,276.5365712375595,272.0914077039729,276.1939392089844,1977300,0.0,0.0
2021-02-16 00:00:00-05:00,279.51200634299215,282.1448412195551,278.8087191696168,281.27923583984375,2792200,0.0,0.0
2021-02-17 00:00:00-05:00,279.5389847826534,284.00217025652205,278.3938974009008,281.9824523925781,2333100,0.0,0.0
2021-02-18 00:00:00-05:00,278.80872795630535,283.5694476298555,277.33000602319794,279.4218444824219,2093300,0.0,0.0
2021-02-19 00:00:00-05:00,279.7193366703796,285.62514260715295,279.7193366703796,284.5792236328125,2749500,0.0,0.0
2021-02-22 00:00:00-05:00,282.21697230794837,289.0334567221394,281.50465978512005,285.70635986328125,3162300,0.0,0.0
2021-02-23 00:00:00-05:00,286.70717879594037,288.52850507840776,280.0349351030242,287.8161926269531,2942500,0.0,0.0
2021-02-24 00:00:00-05:00,288.68177784393936,298.4196032054977,288.61865563395725,298.1220703125,3934400,0.0,0.0
2021-02-25 00:00:00-05:00,300.5474769236305,302.78358250881524,294.19987029071433,295.5252990722656,4244000,0.0,0.0
2021-02-26 00:00:00-05:00,293.7310305937585,296.3548400406966,287.6629329616011,288.0596618652344,3732200,0.0,0.0
2021-03-01 00:00:00-05:00,294.1878247152228,299.65520002319795,292.65804581675906,298.6413879394531,2957800,1.25,0.0
2021-03-02 00:00:00-05:00,298.71381328450616,304.3169624769694,298.2702773712264,299.564697265625,2850300,0.0,0.0
2021-03-03 00:00:00-05:00,302.0448904327661,307.8562435103271,301.6556639478284,302.7237854003906,3606300,0.0,0.0
2021-03-04 00:00:00-05:00,301.5470448728938,307.54848080061294,293.2102224135648,298.07110595703125,3647600,0.0,0.0
2021-03-05 00:00:00-05:00,303.76469666750404,303.76469666750404,286.45740854111307,296.33306884765625,3740200,0.0,0.0
2021-03-08 00:00:00-05:00,299.94478816650343,305.5841514215042,297.8990704371979,302.5065002441406,2998000,0.0,0.0
2021-03-09 00:00:00-05:00,297.4646621156316,304.498032783387,294.70383318929464,299.2478942871094,3324800,0.0,0.0
2021-03-10 00:00:00-05:00,300.5874915912118,309.9381245404157,300.09867956249576,309.5941467285156,3153100,0.0,0.0
2021-03-11 00:00:00-05:00,306.5527286791091,312.29165018203054,304.561292613734,309.6665954589844,2756600,0.0,0.0
2021-03-12 00:00:00-05:00,312.4908378243357,316.8176607721951,311.0606445389738,315.740478515625,2436700,0.0,0.0
2021-03-15 00:00:00-04:00,316.31068333973565,319.0081687588626,309.5760443749677,313.2420654296875,2276200,0.0,0.0
2021-03-16 00:00:00-04:00,312.5451453836038,314.01155412784664,305.729040855296,309.3135986328125,2332600,0.0,0.0
2021-03-17 00:00:00-04:00,311.94766970635504,314.129188588111,308.12775337646053,312.24639892578125,2710900,0.0,0.0
2021-03-18 00:00:00-04:00,317.49651395863503,323.01819798712427,314.09297869694905,315.0072326660156,3713000,0.0,0.0
2021-03-19 00:00:00-04:00,313.57712699884746,314.3193646331223,308.33604919029256,311.5675964355469,3513000,0.0,0.0
2021-03-22 00:00:00-04:00,308.72523512936993,310.37269362092195,304.14495908640623,307.15924072265625,2094500,0.0,0.0
2021-03-23 00:00:00-04:00,305.61133441575197,309.47652719402237,299.9176612545021,300.3159484863281,2457500,0.0,0.0
2021-03-24 00:00:00-04:00,301.8094878754117,304.9957575615703,297.3016164073921,297.49169921875,3332200,0.0,0.0
2021-03-25 00:00:00-04:00,296.31497692484317,299.9719649084821,291.3997848538909,299.2115783691406,2804700,0.0,0.0
2021-03-26 00:00:00-04:00,302.7962917711531,303.64717588584097,292.0968977859358,296.351318359375,3082600,0.0,0.0
2021-03-29 00:00:00-04:00,289.97865827215975,296.68614345646137,287.59799564491834,294.8486022949219,4533200,0.0,0.0
2021-03-30 00:00:00-04:00,298.1796952805055,303.9186168526957,297.6727892985287,300.533203125,2717300,0.0,0.0
2021-03-31 00:00:00-04:00,298.9220453094925,301.1125980062547,294.5861609147902,295.9982604980469,2624500,0.0,0.0
2021-04-01 00:00:00-04:00,293.5541752438576,298.4060256816814,293.4274625468843,296.5775451660156,2659000,0.0,0.0
2021-04-05 00:00:00-04:00,301.293525887849,301.293525887849,292.42261702077246,292.8661804199219,3235000,0.0,0.0
2021-04-06 00:00:00-04:00,293.7261370455561,297.39218613527214,293.28260121066313,296.052490234375,1801700,0.0,0.0
2021-04-07 00:00:00-04:00,296.63190643858445,297.9896966219329,292.6943093820115,295.5909118652344,2157300,0.0,0.0
2021-04-08 00:00:00-04:00,293.5451179211917,300.0624925499822,292.3502562374067,299.7456970214844,2402800,0.0,0.0
2021-04-09 00:00:00-04:00,302.33452896877503,303.14919732436897,297.6184801289475,299.44696044921875,2347100,0.0,0.0
2021-04-12 00:00:00-04:00,301.13065938504343,302.76905700522167,298.6594717959643,300.37933349609375,2318800,0.0,0.0
2021-04-13 00:00:00-04:00,298.2702582507635,298.7590427516657,293.44556240920326,296.6137390136719,3575900,0.0,0.0
2021-04-14 00:00:00-04:00,297.4012485568074,311.811938090702,295.22879015515633,303.55657958984375,9876800,0.0,0.0
2021-04-15 00:00:00-04:00,306.7700397696977,308.98777466413026,302.82340977919176,306.4532165527344,4354800,0.0,0.0
2021-04-16 00:00:00-04:00,308.02820909037746,311.1511091300845,306.5165242557227,309.856689453125,4231900,0.0,0.0
2021-04-19 00:00:00-04:00,307.7657003552542,311.7756997624026,304.6880488765627,310.562744140625,3228200,0.0,0.0
2021-04-20 00:00:00-04:00,307.738599630183,308.19119632772276,298.1254501943273,300.41558837890625,3662300,0.0,0.0
2021-04-21 00:00:00-04:00,298.71380241644755,303.6652110948077,296.5051284553025,303.4841613769531,2733300,0.0,0.0
2021-04-22 00:00:00-04:00,302.89575333705034,305.0229629463319,298.97627881704625,299.4831848144531,2165200,0.0,0.0
2021-04-23 00:00:00-04:00,299.84526673136196,308.37219937695295,299.365515409564,307.1773376464844,2163800,0.0,0.0
2021-04-26 00:00:00-04:00,309.52183295198165,313.10639107591743,308.57139093309974,310.9520263671875,2171500,0.0,0.0
2021-04-27 00:00:00-04:00,311.3864881340389,314.59991322639723,311.0787257339395,313.76715087890625,2088600,0.0,0.0
2021-04-28 00:00:00-04:00,315.0072535248063,316.92625881029835,313.2783310885322,315.1068115234375,2140900,0.0,0.0
2021-04-29 00:00:00-04:00,317.3154931067703,320.2845259588178,314.53657073293516,319.5060729980469,2584400,0.0,0.0
2021-04-30 00:00:00-04:00,317.8314009195711,319.3702402589849,314.2830593917697,315.41455078125,2101100,0.0,0.0
2021-05-03 00:00:00-04:00,317.12548312957284,320.4928040084036,316.1478863176665,316.9625549316406,1871700,0.0,0.0
2021-05-04 00:00:00-04:00,315.8219066966249,318.42886757165235,310.0920458092954,316.67279052734375,2831400,0.0,0.0
2021-05-05 00:00:00-04:00,318.62799821000857,325.0910907515477,315.5050707005584,323.7151794433594,2786800,0.0,0.0
2021-05-06 00:00:00-04:00,325.66141062986827,331.5723222645692,322.7014382379073,331.27362060546875,3048700,0.0,0.0
2021-05-07 00:00:00-04:00,327.9515377117512,336.41510100895573,326.7114272494898,335.7271728515625,3378100,0.0,0.0
2021-05-10 00:00:00-04:00,338.08969232108916,341.2397749011205,333.563725891088,333.7266540527344,3396300,0.0,0.0
2021-05-11 00:00:00-04:00,328.58516334645003,333.6814059747152,324.6204123275046,325.79718017578125,3734300,0.0,0.0
2021-05-12 00:00:00-04:00,328.64851355471444,333.22878910123546,319.7776033016015,320.80047607421875,3309800,0.0,0.0
2021-05-13 00:00:00-04:00,319.75954668370434,326.6752370464538,319.75954668370434,324.79241943359375,2673900,0.0,0.0
2021-05-14 00:00:00-04:00,327.6798971851284,334.47790610186684,327.4083503090047,333.80804443359375,2732300,0.0,0.0
2021-05-17 00:00:00-04:00,332.91204032719577,335.55521731136133,329.9430069661899,334.24267578125,1826100,0.0,0.0
2021-05-18 00:00:00-04:00,336.17067809526316,337.7094900662343,329.49034740114223,329.99725341796875,2018600,0.0,0.0
2021-05-19 00:00:00-04:00,325.8695457429861,325.8695457429861,320.37501649465344,324.40313720703125,3696000,0.0,0.0
2021-05-20 00:00:00-04:00,324.9462666420466,327.6346915655908,319.850024478535,325.67041015625,1919600,0.0,0.0
2021-05-21 00:00:00-04:00,327.21831263431096,332.33267680775185,326.3312408921832,331.5361022949219,2657500,0.0,0.0
2021-05-24 00:00:00-04:00,332.49558815959347,334.6680464147374,330.8571906021175,333.3736267089844,1834300,0.0,0.0
2021-05-25 00:00:00-04:00,334.84003380737727,338.3340664445529,329.571802535155,329.9519958496094,2631000,0.0,0.0
2021-05-26 00:00:00-04:00,330.39559553426653,333.8262863021554,327.59855120479784,332.56805419921875,2121200,0.0,0.0
2021-05-27 00:00:00-04:00,336.1254056280544,338.1349357974106,332.47747784587915,336.16162109375,3897000,0.0,0.0
2021-05-28 00:00:00-04:00,337.86917407054153,338.8410087234534,334.47232619011095,337.8873291015625,2169700,1.25,0.0
2021-06-01 00:00:00-04:00,343.0461897826053,348.1868626943103,341.7837084125303,347.3512878417969,3644000,0.0,0.0
2021-06-02 00:00:00-04:00,348.1595995312698,349.3766794094525,344.5629358539101,348.259521484375,2809700,0.0,0.0
2021-06-03 00:00:00-04:00,347.17867322804017,355.3529258351098,345.2531870487463,353.0550537109375,3003900,0.0,0.0
2021-06-04 00:00:00-04:00,353.9270164709696,356.07956552825425,350.87530836889596,355.5346374511719,2514100,0.0,0.0
2021-06-07 00:00:00-04:00,356.9424377755032,357.17859176936486,351.9924615844498,352.5465087890625,2188700,0.0,0.0
2021-06-08 00:00:00-04:00,350.39395085163704,351.020645883096,347.15149007454147,349.4039611816406,2452600,0.0,0.0
2021-06-09 00:00:00-04:00,348.0052042619377,349.0133488368055,344.1178939080535,347.6600646972656,2025900,0.0,0.0
2021-06-10 00:00:00-04:00,353.8907072435185,353.8907072435185,338.1870497079091,339.63116455078125,3900800,0.0,0.0
2021-06-11 00:00:00-04:00,341.2297083038998,343.9998611149455,340.69381614195834,343.36407470703125,2117300,0.0,0.0
2021-06-14 00:00:00-04:00,342.80096366629704,343.99986092292676,336.6884558240158,338.70477294921875,2560500,0.0,0.0
2021-06-15 00:00:00-04:00,339.23149922107433,340.4485513406282,333.4731954385877,337.23333740234375,2302900,0.0,0.0
2021-06-16 00:00:00-04:00,336.95175457504797,339.7582445480657,331.7384069602123,336.9608459472656,3264200,0.0,0.0
2021-06-17 00:00:00-04:00,339.2496162940327,339.2496162940327,323.8366087657473,328.33245849609375,4146300,0.0,0.0
2021-06-18 00:00:00-04:00,323.80939844359887,325.49875847457,316.1891925699228,316.824951171875,6290100,0.0,0.0
2021-06-21 00:00:00-04:00,320.51254147585206,325.1264419529232,318.83227245896205,324.73590087890625,2717300,0.0,0.0
2021-06-22 00:00:00-04:00,324.24537403003853,326.86113946543315,320.2854158197224,324.72674560546875,1870800,0.0,0.0
2021-06-23 00:00:00-04:00,325.8711705402844,329.22261675182796,324.84484314791433,327.9237976074219,1713100,0.0,0.0
2021-06-24 00:00:00-04:00,329.69482810844806,336.8518442388409,329.4950119524058,334.9172668457031,2716600,0.0,0.0
2021-06-25 00:00:00-04:00,334.9808539464022,337.0970647705484,331.09354410011696,334.9354248046875,2782400,0.0,0.0
2021-06-28 00:00:00-04:00,334.05447029414086,335.02630482857796,330.4759616693324,334.8809814453125,1833400,0.0,0.0
2021-06-29 00:00:00-04:00,340.46666154894433,343.40031971533995,336.7337664778708,338.43218994140625,2365900,0.0,0.0
2021-06-30 00:00:00-04:00,336.87010669680745,345.2350860853344,336.87010669680745,344.70831298828125,2238400,0.0,0.0
2021-07-01 00:00:00-04:00,345.77096906834225,346.6247267375564,339.82191178955884,340.5848388671875,2571000,0.0,0.0
2021-07-02 00:00:00-04:00,341.78366520167657,342.0470655473125,338.2505859785702,339.8309326171875,1598900,0.0,0.0
2021-07-06 00:00:00-04:00,338.9863031725189,339.3495977851426,331.8837784676767,335.92547607421875,2162900,0.0,0.0
2021-07-07 00:00:00-04:00,333.7820476267432,336.1344130172381,328.9501484755404,333.93646240234375,2012800,0.0,0.0
2021-07-08 00:00:00-04:00,326.68860360278086,329.595016103354,322.9647712481727,326.0074157714844,2940500,0.0,0.0
2021-07-09 00:00:00-04:00,332.41968285230007,338.0054178812971,331.466030914766,337.6512145996094,2641800,0.0,0.0
2021-07-12 00:00:00-04:00,336.3341904783599,348.7681401938239,333.62759441206094,345.5892639160156,4135900,0.0,0.0
2021-07-13 00:00:00-04:00,346.09781601688934,349.9760343591878,337.87816286464687,341.4839172363281,6466800,0.0,0.0
2021-07-14 00:00:00-04:00,343.99981417614885,346.74272020787726,337.3151050189827,340.0489196777344,3295700,0.0,0.0
2021-07-15 00:00:00-04:00,337.1788228699243,343.99979129769633,336.57031070816384,339.0952453613281,2183900,0.0,0.0
2021-07-16 00:00:00-04:00,340.530292264452,340.530292264452,330.44870797829964,331.3297119140625,2583300,0.0,0.0
2021-07-19 00:00:00-04:00,321.52064965137333,322.601469871847,316.97939753765337,322.1745910644531,4394600,0.0,0.0
2021-07-20 00:00:00-04:00,319.9493011649144,333.6093924969505,319.28629623084515,331.2933654785156,2937900,0.0,0.0
2021-07-21 00:00:00-04:00,334.2724972599407,340.50308192843744,334.17257529911564,339.2315368652344,2398800,0.0,0.0
2021-07-22 00:00:00-04:00,338.1416215686267,339.4041029616913,334.64487961237273,338.5140075683594,1887100,0.0,0.0
2021-07-23 00:00:00-04:00,340.22148099574184,343.3186178853166,337.3060052555802,339.73101806640625,1706900,0.0,0.0
2021-07-26 00:00:00-04:00,338.94084345272034,342.1197195322726,338.87725927890534,341.4112854003906,1559100,0.0,0.0
2021-07-27 00:00:00-04:00,338.3233055901049,340.72110017444226,335.3442451086466,340.4486083984375,1791800,0.0,0.0
2021-07-28 00:00:00-04:00,341.3295852232424,342.81003783008265,338.17795518391097,339.8945617675781,1668900,0.0,0.0
2021-07-29 00:00:00-04:00,342.43763190081665,344.6901027704976,340.4213149942155,342.909912109375,1296600,0.0,0.0
2021-07-30 00:00:00-04:00,342.0198390994233,345.08972970061365,338.8318715185563,340.4848937988281,1474900,0.0,0.0
2021-08-02 00:00:00-04:00,341.65661587070275,351.42937277715646,341.27513845034065,343.49127197265625,2383200,0.0,0.0
2021-08-03 00:00:00-04:00,345.36223344054656,346.32497669965886,337.6602596500438,345.4621276855469,1494600,0.0,0.0
2021-08-04 00:00:00-04:00,343.7546057904194,347.541994264907,341.2841637056826,343.19146728515625,1460500,0.0,0.0
2021-08-05 00:00:00-04:00,345.2713852663603,349.0497102701501,345.0897518162643,349.0406188964844,1583800,0.0,0.0
2021-08-06 00:00:00-04:00,353.2003838900417,362.2647042164103,352.9824126859509,361.38372802734375,3655800,0.0,0.0
2021-08-09 00:00:00-04:00,360.2030106334588,367.4781049611618,357.46916815224176,363.191162109375,3319100,0.0,0.0
2021-08-10 00:00:00-04:00,363.409079000319,372.9547978242221,362.8459682903536,370.5388488769531,3152300,0.0,0.0
2021-08-11 00:00:00-04:00,371.2927525553607,376.6332693439377,369.71240572847256,375.915771484375,3000500,0.0,0.0
2021-08-12 00:00:00-04:00,376.36074791508446,380.2117201554398,372.89122526282557,376.9238586425781,2312800,0.0,0.0
2021-08-13 00:00:00-04:00,377.83222493709155,378.64058122277845,370.7296990564812,373.0911560058594,1980000,0.0,0.0
2021-08-16 00:00:00-04:00,371.465329575049,371.465329575049,365.25290004226105,370.8840637207031,1590700,0.0,0.0
2021-08-17 00:00:00-04:00,366.78788147649215,370.8841001333183,363.48186404366487,367.814208984375,2077400,0.0,0.0
2021-08-18 00:00:00-04:00,365.6615728155743,368.84951249002336,362.01948027788256,362.210205078125,2187800,0.0,0.0
2021-08-19 00:00:00-04:00,358.3955797232472,361.2384076430671,355.0441338446045,357.4600830078125,2241500,0.0,0.0
2021-08-20 00:00:00-04:00,355.57096135994345,360.0759035683713,355.1259275071254,359.5491027832031,1612100,0.0,0.0
2021-08-23 00:00:00-04:00,365.01672829878373,367.0239537114543,362.3918716134764,364.6170959472656,1857600,0.0,0.0
2021-08-24 00:00:00-04:00,366.56079277588987,372.07387961429174,365.75246429518927,371.0747985839844,1958400,0.0,0.0
2021-08-25 00:00:00-04:00,372.2918630346902,378.4498001278896,371.41995034225266,375.2164306640625,1845300,0.0,0.0
2021-08-26 00:00:00-04:00,377.72316305185285,382.12818282854766,373.4362202564305,374.571533203125,2076500,0.0,0.0
2021-08-27 00:00:00-04:00,374.90758047013577,381.3289171329284,374.6532714794114,381.18359375,2174500,0.0,0.0
2021-08-30 00:00:00-04:00,381.4197699015188,382.1554505145421,374.85310947377434,375.6523742675781,2089400,0.0,0.0
2021-08-31 00:00:00-04:00,376.1178174083496,378.62764253911075,373.0604163490688,377.39556884765625,1958100,2.0,0.0
2021-09-01 00:00:00-04:00,377.07610837096087,379.768449365648,374.4750114573641,377.5324401855469,1680400,0.0,0.0
2021-09-02 00:00:00-04:00,378.8558142698304,381.11009471775657,376.60156167418984,378.2991027832031,1830400,0.0,0.0
2021-09-03 00:00:00-04:00,377.8427321182691,378.8649108985523,374.7396814346143,375.3876647949219,1373600,0.0,0.0
2021-09-07 00:00:00-04:00,375.1047659840573,378.5090114783263,373.86355676984897,374.4841613769531,1557000,0.0,0.0
2021-09-08 00:00:00-04:00,373.4801951230009,375.0864919528802,369.35496572623555,369.6287536621094,1646200,0.0,0.0
2021-09-09 00:00:00-04:00,369.32761712061983,373.1699233469492,368.26892392823544,369.2454528808594,2424600,0.0,0.0
2021-09-10 00:00:00-04:00,372.36677638159773,374.00045214524494,367.94948757267844,368.2415466308594,1956000,0.0,0.0
2021-09-13 00:00:00-04:00,371.82825997850085,373.6170727365667,368.5335300822006,373.5166931152344,1802800,0.0,0.0
2021-09-14 00:00:00-04:00,374.46592149317047,380.58991524405013,367.60270019313947,368.4332275390625,3263200,0.0,0.0
2021-09-15 00:00:00-04:00,363.240151580377,368.3601815539078,361.60647576332275,366.8451843261719,3199800,0.0,0.0
2021-09-16 00:00:00-04:00,369.19074211593835,370.52325128787027,360.4018133138608,362.03546142578125,2882900,0.0,0.0
2021-09-17 00:00:00-04:00,361.70683015353706,364.29879133147904,354.87096112369807,357.2712707519531,3843700,0.0,0.0
2021-09-20 00:00:00-04:00,344.822606265972,347.59708386392623,339.9672286911233,345.10552978515625,3834500,0.0,0.0
2021-09-21 00:00:00-04:00,347.5879258052819,348.1811515546434,341.4091756180262,343.0154724121094,2377300,0.0,0.0
2021-09-22 00:00:00-04:00,347.5423221874842,355.2908558590712,346.54752210715355,351.8044738769531,2991300,0.0,0.0
2021-09-23 00:00:00-04:00,356.29476375669867,359.35216459994814,354.27775710412385,357.6363525390625,2518000,0.0,0.0
2021-09-24 00:00:00-04:00,356.36781344765905,358.2113841848221,354.66113670172064,356.7146301269531,1789700,0.0,0.0
2021-09-27 00:00:00-04:00,361.9441153770328,365.9781007122066,360.6663919175714,364.89202880859375,2788500,0.0,0.0
2021-09-28 00:00:00-04:00,365.4761921476826,368.90778874211605,354.4694700833405,355.4825134277344,2609000,0.0,0.0
2021-09-29 00:00:00-04:00,356.5594492781335,358.1201242659868,350.7366503888766,351.275146484375,1955000,0.0,0.0
2021-09-30 00:00:00-04:00,354.11344711719363,354.13169036084264,343.7273317634224,345.0141906738281,2665700,0.0,0.0
2021-10-01 00:00:00-04:00,346.30110539687115,349.2946411223151,343.02464616172705,346.81219482421875,2382300,0.0,0.0
2021-10-04 00:00:00-04:00,347.00382273455097,353.0821657084786,340.25925315198424,341.47308349609375,2895600,0.0,0.0
2021-10-05 00:00:00-04:00,345.07817725578315,354.31433015846363,342.70524588161794,352.11480712890625,2508100,0.0,0.0
2021-10-06 00:00:00-04:00,348.9842712047786,355.528052857845,345.5891618938568,354.1590576171875,2111800,0.0,0.0
2021-10-07 00:00:00-04:00,358.5947074353581,363.1032684638256,355.71982227284036,356.50469970703125,2348000,0.0,0.0
2021-10-08 00:00:00-04:00,356.6963034914942,359.87238285485057,354.27775051545166,358.5033874511719,1446700,0.0,0.0
2021-10-11 00:00:00-04:00,358.58555051426856,362.28185509060035,351.3937563354605,351.59454345703125,1787400,0.0,0.0
2021-10-12 00:00:00-04:00,352.4889575989287,354.65196600277,347.74309545671736,352.7718811035156,2088200,0.0,0.0
2021-10-13 00:00:00-04:00,354.1134791619235,354.46029578860197,345.56182562924954,352.5710754394531,2391600,0.0,0.0
2021-10-14 00:00:00-04:00,357.7640857107061,359.2791104363464,348.8199947088502,357.0339660644531,3380900,0.0,0.0
2021-10-15 00:00:00-04:00,367.1737223351792,371.7005263827134,361.725119059463,370.6053466796875,6451400,0.0,0.0
2021-10-18 00:00:00-04:00,372.3758917861352,379.6133075941391,372.00169636038754,377.559814453125,3832300,0.0,0.0
2021-10-19 00:00:00-04:00,378.91962485361034,379.531121652981,373.90911115652125,376.16339111328125,2568300,0.0,0.0
2021-10-20 00:00:00-04:00,375.1047892597043,378.1439471950506,370.7240145406515,372.26641845703125,2453400,0.0,0.0
2021-10-21 00:00:00-04:00,371.27154166766024,376.6197648515804,369.2819417024473,371.9925537109375,2162100,0.0,0.0
2021-10-22 00:00:00-04:00,374.1829772858577,379.0839768439471,373.3707210850862,378.13482666015625,2411000,0.0,0.0
2021-10-25 00:00:00-04:00,379.8597945894635,382.85333075663135,377.17656077381,378.5273132324219,1824700,0.0,0.0
2021-10-26 00:00:00-04:00,380.00575716554073,383.1453223304849,377.62371842273376,381.137451171875,1843300,0.0,0.0
2021-10-27 00:00:00-04:00,380.1700499922585,381.54818108074574,374.69406783693734,375.09564208984375,2067200,0.0,0.0
2021-10-28 00:00:00-04:00,376.01746804305975,378.6824584696336,373.33423436816173,378.5911865234375,1444700,0.0,0.0
2021-10-29 00:00:00-04:00,377.8610113120037,379.6315811006844,375.2690497718997,377.2495422363281,2061700,0.0,0.0
2021-11-01 00:00:00-04:00,380.64459634287516,382.1596211895315,377.1582148711341,380.3069152832031,1820800,0.0,0.0
2021-11-02 00:00:00-04:00,378.8466821713264,388.94073979186834,376.7384313931299,386.8324890136719,3000800,0.0,0.0
2021-11-03 00:00:00-04:00,386.1662663473814,386.96941487235017,376.52853975232836,381.40216064453125,3542400,0.0,0.0
2021-11-04 00:00:00-04:00,378.4360096619323,379.65897571652613,367.830861587247,372.4306945800781,3802300,0.0,0.0
2021-11-05 00:00:00-04:00,375.46984403143415,378.25348505317464,370.6327375182649,371.5271301269531,2105600,0.0,0.0
2021-11-08 00:00:00-05:00,374.09173895826683,377.52333554535437,372.33027684201386,372.6770935058594,1728400,0.0,0.0
2021-11-09 00:00:00-05:00,370.64181709606663,371.98343375959973,365.12021322057024,369.9482116699219,2246900,0.0,0.0
2021-11-10 00:00:00-05:00,367.19191023469006,370.13068795111474,362.5555917009192,364.26226806640625,2243900,0.0,0.0
2021-11-11 00:00:00-05:00,365.1933281064866,368.49716680338986,363.7056815672943,367.201171875,1252400,0.0,0.0
2021-11-12 00:00:00-05:00,367.8035007447567,369.72010023969074,364.3353895461432,369.54669189453125,1360100,0.0,0.0
2021-11-15 00:00:00-05:00,370.5413940971958,371.7643598881493,368.6339306570479,369.455322265625,1436500,0.0,0.0
2021-11-16 00:00:00-05:00,368.63394990210185,370.39538392677275,364.1527683824896,367.88555908203125,1311000,0.0,0.0
2021-11-17 00:00:00-05:00,366.75387593290304,367.4839956773699,357.2804232387321,357.3534240722656,2927000,0.0,0.0
2021-11-18 00:00:00-05:00,358.03794900104026,359.5164875522744,351.9961199214901,357.1891784667969,1847400,0.0,0.0
2021-11-19 00:00:00-05:00,348.98436942701824,356.15789313796984,347.7614033434318,353.55682373046875,2610400,0.0,0.0
2021-11-22 00:00:00-05:00,358.8228609711025,367.3380009738977,356.1031131384655,361.56085205078125,3058700,0.0,0.0
2021-11-23 00:00:00-05:00,365.2936272981594,371.4175926142497,362.79293780040456,370.85174560546875,2402300,0.0,0.0
2021-11-24 00:00:00-05:00,369.62877593772424,371.8921918023874,363.5139183800631,364.3262023925781,2186300,0.0,0.0
2021-11-26 00:00:00-05:00,350.9009287501736,357.49946908734654,349.29463181998244,355.3821105957031,2687900,0.0,0.0
2021-11-29 00:00:00-05:00,359.5894064988845,361.7524144623228,349.0481545812627,352.78094482421875,2883400,0.0,0.0
2021-11-30 00:00:00-05:00,350.03393304150256,353.0457123282293,344.31154125580673,347.71575927734375,4570400,0.0,0.0
2021-12-01 00:00:00-05:00,352.14714088278726,357.96396007144824,345.16510430508794,345.412841796875,2476000,2.0,0.0
2021-12-02 00:00:00-05:00,346.80744403988655,356.98229399849913,345.0000072988614,355.5602111816406,3343700,0.0,0.0
2021-12-03 00:00:00-05:00,357.70716372186627,357.70716372186627,347.75249854015203,351.1471862792969,2807500,0.0,0.0
2021-12-06 00:00:00-05:00,356.59693791933984,361.1201072697205,351.84437058641754,357.1749267578125,1990200,0.0,0.0
2021-12-07 00:00:00-05:00,361.1017524538637,368.59757609068066,360.62467295160303,367.0928955078125,2441000,0.0,0.0
2021-12-08 00:00:00-05:00,368.12052288825555,368.56089538356827,362.5330728598272,364.5331726074219,1635200,0.0,0.0
2021-12-09 00:00:00-05:00,363.04678700737537,367.16626256461007,360.56958021838363,363.7715759277344,2111500,0.0,0.0
2021-12-10 00:00:00-05:00,365.15698533835837,365.94600458059887,356.58772678103315,358.7896728515625,1893800,0.0,0.0
2021-12-13 00:00:00-05:00,358.9089881596784,358.9089881596784,351.0828852128392,352.8995056152344,2313300,0.0,0.0
2021-12-14 00:00:00-05:00,351.9086648556863,360.1109391882208,351.6334320254418,356.734619140625,2788500,0.0,0.0
2021-12-15 00:00:00-05:00,357.35844899230005,359.1016553387506,349.19288284367724,357.734619140625,2802300,0.0,0.0
2021-12-16 00:00:00-05:00,362.5239245345335,366.84524806278705,359.4687000533269,364.5790710449219,3578200,0.0,0.0
2021-12-17 00:00:00-05:00,357.09241504816487,361.1843963753388,349.22044826047573,350.29388427734375,7058600,0.0,0.0
2021-12-20 00:00:00-05:00,344.5320828607093,344.63302022130705,336.39403966168885,340.9447326660156,3735600,0.0,0.0
2021-12-21 00:00:00-05:00,345.36699395484914,350.5599341790352,343.8348180154749,348.9360046386719,2942800,0.0,0.0
2021-12-22 00:00:00-05:00,349.02772830001527,352.32147789833226,347.9726039780504,350.78009033203125,1487900,0.0,0.0
2021-12-23 00:00:00-05:00,352.1196600001239,355.6244123501456,351.9178132784562,353.2665100097656,1624000,0.0,0.0
2021-12-27 00:00:00-05:00,355.0555806046132,357.0006337486392,353.22980434193624,356.0189514160156,1430400,0.0,0.0
2021-12-28 00:00:00-05:00,356.8354392796268,359.03738536876364,354.3674161882767,355.6243591308594,1528200,0.0,0.0
2021-12-29 00:00:00-05:00,355.9546482018121,357.32168417890404,352.6976060284713,354.3307189941406,1327800,0.0,0.0
2021-12-30 00:00:00-05:00,355.75283844277703,357.6153215575939,353.4132758500161,353.70684814453125,1160100,0.0,0.0
2021-12-31 00:00:00-05:00,353.2298013194316,355.06476132628575,349.41308114526277,350.9819641113281,1601300,0.0,0.0
2022-01-03 00:00:00-05:00,356.89973068909916,366.34976377241935,355.3767104835728,362.7073669433594,3334300,0.0,0.0
2022-01-04 00:00:00-05:00,369.03799676368357,376.42369968973964,368.0746259477188,373.8547668457031,3916400,0.0,0.0
2022-01-05 00:00:00-05:00,375.9833133858097,378.6073208890963,365.05615062689054,365.7350769042969,3469600,0.0,0.0
2022-01-06 00:00:00-05:00,367.90944291214566,368.0929500933539,354.54175393987833,364.17529296875,2960900,0.0,0.0
2022-01-07 00:00:00-05:00,364.85425864583686,367.4965773434159,361.9733582057514,364.70745849609375,2360700,0.0,0.0
2022-01-10 00:00:00-05:00,368.20304496071697,371.0013474922846,361.68893198642377,366.23046875,3009400,0.0,0.0
2022-01-11 00:00:00-05:00,367.2213808445461,370.0563907683557,363.60650729785254,369.7903137207031,1748800,0.0,0.0
2022-01-12 00:00:00-05:00,369.96463344639955,370.77202034200866,356.4960335038826,358.10162353515625,4158000,0.0,0.0
2022-01-13 00:00:00-05:00,361.5329572502084,364.1202573871842,357.5878047287254,358.5511474609375,2497800,0.0,0.0
2022-01-14 00:00:00-05:00,350.59662518085287,352.6701388714276,344.0549885192574,349.50482177734375,4685300,0.0,0.0
2022-01-18 00:00:00-05:00,330.3294768761198,331.7332200279679,318.57656138926586,325.1548767089844,13123500,0.0,0.0
2022-01-19 00:00:00-05:00,328.76976833641436,330.02671141255104,317.8058995196013,318.6591491699219,7426100,0.0,0.0
2022-01-20 00:00:00-05:00,320.10882033607123,327.7055548960931,317.57659414891214,319.3748474121094,4599900,0.0,0.0
2022-01-21 00:00:00-05:00,317.0259836413623,320.19127220881154,312.6037242058956,315.5304870605469,4904100,0.0,0.0
2022-01-24 00:00:00-05:00,309.48435654497837,315.6773464694412,299.30950682899527,315.053466796875,6569800,0.0,0.0
2022-01-25 00:00:00-05:00,309.9797918339817,314.6314223409882,303.60332237695224,313.36529541015625,3959300,0.0,0.0
2022-01-26 00:00:00-05:00,317.9985107478904,321.55833692417855,310.4843487931127,314.4019775390625,3745900,0.0,0.0
2022-01-27 00:00:00-05:00,317.1453039655492,319.9894693871861,309.85132722476413,312.88818359375,2573400,0.0,0.0
2022-01-28 00:00:00-05:00,309.86051255431454,318.5031579747479,305.93369950145126,318.3747253417969,3714600,0.0,0.0
2022-01-31 00:00:00-05:00,316.16358834019536,325.89803692282027,315.0993082653131,325.4117736816406,3312400,0.0,0.0
2022-02-01 00:00:00-05:00,326.74215166638265,334.45816170317806,324.83377761724284,334.01776123046875,3303700,0.0,0.0
2022-02-02 00:00:00-05:00,333.503974194633,338.11889739432945,328.3018503655096,333.10028076171875,2742400,0.0,0.0
2022-02-03 00:00:00-05:00,332.88007087408505,335.57746407542174,328.6046110923694,329.26519775390625,2372900,0.0,0.0
2022-02-04 00:00:00-05:00,332.2837157422861,340.3391883392178,331.22859143234575,337.265625,3762300,0.0,0.0
2022-02-07 00:00:00-05:00,335.3297028652649,340.81624247169987,333.36631053740035,337.77020263671875,2635600,0.0,0.0
2022-02-08 00:00:00-05:00,340.4584385797178,341.8988887831893,336.02702285734404,339.559326171875,3422300,0.0,0.0
2022-02-09 00:00:00-05:00,342.2200056402071,345.2293386180914,340.2932922338007,343.6237487792969,2250400,0.0,0.0
2022-02-10 00:00:00-05:00,341.0364827079666,346.2569461440469,338.3941358300382,339.9905700683594,2406200,0.0,0.0
2022-02-11 00:00:00-05:00,338.1372369142739,343.96324041271305,330.99924375849696,333.10028076171875,3142100,0.0,0.0
2022-02-14 00:00:00-05:00,333.10027016316724,334.22878058735256,327.7054835488433,330.5129699707031,2585600,0.0,0.0
2022-02-15 00:00:00-05:00,334.0452702006494,335.69675090311483,331.540539868173,333.90765380859375,1846400,0.0,0.0
2022-02-16 00:00:00-05:00,331.5314249584329,333.06360097755197,327.109164353709,330.33868408203125,2165300,0.0,0.0
2022-02-17 00:00:00-05:00,329.1734919423641,331.17359173593456,319.1362579333665,320.2555847167969,3102400,0.0,0.0
2022-02-18 00:00:00-05:00,317.0535245532128,321.1179536466891,315.0350576448711,317.4847412109375,2910900,0.0,0.0
2022-02-22 00:00:00-05:00,314.20014251515147,320.20046859158987,313.04413694025095,315.86077880859375,2590800,0.0,0.0
2022-02-23 00:00:00-05:00,318.88853054614657,320.43907398718846,311.7780605411001,313.0350036621094,2217300,0.0,0.0
2022-02-24 00:00:00-05:00,301.4564395568428,312.8607103430718,299.97012629257415,312.1175537109375,4564000,0.0,0.0
2022-02-25 00:00:00-05:00,312.11757813729565,321.76030358691025,312.11757813729565,321.2281494140625,2980500,0.0,0.0
2022-02-28 00:00:00-05:00,312.17255251560107,315.4663021712101,309.6953454546393,313.1267395019531,4245700,0.0,0.0
2022-03-01 00:00:00-05:00,311.382460949833,312.08386496716327,301.8028772997127,302.89190673828125,5631500,2.0,0.0
2022-03-02 00:00:00-05:00,306.0297572862992,311.9362366069403,302.153615269836,310.441162109375,3469900,0.0,0.0
2022-03-03 00:00:00-05:00,312.7391356672504,315.1663362624728,304.67310140330386,307.70941162109375,2393700,0.0,0.0
2022-03-04 00:00:00-05:00,301.7844417843919,305.1622159804118,299.01577718086537,304.2485656738281,3293100,0.0,0.0
2022-03-07 00:00:00-05:00,301.6183752555962,302.513578075582,296.1087307169861,297.06854248046875,3689900,0.0,0.0
2022-03-08 00:00:00-05:00,297.63146075855514,305.0699378037478,293.9860409036936,296.5885925292969,3596400,0.0,0.0
2022-03-09 00:00:00-05:00,306.1035521268485,311.4470827032552,304.5807922261776,307.86627197265625,3202100,0.0,0.0
2022-03-10 00:00:00-05:00,302.3658390205333,306.2511901166251,299.7171546245372,304.4607849121094,2232600,0.0,0.0
2022-03-11 00:00:00-05:00,308.5861673705758,310.6534282237246,301.51683936072715,301.78448486328125,2613500,0.0,0.0
2022-03-14 00:00:00-04:00,303.8240262375603,306.04819025103086,298.0006037608378,299.92022705078125,2342200,0.0,0.0
2022-03-15 00:00:00-04:00,301.84906004605955,306.3065978031925,299.79100915468484,303.77789306640625,2140700,0.0,0.0
2022-03-16 00:00:00-04:00,309.23210220361347,315.00936218006797,308.4845651446449,314.48333740234375,3468500,0.0,0.0
2022-03-17 00:00:00-04:00,311.3548002357008,317.1044040955243,309.0752651620887,316.7998352050781,2403500,0.0,0.0
2022-03-18 00:00:00-04:00,312.7391201469434,320.02993130152305,311.2901789120293,318.74713134765625,5861900,0.0,0.0
2022-03-21 00:00:00-04:00,318.6363894963818,319.59617294773875,311.1517515359776,312.8591003417969,3401200,0.0,0.0
2022-03-22 00:00:00-04:00,315.81230788935005,319.54075540286385,313.8926849373923,316.5598449707031,2840200,0.0,0.0
2022-03-23 00:00:00-04:00,313.7819611197981,314.5479458678823,309.28750047710713,309.73046875,2196800,0.0,0.0
2022-03-24 00:00:00-04:00,310.4965024898121,311.47476171048373,308.521508259652,310.3027038574219,1944100,0.0,0.0
2022-03-25 00:00:00-04:00,311.41014410043596,315.47084635893907,309.61052909262224,311.46551513671875,1580800,0.0,0.0
2022-03-28 00:00:00-04:00,312.07463393113574,312.39765042854765,305.94667103198265,309.44439697265625,2182600,0.0,0.0
2022-03-29 00:00:00-04:00,316.06151420040663,317.4735319806084,310.76414509214726,313.46820068359375,2378700,0.0,0.0
2022-03-30 00:00:00-04:00,312.85911898509113,313.6527893668903,307.903213553476,309.7120666503906,2650200,0.0,0.0
2022-03-31 00:00:00-04:00,310.21040019289234,310.55186430411374,304.6453857421875,304.6453857421875,2632000,0.0,0.0
2022-04-01 00:00:00-04:00,308.1800412737284,308.39231569296226,302.3104860042565,304.7561340332031,2444800,0.0,0.0
2022-04-04 00:00:00-04:00,304.55307009856546,306.27886632283446,300.7322998820967,302.9010925292969,2569400,0.0,0.0
2022-04-05 00:00:00-04:00,302.11666554379684,304.3131439508968,298.53588301058295,298.9788513183594,2573900,0.0,0.0
2022-04-06 00:00:00-04:00,295.3241814696762,295.8963675649843,291.40190718453204,291.8725891113281,3151300,0.0,0.0
2022-04-07 00:00:00-04:00,290.70975349198716,291.4757382279396,284.4341256347095,289.92529296875,3562600,0.0,0.0
2022-04-08 00:00:00-04:00,289.39924304871806,298.720418654009,288.8639803336869,296.6070251464844,3294200,0.0,0.0
2022-04-11 00:00:00-04:00,295.8871484977267,303.53789894671536,294.42899765124025,296.0256042480469,2747700,0.0,0.0
2022-04-12 00:00:00-04:00,296.87463653809795,301.8951500432279,293.487652991217,295.12115478515625,2365200,0.0,0.0
2022-04-13 00:00:00-04:00,291.4480112337049,297.7513518748457,290.4513046130186,297.1422424316406,3022900,0.0,0.0
2022-04-14 00:00:00-04:00,303.1410512836007,307.349418710232,294.4289854828493,296.8377380371094,5460900,0.0,0.0
2022-04-18 00:00:00-04:00,295.92405473140275,307.00794949160303,295.92405473140275,304.44232177734375,3653400,0.0,0.0
2022-04-19 00:00:00-04:00,304.98684387407184,311.1978911775372,304.98684387407184,310.0442810058594,2774800,0.0,0.0
2022-04-20 00:00:00-04:00,312.0284521569482,318.3040795672493,311.4747136997316,314.76019287109375,3040100,0.0,0.0
2022-04-21 00:00:00-04:00,317.7780824389574,320.5652228362327,307.6539977289072,308.5215148925781,3097800,0.0,0.0
2022-04-22 00:00:00-04:00,306.68493224099615,306.8602832274137,294.83505280375084,295.1119079589844,3125200,0.0,0.0
2022-04-25 00:00:00-04:00,291.98337073306817,297.3176633570197,288.62404419483704,296.6347351074219,3093600,0.0,0.0
2022-04-26 00:00:00-04:00,293.43232794583565,296.8008643978365,288.67943096587817,288.9747619628906,2791700,0.0,0.0
2022-04-27 00:00:00-04:00,288.0703491420697,294.6228331234804,288.0703491420697,289.0762939453125,2469300,0.0,0.0
2022-04-28 00:00:00-04:00,292.6663083490562,294.73356895301214,288.07955276079383,293.8568420410156,2176000,0.0,0.0
2022-04-29 00:00:00-04:00,292.786279646476,294.47515264977517,281.2132538037567,281.93310546875,3129600,0.0,0.0
2022-05-02 00:00:00-04:00,282.2284118238322,287.35966748333897,278.9060089813396,286.4829406738281,2968100,0.0,0.0
2022-05-03 00:00:00-04:00,287.4980834966449,294.88118810978807,287.3135227799017,290.3959655761719,2606200,0.0,0.0
2022-05-04 00:00:00-04:00,291.4757956705717,299.75410474231717,288.09804932034956,299.1173095703125,2629400,0.0,0.0
2022-05-05 00:00:00-04:00,295.785672042733,295.9517851615122,284.8863645085936,288.9286193847656,2622100,0.0,0.0
2022-05-06 00:00:00-04:00,288.1995301766176,289.5192535624481,282.45916436224616,288.82708740234375,2375600,0.0,0.0
2022-05-09 00:00:00-04:00,285.0985778478487,289.5745621869825,281.4623968173673,285.0708923339844,3234000,0.0,0.0
2022-05-10 00:00:00-04:00,287.68269329998304,290.84819287365116,277.46631478910587,281.5362548828125,2798400,0.0,0.0
2022-05-11 00:00:00-04:00,281.5362827530131,286.9351845613365,277.789358771565,278.29693603515625,2320600,0.0,0.0
2022-05-12 00:00:00-04:00,276.8664305319697,279.53359066496296,271.236807478291,276.3219299316406,3408300,0.0,0.0
2022-05-13 00:00:00-04:00,280.2165831505661,285.75391303188763,280.1612121048982,283.3174743652344,2152500,0.0,0.0
2022-05-16 00:00:00-04:00,282.3575955938643,282.83748721595146,277.37397784956727,280.0411376953125,1568800,0.0,0.0
2022-05-17 00:00:00-04:00,285.97534483012333,290.0822083388756,284.36952847127174,288.8363037109375,2096200,0.0,0.0
2022-05-18 00:00:00-04:00,285.1724300310946,288.73476466730665,281.37013547030307,283.0774841308594,2033200,0.0,0.0
2022-05-19 00:00:00-04:00,280.3919184905624,286.0861232944828,279.99508329737995,284.4341735839844,2108800,0.0,0.0
2022-05-20 00:00:00-04:00,287.2581295912344,288.48555824619774,276.32190109370345,283.14202880859375,2201100,0.0,0.0
2022-05-23 00:00:00-04:00,288.60553696017325,297.0130331351027,287.08277739053574,292.195556640625,2653000,0.0,0.0
2022-05-24 00:00:00-04:00,291.03282163680717,291.44810445980306,282.8006458744272,289.74078369140625,1870900,0.0,0.0
2022-05-25 00:00:00-04:00,287.2489563307888,293.1093021169061,286.07689843929063,290.61749267578125,1929500,0.0,0.0
2022-05-26 00:00:00-04:00,293.75533648170807,300.4001435494499,293.46003362872085,298.6743469238281,2440400,0.0,0.0
2022-05-27 00:00:00-04:00,301.553680912507,303.32563842294235,298.26820159243516,303.2425537109375,2106700,0.0,0.0
2022-05-31 00:00:00-04:00,300.85626634668523,306.15822202172416,299.60273162983265,303.4933166503906,2722900,2.0,0.0
2022-06-01 00:00:00-04:00,303.63259197633766,305.74036765823064,293.26078729904873,298.8506164550781,2330200,0.0,0.0
2022-06-02 00:00:00-04:00,297.6806416880101,301.9612259164441,296.41784086214545,301.0791015625,1957500,0.0,0.0
2022-06-03 00:00:00-04:00,297.9499344453469,299.4541647857325,294.81146455649633,295.9071350097656,1238900,0.0,0.0
2022-06-06 00:00:00-04:00,299.91840920880344,301.97047460066744,296.9378038503487,297.6063537597656,1099700,0.0,0.0
2022-06-07 00:00:00-04:00,295.5357478423465,298.8413483979299,294.03151738396025,298.5349426269531,2516800,0.0,0.0
2022-06-08 00:00:00-04:00,295.59142247303765,296.71494794737714,290.4473028991714,292.1929626464844,1438100,0.0,0.0
2022-06-09 00:00:00-04:00,291.1530298342943,291.69159895783855,282.2947493963375,282.48046875,2896500,0.0,0.0
2022-06-10 00:00:00-04:00,275.76712890917395,277.3085089520412,266.35174656330787,266.50958251953125,3866900,0.0,0.0
2022-06-13 00:00:00-04:00,259.06270483194976,265.95248529244526,258.4313043235132,263.0740051269531,4218100,0.0,0.0
2022-06-14 00:00:00-04:00,264.0117978449884,268.51522306012265,261.1983224362419,262.3497314453125,2487700,0.0,0.0
2022-06-15 00:00:00-04:00,266.6395890885587,273.4365096908844,263.86326314725295,269.3416442871094,2725800,0.0,0.0
2022-06-16 00:00:00-04:00,262.479697305678,265.6831718467329,259.2019520280277,264.6153564453125,2777300,0.0,0.0
2022-06-17 00:00:00-04:00,261.96901449433824,265.8038895174915,258.2734148143322,259.7962341308594,5234400,0.0,0.0
2022-06-21 00:00:00-04:00,267.2059287888863,267.4845077734362,262.7582428711795,264.45745849609375,2506300,0.0,0.0
2022-06-22 00:00:00-04:00,262.1175417732147,265.5717114067421,260.9568668740024,264.2067565917969,2463100,0.0,0.0
2022-06-23 00:00:00-04:00,263.48255183871765,266.1103078933701,258.99768721911255,265.7203369140625,2547000,0.0,0.0
2022-06-24 00:00:00-04:00,270.20513376728945,281.46832824137266,269.27659378870766,281.115478515625,3984300,0.0,0.0
2022-06-27 00:00:00-04:00,281.40332491004676,282.5732943561049,277.52203458291586,279.2862548828125,2091700,0.0,0.0
2022-06-28 00:00:00-04:00,284.04038483619127,286.89100948221886,277.8005948037857,278.08843994140625,2276600,0.0,0.0
2022-06-29 00:00:00-04:00,281.6912312318125,285.47039658347757,278.478490127815,281.607666015625,2475900,0.0,0.0
2022-06-30 00:00:00-04:00,275.3863925081635,278.8684176570654,271.34726600487187,275.7949523925781,2669500,0.0,0.0
2022-07-01 00:00:00-04:00,274.17000694379294,278.8684172712678,270.87370114211,277.8470458984375,1749400,0.0,0.0
2022-07-05 00:00:00-04:00,272.0622178638723,276.1013724995168,267.75377869604034,275.96209716796875,2480900,0.0,0.0
2022-07-06 00:00:00-04:00,275.09856067940046,276.0921053708117,269.8337542680133,272.7679443359375,1774500,0.0,0.0
2022-07-07 00:00:00-04:00,276.389224561381,277.6984693843486,272.61935436338615,277.2620544433594,2046500,0.0,0.0
2022-07-08 00:00:00-04:00,279.026255596013,279.38839977897845,273.9842904571211,275.28424072265625,1438900,0.0,0.0
2022-07-11 00:00:00-04:00,272.2479590540808,275.3492794782995,271.02227936447275,272.2293701171875,1519400,0.0,0.0
2022-07-12 00:00:00-04:00,269.00727374473064,277.70768766147637,268.8215827756051,271.6257629394531,1772600,0.0,0.0
2022-07-13 00:00:00-04:00,269.750152156985,270.38155252733924,265.38600302143817,269.4158630371094,1884100,0.0,0.0
2022-07-14 00:00:00-04:00,263.92821580708164,263.92821580708164,257.9855651305089,261.46759033203125,3171900,0.0,0.0
2022-07-15 00:00:00-04:00,266.0266908609889,275.24708559680715,264.7731562838147,272.8700256347656,3457600,0.0,0.0
2022-07-18 00:00:00-04:00,283.9104250047447,289.0081009954934,277.3642004138544,279.73199462890625,6767900,0.0,0.0
2022-07-19 00:00:00-04:00,281.8954918604122,296.3343077402717,281.8119266499595,295.3221740722656,5641100,0.0,0.0
2022-07-20 00:00:00-04:00,294.6071628385279,299.147736928788,293.706477927154,298.47918701171875,3489800,0.0,0.0
2022-07-21 00:00:00-04:00,297.6063495500673,303.7811345731939,296.99350978037126,303.2054443359375,2518800,0.0,0.0
2022-07-22 00:00:00-04:00,303.73479472065753,305.5361651149756,299.1663924518018,300.78204345703125,1830300,0.0,0.0
2022-07-25 00:00:00-04:00,302.67624003869565,303.90191986267297,299.54706420288477,300.95843505859375,4024500,0.0,0.0
2022-07-26 00:00:00-04:00,298.7763690745429,301.1163085072158,295.0529421525101,295.7864685058594,2054700,0.0,0.0
2022-07-27 00:00:00-04:00,297.4020935522143,303.0661933913212,295.6285786980222,301.348388671875,2081900,0.0,0.0
2022-07-28 00:00:00-04:00,302.05409177799874,306.3996811054407,298.88779488340964,305.5918273925781,1820700,0.0,0.0
2022-07-29 00:00:00-04:00,305.9539144680354,311.2280145994619,305.9539144680354,309.5659484863281,2112200,0.0,0.0
2022-08-01 00:00:00-04:00,308.0245820117982,310.8751782537233,305.4989520979187,308.34954833984375,1476500,0.0,0.0
2022-08-02 00:00:00-04:00,305.9539680017781,308.1174540023108,303.8368976722938,304.4497375488281,1862900,0.0,0.0
2022-08-03 00:00:00-04:00,308.3402642185189,311.53444387431637,306.06533003418275,309.3616638183594,1770600,0.0,0.0
2022-08-04 00:00:00-04:00,309.46381636024495,310.41091697826147,306.9938965095979,308.1545715332031,1533400,0.0,0.0
2022-08-05 00:00:00-04:00,307.25390241443273,312.83443728326927,306.1118162678999,310.7545166015625,1876400,0.0,0.0
2022-08-08 00:00:00-04:00,313.02007810973817,314.6264623688885,310.4480327384969,310.76373291015625,1460000,0.0,0.0
2022-08-09 00:00:00-04:00,312.1287400612499,314.0044091453979,310.66165921320794,312.5651550292969,1587900,0.0,0.0
2022-08-10 00:00:00-04:00,316.96638612326035,324.7104343010992,316.95711999270793,323.04833984375,2459500,0.0,0.0
2022-08-11 00:00:00-04:00,324.9890097493459,330.6066655831532,324.784729809746,326.5489501953125,2360800,0.0,0.0
2022-08-12 00:00:00-04:00,328.18319151335714,329.22315181637606,325.12828687064433,328.5360412597656,2369000,0.0,0.0
2022-08-15 00:00:00-04:00,325.9175348760983,332.9930050309748,324.1068705698478,330.42095947265625,2045700,0.0,0.0
2022-08-16 00:00:00-04:00,327.76536222885164,330.9966919918766,326.86467719453924,329.6038818359375,1740900,0.0,0.0
2022-08-17 00:00:00-04:00,326.75322075523667,330.1795356266113,325.7039660199929,328.46173095703125,1576300,0.0,0.0
2022-08-18 00:00:00-04:00,327.4589641241397,329.72460429775236,325.787574895831,329.18603515625,1102200,0.0,0.0
2022-08-19 00:00:00-04:00,325.9175416358705,326.7160724382184,322.6676516195584,324.3111572265625,1812300,0.0,0.0
2022-08-22 00:00:00-04:00,317.9692441927574,319.9098894187439,316.40930377236526,317.95068359375,1723900,0.0,0.0
2022-08-23 00:00:00-04:00,317.51426145972766,319.4827617080168,314.8029122160896,315.8707275390625,1538000,0.0,0.0
2022-08-24 00:00:00-04:00,314.79362505863253,319.7149041304305,314.30149998513195,317.5049743652344,1530800,0.0,0.0
2022-08-25 00:00:00-04:00,319.8355659348378,322.0733220598271,317.66275772726624,321.7297668457031,1763900,0.0,0.0
2022-08-26 00:00:00-04:00,323.4476093384062,323.8190196585761,311.98942952358016,312.36083984375,1703900,0.0,0.0
2022-08-29 00:00:00-04:00,310.05810546875,312.3608666535226,308.28459057566863,310.05810546875,1835600,0.0,0.0
2022-08-30 00:00:00-04:00,311.06091368143905,311.9987481904614,307.51388392459944,309.788818359375,1830300,0.0,0.0
2022-08-31 00:00:00-04:00,310.18177365842917,313.5404252600273,308.43229869677117,311.2296142578125,2488000,2.5,0.0
2022-09-01 00:00:00-04:00,308.6100203190362,312.1838298664223,303.69838048923185,312.0060729980469,1575100,0.0,0.0
2022-09-02 00:00:00-04:00,313.11001626800953,318.38653448532295,308.7035816636251,310.11627197265625,2215400,0.0,0.0
2022-09-06 00:00:00-04:00,310.9021514222553,311.7722065418234,302.61315908161754,305.4478759765625,1578100,0.0,0.0
2022-09-07 00:00:00-04:00,303.3522630839409,310.7524712933569,302.41671254243295,309.2555847167969,1496600,0.0,0.0
2022-09-08 00:00:00-04:00,309.0029445462519,314.16717239135664,306.26176022061793,313.764892578125,1755600,0.0,0.0
2022-09-09 00:00:00-04:00,316.19742329576763,319.0508413970508,315.3086387457992,318.1807861328125,1445600,0.0,0.0
2022-09-12 00:00:00-04:00,319.6401945186218,322.17552843702106,318.1713733480722,320.5008850097656,1563200,0.0,0.0
2022-09-13 00:00:00-04:00,314.41975898379906,314.8314034348425,305.76591797332054,307.22540283203125,2242100,0.0,0.0
2022-09-14 00:00:00-04:00,307.28152007741437,309.6016666442516,302.65053448189684,306.168212890625,1953300,0.0,0.0
2022-09-15 00:00:00-04:00,307.54349705747677,313.6713408326445,306.47695588399137,310.2472229003906,1489400,0.0,0.0
2022-09-16 00:00:00-04:00,305.3449692293393,307.79610691078483,299.1796950124425,305.1859130859375,2946800,0.0,0.0
2022-09-19 00:00:00-04:00,299.9093975424482,308.0673981442497,299.88133217257456,307.4779968261719,1652700,0.0,0.0
2022-09-20 00:00:00-04:00,304.70873985709227,305.73782233207703,299.38545644068705,302.4259948730469,1569900,0.0,0.0
2022-09-21 00:00:00-04:00,303.97906267972195,308.53518877168005,299.96554328269843,300.0403747558594,1796700,0.0,0.0
2022-09-22 00:00:00-04:00,301.54664082060344,302.5476866971849,291.14332393882995,292.7524719238281,2239900,0.0,0.0
2022-09-23 00:00:00-04:00,287.7285067293135,289.8241589861297,278.28880686120675,282.5081481933594,2918500,0.0,0.0
2022-09-26 00:00:00-04:00,279.72955098492787,282.6297627420749,273.4707169413739,275.6318359375,2308800,0.0,0.0
2022-09-27 00:00:00-04:00,278.3262724734341,279.8699250812069,270.0185795034203,272.6007080078125,2007400,0.0,0.0
2022-09-28 00:00:00-04:00,275.05186993844643,282.91985372569934,273.61111405408604,281.4042663574219,2289700,0.0,0.0
2022-09-29 00:00:00-04:00,277.92396682015254,280.05702061038494,272.75971029062896,277.02581787109375,1930800,0.0,0.0
2022-09-30 00:00:00-04:00,276.92294074288986,281.6848892370088,273.8356355940907,274.1630554199219,1970800,0.0,0.0
2022-10-03 00:00:00-04:00,278.0175319978326,281.81586443433173,272.33873407329554,279.8699035644531,1938800,0.0,0.0
2022-10-04 00:00:00-04:00,287.02685308192935,294.8480693208741,286.1661626969953,294.5767517089844,2399500,0.0,0.0
2022-10-05 00:00:00-04:00,286.8210081252387,290.21706039736705,284.03308640928896,289.0850524902344,1992800,0.0,0.0
2022-10-06 00:00:00-04:00,287.578908946439,289.15996317346213,283.8647719700913,285.0342102050781,1367400,0.0,0.0
2022-10-07 00:00:00-04:00,284.40738799502,285.4832654960375,279.86996178560946,281.6755676269531,1790100,0.0,0.0
2022-10-10 00:00:00-04:00,284.0611966768452,285.08094327347715,279.19632276284057,281.17034912109375,1309600,0.0,0.0
2022-10-11 00:00:00-04:00,278.80339987047097,283.02271300256893,274.97700194055415,275.248291015625,2392800,0.0,0.0
2022-10-12 00:00:00-04:00,275.04247132253215,280.45931649438415,272.90941741015155,276.27740478515625,1763800,0.0,0.0
2022-10-13 00:00:00-04:00,271.7025708907781,288.8605625054719,269.20463865785075,287.27947998046875,2724900,0.0,0.0
2022-10-14 00:00:00-04:00,287.6443557846146,291.536249386075,279.7951017436485,280.6557922363281,2397600,0.0,0.0
2022-10-17 00:00:00-04:00,284.79090295389176,291.5362133973052,284.53831462214765,286.9426574707031,3118600,0.0,0.0
2022-10-18 00:00:00-04:00,300.9384772311145,303.5673712871541,291.89169327778035,293.6224670410156,6428600,0.0,0.0
2022-10-19 00:00:00-04:00,292.4623702200049,294.5018916049263,288.2056277077425,291.66717529296875,2363800,0.0,0.0
2022-10-20 00:00:00-04:00,291.98524920764623,295.6806556972509,289.0850376184801,290.77838134765625,2382300,0.0,0.0
2022-10-21 00:00:00-04:00,290.9561645178106,304.7742331782227,289.54347432555755,304.1474304199219,3545700,0.0,0.0
2022-10-24 00:00:00-04:00,307.3282898867145,309.89168870874425,304.8490871700729,307.5154113769531,2232600,0.0,0.0
2022-10-25 00:00:00-04:00,306.72955225470275,312.0996311720533,304.914610675466,310.9769592285156,1837700,0.0,0.0
2022-10-26 00:00:00-04:00,312.960294644786,316.8428514607107,312.6048094923088,314.0549011230469,2176700,0.0,0.0
2022-10-27 00:00:00-04:00,317.4416407252543,319.89277848917624,314.840811453898,315.44891357421875,1998800,0.0,0.0
2022-10-28 00:00:00-04:00,316.7025223967567,320.5008548718277,314.34494558314714,319.78985595703125,1677100,0.0,0.0
2022-10-31 00:00:00-04:00,319.0881620583849,323.8688106025572,318.62038688729655,322.30645751953125,2224000,0.0,0.0
2022-11-01 00:00:00-04:00,322.8865645239375,326.2171221837917,321.61420093493587,326.11419677734375,2316600,0.0,0.0
2022-11-02 00:00:00-04:00,325.21602835446754,334.4031402158482,324.3927394270733,327.2461853027344,3221200,0.0,0.0
2022-11-03 00:00:00-04:00,325.1037680335122,328.0694754006295,320.5102120864328,326.3854675292969,2515600,0.0,0.0
2022-11-04 00:00:00-04:00,331.18485930459553,335.28257484376985,328.5933948363238,334.8428649902344,3172700,0.0,0.0
2022-11-07 00:00:00-05:00,336.80750368732805,339.56736019630364,335.4135141973292,339.1931457519531,2526900,0.0,0.0
2022-11-08 00:00:00-05:00,338.9499036591484,343.5247588891377,338.164044737274,340.5590515136719,3501300,0.0,0.0
2022-11-09 00:00:00-05:00,339.5580348035022,343.4873294190591,337.6214385907994,338.66925048828125,3047200,0.0,0.0
2022-11-10 00:00:00-05:00,346.1536485168107,355.91143235120336,345.91039627621313,353.9280700683594,3790400,0.0,0.0
2022-11-11 00:00:00-05:00,355.5091694159319,362.0580225367517,354.33973135864267,360.3459777832031,3409100,0.0,0.0
2022-11-14 00:00:00-05:00,359.2513573921724,362.3386623244683,355.9769309576084,357.717041015625,2609100,0.0,0.0
2022-11-15 00:00:00-05:00,361.10379504612945,364.4717540314498,356.1172948543579,358.2035827636719,3192400,0.0,0.0
2022-11-16 00:00:00-05:00,358.5122843355158,360.5611421301356,355.51853998933757,357.6889953613281,2303700,0.0,0.0
2022-11-17 00:00:00-05:00,352.8428728091114,357.1183455364916,350.84080954325447,355.3033752441406,2297600,0.0,0.0
2022-11-18 00:00:00-05:00,356.7066745618748,358.1567663396012,353.06739815645153,354.7607421875,2384500,0.0,0.0
2022-11-21 00:00:00-05:00,354.48008905238896,356.229563970167,351.2243914901449,355.7056579589844,1877500,0.0,0.0
2022-11-22 00:00:00-05:00,356.81894989813276,360.9634317018155,356.81894989813276,359.1297607421875,2019400,0.0,0.0
2022-11-23 00:00:00-05:00,359.1578348699752,363.18071919107706,358.69942425657723,361.35638427734375,1865400,0.0,0.0
2022-11-25 00:00:00-05:00,360.89794273055975,364.34076145808905,360.3553074931738,363.7981262207031,1129300,0.0,0.0
2022-11-28 00:00:00-05:00,360.5891876261185,363.35843739587733,356.34180932181147,357.717041015625,2232200,0.0,0.0
2022-11-29 00:00:00-05:00,356.5663036847685,360.1213835368592,354.8168291267391,358.9800109863281,1746900,0.0,0.0
2022-11-30 00:00:00-05:00,360.19481066021734,363.6319580078125,353.2263416394828,363.6319580078125,2964100,2.5,0.0
2022-12-01 00:00:00-05:00,363.96157346219826,363.96157346219826,358.2643856832694,361.4284362792969,1706300,0.0,0.0
2022-12-02 00:00:00-05:00,359.2719667625377,360.213652590563,356.33391157717415,358.38677978515625,1932300,0.0,0.0
2022-12-05 00:00:00-05:00,356.4750983624248,356.7764446734963,347.77393198048827,349.8739013671875,2329600,0.0,0.0
2022-12-06 00:00:00-05:00,347.9340749000461,348.77216030666835,339.31762695927375,341.7471923828125,3081900,0.0,0.0
2022-12-07 00:00:00-05:00,341.3516596181033,343.9977942866182,337.2647468961339,338.9315490722656,2128200,0.0,0.0
2022-12-08 00:00:00-05:00,340.9185230978007,341.44586486853206,335.29665749020796,337.1988525390625,1967800,0.0,0.0
2022-12-09 00:00:00-05:00,335.90873366712486,340.5512665019234,335.4378907671308,338.1970520019531,1588800,0.0,0.0
2022-12-12 00:00:00-05:00,337.66027667913016,342.78304961601856,335.56030704625397,342.0014343261719,1750400,0.0,0.0
2022-12-13 00:00:00-05:00,352.78374021481744,356.48455834766463,344.19557069756615,347.19012451171875,3062600,0.0,0.0
2022-12-14 00:00:00-05:00,345.6081277829967,347.32197416324453,338.4889851635947,339.36474609375,2519700,0.0,0.0
2022-12-15 00:00:00-05:00,333.8087936125829,335.343717330748,327.65016041766194,329.429931640625,3163700,0.0,0.0
2022-12-16 00:00:00-05:00,324.95690326397016,327.49946626302153,323.3843041678053,326.1528625488281,5008800,0.0,0.0
2022-12-19 00:00:00-05:00,326.07751453880894,328.08330978581085,322.64979335011395,324.5143127441406,1646700,0.0,0.0
2022-12-20 00:00:00-05:00,325.813896040516,327.1605287212508,323.45968128548935,324.4013671875,1623000,0.0,0.0
2022-12-21 00:00:00-05:00,327.95152527814577,330.4187376218231,326.66142025400694,329.74072265625,1923100,0.0,0.0
2022-12-22 00:00:00-05:00,326.9156445442327,327.75372995932906,320.0601730955935,325.4277648925781,1528900,0.0,0.0
2022-12-23 00:00:00-05:00,324.73090483778174,327.4806398238521,323.1017781734282,325.3618469238281,1062000,0.0,0.0
2022-12-27 00:00:00-05:00,326.3035822381273,327.4712635287501,321.8588237518559,322.0283203125,1035000,0.0,0.0
2022-12-28 00:00:00-05:00,320.6440124953132,322.8569798563109,319.51397804859994,320.992431640625,1117200,0.0,0.0
2022-12-29 00:00:00-05:00,322.470847060949,324.5425670553652,321.3408127480008,323.4031066894531,1273600,0.0,0.0
2022-12-30 00:00:00-05:00,321.8117309456703,323.64802994971586,319.60818938359955,323.3561096191406,1031400,0.0,0.0
2023-01-03 00:00:00-05:00,325.35244162219675,328.2716733293531,322.81930453889373,326.03045654296875,1589700,0.0,0.0
2023-01-04 00:00:00-05:00,327.7349074873329,329.8819499596054,324.9569228850027,327.4241638183594,1881000,0.0,0.0
2023-01-05 00:00:00-05:00,324.17531451942807,325.01342861843784,320.30499993986956,323.7138977050781,1397800,0.0,0.0
2023-01-06 00:00:00-05:00,327.04743819416194,328.6483154091068,321.0677568783817,327.7819519042969,3097800,0.0,0.0
2023-01-09 00:00:00-05:00,331.3603861386922,335.71096970339335,329.1191694567629,332.4150695800781,1989000,0.0,0.0
2023-01-10 00:00:00-05:00,332.0761138566348,336.6526933198474,330.06089233176647,336.5208435058594,1610100,0.0,0.0
2023-01-11 00:00:00-05:00,337.9428047965958,344.186186735454,335.4379169247387,343.2256774902344,2127000,0.0,0.0
2023-01-12 00:00:00-05:00,344.8829995661248,348.5179217123113,341.4270287596568,348.36724853515625,2103100,0.0,0.0
2023-01-13 00:00:00-05:00,342.29336372571674,352.5200865016752,341.229254169041,352.19049072265625,3310200,0.0,0.0
2023-01-17 00:00:00-05:00,343.5269701087098,345.40094440215165,323.93991686332475,329.51470947265625,14448300,0.0,0.0
2023-01-18 00:00:00-05:00,328.0080055396492,334.1007138297779,327.5183105301742,328.73309326171875,5585200,0.0,0.0
2023-01-19 00:00:00-05:00,325.8515972433292,331.62413687636797,325.3713281992438,330.2963562011719,3100400,0.0,0.0
2023-01-20 00:00:00-05:00,329.46758869305717,331.7088053757147,318.48752940154617,321.9058532714844,11247200,0.0,0.0
2023-01-23 00:00:00-05:00,321.7457880685907,329.17567381292145,316.55709030573706,328.7801818847656,4915700,0.0,0.0
2023-01-24 00:00:00-05:00,320.1731651188265,329.8725171551797,320.1731651188265,328.01739501953125,2372000,0.0,0.0
2023-01-25 00:00:00-05:00,324.6462065000355,329.5523818786829,323.8457677559942,329.24163818359375,1985200,0.0,0.0
2023-01-26 00:00:00-05:00,331.2191801432319,334.2984825807707,329.1380336870934,334.2702331542969,1919200,0.0,0.0
2023-01-27 00:00:00-05:00,331.42632963104984,335.2307195811914,331.3133031948734,333.07427978515625,2427400,0.0,0.0
2023-01-30 00:00:00-05:00,332.6881766324781,341.2009953762107,331.8500624956408,336.614990234375,3184500,0.0,0.0
2023-01-31 00:00:00-05:00,338.2158534449939,344.58165823635454,336.0499590026591,344.4780578613281,2311500,0.0,0.0
2023-02-01 00:00:00-05:00,338.15935172794923,347.4255358718372,337.83918202798594,344.3838806152344,2889400,0.0,0.0
2023-02-02 00:00:00-05:00,346.54037283036064,351.1452301657287,343.29154533988805,347.9246520996094,2619600,0.0,0.0
2023-02-03 00:00:00-05:00,344.29913263755975,352.72723143174295,344.12963610296043,348.37664794921875,2243100,0.0,0.0
2023-02-06 00:00:00-05:00,347.4820705107514,349.6102896780519,344.44984099525794,349.1770935058594,1816200,0.0,0.0
2023-02-07 00:00:00-05:00,346.70048485777534,354.36579257425365,345.9188695252014,352.5671691894531,2205500,0.0,0.0
2023-02-08 00:00:00-05:00,351.17348073268494,356.2868277230486,350.28829378277663,353.2263488769531,1893200,0.0,0.0
2023-02-09 00:00:00-05:00,355.0532184703929,357.5392540133841,346.3520222249995,346.53094482421875,2052500,0.0,0.0
2023-02-10 00:00:00-05:00,345.598705600306,350.52373292224166,343.30098983624174,349.6291198730469,1933400,0.0,0.0
2023-02-13 00:00:00-05:00,347.5667857573169,353.18865076540413,346.5403517509585,352.20928955078125,1570600,0.0,0.0
2023-02-14 00:00:00-05:00,352.1339591470931,355.0625879313505,347.83987457864606,350.09991455078125,2155500,0.0,0.0
2023-02-15 00:00:00-05:00,347.2372045311676,352.5389000585826,346.7757876961674,352.5106506347656,1687200,0.0,0.0
2023-02-16 00:00:00-05:00,349.13000675393056,352.4259070199825,347.2937079676566,348.6120910644531,1947800,0.0,0.0
2023-02-17 00:00:00-05:00,346.5874298671703,349.4219131796106,345.4668215221575,347.0111999511719,1857300,0.0,0.0
2023-02-21 00:00:00-05:00,345.33499991062945,345.33499991062945,339.0916187806332,340.0615539550781,2403000,0.0,0.0
2023-02-22 00:00:00-05:00,340.5418089344813,341.8319137630052,337.1611606739212,339.844970703125,2203800,0.0,0.0
2023-02-23 00:00:00-05:00,342.0203148762062,346.4273977913814,338.63963735898864,342.3404846191406,1931400,0.0,0.0
2023-02-24 00:00:00-05:00,339.1669883951218,343.88481472749925,338.56429568682705,342.63238525390625,2428600,0.0,0.0
2023-02-27 00:00:00-05:00,346.74752291561595,348.70621660210736,343.253876881121,344.2143859863281,2842400,0.0,0.0
2023-02-28 00:00:00-05:00,344.6570272832273,344.6664533380473,330.84248297118376,331.1438293457031,4945600,0.0,0.0
2023-03-01 00:00:00-05:00,331.3714269961704,334.35897079749384,328.11829544529553,328.3743896484375,2717400,2.5,0.0
2023-03-02 00:00:00-05:00,326.2498901279055,331.7412989050427,322.93039058470754,331.09637451171875,3259800,0.0,0.0
2023-03-03 00:00:00-05:00,332.55703011836056,339.3193019660267,331.5327109851446,338.67437744140625,2396200,0.0,0.0
2023-03-06 00:00:00-05:00,339.5943050999861,340.35303631959755,335.48762244588653,338.6363830566406,1614200,0.0,0.0
2023-03-07 00:00:00-05:00,337.21376694466295,337.83026867099585,327.80537172596223,328.2321472167969,2048500,0.0,0.0
2023-03-08 00:00:00-05:00,328.3364770788022,331.65597695364426,327.3690903921668,331.276611328125,1584600,0.0,0.0
2023-03-09 00:00:00-05:00,331.19124827138535,336.0187459286401,323.46153273650924,324.4479064941406,3177800,0.0,0.0
2023-03-10 00:00:00-05:00,321.39395764518974,322.3992895286835,309.21613931176864,310.7715759277344,4559700,0.0,0.0
2023-03-13 00:00:00-04:00,303.184174835223,309.29202822050536,298.318731622021,299.23870849609375,5660700,0.0,0.0
2023-03-14 00:00:00-04:00,308.0211023137904,309.54808719395584,302.50127064194623,305.5362243652344,3785900,0.0,0.0
2023-03-15 00:00:00-04:00,294.74312353872466,296.39340886093544,288.7111319872574,296.08990478515625,6596700,0.0,0.0
2023-03-16 00:00:00-04:00,293.06443587807263,301.90379733066703,289.1948599454152,298.8403625488281,4399100,0.0,0.0
2023-03-17 00:00:00-04:00,294.09818123862533,294.3921917492755,286.3020980455582,287.885986328125,6369800,0.0,0.0
2023-03-20 00:00:00-04:00,290.95889921561326,296.0993945117292,290.465726806642,293.56707763671875,3963700,0.0,0.0
2023-03-21 00:00:00-04:00,301.2398205777643,303.8005888080635,299.08689855237446,300.9173583984375,3242400,0.0,0.0
2023-03-22 00:00:00-04:00,300.91740442694646,305.6026437053442,297.32285217504995,297.49359130859375,2505900,0.0,0.0
2023-03-23 00:00:00-04:00,298.95415231537015,304.7869820539865,296.5167129621544,298.61273193359375,2585900,0.0,0.0
2023-03-24 00:00:00-04:00,294.15507728639136,296.6209970393351,289.6120969173373,296.4502868652344,2456700,0.0,0.0
2023-03-27 00:00:00-04:00,302.18829088470034,304.35070675593755,300.81308689479135,302.1029357910156,2300600,0.0,0.0
2023-03-28 00:00:00-04:00,302.63405086996664,304.0756517905993,299.81721702739657,302.017578125,1224300,0.0,0.0
2023-03-29 00:00:00-04:00,305.8681942646707,306.06735614738625,302.2451904124642,304.17999267578125,1475900,0.0,0.0
2023-03-30 00:00:00-04:00,307.822009529661,308.11602010444966,303.3833702614838,304.5783996582031,1456300,0.0,0.0
2023-03-31 00:00:00-04:00,306.7881227830524,310.44904235985103,305.7922845824948,310.2403869628906,2281100,0.0,0.0
2023-04-03 00:00:00-04:00,309.32046866960076,312.0140019951671,306.48464792149986,309.68084716796875,1808800,0.0,0.0
2023-04-04 00:00:00-04:00,309.9654582515002,310.01286810648855,303.61097472080604,306.010498046875,1536800,0.0,0.0
2023-04-05 00:00:00-04:00,303.1366794418785,305.58364091320885,302.8995723427664,304.94818115234375,1329300,0.0,0.0
2023-04-06 00:00:00-04:00,303.85756110248167,306.5605884154945,303.47819544922845,305.77337646484375,1311000,0.0,0.0
2023-04-10 00:00:00-04:00,305.7733497616129,308.2297761608063,304.73956614568726,308.2013244628906,1114400,0.0,0.0
2023-04-11 00:00:00-04:00,309.2350670819203,312.2226396856979,306.97783181113164,310.48699951171875,1559600,0.0,0.0
2023-04-12 00:00:00-04:00,314.61269947580814,314.9446552356503,310.30682603222647,313.2090148925781,1862400,0.0,0.0
2023-04-13 00:00:00-04:00,313.05726064190054,315.76978115149984,310.13611365222624,315.0015563964844,1765500,0.0,0.0
2023-04-14 00:00:00-04:00,319.17468512360665,322.11481966008154,317.07866595931506,319.5445861816406,2275700,0.0,0.0
2023-04-17 00:00:00-04:00,318.6720210187488,322.8925400174772,316.47165964140623,322.1622314453125,3012100,0.0,0.0
2023-04-18 00:00:00-04:00,311.0845424917811,319.1935944457018,309.3109858591831,316.68975830078125,7549500,0.0,0.0
2023-04-19 00:00:00-04:00,315.8077541173954,319.610932982793,314.5653150122572,319.51611328125,2625400,0.0,0.0
2023-04-20 00:00:00-04:00,317.6761162618642,321.8112503504305,317.0786017160991,321.2421875,2217900,0.0,0.0
2023-04-21 00:00:00-04:00,321.51724641519394,324.70395213268586,318.6719610486878,324.0400695800781,2278900,0.0,0.0
2023-04-24 00:00:00-04:00,324.3530303770522,327.26471261139966,323.9167614023378,326.221435546875,1966300,0.0,0.0
2023-04-25 00:00:00-04:00,323.4141044999582,325.7567239512999,320.8817877793319,321.9725036621094,2138200,0.0,0.0
2023-04-26 00:00:00-04:00,320.17045052514896,323.03472285282163,317.38209762265296,319.20306396484375,2041900,0.0,0.0
2023-04-27 00:00:00-04:00,322.59845690691253,325.65236863554946,321.2896210553605,323.983154296875,1768200,0.0,0.0
2023-04-28 00:00:00-04:00,322.5131153395151,326.35426831527053,322.1811885035636,325.7283020019531,1712500,0.0,0.0
2023-05-01 00:00:00-04:00,326.3067682988077,329.540912505607,322.8165588524989,323.0062561035156,1375000,0.0,0.0
2023-05-02 00:00:00-04:00,321.5267630711792,322.36138480300696,312.9814128109201,316.1776123046875,2397600,0.0,0.0
2023-05-03 00:00:00-04:00,315.21965003942495,317.5622693519256,311.32162319718554,311.70098876953125,1825400,0.0,0.0
2023-05-04 00:00:00-04:00,309.1403014621827,310.1171817236115,302.1314004937212,304.6921691894531,2965100,0.0,0.0
2023-05-05 00:00:00-04:00,308.29617850027057,310.9612603787425,305.79234220863765,310.15509033203125,2412900,0.0,0.0
2023-05-08 00:00:00-04:00,312.63997243896347,313.2659097540578,308.874710283072,309.67138671875,1607300,0.0,0.0
2023-05-09 00:00:00-04:00,308.2772429298644,310.3068651007727,306.62695746976317,308.0211486816406,1253300,0.0,0.0
2023-05-10 00:00:00-04:00,312.90553044603814,312.90553044603814,302.6245404629836,305.91558837890625,1752200,0.0,0.0
2023-05-11 00:00:00-04:00,303.17466077137186,305.33707661493526,301.7709761577903,304.17999267578125,1515200,0.0,0.0
2023-05-12 00:00:00-04:00,305.43193529838044,306.5510740297145,300.955351429302,303.0229187011719,1098800,0.0,0.0
2023-05-15 00:00:00-04:00,303.89545651314455,306.5794962898881,301.65715032166037,305.4603576660156,1178200,0.0,0.0
2023-05-16 00:00:00-04:00,305.86819685165057,306.4088080530491,303.97133981691167,304.2653503417969,1618900,0.0,0.0
2023-05-17 00:00:00-04:00,306.0199578863564,313.3513209609518,306.0199578863564,313.1521301269531,2098100,0.0,0.0
2023-05-18 00:00:00-04:00,312.98139101752764,313.55045388085284,308.8652149846671,312.5830383300781,1645400,0.0,0.0
2023-05-19 00:00:00-04:00,312.9814116459721,314.8308588377404,308.0401071602939,309.3299560546875,1545600,0.0,0.0
2023-05-22 00:00:00-04:00,309.33000087323455,310.4586332912262,305.80184510937534,308.1634521484375,1498900,0.0,0.0
2023-05-23 00:00:00-04:00,306.9115083415791,310.26895377288884,306.1622416247944,306.883056640625,1550900,0.0,0.0
2023-05-24 00:00:00-04:00,303.8670298032455,305.2991371979532,302.3590029741046,303.3169250488281,1439100,0.0,0.0
2023-05-25 00:00:00-04:00,302.4728351344019,308.40997796431816,302.35899939971046,307.1770324707031,1618500,0.0,0.0
2023-05-26 00:00:00-04:00,307.97367461333084,315.7033603701086,307.2908050000257,314.8877258300781,2718700,0.0,0.0
2023-05-30 00:00:00-04:00,314.95409018693607,315.38089454422817,310.8284498038888,313.7685546875,1998600,0.0,0.0
2023-05-31 00:00:00-04:00,311.60886898955374,312.73652923078083,307.5473556229202,309.53509521484375,2938000,2.5,0.0
2023-06-01 00:00:00-04:00,310.11804430041934,310.28048849651736,300.0932542404268,302.3677062988281,3339700,0.0,0.0
2023-06-02 00:00:00-04:00,304.12610215277164,310.84432171189025,302.98887611216423,309.2961730957031,3987700,0.0,0.0
2023-06-05 00:00:00-04:00,308.608104292426,309.1432660577796,306.1138713322024,307.53778076171875,1462900,0.0,0.0
2023-06-06 00:00:00-04:00,308.13024091858824,313.52012123953875,307.1459225263172,312.3064270019531,1495600,0.0,0.0
2023-06-07 00:00:00-04:00,313.1092191183536,322.8568328377373,311.8477539613577,320.8595275878906,3382700,0.0,0.0
2023-06-08 00:00:00-04:00,320.4867822759415,321.4137639780101,316.64507962788787,320.5919189453125,2009500,0.0,0.0
2023-06-09 00:00:00-04:00,320.34350986463596,321.28962343703523,317.7919400471454,321.1175842285156,1702100,0.0,0.0
2023-06-12 00:00:00-04:00,323.43026423290974,325.00708127011865,321.4329587638944,324.4336853027344,2290800,0.0,0.0
2023-06-13 00:00:00-04:00,325.11219695591143,329.9668869493108,324.39545933401934,327.3101806640625,1772400,0.0,0.0
2023-06-14 00:00:00-04:00,329.4890226055291,332.30820191468416,322.2738764039034,323.4111022949219,1819400,0.0,0.0
2023-06-15 00:00:00-04:00,322.3599198427518,328.7436559294325,320.81177124562373,324.6725769042969,3322700,0.0,0.0
2023-06-16 00:00:00-04:00,326.23985271432076,326.25895521822537,322.15920791076684,323.3059997558594,4542800,0.0,0.0
2023-06-20 00:00:00-04:00,320.4485777954741,320.50591446463375,314.6286725627697,316.0525817871094,3208100,0.0,0.0
2023-06-21 00:00:00-04:00,313.88333121896363,315.36457741693636,310.50988705740224,310.6532287597656,2158700,0.0,0.0
2023-06-22 00:00:00-04:00,309.33441472266793,309.8791423345649,304.86197879832633,305.40667724609375,2409100,0.0,0.0
2023-06-23 00:00:00-04:00,302.5205829690353,303.6195747135967,300.1410236339967,300.75262451171875,2609200,0.0,0.0
2023-06-26 00:00:00-04:00,301.15400524386257,302.5970461534212,298.3252892588015,298.5068359375,2481000,0.0,0.0
2023-06-27 00:00:00-04:00,298.554669137264,301.6796346525014,296.7867105134601,299.5485534667969,2156800,0.0,0.0
2023-06-28 00:00:00-04:00,297.89524306113003,300.93420330549935,296.9109246487415,299.74920654296875,2423500,0.0,0.0
2023-06-29 00:00:00-04:00,303.7533891525586,311.0641065615013,302.2243431645923,308.760986328125,3553600,0.0,0.0
2023-06-30 00:00:00-04:00,311.36991314653324,311.570591495497,308.14937707337936,308.2353820800781,2361200,0.0,0.0
2023-07-03 00:00:00-04:00,308.11113471883965,314.7911192054376,308.11113471883965,312.1248474121094,1106800,0.0,0.0
2023-07-05 00:00:00-04:00,309.5828940736619,310.2135975414683,305.4544782086971,305.8558349609375,2561000,0.0,0.0
2023-07-06 00:00:00-04:00,303.896719545602,304.5083495837193,298.96556172875194,299.11846923828125,2896900,0.0,0.0
2023-07-07 00:00:00-04:00,299.3096591686128,303.29470423544626,298.8318340608495,301.1922912597656,2901200,0.0,0.0
2023-07-10 00:00:00-04:00,302.6257119867738,305.8844529693804,301.98541362566897,302.4345703125,1775800,0.0,0.0
2023-07-11 00:00:00-04:00,304.6898564304762,306.8018637883669,300.62834420023927,306.6489562988281,2042600,0.0,0.0
2023-07-12 00:00:00-04:00,310.1848737651547,318.5659431895108,309.8695220876118,311.9241638183594,2741300,0.0,0.0
2023-07-13 00:00:00-04:00,312.8320561010378,314.67645373588516,311.24567348588454,314.1030578613281,2787800,0.0,0.0
2023-07-14 00:00:00-04:00,317.2663007574679,317.73458918735946,310.605417692872,311.7235412597656,1814800,0.0,0.0
2023-07-17 00:00:00-04:00,311.43685181539485,312.9658687753143,309.97467903934916,312.6887512207031,1777400,0.0,0.0
2023-07-18 00:00:00-04:00,312.78421124270466,323.24858966926513,312.78421124270466,322.3120422363281,3899100,0.0,0.0
2023-07-19 00:00:00-04:00,323.0097287049488,330.540256040425,316.606861470295,325.4466247558594,6037400,0.0,0.0
2023-07-20 00:00:00-04:00,324.11828885811104,336.08301751661304,324.11828885811104,335.29937744140625,3915000,0.0,0.0
2023-07-21 00:00:00-04:00,336.1786064285801,339.3322402375551,331.4003557094496,336.3506164550781,3216300,0.0,0.0
2023-07-24 00:00:00-04:00,337.1820033158375,345.5821756456716,336.3888265853658,343.011474609375,3517500,0.0,0.0
2023-07-25 00:00:00-04:00,341.56845500583745,344.81765935540375,338.2810164881703,338.9690856933594,2893000,0.0,0.0
2023-07-26 00:00:00-04:00,338.768417503215,344.2825376177825,338.56773913461285,341.7022705078125,2281600,0.0,0.0
2023-07-27 00:00:00-04:00,342.2469854223932,344.5501057333645,338.4626190768746,338.78753662109375,2010800,0.0,0.0
2023-07-28 00:00:00-04:00,340.3165483697625,340.6892659133013,336.01612285332527,337.5643005371094,1827400,0.0,0.0
2023-07-31 00:00:00-04:00,339.1411044756443,341.3582196568361,338.3192302429068,340.0871887207031,1385500,0.0,0.0
2023-08-01 00:00:00-04:00,338.30011374563003,341.9984747296401,337.71718122072394,341.8551330566406,2024300,0.0,0.0
2023-08-02 00:00:00-04:00,339.2462111893555,339.2462111893555,333.39763738976063,335.52874755859375,2106600,0.0,0.0
2023-08-03 00:00:00-04:00,334.4679519945989,339.4564464270502,333.1587160910764,337.49737548828125,1840400,0.0,0.0
2023-08-04 00:00:00-04:00,337.669452415312,342.82042120942475,336.8762755480631,337.5547790527344,1724700,0.0,0.0
2023-08-07 00:00:00-04:00,339.6380470708334,341.80739150990775,338.2237035572102,339.79095458984375,1260300,0.0,0.0
2023-08-08 00:00:00-04:00,336.1021357857701,336.3888191364295,326.86098692784685,332.814697265625,1917300,0.0,0.0
2023-08-09 00:00:00-04:00,331.4385692509212,333.0058202238967,327.3005880538093,327.4917297363281,1326000,0.0,0.0
2023-08-10 00:00:00-04:00,328.8105323419353,331.85905845174665,324.72988780654066,325.30328369140625,1345900,0.0,0.0
2023-08-11 00:00:00-04:00,324.8541148045514,326.6316390645787,322.57966301713884,325.61865234375,1256800,0.0,0.0
2023-08-14 00:00:00-04:00,322.4459397678874,323.4398241488905,320.00901424213146,322.76129150390625,1347000,0.0,0.0
2023-08-15 00:00:00-04:00,318.5181565410421,319.2157915909551,315.8232455094294,317.47650146484375,1657800,0.0,0.0
2023-08-16 00:00:00-04:00,315.8806094506411,318.1550614789684,314.380231712408,314.5140075683594,3340300,0.0,0.0
2023-08-17 00:00:00-04:00,315.3645295571494,319.1775640820018,309.63062901974666,312.9945068359375,3135200,0.0,0.0
2023-08-18 00:00:00-04:00,309.93647656267774,313.09011052344084,308.8661530163371,310.5194091796875,1730100,0.0,0.0
2023-08-21 00:00:00-04:00,310.9589727311601,311.9146227472404,305.22507263467804,307.7766418457031,1983500,0.0,0.0
2023-08-22 00:00:00-04:00,308.1780232044827,308.33093070452753,304.1929498631468,304.65167236328125,1810300,0.0,0.0
2023-08-23 00:00:00-04:00,306.4005449039059,308.1494010016257,303.89674618961044,308.0346984863281,1429000,0.0,0.0
2023-08-24 00:00:00-04:00,307.8626820156251,312.965850184751,305.3397808503182,305.7698059082031,1185600,0.0,0.0
2023-08-25 00:00:00-04:00,306.5725522542111,308.4074133492893,304.0783193956643,305.9513854980469,1159600,0.0,0.0
2023-08-28 00:00:00-04:00,307.0885802785323,312.11530882021844,307.0885802785323,311.51324462890625,1440100,0.0,0.0
2023-08-29 00:00:00-04:00,311.12143739917053,317.9447929622974,310.2804606633551,317.8014221191406,1831700,0.0,0.0
2023-08-30 00:00:00-04:00,317.99420613659873,319.83472158584254,315.7296960599211,316.6258544921875,1131500,2.75,0.0
2023-08-31 00:00:00-04:00,317.42557778522985,318.4662728396926,314.10108215362084,315.78741455078125,1271100,0.0,0.0
2023-09-01 00:00:00-04:00,317.67623362046066,319.5552727004591,314.3420912849509,315.4888000488281,1201400,0.0,0.0
2023-09-05 00:00:00-04:00,315.43091440405334,316.52945374239766,310.8922789542716,311.9715270996094,1846000,0.0,0.0
2023-09-06 00:00:00-04:00,310.58393187188136,312.34737051003,307.693075855396,309.4468688964844,2120800,0.0,0.0
2023-09-07 00:00:00-04:00,308.9554280333604,312.4244612925864,308.4832642728371,310.2466735839844,1471100,0.0,0.0
2023-09-08 00:00:00-04:00,310.2080903214144,314.1107336075669,309.9575400931119,313.6770935058594,2026400,0.0,0.0
2023-09-11 00:00:00-04:00,316.31745410621545,318.1386779860339,312.49188705091683,312.8387756347656,1283100,0.0,0.0
2023-09-12 00:00:00-04:00,312.2221021738176,323.082074258846,312.2124565765474,318.8614196777344,2054700,0.0,0.0
2023-09-13 00:00:00-04:00,321.36683302016786,324.74914403140855,318.784341989484,322.7929992675781,2165000,0.0,0.0
2023-09-14 00:00:00-04:00,326.66675517475625,332.56409720017507,324.59498075053773,332.03411865234375,2822700,0.0,0.0
2023-09-15 00:00:00-04:00,332.5929724653489,333.59514409931006,329.42265886041764,330.07794189453125,3058800,0.0,0.0
2023-09-18 00:00:00-04:00,330.0779379614838,331.73536320250196,326.92688618054353,330.8295593261719,1356600,0.0,0.0
2023-09-19 00:00:00-04:00,330.9644580738849,332.4195316667337,325.6742010193351,329.45159912109375,1660200,0.0,0.0
2023-09-20 00:00:00-04:00,330.1453692385546,331.2920777765726,324.0553217629493,324.4504089355469,1224400,0.0,0.0
2023-09-21 00:00:00-04:00,322.3304275529086,322.5135174428176,318.0712203243549,318.22540283203125,1685100,0.0,0.0
2023-09-22 00:00:00-04:00,318.09052651100467,319.47813973819257,314.9394746625827,315.9609375,1669100,0.0,0.0
2023-09-25 00:00:00-04:00,315.17074840642744,317.30998291440426,313.44586284638376,316.8763427734375,833300,0.0,0.0
2023-09-26 00:00:00-04:00,313.7638883788425,315.5176815689017,310.689971608265,312.0390319824219,1481800,0.0,0.0
2023-09-27 00:00:00-04:00,313.1567933050845,313.176055091075,307.37508151878774,310.2370300292969,1493000,0.0,0.0
2023-09-28 00:00:00-04:00,308.5602976962179,314.94909359565816,308.5602976962179,313.3687744140625,1389600,0.0,0.0
2023-09-29 00:00:00-04:00,315.2960052710163,316.0283353812195,310.5453434104778,311.7980651855469,1403900,0.0,0.0
2023-10-02 00:00:00-04:00,310.3141092415753,311.8077063695871,305.5634764075174,306.91253662109375,1303800,0.0,0.0
2023-10-03 00:00:00-04:00,303.80004556663096,304.1951327476881,293.31589920603767,294.9829406738281,3118600,0.0,0.0
2023-10-04 00:00:00-04:00,293.7591715134878,297.8159980746218,292.4390185774702,297.37274169921875,1872000,0.0,0.0
2023-10-05 00:00:00-04:00,296.17783637764757,299.2517824544423,293.1424432837925,299.20361328125,1584600,0.0,0.0
2023-10-06 00:00:00-04:00,296.90053398009786,303.848245756616,295.9947594859917,301.111572265625,1595100,0.0,0.0
2023-10-09 00:00:00-04:00,297.6617692418257,302.0751587434699,297.1510525779905,301.2367858886719,1094400,0.0,0.0
2023-10-10 00:00:00-04:00,303.0291939559284,305.32261131990674,300.9285121077155,303.3182678222656,1193800,0.0,0.0
2023-10-11 00:00:00-04:00,303.9542214306044,305.110575564849,300.2635749680175,301.63189697265625,1672500,0.0,0.0
2023-10-12 00:00:00-04:00,302.72081929965145,302.81718705448003,296.81383175711045,298.5772705078125,1727700,0.0,0.0
2023-10-13 00:00:00-04:00,300.649054152374,304.6769735252505,296.9584072281177,298.0472717285156,1785200,0.0,0.0
2023-10-16 00:00:00-04:00,301.78608763982317,304.40713159527576,298.962691997967,302.95208740234375,2273900,0.0,0.0
2023-10-17 00:00:00-04:00,301.97877625421387,304.6768963450717,294.7805447394465,298.1050109863281,4123000,0.0,0.0
2023-10-18 00:00:00-04:00,295.8309198175777,296.0429170927621,290.5117555592798,290.9742736816406,3460300,0.0,0.0
2023-10-19 00:00:00-04:00,290.9742974688716,294.2313334141916,287.7654601034423,288.3050842285156,3211800,0.0,0.0
2023-10-20 00:00:00-04:00,287.640191789332,292.21738077090424,287.2547501776089,289.1337890625,2328700,0.0,0.0
2023-10-23 00:00:00-04:00,287.4378260548555,292.50644034578494,287.3414583048026,288.333984375,2959800,0.0,0.0
2023-10-24 00:00:00-04:00,289.08561507946627,292.072838983416,288.1990729206731,288.2954406738281,1697100,0.0,0.0
2023-10-25 00:00:00-04:00,287.73655589384333,289.0856162214147,284.2964300030542,285.9635009765625,1809300,0.0,0.0
2023-10-26 00:00:00-04:00,286.156181728559,289.22051133862243,284.0555001611831,286.1850891113281,2011200,0.0,0.0
2023-10-27 00:00:00-04:00,286.72476432904614,287.41857104654594,278.8327239452286,279.36273193359375,2601700,0.0,0.0
2023-10-30 00:00:00-04:00,282.7738952763184,290.8297328090375,282.6197127685282,289.8853759765625,3065200,0.0,0.0
2023-10-31 00:00:00-04:00,290.70449291872495,293.2195531088907,289.7601653790979,292.56427001953125,2611000,0.0,0.0
2023-11-01 00:00:00-04:00,292.29446166932615,297.0354788450971,291.8222978935046,295.9851379394531,2345400,0.0,0.0
2023-11-02 00:00:00-04:00,298.42306620314497,303.096622601818,296.7945483095114,302.3450012207031,2597000,0.0,0.0
2023-11-03 00:00:00-04:00,306.8739940641336,317.3485243240501,306.36327734424424,315.70074462890625,3740800,0.0,0.0
2023-11-06 00:00:00-05:00,314.7757145876859,316.9342112471795,310.38161529811026,312.1257629394531,2087600,0.0,0.0
2023-11-07 00:00:00-05:00,310.41051345329055,314.51553874934996,309.601077230054,312.164306640625,1505000,0.0,0.0
2023-11-08 00:00:00-05:00,312.1642819183376,314.7756802967969,311.8944698652936,312.7520751953125,1484400,0.0,0.0
2023-11-09 00:00:00-05:00,314.13971015435834,314.7660564557194,308.0303708538533,309.109619140625,1787900,0.0,0.0
2023-11-10 00:00:00-05:00,311.55721413738974,314.1975200412848,309.9479579227095,313.66754150390625,1781400,0.0,0.0
2023-11-13 00:00:00-05:00,312.3666198024725,316.7607184191858,311.7595353581241,315.0165710449219,1403300,0.0,0.0
2023-11-14 00:00:00-05:00,321.39575850480827,329.34561314267916,320.3743249887697,326.3969421386719,3592700,0.0,0.0
2023-11-15 00:00:00-05:00,327.5339992965827,328.67106233623963,323.1399002557815,325.31768798828125,2534500,0.0,0.0
2023-11-16 00:00:00-05:00,325.4718496047257,327.3894413371715,322.8218982767574,324.4215087890625,1620400,0.0,0.0
2023-11-17 00:00:00-05:00,327.1485729822581,328.0640225782699,325.81877437218253,326.849853515625,1465200,0.0,0.0
2023-11-20 00:00:00-05:00,327.630350824923,328.90233453882087,325.221304127681,327.1003723144531,3146000,0.0,0.0
2023-11-21 00:00:00-05:00,326.0500077998973,326.7534600344722,322.37862292143313,322.7833557128906,1900900,0.0,0.0
2023-11-22 00:00:00-05:00,324.68166079868257,326.5799906600191,323.1687725046247,326.31982421875,1235200,0.0,0.0
2023-11-24 00:00:00-05:00,326.4739763811578,327.89049692749666,325.3562046614555,326.8112487792969,460100,0.0,0.0
2023-11-27 00:00:00-05:00,326.84984185493437,327.649632467671,323.52534544835015,325.4236755371094,1250500,0.0,0.0
2023-11-28 00:00:00-05:00,325.10567826694995,326.08855874390593,322.6869859452351,325.3658447265625,1419000,0.0,0.0
2023-11-29 00:00:00-05:00,327.40607095834486,333.7501696043163,326.9300300757197,330.5732727050781,2038100,2.75,0.0
2023-11-30 00:00:00-05:00,331.95283247097035,334.9451657036709,330.4081011454751,331.81683349609375,1903600,0.0,0.0
2023-12-01 00:00:00-05:00,331.73910605706095,338.9576069468571,330.7287347405274,338.51068115234375,3622800,0.0,0.0
2023-12-04 00:00:00-05:00,336.44130135272167,340.51202016227757,335.46007483083315,339.443359375,2178100,0.0,0.0
2023-12-05 00:00:00-05:00,336.732807499687,336.95624075862685,330.84532926710705,332.0208740234375,2429700,0.0,0.0
2023-12-06 00:00:00-05:00,333.7307552562946,337.12139029936,331.8751267547177,332.2345886230469,1869300,0.0,0.0
2023-12-07 00:00:00-05:00,333.92504594315454,334.87715737945297,332.26373556697945,334.80914306640625,2162400,0.0,0.0
2023-12-08 00:00:00-05:00,334.507972170888,342.26080337493624,333.9930617175967,340.84234619140625,2238800,0.0,0.0
2023-12-11 00:00:00-05:00,341.43495248673383,342.9796836508314,339.11297851603337,341.745849609375,1636000,0.0,0.0
2023-12-12 00:00:00-05:00,341.40586585581315,343.92212871994934,339.6279467226692,342.5716857910156,1597600,0.0,0.0
2023-12-13 00:00:00-05:00,342.8922942745101,352.52017399475693,341.5904457579338,352.4035949707031,2876500,0.0,0.0
2023-12-14 00:00:00-05:00,356.0662427694143,375.2054223848828,354.6089457321589,372.5531311035156,5376300,0.0,0.0
2023-12-15 00:00:00-05:00,369.36650153796467,374.9139371728586,368.5212740182321,369.6773986816406,4521600,0.0,0.0
2023-12-18 00:00:00-05:00,370.4060758065907,371.86337292529834,365.20837682010966,365.6844177246094,2740900,0.0,0.0
2023-12-19 00:00:00-05:00,365.3055002488719,372.84456311290467,363.88704317793383,371.5621643066406,2091800,0.0,0.0
2023-12-20 00:00:00-05:00,369.89112832411564,374.1658601814062,366.5101886735257,366.7724914550781,1836500,0.0,0.0
2023-12-21 00:00:00-05:00,369.23050246234465,370.62951007204117,366.2770683074616,369.7357177734375,1301600,0.0,0.0
2023-12-22 00:00:00-05:00,371.1249888259884,372.57256110107545,368.608726098347,369.81341552734375,1538200,0.0,0.0
2023-12-26 00:00:00-05:00,369.8134014406213,371.71759457977606,369.230476702452,370.7460632324219,837300,0.0,0.0
2023-12-27 00:00:00-05:00,370.347771590107,374.76822748183713,369.4830944359196,373.5343933105469,1367200,0.0,0.0
2023-12-28 00:00:00-05:00,373.57324575599034,376.72102767424286,372.7085982215688,375.4094543457031,1024700,0.0,0.0
2023-12-29 00:00:00-05:00,374.5934007018201,375.6329465034673,372.6503377374499,374.7876892089844,881300,0.0,0.0
2024-01-02 00:00:00-05:00,372.0965313545137,378.0617484645646,371.30959328151533,377.2456359863281,2263100,0.0,0.0
2024-01-03 00:00:00-05:00,372.9514871048155,374.4282041930237,366.0341881224298,370.9209899902344,2265300,0.0,0.0
2024-01-04 00:00:00-05:00,372.6308687728093,376.0700983427225,371.0764422011026,372.0479736328125,1618300,0.0,0.0
2024-01-05 00:00:00-05:00,371.0473175150868,378.3823683617552,370.23120497737267,375.4386291503906,2913900,0.0,0.0
2024-01-08 00:00:00-05:00,374.98199291121887,378.0034414729343,371.15415664705085,377.7897033691406,1902600,0.0,0.0
2024-01-09 00:00:00-05:00,373.65099264943325,374.9625660052736,370.9015421084721,372.8154602050781,1708800,0.0,0.0
2024-01-10 00:00:00-05:00,370.4935006902908,372.1450862603823,367.7537750608162,371.08612060546875,1547300,0.0,0.0
2024-01-11 00:00:00-05:00,370.0466164456554,370.13405071551847,364.0133849860287,368.9390563964844,2209900,0.0,0.0
2024-01-12 00:00:00-05:00,372.42682843073993,374.86538163487245,365.85926694166056,366.9959716796875,2223100,0.0,0.0
2024-01-16 00:00:00-05:00,367.58858351619494,374.04929064525885,363.6636182503042,369.6191101074219,3926600,0.0,0.0
2024-01-17 00:00:00-05:00,364.5185865450538,369.3762434571745,363.47904085015153,366.44219970703125,2415100,0.0,0.0
2024-01-18 00:00:00-05:00,369.5024910913835,370.77522438782364,363.89676609100525,366.17987060546875,1771200,0.0,0.0
2024-01-19 00:00:00-05:00,366.00502758359,372.3879662192521,361.47768779341897,371.3193054199219,2598700,0.0,0.0
2024-01-22 00:00:00-05:00,375.3608356115167,381.54951517406687,373.61209105287793,374.97222900390625,2922700,0.0,0.0
2024-01-23 00:00:00-05:00,369.16250423314875,372.4462553906765,367.8509309411479,369.92999267578125,3313300,0.0,0.0
2024-01-24 00:00:00-05:00,370.9403932031609,373.6606692030802,368.3852609342449,368.5989990234375,2235800,0.0,0.0
2024-01-25 00:00:00-05:00,371.7953289099782,375.7008742025586,371.1346947179805,371.8050537109375,2376300,0.0,0.0
2024-01-26 00:00:00-05:00,367.8703538357991,370.05629945701264,366.0244501298647,367.03485107421875,3464700,0.0,0.0
2024-01-29 00:00:00-05:00,365.188947687122,369.99801026871944,363.5858971778045,369.7259826660156,1632300,0.0,0.0
2024-01-30 00:00:00-05:00,373.06806334265104,376.8764795347397,370.72666907475565,375.8563537597656,3897900,0.0,0.0
2024-01-31 00:00:00-05:00,375.0111273408121,382.6959444148991,372.7766169389693,373.0777893066406,3421100,0.0,0.0
2024-02-01 00:00:00-05:00,373.4858079286106,378.4503487859198,368.01608141829473,372.9223327636719,2138500,0.0,0.0
2024-02-02 00:00:00-05:00,370.93066797767113,377.6730981077459,369.7648481142321,376.8181457519531,2180900,0.0,0.0
2024-02-05 00:00:00-05:00,373.65094181041235,374.36014068020705,370.15342322030654,372.11590576171875,2231100,0.0,0.0
2024-02-06 00:00:00-05:00,372.115958601016,375.8077958337723,372.0965386459292,374.0298767089844,1487800,0.0,0.0
2024-02-07 00:00:00-05:00,374.3407399875545,376.05064464153173,371.6107392813381,375.6523132324219,1963200,0.0,0.0
2024-02-08 00:00:00-05:00,375.0110919473589,377.0610088144117,370.48375240900054,374.07843017578125,1913700,0.0,0.0
2024-02-09 00:00:00-05:00,373.81610902354606,375.13740708454003,371.69817778402984,373.3206481933594,2028200,0.0,0.0
2024-02-12 00:00:00-05:00,374.0395831565111,385.066470303999,373.37894893054045,381.46209716796875,2797200,0.0,0.0
2024-02-13 00:00:00-05:00,376.55583235466787,378.0811436897384,364.5185743466217,367.9674987792969,3030800,0.0,0.0
2024-02-14 00:00:00-05:00,370.03691685642826,370.61984167735255,365.0821003517537,367.27777099609375,2041300,0.0,0.0
2024-02-15 00:00:00-05:00,368.6184736870004,376.1866822918995,368.34644606851447,374.4476623535156,2218900,0.0,0.0
2024-02-16 00:00:00-05:00,372.32966443853064,376.5461069323399,370.1048789980262,373.4955139160156,2376500,0.0,0.0
2024-02-20 00:00:00-05:00,370.1048976324826,374.60306309665594,370.00773856300304,373.5732421875,2358900,0.0,0.0
2024-02-21 00:00:00-05:00,370.96955181861813,377.5954031823561,370.40607664357697,377.21649169921875,1773100,0.0,0.0
2024-02-22 00:00:00-05:00,378.14913149892647,384.3377810203568,377.92566863054486,379.35382080078125,2326800,0.0,0.0
2024-02-23 00:00:00-05:00,378.8972318085807,385.49393806916413,378.12971372966786,379.9173278808594,2247400,0.0,0.0
2024-02-26 00:00:00-05:00,379.91735046590907,384.78473237456745,377.75085437148454,379.1109924316406,1797800,0.0,0.0
2024-02-27 00:00:00-05:00,381.09293656542854,384.6292956307067,378.2463268801096,379.6842041015625,1724900,0.0,0.0
2024-02-28 00:00:00-05:00,378.83296121691336,384.77195456576703,378.6470597549373,384.69366455078125,2572900,2.75,0.0
2024-02-29 00:00:00-05:00,386.6896424604293,387.433248309395,377.34577991865893,380.6528015136719,3139100,0.0,0.0
2024-03-01 00:00:00-05:00,381.22033384435036,382.59990436010867,376.93486582920644,379.7233581542969,1697700,0.0,0.0
2024-03-04 00:00:00-05:00,380.41799834231006,388.01051756941905,377.86434640594354,383.78375244140625,1955100,0.0,0.0
2024-03-05 00:00:00-05:00,382.2867852977353,388.91065233410876,381.88563106591096,382.4726867675781,2697800,0.0,0.0
2024-03-06 00:00:00-05:00,386.4744141012093,386.7581631707866,376.22060117534755,381.16162109375,2692400,0.0,0.0
2024-03-07 00:00:00-05:00,383.4413090771439,385.9949909275186,378.7057781747894,380.04620361328125,2033100,0.0,0.0
2024-03-08 00:00:00-05:00,380.3397018694121,387.0809732818429,378.36328223477517,378.6372375488281,1657200,0.0,0.0
2024-03-11 00:00:00-04:00,377.3457809395761,378.06979935728026,373.1875121783111,377.8251953125,1654200,0.0,0.0
2024-03-12 00:00:00-04:00,379.25369452419005,380.73111258722815,375.4965797817885,379.8016052246094,1703900,0.0,0.0
2024-03-13 00:00:00-04:00,380.5158288030905,386.71898361629763,379.8015742637824,383.8424377441406,2370600,0.0,0.0
2024-03-14 00:00:00-04:00,385.9166792628923,387.8246027206253,377.13052124576024,380.2222900390625,3029500,0.0,0.0
2024-03-15 00:00:00-04:00,380.47671358310026,382.687943811937,378.06002430699357,378.8525390625,3763500,0.0,0.0
2024-03-18 00:00:00-04:00,380.2614420741025,380.633244999621,375.1345508499427,376.0738220214844,2069000,0.0,0.0
2024-03-19 00:00:00-04:00,375.780313502438,382.34547778109356,375.4280681471861,380.271240234375,1858200,0.0,0.0
2024-03-20 00:00:00-04:00,378.02085572236524,387.9420099820429,377.6686402347253,387.91265869140625,2157400,0.0,0.0
2024-03-21 00:00:00-04:00,391.14142420400816,405.083854721764,390.4761083699967,404.7805480957031,4613800,0.0,0.0
2024-03-22 00:00:00-04:00,405.455688689813,407.76476657020584,397.02174537847424,398.039306640625,2189600,0.0,0.0
2024-03-25 00:00:00-04:00,398.08819572473726,401.6007063103303,395.14315339895364,396.1998596191406,1683900,0.0,0.0
2024-03-26 00:00:00-04:00,397.32503206234827,400.4950910033807,395.7889114583965,397.4130859375,1407000,0.0,0.0
2024-03-27 00:00:00-04:00,400.77883506956084,406.5221333288594,399.5558148317582,406.2873229980469,2353600,0.0,0.0
2024-03-28 00:00:00-04:00,407.2265854200003,410.15207006993865,406.0231526415817,408.6746520996094,2409700,0.0,0.0
2024-04-01 00:00:00-04:00,407.6864318412209,408.9290394541735,403.1074514520259,404.5848693847656,1863900,0.0,0.0
2024-04-02 00:00:00-04:00,401.8746557670585,404.25222979821143,398.82200203592515,401.2973937988281,1976000,0.0,0.0
2024-04-03 00:00:00-04:00,402.12908227892893,407.6375705921924,402.12908227892893,405.0643310546875,1549200,0.0,0.0
2024-04-04 00:00:00-04:00,408.97795733173075,409.95637349759613,396.94345043514323,397.4815673828125,1704700,0.0,0.0
2024-04-05 00:00:00-04:00,397.78488059421113,400.30921106493486,392.8047458105351,399.2622985839844,1694500,0.0,0.0
2024-04-08 00:00:00-04:00,400.2700943228938,403.626054898251,398.7535312182533,401.67901611328125,1181900,0.0,0.0
2024-04-09 00:00:00-04:00,402.62802668945,404.3011098924711,398.2642693002557,401.84527587890625,1247800,0.0,0.0
2024-04-10 00:00:00-04:00,395.28992948161425,396.69885116612164,388.7149715735439,392.1100769042969,1903300,0.0,0.0
2024-04-11 00:00:00-04:00,391.83615823137535,392.80478078301957,386.317876140917,388.9009094238281,2176200,0.0,0.0
2024-04-12 00:00:00-04:00,384.3610132025807,385.5840334423273,378.76447139114447,381.08331298828125,2814900,0.0,0.0
2024-04-15 00:00:00-04:00,398.21541117883663,403.95870975183067,390.0847745825454,392.2275085449219,6177000,0.0,0.0
2024-04-16 00:00:00-04:00,395.7204248444198,396.22919049454754,386.65048800054467,388.2942199707031,3459700,0.0,0.0
2024-04-17 00:00:00-04:00,393.7146596695513,398.3327851726223,392.5209907513327,395.19207763671875,4373800,0.0,0.0
2024-04-18 00:00:00-04:00,396.73796756291296,399.0568091337826,393.7244588642261,394.4093322753906,2776300,0.0,0.0
2024-04-19 00:00:00-04:00,395.33885395145137,399.1938162322092,394.3115288679405,395.2801513671875,2805100,0.0,0.0
2024-04-22 00:00:00-04:00,398.15666443039464,408.9583869230416,395.83782296748984,408.34197998046875,4165600,0.0,0.0
2024-04-23 00:00:00-04:00,408.6942337966361,416.16934810276365,407.2168455979971,414.8484802246094,2662300,0.0,0.0
2024-04-24 00:00:00-04:00,412.40244085073226,415.4159497005302,410.553219844186,413.9092102050781,1575900,0.0,0.0
2024-04-25 00:00:00-04:00,411.90341720928564,414.46686281814766,405.8959574031659,410.98370361328125,1970100,0.0,0.0
2024-04-26 00:00:00-04:00,411.15982919327473,419.28067128937704,410.5825672482214,418.3414001464844,2322700,0.0,0.0
2024-04-29 00:00:00-04:00,418.3414157222768,423.97707264835225,417.9794065109591,421.511474609375,2453000,0.0,0.0
2024-04-30 00:00:00-04:00,419.2513428456979,422.0789800036936,416.8053023390135,417.4999694824219,1829900,0.0,0.0
2024-05-01 00:00:00-04:00,417.48037398408394,424.0748890362203,416.0127498133908,417.7347717285156,2310100,0.0,0.0
2024-05-02 00:00:00-04:00,421.8930646142275,424.29016631633937,418.92846481231203,423.2334899902344,2087500,0.0,0.0
2024-05-03 00:00:00-04:00,425.61102539983546,432.7534513537934,425.53276524572004,428.7223815917969,2406300,0.0,0.0
2024-05-06 00:00:00-04:00,432.215330458512,434.78856968778723,430.19000187970335,434.0939025878906,1914300,0.0,0.0
2024-05-07 00:00:00-04:00,435.5615245241046,437.7629608307266,433.31114949533423,434.2210693359375,2058200,0.0,0.0
2024-05-08 00:00:00-04:00,433.24267999967964,438.35001374133367,432.5088678520793,437.3031311035156,2006700,0.0,0.0
2024-05-09 00:00:00-04:00,436.70626619564774,446.57848168787586,436.70626619564774,445.7272644042969,2710200,0.0,0.0
2024-05-10 00:00:00-04:00,446.6665350802167,448.8484138684951,444.51403744130494,444.9151916503906,1823900,0.0,0.0
2024-05-13 00:00:00-04:00,446.4219463038809,447.331896057501,443.53563644551537,443.77044677734375,1579600,0.0,0.0
2024-05-14 00:00:00-04:00,445.02283769018146,451.80325504700795,444.2107653513188,448.5744934082031,2412900,0.0,0.0
2024-05-15 00:00:00-04:00,451.62709569783294,456.12781584602766,451.0009249042589,456.02996826171875,2217700,0.0,0.0
2024-05-16 00:00:00-04:00,454.34714002162985,458.1433997720708,452.3022536836643,454.493896484375,2070300,0.0,0.0
2024-05-17 00:00:00-04:00,456.31374279642534,458.5445304924237,454.2297115556455,457.62481689453125,1655900,0.0,0.0
2024-05-20 00:00:00-04:00,458.09444594973894,461.30364967537537,452.6153096267549,452.9479675292969,2591500,0.0,0.0
2024-05-21 00:00:00-04:00,452.2533374363664,461.13734352334023,452.2239861442963,460.25677490234375,2762600,0.0,0.0
2024-05-22 00:00:00-04:00,457.2725481489717,460.17844524920133,449.82681573251824,452.4000549316406,2729500,0.0,0.0
2024-05-23 00:00:00-04:00,454.21013944392445,454.2883995979055,447.5373341438957,448.2613525390625,2254500,0.0,0.0
2024-05-24 00:00:00-04:00,449.9149085215684,455.2081438254213,449.1908900776377,451.2259826660156,1932200,0.0,0.0
2024-05-28 00:00:00-04:00,450.01269691545804,453.68175723740285,449.0049295413861,449.885498046875,1930800,0.0,0.0
2024-05-29 00:00:00-04:00,445.02279442023695,448.8386114020531,441.9016445387138,447.3025207519531,2315700,0.0,0.0
2024-05-30 00:00:00-04:00,445.90476493236656,448.7199549895376,440.5893499013554,443.17816162109375,2135000,2.75,0.0
2024-05-31 00:00:00-04:00,442.7154994819105,449.6156826835565,441.1011720884657,449.3695983886719,2638300,0.0,0.0
2024-06-03 00:00:00-04:00,451.6827851574359,451.6827851574359,443.14859885238747,447.8537292480469,1930700,0.0,0.0
2024-06-04 00:00:00-04:00,443.44389477501244,450.54095735466706,442.1740914155159,448.168701171875,1835000,0.0,0.0
2024-06-05 00:00:00-04:00,450.3834740596274,455.76779974778674,450.33426921543884,454.44879150390625,1678900,0.0,0.0
2024-06-06 00:00:00-04:00,454.58663197939535,457.24432450710964,449.85197225198516,450.9248962402344,1598000,0.0,0.0
2024-06-07 00:00:00-04:00,448.3065791555364,453.93698967343727,447.38129969689044,447.7848815917969,1736100,0.0,0.0
2024-06-10 00:00:00-04:00,445.2452134227901,448.22775380969256,443.24701019380376,446.44610595703125,1698600,0.0,0.0
2024-06-11 00:00:00-04:00,443.97547523140065,444.78260893464227,436.43544840067534,437.3114929199219,1938200,0.0,0.0
2024-06-12 00:00:00-04:00,448.46407088392084,450.4721273466896,439.20145347213935,441.6721496582031,1733000,0.0,0.0
2024-06-13 00:00:00-04:00,439.732970180372,441.2980627307759,435.22468896159467,439.3589172363281,1849100,0.0,0.0
2024-06-14 00:00:00-04:00,435.0672049607162,441.20948973510554,432.2716908175802,439.4671936035156,1559100,0.0,0.0
2024-06-17 00:00:00-04:00,438.1284865730776,443.7195145682726,436.4452783996496,443.12890625,1531600,0.0,0.0
2024-06-18 00:00:00-04:00,442.5284745035937,450.5212876220058,441.4850794929392,450.2653503417969,1798400,0.0,0.0
2024-06-20 00:00:00-04:00,450.82646653939514,453.19872294842526,448.109686080332,450.87567138671875,2080600,0.0,0.0
2024-06-21 00:00:00-04:00,451.4957723133652,451.61388796910234,442.8532930400844,443.12890625,3919200,0.0,0.0
2024-06-24 00:00:00-04:00,444.18217451862444,456.25998150236387,442.9517529825618,454.8523864746094,1882200,0.0,0.0
2024-06-25 00:00:00-04:00,452.2635335201934,456.81116629650563,449.59598828431405,450.21612548828125,1633400,0.0,0.0
2024-06-26 00:00:00-04:00,448.2770064706689,450.7575253927476,445.36337677876236,448.7199401855469,2131700,0.0,0.0
2024-06-27 00:00:00-04:00,442.7352121686141,442.7352121686141,435.8645272707567,438.97503662109375,2835200,0.0,0.0
2024-06-28 00:00:00-04:00,443.05018279693564,450.1767745616337,442.48910337954806,445.23541259765625,3839700,0.0,0.0
2024-07-01 00:00:00-04:00,447.3911171231213,456.7521436091945,446.8989485157084,456.3977966308594,1850500,0.0,0.0
2024-07-02 00:00:00-04:00,454.2815019767523,458.9669269435456,452.4014141909104,458.3172607421875,1491800,0.0,0.0
2024-07-03 00:00:00-04:00,461.69351728353246,462.53020989076236,458.5239503763177,460.591064453125,993900,0.0,0.0
2024-07-05 00:00:00-04:00,460.14813214487776,460.2563948225953,452.9231003866666,457.4707336425781,1593800,0.0,0.0
2024-07-08 00:00:00-04:00,460.3253035010633,467.42236657839874,456.77186048966394,457.5396423339844,2214300,0.0,0.0
2024-07-09 00:00:00-04:00,458.3073947499042,471.7927960254761,454.3503400805335,465.42413330078125,4525100,0.0,0.0
2024-07-10 00:00:00-04:00,465.10917562550935,472.344029946032,462.4908350932988,471.3892517089844,1946000,0.0,0.0
2024-07-11 00:00:00-04:00,472.48183626879995,475.5923452956533,468.81024785187685,471.7239074707031,2251400,0.0,0.0
2024-07-12 00:00:00-04:00,473.39728105492975,475.8679770326482,470.61162000418375,472.3637390136719,2727800,0.0,0.0
2024-07-15 00:00:00-04:00,472.7279241227491,485.27822299326454,468.8496332843013,484.5202941894531,3568200,0.0,0.0
2024-07-16 00:00:00-04:00,486.262555527803,498.6553567289131,484.2840282296883,495.1412658691406,3981700,0.0,0.0
2024-07-17 00:00:00-04:00,495.12164741446503,501.5001637461044,491.6075561467734,494.3144836425781,3908900,0.0,0.0
2024-07-18 00:00:00-04:00,491.6960994946723,495.8007987706832,476.63575259049077,478.5945739746094,3320200,0.0,0.0
2024-07-19 00:00:00-04:00,481.4590004639631,484.8845046915703,475.62188815013053,477.3346252441406,2032700,0.0,0.0
2024-07-22 00:00:00-04:00,476.97045390742795,481.80355339397863,474.8246059188999,479.41162109375,1792500,0.0,0.0
2024-07-23 00:00:00-04:00,479.45096190215105,488.04423668288433,478.66350413869816,484.4415588378906,2020500,0.0,0.0
2024-07-24 00:00:00-04:00,481.59686636114156,488.2214370183149,478.2107437208515,479.07696533203125,1598600,0.0,0.0
2024-07-25 00:00:00-04:00,478.43710101476915,488.3395311948505,475.66129284239514,484.0084533691406,1489700,0.0,0.0
2024-07-26 00:00:00-04:00,487.95565232774595,496.1059633817192,487.88674151221954,491.21380615234375,2249700,0.0,0.0
2024-07-29 00:00:00-04:00,492.5820329382698,494.13727249084246,483.3686211612814,485.00262451171875,1599500,0.0,0.0
2024-07-30 00:00:00-04:00,490.5050793108795,501.4902863270181,490.4952263259789,497.74981689453125,2642500,0.0,0.0
2024-07-31 00:00:00-04:00,496.9524601175585,509.15826532470925,496.9524601175585,501.0571594238281,2658900,0.0,0.0
2024-08-01 00:00:00-04:00,502.01200004979273,505.9690550402281,486.93194609369755,492.2867431640625,4006800,0.0,0.0
2024-08-02 00:00:00-04:00,483.4079933534717,486.7153518472802,459.8921637895194,463.2684631347656,6115500,0.0,0.0
2024-08-05 00:00:00-04:00,440.57947750864986,455.92529063474217,430.5195502654235,451.8304443359375,4177200,0.0,0.0
2024-08-06 00:00:00-04:00,453.7893042615001,467.8062564409827,450.2653602472033,462.85504150390625,2209300,0.0,0.0
2024-08-07 00:00:00-04:00,471.8814250232295,480.89792734605277,465.16823810551426,465.6013488769531,2587600,0.0,0.0
2024-08-08 00:00:00-04:00,470.3852106715699,480.0907910369857,469.6863396740509,478.1614685058594,1936400,0.0,0.0
2024-08-09 00:00:00-04:00,477.42319908886657,484.29388328797546,474.64739112449666,482.5811462402344,1622700,0.0,0.0
2024-08-12 00:00:00-04:00,482.5812070432333,485.15031293854037,476.17316170406633,477.895751953125,1839300,0.0,0.0
2024-08-13 00:00:00-04:00,482.61068243119234,485.5439879903312,478.8505072093788,484.2348327636719,1243700,0.0,0.0
2024-08-14 00:00:00-04:00,485.17980322754465,491.52879022728865,480.7502857969105,490.88897705078125,1545600,0.0,0.0
2024-08-15 00:00:00-04:00,497.09029636763023,498.97038406359303,490.4558731139265,491.2039489746094,1732300,0.0,0.0
2024-08-16 00:00:00-04:00,489.2647847244866,497.0016906023476,489.21557988117837,496.36187744140625,1587000,0.0,0.0
2024-08-19 00:00:00-04:00,497.09032472788573,499.8267811554972,493.99949126007954,496.77532958984375,1027900,0.0,0.0
2024-08-20 00:00:00-04:00,495.97795228681264,496.2634184698557,488.7233923368075,489.55023193359375,2122700,0.0,0.0
2024-08-21 00:00:00-04:00,491.6764450961123,492.93639554562594,486.2921192605433,488.6840515136719,917100,0.0,0.0
2024-08-22 00:00:00-04:00,489.2156044975829,491.87332704086987,487.0402276250868,489.953857421875,943800,0.0,0.0
2024-08-23 00:00:00-04:00,494.87552820323884,504.4137580918149,492.0209563259462,501.4410705566406,1751800,0.0,0.0
2024-08-26 00:00:00-04:00,504.3153628979449,505.4571676500089,497.4052963173931,499.91534423828125,1084200,0.0,0.0
2024-08-27 00:00:00-04:00,499.88578270987944,503.46878441264204,498.6553612525439,499.31488037109375,977900,0.0,0.0
2024-08-28 00:00:00-04:00,498.6652435976346,500.40750966955306,490.66257716160374,495.4464416503906,1568100,0.0,0.0
2024-08-29 00:00:00-04:00,498.07459379045963,505.2011850849917,493.29072969993183,502.1103820800781,1566300,0.0,0.0
2024-08-30 00:00:00-04:00,502.83319890302175,506.1601539323,500.19939853552324,505.2294006347656,1838900,3.0,0.0
2024-09-03 00:00:00-04:00,502.4767885608442,504.68485752289155,480.6239374029198,482.6636657714844,2373600,0.0,0.0
2024-09-04 00:00:00-04:00,481.91114301618404,491.31766807027896,481.91114301618404,485.8123779296875,1509400,0.0,0.0
2024-09-05 00:00:00-04:00,488.72342575292544,490.8918797516465,478.31685903135195,483.07952880859375,1828300,0.0,0.0
2024-09-06 00:00:00-04:00,481.8121116743324,490.5354233765702,472.36597191936875,474.890869140625,1995600,0.0,0.0
2024-09-09 00:00:00-04:00,480.752629429989,489.4165338603815,478.6337016594379,483.7627258300781,1714200,0.0,0.0
2024-09-10 00:00:00-04:00,484.31722298112766,484.3865414701091,457.0284012983468,462.53369140625,3583100,0.0,0.0
2024-09-11 00:00:00-04:00,459.414709194519,467.2468828789639,452.9786655308786,466.5339660644531,2426500,0.0,0.0
2024-09-12 00:00:00-04:00,466.66262468566106,469.672721022144,460.82068386521644,469.3954772949219,1482200,0.0,0.0
2024-09-13 00:00:00-04:00,471.3064959807297,477.3563924675306,470.8213269957384,474.2769775390625,1794500,0.0,0.0
2024-09-16 00:00:00-04:00,476.6929818092371,482.5844491127319,474.7720679430876,480.38629150390625,1500300,0.0,0.0
2024-09-17 00:00:00-04:00,483.1983180406985,484.9113065628003,477.0593109294909,480.614013671875,1444900,0.0,0.0
2024-09-18 00:00:00-04:00,480.62388952694414,488.1392039218393,477.0296021604074,479.81195068359375,1699500,0.0,0.0
2024-09-19 00:00:00-04:00,489.8720031453877,501.42718964217676,488.604598895853,498.87255859375,3060700,0.0,0.0
2024-09-20 00:00:00-04:00,495.2683879681069,497.1100720126027,490.6047404263443,493.52569580078125,4452600,0.0,0.0
2024-09-23 00:00:00-04:00,493.30786339809106,496.46647786908704,490.3472931176901,492.5157470703125,953200,0.0,0.0
2024-09-24 00:00:00-04:00,492.69395869689004,494.6445760871296,489.23830822754246,493.1197204589844,1035400,0.0,0.0
2024-09-25 00:00:00-04:00,493.59503170686423,497.06059361453526,485.574725248508,486.3074645996094,1763900,0.0,0.0
2024-09-26 00:00:00-04:00,489.13929660091844,493.4959968429725,487.63426348960553,492.03057861328125,1378100,0.0,0.0
2024-09-27 00:00:00-04:00,494.060384801743,500.4271095505195,490.98096994055277,493.60491943359375,1420100,0.0,0.0
2024-09-30 00:00:00-04:00,490.0205664915009,491.6345027968963,484.08948428073325,490.2383728027344,1602500,0.0,0.0
2024-10-01 00:00:00-04:00,489.7135968627426,489.7135968627426,479.84169486291694,485.3470153808594,1528600,0.0,0.0
2024-10-02 00:00:00-04:00,486.33713921816724,489.9908036116959,483.1488212444639,487.1490478515625,1445100,0.0,0.0
2024-10-03 00:00:00-04:00,485.109348712069,485.6836587500384,479.4357481265101,481.3170471191406,1290600,0.0,0.0
2024-10-04 00:00:00-04:00,490.76319077548914,491.42658142401564,481.218028544499,490.28790283203125,1721600,0.0,0.0
2024-10-07 00:00:00-04:00,489.76311562069804,494.10002364621977,485.96090275077125,489.7532043457031,1173300,0.0,0.0
2024-10-08 00:00:00-04:00,492.1097827712888,493.4365942536906,487.93130413142,491.68402099609375,1296700,0.0,0.0
2024-10-09 00:00:00-04:00,493.29798838689584,501.2885609029608,490.3770027349714,500.20928955078125,1695900,0.0,0.0
2024-10-10 00:00:00-04:00,501.3281840653014,501.81335306372813,494.6743039816836,498.763671875,1309000,0.0,0.0
2024-10-11 00:00:00-04:00,503.00152865702916,512.87339972856,502.80348447221263,511.2198486328125,2409700,0.0,0.0
2024-10-14 00:00:00-04:00,512.5566505076838,517.9233039515489,510.43769235350993,517.6064453125,2174900,0.0,0.0
2024-10-15 00:00:00-04:00,533.4984698975554,535.1916661235617,510.43765341084475,517.2400512695312,4525400,0.0,0.0
2024-10-16 00:00:00-04:00,524.7850603129098,530.9438295592946,520.8045957993887,524.6464233398438,2649000,0.0,0.0
2024-10-17 00:00:00-04:00,526.0128717990362,530.0230098701379,523.0324789256364,523.794921875,2123500,0.0,0.0
2024-10-18 00:00:00-04:00,524.1810620038602,525.5474882775471,521.6858382980668,523.2998046875,1779200,0.0,0.0
2024-10-21 00:00:00-04:00,522.8047269831859,524.636499674723,511.9129618377028,512.705078125,1752100,0.0,0.0
2024-10-22 00:00:00-04:00,510.5366610450205,514.5171257511506,507.8929493273954,513.2001953125,1588000,0.0,0.0
2024-10-23 00:00:00-04:00,510.7248349446067,514.8835216293035,508.3484857209286,512.111083984375,1263200,0.0,0.0
2024-10-24 00:00:00-04:00,513.8932897169551,519.8342526038564,513.1011734189549,519.3391723632812,2058200,0.0,0.0
2024-10-25 00:00:00-04:00,522.8542670183128,523.5968874317754,505.7145902929802,507.5562744140625,1633200,0.0,0.0
2024-10-28 00:00:00-04:00,510.32877755080835,519.4283555280185,509.9128666020795,518.4282836914062,1687100,0.0,0.0
2024-10-29 00:00:00-04:00,516.051864979158,522.0522354573604,515.8736433334218,519.1213989257812,1281600,0.0,0.0
2024-10-30 00:00:00-04:00,518.2500737910924,525.5673145758692,517.9233038767131,519.240234375,1441600,0.0,0.0
2024-10-31 00:00:00-04:00,517.2994609904139,519.8342694871003,509.4673179213663,512.6951904296875,2061700,0.0,0.0
2024-11-01 00:00:00-04:00,514.8834967087905,521.4581774018388,511.952599663375,514.2398681640625,1625000,0.0,0.0
2024-11-04 00:00:00-05:00,512.9031555117233,512.9526514513965,505.48686279750916,506.4374084472656,1797800,0.0,0.0
2024-11-05 00:00:00-05:00,507.95236140001407,522.2701046883315,507.55627300675735,521.7750244140625,2169900,0.0,0.0
2024-11-06 00:00:00-05:00,561.7180483923487,592.7199717172631,560.529843686752,590.1158447265625,8042800,0.0,0.0
2024-11-07 00:00:00-05:00,584.1946849288126,589.1454873434636,575.7981433726366,576.4417114257812,4475600,0.0,0.0
2024-11-08 00:00:00-05:00,580.6498927384932,589.2940348389891,575.5802759071172,583.4619750976562,2714000,0.0,0.0
2024-11-11 00:00:00-05:00,593.0071753813058,601.175999888672,590.3039959942469,596.413330078125,2510800,0.0,0.0
2024-11-12 00:00:00-05:00,592.1655153646844,596.165802735925,585.6502419082044,586.75927734375,2392900,0.0,0.0
2024-11-13 00:00:00-05:00,588.7791686113842,597.6113837346433,586.8186700750092,588.3731689453125,1763100,0.0,0.0
2024-11-14 00:00:00-05:00,594.0963642287376,595.6113389661324,580.4717446062213,582.8184204101562,1670500,0.0,0.0
2024-11-15 00:00:00-05:00,587.5216074674482,589.2841221291329,581.3133423580365,587.6998291015625,2007700,0.0,0.0
2024-11-18 00:00:00-05:00,588.8583778171222,589.2148210959086,578.9666235712916,582.2044677734375,1857600,0.0,0.0
2024-11-19 00:00:00-05:00,573.9564383249503,579.0062933951398,569.8473082996103,575.6595458984375,2217400,0.0,0.0
2024-11-20 00:00:00-05:00,578.0854307158878,582.0163389540168,570.9463516423077,576.2041015625,1528600,0.0,0.0
2024-11-21 00:00:00-05:00,580.7390511367063,594.7894312090649,578.7587301141588,590.2445678710938,2281900,0.0,0.0
2024-11-22 00:00:00-05:00,590.353487866935,597.9975586580609,588.5910335325743,596.8489990234375,1733700,0.0,0.0
2024-11-25 00:00:00-05:00,602.7998317360974,605.2851444366734,592.937871135699,597.0965576171875,2940800,0.0,0.0
2024-11-26 00:00:00-05:00,594.225018308871,601.2155489345396,587.1651691969124,599.5421752929688,2846500,0.0,0.0
2024-11-27 00:00:00-05:00,601.700761649889,606.2258026597468,597.3440914480909,599.472900390625,1424500,0.0,0.0
2024-11-29 00:00:00-05:00,603.3146793000811,606.7010112180212,601.0868182213785,602.5819702148438,1170200,0.0,0.0
2024-12-02 00:00:00-05:00,605.0000311409023,608.8907118550494,598.3330778614642,598.7410888671875,1804100,3.0,0.0
2024-12-03 00:00:00-05:00,605.9553107102089,608.4031337863265,597.8355395128469,599.1092529296875,1718100,0.0,0.0
2024-12-04 00:00:00-05:00,600.0246697382526,601.2983830983069,593.8154689429776,595.755859375,1617300,0.0,0.0
2024-12-05 00:00:00-05:00,597.5669225548468,603.5671380336256,593.4074938663539,593.8552856445312,1672800,0.0,0.0
2024-12-06 00:00:00-05:00,594.2134840107624,597.0394976894517,591.4372722107458,596.7210693359375,1405700,0.0,0.0
2024-12-09 00:00:00-05:00,596.0344420540822,600.0246655507228,590.7904259567621,591.1884765625,1633200,0.0,0.0
2024-12-10 00:00:00-05:00,587.0888194340986,593.3279014077092,580.8796185866756,582.1433715820312,2600800,0.0,0.0
2024-12-11 00:00:00-05:00,587.208206528762,590.780519361123,584.0041239060715,589.6361694335938,2195300,0.0,0.0
2024-12-12 00:00:00-05:00,589.6660627060626,593.3776386646549,585.7056595661908,588.6908569335938,1218400,0.0,0.0
2024-12-13 00:00:00-05:00,591.0691058351396,592.0641716698789,582.1931355947847,582.5911254882812,1215000,0.0,0.0
2024-12-16 00:00:00-05:00,585.0986935730866,585.3673807754226,575.8445937296995,583.4369506835938,1713300,0.0,0.0
2024-12-17 00:00:00-05:00,577.9740608836572,578.7402202702759,569.4661994872962,571.8444213867188,2314100,0.0,0.0
2024-12-18 00:00:00-05:00,574.6405566455504,576.610767554744,541.8033842443336,547.5349731445312,3271600,0.0,0.0
2024-12-19 00:00:00-05:00,558.6697217727418,564.202284959564,550.8683795046645,551.2564697265625,2753300,0.0,0.0
2024-12-20 00:00:00-05:00,552.2017945169347,570.0731974059552,550.6494943628501,563.3067016601562,4515900,0.0,0.0
2024-12-23 00:00:00-05:00,562.2121746299588,568.8194260902646,559.0279519365827,567.9636840820312,1519500,0.0,0.0
2024-12-24 00:00:00-05:00,571.3667865833532,579.9143676757812,568.5407730275846,579.9143676757812,913400,0.0,0.0
2024-12-26 00:00:00-05:00,575.297301690585,579.715396157725,574.6504846437083,578.362060546875,1092000,0.0,0.0
2024-12-27 00:00:00-05:00,574.152997420693,579.0885459178735,568.5308510552961,573.3370361328125,1486000,0.0,0.0
2024-12-30 00:00:00-05:00,564.4709891346023,573.1778147817766,562.311652645626,570.719970703125,1265900,0.0,0.0
2024-12-31 00:00:00-05:00,572.2324789443894,574.0733263230475,567.5855388096729,569.7945556640625,1055800,0.0,0.0
2025-01-02 00:00:00-05:00,576.451546719564,581.4268755516999,566.9287600467767,572.1329345703125,2219000,0.0,0.0
2025-01-03 00:00:00-05:00,578.1332194616433,579.267609029517,568.9089402257158,577.2675170898438,1422600,0.0,0.0
2025-01-06 00:00:00-05:00,582.0935952829425,590.7208598388064,576.9590822747249,580.511474609375,2257000,0.0,0.0
2025-01-07 00:00:00-05:00,584.2130685998658,585.3773393170098,565.5954263089835,577.257568359375,2021900,0.0,0.0
2025-01-08 00:00:00-05:00,578.1730068650701,578.3322514030884,569.8443110311279,577.1580810546875,1513400,0.0,0.0
2025-01-10 00:00:00-05:00,573.4066975457328,573.4066975457328,555.256706112224,557.2368774414062,2817900,0.0,0.0
2025-01-13 00:00:00-05:00,555.1273113701228,563.396305709082,554.0128425368429,560.1723022460938,1871200,0.0,0.0
2025-01-14 00:00:00-05:00,566.8491320976598,570.759793966432,562.4111776936386,568.7099609375,2221900,0.0,0.0
2025-01-15 00:00:00-05:00,595.0493328913241,606.4030066504565,590.0740040209952,602.9302368164062,5119800,0.0,0.0
2025-01-16 00:00:00-05:00,606.9801955781087,613.7964329501206,603.0098926361126,609.9653930664062,3224500,0.0,0.0
2025-01-17 00:00:00-05:00,614.7516511182449,623.906268804116,609.9753473316158,622.8515014648438,3425200,0.0,0.0
2025-01-21 00:00:00-05:00,613.7665103971198,632.2946300318894,605.9950492231417,631.6080322265625,5076700,0.0,0.0
2025-01-22 00:00:00-05:00,630.3144897814915,632.4638052104028,626.6029137411505,629.6079711914062,2835700,0.0,0.0
2025-01-23 00:00:00-05:00,631.787185940813,642.354780299774,631.359314917819,636.3446044921875,2582700,0.0,0.0
2025-01-24 00:00:00-05:00,626.8914678240569,637.4391412430531,625.8566212334756,633.7574462890625,3183500,0.0,0.0
2025-01-27 00:00:00-05:00,621.9161600322293,632.5733372147815,621.3788463342014,630.1553344726562,3351700,0.0,0.0
2025-01-28 00:00:00-05:00,629.0806099238679,635.9266674758908,628.6925196863151,634.6529541015625,2338000,0.0,0.0
2025-01-29 00:00:00-05:00,633.856916522852,645.7977061590752,633.2698009761124,634.2350463867188,1918900,0.0,0.0
2025-01-30 00:00:00-05:00,641.3099256100621,646.3151355637842,637.8371558052543,642.5139770507812,1812800,0.0,0.0
2025-01-31 00:00:00-05:00,646.7927808870379,646.7927808870379,634.2947566580267,637.2401733398438,1996200,0.0,0.0
2025-02-03 00:00:00-05:00,622.9111915643173,635.3295933286759,619.4085405091406,629.249755859375,2102600,0.0,0.0
2025-02-04 00:00:00-05:00,628.8816060586666,634.5236123226923,625.9859912094255,631.0508422851562,1743400,0.0,0.0
2025-02-05 00:00:00-05:00,634.8520061317896,643.2204831260218,632.3942226584892,642.2652587890625,1908200,0.0,0.0
2025-02-06 00:00:00-05:00,646.7927564168425,655.5990642683045,645.7379891203533,654.97216796875,2439200,0.0,0.0
2025-02-07 00:00:00-05:00,656.1464266625708,660.5943417301326,649.9371649229578,652.6636962890625,2616700,0.0,0.0
2025-02-10 00:00:00-05:00,655.7682894378177,659.2211386456553,641.0711479915528,647.3201904296875,2351600,0.0,0.0
2025-02-11 00:00:00-05:00,643.5886953147913,645.8374930343217,640.4243325853511,644.04638671875,2711400,0.0,0.0
2025-02-12 00:00:00-05:00,640.5835942134192,647.2604471231554,635.9565137686044,645.7977294921875,2295800,0.0,0.0
2025-02-13 00:00:00-05:00,648.6137803036734,648.782924490122,637.349627762176,645.7479858398438,2031800,0.0,0.0
2025-02-14 00:00:00-05:00,647.1112066199131,659.9873606659447,647.1112066199131,657.2907104492188,2246000,0.0,0.0
2025-02-18 00:00:00-05:00,659.3206835080543,668.873291015625,657.7584228941585,668.873291015625,2350100,0.0,0.0
2025-02-19 00:00:00-05:00,665.7786754361176,667.72896563093,660.0073056571426,664.853271484375,1953600,0.0,0.0
2025-02-20 00:00:00-05:00,664.7338698426388,666.97276800822,628.543268953053,639.0910034179688,3929000,0.0,0.0
2025-02-21 00:00:00-05:00,641.5686563825936,644.3050872551057,620.3538468392574,622.5131225585938,3000800,0.0,0.0
2025-02-24 00:00:00-05:00,630.3841674617418,634.1554451158222,611.7664638065346,623.050537109375,3274100,0.0,0.0
2025-02-25 00:00:00-05:00,625.428768289077,628.2049801482735,603.0099055206192,611.8759155273438,2885900,0.0,0.0
2025-02-26 00:00:00-05:00,613.6271929675844,620.0553397226495,612.1644754342184,614.7218017578125,2001200,0.0,0.0
2025-02-27 00:00:00-05:00,614.4929057673404,622.1449641177528,604.3134021759033,605.0,2396300,0.0,0.0
2025-02-28 00:00:00-05:00,607.7899780273438,623.6500244140625,604.010009765625,622.2899780273438,3337200,3.0,0.0
2025-03-03 00:00:00-05:00,622.4000244140625,628.780029296875,598.3200073242188,605.260009765625,3152300,0.0,0.0
2025-03-04 00:00:00-05:00,595.97998046875,600.0,567.5700073242188,581.1400146484375,4061000,0.0,0.0
2025-03-05 00:00:00-05:00,582.0900268554688,597.1199951171875,576.780029296875,593.0700073242188,2600600,0.0,0.0
2025-03-06 00:00:00-05:00,580.5900268554688,586.7100219726562,564.6199951171875,567.6699829101562,4332300,0.0,0.0
2025-03-07 00:00:00-05:00,568.1699829101562,568.1699829101562,544.9099731445312,559.6699829101562,4069600,0.0,0.0
2025-03-10 00:00:00-04:00,542.2999877929688,546.469970703125,523.1300048828125,531.6599731445312,5272100,0.0,0.0
2025-03-11 00:00:00-04:00,532.469970703125,539.989990234375,524.2000122070312,531.4299926757812,4190500,0.0,0.0
2025-03-12 00:00:00-04:00,544.0,545.0,528.5900268554688,535.7100219726562,3078100,0.0,0.0
2025-03-13 00:00:00-04:00,535.6699829101562,538.1400146484375,520.0599975585938,524.8099975585938,2529100,0.0,0.0
2025-03-14 00:00:00-04:00,533.989990234375,543.5700073242188,526.7000122070312,541.4099731445312,2808100,0.0,0.0
2025-03-17 00:00:00-04:00,541.22998046875,557.1599731445312,540.0,551.3400268554688,2695600,0.0,0.0
2025-03-18 00:00:00-04:00,550.2899780273438,553.75,546.6500244140625,551.780029296875,2641000,0.0,0.0
2025-03-19 00:00:00-04:00,549.0,563.0,544.5999755859375,557.3400268554688,2769800,0.0,0.0
2025-03-20 00:00:00-04:00,553.0999755859375,568.4400024414062,552.0,562.6799926757812,2531300,0.0,0.0
2025-03-21 00:00:00-04:00,555.3300170898438,567.0,551.2100219726562,565.1400146484375,3565600,0.0,0.0
2025-03-24 00:00:00-04:00,575.0,582.719970703125,573.0499877929688,580.0999755859375,1877700,0.0,0.0
2025-03-25 00:00:00-04:00,584.6900024414062,586.8900146484375,578.2100219726562,585.9400024414062,1875500,0.0,0.0
2025-03-26 00:00:00-04:00,588.3900146484375,592.6400146484375,571.0,573.9199829101562,1944200,0.0,0.0
2025-03-27 00:00:00-04:00,565.0,566.0,552.5499877929688,558.9199829101562,2100900,0.0,0.0
2025-03-28 00:00:00-04:00,555.9500122070312,560.5,537.7100219726562,543.1199951171875,2773100,0.0,0.0
2025-03-31 00:00:00-04:00,533.8200073242188,547.3900146484375,528.5900268554688,546.2899780273438,2455100,0.0,0.0
2025-04-01 00:00:00-04:00,543.25,551.9600219726562,533.239990234375,548.4500122070312,1869600,0.0,0.0
2025-04-02 00:00:00-04:00,539.7999877929688,567.3200073242188,539.0800170898438,563.0999755859375,2560700,0.0,0.0
2025-04-03 00:00:00-04:00,525.4299926757812,529.989990234375,509.55999755859375,511.2300109863281,5193900,0.0,0.0
2025-04-04 00:00:00-04:00,487.0,492.0,460.0,470.80999755859375,8105200,0.0,0.0
2025-04-07 00:00:00-04:00,446.8999938964844,489.9800109863281,439.3800048828125,465.510009765625,6353800,0.0,0.0
2025-04-08 00:00:00-04:00,488.25,491.9200134277344,452.8299865722656,462.2200012207031,4240900,0.0,0.0
2025-04-09 00:00:00-04:00,451.3599853515625,522.0,447.1099853515625,516.8699951171875,7024100,0.0,0.0
2025-04-10 00:00:00-04:00,503.1000061035156,503.1000061035156,474.0,489.79998779296875,5374500,0.0,0.0
2025-04-11 00:00:00-04:00,487.0,498.5199890136719,478.5799865722656,494.44000244140625,3770200,0.0,0.0
2025-04-14 00:00:00-04:00,510.0,512.0,497.1499938964844,503.9800109863281,4392600,0.0,0.0
2025-04-15 00:00:00-04:00,507.4100036621094,518.6500244140625,507.0,507.8900146484375,2501200,0.0,0.0
2025-04-16 00:00:00-04:00,501.7200012207031,509.45001220703125,492.69000244140625,499.04998779296875,2765600,0.0,0.0
2025-04-17 00:00:00-04:00,503.239990234375,514.8300170898438,499.1199951171875,509.489990234375,2588000,0.0,0.0
2025-04-21 00:00:00-04:00,505.3999938964844,509.2699890136719,494.67999267578125,501.3599853515625,2859300,0.0,0.0
2025-04-22 00:00:00-04:00,510.2300109863281,521.0,508.92999267578125,519.989990234375,2514600,0.0,0.0
2025-04-23 00:00:00-04:00,533.6300048828125,551.7899780273438,528.260009765625,529.3099975585938,3048100,0.0,0.0
2025-04-24 00:00:00-04:00,527.0999755859375,546.8400268554688,523.4199829101562,545.3699951171875,2222000,0.0,0.0
