Date,Open,High,Low,Close,Volume,Dividends,Stock Splits
2020-04-27 00:00:00-04:00,190.69572824335407,195.92780868250406,189.78233364960315,193.10780334472656,5472800,0.0,0.0
2020-04-28 00:00:00-04:00,198.63252015041496,198.83647849616491,192.3540319505704,192.99252319335938,5080700,0.0,0.0
2020-04-29 00:00:00-04:00,196.28250179837633,198.79212431886023,194.93458794979148,196.6992950439453,4381100,0.0,0.0
2020-04-30 00:00:00-04:00,192.24762626433488,196.9653660653599,192.00820217372495,194.9434814453125,5152700,0.0,0.0
2020-05-01 00:00:00-04:00,192.22986759063937,194.82816114143452,191.34307576611633,193.8260955810547,3819300,0.0,0.0
2020-05-04 00:00:00-04:00,192.1500868556611,197.45311283526826,190.8465150455908,196.72593688964844,4090900,0.0,0.0
2020-05-05 00:00:00-04:00,199.474958148137,202.94231748126182,198.29552338016734,200.06910705566406,4655200,0.0,0.0
2020-05-06 00:00:00-04:00,201.62989481353475,202.5787687584928,198.46405437681952,198.57046508789062,3321100,0.0,0.0
2020-05-07 00:00:00-04:00,200.86722543933226,205.40760910179344,200.7874174170366,203.47439575195312,4501300,0.0,0.0
2020-05-08 00:00:00-04:00,206.35649390090188,208.88385649149302,204.9819636065694,207.89064025878906,4365200,0.0,0.0
2020-05-11 00:00:00-04:00,205.53176787987834,211.7393113438196,205.070632290916,209.7794952392578,4378300,0.0,0.0
2020-05-12 00:00:00-04:00,211.56195073148749,212.1649627302921,206.53382873535156,206.53382873535156,4399600,0.0,0.0
2020-05-13 00:00:00-04:00,206.65796846156547,209.54891857630278,202.66740510390517,204.05081176757812,6237200,0.0,0.0
2020-05-14 00:00:00-04:00,200.7430839791634,208.0945966240249,200.59233097549244,207.93496704101562,6434500,0.0,0.0
2020-05-15 00:00:00-04:00,206.4362892858154,215.69439928322285,206.35648125892735,212.2359161376953,16176300,0.0,0.0
2020-05-18 00:00:00-04:00,218.0089212339365,220.2081749267107,216.4126930799458,217.57440185546875,8314800,0.0,0.0
2020-05-19 00:00:00-04:00,213.22912511648946,215.0115856248673,210.8791318235678,211.14517211914062,9387000,0.0,0.0
2020-05-20 00:00:00-04:00,214.6036662348927,214.8431038661704,208.35177986351084,211.22499084472656,7534200,0.0,0.0
2020-05-21 00:00:00-04:00,210.71952288569037,213.8765004230863,209.09669180815578,213.6104736328125,4772700,0.0,0.0
2020-05-22 00:00:00-04:00,213.45083182103116,214.90517016064368,211.64178209375592,214.49725341796875,3041800,0.0,0.0
2020-05-26 00:00:00-04:00,220.05738972622387,220.11947165009335,214.6657072455812,215.02928161621094,4535200,0.0,0.0
2020-05-27 00:00:00-04:00,215.2155554876585,219.38347523643537,213.52177949775725,219.35687255859375,4664800,0.0,0.0
2020-05-28 00:00:00-04:00,221.27232123185044,223.67551973103303,216.75854012488747,217.38816833496094,5259300,0.0,0.0
2020-05-29 00:00:00-04:00,217.31719504813947,221.44078501239127,217.02455213211883,220.3500213623047,5341600,0.0,0.0
2020-06-01 00:00:00-04:00,221.1747773703646,221.50288605273698,218.03552637675566,219.29476928710938,3407800,0.0,0.0
2020-06-02 00:00:00-04:00,220.48306855093546,224.11004407774385,219.0375934624203,224.10118103027344,5301000,0.0,0.0
2020-06-03 00:00:00-04:00,224.62750592981874,225.5463544369677,223.36966001189617,223.91383361816406,4638100,1.5,0.0
2020-06-04 00:00:00-04:00,222.81660097085148,224.95760458705072,220.7647978982286,222.0850830078125,4759400,0.0,0.0
2020-06-05 00:00:00-04:00,225.10921916576322,228.2404530924929,223.3607363551611,227.39295959472656,5054300,0.0,0.0
2020-06-08 00:00:00-04:00,225.24306977599807,229.09687884984547,225.03787994861634,229.06118774414062,3811900,0.0,0.0
2020-06-09 00:00:00-04:00,227.77658506853462,230.41716869062972,226.46521603357144,229.05227661132812,3716100,0.0,0.0
2020-06-10 00:00:00-04:00,229.66782138690596,231.30925828823106,226.78637042123577,226.99154663085938,3589800,0.0,0.0
2020-06-11 00:00:00-04:00,222.0047948041185,223.57486318950865,212.9768777668297,213.6280975341797,6563700,0.0,0.0
2020-06-12 00:00:00-04:00,216.83961753950322,219.80133962783026,211.469249395788,216.28651428222656,5238500,0.0,0.0
2020-06-15 00:00:00-04:00,211.9777071734631,216.08131279102187,209.02490140105985,215.31411743164062,6250900,0.0,0.0
2020-06-16 00:00:00-04:00,222.48649176285704,224.49368750751376,216.6611647573379,222.97714233398438,5291600,0.0,0.0
2020-06-17 00:00:00-04:00,225.4928654538236,227.14321846086426,223.0931489196709,223.78005981445312,4234000,0.0,0.0
2020-06-18 00:00:00-04:00,222.4508394802914,224.58292710173572,220.46148906156216,222.31703186035156,3347800,0.0,0.0
2020-06-19 00:00:00-04:00,225.78725214679767,226.85775395238565,219.7924257009021,220.0332794189453,11114600,0.0,0.0
2020-06-22 00:00:00-04:00,219.18577289694196,223.0752727564489,219.01627418921217,222.27239990234375,3815200,0.0,0.0
2020-06-23 00:00:00-04:00,225.69799484477136,226.0905152746219,223.13770969392746,223.29827880859375,3105300,0.0,0.0
2020-06-24 00:00:00-04:00,221.06808136765682,223.28045335703717,216.53627769064857,219.5693817138672,3873000,0.0,0.0
2020-06-25 00:00:00-04:00,218.38293267851185,219.76567045581467,216.06350068999294,218.9003448486328,2938400,0.0,0.0
2020-06-26 00:00:00-04:00,218.87357571288752,219.5426410387527,214.32392605213693,215.0019073486328,5002700,0.0,0.0
2020-06-29 00:00:00-04:00,216.47385686760296,219.8994680316831,214.40420828169906,219.5604705810547,3468300,0.0,0.0
2020-06-30 00:00:00-04:00,220.34549453955105,224.49369374897105,219.53369208222193,223.47671508789062,4524600,0.0,0.0
2020-07-01 00:00:00-04:00,222.7095141673661,223.31614040586265,220.28303643771469,221.3713836669922,3677300,0.0,0.0
2020-07-02 00:00:00-04:00,224.75245220157538,225.0736041392848,221.1662578325151,221.6836700439453,3369800,0.0,0.0
2020-07-06 00:00:00-04:00,223.26264989206933,224.35991325083498,220.38119866069033,222.62034606933594,3133800,0.0,0.0
2020-07-07 00:00:00-04:00,220.6755620421994,223.7175820509133,220.4079468256174,220.65773010253906,2927800,0.0,0.0
2020-07-08 00:00:00-04:00,221.1216104186216,222.83441590327607,219.64967224635905,222.2813262939453,2294000,0.0,0.0
2020-07-09 00:00:00-04:00,222.71846487752265,223.47673073236763,219.76565880452398,221.20191955566406,2994700,0.0,0.0
2020-07-10 00:00:00-04:00,221.49628337221793,223.31614854184255,220.02434521304707,223.11988830566406,2745300,0.0,0.0
2020-07-13 00:00:00-04:00,224.73457275622488,230.03355851109015,222.20996471786307,222.68276977539062,4437500,0.0,0.0
2020-07-14 00:00:00-04:00,222.12963329068833,230.31898432154173,221.647912364471,229.97108459472656,4614200,0.0,0.0
2020-07-15 00:00:00-04:00,232.0675338600018,233.09342850320712,227.61600105225216,229.9800262451172,4343700,0.0,0.0
2020-07-16 00:00:00-04:00,229.05227841302676,232.38867524993304,228.37428354695916,230.2298126220703,2511200,0.0,0.0
2020-07-17 00:00:00-04:00,231.96939555596828,232.52248517353854,229.9086766392345,232.28163146972656,3091300,0.0,0.0
2020-07-20 00:00:00-04:00,231.08625178852893,233.01316320630627,230.17630551593692,232.0943145751953,2451100,0.0,0.0
2020-07-21 00:00:00-04:00,233.38776983567084,235.39496535562733,232.58489707255458,234.10145568847656,2439900,0.0,0.0
2020-07-22 00:00:00-04:00,234.25314856910006,236.9294098719222,233.72682044646558,236.55474853515625,2750000,0.0,0.0
2020-07-23 00:00:00-04:00,238.90089496675807,238.90089496675807,233.54837280417797,235.3414764404297,2680100,0.0,0.0
2020-07-24 00:00:00-04:00,236.43874226193873,238.08910862999596,234.6099476070461,236.67959594726562,2984500,0.0,0.0
2020-07-27 00:00:00-04:00,236.4833421873223,239.6859312859411,236.4833421873223,238.56192016601562,2412500,0.0,0.0
2020-07-28 00:00:00-04:00,239.5789071200325,240.0338802484945,236.10870249068438,236.65286254882812,2227000,0.0,0.0
2020-07-29 00:00:00-04:00,236.22465526011825,238.2853743012277,235.66266325063768,236.0997772216797,2874100,0.0,0.0
2020-07-30 00:00:00-04:00,234.92214105735638,238.49941793478447,233.32529801895802,237.57164001464844,2347800,0.0,0.0
2020-07-31 00:00:00-04:00,236.40305027509388,238.33889100511018,232.48677535568646,236.8401641845703,3640600,0.0,0.0
2020-08-03 00:00:00-04:00,237.94638319499936,239.5967224202148,237.0007731216138,237.45571899414062,2363500,0.0,0.0
2020-08-04 00:00:00-04:00,237.85719955948377,238.98123807270693,235.36826880492063,238.96337890625,2224000,0.0,0.0
2020-08-05 00:00:00-04:00,239.42723514956816,239.42723514956816,237.19701772267177,238.6154327392578,1959900,0.0,0.0
2020-08-06 00:00:00-04:00,237.83039673648656,241.25600750767526,237.76794411340995,240.3014678955078,2203400,0.0,0.0
2020-08-07 00:00:00-04:00,241.40766229379085,245.2525825059461,240.6940035471882,242.3265380859375,2846300,0.0,0.0
2020-08-10 00:00:00-04:00,243.02238033729222,245.32395308204423,242.46926346553622,245.08309936523438,2393100,0.0,0.0
2020-08-11 00:00:00-04:00,247.72363459988583,249.22233418606749,244.79759040691184,245.2525634765625,3321300,0.0,0.0
2020-08-12 00:00:00-04:00,249.56134041082225,252.43386166466732,247.07241003645817,251.19384765625,3867900,0.0,0.0
2020-08-13 00:00:00-04:00,250.81920000214848,252.1484010041732,249.55242440356557,251.26524353027344,2202400,0.0,0.0
2020-08-14 00:00:00-04:00,250.80142563185515,251.56860760865095,249.06184458312208,250.2750701904297,2490400,0.0,0.0
2020-08-17 00:00:00-04:00,253.7095212404398,258.0093868411685,252.96910105617584,257.1351318359375,5584400,0.0,0.0
2020-08-18 00:00:00-04:00,257.7239925024231,259.2226924987003,252.49637445909576,254.24485778808594,6934300,0.0,0.0
2020-08-19 00:00:00-04:00,256.43937617475143,256.8943493537246,251.50613509994386,252.3357696533203,4986800,0.0,0.0
2020-08-20 00:00:00-04:00,250.2660826759647,251.4882374518273,249.2847815778633,250.39096069335938,3530000,0.0,0.0
2020-08-21 00:00:00-04:00,249.75763502103237,252.95129496958972,248.37491085845977,252.6658477783203,5519100,0.0,0.0
2020-08-24 00:00:00-04:00,254.23590243666868,255.8951986549274,251.49721563839188,255.8059844970703,4430900,0.0,0.0
2020-08-25 00:00:00-04:00,256.269818399879,256.45717626826405,253.25458725878812,255.2528533935547,2854500,0.0,0.0
2020-08-26 00:00:00-04:00,256.68025216007766,260.59650069398975,255.3777852856074,260.427001953125,4001900,0.0,0.0
2020-08-27 00:00:00-04:00,260.685713447033,261.33694688074786,255.63649680680913,257.4831237792969,3430900,0.0,0.0
2020-08-28 00:00:00-04:00,257.1976207027635,257.6614961779135,254.03962485547655,255.39561462402344,3100100,0.0,0.0
2020-08-31 00:00:00-04:00,254.24481121424606,255.75244051834062,252.34466142717207,254.28050231933594,4105400,0.0,0.0
2020-09-01 00:00:00-04:00,253.37948448588384,255.74350973063872,252.90667943693288,255.0833740234375,3235100,0.0,0.0
2020-09-02 00:00:00-04:00,255.45106719197983,258.311834299375,254.3300778040634,257.55853271484375,3464600,1.5,0.0
2020-09-03 00:00:00-04:00,257.6481753610774,258.0069138391916,244.0797435682031,246.2858428955078,5380100,0.0,0.0
2020-09-04 00:00:00-04:00,247.11088402952456,248.20497074162978,237.35381561102892,241.82879638671875,5253500,0.0,0.0
2020-09-08 00:00:00-04:00,239.54199939027646,243.06641129928244,235.6858063246154,241.47012329101562,5241200,0.0,0.0
2020-09-09 00:00:00-04:00,244.33983785552064,250.86847977399867,243.70312346642402,248.44715881347656,4754700,0.0,0.0
2020-09-10 00:00:00-04:00,249.31704551221821,251.98051770207798,243.18299415300655,244.55508422851562,3156300,0.0,0.0
2020-09-11 00:00:00-04:00,245.70295606174702,249.29012222291647,245.23660694533524,247.81039428710938,3729200,0.0,0.0
2020-09-14 00:00:00-04:00,249.8012115121255,253.30766886130948,249.32591320672148,251.68447875976562,3055800,0.0,0.0
2020-09-15 00:00:00-04:00,253.82785186498776,257.11011175519604,253.2359662420418,256.1056823730469,4174900,0.0,0.0
2020-09-16 00:00:00-04:00,256.1326284787048,257.00251740076203,251.71145258433162,252.56341552734375,3379100,0.0,0.0
2020-09-17 00:00:00-04:00,249.22736871918647,253.54093433135327,248.37540571141588,251.06578063964844,3166600,0.0,0.0
2020-09-18 00:00:00-04:00,249.675694274016,250.94912272230113,242.86007423370683,246.78802490234375,6072900,0.0,0.0
2020-09-21 00:00:00-04:00,243.81075632567737,244.73445068660402,239.0218919077549,244.24122619628906,3548000,0.0,0.0
2020-09-22 00:00:00-04:00,243.6403674543203,245.29046093180824,242.69874709728964,245.10214233398438,2972000,0.0,0.0
2020-09-23 00:00:00-04:00,246.99435956561075,248.0704930868761,237.371775648355,239.039794921875,4467600,0.0,0.0
2020-09-24 00:00:00-04:00,238.28644564210853,241.8646620946197,236.6453293502822,238.27749633789062,3095600,0.0,0.0
2020-09-25 00:00:00-04:00,236.9233607601393,242.26823071202932,236.6812368951318,240.83335876464844,2457700,0.0,0.0
2020-09-28 00:00:00-04:00,243.86452492975994,245.9181852869619,242.40275029258635,244.22323608398438,3061100,0.0,0.0
2020-09-29 00:00:00-04:00,245.18285471819692,245.57744527077685,243.1291939833485,244.02598571777344,2048900,0.0,0.0
2020-09-30 00:00:00-04:00,245.25454786623266,251.02988728255104,244.39360832627767,249.04795837402344,4778800,0.0,0.0
2020-10-01 00:00:00-04:00,250.59940639642153,251.10160742183294,247.37992835684,248.9672393798828,2696900,0.0,0.0
2020-10-02 00:00:00-04:00,246.56387437201138,252.07016033420047,245.81057274369428,250.48284912109375,2943600,0.0,0.0
2020-10-05 00:00:00-04:00,251.92665598136836,253.27184310193377,250.83256936192572,252.98486328125,2330700,0.0,0.0
2020-10-06 00:00:00-04:00,253.34362636073217,253.79202215960072,247.3082090555147,247.93597412109375,2992500,0.0,0.0
2020-10-07 00:00:00-04:00,251.8638905665229,254.68877823178056,251.1016123411921,253.60366821289062,3423700,0.0,0.0
2020-10-08 00:00:00-04:00,254.54529394422417,255.54074673219841,252.15087598530224,255.1551055908203,2256200,0.0,0.0
2020-10-09 00:00:00-04:00,256.007107867917,257.6302985297804,254.76953103889218,256.4106750488281,2240100,0.0,0.0
2020-10-12 00:00:00-04:00,257.72893170217606,258.571890564385,256.5361836377369,257.2984619140625,2411900,0.0,0.0
2020-10-13 00:00:00-04:00,256.2133102048421,260.7600217371814,256.2133102048421,260.392333984375,2699900,0.0,0.0
2020-10-14 00:00:00-04:00,259.63008608969125,260.3385315883953,255.7200613676659,257.4598388671875,2221000,0.0,0.0
2020-10-15 00:00:00-04:00,254.79633457744876,260.29366951312716,253.8995432957498,257.8633728027344,2699400,0.0,0.0
2020-10-16 00:00:00-04:00,258.50017308429426,262.4460505649917,257.6033815037763,257.9710693359375,3108600,0.0,0.0
2020-10-19 00:00:00-04:00,259.8543067776308,260.16816189982814,254.13277278333626,254.4466552734375,2428100,0.0,0.0
2020-10-20 00:00:00-04:00,255.71114263155954,259.8812176523027,254.80537445463273,256.51824951171875,2281500,0.0,0.0
2020-10-21 00:00:00-04:00,255.9353601623463,258.2938990103616,254.0431157119509,255.14617919921875,2304500,0.0,0.0
2020-10-22 00:00:00-04:00,254.62599398407173,256.1953790471741,251.68451907480178,252.1418914794922,2787000,0.0,0.0
2020-10-23 00:00:00-04:00,253.23594016535043,253.96233895327896,250.6980053752154,253.7919464111328,1750600,0.0,0.0
2020-10-26 00:00:00-04:00,250.77880914719933,252.47373099248634,243.92730837821586,247.55035400390625,2911900,0.0,0.0
2020-10-27 00:00:00-04:00,248.40225921789514,250.85948644301314,247.6220550219419,248.2677459716797,3014100,0.0,0.0
2020-10-28 00:00:00-04:00,242.35794313255494,245.4249826138923,240.95895034960364,241.8826446533203,3255900,0.0,0.0
2020-10-29 00:00:00-04:00,241.85570044186161,245.45184309403373,239.72133230519802,241.80189514160156,2872500,0.0,0.0
2020-10-30 00:00:00-04:00,241.07551777007194,241.79294008293974,234.9862953125485,239.1832733154297,3872800,0.0,0.0
2020-11-02 00:00:00-05:00,242.26819858818598,246.42034727504955,240.80642418296335,242.79730224609375,2956400,0.0,0.0
2020-11-03 00:00:00-05:00,246.4831524936693,250.68013020062776,245.4697737064629,248.74305725097656,3037500,0.0,0.0
2020-11-04 00:00:00-05:00,248.19603882367545,257.4150548885123,247.52344515931117,253.54090881347656,3525300,0.0,0.0
2020-11-05 00:00:00-05:00,258.5898487465773,259.17275778011395,254.76053131512742,256.3478698730469,2516600,0.0,0.0
2020-11-06 00:00:00-05:00,257.1370671859637,257.1818958191258,253.65751137385445,254.90403747558594,2839100,0.0,0.0
2020-11-09 00:00:00-05:00,258.25806836159745,258.65265887571945,241.65844621750506,242.10684204101562,7856400,0.0,0.0
2020-11-10 00:00:00-05:00,244.6357356794929,247.3261099016031,241.46108643439035,247.12881469726562,4828500,0.0,0.0
2020-11-11 00:00:00-05:00,248.69823325693298,252.61720785769214,247.6669284727183,249.08384704589844,2987900,0.0,0.0
2020-11-12 00:00:00-05:00,253.79196332852842,254.4107515769594,245.5773509133226,247.72964477539062,3818600,0.0,0.0
2020-11-13 00:00:00-05:00,247.89117270733715,250.8595510323485,246.8508910555881,248.5637664794922,3939200,0.0,0.0
2020-11-16 00:00:00-05:00,250.36622636278585,252.25847052275984,247.87314726712867,250.7159881591797,5360200,0.0,0.0
2020-11-17 00:00:00-05:00,244.01699215648406,245.29939753584003,241.5956439654998,244.3488006591797,8532200,0.0,0.0
2020-11-18 00:00:00-05:00,242.5821093163386,246.95845636974593,241.2369220188358,241.9812469482422,5122200,0.0,0.0
2020-11-19 00:00:00-05:00,242.51038258158468,244.26808635358992,240.96790002348448,242.9677276611328,3929400,0.0,0.0
2020-11-20 00:00:00-05:00,243.43403839771176,244.25907116619587,241.12030124143283,241.96328735351562,4111000,0.0,0.0
2020-11-23 00:00:00-05:00,242.14272552952445,245.44291227895587,241.7301816599133,243.38925170898438,3294200,0.0,0.0
2020-11-24 00:00:00-05:00,245.72093080903127,247.1109470252025,244.43852522018796,245.10214233398438,4773400,0.0,0.0
2020-11-25 00:00:00-05:00,245.25453991169258,246.38447854839046,243.21880576893247,245.6849822998047,3001700,0.0,0.0
2020-11-27 00:00:00-05:00,246.8329299306731,248.03462748158591,246.04374888400562,247.50552368164062,1625300,0.0,0.0
2020-11-30 00:00:00-05:00,246.8149551104327,249.09281315931875,243.85555413894076,248.7789306640625,4624100,0.0,0.0
2020-12-01 00:00:00-05:00,249.96266016833837,250.15995535794724,247.11084290619175,248.052490234375,3942400,0.0,0.0
2020-12-02 00:00:00-05:00,247.03360623463993,247.15982729719323,243.06621434933885,244.44578552246094,4168600,1.5,0.0
2020-12-03 00:00:00-05:00,244.02206407283222,245.19423899352176,240.8752045036023,241.77688598632812,4168900,0.0,0.0
2020-12-04 00:00:00-05:00,241.1726811623792,242.30880832460184,236.97986892068607,238.03482055664062,7732800,0.0,0.0
2020-12-07 00:00:00-05:00,237.59296793191132,238.49464902463205,235.3387652001095,236.81753540039062,6379000,0.0,0.0
2020-12-08 00:00:00-05:00,235.98806762695312,236.6913780496152,233.2920489262708,235.98806762695312,5338100,0.0,0.0
2020-12-09 00:00:00-05:00,238.59391951302584,239.63987331565508,236.46596446146376,239.4685516357422,4550100,0.0,0.0
2020-12-10 00:00:00-05:00,238.11597846279557,239.91034290768664,236.33966525432658,238.7742156982422,4234300,0.0,0.0
2020-12-11 00:00:00-05:00,237.46680708262681,239.27016993416728,236.82662097512727,238.53981018066406,3454500,0.0,0.0
2020-12-14 00:00:00-05:00,239.97351857247233,242.19164727406243,239.18903258264945,239.4685516357422,4576800,0.0,0.0
2020-12-15 00:00:00-05:00,241.2088227373185,242.3359245930054,240.0276221939295,241.6326141357422,3754100,0.0,0.0
2020-12-16 00:00:00-05:00,242.12852465032563,244.13025861946983,241.20881945476984,243.0843048095703,4669600,0.0,0.0
2020-12-17 00:00:00-05:00,245.4015590803169,247.3581918778058,244.62609893819058,247.03359985351562,4247000,0.0,0.0
2020-12-18 00:00:00-05:00,247.59264135317682,248.6295692462827,243.72442123871252,243.8596954345703,9817000,0.0,0.0
2020-12-21 00:00:00-05:00,242.15553959011132,245.21225255508543,239.7390401918353,244.34661865234375,4339000,0.0,0.0
2020-12-22 00:00:00-05:00,243.50805973131978,244.68023446286824,242.1104646654635,243.4900360107422,3140100,0.0,0.0
2020-12-23 00:00:00-05:00,243.50805888332752,244.35564153874378,241.83094481014035,243.2826385498047,2337100,0.0,0.0
2020-12-24 00:00:00-05:00,242.94899490393863,244.68020747085,242.9129199496324,244.2834930419922,1093900,0.0,0.0
2020-12-28 00:00:00-05:00,245.4106316806795,245.48275408306492,242.7686843417149,242.7777099609375,2633800,0.0,0.0
2020-12-29 00:00:00-05:00,243.43595009841027,243.86873955201452,239.00869119836972,240.01856994628906,2572100,0.0,0.0
2020-12-30 00:00:00-05:00,239.94639977423063,241.01940273261548,238.87342433297556,239.17999267578125,2511400,0.0,0.0
2020-12-31 00:00:00-05:00,239.45950457948638,239.80214786926487,237.66514011729836,239.50457763671875,2607900,0.0,0.0
2021-01-04 00:00:00-05:00,239.85626671658443,240.243983096202,235.39293299005988,237.9717559814453,5002000,0.0,0.0
2021-01-05 00:00:00-05:00,236.83560304561826,240.3251051189593,236.47493604505615,239.8922882080078,3822600,0.0,0.0
2021-01-06 00:00:00-05:00,238.0980133417558,243.24660697283326,236.12332866655535,241.26292419433594,3949200,0.0,0.0
2021-01-07 00:00:00-05:00,240.70382732005862,242.35389194544263,240.00051702638416,240.0816650390625,3833200,0.0,0.0
2021-01-08 00:00:00-05:00,241.0645819624428,244.11227018202237,240.74898789809993,242.6334991455078,3757700,0.0,0.0
2021-01-11 00:00:00-05:00,241.17268844544893,246.49260239218253,240.98334308506972,244.56301879882812,3764400,0.0,0.0
2021-01-12 00:00:00-05:00,244.45484285952602,250.61334252622228,244.04007710044846,249.16162109375,4030900,0.0,0.0
2021-01-13 00:00:00-05:00,250.9469454527123,252.9036061765753,247.0066021811035,247.10577392578125,3921400,0.0,0.0
2021-01-14 00:00:00-05:00,247.51154457000567,247.87221162697261,241.35307270882586,241.95718383789062,4641400,0.0,0.0
2021-01-15 00:00:00-05:00,242.21868964756584,249.21574642795778,241.6506259375831,248.494384765625,5131700,0.0,0.0
2021-01-19 00:00:00-05:00,250.667345108128,250.667345108128,246.17696333635757,246.33026123046875,3615800,0.0,0.0
2021-01-20 00:00:00-05:00,246.38442237220056,249.95507271898288,244.8064800514271,247.3311767578125,3498400,0.0,0.0
2021-01-21 00:00:00-05:00,249.06240507775843,253.101947131551,248.56649137898629,251.61415100097656,4397900,0.0,0.0
2021-01-22 00:00:00-05:00,251.80349365070882,257.05125717441615,250.5501436096629,256.07745361328125,4501900,0.0,0.0
2021-01-25 00:00:00-05:00,255.94224962993206,257.67346236450993,253.75117061407713,257.0513000488281,4025900,0.0,0.0
2021-01-26 00:00:00-05:00,257.3579184516201,257.56528756358676,254.00366252786708,254.81517028808594,2472200,0.0,0.0
2021-01-27 00:00:00-05:00,252.46176358381976,253.2011489277409,246.23114187678487,247.10577392578125,4337000,0.0,0.0
2021-01-28 00:00:00-05:00,249.01731056858483,255.1397061400771,247.89920716239658,250.7124481201172,3463000,0.0,0.0
2021-01-29 00:00:00-05:00,248.69274068223737,249.81984241388056,243.4810233758045,244.193359375,4079500,0.0,0.0
2021-02-01 00:00:00-05:00,244.56307416495193,245.84344643831002,240.97437202064626,243.51712036132812,3707800,0.0,0.0
2021-02-02 00:00:00-05:00,243.45396107865105,248.58453008941973,243.44493545979594,245.40159606933594,4111800,0.0,0.0
2021-02-03 00:00:00-05:00,245.15815686868257,248.61158435149227,244.094151956548,247.2139892578125,2802700,0.0,0.0
2021-02-04 00:00:00-05:00,247.28609395532627,251.9658220550672,247.28609395532627,251.4067840576172,2976000,0.0,0.0
2021-02-05 00:00:00-05:00,252.73221977023746,254.0576921747014,250.4960405896698,251.4427947998047,2389900,0.0,0.0
2021-02-08 00:00:00-05:00,252.19131060861883,252.8495480350329,249.6666133186438,252.4978790283203,3475600,0.0,0.0
2021-02-09 00:00:00-05:00,252.16423746540391,252.65115315292408,249.42311815416792,249.55836486816406,2507800,0.0,0.0
2021-02-10 00:00:00-05:00,250.6945139650485,251.50602183629,249.0895219469446,251.2896270751953,2410600,0.0,0.0
2021-02-11 00:00:00-05:00,250.6042978708012,252.69620526425473,248.8730850409396,249.81983947753906,2595300,0.0,0.0
2021-02-12 00:00:00-05:00,249.87394749757203,251.30761763489795,249.38703183223006,250.22561645507812,2392200,0.0,0.0
2021-02-16 00:00:00-05:00,249.77476052756026,251.2354799174252,247.85417484194852,248.3140411376953,2873500,0.0,0.0
2021-02-17 00:00:00-05:00,248.44927367842615,254.08478181639228,248.3230250879135,253.30032348632812,3536400,0.0,0.0
2021-02-18 00:00:00-05:00,253.19204271357833,256.69056979593086,252.3174109429902,255.2208251953125,3532000,0.0,0.0
2021-02-19 00:00:00-05:00,255.05860770613648,255.9963640466786,251.9658471750502,252.1461944580078,4079900,0.0,0.0
2021-02-22 00:00:00-05:00,250.85672953803268,251.10919918400654,246.72704157521855,248.72877502441406,3995500,0.0,0.0
2021-02-23 00:00:00-05:00,242.89491270154898,243.15640798302744,232.25505686420195,240.96530151367188,12111000,0.0,0.0
2021-02-24 00:00:00-05:00,237.3496005906349,240.73990388245582,229.05412085188564,234.4101104736328,14512700,0.0,0.0
2021-02-25 00:00:00-05:00,234.21172553201615,235.24865355837568,229.667257681333,230.15415954589844,6545400,0.0,0.0
2021-02-26 00:00:00-05:00,232.42638842714365,234.65354243112745,230.92959410505733,232.9403533935547,7871200,0.0,0.0
2021-03-01 00:00:00-05:00,233.36416560028587,236.67334851201315,233.0575972202099,235.89788818359375,4528900,0.0,0.0
2021-03-02 00:00:00-05:00,235.95197698446884,237.24137475414068,234.22976224610076,234.6986541748047,3740300,0.0,0.0
2021-03-03 00:00:00-05:00,233.78797272458462,234.88802522941546,230.8394841950519,232.05673217773438,4257500,0.0,0.0
2021-03-04 00:00:00-05:00,230.83044251644944,231.60587532605427,222.8054834167651,226.2589111328125,7154900,0.0,0.0
2021-03-05 00:00:00-05:00,227.4581262641944,229.20739023739355,222.3455947985887,228.59425354003906,6351800,0.0,0.0
2021-03-08 00:00:00-05:00,229.23441214414788,237.3495568627433,227.69254496653738,233.56248474121094,5037400,0.0,0.0
2021-03-09 00:00:00-05:00,236.89873791593925,241.26287210700326,236.05115529235147,238.9094696044922,6625300,0.0,0.0
2021-03-10 00:00:00-05:00,241.27763757095286,243.84537388275672,239.60812301643716,241.56796264648438,3798400,1.65,0.0
2021-03-11 00:00:00-05:00,243.70930903451153,245.6872855670593,242.43905014615822,243.93614196777344,4371300,0.0,0.0
2021-03-12 00:00:00-05:00,242.6659085881705,248.43652572596173,242.03984741139146,247.79232788085938,4190500,0.0,0.0
2021-03-15 00:00:00-04:00,249.06250699146582,253.7352588706977,248.91733062274898,252.72813415527344,4355200,0.0,0.0
2021-03-16 00:00:00-04:00,252.72814489328985,256.3393068438952,251.92060649978401,255.94007873535156,4458900,0.0,0.0
2021-03-17 00:00:00-04:00,255.08726128285122,257.57334141520977,253.37239098572442,254.08010864257812,5908400,0.0,0.0
2021-03-18 00:00:00-04:00,253.17272957328518,259.015947161653,252.0204284353215,256.9200134277344,4808100,0.0,0.0
2021-03-19 00:00:00-04:00,257.3556074268471,262.30963134765625,256.2577160021877,262.30963134765625,13729200,0.0,0.0
2021-03-22 00:00:00-04:00,259.9505068448559,263.4255747354997,257.8636552130262,262.1643981933594,5564700,0.0,0.0
2021-03-23 00:00:00-04:00,262.7722657904528,266.2382788103512,262.16436918381845,263.1080017089844,4801200,0.0,0.0
2021-03-24 00:00:00-04:00,262.4547593243401,269.27788329610553,262.20976205996016,265.621337890625,4842000,0.0,0.0
2021-03-25 00:00:00-04:00,265.8753873656492,270.2759513245263,265.35820168923635,269.64080810546875,5373500,0.0,0.0
2021-03-26 00:00:00-04:00,269.78602594664403,275.8288588750092,268.59742353968363,275.6564636230469,5865900,0.0,0.0
2021-03-29 00:00:00-04:00,275.1936602735022,277.2351563517613,272.1359572443953,274.19561767578125,4642900,0.0,0.0
2021-03-30 00:00:00-04:00,273.6965918903689,277.3531374018348,272.2358011970752,276.5728454589844,5045400,0.0,0.0
2021-03-31 00:00:00-04:00,277.18981508697084,279.47628084383143,275.9558573517152,276.9629821777344,4744100,0.0,0.0
2021-04-01 00:00:00-04:00,278.44200997714296,279.9572387008552,275.7290965340227,279.23138427734375,3923900,0.0,0.0
2021-04-05 00:00:00-04:00,281.12766207377194,286.5807346738896,281.0369233621571,286.17242431640625,4697200,0.0,0.0
2021-04-06 00:00:00-04:00,284.5482560896119,286.6623542706083,284.11275463328303,284.7025146484375,3988600,0.0,0.0
2021-04-07 00:00:00-04:00,283.8496853963933,285.9365652119446,282.1166782843163,283.51397705078125,3799300,0.0,0.0
2021-04-08 00:00:00-04:00,283.72263125693047,286.03631599646013,281.8081469876107,285.29229736328125,4035600,0.0,0.0
2021-04-09 00:00:00-04:00,286.14514675275086,289.7291174543267,285.5826056215704,289.6474609375,4607800,0.0,0.0
2021-04-12 00:00:00-04:00,288.27741243998366,291.53472973502306,287.9054031413884,291.06292724609375,3556800,0.0,0.0
2021-04-13 00:00:00-04:00,290.82697242108503,291.162680654798,287.6240932473952,290.7090148925781,3635100,0.0,0.0
2021-04-14 00:00:00-04:00,290.08295673478653,292.7958968480354,289.70189299698546,290.3642272949219,3440600,0.0,0.0
2021-04-15 00:00:00-04:00,290.5365755025941,293.4309648405392,290.391399158015,292.8321228027344,3508200,0.0,0.0
2021-04-16 00:00:00-04:00,294.73759213793926,298.21268765460553,293.9209992399615,297.6773376464844,6213100,0.0,0.0
2021-04-19 00:00:00-04:00,296.23465607202513,298.35780848434626,295.2819690616006,296.5613098144531,4494300,0.0,0.0
2021-04-20 00:00:00-04:00,295.7901736523342,297.3235666450226,292.30602278236796,293.939208984375,4462900,0.0,0.0
2021-04-21 00:00:00-04:00,294.8464738488352,297.5231131888335,293.87565006488137,295.7447509765625,3740100,0.0,0.0
2021-04-22 00:00:00-04:00,295.97160844314635,296.1802770105873,289.29363280415686,291.67083740234375,4875000,0.0,0.0
2021-04-23 00:00:00-04:00,292.33319645352515,295.3636809446639,289.9650463680517,293.87567138671875,3405700,0.0,0.0
2021-04-26 00:00:00-04:00,293.68499941625043,293.97535208849763,289.7290480927125,290.3369445800781,2848500,0.0,0.0
2021-04-27 00:00:00-04:00,290.79972166833744,292.5871656828983,290.6908463276832,290.8813781738281,3335800,0.0,0.0
2021-04-28 00:00:00-04:00,292.11548036509754,293.03186664251837,289.7110289740682,290.0830383300781,2713400,0.0,0.0
2021-04-29 00:00:00-04:00,291.89763558803736,295.5995639499685,291.32601226085956,295.1912536621094,3261900,0.0,0.0
2021-04-30 00:00:00-04:00,294.9281197148138,295.635837241339,291.80689685691755,293.676025390625,3118700,0.0,0.0
2021-05-03 00:00:00-04:00,296.0441841113087,300.8893320361668,295.4997795568106,299.6644287109375,3683700,0.0,0.0
2021-05-04 00:00:00-04:00,298.62098431649014,302.35013174784615,298.4032335839955,301.9327392578125,3954400,0.0,0.0
2021-05-05 00:00:00-04:00,303.27555935722006,303.27555935722006,300.47190829428655,301.2794189453125,3227200,0.0,0.0
2021-05-06 00:00:00-04:00,302.7493547916458,306.5056933118191,302.35012666241107,306.2969970703125,3539600,0.0,0.0
2021-05-07 00:00:00-04:00,305.48040692188675,308.32035935764026,304.4369810840051,307.812255859375,2998100,0.0,0.0
2021-05-10 00:00:00-04:00,308.9010450028339,313.65545358314193,308.075369948926,309.5089416503906,4840600,0.0,0.0
2021-05-11 00:00:00-04:00,306.26981171345557,306.6781220642198,297.79533675194375,300.018310546875,5500900,0.0,0.0
2021-05-12 00:00:00-04:00,296.2619332216962,298.3306483657155,286.9617834063805,287.6241455078125,5822000,0.0,0.0
2021-05-13 00:00:00-04:00,289.43880396831656,297.0785488458106,289.1575333645784,295.2638854980469,5159800,0.0,0.0
2021-05-14 00:00:00-04:00,296.053214681547,296.987765056193,292.03371493236205,293.63970947265625,3998000,0.0,0.0
2021-05-17 00:00:00-04:00,291.25341290288617,292.9138173724775,286.09069442785403,290.35516357421875,4388000,0.0,0.0
2021-05-18 00:00:00-04:00,290.3460746349645,294.483503983348,285.60980318489925,287.3972473144531,7010300,0.0,0.0
2021-05-19 00:00:00-04:00,283.08742109054265,285.58258265464195,280.42894650592376,285.3103942871094,5242100,0.0,0.0
2021-05-20 00:00:00-04:00,285.7096819603156,290.08299955191626,285.7096819603156,286.6260681152344,3854700,0.0,0.0
2021-05-21 00:00:00-04:00,287.624145622307,289.69286076714985,285.3104608894996,286.50811767578125,3920600,0.0,0.0
2021-05-24 00:00:00-04:00,287.4789393135296,289.2028638065757,285.4374432242365,285.6642761230469,2930600,0.0,0.0
2021-05-25 00:00:00-04:00,286.29030179732496,287.714818871497,285.12891860636745,287.3972473144531,3523300,0.0,0.0
2021-05-26 00:00:00-04:00,288.3590826469401,291.5982634309392,287.33379340526267,287.9235534667969,2881600,0.0,0.0
2021-05-27 00:00:00-04:00,287.89632389474264,290.7181397485904,287.89632389474264,289.2301025390625,3734800,0.0,0.0
2021-05-28 00:00:00-04:00,290.68181304927276,291.71618433859817,289.30267901973446,289.35711669921875,3194000,0.0,0.0
2021-06-01 00:00:00-04:00,290.9450375567352,291.4894422106613,285.96379450588853,286.9981384277344,3549800,0.0,0.0
2021-06-02 00:00:00-04:00,287.7460186072919,289.11415291970525,284.9458970342092,285.6938171386719,3380100,1.65,0.0
2021-06-03 00:00:00-04:00,283.6599016084174,285.4202280795334,282.4650663075236,284.0520935058594,2652500,0.0,0.0
2021-06-04 00:00:00-04:00,284.6722826785522,285.8945072843019,282.1549342130684,283.66900634765625,2638700,0.0,0.0
2021-06-07 00:00:00-04:00,283.76923916318333,284.8728595025708,280.8140785237701,282.7112121582031,3974800,0.0,0.0
2021-06-08 00:00:00-04:00,283.9061027113619,284.8364518617065,281.81743769390255,283.5686340332031,2913500,0.0,0.0
2021-06-09 00:00:00-04:00,284.07026577407254,285.46576149676963,279.92024214236767,280.3215637207031,3603700,0.0,0.0
2021-06-10 00:00:00-04:00,280.60431644511937,282.428495362799,279.22708028990894,281.206298828125,3286300,0.0,0.0
2021-06-11 00:00:00-04:00,282.08187810997777,283.8786953374984,281.24277145125023,283.45001220703125,2785100,0.0,0.0
2021-06-14 00:00:00-04:00,281.7717742115026,282.80243969639093,279.3000197088675,282.12750244140625,3393500,0.0,0.0
2021-06-15 00:00:00-04:00,281.6076827813149,281.79011184738795,276.8100822582226,279.5098876953125,5270600,0.0,0.0
2021-06-16 00:00:00-04:00,279.728749102126,280.33073155129296,274.6940247564998,276.1624755859375,4492500,0.0,0.0
2021-06-17 00:00:00-04:00,276.40862022035344,278.3787362274936,273.6541208638977,276.47247314453125,4481100,0.0,0.0
2021-06-18 00:00:00-04:00,272.94274777116084,277.1201048966051,272.1674662289192,276.0073547363281,8792700,0.0,0.0
2021-06-21 00:00:00-04:00,278.41533036517814,281.5802821628182,278.06873188855695,280.5587463378906,3774200,0.0,0.0
2021-06-22 00:00:00-04:00,281.9542446257668,287.22612106614116,281.1971947182948,285.2195129394531,4418400,0.0,0.0
2021-06-23 00:00:00-04:00,284.5902052063906,286.08604560692294,283.322415055236,284.27099609375,2564500,0.0,0.0
2021-06-24 00:00:00-04:00,285.5934683546824,287.16226345513917,284.27095524086246,284.4259948730469,2649200,0.0,0.0
2021-06-25 00:00:00-04:00,284.79086731117405,287.72779713780756,284.16152321726923,286.0586853027344,11733500,0.0,0.0
2021-06-28 00:00:00-04:00,286.0859982168151,287.5544489629688,283.99730545124095,286.6514892578125,2635400,0.0,0.0
2021-06-29 00:00:00-04:00,288.0287640240227,292.14226892740584,287.818973409021,290.26336669921875,3150100,0.0,0.0
2021-06-30 00:00:00-04:00,289.98967468415316,292.1330901091746,289.76165235882655,290.8561706542969,3061500,0.0,0.0
2021-07-01 00:00:00-04:00,291.78651375002096,293.4100317155263,290.50046439791566,293.2732238769531,2578000,0.0,0.0
2021-07-02 00:00:00-04:00,294.1762313626451,294.7143608385243,293.09997241088666,294.331298828125,2201600,0.0,0.0
2021-07-06 00:00:00-04:00,294.44983334385836,295.3619228200258,288.9499349159588,291.1936950683594,3109500,0.0,0.0
2021-07-07 00:00:00-04:00,290.49134898165823,295.9000603689889,290.27245642910196,295.0426940917969,2939900,0.0,0.0
2021-07-08 00:00:00-04:00,291.0203936099597,292.1696074134821,287.1257537623357,290.5369873046875,3663000,0.0,0.0
2021-07-09 00:00:00-04:00,292.361205129972,294.8876832751187,292.032838403317,293.7749328613281,2587400,0.0,0.0
2021-07-12 00:00:00-04:00,292.84454314588027,295.5169583419016,292.3520070882446,293.45562744140625,2521800,0.0,0.0
2021-07-13 00:00:00-04:00,294.09415451378516,294.8694361923989,288.9773177027457,289.177978515625,3213800,0.0,0.0
2021-07-14 00:00:00-04:00,290.7285738342886,291.9234090403635,290.0536364052968,291.1572570800781,3381600,0.0,0.0
2021-07-15 00:00:00-04:00,289.4789683065295,294.56841544010103,289.460708702386,294.34039306640625,2603900,0.0,0.0
2021-07-16 00:00:00-04:00,295.5169559338294,297.5965185844179,293.14551800444576,293.2732238769531,3623700,0.0,0.0
2021-07-19 00:00:00-04:00,290.03533894273926,290.95655826946273,287.2261154550196,290.8379821777344,3752600,0.0,0.0
2021-07-20 00:00:00-04:00,290.50050295143944,297.459750222959,290.290712347946,296.7483215332031,4251700,0.0,0.0
2021-07-21 00:00:00-04:00,298.80047382234767,299.5939870958383,296.401674400802,297.6694641113281,2832600,0.0,0.0
2021-07-22 00:00:00-04:00,299.11061914504364,299.13798071539884,296.7300511850964,297.9431457519531,2208100,0.0,0.0
2021-07-23 00:00:00-04:00,300.50615756264966,304.13628414208716,299.1106616069069,303.57989501953125,2786400,0.0,0.0
2021-07-26 00:00:00-04:00,301.05338990752495,302.41239436425855,298.1438221567802,302.0657958984375,2752000,0.0,0.0
2021-07-27 00:00:00-04:00,302.6221817855139,302.7042665000133,297.3958989509517,298.49041748046875,2910300,0.0,0.0
2021-07-28 00:00:00-04:00,297.72416180555416,300.37831681962484,296.16446926975664,296.90325927734375,2376200,0.0,0.0
2021-07-29 00:00:00-04:00,297.7881413135894,299.67617357192023,296.83045831373494,298.6455078125,2172400,0.0,0.0
2021-07-30 00:00:00-04:00,298.1164569814323,301.0898498072319,297.65128243189935,299.3386535644531,2381200,0.0,0.0
2021-08-02 00:00:00-04:00,300.98946452478447,300.98946452478447,297.72419712662645,298.453857421875,2016400,0.0,0.0
2021-08-03 00:00:00-04:00,299.48460459278795,303.7349451690199,299.1927292610414,302.7590026855469,2405900,0.0,0.0
2021-08-04 00:00:00-04:00,301.61887629250293,302.74075638801463,300.4331710869799,301.27227783203125,1783700,0.0,0.0
2021-08-05 00:00:00-04:00,302.77721351336567,306.46206277619365,301.9837001258106,303.82611083984375,2284000,0.0,0.0
2021-08-06 00:00:00-04:00,305.2672680214369,306.1975893855177,300.18692230952297,300.8436279296875,2656600,0.0,0.0
2021-08-09 00:00:00-04:00,300.287264762269,301.96550626225394,298.5451703108474,299.85858154296875,1995300,0.0,0.0
2021-08-10 00:00:00-04:00,299.7764171546318,303.94464430528336,298.3900235365131,302.3393859863281,1868100,0.0,0.0
2021-08-11 00:00:00-04:00,304.45544812576264,308.78787302535346,304.0906179116967,307.3741455078125,3258600,0.0,0.0
2021-08-12 00:00:00-04:00,307.6933399400131,308.44125986827515,303.0690403731398,304.65606689453125,2554200,0.0,0.0
2021-08-13 00:00:00-04:00,304.5101685934161,306.2796243426044,301.88337437434024,302.1934814453125,2217000,0.0,0.0
2021-08-16 00:00:00-04:00,301.6370857750505,306.12457799077174,299.13796965910683,305.5955505371094,3496300,0.0,0.0
2021-08-17 00:00:00-04:00,292.7807567712393,295.14306545610646,288.7766701325902,292.552734375,9322800,0.0,0.0
2021-08-18 00:00:00-04:00,291.26660845401216,299.0375996625544,290.9565014164978,293.2823181152344,4880600,0.0,0.0
2021-08-19 00:00:00-04:00,290.7649976720851,296.60236446694313,289.8620102072304,294.513671875,2974700,0.0,0.0
2021-08-20 00:00:00-04:00,294.2765874055804,300.69767783217986,294.12151993392376,300.2963562011719,2929900,0.0,0.0
2021-08-23 00:00:00-04:00,300.9895232352246,301.47292953793925,298.59985329219165,298.9281921386719,2792700,0.0,0.0
2021-08-24 00:00:00-04:00,299.8585398985279,299.93149480806255,295.9821596919533,296.3378601074219,2359500,0.0,0.0
2021-08-25 00:00:00-04:00,295.65372478007953,297.85186321244925,294.70514416647796,295.407470703125,2586900,0.0,0.0
2021-08-26 00:00:00-04:00,294.7964640466624,296.41998237844956,292.7807538775635,293.21856689453125,2952300,0.0,0.0
2021-08-27 00:00:00-04:00,292.6712838136838,295.56259194714534,291.5494037058688,294.9515075683594,2985400,0.0,0.0
2021-08-30 00:00:00-04:00,297.25903287187487,300.5334301822481,296.62055921558186,298.34442138671875,2926900,0.0,0.0
2021-08-31 00:00:00-04:00,298.25323003750094,299.4115735403749,295.1703634508301,297.50531005859375,4183100,0.0,0.0
2021-09-01 00:00:00-04:00,298.4495527846246,298.651233784819,293.60923675623746,296.689453125,3339100,1.65,0.0
2021-09-02 00:00:00-04:00,297.9636462717118,300.85132947220137,296.74441220084753,300.4479675292969,3109000,0.0,0.0
2021-09-03 00:00:00-04:00,298.23870246286066,303.34487719512634,298.0828745814532,302.8315124511719,2774800,0.0,0.0
2021-09-07 00:00:00-04:00,303.4640301512835,304.86662084519077,299.67794450676655,301.5572509765625,2555200,0.0,0.0
2021-09-08 00:00:00-04:00,301.5572634459437,304.28909114599264,300.3471774704202,303.9682312011719,2219500,0.0,0.0
2021-09-09 00:00:00-04:00,304.765820992692,305.9392301204351,303.31737705258814,304.1424255371094,3011900,0.0,0.0
2021-09-10 00:00:00-04:00,306.18677400665496,307.3143581261057,303.8491316830458,304.3074951171875,3178600,0.0,0.0
2021-09-13 00:00:00-04:00,307.05768879244107,309.07447120274185,305.04087840585527,307.51605224609375,3908700,0.0,0.0
2021-09-14 00:00:00-04:00,308.0477138177057,309.3861271485512,304.73834340880177,305.3800354003906,2857200,0.0,0.0
2021-09-15 00:00:00-04:00,305.6000156746299,306.8009534542201,302.61150549620686,305.60919189453125,2875500,0.0,0.0
2021-09-16 00:00:00-04:00,306.846770126061,309.7069530282677,306.34258161845537,308.3777160644531,3043800,0.0,0.0
2021-09-17 00:00:00-04:00,307.0576375027057,311.3662364615779,307.0576375027057,307.7176818847656,7098400,0.0,0.0
2021-09-20 00:00:00-04:00,304.1974249463184,307.4609979123868,301.08055959358904,303.6290588378906,4036600,0.0,0.0
2021-09-21 00:00:00-04:00,305.2974902113069,308.90939562882727,304.35326283421574,306.3883972167969,3171100,0.0,0.0
2021-09-22 00:00:00-04:00,307.8826983362096,310.7703821324495,305.6917078772212,307.9560241699219,2872800,0.0,0.0
2021-09-23 00:00:00-04:00,309.70695900232005,311.2470532137881,307.65350005369595,307.93768310546875,2426600,0.0,0.0
2021-09-24 00:00:00-04:00,308.7352097722586,309.7069378137002,307.60762588585607,309.3860778808594,2004900,0.0,0.0
2021-09-27 00:00:00-04:00,308.81775822985065,315.115666983647,308.81775822985065,312.9797058105469,2966100,0.0,0.0
2021-09-28 00:00:00-04:00,312.9430158782341,312.9430158782341,304.77497692522235,306.0033874511719,3304100,0.0,0.0
2021-09-29 00:00:00-04:00,305.599990245126,310.66033938428217,305.599990245126,308.8727111816406,2424000,0.0,0.0
2021-09-30 00:00:00-04:00,310.0736590696017,310.5045217779693,300.34720130109775,300.92474365234375,4255000,0.0,0.0
2021-10-01 00:00:00-04:00,300.82385418652325,305.0224780440071,297.5511332274475,302.3914489746094,2814200,0.0,0.0
2021-10-04 00:00:00-04:00,301.14467572631264,303.07895534422306,297.16608580294144,299.2837219238281,2919900,0.0,0.0
2021-10-05 00:00:00-04:00,299.6780113568738,304.52750438349364,299.1554703211746,302.0431823730469,2514300,0.0,0.0
2021-10-06 00:00:00-04:00,300.83304101841094,303.1156815777536,298.30286634213195,302.8498229980469,2226800,0.0,0.0
2021-10-07 00:00:00-04:00,305.7283404371913,310.9720180399028,305.14162194746933,309.3769226074219,2789500,0.0,0.0
2021-10-08 00:00:00-04:00,305.2700026187394,307.4793174062568,303.32654641761167,306.4984130859375,2912200,0.0,0.0
2021-10-11 00:00:00-04:00,307.65354301064787,312.47550732052025,306.7368161411145,308.9094543457031,2589100,0.0,0.0
2021-10-12 00:00:00-04:00,310.89872656246644,312.6496500535173,309.30360297749144,309.6702880859375,2960300,0.0,0.0
2021-10-13 00:00:00-04:00,309.2302407753267,311.9070669307927,308.5243433489067,310.11029052734375,2477400,0.0,0.0
2021-10-14 00:00:00-04:00,312.1729428698151,315.69317005010987,311.778757102064,315.3998107910156,2824300,0.0,0.0
2021-10-15 00:00:00-04:00,317.6824965544132,321.7252648889428,316.9582745867856,321.230224609375,3473500,0.0,0.0
2021-10-18 00:00:00-04:00,319.93760732428734,326.3088688612276,319.93760732428734,325.4471435546875,3487500,0.0,0.0
2021-10-19 00:00:00-04:00,327.2164641698545,328.27069438796036,324.9063227198612,328.17901611328125,2375600,0.0,0.0
2021-10-20 00:00:00-04:00,327.9498327008669,329.62745839225465,326.5472418320792,328.3990478515625,2574800,0.0,0.0
2021-10-21 00:00:00-04:00,328.37152701241416,334.4677541927463,328.2981732070439,334.25689697265625,2885400,0.0,0.0
2021-10-22 00:00:00-04:00,334.6052972793585,336.4662516492856,331.9926201847974,335.5128479003906,2734700,0.0,0.0
2021-10-25 00:00:00-04:00,336.62205545883603,340.71064870782203,335.512796008822,340.3439636230469,2923400,0.0,0.0
2021-10-26 00:00:00-04:00,342.29656157901746,342.90157652115573,338.3454441604873,338.4554748535156,2989500,0.0,0.0
2021-10-27 00:00:00-04:00,339.06974297346403,343.9100594431176,338.55637819458275,341.31573486328125,2840300,0.0,0.0
2021-10-28 00:00:00-04:00,341.9390863994778,342.8008118043779,340.00480633666393,340.628173828125,2553500,0.0,0.0
2021-10-29 00:00:00-04:00,339.49134769049135,343.9099765936567,339.2163409024418,340.783935546875,3820200,0.0,0.0
2021-11-01 00:00:00-04:00,341.93911565144174,342.46165667116884,334.33029397357177,335.9620666503906,3380500,0.0,0.0
2021-11-02 00:00:00-04:00,335.7053001478237,338.17129699896566,334.550215651761,336.70452880859375,2367100,0.0,0.0
2021-11-03 00:00:00-04:00,336.0995222534776,338.6021682974136,334.83443490207816,338.2446594238281,2378800,0.0,0.0
2021-11-04 00:00:00-04:00,339.9039659890699,342.1499578673623,338.64805473374116,341.1873779296875,3210000,0.0,0.0
2021-11-05 00:00:00-04:00,342.68163264839393,343.2316743072436,336.9612665394311,337.7221374511719,3090200,0.0,0.0
2021-11-08 00:00:00-05:00,339.390600964704,341.85659832350456,337.21796289962504,337.8963317871094,2357200,0.0,0.0
2021-11-09 00:00:00-05:00,338.8863852239174,342.7457969538707,338.0063074133524,339.7847595214844,2183300,0.0,0.0
2021-11-10 00:00:00-05:00,337.58460797644966,340.2981111807299,337.0987439434913,337.8871154785156,2161400,0.0,0.0
2021-11-11 00:00:00-05:00,340.105661395426,341.0223882455485,335.3661712707284,337.01629638671875,2387300,0.0,0.0
2021-11-12 00:00:00-05:00,338.38219450596904,342.3974623966245,336.1637312998627,341.59991455078125,2793300,0.0,0.0
2021-11-15 00:00:00-05:00,343.2133771931766,343.6533881742951,338.5380646848099,340.1789855957031,3650600,0.0,0.0
2021-11-16 00:00:00-05:00,350.18967772618095,361.5387612868109,347.43949701105385,359.6594543457031,8648200,0.0,0.0
2021-11-17 00:00:00-05:00,360.1177072548837,366.16810856616206,358.2659295465907,361.9695129394531,4647000,0.0,0.0
2021-11-18 00:00:00-05:00,364.85721781504674,372.6860714779033,363.10626650305227,372.05352783203125,4503700,0.0,0.0
2021-11-19 00:00:00-05:00,373.6853153770635,375.94963148256096,370.45841943488,374.65704345703125,3542000,0.0,0.0
2021-11-22 00:00:00-05:00,375.6746238045839,381.8717057988847,374.6662467261296,374.7487487792969,4006400,0.0,0.0
2021-11-23 00:00:00-05:00,371.8885629902513,375.56461833280997,369.45006641247335,374.36370849609375,3557000,0.0,0.0
2021-11-24 00:00:00-05:00,370.045942197588,378.3789854243403,369.33089641504995,377.7922668457031,2676300,0.0,0.0
2021-11-26 00:00:00-05:00,373.3461655246322,379.65325038490863,368.7533553041701,369.1658935546875,3007800,0.0,0.0
2021-11-29 00:00:00-05:00,373.0161358943212,376.60054110260376,372.2277642610516,372.94281005859375,3725500,0.0,0.0
2021-11-30 00:00:00-05:00,369.9817643717764,374.4187187088371,366.91990022920373,367.2499084472656,7773500,0.0,0.0
2021-12-01 00:00:00-05:00,370.12193804819685,377.6425839513456,368.4097877148008,368.5939025878906,3516200,1.65,0.0
2021-12-02 00:00:00-05:00,369.87336973369156,378.0567889989625,369.12775233170186,375.3596496582031,3705000,0.0,0.0
2021-12-03 00:00:00-05:00,377.2743491660627,382.87108685748666,372.3035570409985,375.396484375,5237500,0.0,0.0
2021-12-06 00:00:00-05:00,380.65270317626505,387.17917431001877,378.5355224016326,382.6594543457031,4624500,0.0,0.0
2021-12-07 00:00:00-05:00,383.8560889894881,385.29209513259354,380.1924164442912,383.10125732421875,4204500,0.0,0.0
2021-12-08 00:00:00-05:00,383.1012274592798,386.4795413467818,375.82913987235503,378.5630798339844,4079400,0.0,0.0
2021-12-09 00:00:00-05:00,378.1488169108989,382.2451336132645,375.8383356272476,378.6459045410156,3822900,0.0,0.0
2021-12-10 00:00:00-05:00,379.4283540233546,382.5765101617924,377.6517608505182,382.3832092285156,2625200,0.0,0.0
2021-12-13 00:00:00-05:00,382.38319810082623,383.39577358944683,372.35877099343696,373.0307312011719,3766400,0.0,0.0
2021-12-14 00:00:00-05:00,371.3830695957801,373.43580715078116,366.43986339004107,370.232421875,4662800,0.0,0.0
2021-12-15 00:00:00-05:00,368.7779569840334,375.5069420523596,367.64573769911425,375.396484375,4421400,0.0,0.0
2021-12-16 00:00:00-05:00,375.93958826018337,376.3722328929786,366.47666326958307,367.77459716796875,4632800,0.0,0.0
2021-12-17 00:00:00-05:00,365.4180882745743,366.3478205882464,356.627151247542,357.14263916015625,11097500,0.0,0.0
2021-12-20 00:00:00-05:00,353.7459337243409,359.158585032789,350.62536365880266,358.44976806640625,4294800,0.0,0.0
2021-12-21 00:00:00-05:00,360.5025579329142,362.46326625222,352.7793965199847,359.43475341796875,3038200,0.0,0.0
2021-12-22 00:00:00-05:00,359.9225994058159,364.3134609018209,357.9526770655802,364.1938171386719,3267800,0.0,0.0
2021-12-23 00:00:00-05:00,366.63313443988045,368.0599261511658,363.25482090557307,365.5101013183594,2743900,0.0,0.0
2021-12-27 00:00:00-05:00,367.32353251049875,372.30353855878207,366.5594867933857,371.9721374511719,2228300,0.0,0.0
2021-12-28 00:00:00-05:00,372.80064438438285,374.66929514432735,370.96882221696507,373.9328918457031,2521400,0.0,0.0
2021-12-29 00:00:00-05:00,374.08019609644134,379.59409120586463,374.01575307941965,378.1856994628906,2209300,0.0,0.0
2021-12-30 00:00:00-05:00,379.11533994942795,380.57896018306764,375.9395416458834,377.3571472167969,1804400,0.0,0.0
2021-12-31 00:00:00-05:00,377.4032422006479,383.4234390046296,377.31121285560914,382.0242614746094,2386100,0.0,0.0
2022-01-03 00:00:00-05:00,383.4602552179152,384.6293031636246,371.20816080153577,376.1605529785156,3715700,0.0,0.0
2022-01-04 00:00:00-05:00,376.1605133680582,380.73546115607667,375.7462690044356,380.02667236328125,3266500,0.0,0.0
2022-01-05 00:00:00-05:00,381.09453824963805,381.2970533791506,374.47601008436874,374.871826171875,4443200,0.0,0.0
2022-01-06 00:00:00-05:00,376.08683862381247,376.55631180172355,370.9871609459709,373.5093994140625,3315100,0.0,0.0
2022-01-07 00:00:00-05:00,371.30018620863257,371.97217456891013,361.65317400905064,362.32513427734375,4520700,0.0,0.0
2022-01-10 00:00:00-05:00,356.60871159023014,356.7836122791728,350.6345580224011,356.6639404296875,6440000,0.0,0.0
2022-01-11 00:00:00-05:00,357.22548737753834,360.69583071095593,353.77354429411787,355.936767578125,4385400,0.0,0.0
2022-01-12 00:00:00-05:00,357.4280063867426,362.17788349227897,355.6698133194076,358.44976806640625,3623300,0.0,0.0
2022-01-13 00:00:00-05:00,361.3125709383894,362.96949229314316,355.19110305714304,356.22210693359375,3466300,0.0,0.0
2022-01-14 00:00:00-05:00,351.021129639296,351.6471032524902,341.9724497231104,342.4327087402344,6336200,0.0,0.0
2022-01-18 00:00:00-05:00,337.0017319186962,338.83355421944765,331.41417948242963,337.57244873046875,6435200,0.0,0.0
2022-01-19 00:00:00-05:00,337.9958063673916,339.3950117636744,330.8433913270091,331.10113525390625,5175100,0.0,0.0
2022-01-20 00:00:00-05:00,332.6108275783234,333.08951501937077,321.2792508268541,321.79473876953125,5440600,0.0,0.0
2022-01-21 00:00:00-05:00,323.7646276863502,331.46935969888176,319.58546764103585,321.3528747558594,7718400,0.0,0.0
2022-01-24 00:00:00-05:00,316.45570094167823,335.41837879972314,316.2992005093255,334.8936767578125,8584300,0.0,0.0
2022-01-25 00:00:00-05:00,329.67439992298455,332.78572782558587,324.1973054245857,330.4476318359375,5536700,0.0,0.0
2022-01-26 00:00:00-05:00,331.38653141944746,336.8175828437582,326.2776669635247,328.8827209472656,6103300,0.0,0.0
2022-01-27 00:00:00-05:00,331.7823225386862,335.179036477763,325.78055481169054,328.1002502441406,3941000,0.0,0.0
2022-01-28 00:00:00-05:00,331.54301203917777,337.5723942773979,324.79559872417934,337.4067077636719,4551300,0.0,0.0
2022-01-31 00:00:00-05:00,335.81426112919496,338.2076142018263,333.4209080565636,337.8117980957031,4084600,0.0,0.0
2022-02-01 00:00:00-05:00,340.1038083234437,341.2268414789082,333.56812448728044,339.39501953125,3406800,0.0,0.0
2022-02-02 00:00:00-05:00,339.10055084860164,344.8906190774784,338.52983397207464,344.02532958984375,3839300,0.0,0.0
2022-02-03 00:00:00-05:00,340.7666009038524,342.543194111551,334.3321883135337,335.814208984375,4009700,0.0,0.0
2022-02-04 00:00:00-05:00,334.60836654387066,335.68538520106074,326.09357317239665,331.0827941894531,3728100,0.0,0.0
2022-02-07 00:00:00-05:00,331.6258545552052,333.04343218100485,327.18895063990163,328.9471435546875,2809300,0.0,0.0
2022-02-08 00:00:00-05:00,328.94718113820664,334.12970304771807,326.5998428962081,332.71209716796875,3225100,0.0,0.0
2022-02-09 00:00:00-05:00,336.2744995557051,338.25360805648506,334.1481047726923,335.4092102050781,2777500,0.0,0.0
2022-02-10 00:00:00-05:00,330.3187647188278,334.148124001286,324.8232696549619,326.8668212890625,4291800,0.0,0.0
2022-02-11 00:00:00-05:00,326.49863917304407,328.93800705785486,320.85585748033753,322.4483642578125,3308700,0.0,0.0
2022-02-14 00:00:00-05:00,320.3403281169189,324.8600757725953,319.2633094808797,323.61737060546875,3654300,0.0,0.0
2022-02-15 00:00:00-05:00,327.2994007705695,329.0115789783926,323.4516420029845,325.1822204589844,3552500,0.0,0.0
2022-02-16 00:00:00-05:00,323.5621246158716,324.8140157959513,318.2415309165645,322.2641906738281,3594900,0.0,0.0
2022-02-17 00:00:00-05:00,321.2516280592587,324.3077551343007,319.77882145671884,320.28509521484375,3927000,0.0,0.0
2022-02-18 00:00:00-05:00,320.6993153585807,322.73365250026677,316.75028483132166,319.30010986328125,5526100,0.0,0.0
2022-02-22 00:00:00-05:00,308.45640901594965,309.9292436051278,287.5238362581519,291.04022216796875,19752800,0.0,0.0
2022-02-23 00:00:00-05:00,293.9398658022201,294.93401305525344,282.69113275534465,283.933837890625,11026000,0.0,0.0
2022-02-24 00:00:00-05:00,276.15545727266135,288.5272240058355,275.5018972228721,288.3431091308594,8416700,0.0,0.0
2022-02-25 00:00:00-05:00,288.2878264963433,292.20924224737,283.12373389304423,291.4820251464844,6510600,0.0,0.0
2022-02-28 00:00:00-05:00,288.09459571276375,290.9573939651087,285.80251427651416,290.7272644042969,5735100,0.0,0.0
2022-03-01 00:00:00-05:00,289.5857930067232,296.80265172157993,288.82177532493927,294.7959289550781,5640900,0.0,0.0
2022-03-02 00:00:00-05:00,295.54156906535286,304.86642286362064,294.2712494631426,301.35003662109375,5645600,0.0,0.0
2022-03-03 00:00:00-05:00,303.0254344978811,304.3969978346184,297.1709232494637,298.5793151855469,3858400,0.0,0.0
2022-03-04 00:00:00-05:00,296.60010381807484,300.69642025021494,294.1147220154117,298.4871826171875,3630900,0.0,0.0
2022-03-07 00:00:00-05:00,298.4871609231445,303.40272342926124,294.6669889382901,297.1155700683594,4670000,0.0,0.0
2022-03-08 00:00:00-05:00,294.33561790437864,302.3809358906585,290.8376608908601,291.5648498535156,5092500,0.0,0.0
2022-03-09 00:00:00-05:00,296.34345166110097,298.6215840325218,293.491158373929,293.7504577636719,4443600,1.9,0.0
2022-03-10 00:00:00-05:00,291.12040210857083,294.7321107501315,285.92514422756665,294.4357604980469,3895200,0.0,0.0
2022-03-11 00:00:00-05:00,295.6766406894773,298.0010933906652,292.8521288246038,293.3707275390625,2973300,0.0,0.0
2022-03-14 00:00:00-04:00,299.0382959502529,300.0477123318399,292.83359429804574,294.82464599609375,3604200,0.0,0.0
2022-03-15 00:00:00-04:00,296.66756372779827,305.77085110819144,296.64902417590264,304.2521057128906,3775300,0.0,0.0
2022-03-16 00:00:00-04:00,307.06741381750055,309.2622315743619,300.260796753163,306.44696044921875,3942400,0.0,0.0
2022-03-17 00:00:00-04:00,304.80776623377307,311.4939880371094,303.6038540393714,311.4939880371094,3123200,0.0,0.0
2022-03-18 00:00:00-04:00,308.96580405840876,315.5501708984375,307.743380660269,315.5501708984375,9409600,0.0,0.0
2022-03-21 00:00:00-04:00,313.0497570903585,315.5038451409306,302.8999756162255,305.02069091796875,4521200,0.0,0.0
2022-03-22 00:00:00-04:00,304.97446305335126,306.80807008263406,300.0570161377971,305.3541564941406,4852800,0.0,0.0
2022-03-23 00:00:00-04:00,302.73336981816624,303.92801234245485,292.5002706946639,293.6115417480469,5207700,0.0,0.0
2022-03-24 00:00:00-04:00,293.7041100506627,295.78777475295396,291.0647957754582,292.4353942871094,4599900,0.0,0.0
2022-03-25 00:00:00-04:00,294.9357586593143,295.23208056010697,285.50831341901704,287.7123718261719,5176500,0.0,0.0
2022-03-28 00:00:00-04:00,288.00877608566907,291.11112707522875,286.36963663385967,291.0462951660156,3936600,0.0,0.0
2022-03-29 00:00:00-04:00,293.4818700075361,297.26950611777994,289.7868468723728,294.22271728515625,5306100,0.0,0.0
2022-03-30 00:00:00-04:00,289.9627902625172,291.9353308648223,283.47103580708597,285.65655517578125,7223800,0.0,0.0
2022-03-31 00:00:00-04:00,283.572896373847,285.1935246436696,276.7940613182542,277.2015075683594,11044600,0.0,0.0
2022-04-01 00:00:00-04:00,278.28501024834185,280.9428359408517,276.80328740336927,279.572265625,5554600,0.0,0.0
2022-04-04 00:00:00-04:00,279.2018650740454,283.822990636524,277.42381994223456,282.989501953125,4659500,0.0,0.0
2022-04-05 00:00:00-04:00,283.6192181012173,286.2492628836859,279.8686042766701,282.32269287109375,4376100,0.0,0.0
2022-04-06 00:00:00-04:00,276.0531654103605,278.4331803913873,273.1823327484791,276.46990966796875,6499900,0.0,0.0
2022-04-07 00:00:00-04:00,274.849294078091,282.0726542889881,271.8858483055873,280.3686828613281,5241000,0.0,0.0
2022-04-08 00:00:00-04:00,279.174025290327,289.20341410023565,279.00733889330934,288.1106262207031,5741900,0.0,0.0
2022-04-11 00:00:00-04:00,285.0545823873007,290.94442248974696,283.31356029248,284.045166015625,4100600,0.0,0.0
2022-04-12 00:00:00-04:00,286.5641284597566,290.12951636989794,282.5449736695751,283.6470031738281,4122600,0.0,0.0
2022-04-13 00:00:00-04:00,283.48027785462216,288.65705235409865,283.1191239718178,287.4716796875,3185300,0.0,0.0
2022-04-14 00:00:00-04:00,287.85136352573534,289.1664001021796,281.8318868222472,282.0078430175781,4569200,0.0,0.0
2022-04-18 00:00:00-04:00,280.60023211698433,283.6470214284429,276.63663920962097,278.0164794921875,3192400,0.0,0.0
2022-04-19 00:00:00-04:00,278.3868202544581,285.3509080345356,277.6459730811132,285.0452880859375,3389700,0.0,0.0
2022-04-20 00:00:00-04:00,288.00884626245386,292.73182656407766,286.85125443664015,291.8428039550781,4720800,0.0,0.0
2022-04-21 00:00:00-04:00,293.5652165277138,294.8617134089722,286.8419157742784,287.41607666015625,3014200,0.0,0.0
2022-04-22 00:00:00-04:00,286.9159881815903,286.9159881815903,277.61820590504624,277.9237976074219,4043200,0.0,0.0
2022-04-25 00:00:00-04:00,277.8219852658164,282.6005268037701,274.3677217415331,282.39678955078125,4396900,0.0,0.0
2022-04-26 00:00:00-04:00,279.90565842368505,284.8231054472296,277.56269407585967,277.7849426269531,3415200,0.0,0.0
2022-04-27 00:00:00-04:00,279.0258719925758,283.7673909943836,277.00703899575785,279.3037109375,3446200,0.0,0.0
2022-04-28 00:00:00-04:00,282.2208630358294,291.28712935470054,280.6095043955694,288.712646484375,4149500,0.0,0.0
2022-04-29 00:00:00-04:00,285.3694813963679,288.675569856119,277.5534204929325,278.1924133300781,4878200,0.0,0.0
2022-05-02 00:00:00-04:00,279.6648479833967,285.96216295608,277.73862808422484,284.2767028808594,4233900,0.0,0.0
2022-05-03 00:00:00-04:00,283.0913880137873,286.1566887946467,280.6187595299112,282.41534423828125,3336600,0.0,0.0
2022-05-04 00:00:00-04:00,281.6003987348824,292.40768819689515,280.5354199329456,292.0002136230469,4021300,0.0,0.0
2022-05-05 00:00:00-04:00,288.00876562915124,288.3421384161226,271.9969520640695,276.99774169921875,4959600,0.0,0.0
2022-05-06 00:00:00-04:00,274.3955197278027,274.81226403600186,268.0148891021124,272.5526428222656,4325300,0.0,0.0
2022-05-09 00:00:00-04:00,268.8205686604555,278.5072879072593,267.1721592416952,275.0715637207031,5243600,0.0,0.0
2022-05-10 00:00:00-04:00,276.3958216474252,278.812887590324,266.39424158549906,269.635498046875,4392900,0.0,0.0
2022-05-11 00:00:00-04:00,269.9040997984678,271.6450940254035,261.68056360455273,262.0417175292969,3880500,0.0,0.0
2022-05-12 00:00:00-04:00,260.75440010882056,271.506094845018,259.8838891654179,268.27410888671875,4447700,0.0,0.0
2022-05-13 00:00:00-04:00,268.5149640777693,277.2848793408799,267.1258541306759,274.1454772949219,3949100,0.0,0.0
2022-05-16 00:00:00-04:00,272.33962554823086,277.42378721889094,268.36679141152285,274.1084289550781,4267900,0.0,0.0
2022-05-17 00:00:00-04:00,283.8414157843661,287.9531827633377,269.39466923080454,278.70172119140625,12425900,0.0,0.0
2022-05-18 00:00:00-04:00,271.3394643511061,273.59908535952434,260.3932716685816,264.0975646972656,7799500,0.0,0.0
2022-05-19 00:00:00-04:00,264.39394261728313,270.876456096516,263.89385509280356,266.48687744140625,5211500,0.0,0.0
2022-05-20 00:00:00-04:00,268.3945615942203,269.0242846343533,258.9208218785628,265.958984375,5621800,0.0,0.0
2022-05-23 00:00:00-04:00,267.718547884135,268.8761395998443,259.5968945808646,264.884765625,4305600,0.0,0.0
2022-05-24 00:00:00-04:00,263.00485056912544,267.93156793297334,259.9024989682072,266.63507080078125,4241900,0.0,0.0
2022-05-25 00:00:00-04:00,264.6810023783079,273.6453849622838,264.54209703835744,271.8673400878906,4612900,0.0,0.0
2022-05-26 00:00:00-04:00,275.34009200341023,283.0357580735252,275.0437417951443,280.4242248535156,4170800,0.0,0.0
2022-05-27 00:00:00-04:00,281.10029047834274,285.69360602009357,279.3037060596292,285.65655517578125,3899300,0.0,0.0
2022-05-31 00:00:00-04:00,283.93407060782107,285.11017348812345,278.5906097455232,280.3686828613281,5966600,0.0,0.0
2022-06-01 00:00:00-04:00,281.1980882408167,282.3536906671219,276.8087443166991,276.9578552246094,3080800,1.9,0.0
2022-06-02 00:00:00-04:00,278.46762957586486,285.1961080133034,275.7464330762939,285.0469970703125,4086400,0.0,0.0
2022-06-03 00:00:00-04:00,282.67980591740803,287.4605689438928,281.34716466877614,284.3106689453125,2956600,0.0,0.0
2022-06-06 00:00:00-04:00,284.75798394032387,286.6684119927266,282.60524715230207,283.2016906738281,2562000,0.0,0.0
2022-06-07 00:00:00-04:00,274.97285611168365,281.7945308129422,272.68033634617785,281.2260437011719,3547800,0.0,0.0
2022-06-08 00:00:00-04:00,279.37154349414027,280.1170696313349,275.5506580510195,277.27471923828125,3003100,0.0,0.0
2022-06-09 00:00:00-04:00,277.4890622843938,285.98818510178825,277.1069709087875,279.4460754394531,4168400,0.0,0.0
2022-06-10 00:00:00-04:00,271.65522479018375,276.3148341347838,268.9899418962718,269.549072265625,4623900,0.0,0.0
2022-06-13 00:00:00-04:00,265.00128476632943,267.29383300408983,262.13097796945596,263.88299560546875,4704600,0.0,0.0
2022-06-14 00:00:00-04:00,263.92963610353564,266.8838415188413,257.76031667624557,259.69873046875,3987000,0.0,0.0
2022-06-15 00:00:00-04:00,261.87002335647963,264.28369738315797,256.71649698816725,260.6864929199219,4050400,0.0,0.0
2022-06-16 00:00:00-04:00,256.203933693295,257.31289438359954,251.36725765510033,254.8433074951172,6181000,0.0,0.0
2022-06-17 00:00:00-04:00,252.55080297873556,257.7881988443528,251.98234434278584,252.2991943359375,10775600,0.0,0.0
2022-06-21 00:00:00-04:00,255.05770272704598,255.2720549987823,249.21456275231,250.87338256835938,5498400,0.0,0.0
2022-06-22 00:00:00-04:00,248.254691145491,253.26840712945742,246.50267340507165,250.66836547851562,4678400,0.0,0.0
2022-06-23 00:00:00-04:00,251.61889306360592,256.82833265904907,251.51639531392678,256.669921875,3747500,0.0,0.0
2022-06-24 00:00:00-04:00,258.58035996393056,264.16256281170115,255.2720487326805,263.73388671875,10310700,0.0,0.0
2022-06-27 00:00:00-04:00,265.0945295771228,265.5977754306132,262.32672004292994,263.4450378417969,2538600,0.0,0.0
2022-06-28 00:00:00-04:00,264.46078162502323,266.1568862187106,251.45116055387837,251.75868225097656,4052100,0.0,0.0
2022-06-29 00:00:00-04:00,253.09135460528236,257.35957312909267,250.5099410020181,255.2254638671875,2460500,0.0,0.0
2022-06-30 00:00:00-04:00,252.2992075032219,258.1796319806577,249.79233550304752,255.5981903076172,4058000,0.0,0.0
2022-07-01 00:00:00-04:00,256.95880376938896,261.6370408871924,255.85911444974943,260.0807189941406,2818300,0.0,0.0
2022-07-05 00:00:00-04:00,256.74451712412196,264.41424560546875,256.30651263607416,264.41424560546875,3241300,0.0,0.0
2022-07-06 00:00:00-04:00,265.5883660861432,266.4550749138582,261.4226747942025,264.27435302734375,2206100,0.0,0.0
2022-07-07 00:00:00-04:00,263.58479387507515,267.43363597603,262.28943718802265,267.1726989746094,3133900,0.0,0.0
2022-07-08 00:00:00-04:00,266.52037957725923,268.3842236884384,264.5819942152348,266.96771240234375,1891000,0.0,0.0
2022-07-11 00:00:00-04:00,265.76545107337995,269.87522960832865,265.728194678321,266.8930969238281,2453200,0.0,0.0
2022-07-12 00:00:00-04:00,269.2974691664975,273.64955689792225,264.1159857433873,265.7095642089844,2696100,0.0,0.0
2022-07-13 00:00:00-04:00,262.457178151621,270.0616645264136,260.7144886898978,267.62933349609375,2941600,0.0,0.0
2022-07-14 00:00:00-04:00,262.66216764031464,270.5275899860396,262.47577190245516,269.7727355957031,2822200,0.0,0.0
2022-07-15 00:00:00-04:00,274.73993361816133,275.3363773734021,271.14272820437753,272.5033264160156,2647200,0.0,0.0
2022-07-18 00:00:00-04:00,277.0138152316514,278.1693894139027,272.121224718729,273.0997314453125,2664000,0.0,0.0
2022-07-19 00:00:00-04:00,275.32696905294205,279.58585835272953,273.3419711392995,279.4180908203125,2614900,0.0,0.0
2022-07-20 00:00:00-04:00,280.443211908823,283.01532509930024,277.9736249020219,281.7199401855469,2533400,0.0,0.0
2022-07-21 00:00:00-04:00,282.23251886558944,284.46912546626857,278.5234599151328,284.23614501953125,1965000,0.0,0.0
2022-07-22 00:00:00-04:00,286.71505863937404,289.52015230180564,283.63969969717436,285.7178955078125,2391500,0.0,0.0
2022-07-25 00:00:00-04:00,285.913635409367,286.5007507729182,283.1458261526257,285.3078918457031,1910500,0.0,0.0
2022-07-26 00:00:00-04:00,276.7807712438395,280.1729802059049,275.7649799069563,277.88043212890625,2690200,0.0,0.0
2022-07-27 00:00:00-04:00,277.9084038343035,279.86544538553613,271.9254815502465,278.5607604980469,3233700,0.0,0.0
2022-07-28 00:00:00-04:00,274.9169477411309,280.73213102644905,273.2115432568783,279.23175048828125,3992100,0.0,0.0
2022-07-29 00:00:00-04:00,279.5765364100644,280.9185060600324,277.18149058921915,280.4525451660156,3236000,0.0,0.0
2022-08-01 00:00:00-04:00,280.17298752734587,287.45129461208734,279.58587223472324,285.0003356933594,3303900,0.0,0.0
2022-08-02 00:00:00-04:00,284.60893610167955,284.80463173303076,279.5858919636735,280.23822021484375,3091000,0.0,0.0
2022-08-03 00:00:00-04:00,282.69845459274467,287.0971261731675,279.893361162943,285.5128479003906,3329400,0.0,0.0
2022-08-04 00:00:00-04:00,283.807494300233,288.86782322957555,283.71429642521775,286.2584533691406,2718400,0.0,0.0
2022-08-05 00:00:00-04:00,284.59038204246286,288.69083368947076,283.7702860250601,288.6069641113281,2029100,0.0,0.0
2022-08-08 00:00:00-04:00,290.62916325068005,294.30093797824145,289.3058500191228,290.731689453125,2505100,0.0,0.0
2022-08-09 00:00:00-04:00,287.8613790881347,288.8585139404945,282.6612387836773,284.431884765625,2607000,0.0,0.0
2022-08-10 00:00:00-04:00,288.42983997908686,291.67293856361704,288.0104637307423,290.36822509765625,3863400,0.0,0.0
2022-08-11 00:00:00-04:00,292.47433583925505,293.2012337094828,288.5043398495518,289.5387878417969,2444100,0.0,0.0
2022-08-12 00:00:00-04:00,291.32807176894147,293.4901372560511,289.06350853097626,293.452880859375,2273800,0.0,0.0
2022-08-15 00:00:00-04:00,290.79687719574383,294.26362731919505,289.0355313985086,293.19189453125,3917300,0.0,0.0
2022-08-16 00:00:00-04:00,291.67289174167774,310.31132752053134,291.5796938747843,305.0925598144531,10089800,0.0,0.0
2022-08-17 00:00:00-04:00,305.7542512448404,307.0682645301365,302.0079354637829,303.5828857421875,3162600,0.0,0.0
2022-08-18 00:00:00-04:00,302.83733202548876,305.61446952006247,300.28387512564535,303.0703125,2899600,0.0,0.0
2022-08-19 00:00:00-04:00,302.84666925201225,304.10476953937365,298.00066386365734,299.4451599121094,3489100,0.0,0.0
2022-08-22 00:00:00-04:00,296.4350896564804,297.97275539343565,290.4894222629157,290.95538330078125,3144200,0.0,0.0
2022-08-23 00:00:00-04:00,290.02341719897606,290.3123107233978,284.8326336395281,286.0068359375,3317500,0.0,0.0
2022-08-24 00:00:00-04:00,284.28275132221,288.8771476951799,282.8848685356264,287.1344299316406,2495600,0.0,0.0
2022-08-25 00:00:00-04:00,287.628419607695,288.8585350327649,285.0096926240172,288.6907958984375,2529700,0.0,0.0
2022-08-26 00:00:00-04:00,289.17533766943336,290.302983580795,277.7313385289865,277.805908203125,3315500,0.0,0.0
2022-08-29 00:00:00-04:00,276.3801057368668,279.3063259367074,274.25532478080373,276.1471252441406,2711800,0.0,0.0
2022-08-30 00:00:00-04:00,278.2345555463431,279.483327279179,271.81362947437395,273.1462707519531,2892400,0.0,0.0
2022-08-31 00:00:00-04:00,273.9060600670349,274.3375331087504,270.40730119198156,270.53863525390625,4376200,1.9,0.0
2022-09-01 00:00:00-04:00,270.5198595677143,275.3787046470145,268.9440225623562,275.1817321777344,3742500,0.0,0.0
2022-09-02 00:00:00-04:00,277.75189989592235,278.3991238954976,272.133274215399,273.80291748046875,2753600,0.0,0.0
2022-09-06 00:00:00-04:00,275.04107549359384,276.24171746693355,269.45058898887726,271.5892333984375,4110000,0.0,0.0
2022-09-07 00:00:00-04:00,272.4334318607338,279.243338757738,272.3020977784312,279.027587890625,3016000,0.0,0.0
2022-09-08 00:00:00-04:00,277.64868151136403,281.5789134484783,276.27920616501166,281.306884765625,2703200,0.0,0.0
2022-09-09 00:00:00-04:00,280.9129974455105,283.7363654894506,279.83427167604816,281.18499755859375,2769200,0.0,0.0
2022-09-12 00:00:00-04:00,282.1510685883133,284.0552120326468,277.97697570323714,279.09320068359375,3632900,0.0,0.0
2022-09-13 00:00:00-04:00,273.9060952008004,275.84773845035284,260.12683739232557,260.6990051269531,4797200,0.0,0.0
2022-09-14 00:00:00-04:00,262.0778656290591,262.20919970572663,256.23412897971025,259.20758056640625,4194400,0.0,0.0
2022-09-15 00:00:00-04:00,260.66144356135874,260.7739992446062,253.76712170689783,254.7051239013672,3896100,0.0,0.0
2022-09-16 00:00:00-04:00,252.36954518400574,259.413952672835,252.22885054303342,258.86053466796875,9535100,0.0,0.0
2022-09-19 00:00:00-04:00,256.6186462703328,263.79438647585096,256.5530078674093,263.03460693359375,3047200,0.0,0.0
2022-09-20 00:00:00-04:00,259.71409751616727,261.49629627161914,254.54569536235252,257.172119140625,2940700,0.0,0.0
2022-09-21 00:00:00-04:00,258.88861943950684,262.76257328874505,254.67699852257127,254.7332763671875,3173500,0.0,0.0
2022-09-22 00:00:00-04:00,254.40502726423088,254.40502726423088,251.24396356756512,252.45399475097656,3515800,0.0,0.0
2022-09-23 00:00:00-04:00,251.2814838097505,254.4800468940585,249.80881312980898,254.1423797607422,3527900,0.0,0.0
2022-09-26 00:00:00-04:00,254.60195974392224,256.5999092412571,249.14277943793428,250.05264282226562,4181800,0.0,0.0
2022-09-27 00:00:00-04:00,252.66030591230592,256.7218722251253,250.42788430596104,252.0318603515625,3701000,0.0,0.0
2022-09-28 00:00:00-04:00,258.1570374976988,265.92369670076204,255.8026421691979,264.6949157714844,5816600,0.0,0.0
2022-09-29 00:00:00-04:00,261.2430809525316,261.4775815735078,257.69743270839365,261.07421875,4518600,0.0,0.0
2022-09-30 00:00:00-04:00,260.59578519002326,264.31965517073036,257.72550066969103,258.83233642578125,4789100,0.0,0.0
2022-10-03 00:00:00-04:00,263.57864939983534,268.3249388036097,262.2185345986162,266.11126708984375,3580000,0.0,0.0
2022-10-04 00:00:00-04:00,269.675718848325,273.2495060845829,268.79399420795835,271.6080017089844,3641300,0.0,0.0
2022-10-05 00:00:00-04:00,268.5031904740095,273.9998708688584,267.6777437712397,271.8800048828125,2728000,0.0,0.0
2022-10-06 00:00:00-04:00,271.6079471776659,274.8065384967117,269.92891502399857,272.3865051269531,2641500,0.0,0.0
2022-10-07 00:00:00-04:00,269.7038201672205,270.7356284988205,264.9106417991685,266.6928405761719,2406000,0.0,0.0
2022-10-10 00:00:00-04:00,265.9799283663577,267.19931989911265,262.8470041374651,264.9481201171875,2115400,0.0,0.0
2022-10-11 00:00:00-04:00,263.6724692246277,268.45628698761783,263.48485730232994,265.35150146484375,2771900,0.0,0.0
2022-10-12 00:00:00-04:00,266.78665016004584,266.9930118291673,263.1002790423044,263.12841796875,2258200,0.0,0.0
2022-10-13 00:00:00-04:00,257.6317332346642,267.17120126486844,252.06938607541107,265.2951965332031,3881600,0.0,0.0
2022-10-14 00:00:00-04:00,268.86901714033587,268.86901714033587,258.84176936345483,259.2919921875,2783100,0.0,0.0
2022-10-17 00:00:00-04:00,262.2654833426625,266.27074338591126,262.02159355236614,263.82257080078125,3426700,0.0,0.0
2022-10-18 00:00:00-04:00,270.09777275043103,271.8893319464075,265.67040076555116,267.3869323730469,3166500,0.0,0.0
2022-10-19 00:00:00-04:00,264.95754553724976,265.23893481389024,256.0934111907649,258.4102783203125,4323000,0.0,0.0
2022-10-20 00:00:00-04:00,257.8943833543322,260.7646684217351,251.26269948512666,252.75411987304688,3959500,0.0,0.0
2022-10-21 00:00:00-04:00,251.7035452875596,258.61661797543513,251.3846279260042,258.4477844238281,3429100,0.0,0.0
2022-10-24 00:00:00-04:00,259.79850473223286,266.8335221597668,259.79850473223286,265.69854736328125,2937100,0.0,0.0
2022-10-25 00:00:00-04:00,267.80910599403205,274.018678034866,267.80910599403205,272.2646179199219,2791600,0.0,0.0
2022-10-26 00:00:00-04:00,272.5834894621297,273.77474214504235,268.4281459091568,272.161376953125,2615000,0.0,0.0
2022-10-27 00:00:00-04:00,273.75601406339644,276.02596390657357,271.50481396355815,273.0149841308594,3041500,0.0,0.0
2022-10-28 00:00:00-04:00,272.0206847157563,280.6127897783971,272.0206847157563,280.1343994140625,3243100,0.0,0.0
2022-10-31 00:00:00-04:00,276.15732543802176,280.725393131816,274.41262586496083,277.77069091796875,4210900,0.0,0.0
2022-11-01 00:00:00-04:00,281.7478365254359,283.47375787524703,275.1630685752859,277.7050476074219,3309100,0.0,0.0
2022-11-02 00:00:00-04:00,276.89828259297013,281.5601550373808,270.6324056504408,270.82940673828125,4426400,0.0,0.0
2022-11-03 00:00:00-04:00,265.9893402426403,268.2217904743383,263.1190552663316,264.04766845703125,4823900,0.0,0.0
2022-11-04 00:00:00-04:00,268.1655368621468,270.93262694208016,260.2956824873927,266.42083740234375,4401600,0.0,0.0
2022-11-07 00:00:00-05:00,268.7376974267226,273.6153215353035,265.30460508212,272.2739562988281,3260200,0.0,0.0
2022-11-08 00:00:00-05:00,274.3000293161599,275.1536149176586,269.7976293390539,273.09002685546875,3371800,0.0,0.0
2022-11-09 00:00:00-05:00,271.0827039670404,274.36571249259276,268.51258645293086,268.9721984863281,3071400,0.0,0.0
2022-11-10 00:00:00-05:00,279.28083179732596,295.2268729616895,278.66174676411265,292.3753662109375,7794000,0.0,0.0
2022-11-11 00:00:00-05:00,292.656760291761,297.9846072628349,291.0058668427556,295.41448974609375,4945400,0.0,0.0
2022-11-14 00:00:00-05:00,294.87046676042655,296.39005493114416,287.3476966431351,287.8917541503906,6394800,0.0,0.0
2022-11-15 00:00:00-05:00,285.2089905819144,296.99968692254976,284.44921097290546,292.591064453125,9290400,0.0,0.0
2022-11-16 00:00:00-05:00,286.89741326092985,296.7933562025092,285.63113286427813,295.3863525390625,5249500,0.0,0.0
2022-11-17 00:00:00-05:00,292.65677935293405,294.2326166793144,287.16945901495365,292.1315002441406,3642100,0.0,0.0
2022-11-18 00:00:00-05:00,294.66405261193404,296.4087231280528,291.0245991529307,293.7635498046875,3559300,0.0,0.0
2022-11-21 00:00:00-05:00,297.30924494577874,299.0726941105689,294.72037768043134,297.1404113769531,4069000,0.0,0.0
2022-11-22 00:00:00-05:00,300.160763983998,306.55794713654166,299.57920708386877,304.73822021484375,6054700,0.0,0.0
2022-11-23 00:00:00-05:00,306.50166083588863,307.4959410491375,300.5734790404558,301.5771484375,4243400,0.0,0.0
2022-11-25 00:00:00-05:00,302.87158369095476,308.6777917324565,301.942941926181,306.14520263671875,3393500,0.0,0.0
2022-11-28 00:00:00-05:00,304.9070554000601,308.415175187647,298.1440661656459,299.1477355957031,4733700,0.0,0.0
2022-11-29 00:00:00-05:00,296.40871340819524,300.1607224386787,296.05226797021015,296.3711853027344,3505600,0.0,0.0
2022-11-30 00:00:00-05:00,295.3048176802786,305.9306292315578,293.9553665688818,305.74188232421875,15106500,1.9,0.0
2022-12-01 00:00:00-05:00,307.9312642245503,311.10203417380154,306.16659270103725,308.6484680175781,3830100,0.0,0.0
2022-12-02 00:00:00-05:00,302.995790214714,309.9790228630136,302.2880324840406,309.5166015625,3644100,0.0,0.0
2022-12-05 00:00:00-05:00,306.8366353672281,307.18579132291376,301.54262010644084,302.05218505859375,5057300,0.0,0.0
2022-12-06 00:00:00-05:00,301.6369369633214,303.5337081933175,296.8241783941207,299.5702819824219,3341500,0.0,0.0
2022-12-07 00:00:00-05:00,298.1642457674924,304.6945047881972,296.7298667635267,302.1182556152344,4038200,0.0,0.0
2022-12-08 00:00:00-05:00,300.6082945887011,306.2420473886365,300.6082945887011,305.8362731933594,3483600,0.0,0.0
2022-12-09 00:00:00-05:00,303.3733034995957,306.16657945881485,301.91058681648764,302.42962646484375,3738800,0.0,0.0
2022-12-12 00:00:00-05:00,304.807680179365,309.8469120552744,303.19400052441483,309.5072021484375,4900200,0.0,0.0
2022-12-13 00:00:00-05:00,324.9552176198818,327.6918754709786,311.3756902240536,314.14068603515625,5787700,0.0,0.0
2022-12-14 00:00:00-05:00,311.9136105503698,319.9631755734142,310.47923163468215,314.6502685546875,4546000,0.0,0.0
2022-12-15 00:00:00-05:00,310.88501368511135,311.432333780181,305.1568862686659,309.1486511230469,5056900,0.0,0.0
2022-12-16 00:00:00-05:00,305.2134675194251,309.46946031627357,301.25945829635833,305.1285400390625,9615000,0.0,0.0
2022-12-19 00:00:00-05:00,301.50482315854686,303.7790883477667,298.22081659509564,299.45703125,3000600,0.0,0.0
2022-12-20 00:00:00-05:00,295.6728905853837,299.04182445582904,293.3231152242918,297.1072692871094,2632200,0.0,0.0
2022-12-21 00:00:00-05:00,300.13646606609973,301.589736747202,297.0128974194931,301.3726806640625,2610400,0.0,0.0
2022-12-22 00:00:00-05:00,298.5794139699075,298.5794139699075,293.22878120381546,298.315185546875,3064400,0.0,0.0
2022-12-23 00:00:00-05:00,296.45617128011475,301.1273846978997,295.42756664118906,300.7782287597656,2064900,0.0,0.0
2022-12-27 00:00:00-05:00,300.4762250481415,303.4393561291389,299.6269214286831,301.552001953125,1610200,0.0,0.0
2022-12-28 00:00:00-05:00,302.4957066826291,303.3261472037576,297.73014847222186,297.94720458984375,1568200,0.0,0.0
2022-12-29 00:00:00-05:00,300.702705495734,303.7035917953731,299.702410062521,302.36358642578125,1559100,0.0,0.0
2022-12-30 00:00:00-05:00,299.6080224440011,300.24974473586946,295.38978480737995,298.06982421875,2581600,0.0,0.0
2023-01-03 00:00:00-05:00,299.5419658794993,301.24057295925644,294.21961377845014,298.11700439453125,2822400,0.0,0.0
2023-01-04 00:00:00-05:00,302.9864171844564,304.34531452928985,298.5605692264031,301.7218933105469,3560900,0.0,0.0
2023-01-05 00:00:00-05:00,299.92890759909545,300.1648268957875,295.5880155789555,297.70184326171875,2935100,0.0,0.0
2023-01-06 00:00:00-05:00,298.475601707094,300.8914124852629,291.5961884214657,299.645751953125,4022500,0.0,0.0
2023-01-09 00:00:00-05:00,301.9766587241519,304.3830237038646,299.2022458682246,299.9100036621094,3466300,0.0,0.0
2023-01-10 00:00:00-05:00,298.48505948100996,302.6655709808638,296.2768584912654,302.5711975097656,2111300,0.0,0.0
2023-01-11 00:00:00-05:00,304.38302843849596,310.50751222665264,303.9772542087208,310.4697570800781,2864800,0.0,0.0
2023-01-12 00:00:00-05:00,313.4989725213739,313.4989725213739,308.308748286048,311.290771484375,2481800,0.0,0.0
2023-01-13 00:00:00-05:00,308.1011105107785,313.6688281388394,307.63871797236715,312.5552673339844,2798600,0.0,0.0
2023-01-17 00:00:00-05:00,311.72486510776326,316.2828419400311,308.6768062973303,309.08258056640625,3988900,0.0,0.0
2023-01-18 00:00:00-05:00,311.4134317694689,315.6788417400988,304.7416280013773,305.4588317871094,2952200,0.0,0.0
2023-01-19 00:00:00-05:00,302.29757068140674,303.24124794349467,293.13447253018114,293.3703918457031,5359300,0.0,0.0
2023-01-20 00:00:00-05:00,292.549361041614,297.48477408053384,290.07693152862885,297.25830078125,3725100,0.0,0.0
2023-01-23 00:00:00-05:00,295.8805372458628,299.6457998024066,293.568516743473,297.7112731933594,3237900,0.0,0.0
2023-01-24 00:00:00-05:00,297.37155663302326,300.18372507526493,295.0218096050006,299.79681396484375,2127900,0.0,0.0
2023-01-25 00:00:00-05:00,297.5697029425569,300.20257025385945,294.00260446865127,299.3910217285156,2060400,0.0,0.0
2023-01-26 00:00:00-05:00,296.45610060530913,301.27830467352203,294.92734859266614,296.13525390625,3555300,0.0,0.0
2023-01-27 00:00:00-05:00,294.44613393514163,300.31580695928767,293.7949943978315,298.8531188964844,2761200,0.0,0.0
2023-01-30 00:00:00-05:00,298.04155043479716,300.22147121066257,296.02209624936864,296.5411071777344,2643100,0.0,0.0
2023-01-31 00:00:00-05:00,298.1925634819356,306.0817202268049,297.35270570909177,305.911865234375,3526800,0.0,0.0
2023-02-01 00:00:00-05:00,304.2320806426514,311.93246060155326,299.74961432114185,309.61102294921875,3076500,0.0,0.0
2023-02-02 00:00:00-05:00,314.66912942688003,322.23740913465946,313.9519256405546,320.65203857421875,4776600,0.0,0.0
2023-02-03 00:00:00-05:00,313.80096581799637,315.85817512136015,311.72486454018053,312.8289794921875,3389700,0.0,0.0
2023-02-06 00:00:00-05:00,310.4603199038015,312.3665660769359,309.01649509279576,310.72454833984375,2229700,0.0,0.0
2023-02-07 00:00:00-05:00,305.7513954847124,308.5824269243857,302.6561355959526,306.8838195800781,3865500,0.0,0.0
2023-02-08 00:00:00-05:00,304.75109858215137,305.74194806188757,301.57091122098444,302.7221984863281,2777200,0.0,0.0
2023-02-09 00:00:00-05:00,304.9020617480694,305.64757468398716,297.0978340843687,297.77728271484375,3063300,0.0,0.0
2023-02-10 00:00:00-05:00,296.1730844871729,299.33440875492465,295.13503384419954,298.7115783691406,2768800,0.0,0.0
2023-02-13 00:00:00-05:00,299.46649757783234,305.45885312507613,297.8339257721176,305.307861328125,2432500,0.0,0.0
2023-02-14 00:00:00-05:00,302.55229579945154,304.7699427045588,297.89055750362104,300.4950866699219,3380800,0.0,0.0
2023-02-15 00:00:00-05:00,298.08875318821606,303.42052351267483,298.003825697591,302.6278381347656,2585500,0.0,0.0
2023-02-16 00:00:00-05:00,297.2582842250222,305.506012800304,297.1922199168303,303.1468200683594,3169200,0.0,0.0
2023-02-17 00:00:00-05:00,300.73101062561517,302.54288332489926,295.3237592862273,300.0421447753906,4985500,0.0,0.0
2023-02-21 00:00:00-05:00,288.3405417409582,290.66200826567945,278.4130684878211,278.8565979003906,10891800,0.0,0.0
2023-02-22 00:00:00-05:00,280.79110759711557,283.48059307281824,278.46967001120163,279.61151123046875,5922100,0.0,0.0
2023-02-23 00:00:00-05:00,280.0739096194505,282.9898681428043,278.02611782345315,282.45196533203125,4354500,0.0,0.0
2023-02-24 00:00:00-05:00,275.9311896012014,281.52718812209747,275.5537245054627,279.9512634277344,3713300,0.0,0.0
2023-02-27 00:00:00-05:00,282.4991552687876,283.56551497103453,278.42249219298094,279.3378601074219,3238300,0.0,0.0
2023-02-28 00:00:00-05:00,278.38480262936497,281.8764201479434,277.7336629905017,279.83807373046875,3949500,0.0,0.0
2023-03-01 00:00:00-05:00,275.47825557515745,277.17686298285525,272.40185874697397,274.4118957519531,5905100,0.0,0.0
2023-03-02 00:00:00-05:00,272.21307036149136,277.54483986729895,271.0900923821922,276.5162353515625,4103700,0.0,0.0
2023-03-03 00:00:00-05:00,278.04503444896187,281.7914048875761,277.21459399351727,281.64044189453125,4036700,0.0,0.0
2023-03-06 00:00:00-05:00,281.21580679806937,283.20695187515577,280.253266417516,281.4139709472656,3763200,0.0,0.0
2023-03-07 00:00:00-05:00,282.2160612688221,282.2160612688221,274.0627063877216,274.3269348144531,4512400,0.0,0.0
2023-03-08 00:00:00-05:00,275.11585649452604,277.9863887536895,274.0037460620837,277.06439208984375,4680300,2.09,0.0
2023-03-09 00:00:00-05:00,278.54719965205163,279.8018809658113,273.50950362947253,273.74713134765625,3248000,0.0,0.0
2023-03-10 00:00:00-05:00,274.2794271453426,278.651783153147,270.0401565890571,272.1407775878906,4730900,0.0,0.0
2023-03-13 00:00:00-04:00,269.93554097299165,277.87231160642165,268.61434610271556,272.34033203125,3892100,0.0,0.0
2023-03-14 00:00:00-04:00,274.98279558887447,275.4580510454797,267.4642797917957,271.4374084472656,5116000,0.0,0.0
2023-03-15 00:00:00-04:00,269.8975544223188,274.8497075895513,268.6809017533839,273.7185974121094,4835500,0.0,0.0
2023-03-16 00:00:00-04:00,272.7966055062764,273.77563049118163,270.8955838651177,272.53997802734375,4400200,0.0,0.0
2023-03-17 00:00:00-04:00,273.5759997845782,277.5016136619271,272.09320539609416,274.1177978515625,8342000,0.0,0.0
2023-03-20 00:00:00-04:00,273.2053425006952,275.4865628715568,272.42591659673616,274.9447937011719,3677800,0.0,0.0
2023-03-21 00:00:00-04:00,277.00734476866324,278.39511136823677,273.3669013086683,275.1063232421875,4788200,0.0,0.0
2023-03-22 00:00:00-04:00,275.7337028063448,276.7982703704997,268.47181463240776,268.6238708496094,3723400,0.0,0.0
2023-03-23 00:00:00-04:00,271.1426923203473,271.9506032117723,266.35211025695025,269.8594970703125,6005800,0.0,0.0
2023-03-24 00:00:00-04:00,268.57635343705704,270.8290595941126,266.93195916281906,269.0135803222656,3851000,0.0,0.0
2023-03-27 00:00:00-04:00,269.70740509978947,270.83851512810344,267.0079582529687,267.3501281738281,4269700,0.0,0.0
2023-03-28 00:00:00-04:00,266.90345656836524,269.2702485003978,266.07651670344563,266.9224853515625,3633300,0.0,0.0
2023-03-29 00:00:00-04:00,267.3311973486668,269.935587997837,267.3311973486668,269.3367614746094,3607500,0.0,0.0
2023-03-30 00:00:00-04:00,271.2377624511719,271.94116020569555,269.8025107914714,271.2377624511719,3432800,0.0,0.0
2023-03-31 00:00:00-04:00,272.78705294159727,280.92342210656045,272.56845404811946,280.51470947265625,5800600,0.0,0.0
2023-04-03 00:00:00-04:00,280.27712935726777,283.2237187901399,280.15355830575186,282.99560546875,4007600,0.0,0.0
2023-04-04 00:00:00-04:00,282.77697656832225,284.9631399103046,279.83038714548024,280.3626708984375,2965700,0.0,0.0
2023-04-05 00:00:00-04:00,280.40072410395913,281.07557874162535,274.203403288422,274.3840026855469,4002400,0.0,0.0
2023-04-06 00:00:00-04:00,273.0342235501268,275.4485290710091,270.17317679908865,274.326904296875,3193400,0.0,0.0
2023-04-10 00:00:00-04:00,271.9696711530283,278.157506000636,271.5229298981623,276.76025390625,2799900,0.0,0.0
2023-04-11 00:00:00-04:00,278.2050284080907,280.4957630819372,277.32106026217895,279.2315673828125,2497000,0.0,0.0
2023-04-12 00:00:00-04:00,281.54132755315203,283.6704625913074,275.2489213113012,276.0663757324219,3341400,0.0,0.0
2023-04-13 00:00:00-04:00,276.4940875987718,277.9958818292986,272.19776041912615,277.69171142578125,3505800,0.0,0.0
2023-04-14 00:00:00-04:00,277.69167726296405,281.5412627536281,276.9597945138706,277.7297058105469,2653200,0.0,0.0
2023-04-17 00:00:00-04:00,277.26404137790746,280.87597119818275,277.12144153694896,280.7809143066406,2621900,0.0,0.0
2023-04-18 00:00:00-04:00,281.65539463144404,284.4308701935018,281.27519607589664,284.1552429199219,2847800,0.0,0.0
2023-04-19 00:00:00-04:00,281.7789291740029,283.5278655087156,280.4481908910964,282.2161560058594,2889300,0.0,0.0
2023-04-20 00:00:00-04:00,281.3226423029368,286.39836576635355,280.8759011306948,283.7939758300781,3371800,0.0,0.0
2023-04-21 00:00:00-04:00,286.69307856276436,288.1949019531304,284.53542937117015,285.1912841796875,3506700,0.0,0.0
2023-04-24 00:00:00-04:00,285.1532455023907,286.95921025578156,284.411848224376,286.71209716796875,2515400,0.0,0.0
2023-04-25 00:00:00-04:00,286.57900961479345,287.71011980085444,281.47477119913884,281.66485595703125,4529500,0.0,0.0
2023-04-26 00:00:00-04:00,280.8094053998242,281.3226893661436,272.8726342285018,273.81365966796875,4037400,0.0,0.0
2023-04-27 00:00:00-04:00,273.74708440992254,280.12500315035004,273.55697066505724,279.38360595703125,3133600,0.0,0.0
2023-04-28 00:00:00-04:00,279.2315575073197,285.9326762972908,278.86087336552356,285.6665344238281,4062300,0.0,0.0
2023-05-01 00:00:00-04:00,284.18372417442583,284.73500766503065,282.6533867309195,282.9670715332031,2970000,0.0,0.0
2023-05-02 00:00:00-04:00,283.6704368828914,283.8890648028948,276.6461483600925,279.71630859375,3413200,0.0,0.0
2023-05-03 00:00:00-04:00,279.9825113187691,283.97466902871133,278.0244610249546,278.57574462890625,2743400,0.0,0.0
2023-05-04 00:00:00-04:00,278.23352086925365,280.010971413438,271.2092321758417,271.60845947265625,4422500,0.0,0.0
2023-05-05 00:00:00-04:00,272.95819227299455,276.4750647393827,271.94113878105287,275.28692626953125,3806300,0.0,0.0
2023-05-08 00:00:00-04:00,274.6976260454547,275.4960516506638,270.3632990415835,273.6805725097656,3736500,0.0,0.0
2023-05-09 00:00:00-04:00,272.00767496096944,276.6556574595515,271.6179620713483,276.19940185546875,2570000,0.0,0.0
2023-05-10 00:00:00-04:00,277.2734972351391,279.041462406222,271.7700605905858,274.72613525390625,3571000,0.0,0.0
2023-05-11 00:00:00-04:00,274.450478347595,275.1253618989681,270.91457702112166,273.45245361328125,3859700,0.0,0.0
2023-05-12 00:00:00-04:00,273.7471162638088,276.57013456057086,273.2243469155258,276.0948791503906,3436100,0.0,0.0
2023-05-15 00:00:00-04:00,275.5720854338343,276.522596170143,272.7395529970114,274.2603759765625,5353600,0.0,0.0
2023-05-16 00:00:00-04:00,267.8064434972954,271.9316572827143,263.37705926505447,268.35772705078125,12362100,0.0,0.0
2023-05-17 00:00:00-04:00,268.18661072936453,279.49768320795954,267.2931282757354,277.91986083984375,7956900,0.0,0.0
2023-05-18 00:00:00-04:00,278.1669735559592,281.2846477494772,277.16894884134354,280.5527648925781,4547000,0.0,0.0
2023-05-19 00:00:00-04:00,281.12314806890794,281.12314806890794,275.6006813728902,276.4846496582031,4469900,0.0,0.0
2023-05-22 00:00:00-04:00,276.3420248977881,278.49015965523364,273.82314798471623,276.2754821777344,3736200,0.0,0.0
2023-05-23 00:00:00-04:00,274.9637937554596,283.0336220658904,274.9637937554596,280.34368896484375,5352200,0.0,0.0
2023-05-24 00:00:00-04:00,282.65341841726934,282.7959892491595,275.81924280486055,276.6937255859375,4978200,0.0,0.0
2023-05-25 00:00:00-04:00,277.34957335909803,277.34957335909803,271.9031356612274,272.5589904785156,5355900,0.0,0.0
2023-05-26 00:00:00-04:00,272.7966083518933,278.78481498109267,271.55144148452877,278.33807373046875,4626100,0.0,0.0
2023-05-30 00:00:00-04:00,278.76580595086796,279.87791634882643,274.6501069546933,277.9293518066406,5193300,0.0,0.0
2023-05-31 00:00:00-04:00,277.2400754467891,277.63259399941217,269.93546148870837,271.3619384765625,18288800,2.09,0.0
2023-06-01 00:00:00-04:00,271.9362767322196,276.88580766907137,268.03986980826994,276.0912170410156,4305100,0.0,0.0
2023-06-02 00:00:00-04:00,278.2548653165825,283.57774990049904,277.3645333290405,283.31927490234375,4514600,0.0,0.0
2023-06-05 00:00:00-04:00,283.01289309486873,283.10863430706877,278.94413991335136,280.6003723144531,3028800,0.0,0.0
2023-06-06 00:00:00-04:00,279.37500742220675,284.2575178987416,279.21224441266986,283.3767395019531,2855400,0.0,0.0
2023-06-07 00:00:00-04:00,284.6308515408704,289.3123255742412,284.4393690973826,288.8336486816406,4842700,0.0,0.0
2023-06-08 00:00:00-04:00,289.27400930172996,292.4237112837658,287.9624393537901,288.2496337890625,3757300,0.0,0.0
2023-06-09 00:00:00-04:00,288.14435791221155,288.57514959354216,283.4724666827626,284.6691589355469,3485800,0.0,0.0
2023-06-12 00:00:00-04:00,285.6743370337428,289.7047879132572,284.95632176176656,288.0294189453125,4456600,0.0,0.0
2023-06-13 00:00:00-04:00,289.50372115990285,291.1503705112371,285.93281095040555,287.28265380859375,4043400,0.0,0.0
2023-06-14 00:00:00-04:00,288.15387835376856,289.647347775729,283.02247658931304,286.928466796875,4176000,0.0,0.0
2023-06-15 00:00:00-04:00,288.01028326048896,290.4898258346143,286.80400825076237,289.13995361328125,4109700,0.0,0.0
2023-06-16 00:00:00-04:00,291.3610592510795,292.93113354596625,287.3401907204918,287.5699462890625,10808400,0.0,0.0
2023-06-20 00:00:00-04:00,286.98589521719674,289.83881963262064,285.5115916211423,288.55596923828125,3371100,0.0,0.0
2023-06-21 00:00:00-04:00,289.9537229961862,290.6238823016431,287.37843909441574,287.87628173828125,2713300,0.0,0.0
2023-06-22 00:00:00-04:00,288.6421756628236,289.91544338362326,286.82320925477273,288.3358154296875,3052000,0.0,0.0
2023-06-23 00:00:00-04:00,287.5124734137196,289.4271808351491,286.34450071800296,287.9815673828125,8525900,0.0,0.0
2023-06-26 00:00:00-04:00,289.76225609174435,296.0233282294572,289.1016797040593,294.7596435546875,4440100,0.0,0.0
2023-06-27 00:00:00-04:00,295.0085642816479,302.0068181430045,294.7596721634313,300.36016845703125,5342500,0.0,0.0
2023-06-28 00:00:00-04:00,298.6943387509807,299.5942535191222,293.00765573362474,293.4384765625,4025600,0.0,0.0
2023-06-29 00:00:00-04:00,293.69694049660274,294.9893737185597,291.0642180584405,294.6925964355469,3279700,0.0,0.0
2023-06-30 00:00:00-04:00,296.3775731244271,298.1486834771868,295.15216144323085,297.39239501953125,3229900,0.0,0.0
2023-07-03 00:00:00-04:00,296.5690115637478,298.119919797125,295.7265356799096,296.79876708984375,1483300,0.0,0.0
2023-07-05 00:00:00-04:00,297.25833778954143,298.9815628439033,296.7700780304879,297.5455322265625,2496000,0.0,0.0
2023-07-06 00:00:00-04:00,293.7544054536765,294.84580269411794,288.6804425361407,289.13995361328125,4828300,0.0,0.0
2023-07-07 00:00:00-04:00,289.1112337082726,292.59601519029854,288.0581680140999,289.8962707519531,2951100,0.0,0.0
2023-07-10 00:00:00-04:00,290.26967758938787,297.2870679370283,290.26967758938787,297.0477294921875,3246700,0.0,0.0
2023-07-11 00:00:00-04:00,299.56558449529115,301.154795327429,297.48811387040234,300.2835998535156,2913800,0.0,0.0
2023-07-12 00:00:00-04:00,302.82052264830605,307.55943477633963,302.53332824738266,303.9789123535156,5300500,0.0,0.0
2023-07-13 00:00:00-04:00,304.5342095386437,304.8405697261875,300.1016573535032,301.1834716796875,3235600,0.0,0.0
2023-07-14 00:00:00-04:00,301.4132307826719,303.3853770371579,300.8196761723472,303.00244140625,2941000,0.0,0.0
2023-07-17 00:00:00-04:00,302.2557108904128,304.2661595006945,300.75265857174395,302.5716247558594,2002500,0.0,0.0
2023-07-18 00:00:00-04:00,301.1165245859319,304.7449040906756,298.8188810417817,303.2514343261719,2317000,0.0,0.0
2023-07-19 00:00:00-04:00,303.4811294522034,306.2957517282608,303.18435213608524,305.8553771972656,2361400,0.0,0.0
2023-07-20 00:00:00-04:00,306.6786867774178,307.74136459767686,304.3236048096598,305.48199462890625,2101900,0.0,0.0
2023-07-21 00:00:00-04:00,307.37754914744676,308.16258616694887,305.8649139912242,306.8031311035156,3672900,0.0,0.0
2023-07-24 00:00:00-04:00,307.28181023566333,311.7718013087357,307.2626736799648,311.2452392578125,2621900,0.0,0.0
2023-07-25 00:00:00-04:00,311.206965413799,312.95890977984686,310.01982699262635,311.264404296875,2890800,0.0,0.0
2023-07-26 00:00:00-04:00,310.84318280340955,316.8457801316223,310.4123619414114,315.5342102050781,3448100,0.0,0.0
2023-07-27 00:00:00-04:00,317.5637857577528,319.2200181667041,314.90234365622655,315.6490783691406,2608600,0.0,0.0
2023-07-28 00:00:00-04:00,317.8414187372425,318.79877240813784,315.44803456000426,317.23828125,2268200,0.0,0.0
2023-07-31 00:00:00-04:00,317.5063592987252,319.8231681847034,317.3436255253498,319.60296630859375,2690000,0.0,0.0
2023-08-01 00:00:00-04:00,317.61170044771546,320.6847979111206,316.76922444396257,317.9084777832031,2547200,0.0,0.0
2023-08-02 00:00:00-04:00,315.95544213889224,318.3488264017436,313.9354398447816,314.4906921386719,2752600,0.0,0.0
2023-08-03 00:00:00-04:00,313.70567158535005,317.93718803968426,313.66739847073563,315.78314208984375,2451300,0.0,0.0
2023-08-04 00:00:00-04:00,314.1652046444792,315.4671916981089,311.4558772180522,312.50897216796875,3591000,0.0,0.0
2023-08-07 00:00:00-04:00,313.25570676119577,315.36189666001934,312.6621521213775,315.13214111328125,2111000,0.0,0.0
2023-08-08 00:00:00-04:00,312.6525226910326,314.5193738787177,309.59859161654606,313.830078125,3272600,0.0,0.0
2023-08-09 00:00:00-04:00,313.38976350923,316.8075234915205,312.82492828896005,314.21307373046875,2698900,0.0,0.0
2023-08-10 00:00:00-04:00,316.5586005366868,318.70306362855257,314.9119508865418,315.3523254394531,3075100,0.0,0.0
2023-08-11 00:00:00-04:00,314.5098372251817,317.44892019154565,314.34710345191934,316.9893798828125,3103000,0.0,0.0
2023-08-14 00:00:00-04:00,317.3244600015719,319.5551105593762,314.42367936067177,315.8788757324219,3974800,0.0,0.0
2023-08-15 00:00:00-04:00,317.6116952785097,323.74833643457396,314.5098492046192,317.9754943847656,5860900,0.0,0.0
2023-08-16 00:00:00-04:00,318.4349656293612,323.4036333983065,317.5350508632172,318.8274841308594,3753900,0.0,0.0
2023-08-17 00:00:00-04:00,319.53590854124155,321.3357380288078,313.1120739051846,313.32269287109375,3885100,0.0,0.0
2023-08-18 00:00:00-04:00,311.19742011541507,314.86410148595957,310.5942825541529,313.4089050292969,3471500,0.0,0.0
2023-08-21 00:00:00-04:00,312.6812608672648,313.88753581258413,309.70390504650334,310.2400207519531,3109700,0.0,0.0
2023-08-22 00:00:00-04:00,311.3984392949945,312.3940953612801,308.29662253847533,310.64215087890625,2582200,0.0,0.0
2023-08-23 00:00:00-04:00,310.6804193243822,312.98764530017843,310.2591813494417,312.1834716796875,2728000,0.0,0.0
2023-08-24 00:00:00-04:00,311.2548061413155,314.9693428839476,308.56464479014295,308.83270263671875,2490000,0.0,0.0
2023-08-25 00:00:00-04:00,309.63691568921826,312.42281860170147,307.50203552959397,309.0912170410156,2418100,0.0,0.0
2023-08-28 00:00:00-04:00,309.41674890782616,313.4759195271666,309.1008058039686,312.01116943359375,2099900,0.0,0.0
2023-08-29 00:00:00-04:00,312.8536481479591,315.7735654737235,312.8344823741533,315.33319091796875,2628200,0.0,0.0
2023-08-30 00:00:00-04:00,316.0172241603443,319.50497052744066,315.891968726827,318.5511474609375,2256200,2.09,0.0
2023-08-31 00:00:00-04:00,319.1003287632364,320.4491768796895,317.6358398916442,318.2331848144531,2914700,0.0,0.0
2023-09-01 00:00:00-04:00,319.87108952284444,321.2681286327375,319.04252189821193,320.91162109375,2317100,0.0,0.0
2023-09-05 00:00:00-04:00,319.71691079053744,320.16009741249565,315.41021178714806,315.80523681640625,3141400,0.0,0.0
2023-09-06 00:00:00-04:00,315.5644051268771,316.60493674685756,313.66637360113185,314.0903015136719,3199700,0.0,0.0
2023-09-07 00:00:00-04:00,313.15573765041455,317.86710629362886,312.4523960211032,316.4219055175781,2454000,0.0,0.0
2023-09-08 00:00:00-04:00,315.5355372754805,317.45282777250793,314.7454870415349,316.7013244628906,2210300,0.0,0.0
2023-09-11 00:00:00-04:00,317.26009041562276,317.828532477777,315.6029258232121,316.3736877441406,2087800,0.0,0.0
2023-09-12 00:00:00-04:00,314.8899721033312,316.759100823929,313.9843399856164,314.3600769042969,2190500,0.0,0.0
2023-09-13 00:00:00-04:00,314.1288592105545,315.97869979902333,313.126845073567,313.9747009277344,2564300,0.0,0.0
2023-09-14 00:00:00-04:00,315.4295503346166,318.2332140977004,313.3869751101093,317.58770751953125,2707600,0.0,0.0
2023-09-15 00:00:00-04:00,315.3620945387877,317.14451475954843,308.62743874054917,309.6583557128906,7112600,0.0,0.0
2023-09-18 00:00:00-04:00,308.463665729928,309.8992224651227,305.33239729491044,305.66961669921875,2740400,0.0,0.0
2023-09-19 00:00:00-04:00,304.4074659328089,305.35164494730554,300.9293341390293,303.11639404296875,2776500,0.0,0.0
2023-09-20 00:00:00-04:00,303.4921865336247,304.79287321359203,299.4456122854348,299.50341796875,2320000,0.0,0.0
2023-09-21 00:00:00-04:00,298.0966993433058,298.89639346018333,295.16775127900866,295.55316162109375,2766500,0.0,0.0
2023-09-22 00:00:00-04:00,294.9751053499039,296.41066199054256,294.3006665857107,294.5608215332031,2289200,0.0,0.0
2023-09-25 00:00:00-04:00,293.3854140154618,296.0638517241409,293.3854140154618,295.2930603027344,1882300,0.0,0.0
2023-09-26 00:00:00-04:00,293.3950426180415,294.63792362969815,290.6106374957857,291.4873962402344,2655500,0.0,0.0
2023-09-27 00:00:00-04:00,291.9305548674333,293.1059860004326,288.9438007357773,290.7936706542969,2513900,0.0,0.0
2023-09-28 00:00:00-04:00,290.64919131554495,293.73226901258266,289.7627884685,292.4026794433594,2369600,0.0,0.0
2023-09-29 00:00:00-04:00,293.80932800007946,294.5030255450738,288.86673666733014,291.1212463378906,3502600,0.0,0.0
2023-10-02 00:00:00-04:00,289.54113745944244,292.36411855621475,287.55639748179067,288.8763427734375,2806800,0.0,0.0
2023-10-03 00:00:00-04:00,287.0264971282443,287.40223402072917,279.4729183336386,281.27459716796875,3609200,0.0,0.0
2023-10-04 00:00:00-04:00,282.6426952638611,283.46164818206665,279.75229395444114,281.7081604003906,2956300,0.0,0.0
2023-10-05 00:00:00-04:00,281.33242439707124,281.9779603628353,279.6367127041746,281.04339599609375,2469300,0.0,0.0
2023-10-06 00:00:00-04:00,280.1377270000612,283.7796317687012,276.890847304015,282.1224670410156,2922000,0.0,0.0
2023-10-09 00:00:00-04:00,279.6945297189038,284.7334739998418,279.097184730886,284.5696716308594,1929900,0.0,0.0
2023-10-10 00:00:00-04:00,285.85106459585535,289.685674350762,284.38660514607017,288.28863525390625,3116300,0.0,0.0
2023-10-11 00:00:00-04:00,288.78963881524413,289.8591026584826,285.08992842757056,287.161376953125,2292800,0.0,0.0
2023-10-12 00:00:00-04:00,286.82417297287793,286.82417297287793,280.1473234948341,282.31512451171875,2546400,0.0,0.0
2023-10-13 00:00:00-04:00,282.23806647446065,283.9626808886104,280.26297059761987,281.2553405761719,2092700,0.0,0.0
2023-10-16 00:00:00-04:00,283.6736329609315,287.46969597839524,282.85467998256166,286.4676818847656,2567000,0.0,0.0
2023-10-17 00:00:00-04:00,285.85107938739196,287.4600531091167,283.74108391539886,285.12847900390625,2139700,0.0,0.0
2023-10-18 00:00:00-04:00,282.29589770722805,282.61382895517704,279.00082685141564,279.63671875,2720100,0.0,0.0
2023-10-19 00:00:00-04:00,280.3689645253493,280.69653985592254,275.9562975397613,276.2934875488281,3028600,0.0,0.0
2023-10-20 00:00:00-04:00,275.4167306507151,276.6885144620248,273.24892936435464,275.9466552734375,2884000,0.0,0.0
2023-10-23 00:00:00-04:00,275.3781789523821,277.71939699442487,273.94259295154393,274.65557861328125,2590900,0.0,0.0
2023-10-24 00:00:00-04:00,276.2645854606195,277.39185506236635,271.7266630180727,272.95989990234375,2705200,0.0,0.0
2023-10-25 00:00:00-04:00,271.4568897782351,272.8828318516557,269.000060123393,270.6668395996094,2962800,0.0,0.0
2023-10-26 00:00:00-04:00,270.2814120281682,272.89239951702865,267.6029747887481,267.8438415527344,3108200,0.0,0.0
2023-10-27 00:00:00-04:00,268.7880941381819,269.4528888685304,264.2405277087546,266.3601379394531,2907300,0.0,0.0
2023-10-30 00:00:00-04:00,267.3332341050803,272.00605571238225,266.84185644454084,271.1967468261719,3074400,0.0,0.0
2023-10-31 00:00:00-04:00,272.2662026701258,274.9735432508442,271.33163827517654,274.28948974609375,3036000,0.0,0.0
2023-11-01 00:00:00-04:00,275.15655535634664,276.3512451071825,271.71697088026167,276.1585693359375,2747300,0.0,0.0
2023-11-02 00:00:00-04:00,279.64632056108496,283.8952139211876,279.40545379057585,283.76995849609375,3628000,0.0,0.0
2023-11-03 00:00:00-04:00,283.43276535928754,286.93015589507826,283.42315068140135,284.8105163574219,3071100,0.0,0.0
2023-11-06 00:00:00-05:00,283.9819497496496,285.6102116271465,282.50784614843053,283.80853271484375,2890300,0.0,0.0
2023-11-07 00:00:00-05:00,283.8470624202276,285.18629596388786,282.8354336044031,284.001220703125,2629000,0.0,0.0
2023-11-08 00:00:00-05:00,284.2516616523149,287.1228038348412,283.3652590944124,285.1091613769531,2454900,0.0,0.0
2023-11-09 00:00:00-05:00,281.2842646979156,282.04538262652636,277.1702408792022,277.3533020019531,4059100,0.0,0.0
2023-11-10 00:00:00-05:00,278.6636398784935,280.9374084472656,276.31277746516383,280.9374084472656,3653500,0.0,0.0
2023-11-13 00:00:00-05:00,277.2762203633376,279.3380247826164,276.74629578725467,277.5459899902344,4586700,0.0,0.0
2023-11-14 00:00:00-05:00,289.89761578628094,296.97907510602687,289.17501549629213,292.5375061035156,7952800,0.0,0.0
2023-11-15 00:00:00-05:00,292.99042189159667,297.64395617353006,292.90371335993586,296.9309997558594,3985900,0.0,0.0
2023-11-16 00:00:00-05:00,294.705364261927,296.6997485066326,293.2119723973709,295.2449035644531,3114000,0.0,0.0
2023-11-17 00:00:00-05:00,297.22963090384854,297.431950782895,294.29106770785063,296.0445556640625,2770300,0.0,0.0
2023-11-20 00:00:00-05:00,295.96753242270887,298.3569419938903,294.57049302856484,296.9309997558594,3459000,0.0,0.0
2023-11-21 00:00:00-05:00,294.40669716569727,294.88843079483144,291.29468733652317,294.1850891113281,2977200,0.0,0.0
2023-11-22 00:00:00-05:00,296.1601795556658,298.53991517515675,295.283420926161,297.904052734375,2873500,0.0,0.0
2023-11-24 00:00:00-05:00,297.8847543375507,300.0043937429321,297.04654265536715,299.3492431640625,1259900,0.0,0.0
2023-11-27 00:00:00-05:00,299.33961023295785,301.45924971728493,298.43394876262573,299.56121826171875,2992600,0.0,0.0
2023-11-28 00:00:00-05:00,299.3588684517465,303.0874815992337,298.08711416612476,301.8927917480469,3116900,0.0,0.0
2023-11-29 00:00:00-05:00,304.6182933553987,304.6182933553987,301.5629989139346,301.669677734375,3083800,2.09,0.0
2023-11-30 00:00:00-05:00,303.1440380589547,304.3273620698634,299.3127760826196,304.0654602050781,4493700,0.0,0.0
2023-12-01 00:00:00-05:00,304.3952275417743,310.47674971482115,303.59019308894574,310.01116943359375,3613600,0.0,0.0
2023-12-04 00:00:00-05:00,310.0111541945265,315.3070001326394,309.3709924393518,314.27886962890625,3827900,0.0,0.0
2023-12-05 00:00:00-05:00,312.3196310193682,314.18192258862985,310.3894663742374,313.7745361328125,3269800,0.0,0.0
2023-12-06 00:00:00-05:00,315.22944520161576,318.4399334908902,314.4631868775534,316.3060607910156,3030800,0.0,0.0
2023-12-07 00:00:00-05:00,316.3060343799825,317.56696981557536,314.91903204093677,316.3642578125,2742300,0.0,0.0
2023-12-08 00:00:00-05:00,316.1993410027829,317.44085870369713,315.2875982036612,316.65521240234375,2889300,0.0,0.0
2023-12-11 00:00:00-05:00,319.8948169963447,322.1062714630198,318.92488030745,321.3691101074219,3520700,0.0,0.0
2023-12-12 00:00:00-05:00,320.50588758198705,324.4632163194436,320.38949991325586,323.18292236328125,2893400,0.0,0.0
2023-12-13 00:00:00-05:00,324.8318013151661,333.5030379521592,321.9316999970186,333.0762634277344,5822700,0.0,0.0
2023-12-14 00:00:00-05:00,339.2256528767771,342.45555867232554,337.5379724863833,341.2334289550781,7594800,0.0,0.0
2023-12-15 00:00:00-05:00,337.75134180397015,343.726155126299,336.32553374295856,343.3575744628906,11212800,0.0,0.0
2023-12-18 00:00:00-05:00,343.07633002795524,344.2499748433712,339.7882597371392,340.2635192871094,4420500,0.0,0.0
2023-12-19 00:00:00-05:00,340.8939189680204,342.3488239099315,339.86578851041253,341.485595703125,4654700,0.0,0.0
2023-12-20 00:00:00-05:00,340.44781013665687,344.1044611450439,337.8386778277138,338.17816162109375,3259500,0.0,0.0
2023-12-21 00:00:00-05:00,341.29160061783676,341.66018127687954,336.5680139193107,338.4787902832031,2794200,0.0,0.0
2023-12-22 00:00:00-05:00,338.5467434026494,340.7775861659803,336.2673860400416,338.1102600097656,2029900,0.0,0.0
2023-12-26 00:00:00-05:00,337.9550446992351,339.5651432086108,337.6931724405266,338.80859375,1585500,0.0,0.0
2023-12-27 00:00:00-05:00,339.390549835315,339.47784058516555,336.74261202270804,338.0520324707031,2764300,0.0,0.0
2023-12-28 00:00:00-05:00,338.022947882553,338.546722000878,335.4041068910477,336.9172058105469,2859400,0.0,0.0
2023-12-29 00:00:00-05:00,335.4331751968938,337.10146740174696,332.707655606424,336.13153076171875,10325700,0.0,0.0
2024-01-02 00:00:00-05:00,333.86193974399845,336.8590409228718,332.901711777986,334.7057800292969,2833600,0.0,0.0
2024-01-03 00:00:00-05:00,332.1839237553784,332.39731100829766,326.47098252047306,328.0907897949219,3309600,0.0,0.0
2024-01-04 00:00:00-05:00,329.710600396685,332.61073147827886,328.36240367323603,328.410888671875,3652400,0.0,0.0
2024-01-05 00:00:00-05:00,327.71251023044397,333.4933247121153,327.66402523517536,332.6300964355469,2664000,0.0,0.0
2024-01-08 00:00:00-05:00,333.10537731501597,337.98415807675786,332.9307958007082,337.4700927734375,2736200,0.0,0.0
2024-01-09 00:00:00-05:00,335.41379847867944,338.61457765911763,334.8706363098792,335.7823791503906,2338100,0.0,0.0
2024-01-10 00:00:00-05:00,340.0791632220287,346.13155808533537,339.7784852464552,346.0733642578125,4109300,0.0,0.0
2024-01-11 00:00:00-05:00,346.3547161759611,350.1471724825651,342.6398713866951,345.8115539550781,3530400,0.0,0.0
2024-01-12 00:00:00-05:00,347.7514336663993,347.7514336663993,342.8047501524859,345.0162048339844,1956100,0.0,0.0
2024-01-16 00:00:00-05:00,347.2955470871899,348.8377429532444,345.5011581964567,347.6544189453125,3669400,0.0,0.0
2024-01-17 00:00:00-05:00,345.90853428213,348.9444409262312,343.406080989497,345.0065002441406,2646100,0.0,0.0
2024-01-18 00:00:00-05:00,345.41386414344333,347.9259967264335,343.3866999262842,347.1403503417969,2510700,0.0,0.0
2024-01-19 00:00:00-05:00,348.0229621787687,352.048193300269,345.56902367239866,351.5147399902344,3233600,0.0,0.0
2024-01-22 00:00:00-05:00,348.5564195962037,350.5932924769043,344.99676867432413,345.9667053222656,4003700,0.0,0.0
2024-01-23 00:00:00-05:00,345.1519918506879,345.18108876863033,338.5661131552658,340.2344055175781,3878400,0.0,0.0
2024-01-24 00:00:00-05:00,341.35954319738795,342.2615772735923,336.6359559465939,336.8299255371094,3474400,0.0,0.0
2024-01-25 00:00:00-05:00,341.9899633070631,342.2712532264217,337.7901505944241,340.4186706542969,3064200,0.0,0.0
2024-01-26 00:00:00-05:00,340.9036853850378,346.3159196590232,340.46720198869565,344.6185302734375,3177700,0.0,0.0
2024-01-29 00:00:00-05:00,344.473017292553,345.65634126501146,342.39736812126176,345.0065002441406,2732000,0.0,0.0
2024-01-30 00:00:00-05:00,343.84253870010843,348.1393509090323,343.3963761339747,346.3643798828125,2336500,0.0,0.0
2024-01-31 00:00:00-05:00,347.15978468519245,348.18791530209785,341.757229726468,342.348876953125,3377900,0.0,0.0
2024-02-01 00:00:00-05:00,342.775626327869,349.31301986101744,341.7281077083795,349.2451171875,2439100,0.0,0.0
2024-02-02 00:00:00-05:00,343.53218424390536,348.7407397527854,339.4972438913731,346.4905090332031,3697600,0.0,0.0
2024-02-05 00:00:00-05:00,343.02783135602414,345.36538245372554,340.2150207272962,344.4633483886719,2653800,0.0,0.0
2024-02-06 00:00:00-05:00,344.18207245476935,347.2373673930921,343.64858946546127,345.53997802734375,2045300,0.0,0.0
2024-02-07 00:00:00-05:00,347.70292118936555,352.7950888983031,346.9657598204145,351.7863464355469,3272200,0.0,0.0
2024-02-08 00:00:00-05:00,351.95123938293005,354.6573712379563,350.77762418850483,352.785400390625,2521900,0.0,0.0
2024-02-09 00:00:00-05:00,353.1830620679735,353.4740312434959,349.953156219077,352.2325134277344,2389900,0.0,0.0
2024-02-12 00:00:00-05:00,353.2703765238986,357.63509205030994,353.10547424662514,354.4634094238281,3119700,0.0,0.0
2024-02-13 00:00:00-05:00,347.69324026835295,348.6243712932906,343.24123398022147,346.8396911621094,3106500,0.0,0.0
2024-02-14 00:00:00-05:00,346.43231864179,348.18790177415303,343.33821807146614,347.46044921875,2998900,0.0,0.0
2024-02-15 00:00:00-05:00,348.1102765383097,350.76792323071453,346.121918138626,350.2247314453125,2662800,0.0,0.0
2024-02-16 00:00:00-05:00,349.8367661533596,353.0472543018243,348.3527641681179,351.4565734863281,3899100,0.0,0.0
2024-02-20 00:00:00-05:00,344.62823246574663,354.2694063579114,343.90077988595624,351.66998291015625,4830000,0.0,0.0
2024-02-21 00:00:00-05:00,349.7494905541615,354.1335940259639,348.15880966974925,353.1830749511719,3278900,0.0,0.0
2024-02-22 00:00:00-05:00,356.3935527398886,361.7475928079168,356.1122628014963,360.1763000488281,3387500,0.0,0.0
2024-02-23 00:00:00-05:00,360.89403659449835,362.9988122708628,359.1190654463245,360.77764892578125,3398200,0.0,0.0
2024-02-26 00:00:00-05:00,362.2810800337532,363.60988862714834,359.57494825005097,360.4284973144531,2461000,0.0,0.0
2024-02-27 00:00:00-05:00,361.45659878943223,364.50218450574187,359.468210878992,364.2694091796875,2802900,0.0,0.0
2024-02-28 00:00:00-05:00,364.26942359342235,368.42075147298914,363.78445524487427,366.2577819824219,2282500,0.0,0.0
2024-02-29 00:00:00-05:00,367.40234019639536,370.30244153088836,366.78156648459867,369.1676025390625,4382800,0.0,0.0
2024-03-01 00:00:00-05:00,368.92511418961783,373.5226343403223,368.4110489153968,372.8921813964844,2750400,0.0,0.0
2024-03-04 00:00:00-05:00,371.3887530975729,372.96975464006533,368.6826214414041,368.934814453125,2619000,0.0,0.0
2024-03-05 00:00:00-05:00,368.672960500483,369.52650956702263,365.68553876759427,367.07257080078125,3011600,0.0,0.0
2024-03-06 00:00:00-05:00,369.3460519176171,370.6047620979024,366.7701194446228,368.2825012207031,2496300,2.25,0.0
2024-03-07 00:00:00-05:00,368.7020435629223,371.073079307969,366.46759562791914,367.4140625,2368500,0.0,0.0
2024-03-08 00:00:00-05:00,365.9016789612956,367.48236945006363,363.0720452660926,364.2917175292969,2162400,0.0,0.0
2024-03-11 00:00:00-04:00,362.54517188682286,363.93073280732636,359.9204345526005,362.5061340332031,2833700,0.0,0.0
2024-03-12 00:00:00-04:00,363.472073412064,366.7798088515833,363.37449368307483,365.45281982421875,2843800,0.0,0.0
2024-03-13 00:00:00-04:00,366.90665499813883,373.4245758449846,366.66272056724955,369.7948303222656,3761200,0.0,0.0
2024-03-14 00:00:00-04:00,368.82887491403284,370.97550990640445,363.1403368499782,366.16510009765625,3877500,0.0,0.0
2024-03-15 00:00:00-04:00,365.0430127202819,369.23870303173595,363.5013601330772,364.17462158203125,9234500,0.0,0.0
2024-03-18 00:00:00-04:00,367.35552384703396,368.43860831584766,362.1353503101029,362.88665771484375,3455600,0.0,0.0
2024-03-19 00:00:00-04:00,365.7943271166654,370.2534258539084,364.077019205599,370.20465087890625,3493800,0.0,0.0
2024-03-20 00:00:00-04:00,370.2144518944012,375.5419719838887,367.10184590739004,375.0833740234375,2750400,0.0,0.0
2024-03-21 00:00:00-04:00,378.98630457880944,387.2410376394892,378.8692208126819,385.611572265625,4212200,0.0,0.0
2024-03-22 00:00:00-04:00,385.1139816943698,386.80201892662456,380.62558154390916,380.81097412109375,2910900,0.0,0.0
2024-03-25 00:00:00-04:00,379.6596016968004,380.4011422110263,373.6002780129342,374.2052307128906,2683900,0.0,0.0
2024-03-26 00:00:00-04:00,373.13190718886034,374.9370281300106,370.19492679151404,370.7120666503906,2720200,0.0,0.0
2024-03-27 00:00:00-04:00,371.6097691956895,376.9470564703368,371.50242254718216,376.5274963378906,2536500,0.0,0.0
2024-03-28 00:00:00-04:00,377.73735226416636,378.2056873172941,370.5071321099826,374.2929992675781,4108200,0.0,0.0
2024-04-01 00:00:00-04:00,372.2147186400048,373.84421395061906,358.9154069869693,359.1007995605469,4333200,0.0,0.0
2024-04-02 00:00:00-04:00,355.6564167117284,357.9591435529599,354.15377221024045,354.19281005859375,4650500,0.0,0.0
2024-04-03 00:00:00-04:00,353.21708512945975,353.6073742957188,350.28987171678466,351.16802978515625,4723000,0.0,0.0
2024-04-04 00:00:00-04:00,353.8122413995346,356.1442688502446,348.25055424542484,349.0018615722656,4381600,0.0,0.0
2024-04-05 00:00:00-04:00,349.0018938103091,350.6118552463419,347.3821654674567,349.1872863769531,3243400,0.0,0.0
2024-04-08 00:00:00-04:00,349.38242145580114,353.7732413077625,348.59207626462035,353.2658386230469,4339600,0.0,0.0
2024-04-09 00:00:00-04:00,354.8075256718232,355.60763777982316,350.0264166135129,352.6511535644531,3022600,0.0,0.0
2024-04-10 00:00:00-04:00,343.3328711787741,345.4014306483775,340.28857386296863,342.0546569824219,4805200,0.0,0.0
2024-04-11 00:00:00-04:00,342.5230180770133,343.37190522946787,337.40039444115445,338.9420471191406,4104700,0.0,0.0
2024-04-12 00:00:00-04:00,337.72238709393133,337.72238709393133,333.2242498023524,334.5512390136719,3546900,0.0,0.0
2024-04-15 00:00:00-04:00,337.5272446437937,337.6833364933389,329.0090426330825,329.7310791015625,4209200,0.0,0.0
2024-04-16 00:00:00-04:00,328.6480374433474,329.9067178596312,324.8816737704433,326.706298828125,4525500,0.0,0.0
2024-04-17 00:00:00-04:00,328.60893651052567,329.0675344137673,323.88636968626673,324.7547607421875,4273800,0.0,0.0
2024-04-18 00:00:00-04:00,327.50640120931,328.7748782721302,323.29120657895027,324.8133850097656,3717300,0.0,0.0
2024-04-19 00:00:00-04:00,326.58919556543634,327.72105500355565,324.5108692561318,327.2234191894531,3076100,0.0,0.0
2024-04-22 00:00:00-04:00,330.0140223277627,331.21419047760725,325.61343555548547,327.9552001953125,3112800,0.0,0.0
2024-04-23 00:00:00-04:00,329.7993781615851,331.93624633717127,328.13087485227624,330.7751159667969,3697400,0.0,0.0
2024-04-24 00:00:00-04:00,328.89194347813213,329.3602785591792,323.76932008910023,324.9304504394531,4029200,0.0,0.0
2024-04-25 00:00:00-04:00,321.72026859999977,324.8328745641036,318.9686808575433,323.9254455566406,3787800,0.0,0.0
2024-04-26 00:00:00-04:00,322.9692272356068,327.6820279328968,322.9594603284506,326.9599914550781,2465300,0.0,0.0
2024-04-29 00:00:00-04:00,326.8721325209568,329.1553551868002,326.04274951286135,328.6284484863281,2427400,0.0,0.0
2024-04-30 00:00:00-04:00,327.5746600086363,329.25293003436485,324.7840347180771,326.1110534667969,3089900,0.0,0.0
2024-05-01 00:00:00-04:00,324.93048619842165,327.25274715469493,321.4373278563637,323.91571044921875,3267500,0.0,0.0
2024-05-02 00:00:00-04:00,327.3600112854919,327.8478801547698,322.9496874269944,327.3892822265625,3213600,0.0,0.0
2024-05-03 00:00:00-04:00,332.99979228453435,338.46392987224215,332.11186732103084,334.5317077636719,4165100,0.0,0.0
2024-05-06 00:00:00-04:00,337.6053001745072,337.9760853263271,332.18020004520497,333.9853210449219,3366100,0.0,0.0
2024-05-07 00:00:00-04:00,335.2635032632302,337.1564369165815,332.1216264570942,332.4241027832031,2930700,0.0,0.0
2024-05-08 00:00:00-04:00,330.560477946528,332.1802064013278,329.4383853394461,330.6092529296875,3123200,0.0,0.0
2024-05-09 00:00:00-04:00,331.01902065312044,339.56649258688304,330.65800246199933,339.01031494140625,3801400,0.0,0.0
2024-05-10 00:00:00-04:00,339.0298500586465,341.3228398603653,336.33683395998213,338.02484130859375,3413700,0.0,0.0
2024-05-13 00:00:00-04:00,339.61527440670113,340.3275736745881,332.14111976695204,332.6875305175781,4055600,0.0,0.0
2024-05-14 00:00:00-04:00,326.92092577376775,335.8977251094868,324.92067526930754,332.23870849609375,5854300,0.0,0.0
2024-05-15 00:00:00-04:00,336.8051650991966,341.93755543214013,336.32706310809806,340.21051025390625,4151100,0.0,0.0
2024-05-16 00:00:00-04:00,339.55677005731764,339.8007045185657,334.3561004454573,334.4146423339844,3101600,0.0,0.0
2024-05-17 00:00:00-04:00,336.39537727566665,336.56123602834305,332.32653750152656,335.85870361328125,2739000,0.0,0.0
2024-05-20 00:00:00-04:00,332.85340767929597,334.23893854356055,329.35051289572635,329.62371826171875,3237400,0.0,0.0
2024-05-21 00:00:00-04:00,330.77509066530683,330.77509066530683,324.266906900417,327.9942321777344,4275100,0.0,0.0
2024-05-22 00:00:00-04:00,326.54038189559543,327.11606356470315,320.94939416097895,322.5691223144531,4024400,0.0,0.0
2024-05-23 00:00:00-04:00,322.94971801281304,322.9692220496564,318.09053289482773,318.9589538574219,4021100,0.0,0.0
2024-05-24 00:00:00-04:00,318.47111259258446,319.5932052401875,316.548907707604,317.21240234375,2736200,0.0,0.0
2024-05-28 00:00:00-04:00,317.49531657580746,322.95942408197965,316.6073916617663,320.7250061035156,3807500,0.0,0.0
2024-05-29 00:00:00-04:00,318.6076381720665,318.8613395092703,315.914592522218,318.002685546875,3506200,0.0,0.0
2024-05-30 00:00:00-04:00,320.55726438491445,324.44803858289043,320.01685992309524,323.42620849609375,2921800,2.25,0.0
2024-05-31 00:00:00-04:00,324.281026508043,329.311558942514,322.276705365102,329.01678466796875,5557800,0.0,0.0
2024-06-03 00:00:00-04:00,327.8180743441959,327.8180743441959,321.1271097801759,322.27667236328125,3712800,0.0,0.0
2024-06-04 00:00:00-04:00,321.1565899565163,324.0255640718743,319.41753882186697,322.5223083496094,4296800,0.0,0.0
2024-06-05 00:00:00-04:00,322.7580889690962,324.68382137834055,320.2231984496734,324.4873352050781,2422400,0.0,0.0
2024-06-06 00:00:00-04:00,324.0353879170234,326.03973899244784,322.32581110854437,325.31268310546875,2979400,0.0,0.0
2024-06-07 00:00:00-04:00,320.03654706549753,323.07253308173557,318.2679914355827,321.3138122558594,2583800,0.0,0.0
2024-06-10 00:00:00-04:00,321.2843478299172,326.9829572962335,320.7930873592292,326.7471618652344,2691400,0.0,0.0
2024-06-11 00:00:00-04:00,327.17947057474436,330.4316124631059,324.54632167142216,329.8519287109375,3250900,0.0,0.0
2024-06-12 00:00:00-04:00,340.96425643357486,344.36377064818754,337.06364692137447,338.1247863769531,4793000,0.0,0.0
2024-06-13 00:00:00-04:00,339.8539752539995,342.59521697621847,337.0734542841502,341.79937744140625,3380800,0.0,0.0
2024-06-14 00:00:00-04:00,338.7830107361268,341.42599421235934,335.71755049203057,340.77752685546875,2589000,0.0,0.0
2024-06-17 00:00:00-04:00,338.8616453198788,344.5602545079819,338.38018969288134,343.39105224609375,2680200,0.0,0.0
2024-06-18 00:00:00-04:00,346.7807594393349,350.18027331650626,345.9554155072938,347.6846618652344,3655000,0.0,0.0
2024-06-20 00:00:00-04:00,345.84737446425436,348.7163488318177,343.47949537621525,347.26220703125,3661200,0.0,0.0
2024-06-21 00:00:00-04:00,348.63769049087426,350.02304847028705,345.89644895781686,349.5809020996094,6596400,0.0,0.0
2024-06-24 00:00:00-04:00,350.6617134383634,351.43791336756146,344.5897412955044,344.7469482421875,4278900,0.0,0.0
2024-06-25 00:00:00-04:00,340.25682691589355,340.92493396396753,328.68273135418957,332.406494140625,4980500,0.0,0.0
2024-06-26 00:00:00-04:00,333.5265414450802,336.601836706816,331.6302832751308,335.8453063964844,3365300,0.0,0.0
2024-06-27 00:00:00-04:00,336.837600917462,338.7338888958451,332.53418489479577,335.5210266113281,2912600,0.0,0.0
2024-06-28 00:00:00-04:00,335.3834918146321,339.24479148606014,334.75466409010477,338.22296142578125,6344000,0.0,0.0
2024-07-01 00:00:00-04:00,337.9085872245029,338.6258082621458,329.5276854915347,330.3136901855469,2643600,0.0,0.0
2024-07-02 00:00:00-04:00,329.14449517902074,330.9424951984618,326.7176674032599,329.1150207519531,2995900,0.0,0.0
2024-07-03 00:00:00-04:00,331.1095444169592,333.7034139941053,327.71003048705563,327.80828857421875,1733000,0.0,0.0
2024-07-05 00:00:00-04:00,326.89453268555013,330.048446483187,325.8432580704973,328.7318420410156,3437500,0.0,0.0
2024-07-08 00:00:00-04:00,330.0091141865358,334.80382082340395,329.14449102458815,333.6640930175781,3534500,0.0,0.0
2024-07-09 00:00:00-04:00,333.0254720002813,333.33005108141896,329.7045465513264,331.1979675292969,2254300,0.0,0.0
2024-07-10 00:00:00-04:00,332.72088785235223,338.272124871847,331.71869735688887,338.1640319824219,3263100,0.0,0.0
2024-07-11 00:00:00-04:00,344.64868158491254,347.9401326109002,338.96971195785454,347.6060791015625,4146900,0.0,0.0
2024-07-12 00:00:00-04:00,348.79492292057057,357.58849705547095,347.90082529470334,353.4815368652344,4019900,0.0,0.0
2024-07-15 00:00:00-04:00,352.8625950544205,354.8669162417635,348.82441828172233,352.1944580078125,2884000,0.0,0.0
2024-07-16 00:00:00-04:00,353.766484099686,362.962895607755,353.21627477693033,362.6681213378906,3210400,0.0,0.0
2024-07-17 00:00:00-04:00,360.23147478183006,368.6320164275124,359.032798092405,365.38970947265625,3991100,0.0,0.0
2024-07-18 00:00:00-04:00,363.43448099347455,369.17239954737164,359.3864996152166,359.6812438964844,2395000,0.0,0.0
2024-07-19 00:00:00-04:00,360.02510472426997,361.1746673017568,355.62343054458154,357.0087585449219,2474500,0.0,0.0
2024-07-22 00:00:00-04:00,358.1288468530895,360.8602535940568,354.7686123809452,356.90069580078125,4049300,0.0,0.0
2024-07-23 00:00:00-04:00,359.04258060060675,359.04258060060675,353.09834155803617,353.3341369628906,2535700,0.0,0.0
2024-07-24 00:00:00-04:00,352.6562148999192,355.1321867258993,343.88231057209197,344.1868896484375,3508100,0.0,0.0
2024-07-25 00:00:00-04:00,344.0788212337106,352.55795116906745,343.2240028887121,347.11480712890625,3297600,0.0,0.0
2024-07-26 00:00:00-04:00,348.8047304708509,355.3483228158403,348.8047304708509,353.22607421875,2439000,0.0,0.0
2024-07-29 00:00:00-04:00,352.9313047664839,356.5470042684441,352.6758697356995,355.34832763671875,2142100,0.0,0.0
2024-07-30 00:00:00-04:00,356.4782194764998,358.3155286555635,352.9804476739263,357.3330078125,2788800,0.0,0.0
2024-07-31 00:00:00-04:00,358.6201145122041,365.97918617123656,356.6943820188806,361.7248840332031,3526100,0.0,0.0
2024-08-01 00:00:00-04:00,363.5228835086908,364.98685997976963,347.5667543322954,352.31231689453125,3759000,0.0,0.0
2024-08-02 00:00:00-04:00,348.72614676117865,349.35497454926644,340.67929793945854,349.2174072265625,3764600,0.0,0.0
2024-08-05 00:00:00-04:00,344.7469392671129,347.7534508317783,339.2055069813949,343.89215087890625,3827900,0.0,0.0
2024-08-06 00:00:00-04:00,342.6541571630682,352.3909426894424,341.209850268993,347.7239685058594,2831100,0.0,0.0
2024-08-07 00:00:00-04:00,348.97174578824604,350.04268990891813,336.29723291155034,336.4151306152344,3429100,0.0,0.0
2024-08-08 00:00:00-04:00,336.25795900527186,342.64434515505366,335.37369615059555,342.2513427734375,3591100,0.0,0.0
2024-08-09 00:00:00-04:00,341.80919090975704,345.3855511911831,339.36269361826766,342.54608154296875,2314800,0.0,0.0
2024-08-12 00:00:00-04:00,344.6388284778495,345.3560794941394,336.1498639079343,339.7655334472656,3830200,0.0,0.0
2024-08-13 00:00:00-04:00,335.89442718086195,347.21308753956106,333.43812484387473,343.95111083984375,6388600,0.0,0.0
2024-08-14 00:00:00-04:00,343.44017155026944,353.40294795421033,343.2927994108357,349.4433898925781,4814800,0.0,0.0
2024-08-15 00:00:00-04:00,356.1245155015796,359.0229641378975,351.8800480196186,353.77630615234375,3575800,0.0,0.0
2024-08-16 00:00:00-04:00,353.678041312711,357.3428549784214,353.678041312711,355.73150634765625,3308300,0.0,0.0
2024-08-19 00:00:00-04:00,356.1638023639082,358.31552538933573,355.7708000270965,356.7238464355469,3634900,0.0,0.0
2024-08-20 00:00:00-04:00,354.3461499116275,361.2139912624522,354.19877777623594,360.8504333496094,3459400,0.0,0.0
2024-08-21 00:00:00-04:00,362.99235446703034,366.35255911658106,362.07858725221894,363.98468017578125,4587600,0.0,0.0
2024-08-22 00:00:00-04:00,365.0065085403449,365.94972019376786,358.23692525469755,358.97381591796875,4097300,0.0,0.0
2024-08-23 00:00:00-04:00,360.25111989762553,369.74227547154254,358.80681296280864,369.0250244140625,3426200,0.0,0.0
2024-08-26 00:00:00-04:00,370.48894994833284,371.9627312274037,366.84380598032817,367.57086181640625,2452100,0.0,0.0
2024-08-27 00:00:00-04:00,366.9617140840054,367.737913975209,364.51524668635096,366.6571350097656,1780300,0.0,0.0
2024-08-28 00:00:00-04:00,366.48026875513926,368.84814754814386,363.72922243106876,366.1756896972656,2218300,0.0,0.0
2024-08-29 00:00:00-04:00,368.320693961001,369.02254253183185,362.7060863920082,362.8345947265625,2698400,2.25,0.0
2024-08-30 00:00:00-04:00,364.9894979876975,366.14604284990645,360.67970244336766,364.2580261230469,3216700,0.0,0.0
2024-09-03 00:00:00-04:00,363.6649483836523,365.12792236538525,358.72250540435215,360.54132080078125,3598100,0.0,0.0
2024-09-04 00:00:00-04:00,359.9779236455323,361.7176431501885,355.86580725640766,360.47216796875,3221300,0.0,0.0
2024-09-05 00:00:00-04:00,360.6994789504686,360.9466010969359,353.46373526199835,357.6846008300781,2789200,0.0,0.0
2024-09-06 00:00:00-04:00,358.74229154161145,361.2332719228969,355.282581484465,355.9053039550781,2228800,0.0,0.0
2024-09-09 00:00:00-04:00,358.5841393499144,361.94499460502783,355.88555457321655,361.3123474121094,2747600,0.0,0.0
2024-09-10 00:00:00-04:00,361.4902696873061,367.28279802854325,358.3073353946858,366.6007385253906,2787400,0.0,0.0
2024-09-11 00:00:00-04:00,365.2959464856267,366.93684116550844,357.97127257769233,366.2251281738281,2937700,0.0,0.0
2024-09-12 00:00:00-04:00,367.658424203846,370.6733021369624,366.2943052134763,370.1197509765625,2368300,0.0,0.0
2024-09-13 00:00:00-04:00,371.23675615224397,377.6026248057264,371.187343791424,375.6157531738281,2514700,0.0,0.0
2024-09-16 00:00:00-04:00,377.6026237718994,379.57960085971035,375.16105586180174,377.6125183105469,2877800,0.0,0.0
2024-09-17 00:00:00-04:00,379.0161538590514,383.4742468300918,377.28629891310777,378.8283386230469,2947600,0.0,0.0
2024-09-18 00:00:00-04:00,379.6685738696281,388.14982275227874,376.68334922734385,379.5895080566406,3549400,0.0,0.0
2024-09-19 00:00:00-04:00,386.3408629294769,387.3590049337201,382.55496503979884,385.84661865234375,3753500,0.0,0.0
2024-09-20 00:00:00-04:00,383.859775471701,387.3194856682015,382.54509887019356,385.3721618652344,6584200,0.0,0.0
2024-09-23 00:00:00-04:00,386.33097062989765,388.130027048996,382.80208939708393,387.4479675292969,2502300,0.0,0.0
2024-09-24 00:00:00-04:00,390.15646787174063,396.4926533388726,389.0987778152348,396.0478515625,4057700,0.0,0.0
2024-09-25 00:00:00-04:00,396.0478213989549,396.0478213989549,391.06583071906715,392.3607482910156,2787300,0.0,0.0
2024-09-26 00:00:00-04:00,394.9012094792041,395.3954537964497,390.9373604016854,392.1334533691406,2849500,0.0,0.0
2024-09-27 00:00:00-04:00,395.04946097276854,398.8946960872709,393.72488987537406,394.93084716796875,2452300,0.0,0.0
2024-09-30 00:00:00-04:00,395.59311046972977,400.64427223389686,394.42667111128725,400.5355529785156,3442000,0.0,0.0
2024-10-01 00:00:00-04:00,399.369151134358,405.83387498966334,396.78921038224,404.34124755859375,3476200,0.0,0.0
2024-10-02 00:00:00-04:00,403.00680098454745,406.7234974848021,400.29832179687656,406.52581787109375,3431300,0.0,0.0
2024-10-03 00:00:00-04:00,404.2918148780131,408.21611560805223,402.1171280126477,406.84210205078125,3320700,0.0,0.0
2024-10-04 00:00:00-04:00,405.349516869131,407.079371874011,394.85177303754926,403.6591796875,3989000,0.0,0.0
2024-10-07 00:00:00-04:00,400.2291788115063,405.0925260136057,396.62117115256063,403.3626708984375,3267800,0.0,0.0
2024-10-08 00:00:00-04:00,405.0826160350372,410.5094389597156,403.7382860194429,409.4122009277344,3693900,0.0,0.0
2024-10-09 00:00:00-04:00,415.1652094774583,415.194862928627,406.02168998301426,411.28045654296875,3627800,0.0,0.0
2024-10-10 00:00:00-04:00,405.0035255775759,409.7087406784207,402.93758815014246,405.2407531738281,3040800,0.0,0.0
2024-10-11 00:00:00-04:00,405.83384574666724,408.3841630301088,404.1336442797981,407.1584167480469,2717400,0.0,0.0
2024-10-14 00:00:00-04:00,406.7432920320017,411.62642803379026,406.56534116111106,410.637939453125,2088700,0.0,0.0
2024-10-15 00:00:00-04:00,413.1388248784898,416.7072542657686,410.2425303369991,410.79608154296875,3693000,0.0,0.0
2024-10-16 00:00:00-04:00,409.1057724155529,413.9197070751864,409.1057724155529,413.79119873046875,2429000,0.0,0.0
2024-10-17 00:00:00-04:00,413.79118702497664,414.17671204822364,409.7878203712123,410.81585693359375,2013800,0.0,0.0
2024-10-18 00:00:00-04:00,411.8537478752008,411.8636424138985,408.48299830342273,410.2227478027344,2436600,0.0,0.0
2024-10-21 00:00:00-04:00,411.28043827517246,411.7647880115072,399.71511017262793,401.72174072265625,3699500,0.0,0.0
2024-10-22 00:00:00-04:00,393.9127087541667,398.31149510914986,391.64906140410307,397.2241516113281,4486700,0.0,0.0
2024-10-23 00:00:00-04:00,395.94897387792184,399.62615251567775,392.123527989909,395.0395812988281,3159000,0.0,0.0
2024-10-24 00:00:00-04:00,397.65906082223427,399.54707754228315,393.5073969125812,398.0445556640625,2550300,0.0,0.0
2024-10-25 00:00:00-04:00,398.87488028447376,398.87488028447376,393.250378142258,394.3179626464844,1941400,0.0,0.0
2024-10-28 00:00:00-04:00,398.8057179232434,401.1681898734076,397.32298509690776,398.2521667480469,2586500,0.0,0.0
2024-10-29 00:00:00-04:00,389.4051893694807,394.5156583792021,384.571465786211,390.5221862792969,3822700,0.0,0.0
2024-10-30 00:00:00-04:00,390.4529884128519,393.1120251016745,387.4282157766773,388.00152587890625,2795600,0.0,0.0
2024-10-31 00:00:00-04:00,386.0047888377356,391.1152880476226,386.0047888377356,389.2173767089844,2518600,0.0,0.0
2024-11-01 00:00:00-04:00,390.2552604380757,394.12025421885187,387.4973991530128,388.0707092285156,3277800,0.0,0.0
2024-11-04 00:00:00-05:00,387.43809477387487,395.8699008015492,386.56822003329574,391.01641845703125,2690500,0.0,0.0
2024-11-05 00:00:00-05:00,390.42334864610433,395.62280840319863,389.32611059931395,395.4844055175781,2496500,0.0,0.0
2024-11-06 00:00:00-05:00,389.50403532421706,389.50403532421706,377.32584919096803,383.8992919921875,7133400,0.0,0.0
2024-11-07 00:00:00-05:00,386.49901236548664,395.15818147731807,386.30130259444155,394.84185791015625,4323100,0.0,0.0
2024-11-08 00:00:00-05:00,399.3493862763825,401.72175283486786,397.66894362405503,401.2275085449219,3448700,0.0,0.0
2024-11-11 00:00:00-05:00,403.0759629882606,406.8618910073491,401.1582927983556,403.5899963378906,4071500,0.0,0.0
2024-11-12 00:00:00-05:00,409.4813715042824,411.2309853337715,397.56020230541395,398.43994140625,5647100,0.0,0.0
2024-11-13 00:00:00-05:00,404.4203441498715,407.98877350198677,402.03808301331196,405.4681396484375,3083100,0.0,0.0
2024-11-14 00:00:00-05:00,403.3033438380736,406.76305389550805,399.7349145157902,401.0495910644531,3348100,0.0,0.0
2024-11-15 00:00:00-05:00,398.262043700125,404.20286973183374,398.262043700125,403.48126220703125,3239500,0.0,0.0
2024-11-18 00:00:00-05:00,400.83210465706094,407.79107245450786,399.29995948012277,405.7152404785156,3394300,0.0,0.0
2024-11-19 00:00:00-05:00,403.67898588905143,404.4500058029956,394.76279926497983,402.1171569824219,3239400,0.0,0.0
2024-11-20 00:00:00-05:00,401.3263475036621,402.0183015486272,395.3163504496752,395.3954162597656,4732200,0.0,0.0
2024-11-21 00:00:00-05:00,396.71008746346877,406.6543098029686,395.771041462121,405.7251281738281,3722200,0.0,0.0
2024-11-22 00:00:00-05:00,407.3462435876884,415.30359452742016,406.2193823253869,415.1651916503906,4932500,0.0,0.0
2024-11-25 00:00:00-05:00,420.10764623815527,425.2972112799207,419.5738539587303,423.73541259765625,4544200,0.0,0.0
2024-11-26 00:00:00-05:00,423.6661994661923,434.31221031252204,419.81110014623147,424.5755920410156,2758600,0.0,0.0
2024-11-27 00:00:00-05:00,425.8972363871218,427.3877773238533,423.2738697824104,424.4961242675781,2293500,2.25,0.0
2024-11-29 00:00:00-05:00,425.85747633122924,428.2820919926507,424.8439194203594,426.42388916015625,2028700,0.0,0.0
2024-12-02 00:00:00-05:00,426.29469169533166,427.68585711835533,420.4915228413388,424.2675476074219,2617100,0.0,0.0
2024-12-03 00:00:00-05:00,427.02012565489514,427.9641167423899,420.65054359345197,426.64251708984375,2714000,0.0,0.0
2024-12-04 00:00:00-05:00,423.72103953575106,426.1257619051697,422.8167744050581,425.2215270996094,1968800,0.0,0.0
2024-12-05 00:00:00-05:00,423.90983893668016,427.04991541178237,423.1943780901362,423.8502197265625,2523500,0.0,0.0
2024-12-06 00:00:00-05:00,425.996603919928,433.0021340621368,424.31725873645325,428.6497497558594,3161400,0.0,0.0
2024-12-09 00:00:00-05:00,429.62359501276825,433.6082872208216,425.33082977416205,426.47357177734375,3426000,0.0,0.0
2024-12-10 00:00:00-05:00,424.2079282309357,424.6153463770055,418.7525583161331,419.92510986328125,3354900,0.0,0.0
2024-12-11 00:00:00-05:00,422.5484754500861,425.3009966844779,418.603509384657,418.7227478027344,4211200,0.0,0.0
2024-12-12 00:00:00-05:00,418.77244529774,420.08412862493805,410.5744699904526,411.8066711425781,3673600,0.0,0.0
2024-12-13 00:00:00-05:00,413.14813335765666,415.50321355316595,411.56816357531767,414.35052490234375,2649500,0.0,0.0
2024-12-16 00:00:00-05:00,415.21501485338473,415.8410468815137,408.1001626732066,408.1200256347656,2879600,0.0,0.0
2024-12-17 00:00:00-05:00,407.414515554835,407.81198706595956,403.668300316659,405.8941650390625,3726500,0.0,0.0
2024-12-18 00:00:00-05:00,404.43342647256884,408.12002243414423,390.89932009963564,391.3365478515625,4225500,0.0,0.0
2024-12-19 00:00:00-05:00,392.25074760701483,392.6482494547093,382.46288627277096,382.592041015625,4576100,0.0,0.0
2024-12-20 00:00:00-05:00,380.95243130883654,390.80988828784854,380.6344419780322,390.1242370605469,8046400,0.0,0.0
2024-12-23 00:00:00-05:00,388.63369635823614,390.76018556801574,384.5893548447319,389.9751892089844,2433800,0.0,0.0
2024-12-24 00:00:00-05:00,389.6572147986837,393.6419372558594,388.03748880262077,393.6419372558594,1392600,0.0,0.0
2024-12-26 00:00:00-05:00,390.0447506899648,393.28420277360317,389.1504321716676,392.64825439453125,1319500,0.0,0.0
2024-12-27 00:00:00-05:00,389.6671683299869,392.9761559102392,388.9020045642591,390.3825988769531,1942700,0.0,0.0
2024-12-30 00:00:00-05:00,388.0672820140733,388.74298659580774,383.24786047865723,386.9742126464844,2444700,0.0,0.0
2024-12-31 00:00:00-05:00,387.5505745087278,388.9914124941743,384.8576421579264,386.5369873046875,2179700,0.0,0.0
2025-01-02 00:00:00-05:00,389.6572156186947,390.193818845697,383.94347537462164,386.0103454589844,2415700,0.0,0.0
2025-01-03 00:00:00-05:00,387.36177823700893,388.5442764493855,383.37705584109466,386.7257995605469,2231600,0.0,0.0
2025-01-06 00:00:00-05:00,388.03749084166975,391.50547305321595,385.5830655508695,386.91461181640625,3274500,0.0,0.0
2025-01-07 00:00:00-05:00,388.43495901842675,389.4286529684996,380.6841583379121,381.8070373535156,2274300,0.0,0.0
2025-01-08 00:00:00-05:00,380.5847741565303,385.24520110158556,377.7030678323819,384.75830078125,2848500,0.0,0.0
2025-01-10 00:00:00-05:00,386.45750449453175,390.4322801583667,382.19454910403186,387.43133544921875,5323400,0.0,0.0
2025-01-13 00:00:00-05:00,387.53068922441565,393.3636677891745,385.25515194021006,386.7257995605469,3512900,0.0,0.0
2025-01-14 00:00:00-05:00,388.1269084533745,391.7141593095,387.1729707716761,390.3031005859375,3405200,0.0,0.0
2025-01-15 00:00:00-05:00,404.08564099383227,405.42713389896574,399.22649331984763,403.5291748046875,4584800,0.0,0.0
2025-01-16 00:00:00-05:00,403.7080172975291,407.52379830503895,401.37286084947436,406.74871826171875,2305900,0.0,0.0
2025-01-17 00:00:00-05:00,410.8824989477483,411.8364669674969,405.9537854795775,406.7984313964844,3229000,0.0,0.0
2025-01-21 00:00:00-05:00,410.395600459598,417.5700719760374,410.395600459598,415.7913513183594,3568100,0.0,0.0
2025-01-22 00:00:00-05:00,414.9168870585785,414.9168870585785,406.74872176622813,407.5138854980469,3581400,0.0,0.0
2025-01-23 00:00:00-05:00,408.9746312178814,412.0749515272964,406.1724069670128,411.77685546875,3840300,0.0,0.0
2025-01-24 00:00:00-05:00,411.4787207608222,412.3929325304251,408.1697332773659,411.8861389160156,2369800,0.0,0.0
2025-01-27 00:00:00-05:00,412.2836051757742,423.50241812790694,411.3892867044865,422.19073486328125,3699200,0.0,0.0
2025-01-28 00:00:00-05:00,420.5710060935029,420.5710060935029,414.0722696738507,416.1888122558594,2818300,0.0,0.0
2025-01-29 00:00:00-05:00,417.5700643556455,418.7128063097853,409.1932318062238,410.8129577636719,2384900,0.0,0.0
2025-01-30 00:00:00-05:00,413.78409798405346,414.688363110195,408.92492005211693,411.8861389160156,3081300,0.0,0.0
2025-01-31 00:00:00-05:00,410.5645478018538,413.7542969302292,407.7325139438907,409.3820495605469,2761800,0.0,0.0
2025-02-03 00:00:00-05:00,403.5589759851262,409.3025257157797,398.4812145339066,406.1823425292969,2896200,0.0,0.0
2025-02-04 00:00:00-05:00,406.9276164840489,409.9782338433231,403.52916985440993,408.8951110839844,2150800,0.0,0.0
2025-02-05 00:00:00-05:00,412.53204886631795,412.53204886631795,405.5662747022258,411.21044921875,2212100,0.0,0.0
2025-02-06 00:00:00-05:00,412.2935492508798,415.1553926012793,410.3955902188422,411.54827880859375,2023700,0.0,0.0
2025-02-07 00:00:00-05:00,410.5943389483946,411.67746167973695,403.93657756935136,404.80108642578125,2530200,0.0,0.0
2025-02-10 00:00:00-05:00,408.05048314637645,412.3333014870332,406.21214334159737,411.37933349609375,2617600,0.0,0.0
2025-02-11 00:00:00-05:00,411.38930231167217,413.9431030847307,410.13723820928965,413.7344055175781,1441800,0.0,0.0
2025-02-12 00:00:00-05:00,406.0034621947582,407.06672200307906,399.58420774591997,404.57257080078125,3387000,0.0,0.0
2025-02-13 00:00:00-05:00,406.1326503667856,410.3757429889416,404.92034252118856,409.8291931152344,3067900,0.0,0.0
2025-02-14 00:00:00-05:00,412.38298017900064,415.36406196342716,405.98358885575453,406.91766357421875,3004400,0.0,0.0
2025-02-18 00:00:00-05:00,405.7351627234916,406.29162889360583,397.69618253634724,400.7666931152344,3994000,0.0,0.0
2025-02-19 00:00:00-05:00,394.7151220739772,396.1261808619345,390.46211307278145,392.9364013671875,3780000,0.0,0.0
2025-02-20 00:00:00-05:00,390.5217250597066,392.27063612788425,388.63371260663286,392.1513977050781,2703500,0.0,0.0
2025-02-21 00:00:00-05:00,393.9002787709919,395.3113375339978,381.479104299624,382.8702697753906,5287000,0.0,0.0
2025-02-24 00:00:00-05:00,383.65529318037136,384.1123839059337,375.81506369080904,380.0084533691406,5722000,0.0,0.0
2025-02-25 00:00:00-05:00,382.57217458670834,398.48122458979816,381.76728490514694,390.8099060058594,6823900,0.0,0.0
2025-02-26 00:00:00-05:00,392.7475710300257,396.3546847730109,386.10970299355574,388.0176086425781,3871500,0.0,0.0
2025-02-27 00:00:00-05:00,387.45121417512274,392.97615014664166,385.88116074195176,387.8089294433594,2825100,0.0,0.0
2025-02-28 00:00:00-05:00,391.9327839920741,394.3673159924461,387.81887645267545,394.0990295410156,4263500,0.0,0.0
2025-03-03 00:00:00-05:00,394.44683289525676,394.5660713194461,384.0329091891438,387.23260498046875,3397600,0.0,0.0
2025-03-04 00:00:00-05:00,383.714915002481,385.513498636634,376.5106338222675,379.2731018066406,4384800,0.0,0.0
2025-03-05 00:00:00-05:00,376.61000913355116,384.6787992001696,375.6262618216512,383.9136657714844,2780300,0.0,0.0
2025-03-06 00:00:00-05:00,381.0816423737755,385.3147884442128,378.32912095868454,379.32281494140625,4222000,0.0,0.0
2025-03-07 00:00:00-05:00,377.1068443689316,378.2495863171444,366.5736827036136,374.4238586425781,4573900,0.0,0.0
2025-03-10 00:00:00-04:00,375.05985977496374,380.7040343264729,370.2603008498106,372.2874450683594,3710500,0.0,0.0
2025-03-11 00:00:00-04:00,371.8601619922978,372.5656762262705,363.42370981558537,365.83837890625,4013300,0.0,0.0
2025-03-12 00:00:00-04:00,369.62432691913375,369.65413652359,359.4687738908836,362.42999267578125,3368000,0.0,0.0
2025-03-13 00:00:00-04:00,361.9100036621094,362.0,345.260009765625,347.25,7062400,2.3,0.0
2025-03-14 00:00:00-04:00,350.6499938964844,351.3900146484375,345.4200134277344,351.30999755859375,5510700,0.0,0.0
2025-03-17 00:00:00-04:00,351.760009765625,355.54998779296875,350.9599914550781,354.1300048828125,3681300,0.0,0.0
2025-03-18 00:00:00-04:00,353.5299987792969,353.8900146484375,347.5899963378906,349.57000732421875,3008200,0.0,0.0
2025-03-19 00:00:00-04:00,352.0,354.42999267578125,348.989990234375,353.4200134277344,2990200,0.0,0.0
2025-03-20 00:00:00-04:00,354.69000244140625,361.7699890136719,352.20001220703125,355.5199890136719,3391200,0.0,0.0
2025-03-21 00:00:00-04:00,352.0899963378906,353.3900146484375,346.2799987792969,351.1499938964844,8205400,0.0,0.0
2025-03-24 00:00:00-04:00,354.6199951171875,364.42999267578125,354.2799987792969,363.7699890136719,4023200,0.0,0.0
2025-03-25 00:00:00-04:00,361.5299987792969,363.6499938964844,358.5400085449219,360.989990234375,2799500,0.0,0.0
2025-03-26 00:00:00-04:00,360.3900146484375,364.7300109863281,360.1199951171875,362.1300048828125,3140900,0.0,0.0
2025-03-27 00:00:00-04:00,361.8999938964844,365.2099914550781,361.1499938964844,362.7300109863281,3036600,0.0,0.0
2025-03-28 00:00:00-04:00,363.1600036621094,363.20001220703125,356.1700134277344,358.1499938964844,2980200,0.0,0.0
2025-03-31 00:00:00-04:00,353.5,368.739990234375,352.6499938964844,366.489990234375,4498800,0.0,0.0
2025-04-01 00:00:00-04:00,364.1400146484375,367.2900085449219,361.9200134277344,365.5199890136719,2801600,0.0,0.0
2025-04-02 00:00:00-04:00,362.55999755859375,372.30999755859375,362.260009765625,370.8900146484375,3189500,0.0,0.0
2025-04-03 00:00:00-04:00,355.7799987792969,360.0400085449219,351.7099914550781,355.9100036621094,5407100,0.0,0.0
2025-04-04 00:00:00-04:00,350.7099914550781,365.44000244140625,349.0400085449219,353.8999938964844,7531100,0.0,0.0
2025-04-07 00:00:00-04:00,344.29998779296875,354.2200012207031,333.5,341.510009765625,6950500,0.0,0.0
2025-04-08 00:00:00-04:00,350.3800048828125,354.0,329.739990234375,335.239990234375,4868000,0.0,0.0
2025-04-09 00:00:00-04:00,328.6000061035156,356.0400085449219,326.30999755859375,355.3900146484375,6793000,0.0,0.0
2025-04-10 00:00:00-04:00,352.8500061035156,355.2900085449219,339.6600036621094,353.6199951171875,5574800,0.0,0.0
2025-04-11 00:00:00-04:00,350.30999755859375,354.4700012207031,344.20001220703125,353.8599853515625,3576400,0.0,0.0
2025-04-14 00:00:00-04:00,357.79998779296875,359.0199890136719,353.6000061035156,357.20001220703125,2841800,0.0,0.0
2025-04-15 00:00:00-04:00,356.55999755859375,361.44000244140625,353.32000732421875,354.1099853515625,2883100,0.0,0.0
2025-04-16 00:00:00-04:00,351.8399963378906,353.79998779296875,344.32000732421875,345.989990234375,2637200,0.0,0.0
2025-04-17 00:00:00-04:00,348.54998779296875,357.5,348.3699951171875,355.05999755859375,3231700,0.0,0.0
2025-04-21 00:00:00-04:00,354.2900085449219,354.3599853515625,341.79998779296875,346.8999938964844,4015200,0.0,0.0
2025-04-22 00:00:00-04:00,351.1600036621094,356.2200012207031,350.4200134277344,354.42999267578125,2802400,0.0,0.0
2025-04-23 00:00:00-04:00,361.9200134277344,364.8399963378906,354.8500061035156,356.4200134277344,3283300,0.0,0.0
2025-04-24 00:00:00-04:00,356.5,360.3999938964844,354.6099853515625,359.6400146484375,2746600,0.0,0.0
