Date,Open,High,Low,Close,Volume,Dividends,Stock Splits
2020-04-27 00:00:00-04:00,95.48486546670425,96.57234525384102,95.41642726635075,95.75863647460938,5150295,0.0,0.0
2020-04-28 00:00:00-04:00,97.36321968184427,97.49249788625212,95.3479677700566,96.02478790283203,4997893,0.0,0.0
2020-04-29 00:00:00-04:00,98.00962953202202,98.3366363104916,96.98299586871808,97.86514282226562,5499450,0.0,0.0
2020-04-30 00:00:00-04:00,96.21490391016647,96.7852585552291,95.22629161958963,95.48484802246094,6941047,0.0,0.0
2020-05-01 00:00:00-04:00,93.68254554508968,93.89547651752105,92.31369664365366,92.67871856689453,5152073,0.0,0.0
2020-05-04 00:00:00-04:00,91.88022561022451,92.75476831273083,90.7927519324494,92.53423309326172,4202723,0.0,0.0
2020-05-05 00:00:00-04:00,93.83463096657084,94.54187417674062,93.13499806888167,93.2186508178711,4078772,0.0,0.0
2020-05-06 00:00:00-04:00,93.72055758433757,94.33653770899085,93.08936897297625,93.66732788085938,4042372,0.0,0.0
2020-05-07 00:00:00-04:00,94.77708120194495,94.99286779632851,93.13555076927841,93.42840576171875,4615580,1.558317,0.0
2020-05-08 00:00:00-04:00,94.53817853874718,94.96975173940875,93.29739636151595,94.7847900390625,5232615,0.0,0.0
2020-05-11 00:00:00-04:00,93.87540947163633,95.13931044952648,92.99684438274514,94.47653198242188,3697924,0.0,0.0
2020-05-12 00:00:00-04:00,94.80019567354323,95.809778727869,92.68085479736328,92.68085479736328,5004587,0.0,0.0
2020-05-13 00:00:00-04:00,92.44194215271854,92.47277320029369,88.51152173104501,89.18971252441406,6153409,0.0,0.0
2020-05-14 00:00:00-04:00,88.29574538810415,90.23783715113348,86.16869191905111,90.12994384765625,5501332,0.0,0.0
2020-05-15 00:00:00-04:00,89.34386563726453,90.46904224877564,88.81980538513491,90.15306854248047,5006470,0.0,0.0
2020-05-18 00:00:00-04:00,92.38802845614332,94.29928956439674,92.28784135712108,93.68275451660156,4399162,0.0,0.0
2020-05-19 00:00:00-04:00,93.39760584799401,94.15286528060021,92.58840282747077,92.7040023803711,3390191,0.0,0.0
2020-05-20 00:00:00-04:00,93.19721685258583,94.38404940097791,92.94289295640753,93.54402160644531,4017372,0.0,0.0
2020-05-21 00:00:00-04:00,93.24347297208531,93.80606445701896,91.68672282988375,91.80232238769531,4184941,0.0,0.0
2020-05-22 00:00:00-04:00,91.99498260654428,92.07205102199072,90.62318818243627,91.2397232055664,4373117,0.0,0.0
2020-05-26 00:00:00-04:00,93.48237253931916,94.49965589854894,93.25887967938027,93.83688354492188,5720888,0.0,0.0
2020-05-27 00:00:00-04:00,95.51693773546356,96.97350047138103,95.15472053276687,96.75000762939453,5990965,0.0,0.0
2020-05-28 00:00:00-04:00,97.77500762898921,97.85206988812052,95.73272860738535,95.97163391113281,4095404,0.0,0.0
2020-05-29 00:00:00-04:00,95.30886894856256,96.43404567127689,94.206804755154,96.25679016113281,8294675,0.0,0.0
2020-06-01 00:00:00-04:00,96.05642412253981,96.91187068959508,95.5863135145065,96.24909210205078,3003798,0.0,0.0
2020-06-02 00:00:00-04:00,96.8501911904424,97.1045150756836,96.07181323435776,97.1045150756836,3115093,0.0,0.0
2020-06-03 00:00:00-04:00,97.99080282021225,99.87894518815251,97.87520327119073,99.455078125,4097914,0.0,0.0
2020-06-04 00:00:00-04:00,98.47630119426225,99.37798483117253,97.89059121897057,99.33174133300781,4042581,0.0,0.0
2020-06-05 00:00:00-04:00,103.18510565469563,103.44714192474522,101.53587498051921,101.7747802734375,6163764,0.0,0.0
2020-06-08 00:00:00-04:00,101.93662211997639,104.71874787239491,101.93662211997639,104.61856079101562,5617543,0.0,0.0
2020-06-09 00:00:00-04:00,102.8999718430538,102.96162165285743,100.97329228228166,101.62836456298828,5641706,0.0,0.0
2020-06-10 00:00:00-04:00,101.84413563001364,101.90579158061308,100.03306203990194,100.08700561523438,4952601,0.0,0.0
2020-06-11 00:00:00-04:00,97.1276500824251,97.18159981874838,90.81585689430032,90.94686889648438,12304726,0.0,0.0
2020-06-12 00:00:00-04:00,93.44383485750818,94.8849851570154,91.92561000106754,93.95247650146484,6506434,0.0,0.0
2020-06-15 00:00:00-04:00,91.85624365531417,94.30697705619104,91.16264032678069,93.7520980834961,5385959,0.0,0.0
2020-06-16 00:00:00-04:00,96.33386333705943,98.26053691366802,94.91583148627195,96.449462890625,5864608,0.0,0.0
2020-06-17 00:00:00-04:00,96.97350551814735,97.29719160983667,95.10077575285726,95.67877960205078,3302013,0.0,0.0
2020-06-18 00:00:00-04:00,94.79251528897287,95.87145465739005,94.27616735950298,95.68649291992188,2997208,0.0,0.0
2020-06-19 00:00:00-04:00,97.23554598975693,97.73648148227252,94.21451443086065,94.38406372070312,8471554,0.0,0.0
2020-06-22 00:00:00-04:00,94.11430998233814,94.40716499706859,92.88894634582431,93.30510711669922,4993081,0.0,0.0
2020-06-23 00:00:00-04:00,94.02955220140436,94.71544943379894,91.88709200995842,92.02581024169922,6937700,0.0,0.0
2020-06-24 00:00:00-04:00,91.18576399431821,91.18576399431821,89.30532204062857,89.72148895263672,7061546,0.0,0.0
2020-06-25 00:00:00-04:00,89.98352425778668,91.87167267479315,89.47488257920918,91.73294830322266,6412608,0.0,0.0
2020-06-26 00:00:00-04:00,91.1395108409285,91.70210212241481,89.59816756024007,90.31489562988281,11244605,0.0,0.0
2020-06-29 00:00:00-04:00,90.92375353821808,92.31096047747776,90.45364294819026,92.287841796875,4350837,0.0,0.0
2020-06-30 00:00:00-04:00,91.8562499406508,93.4052997354511,91.70982549971284,93.07391357421875,4099797,0.0,0.0
2020-07-01 00:00:00-04:00,92.68857161666632,93.42841229921036,91.22429655200449,91.35530853271484,4869967,0.0,0.0
2020-07-02 00:00:00-04:00,92.24157661185717,93.57483964977287,91.91019048375223,92.24928283691406,3919362,0.0,0.0
2020-07-06 00:00:00-04:00,93.44383790487329,93.9062360597935,92.06433121535274,92.62692260742188,4231488,0.0,0.0
2020-07-07 00:00:00-04:00,91.70983801424408,92.10288018594831,90.42281817260684,90.61548614501953,4474893,0.0,0.0
2020-07-08 00:00:00-04:00,90.98538879545791,91.43237445292978,89.76772527464166,90.71565246582031,5431669,0.0,0.0
2020-07-09 00:00:00-04:00,90.93915280702849,90.93915280702849,88.78127429210475,89.17431640625,4982098,0.0,0.0
2020-07-10 00:00:00-04:00,89.0124843858233,91.3784497395989,88.8506474748098,91.20890045166016,4482842,0.0,0.0
2020-07-13 00:00:00-04:00,92.3109368021074,93.24344536591012,91.44778426232499,91.86394500732422,4864632,0.0,0.0
2020-07-14 00:00:00-04:00,91.41696153455071,93.16638533035001,90.87748887803819,92.94288635253906,4742982,0.0,0.0
2020-07-15 00:00:00-04:00,94.33009907146847,95.53235021367777,94.13743728192959,94.7925033569336,4679176,0.0,0.0
2020-07-16 00:00:00-04:00,94.54588761757542,95.93309426182503,94.14513930480196,95.57087707519531,4530121,0.0,0.0
2020-07-17 00:00:00-04:00,95.86373213048157,96.81936556150063,94.94663597584433,96.41861724853516,4167892,0.0,0.0
2020-07-20 00:00:00-04:00,97.15846609859474,97.92913788845055,96.44174404012573,97.3896713256836,10384374,0.0,0.0
2020-07-21 00:00:00-04:00,101.08118585922374,101.85956391175684,96.95039028251483,97.15076446533203,16063004,0.0,0.0
2020-07-22 00:00:00-04:00,97.02745626520488,99.77875117202485,96.95038785446212,99.16221618652344,8572388,0.0,0.0
2020-07-23 00:00:00-04:00,99.49359701322892,99.70167740590331,97.99079076045837,98.12950897216797,4414225,0.0,0.0
2020-07-24 00:00:00-04:00,97.47444685084965,98.37613063913696,96.71918750585779,96.94268035888672,3693531,0.0,0.0
2020-07-27 00:00:00-04:00,96.2259554470239,97.35113205505176,96.1103559109538,97.266357421875,3905136,0.0,0.0
2020-07-28 00:00:00-04:00,96.9658095278647,97.36655792157322,95.67878970188225,95.92540740966797,4370397,0.0,0.0
2020-07-29 00:00:00-04:00,95.99474195946799,97.09680594565762,95.61711848087786,96.58045196533203,2963109,0.0,0.0
2020-07-30 00:00:00-04:00,95.3396861913562,95.486110633475,93.74439902872729,94.71543884277344,4171553,0.0,0.0
2020-07-31 00:00:00-04:00,94.56902134655311,94.7848079877458,93.32053270790888,94.74627685546875,5519847,0.0,0.0
2020-08-03 00:00:00-04:00,95.17783708844543,95.87914665127852,94.13743515740397,95.80207824707031,3688301,0.0,0.0
2020-08-04 00:00:00-04:00,95.4244514420091,96.99661977235768,95.4244514420091,96.981201171875,3625541,0.0,0.0
2020-08-05 00:00:00-04:00,97.66711336339243,97.68252581506837,96.03328893200076,96.68064880371094,3786102,0.0,0.0
2020-08-06 00:00:00-04:00,96.33383842636852,97.304884265573,96.33383842636852,97.19699096679688,3574287,0.0,0.0
2020-08-07 00:00:00-04:00,96.42403445555182,97.64983419902913,96.19761534712002,97.56394958496094,3818946,1.558317,0.0
2020-08-10 00:00:00-04:00,97.92309893721772,99.344083097077,97.7357154520664,99.24258422851562,4150842,0.0,0.0
2020-08-11 00:00:00-04:00,100.53084315165987,101.86594895404069,98.85221133711505,98.96151733398438,5231255,0.0,0.0
2020-08-12 00:00:00-04:00,99.63295446496761,99.77349517870816,98.28224081866047,98.9224624633789,3692066,0.0,0.0
2020-08-13 00:00:00-04:00,98.34472061693444,98.68045199811557,97.41561643498083,97.61861419677734,3317180,0.0,0.0
2020-08-14 00:00:00-04:00,96.97057218189366,98.03240360909535,96.74414683912171,97.80598449707031,3099716,0.0,0.0
2020-08-17 00:00:00-04:00,97.79037358677719,98.0558345680218,97.13453137518641,97.157958984375,3514665,0.0,0.0
2020-08-18 00:00:00-04:00,97.59520861766657,97.98558995059715,97.00182949007201,97.53274536132812,3014990,0.0,0.0
2020-08-19 00:00:00-04:00,97.4624465346513,97.9855550916095,96.42403031540965,96.68949127197266,3916119,0.0,0.0
2020-08-20 00:00:00-04:00,96.18982158907608,96.84565762824501,95.88532495001601,96.1507797241211,2679015,0.0,0.0
2020-08-21 00:00:00-04:00,96.04146524094627,96.40842509309773,95.49493525654238,96.15858459472656,3540815,0.0,0.0
2020-08-24 00:00:00-04:00,96.65045081619212,98.42278046597004,96.3147257259674,98.12609100341797,4258057,0.0,0.0
2020-08-25 00:00:00-04:00,98.3759398063583,99.01616149829457,97.19698905659462,97.31410217285156,3114674,0.0,0.0
2020-08-26 00:00:00-04:00,97.55614298218606,97.6888703515047,96.77538055637713,96.9471435546875,3544162,0.0,0.0
2020-08-27 00:00:00-04:00,97.28288666852694,97.67326792870884,96.79881365667148,97.3219223022461,3580144,0.0,0.0
2020-08-28 00:00:00-04:00,97.56395668827258,97.82941144481372,96.98619195574638,97.64984130859375,3242182,0.0,0.0
2020-08-31 00:00:00-04:00,97.79036395596977,97.79036395596977,96.0570699685555,96.27568817138672,5049983,0.0,0.0
2020-09-01 00:00:00-04:00,95.91654566005143,96.77538561952386,95.37001567183965,96.34596252441406,3300444,0.0,0.0
2020-09-02 00:00:00-04:00,96.59581402283226,100.48400606486247,96.48650801979502,100.07801055908203,6895650,0.0,0.0
2020-09-03 00:00:00-04:00,100.08580965789858,101.45995105835898,96.54115016247766,97.16576385498047,5979773,0.0,0.0
2020-09-04 00:00:00-04:00,97.0876975400218,97.86846007246108,94.65952531644587,95.48713684082031,6295037,0.0,0.0
2020-09-08 00:00:00-04:00,95.37785070991266,95.93218798655536,94.24574230965472,94.63612365722656,5449974,0.0,0.0
2020-09-09 00:00:00-04:00,95.35439559834323,96.58019541779021,94.69855960967146,95.45589447021484,3944152,0.0,0.0
2020-09-10 00:00:00-04:00,95.66670462023568,96.48650271330204,93.87876057551631,94.12860107421875,4161406,0.0,0.0
2020-09-11 00:00:00-04:00,94.77663368762282,95.79942949572374,94.26132598984587,94.83128356933594,3711313,0.0,0.0
2020-09-14 00:00:00-04:00,95.53398605341839,96.33036289336617,95.06553348691837,95.32318115234375,3809009,0.0,0.0
2020-09-15 00:00:00-04:00,95.89314799653205,96.34598635150542,95.44030341080996,95.5964584350586,3049299,0.0,0.0
2020-09-16 00:00:00-04:00,95.80724750262293,98.23541348957413,95.80724750262293,96.98619842529297,3962666,0.0,0.0
2020-09-17 00:00:00-04:00,95.73699372214702,98.02462559159069,95.22949923548704,97.53274536132812,3317180,0.0,0.0
2020-09-18 00:00:00-04:00,97.01742675263537,97.53272827723247,95.76039833309358,95.84628295898438,5639614,0.0,0.0
2020-09-21 00:00:00-04:00,94.06614393564197,94.23791318385844,92.5827026380372,93.8865737915039,5555724,0.0,0.0
2020-09-22 00:00:00-04:00,93.94903597192202,94.82349028368886,93.32442841955194,94.0895767211914,3093859,0.0,0.0
2020-09-23 00:00:00-04:00,94.31599823400612,94.93279867474712,92.46559068103508,92.77790069580078,4120612,0.0,0.0
2020-09-24 00:00:00-04:00,92.20793377446086,93.31661427733393,90.94309827986034,92.20012664794922,3709325,0.0,0.0
2020-09-25 00:00:00-04:00,91.81754250099796,93.23071947577232,91.30224105375531,92.87156677246094,3089570,0.0,0.0
2020-09-28 00:00:00-04:00,94.13640109697218,95.51054242838607,94.01148085704729,95.04208374023438,3670623,0.0,0.0
2020-09-29 00:00:00-04:00,94.79224517170229,95.40123836320544,93.8553277765076,94.42528533935547,2203504,0.0,0.0
2020-09-30 00:00:00-04:00,94.76883538122468,95.96340053308884,94.31599087972334,94.99525451660156,3411111,0.0,0.0
2020-10-01 00:00:00-04:00,95.53397151009528,96.26789121918269,93.97245280822806,94.54240417480469,3359438,0.0,0.0
2020-10-02 00:00:00-04:00,92.94184843415908,95.0577105907409,92.77007918727864,94.13641357421875,3059759,0.0,0.0
2020-10-05 00:00:00-04:00,95.12798428219712,95.83847644360232,94.51118387411167,95.26071166992188,3190823,0.0,0.0
2020-10-06 00:00:00-04:00,95.70574279101444,97.46245837770482,94.9327874344109,95.22947692871094,4050426,0.0,0.0
2020-10-07 00:00:00-04:00,95.77602844417478,97.11893539383838,95.5027602853732,96.86909484863281,2944908,0.0,0.0
2020-10-08 00:00:00-04:00,102.17045050239153,105.79318151864986,101.31941763402837,102.6623306274414,26452189,0.0,0.0
2020-10-09 00:00:00-04:00,103.06051969942305,103.06051969942305,99.62516592740188,99.77351379394531,8737970,0.0,0.0
2020-10-12 00:00:00-04:00,99.99212759483858,100.13266210657599,98.71948493948986,99.32067108154297,4848315,0.0,0.0
2020-10-13 00:00:00-04:00,98.82097194887245,99.27381639807828,97.17356871650037,97.67325592041016,5654781,0.0,0.0
2020-10-14 00:00:00-04:00,97.69668692718187,99.1098640638295,97.69668692718187,98.3291015625,3899593,0.0,0.0
2020-10-15 00:00:00-04:00,96.87690077717212,97.76696939110336,96.69732438273238,97.50931549072266,3541024,0.0,0.0
2020-10-16 00:00:00-04:00,97.72791767572903,98.71167795151645,97.32972928937448,98.32129669189453,4927078,0.0,0.0
2020-10-19 00:00:00-04:00,99.00056475948465,99.42998167197027,97.65765790170796,98.00119018554688,7822720,0.0,0.0
2020-10-20 00:00:00-04:00,93.53523554390301,93.80850369111394,91.22418256040744,91.63798522949219,22490151,0.0,0.0
2020-10-21 00:00:00-04:00,91.0836559835308,91.88784000999294,89.6236295927046,89.83443450927734,10204044,0.0,0.0
2020-10-22 00:00:00-04:00,89.78757813849069,90.6151834234663,88.21043883636914,90.38095092773438,8217167,0.0,0.0
2020-10-23 00:00:00-04:00,90.9587254200921,91.0524171822535,90.20139042593136,90.56834411621094,4072496,0.0,0.0
2020-10-26 00:00:00-04:00,89.35815295554154,89.70949857568108,87.32036829712419,87.61705780029297,7534756,0.0,0.0
2020-10-27 00:00:00-04:00,87.56239938239042,87.61705549792495,85.9071888940209,86.32099151611328,6209161,0.0,0.0
2020-10-28 00:00:00-04:00,84.83754345187032,85.6729558166692,82.69825375714179,83.2682113647461,9860956,0.0,0.0
2020-10-29 00:00:00-04:00,83.73667370331036,85.60269536406993,83.19013745121448,85.0327377319336,7071169,0.0,0.0
2020-10-30 00:00:00-04:00,84.24416462642498,87.28913082887564,84.12705150029184,87.17982482910156,8285889,0.0,0.0
2020-11-02 00:00:00-05:00,87.95279445655802,88.8740915931494,87.64049065927696,88.15579223632812,5555829,0.0,0.0
2020-11-03 00:00:00-05:00,89.00682411356175,90.29508115548754,88.7179417027634,89.13174438476562,4397698,0.0,0.0
2020-11-04 00:00:00-05:00,87.70292643512241,88.93652698252772,86.78943048159216,87.36719512939453,6066905,0.0,0.0
2020-11-05 00:00:00-05:00,88.4602868352579,90.01400488841536,88.23386767791023,89.6080093383789,5127701,0.0,0.0
2020-11-06 00:00:00-05:00,89.85003115642695,89.86564540929841,88.53054578907397,89.03804016113281,5490663,0.0,0.0
2020-11-09 00:00:00-05:00,93.37073828602917,94.84401523280182,91.30340468122363,91.50934600830078,9405841,1.558317,0.0
2020-11-10 00:00:00-05:00,92.42816307546086,93.6004420626838,92.07964308818887,93.39450073242188,5881449,0.0,0.0
2020-11-11 00:00:00-05:00,93.56083008312129,93.74301039084065,92.05587194275962,92.83211517333984,4486922,0.0,0.0
2020-11-12 00:00:00-05:00,91.58856038536149,92.17470310108907,89.88558722529244,90.69351196289062,6797117,0.0,0.0
2020-11-13 00:00:00-05:00,91.24003586716876,92.96677614861612,91.09746353317999,92.55489349365234,4898000,0.0,0.0
2020-11-16 00:00:00-05:00,93.70340246530259,93.90142343972052,92.7687462473322,93.75093078613281,5536896,0.0,0.0
2020-11-17 00:00:00-05:00,93.14895501250206,93.89351064915577,92.72915203007516,93.22816467285156,4324687,0.0,0.0
2020-11-18 00:00:00-05:00,93.24399834852969,94.16281390483294,92.47567544661851,92.49151611328125,4818713,0.0,0.0
2020-11-19 00:00:00-05:00,92.30935119121403,93.0301458428298,91.79449786863134,92.8162841796875,3597822,0.0,0.0
2020-11-20 00:00:00-05:00,93.14895620741076,93.49746986788418,92.42816156328665,92.62618255615234,5255418,0.0,0.0
2020-11-23 00:00:00-05:00,93.01431091292183,95.46184600998632,92.88757291716215,95.12124633789062,5910318,0.0,0.0
2020-11-24 00:00:00-05:00,95.73114088776835,98.79650603845278,95.69153921856041,98.55095672607422,8109115,0.0,0.0
2020-11-25 00:00:00-05:00,97.3707633149542,98.47967965161263,96.72125165315747,98.376708984375,4326151,0.0,0.0
2020-11-27 00:00:00-05:00,98.37669496767464,99.255902520536,98.14698634187583,98.4955062866211,2187395,0.0,0.0
2020-11-30 00:00:00-05:00,98.29748465790088,99.01035888791247,97.49748044228512,97.83807373046875,6263448,0.0,0.0
2020-12-01 00:00:00-05:00,98.1390766940128,99.66779598257466,97.48957137513655,97.55294036865234,5553319,0.0,0.0
2020-12-02 00:00:00-05:00,97.30739344635865,98.72522177201056,96.95887977617966,98.70938110351562,3860472,0.0,0.0
2020-12-03 00:00:00-05:00,98.3450140620921,98.89947535001637,97.65590710069804,97.90937042236328,4757417,0.0,0.0
2020-12-04 00:00:00-05:00,98.19451174511623,100.89551595227154,97.9331217943222,100.75293731689453,5776849,0.0,0.0
2020-12-07 00:00:00-05:00,100.1905946688152,100.57078973762763,98.66979543027205,98.77276611328125,8701151,0.0,0.0
2020-12-08 00:00:00-05:00,99.26382667786095,100.06383092964208,98.72521239470879,99.57273864746094,5643170,0.0,0.0
2020-12-09 00:00:00-05:00,99.64405882861283,101.14109713925703,99.56484914803468,100.42822265625,6813121,0.0,0.0
2020-12-10 00:00:00-05:00,100.07967937560403,100.53908400940055,98.96283648336235,98.97868347167969,5024147,0.0,0.0
2020-12-11 00:00:00-05:00,98.28165150283652,99.41432876006405,97.90937053255684,98.43214416503906,4687544,0.0,0.0
2020-12-14 00:00:00-05:00,99.26384437391734,99.99256575415328,97.7984939207329,97.84601593017578,5282300,0.0,0.0
2020-12-15 00:00:00-05:00,98.52719439959083,99.74700164794922,97.77471844708386,99.74700164794922,4556585,0.0,0.0
2020-12-16 00:00:00-05:00,99.7470060628411,100.25393904980521,99.24007307587696,99.44601440429688,4738485,0.0,0.0
2020-12-17 00:00:00-05:00,99.86581739522232,99.87373772930796,98.93908141733274,99.44601440429688,3962248,0.0,0.0
2020-12-18 00:00:00-05:00,99.47769820592967,100.11928316857815,98.98660590617182,99.68363952636719,7900229,0.0,0.0
2020-12-21 00:00:00-05:00,98.19451836972304,98.36085169409012,96.4123295549468,97.735107421875,6397022,0.0,0.0
2020-12-22 00:00:00-05:00,97.67174776816508,98.39254238558955,96.95887348447413,97.90937042236328,4535561,0.0,0.0
2020-12-23 00:00:00-05:00,98.12323556487979,99.17670952096165,98.01234456757062,98.13907623291016,2817819,0.0,0.0
2020-12-24 00:00:00-05:00,99.01037323970542,99.08958290365409,98.38462890459482,98.76482391357422,1842111,0.0,0.0
2020-12-28 00:00:00-05:00,99.0895722003908,100.27769174689773,98.5826392554117,98.86779022216797,3781499,0.0,0.0
2020-12-29 00:00:00-05:00,99.28760314629017,99.39057381230965,97.61630516620728,98.05987548828125,3647402,0.0,0.0
2020-12-30 00:00:00-05:00,98.05987129027572,98.89155691705139,97.92521297202501,98.48759460449219,3535794,0.0,0.0
2020-12-31 00:00:00-05:00,98.39254744865599,99.8262164235449,98.2103671212178,99.70740509033203,3738822,0.0,0.0
2021-01-04 00:00:00-05:00,99.68364742584859,99.73908976669266,97.45789439354822,98.17076873779297,5417443,0.0,0.0
2021-01-05 00:00:00-05:00,99.01828313775825,100.34106099822608,98.70145083645355,99.91333770751953,6395872,0.0,0.0
2021-01-06 00:00:00-05:00,100.51530670379988,104.45987872474828,100.37272807974553,102.40838623046875,8322708,0.0,0.0
2021-01-07 00:00:00-05:00,103.00245429388733,103.33513357320182,101.59254648669487,102.17076873779297,4714740,0.0,0.0
2021-01-08 00:00:00-05:00,101.83810070694201,102.43216365320873,100.57868549094965,101.8064193725586,4891305,0.0,0.0
2021-01-11 00:00:00-05:00,101.34699574118176,102.71730177720293,101.11729345344253,101.84600830078125,5859587,0.0,0.0
2021-01-12 00:00:00-05:00,102.24998903813078,102.85197235155027,101.33909373396416,102.34503936767578,3921663,0.0,0.0
2021-01-13 00:00:00-05:00,102.29751573607487,102.77276740560589,100.16681303923144,100.53117370605469,8030874,0.0,0.0
2021-01-14 00:00:00-05:00,101.40246177001868,103.09751437555784,101.03018078939073,102.15493774414062,7848347,0.0,0.0
2021-01-15 00:00:00-05:00,101.60840375718874,102.36880007022704,101.12523177684025,101.6955337524414,5131153,0.0,0.0
2021-01-19 00:00:00-05:00,102.40046797190702,102.64601725742195,101.45789145801004,102.19452667236328,5646308,0.0,0.0
2021-01-20 00:00:00-05:00,102.73314991634919,103.81037843996874,101.83017504381475,103.03414154052734,5856240,0.0,0.0
2021-01-21 00:00:00-05:00,103.06583820950323,104.74505655244354,103.01039586898409,104.27772521972656,13116003,0.0,0.0
2021-01-22 00:00:00-05:00,95.60441027927281,95.60441027927281,92.95885439850677,93.94895935058594,39814421,0.0,0.0
2021-01-25 00:00:00-05:00,94.06776611151294,94.68559005453794,93.03013920626039,93.9251937866211,14315974,0.0,0.0
2021-01-26 00:00:00-05:00,94.40043735212194,97.10144171074938,93.79845408722719,97.02223205566406,11186656,0.0,0.0
2021-01-27 00:00:00-05:00,96.69748906536178,98.84403237353395,96.33312840829413,97.00640106201172,12705239,0.0,0.0
2021-01-28 00:00:00-05:00,97.26778932207884,97.58462164727761,95.10539906292493,95.11331939697266,8455969,0.0,0.0
2021-01-29 00:00:00-05:00,95.22421655504613,96.07966957741128,94.17866918214129,94.34500885009766,12369473,0.0,0.0
2021-02-01 00:00:00-05:00,94.97074342647527,95.80242903841288,94.04400748850796,95.47767639160156,6538023,0.0,0.0
2021-02-02 00:00:00-05:00,94.54302160639195,95.8420385351581,94.47965261434366,94.60638427734375,6633627,0.0,0.0
2021-02-03 00:00:00-05:00,94.28954391618926,94.89152716545975,93.56082901472918,94.35291290283203,7024308,0.0,0.0
2021-02-04 00:00:00-05:00,94.97867324476765,95.92124994434934,94.15490788431347,95.8578872680664,4771957,0.0,0.0
2021-02-05 00:00:00-05:00,95.84204435605702,96.4836293649891,95.46184302286903,96.46778869628906,4775722,0.0,0.0
2021-02-08 00:00:00-05:00,97.12520681397433,98.20244173379245,96.95094682964425,97.90937042236328,6158848,0.0,0.0
2021-02-09 00:00:00-05:00,97.84516929755186,98.40703341646955,97.1628997765559,98.00569915771484,4933982,1.558317,0.0
2021-02-10 00:00:00-05:00,98.75217091353043,99.05719107745094,97.29131790450636,98.1180648803711,5090673,0.0,0.0
2021-02-11 00:00:00-05:00,97.92542587666864,98.09398830626462,96.8257762148343,97.05052185058594,5629154,0.0,0.0
2021-02-12 00:00:00-05:00,97.12276312383472,97.41171813601768,96.39233020443245,96.96222686767578,4049275,0.0,0.0
2021-02-16 00:00:00-05:00,96.44048988996386,96.8016868439167,95.80638387338843,96.37627410888672,6945231,0.0,0.0
2021-02-17 00:00:00-05:00,95.73414999132017,96.7695903144019,95.53348286479644,96.2960205078125,4141219,0.0,0.0
2021-02-18 00:00:00-05:00,96.72143562613975,97.07460644649932,96.07929696234025,96.90604400634766,5646413,0.0,0.0
2021-02-19 00:00:00-05:00,96.92209539938119,96.93012157158242,95.01977088196524,95.5093994140625,6881320,0.0,0.0
2021-02-22 00:00:00-05:00,95.11608417978964,97.2271018263424,95.0679271502145,97.0103759765625,6149643,0.0,0.0
2021-02-23 00:00:00-05:00,97.05853891524349,97.40368350879167,96.15955005103055,96.88997650146484,4739740,0.0,0.0
2021-02-24 00:00:00-05:00,96.96223055909272,99.12140549380138,96.73748491636555,98.89665985107422,6087720,0.0,0.0
2021-02-25 00:00:00-05:00,99.02508131128921,99.8116974369579,98.1983343243372,98.30268096923828,5953623,0.0,0.0
2021-02-26 00:00:00-05:00,98.12609073593974,98.12609073593974,95.42110418577104,95.46123504638672,9467346,0.0,0.0
2021-03-01 00:00:00-05:00,96.60102256849753,98.18228097592342,96.2077209152491,96.9140625,5977367,0.0,0.0
2021-03-02 00:00:00-05:00,96.91406083709946,97.84516084902035,96.52878536263637,96.58496856689453,4732418,0.0,0.0
2021-03-03 00:00:00-05:00,96.72141325222124,98.43109015442187,96.30402674036348,98.21437072753906,7744898,0.0,0.0
2021-03-04 00:00:00-05:00,97.92541467159381,98.90467163675781,95.32477500228218,96.40837860107422,8439651,0.0,0.0
2021-03-05 00:00:00-05:00,96.83380363442932,99.3300969879042,96.52076369369354,98.59164428710938,7268968,0.0,0.0
2021-03-08 00:00:00-05:00,98.72007039123731,101.81836513845074,98.63177608830735,100.18092346191406,7572203,0.0,0.0
2021-03-09 00:00:00-05:00,100.65447351957661,101.48122031556932,99.65916433399907,99.67521667480469,5867014,0.0,0.0
2021-03-10 00:00:00-05:00,100.37355595823101,102.93406490526847,100.02038518182354,102.63707733154297,7581199,0.0,0.0
2021-03-11 00:00:00-05:00,102.81367103048781,103.25514252988533,101.76217841527307,102.05113983154297,5383657,0.0,0.0
2021-03-12 00:00:00-05:00,102.09127204891827,102.48458011471385,101.62572843226884,102.42839050292969,4194565,0.0,0.0
2021-03-15 00:00:00-04:00,102.55680430699331,103.34341389676922,102.37218956454878,103.20696258544922,3577948,0.0,0.0
2021-03-16 00:00:00-04:00,102.96617023407977,103.15881115790502,102.2116588815036,102.9340591430664,4867247,0.0,0.0
2021-03-17 00:00:00-04:00,103.11065245307219,103.93739938582667,102.33206255070077,103.56817626953125,4488804,0.0,0.0
2021-03-18 00:00:00-04:00,103.49593148979784,105.14942531011597,102.57286411594114,104.3949203491211,6104142,0.0,0.0
2021-03-19 00:00:00-04:00,104.36282690509226,104.69995178782315,103.16685668649227,103.4638442993164,10297870,0.0,0.0
2021-03-22 00:00:00-04:00,103.14277061661556,104.92469627376686,102.65314845482455,104.78823852539062,4356485,0.0,0.0
2021-03-23 00:00:00-04:00,104.69993581589175,105.59891828452821,104.1862288028578,104.71598815917969,4556794,0.0,0.0
2021-03-24 00:00:00-04:00,105.10931193673409,106.04040563698263,104.80429815188207,104.84442901611328,4189230,0.0,0.0
2021-03-25 00:00:00-04:00,104.6116605444932,106.9474242455877,104.16216282287579,106.81096649169922,5809484,0.0,0.0
2021-03-26 00:00:00-04:00,106.98754884291013,109.54805805201545,106.8510975025812,109.4677963256836,5823710,0.0,0.0
2021-03-29 00:00:00-04:00,109.14672147921998,110.02163192773217,108.7694721567808,109.05040740966797,4835344,0.0,0.0
2021-03-30 00:00:00-04:00,109.050400748878,109.37949301644025,107.57348261692356,108.1353530883789,5010758,0.0,0.0
2021-03-31 00:00:00-04:00,107.99086280204878,108.12732693421094,106.52198373997112,106.96345520019531,5172575,0.0,0.0
2021-04-01 00:00:00-04:00,107.36479597434278,107.50124089817179,106.16881948107064,106.93937683105469,4261404,0.0,0.0
2021-04-05 00:00:00-04:00,107.26848027949764,109.7166101733753,107.07583933203597,109.10658264160156,5722980,0.0,0.0
2021-04-06 00:00:00-04:00,108.82563213083446,108.87380196929124,107.62966215761826,107.7340087890625,3787566,0.0,0.0
2021-04-07 00:00:00-04:00,107.42901287842531,108.31194950926941,107.38085584311102,108.30391693115234,3112896,0.0,0.0
2021-04-08 00:00:00-04:00,108.01494943122789,108.86577486801812,107.68585717789996,108.4564208984375,4275211,0.0,0.0
2021-04-09 00:00:00-04:00,108.25576568909513,108.95408757747546,108.12734692138476,108.9460678100586,3162999,0.0,0.0
2021-04-12 00:00:00-04:00,108.37614281523474,108.65707802959356,107.43702311581511,108.03099822998047,3926684,0.0,0.0
2021-04-13 00:00:00-04:00,106.75476652454192,107.25242120667171,104.65177498464689,105.29390716552734,8403041,0.0,0.0
2021-04-14 00:00:00-04:00,105.39826133974226,106.57818555188521,104.76415528537471,106.4577865600586,6137928,0.0,0.0
2021-04-15 00:00:00-04:00,106.97951114320503,107.45308730535884,106.1286856912459,106.41764068603516,4062664,0.0,0.0
2021-04-16 00:00:00-04:00,106.75477796652848,107.63771461404542,106.71464069744397,107.22834777832031,5535223,0.0,0.0
2021-04-19 00:00:00-04:00,107.23636495169019,107.41295354748712,106.41764416007709,106.85108947753906,8575736,0.0,0.0
2021-04-20 00:00:00-04:00,110.0216197993023,112.18881423661003,109.72463223422875,110.89653015136719,16192708,0.0,0.0
2021-04-21 00:00:00-04:00,110.81625671187543,115.36738429157258,110.53532148720089,115.222900390625,12456814,0.0,0.0
2021-04-22 00:00:00-04:00,115.3432971930532,116.17807027409347,113.17610277540163,113.40084838867188,7428064,0.0,0.0
2021-04-23 00:00:00-04:00,113.42494103541306,115.27107611601193,113.13598599778116,114.32393646240234,4765576,0.0,0.0
2021-04-26 00:00:00-04:00,114.31587532701369,115.28711247357195,113.56137682401412,113.63360595703125,4927497,0.0,0.0
2021-04-27 00:00:00-04:00,113.72996604956722,114.42828796549426,112.97545451498536,113.98681640625,4062664,0.0,0.0
2021-04-28 00:00:00-04:00,114.71721855104055,115.10250040946566,114.05903404753423,114.78144073486328,3941433,0.0,0.0
2021-04-29 00:00:00-04:00,115.68845435551239,119.38875682730759,114.76538688204904,115.77674865722656,4554179,0.0,0.0
2021-04-30 00:00:00-04:00,115.34330693364463,115.44765357758659,112.81490255692427,113.88245391845703,9280321,0.0,0.0
2021-05-03 00:00:00-04:00,115.4315924485146,116.9887722225194,115.22289917651287,116.18610382080078,5997241,0.0,0.0
2021-05-04 00:00:00-04:00,115.91322874670173,117.66303705463604,115.8490065477218,116.98880004882812,6642623,0.0,0.0
2021-05-05 00:00:00-04:00,117.14130795454061,117.14130795454061,116.36272425997043,116.56338500976562,5229895,0.0,0.0
2021-05-06 00:00:00-04:00,116.59546762657669,119.20414655785949,116.53125824858179,119.13190460205078,7848661,0.0,0.0
2021-05-07 00:00:00-04:00,118.43390956502083,118.61247124420173,117.33819841367445,118.06055450439453,7325661,1.567878,0.0
2021-05-10 00:00:00-04:00,118.3364815542949,120.430513203792,118.3364815542949,118.63678741455078,7304636,0.0,0.0
2021-05-11 00:00:00-04:00,117.67907345491119,117.84140340890858,115.9827506964644,117.05410766601562,7454214,0.0,0.0
2021-05-12 00:00:00-04:00,116.74569861517915,116.99729645525976,114.55427650545434,114.68414306640625,6233742,0.0,0.0
2021-05-13 00:00:00-04:00,114.80588085918795,117.6060239788201,114.66790493269411,117.01353454589844,4807207,0.0,0.0
2021-05-14 00:00:00-04:00,117.77649894917478,118.2472572522677,116.84311762681781,117.42749786376953,2873780,0.0,0.0
2021-05-17 00:00:00-04:00,117.23267202233183,118.3364924172729,117.14339119328872,117.7764663696289,4471755,0.0,0.0
2021-05-18 00:00:00-04:00,117.50862447689667,117.93068755086175,116.25059644516128,116.8025131225586,4000009,0.0,0.0
2021-05-19 00:00:00-04:00,115.51199255058523,116.22622613219713,114.37569595414617,116.2181167602539,4498532,0.0,0.0
2021-05-20 00:00:00-04:00,116.16129384353286,117.61412791665185,115.38212055189962,116.77813720703125,4301675,0.0,0.0
2021-05-21 00:00:00-04:00,117.10282369242434,118.25533924030128,117.10282369242434,117.47616577148438,4219041,0.0,0.0
2021-05-24 00:00:00-04:00,117.73589523820912,118.0037247748044,117.02164859590118,117.45993041992188,3449290,0.0,0.0
2021-05-25 00:00:00-04:00,117.62227337933882,117.6872001888078,116.2262562958544,116.70512390136719,4118311,0.0,0.0
2021-05-26 00:00:00-04:00,116.46974049536215,116.86743657588408,116.09638548765132,116.3723373413086,3225655,0.0,0.0
2021-05-27 00:00:00-04:00,116.72943878173828,117.50048972552747,116.57523118383389,116.72943878173828,5889294,0.0,0.0
2021-05-28 00:00:00-04:00,117.04599759643543,117.1433877956923,116.46161753808524,116.66452026367188,2651192,0.0,0.0
2021-06-01 00:00:00-04:00,117.68719382284682,118.36085477459837,116.67265418555041,117.02977752685547,2528705,0.0,0.0
2021-06-02 00:00:00-04:00,117.37877294192981,118.29592232654761,116.96483218801977,118.27156829833984,2915097,0.0,0.0
2021-06-03 00:00:00-04:00,117.61416556584403,118.40144848105209,116.90804116354904,118.13360595703125,4320608,0.0,0.0
2021-06-04 00:00:00-04:00,118.49880835601977,119.75684918682926,118.30401502063165,119.65133666992188,3261323,0.0,0.0
2021-06-07 00:00:00-04:00,119.75685655495302,120.72270096497031,119.44842835733368,120.13832092285156,3621984,0.0,0.0
2021-06-08 00:00:00-04:00,120.21948851290236,121.90768883306461,120.21948851290236,120.99053955078125,5313785,0.0,0.0
2021-06-09 00:00:00-04:00,120.95809210029444,122.613829240944,120.78763980792688,122.28916931152344,5547252,0.0,0.0
2021-06-10 00:00:00-04:00,122.9384511817581,124.05039372532993,121.55055682236113,122.18363189697266,4977391,0.0,0.0
2021-06-11 00:00:00-04:00,122.09434824485822,123.24687648312643,122.0456531527739,122.78424072265625,3596462,0.0,0.0
2021-06-14 00:00:00-04:00,122.32161036929489,122.58133049282627,120.65776415919109,121.76970672607422,3498661,0.0,0.0
2021-06-15 00:00:00-04:00,121.62363069206783,121.6723257951942,120.60907812844698,121.22592163085938,2628912,0.0,0.0
2021-06-16 00:00:00-04:00,121.550564053167,121.550564053167,119.48900877503996,119.9841079711914,4057329,0.0,0.0
2021-06-17 00:00:00-04:00,119.75685160391387,120.17077935355024,117.91443072975395,118.17416381835938,4568300,0.0,0.0
2021-06-18 00:00:00-04:00,117.26514402325861,117.42747399290319,116.09639674121385,116.16132354736328,9577699,0.0,0.0
2021-06-21 00:00:00-04:00,116.96482700414032,119.36727405473783,116.92425423128599,119.02638244628906,4482633,0.0,0.0
2021-06-22 00:00:00-04:00,118.92088449967541,119.15626360987643,117.97127163928545,118.79103088378906,2549102,0.0,0.0
2021-06-23 00:00:00-04:00,118.84781897260336,118.90463639885328,117.33818021622828,117.37064361572266,3349920,0.0,0.0
2021-06-24 00:00:00-04:00,118.33649509055275,118.6530456401439,117.4355903610014,118.0443115234375,3775746,0.0,0.0
2021-06-25 00:00:00-04:00,117.99562630911734,119.25365446832917,117.64662528312363,119.18061828613281,3759533,0.0,0.0
2021-06-28 00:00:00-04:00,119.31860167908073,119.55396785097864,117.61416922076579,117.9225845336914,4067789,0.0,0.0
2021-06-29 00:00:00-04:00,117.89822683817566,119.09945055491985,117.76837321751476,118.13360595703125,2540211,0.0,0.0
2021-06-30 00:00:00-04:00,117.79269978221976,119.25364351456965,117.45182111570925,118.97769165039062,3394375,0.0,0.0
2021-07-01 00:00:00-04:00,119.27800849857557,119.71629036311086,118.96147087672946,119.18061828613281,2809661,0.0,0.0
2021-07-02 00:00:00-04:00,119.23741258836347,119.26988894401035,113.19073488527333,113.64524841308594,17584515,0.0,0.0
2021-07-06 00:00:00-04:00,113.6208853115339,113.96988627986745,111.27525577528225,112.63880920410156,8466010,0.0,0.0
2021-07-07 00:00:00-04:00,112.62257826558051,113.89685087921768,112.62257826558051,113.48291015625,4246446,0.0,0.0
2021-07-08 00:00:00-04:00,111.82718981106007,114.69226008203071,111.7297995995595,114.2296371459961,5739820,0.0,0.0
2021-07-09 00:00:00-04:00,114.80588398759647,115.23605643299427,114.3107847407311,114.86270141601562,4083689,0.0,0.0
2021-07-12 00:00:00-04:00,114.78963495744064,115.21979438362723,113.7263874954423,114.37569427490234,3496360,0.0,0.0
2021-07-13 00:00:00-04:00,114.37571781458722,114.37571781458722,113.3287147892895,113.85627746582031,3309858,0.0,0.0
2021-07-14 00:00:00-04:00,114.21338845090558,114.2377295230235,112.76055418847996,113.48291015625,4606061,0.0,0.0
2021-07-15 00:00:00-04:00,113.07709806929097,114.00236976386218,112.65504795015886,113.99424743652344,3807126,0.0,0.0
2021-07-16 00:00:00-04:00,114.44064343514108,114.44064343514108,112.48460060975745,112.73619842529297,4298328,0.0,0.0
2021-07-19 00:00:00-04:00,110.74770455577668,112.40344169830504,110.55291118875743,111.9408187866211,8977086,0.0,0.0
2021-07-20 00:00:00-04:00,116.06391676491428,117.62225056987701,112.57388121013132,113.60465240478516,14237838,0.0,0.0
2021-07-21 00:00:00-04:00,113.60466371237904,114.7571921972998,113.34494354474563,114.68414306640625,5024984,0.0,0.0
2021-07-22 00:00:00-04:00,114.97632762551345,115.09807185996063,113.96178802036346,114.20527648925781,3466653,0.0,0.0
2021-07-23 00:00:00-04:00,114.40816804423064,115.00876676212536,113.89683718572837,114.71658325195312,4680013,0.0,0.0
2021-07-26 00:00:00-04:00,114.757183369776,116.06391938924756,114.54615832088095,115.87723541259766,4441630,0.0,0.0
2021-07-27 00:00:00-04:00,115.68245365221425,116.58337136373508,114.92763420587806,115.86101531982422,3281302,0.0,0.0
2021-07-28 00:00:00-04:00,116.07204306268258,116.14509219695704,114.96010025552144,115.06561279296875,2660815,0.0,0.0
2021-07-29 00:00:00-04:00,115.52011203366841,116.03144295596765,114.92762261349208,115.19546508789062,2793761,0.0,0.0
2021-07-30 00:00:00-04:00,114.86269372519683,115.13053619472181,114.27019136153201,114.4081802368164,3698238,0.0,0.0
2021-08-02 00:00:00-04:00,114.80587868476358,116.11261470669628,114.46498708426437,114.78152465820312,3064257,0.0,0.0
2021-08-03 00:00:00-04:00,115.17111582934378,117.44369636094821,114.9682130991164,116.93236541748047,4272596,0.0,0.0
2021-08-04 00:00:00-04:00,116.71323324185737,117.02164850678624,115.63375390606592,115.86913299560547,2960285,0.0,0.0
2021-08-05 00:00:00-04:00,116.08826046149272,116.39668866217673,115.43083128829295,115.87723541259766,2884240,0.0,0.0
2021-08-06 00:00:00-04:00,116.06392016631341,117.19208158934687,115.97463934085472,116.94859313964844,4002833,0.0,0.0
2021-08-09 00:00:00-04:00,116.74336812435867,116.98967295887013,115.7335667854859,115.96343994140625,5129689,1.567878,0.0
2021-08-10 00:00:00-04:00,115.93060310040256,116.423186563916,115.21634921626087,116.0701675415039,5543695,0.0,0.0
2021-08-11 00:00:00-04:00,116.39854552493446,117.21131072266222,116.16867240736084,116.6858901977539,4455960,0.0,0.0
2021-08-12 00:00:00-04:00,116.79261092013475,117.52328321468218,116.6448306730506,117.45759582519531,2184780,0.0,0.0
2021-08-13 00:00:00-04:00,117.10458492934923,117.87631025742955,116.94038609946259,117.54791259765625,1997965,0.0,0.0
2021-08-16 00:00:00-04:00,117.58898927254978,118.00768261453773,116.76800806111697,117.88453674316406,2913319,0.0,0.0
2021-08-17 00:00:00-04:00,117.40014336267264,117.53149194152559,115.8320714270427,116.92396545410156,3215195,0.0,0.0
2021-08-18 00:00:00-04:00,116.30822833316861,116.5134670253925,114.43639328095175,114.50206756591797,3672192,0.0,0.0
2021-08-19 00:00:00-04:00,113.86170038557557,114.48564538329926,112.64664753157551,113.3116455078125,4351465,0.0,0.0
2021-08-20 00:00:00-04:00,113.08180609978284,114.42820792064659,112.69594991772337,114.20655059814453,2780059,0.0,0.0
2021-08-23 00:00:00-04:00,114.62523651123047,115.0603614953782,113.95203564437789,114.62523651123047,3179422,0.0,0.0
2021-08-24 00:00:00-04:00,114.75659907333818,115.12603665864376,114.37894564898932,114.80585479736328,2474418,0.0,0.0
2021-08-25 00:00:00-04:00,114.87152134570182,115.5939909963046,114.49388105024383,114.822265625,2105389,0.0,0.0
2021-08-26 00:00:00-04:00,114.91256428797601,115.59398089339949,113.87812872659393,113.93560028076172,2613640,0.0,0.0
2021-08-27 00:00:00-04:00,113.87813807159463,114.6006077183405,113.62364363095516,114.45282745361328,2572637,0.0,0.0
2021-08-30 00:00:00-04:00,114.52670817192255,114.83867414580253,113.96843740927319,114.09158325195312,2087293,0.0,0.0
2021-08-31 00:00:00-04:00,114.55954926387156,115.70891486962762,114.07516861082044,115.2163314819336,4429915,0.0,0.0
2021-09-01 00:00:00-04:00,114.92078145031346,114.99467157746518,114.27220198167907,114.36251068115234,2588327,0.0,0.0
2021-09-02 00:00:00-04:00,114.70732819968379,114.97824119774758,114.14084158627173,114.94540405273438,2840413,0.0,0.0
2021-09-03 00:00:00-04:00,114.67452847808923,115.32309506228069,114.36254929183147,114.59242248535156,2009575,0.0,0.0
2021-09-07 00:00:00-04:00,114.6498748329824,114.76480485876182,113.09822120937105,113.34451293945312,3436110,0.0,0.0
2021-09-08 00:00:00-04:00,113.41018902006846,114.19013031545343,112.96686127827954,113.8453140258789,3122728,0.0,0.0
2021-09-09 00:00:00-04:00,113.17208817630748,114.08337787374779,112.93399923082549,113.08177947998047,3669682,0.0,0.0
2021-09-10 00:00:00-04:00,113.96844786035933,114.41999139386604,112.47426593564171,112.49068450927734,4157955,0.0,0.0
2021-09-13 00:00:00-04:00,113.62364782728528,114.10801541793869,112.89296231510875,113.41839599609375,4334729,0.0,0.0
2021-09-14 00:00:00-04:00,113.62365838278708,113.76322282718893,111.11144596990465,111.83391571044922,4659198,0.0,0.0
2021-09-15 00:00:00-04:00,111.83389577676047,113.13104163931558,111.3823522694049,112.63845825195312,3403579,0.0,0.0
2021-09-16 00:00:00-04:00,112.70413710919424,113.25419207494521,111.41519392905161,112.00630187988281,2765624,0.0,0.0
2021-09-17 00:00:00-04:00,111.44804253045687,111.58760695357242,110.87335316147731,111.02113342285156,5890340,0.0,0.0
2021-09-20 00:00:00-04:00,109.92923057657035,110.9800848139078,109.00973148097374,110.26583099365234,4990152,0.0,0.0
2021-09-21 00:00:00-04:00,110.92262465937173,111.36595240314685,109.14109784484388,109.16572570800781,4261927,0.0,0.0
2021-09-22 00:00:00-04:00,109.78144301740625,111.13606043433967,109.576197755698,110.52853393554688,3767901,0.0,0.0
2021-09-23 00:00:00-04:00,111.03755404474434,112.81908063872419,110.85693663382327,112.25259399414062,3151807,0.0,0.0
2021-09-24 00:00:00-04:00,112.49890083901612,113.6893195015563,112.26902770370282,112.87654113769531,3100762,0.0,0.0
2021-09-27 00:00:00-04:00,113.2623986276918,114.17368833925299,112.86832669277833,113.7549819946289,3459017,0.0,0.0
2021-09-28 00:00:00-04:00,114.25577772361987,114.68268678955467,112.6466528889076,112.860107421875,4513072,0.0,0.0
2021-09-29 00:00:00-04:00,113.07358336610324,114.87974450428744,112.01452633818326,114.2640151977539,3947499,0.0,0.0
2021-09-30 00:00:00-04:00,114.93720660211692,115.40515559518242,113.70573498704942,114.05875396728516,6090230,0.0,0.0
2021-10-01 00:00:00-04:00,115.75817717016184,118.19648576734691,115.24095940085537,117.66284942626953,6907889,0.0,0.0
2021-10-04 00:00:00-04:00,117.18669505337296,119.86309313348745,116.86651318446789,118.31143951416016,7689251,0.0,0.0
2021-10-05 00:00:00-04:00,118.83684927309233,119.04208797175438,117.10457857379313,117.52328491210938,7297524,0.0,0.0
2021-10-06 00:00:00-04:00,116.97322915326434,117.70390153492795,115.66788049308452,116.87471771240234,5573506,0.0,0.0
2021-10-07 00:00:00-04:00,117.17849413425355,117.7285491660226,116.19331409795942,116.42318725585938,3999695,0.0,0.0
2021-10-08 00:00:00-04:00,116.42316807357973,117.93378158147426,115.79922300396544,117.58074951171875,3902940,0.0,0.0
2021-10-11 00:00:00-04:00,117.8106425928078,118.28680743319087,116.90755552934426,116.93218994140625,2921792,0.0,0.0
2021-10-12 00:00:00-04:00,116.75154346277277,116.82543357715268,115.18347180153334,115.32303619384766,3293436,0.0,0.0
2021-10-13 00:00:00-04:00,115.36411361819982,116.09478597699626,114.65806256714305,115.56114959716797,3013003,0.0,0.0
2021-10-14 00:00:00-04:00,115.79101497872425,118.15543346481516,115.7663805692218,117.72032165527344,4410668,0.0,0.0
2021-10-15 00:00:00-04:00,117.72032325828295,118.91894453781069,117.22772678539134,118.72190856933594,3371049,0.0,0.0
2021-10-18 00:00:00-04:00,118.22112731307493,118.99285273206571,116.38214213262086,116.84188842773438,6437189,0.0,0.0
2021-10-19 00:00:00-04:00,115.82387871161423,117.35089796949366,115.3641323870282,116.5627670288086,4539117,0.0,0.0
2021-10-20 00:00:00-04:00,116.3164528915448,116.7433620307439,115.51189033611313,116.4970703125,6474008,0.0,0.0
2021-10-21 00:00:00-04:00,109.60904822099879,109.78144979631998,105.16754231785042,105.35636901855469,32913959,0.0,0.0
2021-10-22 00:00:00-04:00,105.1264865556658,106.93264087894184,103.94427728701119,104.9869155883789,12114981,0.0,0.0
2021-10-25 00:00:00-04:00,104.69957777542736,105.61907678781128,104.21519713498012,104.78988647460938,6667204,0.0,0.0
2021-10-26 00:00:00-04:00,104.69136711287662,105.3317307331611,104.06742206464486,104.37118530273438,8912861,0.0,0.0
2021-10-27 00:00:00-04:00,104.62570349701214,104.98693179675355,102.63072218179207,102.76207733154297,7294176,0.0,0.0
2021-10-28 00:00:00-04:00,102.76206359097978,103.69798119225948,102.31052663875265,103.31211853027344,6802138,0.0,0.0
2021-10-29 00:00:00-04:00,102.9755323199001,103.70620476139788,102.54862316771764,102.7046127319336,6188973,0.0,0.0
2021-11-01 00:00:00-04:00,102.66355491088358,103.69799059300664,101.67017221558777,103.6733627319336,6177153,0.0,0.0
2021-11-02 00:00:00-04:00,103.68978844956231,104.40404233182689,102.54862540579818,103.59127044677734,4722062,0.0,0.0
2021-11-03 00:00:00-04:00,103.63230369842884,104.50254043086088,103.18076020845537,104.37118530273438,5670784,0.0,0.0
2021-11-04 00:00:00-04:00,105.66857800910705,105.91760830100353,102.96352986842449,103.77933502197266,7208700,0.0,1.046
2021-11-05 00:00:00-04:00,104.27741814007074,106.28687853667138,104.27741814007074,106.14948272705078,6790500,0.0,0.0
2021-11-08 00:00:00-05:00,106.47581526699324,107.15422475962718,106.08079326211256,106.94812774658203,5625300,0.0,0.0
2021-11-09 00:00:00-05:00,106.6522253361093,106.94809821842337,104.65075964628961,105.16417694091797,7236600,1.64,0.0
2021-11-10 00:00:00-05:00,105.29473279857764,106.5391253608534,104.36361435261833,104.61597442626953,6270300,0.0,0.0
2021-11-11 00:00:00-05:00,105.20771023904456,105.98219160147049,104.49414291728812,104.65947723388672,4643300,0.0,0.0
2021-11-12 00:00:00-05:00,104.42452167973666,104.981451930898,103.3628713137315,103.5195083618164,5418300,0.0,0.0
2021-11-15 00:00:00-05:00,104.02423561568058,104.56376473814055,102.95388127378833,103.44120025634766,5046300,0.0,0.0
2021-11-16 00:00:00-05:00,103.48470484526717,104.33750807181589,103.04960264867006,103.08441162109375,4750800,0.0,0.0
2021-11-17 00:00:00-05:00,103.01478561406898,103.84148370638378,102.49266434684141,102.73632049560547,4043300,0.0,0.0
2021-11-18 00:00:00-05:00,102.99738052937786,102.99738052937786,101.21345907517487,101.51803588867188,5046900,0.0,0.0
2021-11-19 00:00:00-05:00,101.37009851770699,101.43101255402485,100.30844819405408,100.98721313476562,5380200,0.0,0.0
2021-11-22 00:00:00-05:00,100.94371738003174,103.38898978859439,100.23885389181449,101.35271453857422,6416200,0.0,0.0
2021-11-23 00:00:00-05:00,101.63116455078125,102.63190085863336,100.97851130293843,101.63116455078125,4912800,0.0,0.0
2021-11-24 00:00:00-05:00,101.08293279838219,102.04885344545045,101.01331486228284,101.57894897460938,3220800,0.0,0.0
2021-11-26 00:00:00-05:00,100.07350267282446,101.23957334327206,99.69061062503214,100.77836608886719,3322000,0.0,0.0
2021-11-29 00:00:00-05:00,103.2236438324952,104.08514429210146,102.27511762536449,103.11921691894531,8949800,0.0,0.0
2021-11-30 00:00:00-05:00,102.24902304982803,103.7631769364597,101.3353057201125,101.90093994140625,9252700,0.0,0.0
2021-12-01 00:00:00-05:00,102.90166661685679,103.49340585324207,101.68337917263622,101.74429321289062,5958300,0.0,0.0
2021-12-02 00:00:00-05:00,102.13588767362539,102.66671286201897,101.43101763051861,101.72689056396484,5267100,0.0,0.0
2021-12-03 00:00:00-05:00,102.12717854614745,103.86758716944357,102.12717854614745,103.41507720947266,6630100,0.0,0.0
2021-12-06 00:00:00-05:00,103.90239299119084,105.42525049044451,103.90239299119084,104.34619903564453,4785600,0.0,0.0
2021-12-07 00:00:00-05:00,104.84222265204454,106.23454827947474,104.48543568297653,105.79944610595703,5194000,0.0,0.0
2021-12-08 00:00:00-05:00,106.16493049666046,107.36581010727276,105.74722948824227,107.05253601074219,5483900,0.0,0.0
2021-12-09 00:00:00-05:00,106.29546978111051,107.86183373226788,105.9821956630525,107.53115844726562,4601100,0.0,0.0
2021-12-10 00:00:00-05:00,108.16642188293322,109.06273145465497,107.34842752933857,107.98367309570312,4966900,0.0,0.0
2021-12-13 00:00:00-05:00,107.69649628354904,108.21861758544743,105.11198820414951,106.6696548461914,6847500,0.0,0.0
2021-12-14 00:00:00-05:00,106.4694961610265,108.8016439809042,106.42598992894017,107.69648742675781,5716100,0.0,0.0
2021-12-15 00:00:00-05:00,107.73130250839468,108.61890803507463,106.32156905399812,107.130859375,4990000,0.0,0.0
2021-12-16 00:00:00-05:00,107.47895332400032,110.20269085849816,107.45284825279913,109.58484649658203,7280500,0.0,0.0
2021-12-17 00:00:00-05:00,109.53262495430317,111.9430881052457,108.95828689112032,110.8640365600586,10379000,0.0,0.0
2021-12-20 00:00:00-05:00,109.40208283621003,110.68998144907452,108.5144707551923,110.56815338134766,4941400,0.0,0.0
2021-12-21 00:00:00-05:00,111.0902895626738,112.55222648466925,111.0902895626738,112.23025512695312,4856000,0.0,0.0
2021-12-22 00:00:00-05:00,112.308568728474,112.9438141715912,111.03807120310745,112.90901184082031,3923200,0.0,0.0
2021-12-23 00:00:00-05:00,113.12655648286503,113.96195843471291,112.70886214607286,113.67478942871094,3649000,0.0,0.0
2021-12-27 00:00:00-05:00,113.67479921587,114.56239809819078,113.08305334939143,114.53629302978516,4293900,0.0,0.0
2021-12-28 00:00:00-05:00,114.51888992297317,115.92861662431558,114.51017938198078,115.41519927978516,3445200,0.0,0.0
2021-12-29 00:00:00-05:00,115.21505091907426,116.79013195028627,115.12803845081373,116.04175567626953,4239900,0.0,0.0
2021-12-30 00:00:00-05:00,116.38983211002463,116.92935455935913,116.0243478754821,116.52906799316406,3158100,0.0,0.0
2021-12-31 00:00:00-05:00,116.60737444948606,117.46888147372808,116.26799530871138,116.31150817871094,3362100,0.0,0.0
2022-01-03 00:00:00-05:00,116.66830093292894,118.60014233012622,116.28540890308764,118.3825912475586,4605900,0.0,0.0
2022-01-04 00:00:00-05:00,118.43482287193635,121.78510180878635,118.2607713712042,120.1056137084961,7300000,0.0,0.0
2022-01-05 00:00:00-05:00,120.35794012976042,123.74303391841273,119.98375869934003,120.27962493896484,8956900,0.0,0.0
2022-01-06 00:00:00-05:00,120.2622532956016,120.44500207399942,115.31078781100202,117.77346801757812,9908100,0.0,0.0
2022-01-07 00:00:00-05:00,117.39055827703453,118.05192206294528,116.18097479491236,117.32965087890625,5238100,0.0,0.0
2022-01-10 00:00:00-05:00,117.01638791194901,118.52183782123745,116.06786829315409,117.50370025634766,5432800,0.0,0.0
2022-01-11 00:00:00-05:00,113.57909657845033,115.95475117733959,111.36007241808986,115.62406921386719,11105300,0.0,0.0
2022-01-12 00:00:00-05:00,115.95472880268703,117.01637916430488,114.3187403874206,116.25059509277344,5352000,0.0,0.0
2022-01-13 00:00:00-05:00,116.5203539122624,118.39130117967406,116.22448762827649,117.26873016357422,4868300,0.0,0.0
2022-01-14 00:00:00-05:00,117.08598160737004,117.59939891543286,115.99822632167961,116.79011535644531,5310300,0.0,0.0
2022-01-18 00:00:00-05:00,115.69366430423717,116.5116585080547,114.67552682020829,115.68496704101562,5246700,0.0,0.0
2022-01-19 00:00:00-05:00,115.65015054682023,116.52035487983848,114.43186979190041,114.5014877319336,4103700,0.0,0.0
2022-01-20 00:00:00-05:00,114.22302771794061,115.63276791162076,113.6225978201548,113.84014892578125,5278200,0.0,0.0
2022-01-21 00:00:00-05:00,114.56240308582865,114.75384911464795,112.49132565864812,112.56094360351562,5907000,0.0,0.0
2022-01-24 00:00:00-05:00,111.37744601751061,112.38687954880686,108.07067367525667,112.09972381591797,13484000,0.0,0.0
2022-01-25 00:00:00-05:00,112.3782082003494,119.51388241939122,111.64723960972566,118.4348373413086,19715700,0.0,0.0
2022-01-26 00:00:00-05:00,118.75677540458233,119.2789032674036,115.85029638792624,116.8336181640625,8336000,0.0,0.0
2022-01-27 00:00:00-05:00,116.31150560058954,117.26002506554244,114.9365812643144,115.31947326660156,5497300,0.0,0.0
2022-01-28 00:00:00-05:00,115.90253004980823,117.06860079815382,114.6842358819673,117.04249572753906,5471500,0.0,0.0
2022-01-31 00:00:00-05:00,116.68568911061884,116.68568911061884,115.12802928661921,116.23319244384766,5859000,0.0,0.0
2022-02-01 00:00:00-05:00,116.3985315469565,118.31299178021203,115.30207882285416,117.93879699707031,6206400,0.0,0.0
2022-02-02 00:00:00-05:00,118.08671993544861,119.70530045198409,117.7038279219059,119.43553924560547,5357200,0.0,0.0
2022-02-03 00:00:00-05:00,119.2180006755597,120.74955561209215,118.19986313909453,119.89675903320312,6100800,0.0,0.0
2022-02-04 00:00:00-05:00,119.9663769562949,120.80177900769831,118.53924229710728,119.34852600097656,4142000,0.0,0.0
2022-02-07 00:00:00-05:00,119.60959248334876,119.93157714153564,118.58275766183415,119.4268569946289,3759000,0.0,0.0
2022-02-08 00:00:00-05:00,119.4181480888801,119.67051480492432,118.15635434345582,119.23541259765625,4181800,0.0,0.0
2022-02-09 00:00:00-05:00,119.94896941793574,120.39278215302782,119.07006776796925,119.90545654296875,5393500,0.0,0.0
2022-02-10 00:00:00-05:00,119.30657666154337,120.26652152369397,117.28099544102449,117.58924102783203,5978600,1.64,0.0
2022-02-11 00:00:00-05:00,117.92389934750128,118.63726659396345,116.58526574311053,116.8582763671875,4176200,0.0,0.0
2022-02-14 00:00:00-05:00,116.77021501245429,116.82305405016992,113.6702083353255,114.621337890625,5345300,0.0,0.0
2022-02-15 00:00:00-05:00,115.05287153430847,115.9687794836732,114.14576561124822,114.43639373779297,4394000,0.0,0.0
2022-02-16 00:00:00-05:00,114.00485605515591,114.87674046151174,112.95683704985576,113.7670669555664,4875600,0.0,0.0
2022-02-17 00:00:00-05:00,112.77192654961897,113.168232848606,109.95372527990226,110.05941009521484,6797000,0.0,0.0
2022-02-18 00:00:00-05:00,110.0329675709483,110.47331079738034,108.86165297605406,109.51335906982422,4609200,0.0,0.0
2022-02-22 00:00:00-05:00,109.3812499343471,110.08580175320928,108.04260954143389,109.13465881347656,5349700,0.0,0.0
2022-02-23 00:00:00-05:00,109.53977751805853,109.82159691145723,107.32925938072353,107.5053939819336,4086400,0.0,0.0
2022-02-24 00:00:00-05:00,105.68237449123816,107.53181470101396,104.63435546075331,107.41732788085938,6563200,0.0,0.0
2022-02-25 00:00:00-05:00,107.48777267853816,109.43408872337135,106.95935548847,109.36363220214844,4460900,0.0,0.0
2022-02-28 00:00:00-05:00,107.62868993769082,108.66790021445681,106.59828840674867,107.89289855957031,6757300,0.0,0.0
2022-03-01 00:00:00-05:00,108.03379788063715,108.66789315668115,106.29884461676788,106.87129211425781,4873300,0.0,0.0
2022-03-02 00:00:00-05:00,107.96336479400429,109.76877497360589,107.26762830747656,109.08184051513672,4891400,0.0,0.0
2022-03-03 00:00:00-05:00,110.05057167940764,111.55654461631735,109.4164763966869,110.90483856201172,5206600,0.0,0.0
2022-03-04 00:00:00-05:00,109.55738736219338,112.15540950376565,109.39005479935112,111.51251220703125,4402400,0.0,0.0
2022-03-07 00:00:00-05:00,111.3804131204588,112.64860372115629,110.63183100386537,111.02813720703125,5047400,0.0,0.0
2022-03-08 00:00:00-05:00,111.51252456570235,113.03611513318093,109.92728621336073,110.68467712402344,4887600,0.0,0.0
2022-03-09 00:00:00-05:00,112.20825145406464,112.8159271877108,110.88722192464512,111.16023254394531,4403500,0.0,0.0
2022-03-10 00:00:00-05:00,110.74632144765478,110.99291257940001,108.43892052227336,109.51335906982422,5326800,0.0,0.0
2022-03-11 00:00:00-05:00,110.0857906834112,111.6446025230828,109.12584581382151,109.16987609863281,4119600,0.0,0.0
2022-03-14 00:00:00-04:00,109.60143563540801,110.22672898260662,108.0514321851076,109.15229034423828,3289200,0.0,0.0
2022-03-15 00:00:00-04:00,109.20511181580926,110.91364555400855,108.51817751008902,110.6494369506836,4021200,0.0,0.0
2022-03-16 00:00:00-04:00,111.40683664970372,112.09377101011555,109.83040708765648,111.88240814208984,4292800,0.0,0.0
2022-03-17 00:00:00-04:00,111.93525129461344,112.98326364646991,111.43326026515648,112.69264221191406,3671900,0.0,0.0
2022-03-18 00:00:00-04:00,112.18184135628627,113.54690136824873,111.29235284961612,113.39718627929688,7466000,0.0,0.0
2022-03-21 00:00:00-04:00,113.60854561234196,114.26025838616765,112.19944871600968,112.81593322753906,3384600,0.0,0.0
2022-03-22 00:00:00-04:00,113.16821754143614,113.87276944334386,112.59576996102425,113.6613998413086,2690200,0.0,0.0
2022-03-23 00:00:00-04:00,113.67900740795149,113.89037699153002,112.94803604939376,112.99207305908203,2924500,0.0,0.0
2022-03-24 00:00:00-04:00,113.01849019676771,113.93439816323252,112.55172746796234,113.82872009277344,2971100,0.0,0.0
2022-03-25 00:00:00-04:00,114.04890148340748,115.72220045421227,113.88156889868509,115.67817687988281,3530200,0.0,0.0
2022-03-28 00:00:00-04:00,115.21140319997534,115.81026351152005,114.13696469918442,115.78384399414062,2483500,0.0,0.0
2022-03-29 00:00:00-04:00,116.2858144743372,116.99036621006788,114.8679089775291,116.19775390625,5791000,0.0,0.0
2022-03-30 00:00:00-04:00,116.25940554108533,117.20174642900831,115.71338427934774,116.36509704589844,2622900,0.0,0.0
2022-03-31 00:00:00-04:00,115.12333666829936,116.14493620075352,114.48924133354912,114.5068588256836,4274000,0.0,0.0
2022-04-01 00:00:00-04:00,114.18981012380794,114.72702940426527,112.7807064064156,114.621337890625,4012400,0.0,0.0
2022-04-04 00:00:00-04:00,114.7182200568989,114.8855526440613,113.54690538497172,114.72703552246094,2809800,0.0,0.0
2022-04-05 00:00:00-04:00,114.35713785588136,115.57247598646511,113.30911885823693,113.51167297363281,3107200,0.0,0.0
2022-04-06 00:00:00-04:00,112.53412055632585,114.05770444758154,112.06735778363937,113.9520263671875,3958100,0.0,0.0
2022-04-07 00:00:00-04:00,113.49405479336448,113.82871993362812,111.60939310873614,113.21224212646484,3538300,0.0,0.0
2022-04-08 00:00:00-04:00,112.73666619581847,113.41479851640963,112.08496011243957,112.49008178710938,3143300,0.0,0.0
2022-04-11 00:00:00-04:00,112.68383027432432,112.88638439815377,111.12501819092817,111.29235076904297,3202500,0.0,0.0
2022-04-12 00:00:00-04:00,111.33636521751203,112.14659503574262,110.5965919188937,110.94886779785156,2691000,0.0,0.0
2022-04-13 00:00:00-04:00,110.64943951184561,111.55654543496514,110.00654219816658,111.08978271484375,3064900,0.0,0.0
2022-04-14 00:00:00-04:00,113.54689353297374,115.0000341870138,111.30114719634928,111.45967102050781,6384200,0.0,0.0
2022-04-18 00:00:00-04:00,111.49489873511563,112.19064180888331,110.55256454033744,111.11620330810547,4884200,0.0,0.0
2022-04-19 00:00:00-04:00,111.0369385786011,113.96081032429265,110.9664820567738,113.74063873291016,7971400,0.0,0.0
2022-04-20 00:00:00-04:00,118.89269564939205,122.90862455232433,117.46598760182705,121.81658172607422,17859200,0.0,0.0
2022-04-21 00:00:00-04:00,121.73728032353647,124.95179382605315,120.96228541032892,123.16400146484375,9922300,0.0,0.0
2022-04-22 00:00:00-04:00,123.03190611678413,123.68361898972425,120.96230082473234,121.75491333007812,6508600,0.0,0.0
2022-04-25 00:00:00-04:00,121.17364908265847,122.98786107422774,119.06000691423411,122.50349426269531,5748300,0.0,0.0
2022-04-26 00:00:00-04:00,122.41542363390201,123.18161658951304,119.92307922359066,119.9406967163086,4956200,0.0,0.0
2022-04-27 00:00:00-04:00,119.5795908489247,120.7597073260538,118.56680692745857,118.94549560546875,4369100,0.0,0.0
2022-04-28 00:00:00-04:00,120.52192727386984,120.6452228201253,118.72531967048275,119.54436492919922,4474300,0.0,0.0
2022-04-29 00:00:00-04:00,119.00716496992386,119.37705166845605,116.25061206541855,116.43556213378906,5078700,0.0,0.0
2022-05-02 00:00:00-04:00,117.1312976199201,117.80942994778651,115.2730486765419,117.16651916503906,4213500,0.0,0.0
2022-05-03 00:00:00-04:00,117.13128280792107,117.65969998534489,116.24179444540493,116.70855712890625,3688600,0.0,0.0
2022-05-04 00:00:00-04:00,117.01680107613126,121.42023320439037,116.37390374810377,121.00630950927734,5932600,0.0,0.0
2022-05-05 00:00:00-04:00,120.17847430847097,120.88301269110477,118.6812966498535,119.70289611816406,5957400,0.0,0.0
2022-05-06 00:00:00-04:00,119.30660247484869,121.5259362407029,119.30660247484869,121.24411010742188,7306400,0.0,0.0
2022-05-09 00:00:00-04:00,119.80899913406913,121.53825844877633,118.83740947002323,119.83573913574219,7647900,1.65,0.0
2022-05-10 00:00:00-04:00,120.33491315500652,120.70037800740033,114.47860751954266,115.10257720947266,8642400,0.0,0.0
2022-05-11 00:00:00-04:00,115.75327419324637,118.51652580894348,115.75327419324637,116.54659271240234,5301100,0.0,0.0
2022-05-12 00:00:00-04:00,117.01009705286587,119.10480755690513,116.2435186144749,118.46302032470703,5384800,0.0,0.0
2022-05-13 00:00:00-04:00,118.55216312741203,119.26526156571593,116.81399503488599,119.08699035644531,4195100,0.0,0.0
2022-05-16 00:00:00-04:00,118.6412965399459,121.68085647085574,118.02624935354308,120.36163330078125,4250400,0.0,0.0
2022-05-17 00:00:00-04:00,122.2870041261931,123.33881378173828,120.90537845221678,123.33881378173828,4372900,0.0,0.0
2022-05-18 00:00:00-04:00,122.2067810187591,122.67028343084492,117.81232169520602,118.4986801147461,6003000,0.0,0.0
2022-05-19 00:00:00-04:00,117.66078321858056,117.94602800951435,114.72818331835133,115.57498168945312,5819700,0.0,0.0
2022-05-20 00:00:00-04:00,116.03849617774664,116.20785858987853,112.13430630341145,114.5231704711914,6914500,0.0,0.0
2022-05-23 00:00:00-04:00,115.43235867240041,117.61621138649909,115.36104747505097,116.92094421386719,3591500,0.0,0.0
2022-05-24 00:00:00-04:00,116.38615359320315,119.77334772750817,116.25243997133983,119.26527404785156,4189700,0.0,0.0
2022-05-25 00:00:00-04:00,118.4273888045572,120.174479547417,118.4273888045572,119.79118347167969,3299300,0.0,0.0
2022-05-26 00:00:00-04:00,120.33490417081373,122.60789952539565,119.907050542104,122.01959228515625,3929300,0.0,0.0
2022-05-27 00:00:00-04:00,122.46528051479513,124.56000471566156,122.33158050249386,124.14105987548828,4608000,0.0,0.0
2022-05-31 00:00:00-04:00,123.18728306158404,124.64021994526564,121.94827979060582,123.75775909423828,7978100,0.0,0.0
2022-06-01 00:00:00-04:00,124.49760213867756,125.21070060615945,123.47253244251249,124.2836685180664,3796500,0.0,0.0
2022-06-02 00:00:00-04:00,124.30149714039604,125.05024439516298,121.98394417070479,124.92545318603516,3734800,0.0,0.0
2022-06-03 00:00:00-04:00,125.02351598771787,127.09150033215579,124.56001351152838,125.84357452392578,4352200,0.0,0.0
2022-06-06 00:00:00-04:00,127.44803841796279,129.00793542381,126.57449990303066,127.3589096069336,4766900,0.0,0.0
2022-06-07 00:00:00-04:00,127.10931250037682,127.44802370514236,125.64746687627546,127.2697525024414,2887100,0.0,0.0
2022-06-08 00:00:00-04:00,126.6368889227955,127.28758493952417,124.92544727682309,125.53158569335938,3005700,0.0,0.0
2022-06-09 00:00:00-04:00,124.92545393796452,125.71877240102819,122.94661218043997,122.9733657836914,3591000,0.0,0.0
2022-06-10 00:00:00-04:00,122.83075094429137,122.83075094429137,120.55775542309387,121.39564514160156,4659500,0.0,0.0
2022-06-13 00:00:00-04:00,119.41678446795497,122.62572041652322,119.22959087044661,120.43294525146484,6486000,0.0,0.0
2022-06-14 00:00:00-04:00,120.33490495186601,122.0730730809264,120.21011374263146,120.97669219970703,4607800,0.0,0.0
2022-06-15 00:00:00-04:00,121.23517885529877,123.41012293542947,120.85189644179799,122.1711196899414,4606900,0.0,0.0
2022-06-16 00:00:00-04:00,120.60230363477038,121.4401931935203,119.79115407460012,120.9321060180664,5386400,0.0,0.0
2022-06-17 00:00:00-04:00,121.21735941611827,122.09980663437884,118.41845935577126,120.35272979736328,12968500,0.0,0.0
2022-06-21 00:00:00-04:00,121.13713861243562,123.45470530780025,121.13713861243562,122.87532043457031,4089300,0.0,0.0
2022-06-22 00:00:00-04:00,121.31541873738563,123.16945570040106,121.25301633127684,122.18895721435547,3791500,0.0,0.0
2022-06-23 00:00:00-04:00,122.24243891017056,123.56166224483731,121.67196285183721,123.4012222290039,4547900,0.0,0.0
2022-06-24 00:00:00-04:00,124.07865761691404,126.90429789043401,124.01626881150638,126.62797546386719,11493000,0.0,0.0
2022-06-27 00:00:00-04:00,126.80625799539288,128.20571505638674,126.52993554417071,127.28760528564453,3936000,0.0,0.0
2022-06-28 00:00:00-04:00,127.39457980257717,128.4998833344719,125.9683961756297,126.4497299194336,4064800,0.0,0.0
2022-06-29 00:00:00-04:00,127.23410077012515,127.92936796549027,124.34605838853271,125.42462158203125,4161500,0.0,0.0
2022-06-30 00:00:00-04:00,124.41736486178324,126.9845135478988,124.14995127344285,125.85247039794922,4878000,0.0,0.0
2022-07-01 00:00:00-04:00,125.68309433807215,126.2803102463976,124.13210657533384,125.79005432128906,4011900,0.0,0.0
2022-07-05 00:00:00-04:00,124.76500446483386,124.76500446483386,120.57557004947282,122.67028045654297,6273400,0.0,0.0
2022-07-06 00:00:00-04:00,123.00901106184837,124.02517191352783,122.23352382276235,123.080322265625,3237000,0.0,0.0
2022-07-07 00:00:00-04:00,123.82015764860802,125.96836170525727,123.74884644659075,125.53158569335938,3897100,0.0,0.0
2022-07-08 00:00:00-04:00,125.46919221339532,125.96837066301339,124.63131613285742,125.21070098876953,2820800,0.0,0.0
2022-07-11 00:00:00-04:00,125.34438829910644,126.45860029465736,124.90762590163169,125.68311309814453,3904700,0.0,0.0
2022-07-12 00:00:00-04:00,125.54052157975259,126.17340013344248,123.51712189098103,124.06084442138672,3235400,0.0,0.0
2022-07-13 00:00:00-04:00,122.27808380126953,123.81124070921967,121.93937257827241,122.27808380126953,4123200,0.0,0.0
2022-07-14 00:00:00-04:00,120.8697187078002,124.2836521798312,120.3527227268703,123.95384979248047,5298400,0.0,0.0
2022-07-15 00:00:00-04:00,125.39786444282184,125.39786444282184,123.55273650756033,124.72042846679688,4519300,0.0,0.0
2022-07-18 00:00:00-04:00,124.9254655570973,125.0680879820017,122.81292359294012,123.12490844726562,8231700,0.0,0.0
2022-07-19 00:00:00-04:00,117.28642401168753,118.15996248888993,113.84573650620814,116.66246795654297,29690500,0.0,0.0
2022-07-20 00:00:00-04:00,116.50201092502131,116.51984212642306,114.14879558518723,115.14712524414062,9882000,0.0,0.0
2022-07-21 00:00:00-04:00,114.76383649034655,114.81731649037974,111.53707607633999,113.337646484375,11975400,0.0,0.0
2022-07-22 00:00:00-04:00,113.23068136049955,114.38055578312432,112.05407373807266,114.31815338134766,6467200,0.0,0.0
2022-07-25 00:00:00-04:00,114.48753134316948,115.1025786386832,114.00619086849936,114.57666015625,4702400,0.0,0.0
2022-07-26 00:00:00-04:00,114.32707362449153,115.25410573565419,113.76551315778728,114.16663360595703,3645300,0.0,0.0
2022-07-27 00:00:00-04:00,114.06857354631329,115.3699655997786,113.72093993189763,115.09364318847656,4175600,0.0,0.0
2022-07-28 00:00:00-04:00,114.76384782032652,115.70869751744785,114.63905660752224,115.18279266357422,3913700,0.0,0.0
2022-07-29 00:00:00-04:00,115.45020751592833,116.76943086545536,115.26301389412531,116.58223724365234,5786800,0.0,0.0
2022-08-01 00:00:00-04:00,116.54658079571978,118.28474887892983,116.50200959333564,117.69644165039062,4142100,0.0,0.0
2022-08-02 00:00:00-04:00,117.83905815979014,118.35605415888382,116.33264136266247,117.49142456054688,4403600,0.0,0.0
2022-08-03 00:00:00-04:00,117.50034952043875,118.4273679382041,117.05466471163942,117.96385192871094,3088500,0.0,0.0
2022-08-04 00:00:00-04:00,117.79449842805008,117.91928963989673,116.78725993286704,117.33990478515625,3179800,0.0,0.0
2022-08-05 00:00:00-04:00,116.9922499706008,118.25799306194591,116.83180998494078,118.08863067626953,2586500,0.0,0.0
2022-08-08 00:00:00-04:00,118.64132014492888,118.86416258426854,117.67863917483474,118.20454406738281,3821200,0.0,0.0
2022-08-09 00:00:00-04:00,117.265832307812,118.0510901815695,116.54374929491682,116.85966491699219,3496000,1.65,0.0
2022-08-10 00:00:00-04:00,118.01499007772583,118.94466729163628,117.64492064663085,118.69194030761719,3664000,0.0,0.0
2022-08-11 00:00:00-04:00,119.4681842978632,120.25344220447482,119.14324761709486,119.63064575195312,3501900,0.0,0.0
2022-08-12 00:00:00-04:00,119.70284465850852,121.02966817116328,119.12518103053951,120.95745849609375,2766900,0.0,0.0
2022-08-15 00:00:00-04:00,120.00974705970674,122.02254195811643,119.35987371421864,121.78785705566406,2791200,0.0,0.0
2022-08-16 00:00:00-04:00,121.48999785058841,123.99019059989884,121.35459955099455,123.25908660888672,4313600,0.0,0.0
2022-08-17 00:00:00-04:00,123.16885445153154,124.93794349139183,123.02443508468083,124.36930084228516,3667600,0.0,0.0
2022-08-18 00:00:00-04:00,124.36930177346872,125.56976194579934,124.3332038177802,125.52464294433594,3177700,0.0,0.0
2022-08-19 00:00:00-04:00,125.235791899421,125.76832277216688,124.25196087568622,124.8927993774414,3155800,0.0,0.0
2022-08-22 00:00:00-04:00,124.24291775912658,124.42344882553326,122.27525584309139,122.34746551513672,3093600,0.0,0.0
2022-08-23 00:00:00-04:00,122.18498465659019,122.84389271879724,121.5983000356735,121.6163558959961,4141800,0.0,0.0
2022-08-24 00:00:00-04:00,121.75174529547718,121.95031844922424,120.14511797704127,120.25342559814453,2855400,0.0,0.0
2022-08-25 00:00:00-04:00,120.63252202950412,121.33654914677727,120.1090259864752,120.93038177490234,2706000,0.0,0.0
2022-08-26 00:00:00-04:00,121.03870445564256,121.11090035899998,117.64491854917135,117.6810302734375,4185300,0.0,0.0
2022-08-29 00:00:00-04:00,117.32902630252127,118.61973821250712,116.94993580226134,117.61785125732422,2783000,0.0,0.0
2022-08-30 00:00:00-04:00,117.8434906483182,118.03304276753131,116.69718443352289,116.95894622802734,2407900,0.0,0.0
2022-08-31 00:00:00-04:00,117.26584965172266,117.33805934095096,115.89389310156481,115.93902587890625,3490400,0.0,0.0
2022-09-01 00:00:00-04:00,115.89387325243995,117.17557780098755,115.2981606340715,117.03115844726562,3396200,0.0,0.0
2022-09-02 00:00:00-04:00,117.60882089928207,117.84349201726447,114.84685932080049,115.34329223632812,3040600,0.0,0.0
2022-09-06 00:00:00-04:00,115.35232003858793,115.58699115630823,113.99841960098146,114.37751007080078,3347100,0.0,0.0
2022-09-07 00:00:00-04:00,114.35043076876981,115.41549936616397,113.98036135148755,115.27108001708984,2401500,0.0,0.0
2022-09-08 00:00:00-04:00,114.81074042107353,116.02022135979833,114.26015375902931,115.95704650878906,2964600,0.0,0.0
2022-09-09 00:00:00-04:00,116.34517179716931,116.8777164350934,115.58699085947772,116.60693359375,3291900,0.0,0.0
2022-09-12 00:00:00-04:00,117.63588661690603,118.23160605887523,117.23874032225989,117.93374633789062,3741100,0.0,0.0
2022-09-13 00:00:00-04:00,116.56178690022047,117.25679289637232,114.42262199077588,114.85587310791016,4565600,0.0,0.0
2022-09-14 00:00:00-04:00,115.08153261740867,116.4354330011429,114.49484107386515,115.2530288696289,3819100,0.0,0.0
2022-09-15 00:00:00-04:00,114.98225306430422,115.0544627418928,112.73478021813675,113.2673110961914,5141700,0.0,0.0
2022-09-16 00:00:00-04:00,112.24736871305021,115.10860988016934,111.76899167778787,114.87393188476562,9839700,0.0,0.0
2022-09-19 00:00:00-04:00,114.16990191387376,115.58698400882282,113.9803566906849,115.28913116455078,3981600,0.0,0.0
2022-09-20 00:00:00-04:00,114.5399641871325,114.62119489788913,113.29437153185441,113.99840545654297,2837500,0.0,0.0
2022-09-21 00:00:00-04:00,114.53095184583967,115.38841937879087,112.7528281479133,112.76185607910156,3389500,0.0,0.0
2022-09-22 00:00:00-04:00,112.60840950283415,114.18795994572992,112.29250079151369,113.1048355102539,4046600,0.0,0.0
2022-09-23 00:00:00-04:00,112.40081950545445,112.82504276806945,109.88256372451585,110.75808715820312,5195600,0.0,0.0
2022-09-26 00:00:00-04:00,110.38802139747835,112.15711719042156,109.89158846917805,110.12626647949219,3987800,0.0,0.0
2022-09-27 00:00:00-04:00,110.6587975539742,111.87730660540355,109.28684810127245,109.88256072998047,4117200,0.0,0.0
2022-09-28 00:00:00-04:00,109.80132058009508,111.22743061209428,108.14053255751915,110.80320739746094,4996400,0.0,0.0
2022-09-29 00:00:00-04:00,109.98184495695916,110.6768510428885,108.82651767708542,109.78327178955078,3817700,0.0,0.0
2022-09-30 00:00:00-04:00,109.81035425500802,110.5053534462387,107.05742062430905,107.2379379272461,5346100,0.0,0.0
2022-10-03 00:00:00-04:00,108.45645587122637,110.30678236328414,107.95099501813336,109.67496490478516,4261700,0.0,0.0
2022-10-04 00:00:00-04:00,110.83931117026836,113.41172045249579,110.5865773209904,113.27632904052734,4566100,0.0,0.0
2022-10-05 00:00:00-04:00,112.56328844268327,114.14283904985847,112.13004413246853,113.49296569824219,3212900,0.0,0.0
2022-10-06 00:00:00-04:00,112.71671420113236,113.0958115311733,109.90962693597989,110.3248291015625,5074600,0.0,0.0
2022-10-07 00:00:00-04:00,109.66594809610264,109.93673096937626,106.57002846287611,107.24697875976562,4499700,0.0,0.0
2022-10-10 00:00:00-04:00,108.12248670468611,108.2759270972158,105.64033597286033,106.28118133544922,5990000,0.0,0.0
2022-10-11 00:00:00-04:00,106.01942915426298,107.61703552264002,105.5500800337987,106.3263168334961,4043100,0.0,0.0
2022-10-12 00:00:00-04:00,106.50680879823571,107.23791265501691,105.78472598406982,106.11869049072266,3338800,0.0,0.0
2022-10-13 00:00:00-04:00,104.79189081718603,110.25262524936403,104.2954647964476,109.92768859863281,5837500,0.0,0.0
2022-10-14 00:00:00-04:00,109.93671530030157,110.60463756987238,108.16761271663799,108.34813690185547,3762400,0.0,0.0
2022-10-17 00:00:00-04:00,109.93670906469599,110.91151206440541,109.60274450570626,109.68397521972656,5458600,0.0,0.0
2022-10-18 00:00:00-04:00,111.01984443085239,111.8682909740194,109.95477572915341,110.96569061279297,5120300,0.0,0.0
2022-10-19 00:00:00-04:00,110.44216900775741,111.86827907957402,110.10820443054664,110.57756042480469,5906600,0.0,0.0
2022-10-20 00:00:00-04:00,113.95328604496359,116.39933887861966,112.9604271081672,115.80361938476562,13623100,0.0,0.0
2022-10-21 00:00:00-04:00,115.88485827709924,118.10526119595927,115.16277524325763,117.2477798461914,7201300,0.0,0.0
2022-10-24 00:00:00-04:00,118.1503671980071,120.14511981014212,117.20264795372061,119.76602935791016,5610900,0.0,0.0
2022-10-25 00:00:00-04:00,119.14324666827369,120.31662988240316,118.51142917530811,119.98265838623047,5957600,0.0,0.0
2022-10-26 00:00:00-04:00,120.69572087398197,122.62728508760472,119.87435124345845,121.86006927490234,5139000,0.0,0.0
2022-10-27 00:00:00-04:00,122.34747501736409,123.11467701883113,121.35460916536232,121.64344787597656,3993200,0.0,0.0
2022-10-28 00:00:00-04:00,122.35648938962031,125.33507301060033,122.04960860576928,125.01915740966797,5965500,0.0,0.0
2022-10-31 00:00:00-04:00,124.61298533259531,125.25383755471437,123.2951967117448,124.8205795288086,4915300,0.0,0.0
2022-11-01 00:00:00-04:00,124.78450502783735,125.14553967801427,123.38547165637091,124.73937225341797,3590600,0.0,0.0
2022-11-02 00:00:00-04:00,124.3331675642064,126.51745822006521,123.47570019759094,123.50277709960938,5360500,0.0,0.0
2022-11-03 00:00:00-04:00,123.13272552418327,123.1868793360408,120.92135764695026,121.3726577758789,4442400,0.0,0.0
2022-11-04 00:00:00-04:00,122.43772969951583,124.3151400454353,121.79689117554098,123.62014770507812,4178000,0.0,0.0
2022-11-07 00:00:00-05:00,123.33130489511883,125.1906593163497,123.21396244845883,124.86572265625,4043100,0.0,0.0
2022-11-08 00:00:00-05:00,125.46145575653752,127.20346791986825,125.20872874602932,126.40015411376953,5042800,0.0,0.0
2022-11-09 00:00:00-05:00,125.99826630242553,126.86595728552878,125.07577583739096,125.48678588867188,4720000,1.65,0.0
2022-11-10 00:00:00-05:00,128.10811755308907,129.1219496808808,126.3087937412714,128.99407958984375,5389000,0.0,0.0
2022-11-11 00:00:00-05:00,129.24067886424814,131.64282456368966,128.74746968487048,130.7659912109375,5871300,0.0,0.0
2022-11-14 00:00:00-05:00,130.27281613086538,133.42391199221424,129.86179211420497,131.706787109375,5293500,0.0,0.0
2022-11-15 00:00:00-05:00,131.59720191183735,133.4969965915963,129.69740723207843,131.8346710205078,4727100,0.0,0.0
2022-11-16 00:00:00-05:00,131.64284340321848,132.39179284749977,131.53323050794182,131.99905395507812,3445200,0.0,0.0
2022-11-17 00:00:00-05:00,130.9852261091609,133.51522839638324,130.83908486849074,133.4330291748047,3954000,0.0,0.0
2022-11-18 00:00:00-05:00,133.8623223253013,135.46070570392837,133.29604238807707,134.8487548828125,4661700,0.0,0.0
2022-11-21 00:00:00-05:00,134.7665275012305,135.11359548535094,133.76182401268528,133.97189331054688,3476200,0.0,0.0
2022-11-22 00:00:00-05:00,134.81219316100226,136.41057614390198,134.28244169996884,136.18223571777344,7062100,0.0,0.0
2022-11-23 00:00:00-05:00,136.18227687239835,137.42444972339703,135.45158450061126,135.8625946044922,3658200,0.0,0.0
2022-11-25 00:00:00-05:00,135.4241598517188,136.53846237799505,135.26889001599773,135.51548767089844,2075200,0.0,0.0
2022-11-28 00:00:00-05:00,135.15926693881624,135.39674991174127,133.296015113742,133.5152130126953,3538100,0.0,0.0
2022-11-29 00:00:00-05:00,133.2686188636717,134.41944967367354,133.0768067602741,133.79837036132812,2754700,0.0,0.0
2022-11-30 00:00:00-05:00,133.52436996569404,136.67546553450515,133.04941790535977,135.99957275390625,6377600,0.0,0.0
2022-12-01 00:00:00-05:00,136.98601003683993,137.01340977813155,134.57473524560302,136.237060546875,4495900,0.0,0.0
2022-12-02 00:00:00-05:00,135.29626532974945,136.23702671191043,134.93091230860412,135.7894744873047,2900000,0.0,0.0
2022-12-05 00:00:00-05:00,135.12276784781312,136.02698725029717,134.08153579203346,134.63868713378906,2784600,0.0,0.0
2022-12-06 00:00:00-05:00,134.5381861535201,134.99486702034346,133.99016353861444,134.72085571289062,2847600,0.0,0.0
2022-12-07 00:00:00-05:00,134.5656179686403,135.26891057350306,133.61571373460276,134.5108184814453,3971300,0.0,0.0
2022-12-08 00:00:00-05:00,135.08620723469363,136.22790950657847,134.6021265863581,134.9766082763672,2665700,0.0,0.0
2022-12-09 00:00:00-05:00,134.62952850872563,135.48809086099038,134.2367896104914,134.3098602294922,3047600,0.0,0.0
2022-12-12 00:00:00-05:00,135.01315766678803,136.28273010253906,134.2093947652607,136.28273010253906,4032800,0.0,0.0
2022-12-13 00:00:00-05:00,137.34223406030978,139.93619262991137,136.95862370786392,137.52491760253906,8811500,0.0,0.0
2022-12-14 00:00:00-05:00,137.4335704008526,138.7488138068663,135.5885754042613,136.8764190673828,4205900,0.0,0.0
2022-12-15 00:00:00-05:00,135.65251193337153,136.0726505985628,129.31377818089038,130.0261993408203,6687000,0.0,0.0
2022-12-16 00:00:00-05:00,129.01234561853073,129.62429631117325,126.92988196879992,128.01678466796875,9834400,0.0,0.0
2022-12-19 00:00:00-05:00,128.01678356112365,128.2725237308588,125.31322670518838,126.83853912353516,5282900,0.0,0.0
2022-12-20 00:00:00-05:00,126.81115920253133,129.1767631106365,126.35447826567105,129.03976440429688,5156500,0.0,0.0
2022-12-21 00:00:00-05:00,129.55126022439617,130.69296270226937,128.7657683621475,129.8252716064453,3793700,0.0,0.0
2022-12-22 00:00:00-05:00,128.73836656717032,129.18591894861555,126.61023150989435,128.6744384765625,3337100,0.0,0.0
2022-12-23 00:00:00-05:00,128.40952432749353,129.56949764542898,127.5053051198948,129.377685546875,2092500,0.0,0.0
2022-12-27 00:00:00-05:00,129.4507565579555,130.3549897051362,128.99407568425107,130.0809783935547,2742400,0.0,0.0
2022-12-28 00:00:00-05:00,130.06272301968696,130.43720472634178,127.82498925468454,127.88893127441406,2539500,0.0,0.0
2022-12-29 00:00:00-05:00,128.40038120802694,129.9348220757703,128.2816397348828,128.8387908935547,2337200,0.0,0.0
2022-12-30 00:00:00-05:00,128.36386575766338,128.6926765747079,127.36830470545473,128.6835479736328,2858000,0.0,0.0
2023-01-03 00:00:00-05:00,128.87535168403934,129.6060299526579,128.30905790802694,129.28636169433594,3338600,0.0,0.0
2023-01-04 00:00:00-05:00,129.761326432544,131.1770261693004,129.12196197966512,130.2454071044922,3869200,0.0,0.0
2023-01-05 00:00:00-05:00,130.09926389741094,130.1540633784198,127.87978735898199,128.88449096679688,2866600,0.0,0.0
2023-01-06 00:00:00-05:00,130.04446119006337,131.75244334417872,129.31376894221665,131.25009155273438,3574000,0.0,0.0
2023-01-09 00:00:00-05:00,131.597194131821,132.86676671093,130.97610074592725,131.1131134033203,3987700,0.0,0.0
2023-01-10 00:00:00-05:00,131.16790362264427,132.30047740112505,130.51941053845687,132.2548065185547,2152100,0.0,0.0
2023-01-11 00:00:00-05:00,132.43747294443062,132.92155362714587,131.02175923938952,132.67494201660156,3268700,0.0,0.0
2023-01-12 00:00:00-05:00,132.3278533836128,133.95363616627026,131.99904259965993,132.93980407714844,2715900,0.0,0.0
2023-01-13 00:00:00-05:00,131.57891227184027,133.44217834094388,131.53324138976288,133.2503662109375,2455700,0.0,0.0
2023-01-17 00:00:00-05:00,133.73443885057245,134.42858883125984,132.44659531220637,132.6110076904297,2986500,0.0,0.0
2023-01-18 00:00:00-05:00,131.88943707360178,132.14517726019233,128.0807200767409,128.24513244628906,6445600,0.0,0.0
2023-01-19 00:00:00-05:00,127.87067074435808,129.90746395462574,127.64233026088601,128.43695068359375,4833900,0.0,0.0
2023-01-20 00:00:00-05:00,129.3959865562712,129.56952755769439,128.33648334311712,128.96670532226562,7153300,0.0,0.0
2023-01-23 00:00:00-05:00,129.14936643888115,130.6016224445779,128.83882673926658,129.56951904296875,5898400,0.0,0.0
2023-01-24 00:00:00-05:00,129.012355531389,130.38239824499666,127.87065327004927,129.2315673828125,4407600,0.0,0.0
2023-01-25 00:00:00-05:00,128.2999200556045,128.81140038147157,127.28608800369172,128.56478881835938,7347500,0.0,0.0
2023-01-26 00:00:00-05:00,125.61464679005128,126.29053953688154,121.45884782754703,122.8014907836914,17548500,0.0,0.0
2023-01-27 00:00:00-05:00,122.79236735128602,123.75140006558256,122.18041659413188,122.74669647216797,8143100,0.0,0.0
2023-01-30 00:00:00-05:00,122.68276728310126,124.31767882111865,122.37221366998,123.5778579711914,5375700,0.0,0.0
2023-01-31 00:00:00-05:00,123.76053590368377,123.89753461225342,122.17128120029382,123.05724334716797,7206400,0.0,0.0
2023-02-01 00:00:00-05:00,122.83803862250225,124.0253978625879,121.29445488623617,123.38604736328125,5428900,0.0,0.0
2023-02-02 00:00:00-05:00,124.18067877192465,124.87482873560066,123.16684659757945,124.57341766357422,6107800,0.0,0.0
2023-02-03 00:00:00-05:00,124.53688739821796,125.08489611787247,123.78792403018983,125.07576751708984,3755700,0.0,0.0
2023-02-06 00:00:00-05:00,124.06194638770657,124.509498728155,123.25818346993678,124.3816146850586,4841300,0.0,0.0
2023-02-07 00:00:00-05:00,123.91580559101085,124.58255586650915,122.80150297344032,124.07107543945312,3737600,0.0,0.0
2023-02-08 00:00:00-05:00,123.95233880533397,124.89310036560467,123.44998701664684,124.19893646240234,4593700,0.0,0.0
2023-02-09 00:00:00-05:00,124.8091745466934,125.49335534946871,123.2836076729696,123.66268920898438,3918800,1.65,0.0
2023-02-10 00:00:00-05:00,123.6904099719274,125.53033071898861,123.43152849398685,125.37315368652344,5049600,0.0,0.0
2023-02-13 00:00:00-05:00,125.74299823249127,127.02816507657751,125.60431674528158,126.9911880493164,4403000,0.0,0.0
2023-02-14 00:00:00-05:00,126.71379970232351,126.88947230916186,124.86463812799697,125.75222778320312,3202200,0.0,0.0
2023-02-15 00:00:00-05:00,125.00332927745998,126.15905535086102,124.8831433592556,126.11282348632812,2506700,0.0,0.0
2023-02-16 00:00:00-05:00,125.34543062877945,125.7152573197511,124.43933125232623,124.81841278076172,2965500,0.0,0.0
2023-02-17 00:00:00-05:00,124.3561356558516,125.35468475779365,123.7921407216432,124.83692169189453,3466200,0.0,0.0
2023-02-21 00:00:00-05:00,123.89382647568331,124.25441242125589,121.73031080224783,121.77654266357422,4257200,0.0,0.0
2023-02-22 00:00:00-05:00,121.95220723071779,122.03543022843881,120.46363151304743,121.09235382080078,3200200,0.0,0.0
2023-02-23 00:00:00-05:00,121.58238483603654,121.76729818909521,119.14149189490242,120.9259262084961,3725600,0.0,0.0
2023-02-24 00:00:00-05:00,119.84416346954617,120.8149761691194,119.47433677827254,120.72252655029297,3015800,0.0,0.0
2023-02-27 00:00:00-05:00,121.50841298452534,121.92447154327297,120.31570990171758,120.6485595703125,2761300,0.0,0.0
2023-02-28 00:00:00-05:00,120.70404311695437,120.75951571542332,119.40038062099227,119.5483169555664,5143100,0.0,0.0
2023-03-01 00:00:00-05:00,119.17845524745636,119.70547305658582,118.10594522559278,118.52201080322266,3760700,0.0,0.0
2023-03-02 00:00:00-05:00,118.70693220528416,119.4743359871804,118.07821695869322,119.2061996459961,3340100,0.0,0.0
2023-03-03 00:00:00-05:00,119.59452579994287,120.11228876329015,119.05826727133814,119.8626480102539,2860300,0.0,0.0
2023-03-06 00:00:00-05:00,119.8626554072479,120.99064512185782,119.81642354524254,120.37117767333984,3131200,0.0,0.0
2023-03-07 00:00:00-05:00,120.45438197130959,120.5838227152033,118.52201154175965,118.57748413085938,3530400,0.0,0.0
2023-03-08 00:00:00-05:00,118.7901411101413,119.03054115509545,117.93028770991448,118.392578125,2778800,0.0,0.0
2023-03-09 00:00:00-05:00,118.62371332938183,118.83636295215362,116.47868626642799,116.64511108398438,5478300,0.0,0.0
2023-03-10 00:00:00-05:00,116.6081295689502,117.68988737983406,115.6927895252871,115.98865509033203,5990900,0.0,0.0
2023-03-13 00:00:00-04:00,115.7113013896199,118.52202818045072,115.43392429719873,116.10887145996094,8188400,0.0,0.0
2023-03-14 00:00:00-04:00,116.95022587110086,117.0889144048096,113.9083541287877,115.2490005493164,8114800,0.0,0.0
2023-03-15 00:00:00-04:00,113.7141934078113,114.04704306829989,112.53073108340382,113.9823226928711,5989300,0.0,0.0
2023-03-16 00:00:00-04:00,113.68645837651698,115.40617929017573,112.72489346374064,115.29522705078125,6438700,0.0,0.0
2023-03-17 00:00:00-04:00,114.72199037611557,115.12880114210732,113.658721017335,114.36140441894531,37400200,0.0,0.0
2023-03-20 00:00:00-04:00,114.93464769624578,116.64512797876087,114.82370250446654,116.44171905517578,4588300,0.0,0.0
2023-03-21 00:00:00-04:00,117.32929087166694,117.56043604396967,116.1828127921628,117.02417755126953,3856300,0.0,0.0
2023-03-22 00:00:00-04:00,117.42177038604305,117.62517930590172,114.65727556230836,114.69425964355469,3549000,0.0,0.0
2023-03-23 00:00:00-04:00,114.47234725667575,115.50788029813705,113.35360532864637,114.06553649902344,4651900,0.0,0.0
2023-03-24 00:00:00-04:00,114.05629505346567,115.94244084772244,113.61249313846731,115.84073638916016,3812300,0.0,0.0
2023-03-27 00:00:00-04:00,116.93173480960478,120.43588983124415,116.93173480960478,119.55754089355469,6524100,0.0,0.0
2023-03-28 00:00:00-04:00,119.43734505309962,119.88115401001171,119.08601393052406,119.58528137207031,2888900,0.0,0.0
2023-03-29 00:00:00-04:00,120.30645848750069,120.5191222456989,119.43735021099528,119.9273910522461,3279600,0.0,0.0
2023-03-30 00:00:00-04:00,120.34344294507619,121.56388229160822,119.3633895329259,119.47433471679688,3561800,0.0,0.0
2023-03-31 00:00:00-04:00,119.70547647560764,121.3327335934639,119.65924461433114,121.20329284667969,4524700,0.0,0.0
2023-04-03 00:00:00-04:00,121.09234613684461,122.60865805487589,120.90743280205702,122.10013580322266,3840100,0.0,0.0
2023-04-04 00:00:00-04:00,122.03542879374447,122.1833510044321,121.01838423785787,121.67484283447266,3382800,0.0,0.0
2023-04-05 00:00:00-04:00,121.46217163773863,122.6086568751635,121.46217163773863,122.17410278320312,2898700,0.0,0.0
2023-04-06 00:00:00-04:00,122.19260633655671,122.59942416055841,120.49138098889854,120.65779876708984,3050600,0.0,0.0
2023-04-10 00:00:00-04:00,120.03832539507587,121.1940513800381,119.49282611608966,121.14781951904297,2614400,0.0,0.0
2023-04-11 00:00:00-04:00,120.73177574658156,121.2125617653415,120.3619349213874,120.5838394165039,3132400,0.0,0.0
2023-04-12 00:00:00-04:00,120.56534018966914,121.01838989628976,118.50352879322318,118.84561920166016,3957500,0.0,0.0
2023-04-13 00:00:00-04:00,118.35558075810674,118.70692596962293,116.49717846621017,118.2538833618164,5621500,0.0,0.0
2023-04-14 00:00:00-04:00,118.77166458091956,120.04757658608348,117.70838811730111,118.47579193115234,4180600,0.0,0.0
2023-04-17 00:00:00-04:00,118.6237259231612,119.01204818735553,117.2368546476168,118.17992401123047,3662700,0.0,0.0
2023-04-18 00:00:00-04:00,118.47577871702013,118.97504612283625,117.74535906585676,118.14292907714844,3193800,0.0,0.0
2023-04-19 00:00:00-04:00,116.95946986820995,117.40327175091282,115.84997574244018,116.79304504394531,7014400,0.0,0.0
2023-04-20 00:00:00-04:00,120.33419528822506,121.10159910775315,116.34925397259121,116.83003997802734,9749600,0.0,0.0
2023-04-21 00:00:00-04:00,116.49716939336757,117.144373068401,115.82222237169758,116.2475357055664,6725400,0.0,0.0
2023-04-24 00:00:00-04:00,116.08111711351484,116.54340749301272,115.16577708323523,115.94242858886719,4043900,0.0,0.0
2023-04-25 00:00:00-04:00,115.48013670119342,116.67284671120007,115.35069596094382,116.39546966552734,4275400,0.0,0.0
2023-04-26 00:00:00-04:00,116.32152116641886,117.00571611361501,115.68356513996905,116.35850524902344,4070200,0.0,0.0
2023-04-27 00:00:00-04:00,116.83928822273461,117.4402601509117,115.99791623689902,117.39403533935547,3204900,0.0,0.0
2023-04-28 00:00:00-04:00,117.03344352813612,117.65291099325648,116.16433528788296,116.87626647949219,5060500,0.0,0.0
2023-05-01 00:00:00-04:00,116.82078391585883,117.19061765060385,116.55265463451848,116.58039093017578,2725000,0.0,0.0
2023-05-02 00:00:00-04:00,116.77455681656842,116.91323829213398,113.97307109228619,115.72053527832031,4445300,0.0,0.0
2023-05-03 00:00:00-04:00,115.99790521499939,116.09960966634856,113.96383029599943,114.13949584960938,4554200,0.0,0.0
2023-05-04 00:00:00-04:00,113.75117301445498,114.20421562464267,112.57695851956275,113.32586669921875,4468200,0.0,0.0
2023-05-05 00:00:00-04:00,113.82515023280013,114.74048330903311,113.54777315321817,114.32442474365234,4970800,0.0,0.0
2023-05-08 00:00:00-04:00,114.42612664399803,114.57405591020645,113.3073846749523,114.09327697753906,3663800,0.0,0.0
2023-05-09 00:00:00-04:00,114.24322482503234,114.30882770258268,113.08111364406481,113.55907440185547,4540000,1.66,0.0
2023-05-10 00:00:00-04:00,114.3275678756593,114.79616189925841,113.4934710856671,114.35568237304688,4189200,0.0,0.0
2023-05-11 00:00:00-04:00,114.35568395409258,114.56186647135517,112.9780235118131,113.30603790283203,3446500,0.0,0.0
2023-05-12 00:00:00-04:00,113.78400398509824,115.1429237903915,113.50284471150367,115.12417602539062,4560500,0.0,0.0
2023-05-15 00:00:00-04:00,115.27411537430604,115.92077733397446,114.65556790850553,115.61150360107422,2915700,0.0,0.0
2023-05-16 00:00:00-04:00,115.60213945990448,116.0801073464605,114.75866882191652,115.70523071289062,2748400,0.0,0.0
2023-05-17 00:00:00-04:00,116.15508417796408,117.94510955790108,115.71460466949928,117.81390380859375,4515100,0.0,0.0
2023-05-18 00:00:00-04:00,117.4296641796701,118.56366084915652,117.32657292333703,118.22627258300781,3797900,0.0,0.0
2023-05-19 00:00:00-04:00,118.82608385043699,120.23185889513732,118.60116070130628,119.26656341552734,4305800,0.0,0.0
2023-05-22 00:00:00-04:00,119.4914779663086,120.13814001747718,119.1634635744758,119.4914779663086,2806800,0.0,0.0
2023-05-23 00:00:00-04:00,119.24779421108504,120.98159050970655,119.14470296331292,120.12874603271484,4592300,0.0,0.0
2023-05-24 00:00:00-04:00,119.79136350164978,119.86634025370385,117.5889732488421,117.78578186035156,3915500,0.0,0.0
2023-05-25 00:00:00-04:00,117.72019069416335,119.23843789841493,117.15787929820335,118.79795837402344,4102900,0.0,0.0
2023-05-26 00:00:00-04:00,119.07910320523771,121.51579768881827,118.84480620875318,120.79415893554688,5612600,0.0,0.0
2023-05-30 00:00:00-04:00,121.42207606090176,121.90005109733626,120.20372879010505,121.34709930419922,3741100,0.0,0.0
2023-05-31 00:00:00-04:00,120.43803135750862,121.30962368164145,119.45398819347983,120.51300811767578,11590200,0.0,0.0
2023-06-01 00:00:00-04:00,120.37243217544115,121.97501568941202,119.75388464708023,121.66575622558594,4136100,0.0,0.0
2023-06-02 00:00:00-04:00,122.19058255028973,124.75846865538162,121.97501900250754,124.1024398803711,5373900,0.0,0.0
2023-06-05 00:00:00-04:00,124.75844756329856,125.18956028562283,123.96184643558855,124.30860137939453,3993500,0.0,0.0
2023-06-06 00:00:00-04:00,124.1118059648039,124.58978102009499,123.59636398021462,124.35548400878906,3298000,0.0,0.0
2023-06-07 00:00:00-04:00,124.17740547340624,125.99555241518664,123.88687949205332,125.93932342529297,5772000,0.0,0.0
2023-06-08 00:00:00-04:00,126.22984923017987,127.438815412264,125.5925539781178,125.96743774414062,4128500,0.0,0.0
2023-06-09 00:00:00-04:00,125.92058514714938,127.55129747867042,125.74251713217039,126.80154418945312,3981500,0.0,0.0
2023-06-12 00:00:00-04:00,127.45757140519446,128.03862340460472,127.28888442485768,127.85118865966797,4494500,0.0,0.0
2023-06-13 00:00:00-04:00,127.93553121824483,129.49126676056486,127.45757047708331,128.9570770263672,3927300,0.0,0.0
2023-06-14 00:00:00-04:00,129.14450232784807,130.20351498676163,128.33852011909747,128.58218383789062,4514900,0.0,0.0
2023-06-15 00:00:00-04:00,128.6478048773342,130.08170141915164,128.563447086368,129.70681762695312,3812600,0.0,0.0
2023-06-16 00:00:00-04:00,130.48468352090805,130.7096137929744,128.8352377601509,128.8446044921875,7473100,0.0,0.0
2023-06-20 00:00:00-04:00,127.79495921021558,128.610308212976,127.35447969599102,127.42008972167969,4271300,0.0,0.0
2023-06-21 00:00:00-04:00,126.62346879232508,126.88588028319937,124.91777980128856,125.29266357421875,5501300,0.0,0.0
2023-06-22 00:00:00-04:00,123.4089070746068,124.60852085245138,122.47171908904501,122.93094635009766,6012800,0.0,0.0
2023-06-23 00:00:00-04:00,122.20931309390024,122.41549560402589,121.06594255605953,121.30023956298828,11324700,0.0,0.0
2023-06-26 00:00:00-04:00,121.26276473504714,123.15588865506177,121.18778797282967,123.09027862548828,4845600,0.0,0.0
2023-06-27 00:00:00-04:00,123.05279651912966,124.59915111534289,122.61231698195762,124.0274658203125,3219900,0.0,0.0
2023-06-28 00:00:00-04:00,123.76504598106781,123.86813723390587,122.687285492596,123.48388671875,2753800,0.0,0.0
2023-06-29 00:00:00-04:00,123.47451758846934,125.91121208075523,123.41828859716877,125.63941955566406,3639800,0.0,0.0
2023-06-30 00:00:00-04:00,126.22985084505702,126.54849132498774,125.04898484241996,125.40512084960938,4236400,0.0,0.0
2023-07-03 00:00:00-04:00,125.03962115202772,125.91121342757101,124.52416489233589,125.27391815185547,1477100,0.0,0.0
2023-07-05 00:00:00-04:00,124.94591707124715,125.87372408392417,124.2617595018807,125.8081283569336,2955100,0.0,0.0
2023-07-06 00:00:00-04:00,124.87094474821738,125.4894780118602,123.28709460723236,123.85877990722656,3507700,0.0,0.0
2023-07-07 00:00:00-04:00,123.502638945297,125.44262505506522,123.47452444808482,123.78379821777344,2982400,0.0,0.0
2023-07-10 00:00:00-04:00,123.48388288794817,124.69286338830271,123.4276538972998,124.55227661132812,2369200,0.0,0.0
2023-07-11 00:00:00-04:00,125.26455418083711,126.10801767866543,124.86155589606717,125.99555969238281,2925200,0.0,0.0
2023-07-12 00:00:00-04:00,126.58600298262128,126.8296667394374,124.24303274277435,124.49606323242188,3732200,0.0,0.0
2023-07-13 00:00:00-04:00,125.1239739469207,126.58599934689234,124.9834014567095,125.50822448730469,3221400,0.0,0.0
2023-07-14 00:00:00-04:00,125.49883374061636,125.50820047138644,124.58976034358784,125.02085876464844,2860700,0.0,0.0
2023-07-17 00:00:00-04:00,124.88967377622775,126.1548833576024,124.7397345572401,125.8081283569336,3167400,0.0,0.0
2023-07-18 00:00:00-04:00,126.24861391807885,127.41071799765413,125.85498233589746,126.85778045654297,3852100,0.0,0.0
2023-07-19 00:00:00-04:00,127.01706946740578,127.87928058219451,126.69842902722661,126.97020721435547,5520000,0.0,0.0
2023-07-20 00:00:00-04:00,128.57282382749395,131.50622683948768,127.98239081220986,129.68807983398438,10896300,0.0,0.0
2023-07-21 00:00:00-04:00,129.52877781139782,131.0001557401299,129.10703171237878,130.21292114257812,5858600,0.0,0.0
2023-07-24 00:00:00-04:00,130.59715381143147,131.31877827678613,130.06294978607005,130.77520751953125,3475200,0.0,0.0
2023-07-25 00:00:00-04:00,130.6627651254663,131.60931997238862,130.3066290660662,131.51560974121094,3770800,0.0,0.0
2023-07-26 00:00:00-04:00,131.61870386219886,132.3778239628848,131.09388079507553,132.20913696289062,4046400,0.0,0.0
2023-07-27 00:00:00-04:00,133.3618775213458,134.3740424463427,132.98699367855636,133.9897918701172,6331600,0.0,0.0
2023-07-28 00:00:00-04:00,134.43023898171668,134.90819967794104,133.8773015350419,134.43960571289062,6686400,0.0,0.0
2023-07-31 00:00:00-04:00,134.77702426084036,135.51741090038414,134.51461272540504,135.123779296875,6138100,0.0,0.0
2023-08-01 00:00:00-04:00,135.18939033510676,135.40493960502485,133.24003727142434,134.32717895507812,4797700,0.0,0.0
2023-08-02 00:00:00-04:00,133.8117043656784,135.23623416032777,133.37122485220362,135.11439514160156,4957400,0.0,0.0
2023-08-03 00:00:00-04:00,134.74887111999274,136.0984239440081,134.3083916760335,135.3767852783203,3951900,0.0,0.0
2023-08-04 00:00:00-04:00,135.97660918774966,136.91379722703448,134.9457109247491,135.1800079345703,4223100,0.0,0.0
2023-08-07 00:00:00-04:00,135.89226342403987,137.29804545946098,135.8266533982168,136.99813842773438,3438700,0.0,0.0
2023-08-08 00:00:00-04:00,136.5482861602734,136.9700178922353,135.05816070050966,136.74510192871094,4654600,0.0,0.0
2023-08-09 00:00:00-04:00,137.3992063279979,137.3992063279979,134.89655823406858,135.07667541503906,4072900,1.66,0.0
2023-08-10 00:00:00-04:00,135.59803846527873,137.0579248447017,135.2662566262598,135.797119140625,4735800,0.0,0.0
2023-08-11 00:00:00-04:00,135.67388916015625,135.98672198140184,134.811244736028,135.67388916015625,2526000,0.0,0.0
2023-08-14 00:00:00-04:00,135.60752875744237,135.91087256932056,134.4225626104268,134.52684020996094,4226400,0.0,0.0
2023-08-15 00:00:00-04:00,134.13817674511853,134.90603254496136,133.85378195797531,134.48892211914062,3656600,0.0,0.0
2023-08-16 00:00:00-04:00,134.32775544182067,134.6974642898335,133.247066927251,133.32290649414062,3285300,0.0,0.0
2023-08-17 00:00:00-04:00,133.67367030569,135.23783446720762,133.28501236093743,133.34188842773438,3742100,0.0,0.0
2023-08-18 00:00:00-04:00,132.71619602639174,134.4509880388125,132.48867734011907,134.05284118652344,3914700,0.0,0.0
2023-08-21 00:00:00-04:00,134.06233665542192,134.98187160019486,133.76846734697443,134.87759399414062,2937800,0.0,0.0
2023-08-22 00:00:00-04:00,135.23783458400146,135.77817168395939,133.94859069744942,134.1287078857422,3557500,0.0,0.0
2023-08-23 00:00:00-04:00,134.34674521194788,136.01517261490906,134.21402956017732,135.94882202148438,2559100,0.0,0.0
2023-08-24 00:00:00-04:00,136.0435854348835,136.95364578186394,135.76867965892606,136.08151245117188,2900200,0.0,0.0
2023-08-25 00:00:00-04:00,136.6787463839048,137.901639709617,136.03413165788652,137.7878875732422,3660100,0.0,0.0
2023-08-28 00:00:00-04:00,137.8447705044051,139.1055764500413,137.65517877936747,138.42303466796875,3561100,0.0,0.0
2023-08-29 00:00:00-04:00,138.68845253642635,139.0960739825107,138.04382337586043,138.8306427001953,2778100,0.0,0.0
2023-08-30 00:00:00-04:00,138.80220414315522,139.27619064048807,138.16706397251963,139.2193145751953,2245400,0.0,0.0
2023-08-31 00:00:00-04:00,139.2951650673543,140.04405742726735,138.9159671608177,139.19088745117188,3885900,0.0,0.0
2023-09-01 00:00:00-04:00,139.59850435737457,140.39481270257073,139.27619699606123,140.24313354492188,2727500,0.0,0.0
2023-09-05 00:00:00-04:00,140.21469306911064,141.24798019087237,139.89238571341033,140.42324829101562,3731300,0.0,0.0
2023-09-06 00:00:00-04:00,139.97768916484247,140.61282930508145,139.46577567186705,140.35687255859375,2932200,0.0,0.0
2023-09-07 00:00:00-04:00,140.42325009098647,141.0394267768365,139.7312193617401,139.84498596191406,3332900,0.0,0.0
2023-09-08 00:00:00-04:00,139.6838247114135,140.85930195177835,139.59849614967754,139.99664306640625,3722800,0.0,0.0
2023-09-11 00:00:00-04:00,140.84034972087375,141.03941594227507,139.90185128236635,140.6602325439453,3273600,0.0,0.0
2023-09-12 00:00:00-04:00,140.22414217367424,140.29998173743056,138.2144443613442,138.6884307861328,4457700,0.0,0.0
2023-09-13 00:00:00-04:00,138.35665597266382,139.33306700205202,138.32821793995697,138.92544555664062,2627800,0.0,0.0
2023-09-14 00:00:00-04:00,139.71226066368462,140.04404252355917,138.8590763134653,139.68382263183594,2723100,0.0,0.0
2023-09-15 00:00:00-04:00,139.45630210810245,140.1578073027743,137.95850310212913,138.3945770263672,6231400,0.0,0.0
2023-09-18 00:00:00-04:00,138.1860109167901,138.8590635619617,137.5129438067003,137.5413818359375,2508100,0.0,0.0
2023-09-19 00:00:00-04:00,137.45609531431677,139.0866101538596,137.13378794171254,138.8970184326172,3945400,0.0,0.0
2023-09-20 00:00:00-04:00,140.64128374263194,144.02554004465037,140.42325398903702,142.03480529785156,9632400,0.0,0.0
2023-09-21 00:00:00-04:00,141.2479766419815,141.48496989138079,139.64589996165503,139.71226501464844,4944600,0.0,0.0
2023-09-22 00:00:00-04:00,139.74067953427888,140.3947831069471,139.1813790313866,139.26669311523438,2562000,0.0,0.0
2023-09-25 00:00:00-04:00,138.94439838069675,139.75964120882014,138.64104010192804,138.85906982421875,2694200,0.0,0.0
2023-09-26 00:00:00-04:00,137.93954700194132,138.56521265796408,135.579103472732,135.78765869140625,4824700,0.0,0.0
2023-09-27 00:00:00-04:00,136.1952847371335,136.33748937189392,134.38465276159707,135.72129821777344,4439800,0.0,0.0
2023-09-28 00:00:00-04:00,134.74488234377057,134.87759798586555,132.91530138739537,134.21401977539062,5783200,0.0,0.0
2023-09-29 00:00:00-04:00,134.61216150476235,134.73540261942128,132.34650668901844,133.0006103515625,5703600,0.0,0.0
2023-10-02 00:00:00-04:00,132.75412541740087,134.0907707471118,132.58349722973696,133.47459411621094,3275300,0.0,0.0
2023-10-03 00:00:00-04:00,133.54096051925532,134.27090382664895,132.71622858468237,133.0859375,3284400,0.0,0.0
2023-10-04 00:00:00-04:00,133.06698280270808,133.85380223151097,132.70676285169276,133.73057556152344,2637600,0.0,0.0
2023-10-05 00:00:00-04:00,133.56938194867044,134.32776319642863,132.8963292591629,134.15713500976562,3223900,0.0,0.0
2023-10-06 00:00:00-04:00,134.04338209711565,135.5032686793662,132.82050323983367,134.64060974121094,3511100,0.0,0.0
2023-10-09 00:00:00-04:00,134.8965608985422,134.99134951966434,133.36083480119484,134.8017578125,2354400,0.0,0.0
2023-10-10 00:00:00-04:00,135.18097321960497,135.95830365924513,134.34675224201087,134.71646118164062,3015800,0.0,0.0
2023-10-11 00:00:00-04:00,135.09564119460396,135.8824606029343,134.74489577658403,135.77818298339844,2511500,0.0,0.0
2023-10-12 00:00:00-04:00,135.0956236391287,135.4937705533666,133.61678811055367,133.89170837402344,3921100,0.0,0.0
2023-10-13 00:00:00-04:00,132.49820537229047,132.8299872811799,131.07624571010854,131.25636291503906,4582800,0.0,0.0
2023-10-16 00:00:00-04:00,132.03365098956502,132.50763739158526,131.3131968658644,131.96730041503906,3361500,0.0,0.0
2023-10-17 00:00:00-04:00,129.98603697273776,133.30394206029095,129.21818125257667,133.01956176757812,4172800,0.0,0.0
2023-10-18 00:00:00-04:00,132.71621268944304,133.12383411382794,132.318065787165,132.68777465820312,3330000,0.0,0.0
2023-10-19 00:00:00-04:00,131.42697002261016,132.1569132488041,130.75390285938104,130.82974243164062,5314200,0.0,0.0
2023-10-20 00:00:00-04:00,130.96247087696264,132.02421052753138,129.98605979410695,130.02398681640625,4865300,0.0,0.0
2023-10-23 00:00:00-04:00,129.52156969176582,130.5169298779793,128.80110087593542,129.28457641601562,3457500,0.0,0.0
2023-10-24 00:00:00-04:00,129.6258252856526,130.80130247608642,128.97172164134003,130.62118530273438,3698000,0.0,0.0
2023-10-25 00:00:00-04:00,130.3462822842545,131.28478072407214,129.2371556544261,129.94813537597656,6472500,0.0,0.0
2023-10-26 00:00:00-04:00,134.80175829995272,136.8967850037327,134.21401966614192,136.2805938720703,11130200,0.0,0.0
2023-10-27 00:00:00-04:00,136.1478640561384,137.17167652984608,134.3372468000114,135.1051025390625,5469200,0.0,0.0
2023-10-30 00:00:00-04:00,135.7402436199907,136.982085820656,135.1619795649192,135.20938110351562,4204100,0.0,0.0
2023-10-31 00:00:00-04:00,135.5601320670142,137.22855925431418,135.17145968531136,137.11480712890625,6591800,0.0,0.0
2023-11-01 00:00:00-04:00,137.4560827055786,138.88751670431384,136.93469467129762,137.83526611328125,4750100,0.0,0.0
2023-11-02 00:00:00-04:00,138.18601878978822,139.44682452917104,137.3043964384506,139.3614959716797,3902700,0.0,0.0
2023-11-03 00:00:00-04:00,139.77861524048325,140.72658823562375,139.61746156709978,140.2052001953125,3510100,0.0,0.0
2023-11-06 00:00:00-05:00,140.19573084869046,141.46601123749608,140.1578182920499,141.21954345703125,4597200,0.0,0.0
2023-11-07 00:00:00-05:00,141.27641421568504,141.5134074643143,140.32844122116796,141.08682250976562,3549900,0.0,0.0
2023-11-08 00:00:00-05:00,141.48497367979982,141.89259513651953,139.91133499007174,140.3284454345703,3618600,0.0,0.0
2023-11-09 00:00:00-05:00,140.50101215807936,140.92285307982792,139.28342852102665,140.568115234375,3412700,1.66,0.0
2023-11-10 00:00:00-05:00,141.3542785521507,143.01286708928646,140.7886348644813,142.8690643310547,3179000,0.0,0.0
2023-11-13 00:00:00-05:00,142.33218654979527,142.36094710252362,141.26800221193892,141.98704528808594,2647200,0.0,0.0
2023-11-14 00:00:00-05:00,143.28130913119574,144.58517444969343,142.89782535533044,144.20169067382812,4321900,0.0,0.0
2023-11-15 00:00:00-05:00,144.19209367995848,146.89570256807974,144.19209367995848,146.28211975097656,4632500,0.0,0.0
2023-11-16 00:00:00-05:00,146.68477321168305,147.02033246604185,145.85068800606265,146.74229431152344,3519200,0.0,0.0
2023-11-17 00:00:00-05:00,146.96279894288313,147.1641374243136,146.1670708778588,146.57931518554688,4426500,0.0,0.0
2023-11-20 00:00:00-05:00,146.21498647098994,148.29541571722,146.06160175477748,147.9790496826172,3658500,0.0,0.0
2023-11-21 00:00:00-05:00,148.2187423870024,148.27626348874867,147.17372206572935,147.55722045898438,2859500,0.0,0.0
2023-11-22 00:00:00-05:00,148.12288203529204,149.28294470027623,147.79691933335155,148.7268829345703,3044700,0.0,0.0
2023-11-24 00:00:00-05:00,148.72685577758566,148.98570071946676,147.56679332442465,148.7747802734375,1799200,0.0,0.0
2023-11-27 00:00:00-05:00,148.59265043628702,149.69517727677868,148.36255139064184,149.14871215820312,4053100,0.0,0.0
2023-11-28 00:00:00-05:00,149.02407895985584,149.321281095237,148.4680172169944,149.22540283203125,2666200,0.0,0.0
2023-11-29 00:00:00-05:00,149.70474766449024,151.00861289762756,149.58012349142538,149.9540252685547,3568900,0.0,0.0
2023-11-30 00:00:00-05:00,150.47174293722284,152.05364646244715,150.4142218324817,152.01528930664062,6740600,0.0,0.0
2023-12-01 00:00:00-05:00,151.87148775533834,153.96149926542475,151.47840736451587,153.92315673828125,4871000,0.0,0.0
2023-12-04 00:00:00-05:00,153.67386073886317,156.07067069543578,153.67386073886317,154.450439453125,5779000,0.0,0.0
2023-12-05 00:00:00-05:00,154.12448423068534,155.7639089122692,154.08614170264022,154.72848510742188,4556700,0.0,0.0
2023-12-06 00:00:00-05:00,154.92023294506308,155.64887266657743,153.4054470222465,153.664306640625,3555900,0.0,0.0
2023-12-07 00:00:00-05:00,154.3545846556125,154.80518616622905,153.36709997378543,153.60678100585938,3665500,0.0,0.0
2023-12-08 00:00:00-05:00,153.39584261138205,155.35163316793145,153.39584261138205,155.2749481201172,4560400,0.0,0.0
2023-12-11 00:00:00-05:00,155.96524349856455,156.89520712895626,155.2653789391565,156.760986328125,6077200,0.0,0.0
2023-12-12 00:00:00-05:00,156.5308881998184,159.47416358533366,156.19532891259482,157.9114532470703,5292300,0.0,0.0
2023-12-13 00:00:00-05:00,157.5854675988757,158.16070788112597,156.02275734327267,156.86642456054688,4989100,0.0,0.0
2023-12-14 00:00:00-05:00,156.20490918822816,156.75138894222528,153.53965738448213,156.1857452392578,6129800,0.0,0.0
2023-12-15 00:00:00-05:00,155.60093118841473,157.31704096602488,155.35165354892862,155.5338134765625,11015600,0.0,0.0
2023-12-18 00:00:00-05:00,155.5338074571938,156.58840982427563,154.91064264053475,156.02276611328125,3677300,0.0,0.0
2023-12-19 00:00:00-05:00,155.12156328528013,155.58174676007462,154.66137981048567,154.89146423339844,3766600,0.0,0.0
2023-12-20 00:00:00-05:00,154.63261045363146,155.12156912867792,153.40544472197317,153.4438018798828,4865800,0.0,0.0
2023-12-21 00:00:00-05:00,153.96148633642005,154.4312663710482,152.94524121931642,154.14364624023438,2982900,0.0,0.0
2023-12-22 00:00:00-05:00,154.45045839693216,155.70638462758458,154.35458013532272,155.44752502441406,2439800,0.0,0.0
2023-12-26 00:00:00-05:00,155.5337980553398,156.56922178162017,155.36123474877706,156.47335815429688,1772400,0.0,0.0
2023-12-27 00:00:00-05:00,156.40624448801037,156.8856065239095,155.96522497823707,156.71304321289062,3234600,0.0,0.0
2023-12-28 00:00:00-05:00,157.19242738736722,157.19242738736722,156.65552954321146,156.9910888671875,2071300,0.0,0.0
2023-12-29 00:00:00-05:00,156.99105828446804,157.40330259118846,156.10903394149096,156.79931640625,2525600,0.0,0.0
2024-01-02 00:00:00-05:00,156.10904337786246,156.55004826152478,153.8368719942484,154.8339385986328,3825000,0.0,0.0
2024-01-03 00:00:00-05:00,154.35456020473654,155.05442461141746,153.4725359018998,153.49171447753906,4086100,0.0,0.0
2024-01-04 00:00:00-05:00,153.6067541643306,155.13112175099738,153.55881504049893,154.2203369140625,3212000,0.0,0.0
2024-01-05 00:00:00-05:00,153.30957346640136,153.92315630173843,152.12075032276195,152.5905303955078,4199400,0.0,0.0
2024-01-08 00:00:00-05:00,152.13992894239357,154.56549973188734,151.37294674077017,154.48880004882812,3321700,0.0,0.0
2024-01-09 00:00:00-05:00,153.39584975812133,153.85603321128457,152.9260697018085,153.47254943847656,2617200,0.0,0.0
2024-01-10 00:00:00-05:00,153.66430349668775,154.68054874119755,153.14659889949252,154.57508850097656,2967800,0.0,0.0
2024-01-11 00:00:00-05:00,154.37376042108437,155.5338084029595,153.67388128732478,155.46670532226562,3778200,0.0,0.0
2024-01-12 00:00:00-05:00,156.24327558030723,159.12902999955082,155.6488712897778,158.9564666748047,4956400,0.0,0.0
2024-01-16 00:00:00-05:00,158.95646474761244,160.34661181965714,158.51544520810333,160.06858825683594,4869600,0.0,0.0
2024-01-17 00:00:00-05:00,159.90556988251072,160.89306906337922,158.66882235647776,159.22488403320312,4288600,0.0,0.0
2024-01-18 00:00:00-05:00,159.61797707845838,160.09733911765602,158.22781546161042,159.95352172851562,3776900,0.0,0.0
2024-01-19 00:00:00-05:00,163.54872899511884,164.49787105257255,162.19692459997898,164.40199279785156,6925800,0.0,0.0
2024-01-22 00:00:00-05:00,165.68672234577159,167.24943283539332,165.28404531051396,165.69630432128906,4926000,0.0,0.0
2024-01-23 00:00:00-05:00,165.76338630156687,166.83716721058136,165.3607239465496,166.76046752929688,3983500,0.0,0.0
2024-01-24 00:00:00-05:00,167.5466124811063,167.6424907392784,165.76338513347096,166.75086975097656,9097800,0.0,0.0
2024-01-25 00:00:00-05:00,177.3256020047016,188.7727545686687,177.20096320024945,182.56980895996094,29596200,0.0,0.0
2024-01-26 00:00:00-05:00,183.41351846418087,184.44894232236595,178.476094844519,179.68408203125,9895900,0.0,0.0
2024-01-29 00:00:00-05:00,179.72241761569657,181.63986572386844,178.37061318848305,179.41561889648438,6107900,0.0,0.0
2024-01-30 00:00:00-05:00,179.96210903490714,180.86329740952283,179.06090603132247,180.11549377441406,4575100,0.0,0.0
2024-01-31 00:00:00-05:00,179.32932793998796,179.90455356521926,175.5807135720163,176.07925415039062,8876100,0.0,0.0
2024-02-01 00:00:00-05:00,176.05051428646996,179.77035391274134,175.16848985430377,179.18553161621094,4669400,0.0,0.0
2024-02-02 00:00:00-05:00,179.37727870616035,179.65530224871856,177.95835655478493,178.121337890625,4054200,0.0,0.0
2024-02-05 00:00:00-05:00,177.85289666211696,178.11175625669563,175.69576750822108,175.8491668701172,4379600,0.0,0.0
2024-02-06 00:00:00-05:00,175.97382040502302,177.0571687452645,175.48486172668623,175.839599609375,3337600,0.0,0.0
2024-02-07 00:00:00-05:00,175.77246169026498,176.42440164344384,175.09177581521928,176.1559600830078,4841200,0.0,0.0
2024-02-08 00:00:00-05:00,176.68807615487881,178.5456065366445,175.58516702938235,178.36178588867188,5161200,1.66,0.0
2024-02-09 00:00:00-05:00,178.43918208208183,181.0900257703435,177.86838148258568,180.27735900878906,5064600,0.0,0.0
2024-02-12 00:00:00-05:00,179.85167544703103,180.41280672461255,178.0425212461373,180.1032257080078,4724000,0.0,0.0
2024-02-13 00:00:00-05:00,178.2843979121905,178.75846094074006,176.4268674161496,177.7232666015625,4290500,0.0,0.0
2024-02-14 00:00:00-05:00,178.9809711096282,178.9809711096282,176.33011249334595,177.59750366210938,3173400,0.0,0.0
2024-02-15 00:00:00-05:00,177.64585522768584,180.8965370589892,177.64585522768584,180.7901153564453,4714300,0.0,0.0
2024-02-16 00:00:00-05:00,180.5579307240257,182.8024410153541,179.90004709154638,181.53506469726562,4841900,0.0,0.0
2024-02-20 00:00:00-05:00,181.5350742178316,182.628314043749,177.10408415695557,177.4717254638672,4247200,0.0,0.0
2024-02-21 00:00:00-05:00,176.62032752506934,177.07503704877607,172.93428991733677,173.85337829589844,4728500,0.0,0.0
2024-02-22 00:00:00-05:00,176.51391241074927,178.54559396524746,176.010826687879,178.21665954589844,5078400,0.0,0.0
2024-02-23 00:00:00-05:00,178.88420791167925,180.39346516631076,178.56495756798117,179.6775360107422,3433800,0.0,0.0
2024-02-26 00:00:00-05:00,179.56145653484478,180.07421165145377,178.07155261076812,178.1392822265625,4620800,0.0,0.0
2024-02-27 00:00:00-05:00,178.1683024227566,179.10674436131,176.67839852012258,178.85519409179688,3641400,0.0,0.0
2024-02-28 00:00:00-05:00,178.62299494341872,179.33890930401705,177.57813139737803,179.2711944580078,3216300,0.0,0.0
2024-02-29 00:00:00-05:00,180.0935349093361,180.7707719599806,178.68104481691816,179.00997924804688,6458500,0.0,0.0
2024-03-01 00:00:00-05:00,179.4550073012462,182.25097930087543,179.15508088602508,182.0768280029297,4017300,0.0,0.0
2024-03-04 00:00:00-05:00,181.65116644612763,187.59139910344987,181.49638331377125,186.7787322998047,7938300,0.0,0.0
2024-03-05 00:00:00-05:00,185.75321016865752,187.6300939250442,184.36974282467818,185.704833984375,5653600,0.0,0.0
2024-03-06 00:00:00-05:00,187.2044181801125,191.68378443467577,186.68199374108585,189.7778778076172,6945800,0.0,0.0
2024-03-07 00:00:00-05:00,191.15166403936036,192.26424246283898,189.758512605285,190.14549255371094,4604500,0.0,0.0
2024-03-08 00:00:00-05:00,189.68111347252193,191.33548448940863,188.0557799759598,189.57469177246094,3942500,0.0,0.0
2024-03-11 00:00:00-04:00,188.74265535262353,189.02322833878887,184.66963786756978,185.49197387695312,4725100,0.0,0.0
2024-03-12 00:00:00-04:00,186.1982496408165,192.6995983889723,185.89832320441812,191.34515380859375,5880100,0.0,0.0
2024-03-13 00:00:00-04:00,191.12265914774204,191.65476769832398,188.9652169470264,190.30030822753906,3993300,0.0,0.0
2024-03-14 00:00:00-04:00,190.54215254424642,191.3161271869775,185.8692966928007,187.1366729736328,4109600,0.0,0.0
2024-03-15 00:00:00-04:00,185.74355084931204,186.77873038953334,184.4955131343057,184.85348510742188,8827900,0.0,0.0
2024-03-18 00:00:00-04:00,185.46297743789088,186.94319722715542,184.12788620899596,185.45330810546875,5410600,0.0,0.0
2024-03-19 00:00:00-04:00,185.25982074417684,187.28181842450707,184.0891819615784,187.04962158203125,5317300,0.0,0.0
2024-03-20 00:00:00-04:00,186.59489692271222,187.6687832436345,185.08565447435407,187.64944458007812,3238600,0.0,0.0
2024-03-21 00:00:00-04:00,186.72068066128523,187.078637863993,183.82795599359312,185.65646362304688,6013600,0.0,0.0
2024-03-22 00:00:00-04:00,185.75321346873602,186.71100879012627,184.31168582060428,184.63095092773438,3987700,0.0,0.0
2024-03-25 00:00:00-04:00,184.0698336313327,184.61162627877948,182.6089672081103,182.6476593017578,3718300,0.0,0.0
2024-03-26 00:00:00-04:00,182.8701664238306,183.8182776170321,182.36708068847656,182.36708068847656,4229500,0.0,0.0
2024-03-27 00:00:00-04:00,183.43130003336475,184.7470525226698,182.4638354018857,184.59225463867188,3693300,0.0,0.0
2024-03-28 00:00:00-04:00,184.72770162736137,185.68548217775046,184.14721693558576,184.74705505371094,3742200,0.0,0.0
2024-04-01 00:00:00-04:00,183.81827580588518,184.26331602168622,182.38643231727303,183.65380859375,2364300,0.0,0.0
2024-04-02 00:00:00-04:00,182.986246164348,183.62477631647786,181.49635723838256,182.73471069335938,2693500,0.0,0.0
2024-04-03 00:00:00-04:00,182.46382340629512,185.12435096795335,182.3574017133353,184.68898010253906,2826200,0.0,0.0
2024-04-04 00:00:00-04:00,185.7532216877776,186.99157531804227,181.2448326601023,181.8253173828125,2983900,0.0,0.0
2024-04-05 00:00:00-04:00,182.45415856888596,184.1278830768386,181.90271138341285,182.98626708984375,2013600,0.0,0.0
2024-04-08 00:00:00-04:00,183.08303371530675,184.05049846060828,182.76376857787636,183.6441650390625,2678300,0.0,0.0
2024-04-09 00:00:00-04:00,184.34070367704342,185.0276100581786,180.5869509597436,183.15072631835938,2794200,0.0,0.0
2024-04-10 00:00:00-04:00,181.3222121850627,181.80594448139325,179.48403536394187,179.9871063232422,3081700,0.0,0.0
2024-04-11 00:00:00-04:00,179.98711376960603,180.72239633834474,178.57462367279314,179.85166931152344,2861700,0.0,0.0
2024-04-12 00:00:00-04:00,178.0134923957621,179.14542424440668,175.77865145646342,176.33978271484375,3545100,0.0,0.0
2024-04-15 00:00:00-04:00,179.53243626914661,181.3802826762161,174.99502434275274,175.3529815673828,3528100,0.0,0.0
2024-04-16 00:00:00-04:00,179.5517684512854,179.6678742525909,176.9105939784347,177.77163696289062,4473700,0.0,0.0
2024-04-17 00:00:00-04:00,178.16830196386442,178.66170364439748,175.86573126336407,177.14279174804688,3003000,0.0,0.0
2024-04-18 00:00:00-04:00,176.41718477288768,177.49107112451875,174.3081041601833,175.56581115722656,2886700,0.0,0.0
2024-04-19 00:00:00-04:00,176.49456201463505,176.85253395933012,174.69509200883903,175.67222595214844,3037600,0.0,0.0
2024-04-22 00:00:00-04:00,176.51393533105488,177.35563967641608,174.57900588974468,175.98182678222656,3076500,0.0,0.0
2024-04-23 00:00:00-04:00,176.78479925773348,178.6713522436056,173.17616049374857,176.2623748779297,5950200,0.0,0.0
2024-04-24 00:00:00-04:00,177.2105101480284,178.29406590532568,175.49809346831816,178.11026000976562,7616600,0.0,0.0
2024-04-25 00:00:00-04:00,162.7275528246337,166.83927762875192,160.27019908418995,163.41445922851562,16702200,0.0,0.0
2024-04-26 00:00:00-04:00,162.05034003370025,162.40829725490053,160.33792335182923,161.6923828125,8983800,0.0,0.0
2024-04-29 00:00:00-04:00,161.95358222093157,162.74691034785343,160.8216503119627,161.98260498046875,5242200,0.0,0.0
2024-04-30 00:00:00-04:00,161.07319080614263,161.33439562613117,159.8831986879514,160.79261779785156,6011600,0.0,0.0
2024-05-01 00:00:00-04:00,160.2992304387043,160.86036174295415,158.95445507997553,159.08021545410156,4029900,0.0,0.0
2024-05-02 00:00:00-04:00,159.0028069243619,159.51556196205632,157.32908260053742,159.3317413330078,3829900,0.0,0.0
2024-05-03 00:00:00-04:00,159.63166660389794,161.1892852745871,159.55426766073052,160.31857299804688,3400400,0.0,0.0
2024-05-06 00:00:00-04:00,161.08287071748708,163.1822673211231,160.96677967875647,163.1242218017578,4222300,0.0,0.0
2024-05-07 00:00:00-04:00,163.5015262413466,163.78208449508895,162.47601607186624,162.90170288085938,3155300,0.0,0.0
2024-05-08 00:00:00-04:00,162.5437456498968,164.7205413148558,162.4373239380052,164.37225341796875,3522000,0.0,0.0
2024-05-09 00:00:00-04:00,163.65898929131657,163.7078457027325,162.07614294184927,162.4571990966797,4266600,1.67,0.0
2024-05-10 00:00:00-04:00,163.2974554493036,164.21590218126778,162.50603238717153,163.31698608398438,2255400,0.0,0.0
2024-05-13 00:00:00-04:00,163.65898386261918,164.20613987100725,162.93594776074463,163.7176055908203,2414900,0.0,0.0
2024-05-14 00:00:00-04:00,164.01072053384678,164.27453320579076,162.66236122044674,163.52218627929688,2601000,0.0,0.0
2024-05-15 00:00:00-04:00,164.0888961068547,164.48949779398856,163.50264900817666,164.40155029296875,4468800,0.0,0.0
2024-05-16 00:00:00-04:00,164.4015506409649,165.74014470704049,163.94232722476778,165.09527587890625,3492300,0.0,0.0
2024-05-17 00:00:00-04:00,165.09527841736775,165.232067421601,163.49288654968544,165.15390014648438,2956400,0.0,0.0
2024-05-20 00:00:00-04:00,165.12459719158176,166.25800037173897,164.5188194165147,166.02349853515625,2726300,0.0,0.0
2024-05-21 00:00:00-04:00,166.0430299377961,170.95768349728297,166.0430299377961,169.49208068847656,6459800,0.0,0.0
2024-05-22 00:00:00-04:00,169.41392294875794,170.9772386630016,168.7983649635809,169.70704650878906,3294900,0.0,0.0
2024-05-23 00:00:00-04:00,171.36805134164146,171.43645329598755,166.5315650304533,166.75628662109375,3341300,0.0,0.0
2024-05-24 00:00:00-04:00,167.5477040257482,168.06554914366347,166.30683775166258,166.9712371826172,2587400,0.0,0.0
2024-05-28 00:00:00-04:00,166.53156723779165,167.1666558362781,164.78260617181562,165.7694549560547,2629500,0.0,0.0
2024-05-29 00:00:00-04:00,164.14752677458435,164.76308477083188,162.39858051945453,163.2193145751953,4206600,0.0,0.0
2024-05-30 00:00:00-04:00,161.76347670313797,162.90664518789177,160.46397366263568,161.83187866210938,3853000,0.0,0.0
2024-05-31 00:00:00-04:00,161.90024232028182,163.14112345031253,160.08289437171277,163.0238800048828,4905000,0.0,0.0
2024-06-03 00:00:00-04:00,162.72098438803295,162.9554861994933,159.78001351676957,161.48988342285156,2776100,0.0,0.0
2024-06-04 00:00:00-04:00,160.82549159262837,162.58420308066366,160.122001033861,162.0077362060547,2594200,0.0,0.0
2024-06-05 00:00:00-04:00,162.59395996560002,163.94230425226323,161.97840208782878,163.54171752929688,3049400,0.0,0.0
2024-06-06 00:00:00-04:00,163.54173757238615,164.57742784301482,162.9750360281231,164.34292602539062,2207100,0.0,0.0
2024-06-07 00:00:00-04:00,164.3233824329174,167.3816117810827,164.20613897715336,166.11141967773438,3475500,0.0,0.0
2024-06-10 00:00:00-04:00,165.66196228797162,166.84420678925147,165.00732820127718,166.47293090820312,3444700,0.0,0.0
2024-06-11 00:00:00-04:00,166.08209446044094,166.10164000434008,162.98478919766112,165.43724060058594,2951300,0.0,0.0
2024-06-12 00:00:00-04:00,167.42070511133636,168.5150171367909,164.24523226493838,165.1245880126953,3522700,0.0,0.0
2024-06-13 00:00:00-04:00,165.13434315683568,165.70104468049678,164.4797090455933,165.2418212890625,3525700,0.0,0.0
2024-06-14 00:00:00-04:00,164.4308567794749,165.58380540047864,163.3951665204149,165.32977294921875,2777700,0.0,0.0
2024-06-17 00:00:00-04:00,164.89009252671087,165.82808494806883,163.65899145075704,165.61312866210938,3239800,0.0,0.0
2024-06-18 00:00:00-04:00,166.10166263090863,166.83446408369207,164.51881626373924,166.63905334472656,3386400,0.0,0.0
2024-06-20 00:00:00-04:00,170.08809724353128,170.28350797436318,167.29368055687397,169.9317626953125,4723100,0.0,0.0
2024-06-21 00:00:00-04:00,169.98061716963363,170.9479204032289,167.4695438349443,168.5052490234375,10182000,0.0,0.0
2024-06-24 00:00:00-04:00,170.98698456029516,174.367648072081,170.15647038602097,170.9967498779297,4864700,0.0,0.0
2024-06-25 00:00:00-04:00,171.12377623493362,171.71978861538784,167.48908022771812,168.64202880859375,4119300,0.0,0.0
2024-06-26 00:00:00-04:00,167.3523050889353,168.72019513655843,166.50226019568976,167.92877197265625,2779000,0.0,0.0
2024-06-27 00:00:00-04:00,167.19595718480477,168.54431648754746,166.57063394027873,166.93215942382812,2894000,0.0,0.0
2024-06-28 00:00:00-04:00,166.93215863243816,169.48230800529794,166.61948955721635,168.98399353027344,4193300,0.0,0.0
2024-07-01 00:00:00-04:00,169.47252955621758,172.41351530395215,169.4041425133468,171.08470153808594,3321000,0.0,0.0
2024-07-02 00:00:00-04:00,170.8306577918217,173.41989833535746,170.32259289185214,173.2342529296875,2883300,0.0,0.0
2024-07-03 00:00:00-04:00,173.80096272724677,173.89866063932428,171.15310033159577,171.70025634765625,1649000,0.0,0.0
2024-07-05 00:00:00-04:00,171.71001882201276,172.05198384225324,169.96105790626922,171.9835968017578,2086000,0.0,0.0
2024-07-08 00:00:00-04:00,172.36467706933604,174.49467948288543,171.97384068000324,173.56646728515625,2503000,0.0,0.0
2024-07-09 00:00:00-04:00,173.52738664553513,173.62508455869718,171.55370392950724,172.4330596923828,2512700,0.0,0.0
2024-07-10 00:00:00-04:00,172.55031584979707,174.13316216624614,170.4496094738022,173.76187133789062,3462200,0.0,0.0
2024-07-11 00:00:00-04:00,173.57623099874343,175.32519214345436,172.56985153245515,174.22109985351562,2806800,0.0,0.0
2024-07-12 00:00:00-04:00,174.46534923731596,179.9369388091088,174.4067275126488,178.63743591308594,4785600,0.0,0.0
2024-07-15 00:00:00-04:00,179.17482881251235,180.65996221893576,178.41271656453964,178.68629455566406,2925700,0.0,0.0
2024-07-16 00:00:00-04:00,180.43524524548474,182.32099527771973,180.28869092823865,181.54910278320312,3374500,0.0,0.0
2024-07-17 00:00:00-04:00,181.1876020146519,183.63027349369136,180.82609140659682,183.15150451660156,4225300,0.0,0.0
2024-07-18 00:00:00-04:00,182.36006119012416,185.1251667878898,180.85538228522734,180.97262573242188,3487800,0.0,0.0
2024-07-19 00:00:00-04:00,182.05717860832988,182.71181272582174,177.77761373193084,179.0478057861328,3816000,0.0,0.0
2024-07-22 00:00:00-04:00,179.1943531813717,180.72835785048957,178.6667427623361,179.92715454101562,2488500,0.0,0.0
2024-07-23 00:00:00-04:00,180.13237415271732,181.12898833494785,178.8133255318568,179.8783416748047,2180200,0.0,0.0
2024-07-24 00:00:00-04:00,179.91739909278067,180.82608058120337,178.95009587779185,179.80015563964844,6962100,0.0,0.0
2024-07-25 00:00:00-04:00,182.51641338137526,191.75947378175925,181.05081051414078,187.57762145996094,9532800,0.0,0.0
2024-07-26 00:00:00-04:00,186.1413196742139,189.13116188969516,185.2717292817137,187.35289001464844,4294900,0.0,0.0
2024-07-29 00:00:00-04:00,188.75009532702245,188.85757346387453,184.84182112714078,187.10862731933594,3336800,0.0,0.0
2024-07-30 00:00:00-04:00,187.08907696506907,188.3495037111084,184.75388378701692,186.65916442871094,3065000,0.0,0.0
2024-07-31 00:00:00-04:00,186.62009022015175,190.08868650183163,185.63325636681364,187.73394775390625,5558400,0.0,0.0
2024-08-01 00:00:00-04:00,188.38858144837238,189.1995501197683,183.97222750505196,185.31082153320312,4085400,0.0,0.0
2024-08-02 00:00:00-04:00,184.4509881580873,184.9199768583137,181.44161542294427,184.78318786621094,4548800,0.0,0.0
2024-08-05 00:00:00-04:00,180.31798503748672,181.01169528650587,177.64081212310631,179.10641479492188,4975000,0.0,0.0
2024-08-06 00:00:00-04:00,180.46455333503943,184.56823815256246,179.4288630853993,182.5164031982422,3632500,0.0,0.0
2024-08-07 00:00:00-04:00,183.76704971579431,185.51599581320653,182.4186903823249,182.5164031982422,3801900,0.0,0.0
2024-08-08 00:00:00-04:00,183.2003553227791,188.4569889556833,182.71182104191837,188.19317626953125,3712700,0.0,0.0
2024-08-09 00:00:00-04:00,188.42971125987077,189.85886384885296,186.32049752132022,188.69583129882812,2773700,1.67,0.0
2024-08-12 00:00:00-04:00,188.49870691262296,188.82396138808758,186.2810750665921,186.75416564941406,2290300,0.0,0.0
2024-08-13 00:00:00-04:00,187.55252018426526,188.55785088292743,186.48807007895147,188.24246215820312,2178900,0.0,0.0
2024-08-14 00:00:00-04:00,188.4001476234364,190.31224157070955,187.98619146566787,189.55332946777344,1895100,0.0,0.0
2024-08-15 00:00:00-04:00,190.72619368949722,191.45555359351766,190.49950664012715,191.1598663330078,2472000,0.0,0.0
2024-08-16 00:00:00-04:00,190.79518974735652,191.5541168569795,190.0855463532921,190.9923095703125,2494400,0.0,0.0
2024-08-19 00:00:00-04:00,191.05145386158517,192.7171442740915,190.93318496957073,191.92864990234375,2361400,0.0,0.0
2024-08-20 00:00:00-04:00,191.79065885927596,193.38736405077972,190.96274656103182,193.20994567871094,1790400,0.0,0.0
2024-08-21 00:00:00-04:00,193.15081879984254,194.4912547330028,191.32742648748388,194.37298583984375,2579300,0.0,0.0
2024-08-22 00:00:00-04:00,194.41241172332195,195.07277146920214,192.75658699441877,193.14097595214844,1969500,0.0,0.0
2024-08-23 00:00:00-04:00,193.95900707127464,194.5405308649471,191.5935390646652,193.27894592285156,2322000,0.0,0.0
2024-08-26 00:00:00-04:00,193.18038504897604,195.4965844568566,193.08181761232095,195.13189697265625,2567200,0.0,0.0
2024-08-27 00:00:00-04:00,194.59965812720952,196.53145341881284,194.1364182784593,195.87109375,2617100,0.0,0.0
2024-08-28 00:00:00-04:00,196.13722076459248,197.12283493928894,194.6489487749412,195.60499572753906,2645200,0.0,0.0
2024-08-29 00:00:00-04:00,196.43292048994854,198.22673058130133,195.41773902873288,196.03866577148438,2989600,0.0,0.0
2024-08-30 00:00:00-04:00,196.24565449045238,199.2616316979488,195.8711162617923,199.2222137451172,4751000,0.0,0.0
2024-09-03 00:00:00-04:00,199.00535639918195,201.7749297511026,197.32981535403093,198.38441467285156,3874700,0.0,0.0
2024-09-04 00:00:00-04:00,197.8719076235455,201.42012487125413,197.6156533375975,201.17372131347656,3142500,0.0,0.0
2024-09-05 00:00:00-04:00,201.1441381289171,202.9872317822744,198.0690267844325,199.67556762695312,3229200,0.0,0.0
2024-09-06 00:00:00-04:00,199.46861008373065,201.1638677404079,196.4723344415329,197.85220336914062,3304500,0.0,0.0
2024-09-09 00:00:00-04:00,199.03492786065584,202.1001885303814,198.53225500890696,200.60205078125,3705000,0.0,0.0
2024-09-10 00:00:00-04:00,201.26241960202418,202.86897558430027,199.95155089196717,202.36631774902344,3070600,0.0,0.0
2024-09-11 00:00:00-04:00,204.77119667586808,207.09724674284365,200.11909654191695,206.8705596923828,5554300,0.0,0.0
2024-09-12 00:00:00-04:00,206.9789869147646,209.59085859107242,205.27387851927458,208.56582641601562,4616400,0.0,0.0
2024-09-13 00:00:00-04:00,209.42330678364902,212.98137474539848,209.07835082769813,211.7000732421875,4572300,0.0,0.0
2024-09-16 00:00:00-04:00,212.7743952697694,214.76532509705436,212.4195735612657,214.03598022460938,4176100,0.0,0.0
2024-09-17 00:00:00-04:00,214.12468733129322,215.69181031729428,209.93582693470864,211.04957580566406,5635200,0.0,0.0
2024-09-18 00:00:00-04:00,211.04957056464568,213.74029308275217,210.51733048194745,211.84791564941406,3482800,0.0,0.0
2024-09-19 00:00:00-04:00,214.87374445486253,215.33698432796692,207.3436526340715,210.81301879882812,5279600,0.0,0.0
2024-09-20 00:00:00-04:00,211.24669176959586,214.71605793961226,210.6651830052101,214.56820678710938,9958800,0.0,0.0
2024-09-23 00:00:00-04:00,214.86389118635736,217.44619552474342,214.14439704613508,217.3279266357422,4074800,0.0,0.0
2024-09-24 00:00:00-04:00,216.61828492349244,218.00800453728084,215.0215947523273,217.79116821289062,3183900,0.0,0.0
2024-09-25 00:00:00-04:00,217.98828987094547,218.65851534448564,216.992824947371,218.04742431640625,2537800,0.0,0.0
2024-09-26 00:00:00-04:00,218.91475643771838,220.77756655394617,218.1755458354172,220.21575927734375,2673200,0.0,0.0
2024-09-27 00:00:00-04:00,219.79197048014333,220.92542081444125,217.59405498634013,217.6630401611328,3830300,0.0,0.0
2024-09-30 00:00:00-04:00,217.4757752259303,218.13614999882367,215.8692342474564,217.89959716796875,3543400,0.0,0.0
2024-10-01 00:00:00-04:00,217.45605819558207,217.91929805661323,212.79409236344137,216.19447326660156,3548400,0.0,0.0
2024-10-02 00:00:00-04:00,215.16942990883544,217.03224011334544,212.69554372336543,216.56900024414062,3343400,0.0,0.0
2024-10-03 00:00:00-04:00,216.3423123505345,219.62440937222874,216.11562530029968,219.5159912109375,3788300,0.0,0.0
2024-10-04 00:00:00-04:00,220.53117785833578,222.82766075538413,220.05808725202894,222.74880981445312,3553800,0.0,0.0
2024-10-07 00:00:00-04:00,222.13773257244037,224.3947824666941,221.7829108598853,223.85269165039062,3458000,0.0,0.0
2024-10-08 00:00:00-04:00,224.82844266529202,226.0506096162303,223.7738283138788,225.3311004638672,3245100,0.0,0.0
2024-10-09 00:00:00-04:00,225.90277434570487,231.57005606378067,225.21284740527324,230.92941284179688,5083600,0.0,0.0
2024-10-10 00:00:00-04:00,231.7179108180787,232.43740499289805,228.475231588767,229.66783142089844,3142000,0.0,0.0
2024-10-11 00:00:00-04:00,229.89450718250959,230.0817762827478,227.1446502412105,229.90435791015625,3469200,0.0,0.0
2024-10-14 00:00:00-04:00,230.20990455118582,232.72320860572208,229.81564986707616,231.87557983398438,2524400,0.0,0.0
2024-10-15 00:00:00-04:00,232.99918853561184,233.95523550319908,229.36228480695485,229.6086883544922,3350600,0.0,0.0
2024-10-16 00:00:00-04:00,228.77091591147112,230.51545728199943,227.79515242505101,230.3084716796875,2846700,0.0,0.0
2024-10-17 00:00:00-04:00,228.66250085833963,229.7959512046411,227.34178140246425,229.52984619140625,5040100,0.0,0.0
2024-10-18 00:00:00-04:00,228.58364836184845,229.30314253228167,226.85882347485514,228.859619140625,4715700,0.0,0.0
2024-10-21 00:00:00-04:00,227.88386686573745,229.0764516313222,226.94752133993217,228.4160919189453,2733300,0.0,0.0
2024-10-22 00:00:00-04:00,228.65265074351237,229.6185484783858,227.35163274042276,228.90890502929688,3180800,0.0,0.0
2024-10-23 00:00:00-04:00,227.09536928409426,229.98321164393383,226.94751813192477,229.40170288085938,5791000,0.0,0.0
2024-10-24 00:00:00-04:00,217.62360949137732,218.13613306547057,213.05036039148317,215.24827575683594,11193400,0.0,0.0
2024-10-25 00:00:00-04:00,213.68116546502208,215.50454274470974,211.3058315902732,211.58180236816406,8482200,0.0,0.0
2024-10-28 00:00:00-04:00,212.39985935196552,213.13906999936214,209.64013659382894,209.8471221923828,4993300,0.0,0.0
2024-10-29 00:00:00-04:00,208.94035702036317,210.27092714990866,206.83114326070353,207.4027862548828,5258400,0.0,0.0
2024-10-30 00:00:00-04:00,206.4664461149772,208.08285270518857,201.32153909408817,201.95233154296875,6956600,0.0,0.0
2024-10-31 00:00:00-04:00,201.1934328576212,205.13588968503612,200.58234182266196,203.7461700439453,5925300,0.0,0.0
2024-11-01 00:00:00-04:00,204.78105980120287,206.82127330758993,204.42623809931658,205.254150390625,3334100,0.0,0.0
2024-11-04 00:00:00-05:00,204.6627823607479,204.7120660785427,202.83940511657426,203.3519287109375,2593900,0.0,0.0
2024-11-05 00:00:00-05:00,203.20406974979375,205.12601435570963,202.6127102768158,204.5839385986328,2441500,0.0,0.0
2024-11-06 00:00:00-05:00,210.40892248609546,211.24670060079802,207.3436616164525,210.52720642089844,3934400,0.0,0.0
2024-11-07 00:00:00-05:00,210.5666220427029,211.43396737168763,208.8812151037493,210.61590576171875,3675800,0.0,0.0
2024-11-08 00:00:00-05:00,211.07914996828686,213.5826035291486,209.71899749987483,210.64547729492188,3201000,0.0,0.0
2024-11-11 00:00:00-05:00,211.31568145069062,212.31116143189783,210.40891817858935,210.4976348876953,3013000,0.0,0.0
2024-11-12 00:00:00-05:00,210.497618563287,211.6201449608721,207.67641760494027,209.46450805664062,2817800,1.67,0.0
2024-11-13 00:00:00-05:00,208.11350840524747,210.0108714753594,207.68636146326466,209.52410888671875,3247800,0.0,0.0
2024-11-14 00:00:00-05:00,208.61019807512488,209.10688902292281,204.984360219322,207.6068878173828,6372900,0.0,0.0
2024-11-15 00:00:00-05:00,206.08701633020732,207.1101984779926,202.7194522842973,203.63336181640625,3986500,0.0,0.0
2024-11-18 00:00:00-05:00,205.63006216880567,207.04066270870814,204.0108447514714,206.7128448486328,3405900,0.0,0.0
2024-11-19 00:00:00-05:00,205.13336878355847,208.9380233988197,204.82542281014918,208.85855102539062,2860700,0.0,0.0
2024-11-20 00:00:00-05:00,209.60358285742646,213.5373818875972,208.38172735320126,213.1797637939453,4562900,0.0,0.0
2024-11-21 00:00:00-05:00,214.3817479431508,221.15661985683099,213.84532838025595,220.92813110351562,5236400,0.0,0.0
2024-11-22 00:00:00-05:00,221.8718594896465,225.69637081444898,219.42813327944992,221.49436950683594,5320700,0.0,0.0
2024-11-25 00:00:00-05:00,221.87185290626053,224.9215274500289,221.1764734516522,224.63345336914062,7189300,0.0,0.0
2024-11-26 00:00:00-05:00,225.2294742197041,227.46458349745186,224.0175470875898,227.31558227539062,4449500,0.0,0.0
2024-11-27 00:00:00-05:00,227.31559129389566,227.6732093988356,222.78577206985986,225.41822814941406,2995100,0.0,0.0
2024-11-29 00:00:00-05:00,226.24272973163025,228.8354571199383,225.68643828794507,225.9049835205078,2640300,0.0,0.0
2024-12-02 00:00:00-05:00,225.99438919581905,226.86857014518412,224.0175536972523,225.88511657714844,2655900,0.0,0.0
2024-12-03 00:00:00-05:00,225.73611977752338,227.59373917354793,225.1698847902699,227.48446655273438,3163800,0.0,0.0
2024-12-04 00:00:00-05:00,228.47783959757942,232.19309340262814,227.83214741836045,231.9447479248047,4104200,0.0,0.0
2024-12-05 00:00:00-05:00,232.00435583270428,234.95470141621033,231.91495509570242,233.1964111328125,4791100,0.0,0.0
2024-12-06 00:00:00-05:00,232.87852072029239,236.8023915061979,232.66991900144097,236.46463012695312,4028400,0.0,0.0
2024-12-09 00:00:00-05:00,236.42489969004754,237.76597136065524,227.39506157085137,228.47784423828125,4970400,0.0,0.0
2024-12-10 00:00:00-05:00,226.88842711369423,232.83879034077182,226.2924070494191,230.18646240234375,4769500,0.0,0.0
2024-12-11 00:00:00-05:00,231.15004474564577,231.4579907200674,227.61360748435627,228.5970458984375,3872700,0.0,0.0
2024-12-12 00:00:00-05:00,229.13348311422342,232.34210255298512,228.8553373821961,230.72288513183594,4515700,0.0,0.0
2024-12-13 00:00:00-05:00,230.712948287237,232.23282139486867,228.73611283218565,229.29241943359375,2757400,0.0,0.0
2024-12-16 00:00:00-05:00,229.20299970388407,229.50101730305403,225.37848851425164,227.81227111816406,3610300,0.0,0.0
2024-12-17 00:00:00-05:00,227.7129399876963,228.67652169111568,226.11359444305432,227.4546661376953,3651300,0.0,0.0
2024-12-18 00:00:00-05:00,227.5241832082024,227.5241832082024,218.5738177656168,218.712890625,4152500,0.0,0.0
2024-12-19 00:00:00-05:00,222.93477079873276,224.70298942061262,221.50429839500853,222.43807983398438,4427200,0.0,0.0
2024-12-20 00:00:00-05:00,221.25595469002468,226.1731922489738,220.21290062411293,221.8817901611328,12423200,0.0,0.0
2024-12-23 00:00:00-05:00,221.3354236176471,222.25927668717446,219.61687713675644,220.46124267578125,2988100,0.0,0.0
2024-12-24 00:00:00-05:00,220.79899855122446,222.95463544937195,220.07381885259514,222.92483520507812,1186200,0.0,0.0
2024-12-26 00:00:00-05:00,221.83211186796,223.9082764217164,221.07714707326812,223.4016571044922,3286500,0.0,0.0
2024-12-27 00:00:00-05:00,221.66323637614892,222.9347639944717,219.94468993475724,221.3056182861328,1810800,0.0,0.0
2024-12-30 00:00:00-05:00,219.08044775219892,220.12350182730185,216.20957453390554,218.79237365722656,2095600,0.0,0.0
2024-12-31 00:00:00-05:00,219.25926190371993,219.58707976120343,216.9943523045661,218.37515258789062,2270200,0.0,0.0
2025-01-02 00:00:00-05:00,220.35198362677434,221.0175476907842,216.15991073350193,218.4844207763672,2579500,0.0,0.0
2025-01-03 00:00:00-05:00,219.09039017237302,222.17980861594629,219.09039017237302,221.17648315429688,3872100,0.0,0.0
2025-01-06 00:00:00-05:00,221.52416794988193,222.865239603732,219.28905863200197,221.19635009765625,2846700,0.0,0.0
2025-01-07 00:00:00-05:00,221.8718501643049,225.20961390551733,221.35528733971836,222.47781372070312,3299300,0.0,0.0
2025-01-08 00:00:00-05:00,222.42815213642973,223.41159054857604,219.3685339654965,221.70297241210938,2619800,0.0,0.0
2025-01-10 00:00:00-05:00,220.53077880026132,220.95792573570478,215.3651960220864,218.29566955566406,3570300,0.0,0.0
2025-01-13 00:00:00-05:00,216.44799002378033,218.1367362880619,213.3287713424773,215.9612274169922,3716800,0.0,0.0
2025-01-14 00:00:00-05:00,216.55725966583847,216.6864041665956,213.18969554615438,216.3089141845703,3485500,0.0,0.0
2025-01-15 00:00:00-05:00,219.40825919403085,220.21289612168675,216.56718630462294,218.57382202148438,2951600,0.0,0.0
2025-01-16 00:00:00-05:00,218.23607118190213,221.2062733502793,215.94136142713418,221.18641662597656,3329100,0.0,0.0
2025-01-17 00:00:00-05:00,224.4645772725435,224.4645772725435,222.15992402494732,223.30230712890625,5506800,0.0,0.0
2025-01-21 00:00:00-05:00,223.5009975666153,225.94470853506547,221.3552890398263,222.77581787109375,3982200,0.0,0.0
2025-01-22 00:00:00-05:00,220.51091255098765,222.9148949587576,218.89171034195968,221.78244018554688,4759500,0.0,0.0
2025-01-23 00:00:00-05:00,222.45794398052067,224.54403686523438,221.6731637951389,224.54403686523438,3619700,0.0,0.0
2025-01-24 00:00:00-05:00,223.77914656857,225.30894803683526,222.31887395177796,223.312255859375,3232900,0.0,0.0
2025-01-27 00:00:00-05:00,220.7195346184133,222.81557110810272,218.38508100745398,222.64669799804688,4898400,0.0,0.0
2025-01-28 00:00:00-05:00,222.83543682289047,224.27583755757126,220.30230992655942,224.16656494140625,4485400,0.0,0.0
2025-01-29 00:00:00-05:00,224.12682356658206,227.95135001533376,222.24933234722153,227.11691284179688,7079800,0.0,0.0
2025-01-30 00:00:00-05:00,248.34547265854354,260.067366841783,245.37525534873765,256.56072998046875,15381900,0.0,0.0
2025-01-31 00:00:00-05:00,254.3554260388105,255.53755293746843,250.2229688113624,254.00775146484375,7203500,0.0,0.0
2025-02-03 00:00:00-05:00,250.72959748460897,260.3256707352838,250.17330601926068,259.0044860839844,8408500,0.0,0.0
2025-02-04 00:00:00-05:00,258.2793028938387,263.49455804842586,256.4117400070317,262.70977783203125,6077700,0.0,0.0
2025-02-05 00:00:00-05:00,263.9514880251149,263.96143154480353,259.4514693694389,261.55743408203125,6165100,0.0,0.0
2025-02-06 00:00:00-05:00,261.2395823634525,261.6369290593994,251.05740275450768,251.76271057128906,6128300,0.0,0.0
2025-02-07 00:00:00-05:00,253.59052809696166,255.22960215512157,250.3521085868752,250.66998291015625,3370300,0.0,0.0
2025-02-10 00:00:00-05:00,250.86000061035156,251.9499969482422,246.8699951171875,249.27000427246094,3564400,1.67,0.0
2025-02-11 00:00:00-05:00,251.10000610351562,256.75,250.5800018310547,254.6999969482422,4801600,0.0,0.0
2025-02-12 00:00:00-05:00,252.72000122070312,256.3999938964844,252.02000427246094,255.80999755859375,3075300,0.0,0.0
2025-02-13 00:00:00-05:00,255.66000366210938,259.2799987792969,254.41000366210938,259.19000244140625,4531500,0.0,0.0
2025-02-14 00:00:00-05:00,259.0,261.94000244140625,257.9100036621094,261.2799987792969,3925300,0.0,0.0
2025-02-18 00:00:00-05:00,261.92999267578125,263.9599914550781,259.8299865722656,263.07000732421875,4262800,0.0,0.0
2025-02-19 00:00:00-05:00,262.0,264.3599853515625,260.0899963378906,264.32000732421875,3718700,0.0,0.0
2025-02-20 00:00:00-05:00,263.6499938964844,265.0899963378906,262.1499938964844,264.739990234375,4884800,0.0,0.0
2025-02-21 00:00:00-05:00,263.8500061035156,264.8299865722656,261.1000061035156,261.4800109863281,5667900,0.0,0.0
2025-02-24 00:00:00-05:00,261.5,263.8500061035156,259.5799865722656,261.8699951171875,4398100,0.0,0.0
2025-02-25 00:00:00-05:00,261.0799865722656,263.4800109863281,256.7699890136719,257.75,6292200,0.0,0.0
2025-02-26 00:00:00-05:00,258.1000061035156,258.3299865722656,254.41000366210938,255.83999633789062,3460100,0.0,0.0
2025-02-27 00:00:00-05:00,255.22000122070312,257.6300048828125,253.0500030517578,253.22999572753906,3402200,0.0,0.0
2025-02-28 00:00:00-05:00,250.86000061035156,252.80999755859375,246.5399932861328,252.44000244140625,7988800,0.0,0.0
2025-03-03 00:00:00-05:00,254.74000549316406,255.99000549316406,248.25,250.19000244140625,2977700,0.0,0.0
2025-03-04 00:00:00-05:00,248.75,255.47999572753906,248.10000610351562,253.2100067138672,5342100,0.0,0.0
2025-03-05 00:00:00-05:00,251.5800018310547,252.74000549316406,247.00999450683594,251.35000610351562,4009800,0.0,0.0
2025-03-06 00:00:00-05:00,249.75,252.10000610351562,246.8000030517578,248.69000244140625,3254400,0.0,0.0
2025-03-07 00:00:00-05:00,245.9499969482422,261.9599914550781,245.17999267578125,261.5400085449219,6700200,0.0,0.0
2025-03-10 00:00:00-04:00,261.55999755859375,266.45001220703125,254.75,256.8999938964844,8165500,0.0,0.0
2025-03-11 00:00:00-04:00,255.99000549316406,256.70001220703125,245.86000061035156,248.9499969482422,5630600,0.0,0.0
2025-03-12 00:00:00-04:00,250.35000610351562,253.1300048828125,245.52999877929688,249.6300048828125,3848800,0.0,0.0
2025-03-13 00:00:00-04:00,248.8000030517578,249.27000427246094,243.0399932861328,245.8000030517578,3862400,0.0,0.0
2025-03-14 00:00:00-04:00,242.75,248.9499969482422,241.67999267578125,248.35000610351562,4045200,0.0,0.0
2025-03-17 00:00:00-04:00,249.25,254.6300048828125,249.0,252.97000122070312,3233900,0.0,0.0
2025-03-18 00:00:00-04:00,252.50999450683594,252.57000732421875,245.1199951171875,246.9499969482422,4171900,0.0,0.0
2025-03-19 00:00:00-04:00,248.3300018310547,253.66000366210938,246.63999938964844,252.2899932861328,3853600,0.0,0.0
2025-03-20 00:00:00-04:00,244.24000549316406,246.8000030517578,237.22000122070312,243.32000732421875,7026800,0.0,0.0
2025-03-21 00:00:00-04:00,241.69000244140625,245.2100067138672,238.5,243.8699951171875,9580100,0.0,0.0
2025-03-24 00:00:00-04:00,247.30999755859375,248.82000732421875,245.97000122070312,248.4499969482422,4753300,0.0,0.0
2025-03-25 00:00:00-04:00,248.36000061035156,250.89999389648438,248.1999969482422,249.89999389648438,3133800,0.0,0.0
2025-03-26 00:00:00-04:00,251.25,254.32000732421875,249.52999877929688,250.33999633789062,4450100,0.0,0.0
2025-03-27 00:00:00-04:00,249.7100067138672,250.3000030517578,245.72999572753906,246.2100067138672,2889300,0.0,0.0
2025-03-28 00:00:00-04:00,246.27000427246094,247.57000732421875,242.07000732421875,244.0,3125300,0.0,0.0
2025-03-31 00:00:00-04:00,242.74000549316406,250.88999938964844,242.49000549316406,248.66000366210938,6795000,0.0,0.0
2025-04-01 00:00:00-04:00,248.02999877929688,250.6199951171875,243.49000549316406,250.33999633789062,4412900,0.0,0.0
2025-04-02 00:00:00-04:00,248.22000122070312,252.7899932861328,247.22999572753906,249.97999572753906,4080800,0.0,0.0
2025-04-03 00:00:00-04:00,242.7100067138672,250.61000061035156,242.52999877929688,243.49000549316406,5309600,0.0,0.0
2025-04-04 00:00:00-04:00,238.0,240.16000366210938,226.8800048828125,227.47999572753906,7407100,0.0,0.0
2025-04-07 00:00:00-04:00,219.24000549316406,232.2899932861328,214.5,225.77999877929688,7797900,0.0,0.0
2025-04-08 00:00:00-04:00,232.55999755859375,233.0500030517578,217.27999877929688,221.02999877929688,6850000,0.0,0.0
2025-04-09 00:00:00-04:00,217.1199951171875,236.3000030517578,215.16000366210938,235.30999755859375,7302800,0.0,0.0
2025-04-10 00:00:00-04:00,231.0,232.57000732421875,222.02000427246094,229.5500030517578,5656100,0.0,0.0
2025-04-11 00:00:00-04:00,229.72000122070312,237.5800018310547,227.50999450683594,235.47999572753906,4325900,0.0,0.0
2025-04-14 00:00:00-04:00,239.77000427246094,241.77000427246094,236.72999572753906,239.05999755859375,3321500,0.0,0.0
2025-04-15 00:00:00-04:00,239.5500030517578,241.52999877929688,238.27000427246094,240.6999969482422,3363700,0.0,0.0
2025-04-16 00:00:00-04:00,240.27999877929688,243.3000030517578,235.88999938964844,238.57000732421875,4869900,0.0,0.0
2025-04-17 00:00:00-04:00,239.67999267578125,241.77999877929688,237.39999389648438,238.80999755859375,4626900,0.0,0.0
2025-04-21 00:00:00-04:00,238.07000732421875,240.80999755859375,232.92999267578125,236.22000122070312,4908900,0.0,0.0
2025-04-22 00:00:00-04:00,238.5,242.63999938964844,238.02000427246094,240.89999389648438,4232700,0.0,0.0
2025-04-23 00:00:00-04:00,246.0,249.33999633789062,243.66000366210938,245.47999572753906,7948300,0.0,0.0
2025-04-24 00:00:00-04:00,231.17999267578125,232.77999877929688,224.44000244140625,229.3300018310547,15410900,0.0,0.0
