Date,Open,High,Low,Close,Volume,Dividends,Stock Splits,Capital Gains
2020-04-27 00:00:00-04:00,58.794210183671915,59.64010657225642,58.76632473647454,59.40771484375,2617100,0.0,0.0,0.0
2020-04-28 00:00:00-04:00,60.28148876710478,60.42092308491632,59.11025397214353,59.24039077758789,2054700,0.0,0.0,0.0
2020-04-29 00:00:00-04:00,60.42092764323232,61.276114455505414,60.24431035455164,60.9693603515625,1906600,0.0,0.0,0.0
2020-04-30 00:00:00-04:00,60.6533243766098,60.6533243766098,59.853908346207724,60.197845458984375,2847900,0.0,0.0,0.0
2020-05-01 00:00:00-04:00,59.035891317603095,59.21250860271386,58.199296002414805,58.533935546875,4655600,0.0,0.0,0.0
2020-05-04 00:00:00-04:00,58.01339519850251,58.78492579228848,57.73453004321659,58.682674407958984,2486500,0.0,0.0,0.0
2020-05-05 00:00:00-04:00,59.36123744909229,59.92826517738988,59.13814323538289,59.21250915527344,1829900,0.0,0.0,0.0
2020-05-06 00:00:00-04:00,59.640106496634296,59.74235077225353,58.88716396363726,58.924346923828125,2371700,0.0,0.0,0.0
2020-05-07 00:00:00-04:00,59.60292324116523,60.095585050385544,59.537854834134706,59.640106201171875,1869700,0.0,0.0,0.0
2020-05-08 00:00:00-04:00,60.33726974195591,60.83922196389454,60.15135494501164,60.811336517333984,1452700,0.0,0.0,0.0
2020-05-11 00:00:00-04:00,60.300090587620375,61.099506535114536,60.15135874067969,60.75556945800781,2053200,0.0,0.0,0.0
2020-05-12 00:00:00-04:00,61.06232617562309,61.11809707464019,59.37053680419922,59.37053680419922,1634900,0.0,0.0,0.0
2020-05-13 00:00:00-04:00,59.31477086864766,59.50997257750456,57.697347288517165,58.31085205078125,2796500,0.0,0.0,0.0
2020-05-14 00:00:00-04:00,57.641564489416005,58.989416686626164,57.04665129654148,58.94293975830078,3308600,0.0,0.0,0.0
2020-05-15 00:00:00-04:00,58.43169115986434,59.2868780569927,58.21789443558225,59.249698638916016,2130200,0.0,0.0,0.0
2020-05-18 00:00:00-04:00,60.5417716648535,61.573575846239756,60.5417716648535,61.276119232177734,1869300,0.0,0.0,0.0
2020-05-19 00:00:00-04:00,61.18317120312119,61.55499377912894,60.60684585571289,60.60684585571289,2104800,0.0,0.0,0.0
2020-05-20 00:00:00-04:00,61.48060818666137,61.89890401846329,61.378356833656724,61.750179290771484,2108600,0.0,0.0,0.0
2020-05-21 00:00:00-04:00,61.70370769607822,61.90821043149144,61.05302362151299,61.36906814575195,1971400,0.0,0.0,0.0
2020-05-22 00:00:00-04:00,61.35978962637343,61.60146827698976,61.015852496291245,61.508514404296875,1458700,0.0,0.0,0.0
2020-05-26 00:00:00-04:00,62.95861245199162,63.023680862441424,62.307921255568715,62.3451042175293,1626500,0.0,0.0,0.0
2020-05-27 00:00:00-04:00,63.10735137390234,63.404808044433594,61.871044205911716,63.404808044433594,2973100,0.0,0.0,0.0
2020-05-28 00:00:00-04:00,63.609292337375074,64.01829779988786,62.99578414360588,63.172401428222656,2047300,0.0,0.0,0.0
2020-05-29 00:00:00-04:00,63.00509242584798,63.55353230722744,62.438064607506334,63.349029541015625,2225900,0.0,0.0,0.0
2020-06-01 00:00:00-04:00,63.27463905027546,63.95321550278828,63.209570658274735,63.75800323486328,1558900,0.0,0.0,0.0
2020-06-02 00:00:00-04:00,63.9532327533496,64.31575776255764,63.692952023216506,64.28787231445312,1685000,0.0,0.0,0.0
2020-06-03 00:00:00-04:00,64.81771450083176,65.4498106362033,64.76193651493831,65.30107879638672,1806000,0.0,0.0,0.0
2020-06-04 00:00:00-04:00,65.04081997758921,65.43123050811248,64.60392896355913,65.05011749267578,4518100,0.0,0.0,0.0
2020-06-05 00:00:00-04:00,66.41655596976543,67.26245256512792,66.19346524572775,66.79767608642578,2454900,0.0,0.0,0.0
2020-06-08 00:00:00-04:00,67.08580981501194,67.75508882546161,66.93708508598066,67.67143249511719,3395400,0.0,0.0,0.0
2020-06-09 00:00:00-04:00,67.03934205946008,67.42975248430724,66.76047341775545,67.05792999267578,3788600,0.0,0.0,0.0
2020-06-10 00:00:00-04:00,67.15090820815858,67.31822803550816,66.38867501510535,66.56529235839844,3886300,0.0,0.0,0.0
2020-06-11 00:00:00-04:00,64.75264773655235,65.02221179219045,62.5124222129747,62.69832992553711,3139900,0.0,0.0,0.0
2020-06-12 00:00:00-04:00,64.38082713164275,64.52026146616814,62.20566995205125,63.3954963684082,3835800,0.0,0.0,0.0
2020-06-15 00:00:00-04:00,62.06643136315219,64.4184193132613,61.842434206175426,64.12908935546875,1806600,0.276,0.0,0.0
2020-06-16 00:00:00-04:00,66.04241242978337,66.05174059997223,64.35308080857975,65.41707611083984,1497800,0.0,0.0,0.0
2020-06-17 00:00:00-04:00,65.68778034432552,65.68778034432552,64.95044859331502,65.09978485107422,1399300,0.0,0.0,0.0
2020-06-18 00:00:00-04:00,64.71710307969528,65.27710681347754,64.66110555461437,65.15576934814453,966300,0.0,0.0,0.0
2020-06-19 00:00:00-04:00,65.95841020756092,65.9677454986538,64.44642060458604,64.791748046875,1393600,0.0,0.0,0.0
2020-06-22 00:00:00-04:00,64.64244284989847,65.27710758436929,64.3531056851625,65.23043823242188,885900,0.0,0.0,0.0
2020-06-23 00:00:00-04:00,65.7717575220334,65.97709123413763,65.38908885479515,65.50109100341797,873000,0.0,0.0,0.0
2020-06-24 00:00:00-04:00,64.98776470512217,65.11843033419323,63.27044093976396,63.699771881103516,2057400,0.0,0.0,0.0
2020-06-25 00:00:00-04:00,63.55043019444072,64.5397647417758,63.149105168797405,64.49309539794922,2553700,0.0,0.0,0.0
2020-06-26 00:00:00-04:00,64.22242214207382,64.29709023607802,62.850426177897695,62.971763610839844,2119000,0.0,0.0,0.0
2020-06-29 00:00:00-04:00,63.21443767344295,63.92376327514649,62.7104386696586,63.923763275146484,1459900,0.0,0.0,0.0
2020-06-30 00:00:00-04:00,63.91444408223063,65.12776885817607,63.83977597027437,64.81044006347656,1501800,0.0,0.0,0.0
2020-07-01 00:00:00-04:00,64.97844147847387,65.44510650946357,64.87577460199667,65.15576934814453,1245800,0.0,0.0,0.0
2020-07-02 00:00:00-04:00,65.94908780177039,66.31308585806194,65.37975604793154,65.75308227539062,1392000,0.0,0.0,0.0
2020-07-06 00:00:00-04:00,66.4250770529569,66.63041073868018,66.20107990523191,66.49040985107422,2226600,0.0,0.0,0.0
2020-07-07 00:00:00-04:00,66.13574488536548,66.63040850031348,65.74374810983018,65.78108215332031,1224800,0.0,0.0,0.0
2020-07-08 00:00:00-04:00,66.0050936604839,66.3784270559059,65.59442621344546,66.35975646972656,1597800,0.0,0.0,0.0
2020-07-09 00:00:00-04:00,66.53708999221959,66.58375221517181,65.13709513029512,65.96775817871094,1186400,0.0,0.0,0.0
2020-07-10 00:00:00-04:00,65.8744230852986,66.68641550446765,65.60375657199502,66.65841674804688,1051500,0.0,0.0,0.0
2020-07-13 00:00:00-04:00,67.13444308560435,67.72243856140351,65.81844405595379,65.89311218261719,1305200,0.0,0.0,0.0
2020-07-14 00:00:00-04:00,65.622424944842,66.87309075087732,65.3610937043773,66.77042388916016,1263600,0.0,0.0,0.0
2020-07-15 00:00:00-04:00,67.57309037827413,67.79708757436941,66.97575977485839,67.64775848388672,1793600,0.0,0.0,0.0
2020-07-16 00:00:00-04:00,67.19040950727742,67.45174070884373,66.99441110610269,67.36774444580078,1234000,0.0,0.0,0.0
2020-07-17 00:00:00-04:00,67.58239550226057,67.75038798378179,67.17172822545945,67.60105895996094,950300,0.0,0.0,0.0
2020-07-20 00:00:00-04:00,67.50774573334179,68.27307587986813,67.35840954829216,68.14241027832031,915700,0.0,0.0,0.0
2020-07-21 00:00:00-04:00,68.60907056208976,68.71173740222257,68.08640107030249,68.2730712890625,1272600,0.0,0.0,0.0
2020-07-22 00:00:00-04:00,68.22641215186192,68.73974642925312,68.22641215186192,68.69307708740234,3352900,0.0,0.0,0.0
2020-07-23 00:00:00-04:00,68.62772394145176,68.84239288130343,67.55439348367284,67.92772674560547,1947000,0.0,0.0,0.0
2020-07-24 00:00:00-04:00,67.46107600054,67.69440844775866,67.06907919819055,67.36774444580078,1680900,0.0,0.0,0.0
2020-07-27 00:00:00-04:00,67.526412134933,68.0024123445683,67.39574652769845,67.9837417602539,2350600,0.0,0.0,0.0
2020-07-28 00:00:00-04:00,67.79708032070258,68.03041278522062,67.41441878167868,67.47975158691406,991300,0.0,0.0,0.0
2020-07-29 00:00:00-04:00,67.70373921817992,68.54373739622001,67.70373921817992,68.44107055664062,1425900,0.0,0.0,0.0
2020-07-30 00:00:00-04:00,67.71307970842211,68.27307616319978,67.26507827215522,68.21707153320312,2662800,0.0,0.0,0.0
2020-07-31 00:00:00-04:00,68.59975973225646,68.59975973225646,67.48909467700112,68.54376220703125,2545200,0.0,0.0,0.0
2020-08-03 00:00:00-04:00,68.95441507552073,69.29041443172636,68.84242003728053,69.1504135131836,1126000,0.0,0.0,0.0
2020-08-04 00:00:00-04:00,68.96373557005992,69.40240169768093,68.954400278629,69.39306640625,1181500,0.0,0.0,0.0
2020-08-05 00:00:00-04:00,69.7384147465583,69.97174723319922,69.71974416001129,69.9437484741211,911600,0.0,0.0,0.0
2020-08-06 00:00:00-04:00,69.83175113223511,70.32641489870407,69.7104207942829,70.29841613769531,840900,0.0,0.0,0.0
2020-08-07 00:00:00-04:00,70.27040633007789,70.41040723385618,69.8597389111927,70.33573913574219,1729100,0.0,0.0,0.0
2020-08-10 00:00:00-04:00,70.48508418795392,70.61575694964364,70.06508850216115,70.53175354003906,759400,0.0,0.0,0.0
2020-08-11 00:00:00-04:00,70.84906534437724,71.02639315628498,69.8410674968072,69.97173309326172,2701000,0.0,0.0,0.0
2020-08-12 00:00:00-04:00,70.62509066459708,71.10109103438693,70.60642719474474,70.96109008789062,1087200,0.0,0.0,0.0
2020-08-13 00:00:00-04:00,70.81171951977,71.18504566425531,70.67171865521813,70.8770523071289,871000,0.0,0.0,0.0
2020-08-14 00:00:00-04:00,70.77438548117351,70.98904730217859,70.62504932678758,70.8770523071289,1014300,0.0,0.0,0.0
2020-08-17 00:00:00-04:00,71.0730762401341,71.21307715505601,71.03574218810543,71.17574310302734,693400,0.0,0.0,0.0
2020-08-18 00:00:00-04:00,71.28772477714739,71.38106345009605,70.83973047825417,71.27839660644531,1831500,0.0,0.0,0.0
2020-08-19 00:00:00-04:00,71.31573140480437,71.46506046576584,70.83973122655382,70.94239807128906,930500,0.0,0.0,0.0
2020-08-20 00:00:00-04:00,70.59706340072101,71.26906197603475,70.46639780227012,71.18505859375,621500,0.0,0.0,0.0
2020-08-21 00:00:00-04:00,71.06373635164634,71.38107221299849,70.97974008057017,71.30640411376953,623900,0.0,0.0,0.0
2020-08-24 00:00:00-04:00,71.86639931501475,72.05306243896484,71.63306684970625,72.05306243896484,1142200,0.0,0.0,0.0
2020-08-25 00:00:00-04:00,72.20240441242959,72.27707251628134,71.866405065839,72.23973846435547,890200,0.0,0.0,0.0
2020-08-26 00:00:00-04:00,72.3983962171519,73.00506204411431,72.29572936393942,72.92105865478516,3132900,0.0,0.0,0.0
2020-08-27 00:00:00-04:00,73.13572238658244,73.453051094938,72.73439029494733,73.14505767822266,1289900,0.0,0.0,0.0
2020-08-28 00:00:00-04:00,73.39707672135904,73.63040924072266,73.15440890741273,73.63040924072266,1503200,0.0,0.0,0.0
2020-08-31 00:00:00-04:00,73.60238459718953,73.78904769874742,73.2943840709522,73.37838745117188,1301300,0.0,0.0,0.0
2020-09-01 00:00:00-04:00,73.62105109503598,74.08771598891595,73.35038460209667,74.04105377197266,1362200,0.0,0.0,0.0
2020-09-02 00:00:00-04:00,74.49838334732716,75.25437819650315,74.13438529989122,75.10504913330078,2732600,0.0,0.0,0.0
2020-09-03 00:00:00-04:00,74.64772861562797,74.67572737333944,71.87573767031988,72.47306823730469,2982200,0.0,0.0,0.0
2020-09-04 00:00:00-04:00,72.60374743033135,72.9397468271833,70.11175783763218,71.83841705322266,2276600,0.0,0.0,0.0
2020-09-08 00:00:00-04:00,70.50373885380044,70.83040288238917,69.73840864936038,69.80374145507812,3029100,0.0,0.0,0.0
2020-09-09 00:00:00-04:00,70.76507676365371,71.68907142347281,70.53174427536406,71.20374298095703,2968800,0.0,0.0,0.0
2020-09-10 00:00:00-04:00,71.63308314240363,71.81974630880963,69.80375705280018,70.04642486572266,1326500,0.0,0.0,0.0
2020-09-11 00:00:00-04:00,70.41974499527784,70.60641526598346,69.33708590815621,70.02774810791016,2220300,0.0,0.0,0.0
2020-09-14 00:00:00-04:00,70.81173969513523,71.36240089966084,70.6344047414614,71.11040496826172,1155800,0.0,0.0,0.0
2020-09-15 00:00:00-04:00,71.6890740378138,71.87574430769843,71.2504078045133,71.50241088867188,984700,0.0,0.0,0.0
2020-09-16 00:00:00-04:00,71.80104706112311,72.15570974885907,71.21305197128041,71.24105072021484,1313000,0.0,0.0,0.0
2020-09-17 00:00:00-04:00,70.2237316944963,71.0077324241049,70.03706858402536,70.68106842041016,1098800,0.0,0.0,0.0
2020-09-18 00:00:00-04:00,70.9330616046376,70.9330616046376,69.31839799024812,69.97173309326172,1120100,0.0,0.0,0.0
2020-09-21 00:00:00-04:00,68.91708102252649,69.1504135131836,67.9650875937722,69.1504135131836,1725700,0.0,0.0,0.0
2020-09-22 00:00:00-04:00,69.41174155124479,69.89706992643703,68.85173796043802,69.79440307617188,775600,0.0,0.0,0.0
2020-09-23 00:00:00-04:00,69.91814186353506,69.97438908410668,67.996280765728,68.06190490722656,1578400,0.332,0.0,0.0
2020-09-24 00:00:00-04:00,67.77130561162849,68.94317075122817,67.34942986987429,68.23067474365234,1064400,0.0,0.0,0.0
2020-09-25 00:00:00-04:00,68.04316640970214,69.54315207632291,67.93066480251964,69.40252685546875,1051200,0.0,0.0,0.0
2020-09-28 00:00:00-04:00,70.32129655182665,70.73378828326997,70.17129435675756,70.59317016601562,776400,0.0,0.0,0.0
2020-09-29 00:00:00-04:00,70.57439762968426,70.71502286220417,70.07752800694415,70.24627685546875,1103000,0.0,0.0,0.0
2020-09-30 00:00:00-04:00,70.41502635842204,71.4181425360588,70.29315497043689,70.77127075195312,1223900,0.0,0.0,0.0
2020-10-01 00:00:00-04:00,71.3337643935034,71.56813739858522,70.88377222914436,71.31501770019531,1404100,0.0,0.0,0.0
2020-10-02 00:00:00-04:00,70.0212881867867,71.16502970868719,69.93691017734464,70.79003143310547,1280400,0.0,0.0,0.0
2020-10-05 00:00:00-04:00,71.27751978061502,72.08376351992659,71.25877308661796,72.07438659667969,806800,0.0,0.0,0.0
2020-10-06 00:00:00-04:00,72.13063461725481,72.69312836997723,71.05251741891409,71.1087646484375,1006000,0.0,0.0,0.0
2020-10-07 00:00:00-04:00,71.81188823026734,72.59000833353019,71.81188823026734,72.37438201904297,1129900,0.0,0.0,0.0
2020-10-08 00:00:00-04:00,72.9181194566005,73.08686828613281,72.67436955783255,73.08686828613281,788200,0.0,0.0,0.0
2020-10-09 00:00:00-04:00,73.42436849573237,73.80874362454519,73.31186688797098,73.7149887084961,905200,0.0,0.0,0.0
2020-10-12 00:00:00-04:00,74.21186565195376,75.06497960091092,74.12748765777353,74.79310607910156,850200,0.0,0.0,0.0
2020-10-13 00:00:00-04:00,74.75562074964597,74.75562074964597,74.1556263561886,74.38999938964844,1097100,0.0,0.0,0.0
2020-10-14 00:00:00-04:00,74.47437303789798,74.76499329356295,73.77125397871086,73.93062591552734,849600,0.0,0.0,0.0
2020-10-15 00:00:00-04:00,72.98375102754389,73.97749741475492,72.83375602631166,73.90249633789062,1219500,0.0,0.0,0.0
2020-10-16 00:00:00-04:00,74.19312199746317,74.47437248003001,73.78062319703096,73.80875396728516,1121500,0.0,0.0,0.0
2020-10-19 00:00:00-04:00,74.05249062713897,74.23999331749694,72.53375817396893,72.70250701904297,1170000,0.0,0.0,0.0
2020-10-20 00:00:00-04:00,73.05874695516803,73.66811814487284,72.83375089292942,72.90874481201172,935600,0.0,0.0,0.0
2020-10-21 00:00:00-04:00,72.97438576247718,73.41500821882396,72.69314240805195,72.7493896484375,1286600,0.0,0.0,0.0
2020-10-22 00:00:00-04:00,72.81498658001591,73.33060993236363,72.32749398983748,73.23686218261719,1387600,0.0,0.0,0.0
2020-10-23 00:00:00-04:00,73.44312723192579,73.50875854492188,72.89001032950499,73.50875854492188,612100,0.0,0.0,0.0
2020-10-26 00:00:00-04:00,72.6837536994384,72.89000308407572,71.30563931344939,72.14938354492188,1123800,0.0,0.0,0.0
2020-10-27 00:00:00-04:00,72.1962606722054,72.29000844138086,71.80250859767436,71.88688659667969,652600,0.0,0.0,0.0
2020-10-28 00:00:00-04:00,70.55565388998652,70.68690220516679,69.39315859482298,69.5244140625,2666500,0.0,0.0,0.0
2020-10-29 00:00:00-04:00,69.53379178493385,70.83690531502785,69.18692426336055,70.1900405883789,1285500,0.0,0.0,0.0
2020-10-30 00:00:00-04:00,69.76817801194014,70.11505275157448,68.57756589089607,69.42131042480469,1709500,0.0,0.0,0.0
2020-11-02 00:00:00-05:00,70.09627922227091,70.56502525924677,69.46816124932252,70.16190338134766,1399100,0.0,0.0,0.0
2020-11-03 00:00:00-05:00,70.8462845330161,71.85877781511307,70.78066036579673,71.49315643310547,1826400,0.0,0.0,0.0
2020-11-04 00:00:00-05:00,72.39314549249045,73.87438481683375,72.16814937755778,73.01188659667969,1445300,0.0,0.0,0.0
2020-11-05 00:00:00-05:00,74.31499678334248,74.83062030741368,74.08062375467325,74.54936981201172,1763300,0.0,0.0,0.0
2020-11-06 00:00:00-05:00,74.49311788875549,74.71811397942781,74.00562516688265,74.50249481201172,1033700,0.0,0.0,0.0
2020-11-09 00:00:00-05:00,77.36182978643535,77.85870651017368,75.24310320538173,75.37435150146484,3096400,0.0,0.0,0.0
2020-11-10 00:00:00-05:00,75.1681122003468,75.49623298448935,74.42749262899838,75.32748413085938,1706100,0.0,0.0,0.0
2020-11-11 00:00:00-05:00,75.85248772416536,75.99310581434978,75.49623615570626,75.81498718261719,1037200,0.0,0.0,0.0
2020-11-12 00:00:00-05:00,75.54312131171133,75.80561797677598,74.70875384668541,75.13999938964844,1210700,0.0,0.0,0.0
2020-11-13 00:00:00-05:00,75.52434676265808,76.3118436945083,75.45872261437854,76.18059539794922,971100,0.0,0.0,0.0
2020-11-16 00:00:00-05:00,76.88370386890665,77.17432403564453,76.49932880096773,77.17432403564453,1942300,0.0,0.0,0.0
2020-11-17 00:00:00-05:00,76.70560485267379,77.19309760721472,76.32123680337179,76.96810150146484,1226000,0.0,0.0,0.0
2020-11-18 00:00:00-05:00,77.08997351532717,77.21184490550037,76.13372763013345,76.14310455322266,4542200,0.0,0.0,0.0
2020-11-19 00:00:00-05:00,76.02123998344702,76.61186465418281,75.77749715830008,76.56498718261719,1494900,0.0,0.0,0.0
2020-11-20 00:00:00-05:00,76.4993553394004,76.5556097301352,76.13373398586168,76.16185760498047,866600,0.0,0.0,0.0
2020-11-23 00:00:00-05:00,76.57435210290647,76.96809705333781,76.19935384666368,76.78060150146484,860800,0.0,0.0,0.0
2020-11-24 00:00:00-05:00,77.41809740243662,78.07433899505962,77.15560076538742,77.9712142944336,1633300,0.0,0.0,0.0
2020-11-25 00:00:00-05:00,77.90559307618982,77.9899710855678,77.54934864853114,77.92434692382812,747800,0.0,0.0,0.0
2020-11-27 00:00:00-05:00,78.1493340367285,78.28995926784773,77.9805851898847,78.21495819091797,401700,0.0,0.0,0.0
2020-11-30 00:00:00-05:00,78.12119873759309,78.19619980330609,77.13682941947216,77.74620056152344,1495700,0.0,0.0,0.0
2020-12-01 00:00:00-05:00,78.57120513916016,78.86183253361393,78.40245628681483,78.57120513916016,1090200,0.0,0.0,0.0
2020-12-02 00:00:00-05:00,78.22434706907316,78.69309314278047,78.0462212722652,78.6743392944336,1071000,0.0,0.0,0.0
2020-12-03 00:00:00-05:00,78.7118319669368,79.08683021889988,78.56183695764962,78.81495666503906,851300,0.0,0.0,0.0
2020-12-04 00:00:00-05:00,78.96496024512183,79.60245513916016,78.96496024512183,79.60245513916016,839400,0.0,0.0,0.0
2020-12-07 00:00:00-05:00,79.4711953027783,79.62119745901518,79.15245144951962,79.53681945800781,1667700,0.0,0.0,0.0
2020-12-08 00:00:00-05:00,79.2555732375099,79.9586922259699,79.2274496223709,79.86494445800781,858600,0.0,0.0,0.0
2020-12-09 00:00:00-05:00,79.99619503430677,80.16494388242687,78.75870586559151,79.01182556152344,2943900,0.0,0.0,0.0
2020-12-10 00:00:00-05:00,78.67432724004235,79.33057593418135,78.43058446885871,79.16182708740234,1787800,0.0,0.0,0.0
2020-12-11 00:00:00-05:00,78.83369606977418,79.11494652086526,78.37432700865507,79.07744598388672,1560600,0.0,0.0,0.0
2020-12-14 00:00:00-05:00,79.65355120580504,79.88887839979117,78.78754167390792,78.83460998535156,1090200,0.342,0.0,0.0
2020-12-15 00:00:00-05:00,79.44645816962536,79.94535064697266,79.12640946730224,79.94535064697266,1157100,0.0,0.0,0.0
2020-12-16 00:00:00-05:00,80.03948974609375,80.19951052576553,79.78533951847486,80.03948974609375,1712600,0.0,0.0,0.0
2020-12-17 00:00:00-05:00,80.44421082744306,80.63247680664062,80.31242823281114,80.63247680664062,1516900,0.0,0.0,0.0
2020-12-18 00:00:00-05:00,80.79251588050677,80.79251588050677,79.87944542313888,80.44422912597656,1532600,0.0,0.0,0.0
2020-12-21 00:00:00-05:00,79.55000076583967,80.34069663181285,78.8722573483681,80.23715209960938,3175700,0.0,0.0,0.0
2020-12-22 00:00:00-05:00,80.30302730341454,80.44422501731594,79.9170945458057,80.25596618652344,890700,0.0,0.0,0.0
2020-12-23 00:00:00-05:00,80.51954155167522,80.7266306005673,80.31245250278313,80.34069061279297,775500,0.0,0.0,0.0
2020-12-24 00:00:00-05:00,80.44422526800432,80.55718487580027,80.23713624451878,80.51011657714844,550800,0.0,0.0,0.0
2020-12-28 00:00:00-05:00,81.1784585356938,81.1784585356938,80.91489325440632,80.93372344970703,834000,0.0,0.0,0.0
2020-12-29 00:00:00-05:00,81.28197468543709,81.35728107711611,80.49127911764565,80.63247680664062,1646600,0.0,0.0,0.0
2020-12-30 00:00:00-05:00,80.89607626174954,81.13140344921648,80.80193964147011,80.83018493652344,1046500,0.0,0.0,0.0
2020-12-31 00:00:00-05:00,80.83016564488328,81.29140481138262,80.60424642807149,81.15962219238281,3962400,0.0,0.0,0.0
2021-01-04 00:00:00-05:00,81.50790114398714,81.54555434650894,79.1734600405486,80.12418365478516,3729600,0.0,0.0,0.0
2021-01-05 00:00:00-05:00,79.93592061601046,80.95253557707748,79.93592061601046,80.72662353515625,2234800,0.0,0.0,0.0
2021-01-06 00:00:00-05:00,80.47248413232819,82.15742767977298,80.35953167701037,81.46086120605469,1776300,0.0,0.0,0.0
2021-01-07 00:00:00-05:00,82.05387151748792,82.88222770775779,81.95974209085223,82.70337677001953,1109900,0.0,0.0,0.0
2021-01-08 00:00:00-05:00,83.07048625550902,83.23992209547608,82.20448404306183,83.09872436523438,1341300,0.0,0.0,0.0
2021-01-11 00:00:00-05:00,82.39273815467101,83.07989657211277,82.24213251759681,82.65630340576172,1444500,0.0,0.0,0.0
2021-01-12 00:00:00-05:00,82.75984902892618,83.06106748871352,82.35508605031059,82.90104675292969,1585800,0.0,0.0,0.0
2021-01-13 00:00:00-05:00,82.9104651900399,83.2963979908096,82.66572293734762,82.97635650634766,887700,0.0,0.0,0.0
2021-01-14 00:00:00-05:00,83.16461578343008,83.48466445114335,82.85398221284173,82.9669418334961,2177000,0.0,0.0,0.0
2021-01-15 00:00:00-05:00,82.71279433093538,82.84457696847375,81.78089358912322,82.27037811279297,1111200,0.0,0.0,0.0
2021-01-19 00:00:00-05:00,82.90105051685144,83.0516633443906,82.57159393362814,82.9669418334961,1235600,0.0,0.0,0.0
2021-01-20 00:00:00-05:00,83.47525828399928,84.17182473184766,83.41878205843786,83.99298095703125,1248000,0.0,0.0,0.0
2021-01-21 00:00:00-05:00,84.2000441916892,84.29418078892495,83.7670431345383,83.91765594482422,883900,0.0,0.0,0.0
2021-01-22 00:00:00-05:00,83.5129061499486,84.01179859478638,83.4470148304722,83.82353973388672,951500,0.0,0.0,0.0
2021-01-25 00:00:00-05:00,84.0117975089949,84.26594768608625,82.76927037091639,84.09651184082031,1102600,0.0,0.0,0.0
2021-01-26 00:00:00-05:00,84.26595687265274,84.37891650901645,83.75765646305578,83.81413269042969,1026100,0.0,0.0,0.0
2021-01-27 00:00:00-05:00,82.97635315158779,83.1175508755714,81.2349337067622,81.72441101074219,1608400,0.0,0.0,0.0
2021-01-28 00:00:00-05:00,82.09151561991031,83.31521957530123,82.09151561991031,82.4680404663086,1122200,0.0,0.0,0.0
2021-01-29 00:00:00-05:00,82.14800444126972,82.31744028907303,80.44423804730299,80.94313049316406,4501600,0.0,0.0,0.0
2021-02-01 00:00:00-05:00,81.70560565847877,82.50571669183249,81.15964483793489,82.3362808227539,1073500,0.0,0.0,0.0
2021-02-02 00:00:00-05:00,83.09871775791136,83.84235237521602,83.09871775791136,83.4752426147461,1729600,0.0,0.0,0.0
2021-02-03 00:00:00-05:00,83.7764821784296,83.99298635970068,83.28700476830942,83.63528442382812,1474600,0.0,0.0,0.0
2021-02-04 00:00:00-05:00,83.91766095975775,84.67070351134709,83.89883076653969,84.61422729492188,2418500,0.0,0.0,0.0
2021-02-05 00:00:00-05:00,85.12252807617188,85.24489559598337,84.78365644110968,85.12252807617188,1620200,0.0,0.0,0.0
2021-02-08 00:00:00-05:00,85.48963989183679,85.94147114342249,85.43316367849386,85.87557983398438,1696900,0.0,0.0,0.0
2021-02-09 00:00:00-05:00,85.7344069925397,86.12975496386792,85.64968546633153,85.96973419189453,1212800,0.0,0.0,0.0
2021-02-10 00:00:00-05:00,86.41214453971823,86.47803586374658,85.31080786436488,85.94149017333984,1318100,0.0,0.0,0.0
2021-02-11 00:00:00-05:00,86.25211260271585,86.35565713305311,85.48965486260992,86.13916015625,1429200,0.0,0.0,0.0
2021-02-12 00:00:00-05:00,85.94148041794865,86.58157057082995,85.87558910139975,86.4968490600586,923500,0.0,0.0,0.0
2021-02-16 00:00:00-05:00,86.87338550035446,86.95809984077741,86.18622695214411,86.43096923828125,1110900,0.0,0.0,0.0
2021-02-17 00:00:00-05:00,85.95090748138007,86.32743245194715,85.56497459322078,86.2991943359375,1156900,0.0,0.0,0.0
2021-02-18 00:00:00-05:00,85.6873180960242,85.99795164813938,85.10371137805389,85.80027770996094,982300,0.0,0.0,0.0
2021-02-19 00:00:00-05:00,86.13916414542489,86.38389924517834,85.82853054002737,85.94149017333984,869400,0.0,0.0,0.0
2021-02-22 00:00:00-05:00,85.33906148304153,85.74381738325656,85.06608106212116,85.1413803100586,1609300,0.0,0.0,0.0
2021-02-23 00:00:00-05:00,84.5483478944161,85.38611207029541,83.1834531399922,85.06607055664062,3322000,0.0,0.0,0.0
2021-02-24 00:00:00-05:00,84.92486651547708,86.15797853380906,84.62364803841831,86.08267211914062,4376700,0.0,0.0,0.0
2021-02-25 00:00:00-05:00,85.89442462041555,86.15798992498678,83.43760817455166,83.80471801757812,4301300,0.0,0.0,0.0
2021-02-26 00:00:00-05:00,84.26595201475124,84.57658561063161,82.81634293054047,83.50349426269531,2659900,0.0,0.0,0.0
2021-03-01 00:00:00-05:00,84.71776608110625,85.88498662514957,84.69894307077617,85.6308364868164,1704700,0.0,0.0,0.0
2021-03-02 00:00:00-05:00,85.67790884920709,85.80969866527192,84.77425342085857,84.7836685180664,1953200,0.0,0.0,0.0
2021-03-03 00:00:00-05:00,84.74603126242461,84.8872290206597,83.55057223014892,83.5976333618164,2702000,0.0,0.0,0.0
2021-03-04 00:00:00-05:00,83.51290525359404,83.96472938754981,81.15021851210176,82.27037811279297,4267800,0.0,0.0,0.0
2021-03-05 00:00:00-05:00,83.21166748349395,83.96470992608398,80.99959408711469,83.77645111083984,4403100,0.0,0.0,0.0
2021-03-08 00:00:00-05:00,83.9835578738302,84.66130124259085,83.28699149221062,83.34346771240234,2342700,0.0,0.0,0.0
2021-03-09 00:00:00-05:00,84.34123550090449,85.27312885353322,84.17179969300713,84.68010711669922,2356600,0.0,0.0,0.0
2021-03-10 00:00:00-05:00,85.32962045044933,85.64966190636113,84.95309559873044,85.19783782958984,2156600,0.0,0.0,0.0
2021-03-11 00:00:00-05:00,85.95088084151192,86.71334564553419,85.8096903052247,86.36505889892578,1843600,0.0,0.0,0.0
2021-03-12 00:00:00-05:00,86.04503668959786,86.55333709716797,85.78146420580022,86.55333709716797,1973800,0.0,0.0,0.0
2021-03-15 00:00:00-04:00,86.67570794855713,87.16518531902187,86.1203320738832,87.1463623046875,1465400,0.0,0.0,0.0
2021-03-16 00:00:00-04:00,87.24048947214239,87.3252038068686,86.5439230540261,86.78865814208984,984100,0.0,0.0,0.0
2021-03-17 00:00:00-04:00,86.49685699511062,87.34403627246839,86.11092415752378,87.1463623046875,1390800,0.0,0.0,0.0
2021-03-18 00:00:00-04:00,86.53450895729021,86.99574820879307,85.47083271315879,85.60261535644531,1473900,0.0,0.0,0.0
2021-03-19 00:00:00-04:00,85.60261191323318,86.01678284049638,84.94369154168896,85.65908813476562,1072300,0.0,0.0,0.0
2021-03-22 00:00:00-04:00,85.75322228517989,86.4874419319806,85.70616115851722,86.10150909423828,996900,0.0,0.0,0.0
2021-03-23 00:00:00-04:00,85.92266792793222,86.12975701736045,84.97194400901917,85.15079498291016,1378500,0.0,0.0,0.0
2021-03-24 00:00:00-04:00,85.546132945408,85.88500465540253,84.40715026855469,84.40715026855469,1571100,0.0,0.0,0.0
2021-03-25 00:00:00-04:00,84.13891823637472,85.25334132849754,83.53448610560297,85.0172348022461,1794000,0.296,0.0,0.0
2021-03-26 00:00:00-04:00,85.39499905206299,86.50942204457006,85.0927830136915,86.4527587890625,1338500,0.0,0.0,0.0
2021-03-29 00:00:00-04:00,86.27332641085135,86.37721386263868,85.50834354350792,86.0088882446289,2182800,0.0,0.0,0.0
2021-03-30 00:00:00-04:00,85.79166338324679,86.17888154246762,85.50833987675772,86.03721618652344,1237900,0.0,0.0,0.0
2021-03-31 00:00:00-04:00,86.23555310129312,86.9155411109423,86.23555310129312,86.50943756103516,1655400,0.0,0.0,0.0
2021-04-01 00:00:00-04:00,87.02887230387515,87.60497283935547,86.97220183446082,87.60497283935547,2220900,0.0,0.0,0.0
2021-04-05 00:00:00-04:00,88.27551787466437,88.72883841465331,88.15273785747564,88.65328979492188,1610000,0.0,0.0,0.0
2021-04-06 00:00:00-04:00,88.5682757063621,88.94604757550431,88.50216616966715,88.62493896484375,1940200,0.0,0.0,0.0
2021-04-07 00:00:00-04:00,88.61550835992104,88.7855053570096,88.37940181982026,88.558837890625,1184700,0.0,0.0,0.0
2021-04-08 00:00:00-04:00,88.93660853510647,89.10660552978516,88.65328501424179,89.10660552978516,931300,0.0,0.0,0.0
2021-04-09 00:00:00-04:00,89.10660711515294,89.69215393066406,89.0121659398511,89.69215393066406,1187100,0.0,0.0,0.0
2021-04-12 00:00:00-04:00,89.57880998131037,89.73936068155395,89.31437183846235,89.71102905273438,1573700,0.0,0.0,0.0
2021-04-13 00:00:00-04:00,89.69214665203395,90.11713550910378,89.59770548439613,89.92825317382812,1387600,0.0,0.0,0.0
2021-04-14 00:00:00-04:00,90.03214338388821,90.3626910834682,89.6165935870451,89.78659057617188,1585000,0.0,0.0,0.0
2021-04-15 00:00:00-04:00,90.28712986842947,90.70267964043524,90.19268870353699,90.66490173339844,958500,0.0,0.0,0.0
2021-04-16 00:00:00-04:00,91.0143510563997,91.0426826881562,90.56102333209647,90.89157104492188,1066000,0.0,0.0,0.0
2021-04-19 00:00:00-04:00,90.69325419747818,90.81603422490404,90.00382705052037,90.381591796875,1342800,0.0,0.0,0.0
2021-04-20 00:00:00-04:00,90.0888089161441,90.23992055713252,89.153829055077,89.53160095214844,1671900,0.0,0.0,0.0
2021-04-21 00:00:00-04:00,89.40882533763146,90.57991899666119,89.30493788069495,90.57047271728516,1122100,0.0,0.0,0.0
2021-04-22 00:00:00-04:00,90.57048027464619,90.88214267146137,89.56938353385199,89.79605102539062,1498100,0.0,0.0,0.0
2021-04-23 00:00:00-04:00,90.0227100095966,91.2315744587174,89.97548581485887,90.93880462646484,935900,0.0,0.0,0.0
2021-04-26 00:00:00-04:00,91.10880110462854,91.40157093516086,91.0521378355966,91.24102020263672,1120500,0.0,0.0,0.0
2021-04-27 00:00:00-04:00,91.3637904146305,91.39212204833835,91.00491104533069,91.25990295410156,1113700,0.0,0.0,0.0
2021-04-28 00:00:00-04:00,91.28823282134854,91.55267098383297,91.11823583040862,91.21267700195312,850200,0.0,0.0,0.0
2021-04-29 00:00:00-04:00,91.8737877145262,91.9682289018048,90.85380559895555,91.62823486328125,1292200,0.0,0.0,0.0
2021-04-30 00:00:00-04:00,91.03324581053982,91.33546192282003,90.74047597828725,90.93880462646484,1517100,0.0,0.0,0.0
2021-05-03 00:00:00-04:00,91.48655259287118,91.48655259287118,90.9576691136666,91.04267120361328,1474100,0.0,0.0,0.0
2021-05-04 00:00:00-04:00,90.68380548607519,90.721583400778,89.51271895188975,90.34381866455078,2450200,0.0,0.0,0.0
2021-05-05 00:00:00-04:00,90.79714227318394,90.80658855352634,90.13604675722968,90.25881958007812,1565000,0.0,0.0,0.0
2021-05-06 00:00:00-04:00,90.34381018619958,90.8254623413086,89.63549056414537,90.8254623413086,1539500,0.0,0.0,0.0
2021-05-07 00:00:00-04:00,91.01434705531972,91.69432780378234,90.8349037882174,91.58100128173828,1042400,0.0,0.0,0.0
2021-05-10 00:00:00-04:00,91.65655340603145,91.79821155287733,90.44768197821998,90.47602081298828,1712300,0.0,0.0,0.0
2021-05-11 00:00:00-04:00,89.24829440407517,89.97549955847242,88.7571958486305,89.75828552246094,1970100,0.0,0.0,0.0
2021-05-12 00:00:00-04:00,89.12550183244126,89.43715699794694,87.58608253667086,87.7655258178711,2804500,0.0,0.0,0.0
2021-05-13 00:00:00-04:00,88.15271819817188,89.16326092179041,88.00161378700734,88.74771118164062,2810800,0.0,0.0,0.0
2021-05-14 00:00:00-04:00,89.3899480496874,90.438261787615,89.3899480496874,90.26826477050781,1445000,0.0,0.0,0.0
2021-05-17 00:00:00-04:00,89.93772040276839,90.15493441839442,89.52217052188256,90.00382995605469,1351700,0.0,0.0,0.0
2021-05-18 00:00:00-04:00,90.10770645608228,90.28714253292765,89.31438470782902,89.37104797363281,1259000,0.0,0.0,0.0
2021-05-19 00:00:00-04:00,88.21884985126285,89.10660552978516,87.83163167239485,89.10660552978516,5529500,0.0,0.0,0.0
2021-05-20 00:00:00-04:00,89.29551046411115,90.32493168308959,89.22940091064832,90.06049346923828,1315700,0.0,0.0,0.0
2021-05-21 00:00:00-04:00,90.48545656129446,90.7404556270463,89.89991702811396,90.02268981933594,1398900,0.0,0.0,0.0
2021-05-24 00:00:00-04:00,90.5515796450922,91.17490438317691,90.45713846806723,90.87268829345703,855100,0.0,0.0,0.0
2021-05-25 00:00:00-04:00,91.17489350794081,91.27878095189669,90.53268349321316,90.59879302978516,1903000,0.0,0.0,0.0
2021-05-26 00:00:00-04:00,90.79712686035289,91.08045757932396,90.64602242752795,90.97657012939453,1062200,0.0,0.0,0.0
2021-05-27 00:00:00-04:00,91.26936032071642,91.3921331501643,91.14658749126855,91.17491912841797,963600,0.0,0.0,0.0
2021-05-28 00:00:00-04:00,91.54321538144886,91.58099328729891,91.27877724589726,91.34488677978516,860900,0.0,0.0,0.0
2021-06-01 00:00:00-04:00,91.91157452333373,91.96823780010315,91.19380846084827,91.38269805908203,1619300,0.0,0.0,0.0
2021-06-02 00:00:00-04:00,91.51489626814268,91.61878372208733,91.23156553822096,91.48656463623047,1437600,0.0,0.0,0.0
2021-06-03 00:00:00-04:00,90.98602252677158,91.29768492219985,90.47603868658057,91.05213928222656,1163200,0.0,0.0,0.0
2021-06-04 00:00:00-04:00,91.51489492725112,91.91155217900982,91.38267584333155,91.85488891601562,966900,0.0,0.0,0.0
2021-06-07 00:00:00-04:00,91.8643300004237,91.97766373429255,91.70377928149271,91.95877838134766,1112000,0.0,0.0,0.0
2021-06-08 00:00:00-04:00,92.1476638349539,92.23266593956747,91.56211699834958,92.05322265625,989500,0.0,0.0,0.0
2021-06-09 00:00:00-04:00,92.28932626605543,92.30821161903464,91.82655946136657,91.83599853515625,796900,0.0,0.0,0.0
2021-06-10 00:00:00-04:00,92.14462988251715,92.4665125099389,91.7754081755666,92.25823211669922,1004500,0.236,0.0,0.0
2021-06-11 00:00:00-04:00,92.40971083255232,92.54225158691406,92.16356062176793,92.54225158691406,605800,0.0,0.0,0.0
2021-06-14 00:00:00-04:00,92.5517207050506,92.6558609008789,92.26770067589533,92.6558609008789,1016700,0.0,0.0,0.0
2021-06-15 00:00:00-04:00,92.72213671564747,92.72213671564747,92.1919664449944,92.39077758789062,4826000,0.0,0.0,0.0
2021-06-16 00:00:00-04:00,92.48545848645121,92.48545848645121,91.41565587546728,91.98369598388672,1245700,0.0,0.0,0.0
2021-06-17 00:00:00-04:00,91.87956604975976,92.11624704708224,91.24525548750809,91.90796661376953,1176800,0.0,0.0,0.0
2021-06-18 00:00:00-04:00,91.2452307501057,91.33990890171127,90.65826665855292,90.69613647460938,2589000,0.0,0.0,0.0
2021-06-21 00:00:00-04:00,91.10324090961895,92.01209495528832,90.87602198100419,91.99315643310547,1137200,0.0,0.0,0.0
2021-06-22 00:00:00-04:00,91.97422413117818,92.6747977627782,91.75647446602868,92.44758605957031,1107400,0.0,0.0,0.0
2021-06-23 00:00:00-04:00,92.58012563773694,92.76000547956312,92.4570541381836,92.4570541381836,878300,0.0,0.0,0.0
2021-06-24 00:00:00-04:00,92.9398825833818,93.16710151757844,92.92095128366378,93.03455352783203,892800,0.0,0.0,0.0
2021-06-25 00:00:00-04:00,93.26176805474248,93.50791105409505,93.1860284135895,93.40377807617188,1245200,0.0,0.0,0.0
2021-06-28 00:00:00-04:00,93.59312466962375,93.62152523075397,93.1671018068101,93.53632354736328,794200,0.0,0.0,0.0
2021-06-29 00:00:00-04:00,93.687772422774,93.79191260309258,93.43216021294641,93.59310150146484,855700,0.0,0.0,0.0
2021-06-30 00:00:00-04:00,93.48897434318724,93.70672399316408,93.42270396674722,93.49844360351562,1130100,0.0,0.0,0.0
2021-07-01 00:00:00-04:00,93.78246734170453,94.1043572240368,93.69726565760286,94.08541870117188,1745300,0.0,0.0,0.0
2021-07-02 00:00:00-04:00,94.35051653576231,94.67239922612433,94.21796853174935,94.57772827148438,1399400,0.0,0.0,0.0
2021-07-06 00:00:00-04:00,94.67239587269884,94.72919699888467,93.71620265196402,94.32210540771484,2003200,0.0,0.0,0.0
2021-07-07 00:00:00-04:00,94.5398495104718,94.64398971761314,93.87714566769067,94.53038024902344,1513400,0.0,0.0,0.0
2021-07-08 00:00:00-04:00,93.11028779936312,93.95287143532757,92.85467554180534,93.68778991699219,3237400,0.0,0.0,0.0
2021-07-09 00:00:00-04:00,94.09487996367514,94.88066246837707,94.07594866534971,94.81439208984375,2396400,0.0,0.0,0.0
2021-07-12 00:00:00-04:00,94.87119984959881,95.13628138229022,94.69131999973104,95.0984115600586,2185700,0.0,0.0,0.0
2021-07-13 00:00:00-04:00,94.90906728510494,95.12681695172849,94.52090703418943,94.55877685546875,1087800,0.0,0.0,0.0
2021-07-14 00:00:00-04:00,94.93746324342167,95.1078738194533,94.26529019988848,94.48303985595703,976700,0.0,0.0,0.0
2021-07-15 00:00:00-04:00,94.22741844822411,94.37889772289246,93.61204653501039,94.16114807128906,1120600,0.0,0.0,0.0
2021-07-16 00:00:00-04:00,94.53985391927569,94.54932318116563,93.30910989908132,93.38484954833984,1061800,0.0,0.0,0.0
2021-07-19 00:00:00-04:00,92.27718646882212,92.36238815907592,91.48193457846656,92.14464569091797,3369700,0.0,0.0,0.0
2021-07-20 00:00:00-04:00,92.17301601304237,93.95285389161101,92.12567694092363,93.59310150146484,9559600,0.0,0.0,0.0
2021-07-21 00:00:00-04:00,93.88658889628292,94.51143001394574,93.86765760010921,94.50196075439453,1367500,0.0,0.0,0.0
2021-07-22 00:00:00-04:00,94.48304194366489,94.64398326265939,94.15168282194367,94.52090454101562,8678200,0.0,0.0,0.0
2021-07-23 00:00:00-04:00,94.99426655939854,95.56230664126873,94.84279450104826,95.4676284790039,993700,0.0,0.0,0.0
2021-07-26 00:00:00-04:00,95.42977071138539,95.69485224411162,95.31616124467554,95.656982421875,989400,0.0,0.0,0.0
2021-07-27 00:00:00-04:00,95.4676346121291,95.59071334180844,94.47357885085454,95.145751953125,1517500,0.0,0.0,0.0
2021-07-28 00:00:00-04:00,95.30666996208768,95.68536087402447,95.05105774971418,95.3161392211914,1385700,0.0,0.0,0.0
2021-07-29 00:00:00-04:00,95.56230358126564,96.06406604431163,95.56230358126564,95.71377563476562,686700,0.0,0.0,0.0
2021-07-30 00:00:00-04:00,95.16468297276883,95.70431530528008,95.08895055041629,95.20255279541016,1109400,0.0,0.0,0.0
2021-08-02 00:00:00-04:00,95.69485502130281,95.80845726837948,95.00374338555527,95.07948303222656,1691900,0.0,0.0,0.0
2021-08-03 00:00:00-04:00,95.30669300842978,95.76112365722656,94.61558860823627,95.76112365722656,1400000,0.0,0.0,0.0
2021-08-04 00:00:00-04:00,95.42978068656515,95.61912259460988,95.23096229330814,95.2499008178711,850100,0.0,0.0,0.0
2021-08-05 00:00:00-04:00,95.56230813474234,95.9883309798733,95.43922941104644,95.95993041992188,675900,0.0,0.0,0.0
2021-08-06 00:00:00-04:00,96.13980247999015,96.31021304883197,95.94098413056703,96.07353210449219,1108200,0.0,0.0,0.0
2021-08-09 00:00:00-04:00,96.1019364844234,96.18713816076844,95.78004663139554,95.98832702636719,733900,0.0,0.0,0.0
2021-08-10 00:00:00-04:00,96.11140983966497,96.28182043535125,95.96940702903503,96.01673889160156,3788700,0.0,0.0,0.0
2021-08-11 00:00:00-04:00,96.25340915733752,96.37648787675492,95.93152652517102,96.26287841796875,805800,0.0,0.0,0.0
2021-08-12 00:00:00-04:00,96.31968658338072,96.57530607862029,96.0735435723953,96.54690551757812,1575400,0.0,0.0,0.0
2021-08-13 00:00:00-04:00,96.70784011104281,96.70784011104281,96.47115915493303,96.59423065185547,603300,0.0,0.0,0.0
2021-08-16 00:00:00-04:00,96.31967973137697,96.70783996582031,95.86525634116913,96.70783996582031,1208700,0.0,0.0,0.0
2021-08-17 00:00:00-04:00,96.10194926826176,96.19662021777067,95.24042701499057,95.95046997070312,1349400,0.0,0.0,0.0
2021-08-18 00:00:00-04:00,95.71377361561869,96.08299531546467,94.92799113730885,95.00373077392578,1362200,0.0,0.0,0.0
2021-08-19 00:00:00-04:00,94.3031638677144,95.25935698463107,94.20849292670667,94.95640563964844,1108700,0.0,0.0,0.0
2021-08-20 00:00:00-04:00,95.11734719108686,95.84632138382756,94.89959752560702,95.78952026367188,917600,0.0,0.0,0.0
2021-08-23 00:00:00-04:00,96.24395580553544,96.91612891242492,96.22501728256378,96.75518035888672,863900,0.0,0.0,0.0
2021-08-24 00:00:00-04:00,96.95398566687277,97.17172809118551,96.8687767708462,97.02025604248047,1061000,0.0,0.0,0.0
2021-08-25 00:00:00-04:00,97.15280594270423,97.4557572915729,97.00132665680496,97.34214782714844,1129700,0.0,0.0,0.0
2021-08-26 00:00:00-04:00,97.23800669126202,97.33267763257618,96.66997382044727,96.73624420166016,1275800,0.0,0.0,0.0
2021-08-27 00:00:00-04:00,96.95400645788304,97.8439220893174,96.95400645788304,97.75872039794922,834800,0.0,0.0,0.0
2021-08-30 00:00:00-04:00,97.95751661364228,98.27939925135925,97.78710603398928,98.09005737304688,954700,0.0,0.0,0.0
2021-08-31 00:00:00-04:00,98.09952218967054,98.15632330600506,97.75870104580463,97.90071105957031,1099700,0.0,0.0,0.0
2021-09-01 00:00:00-04:00,98.11845148279814,98.34566316642344,97.94804091434688,98.08058166503906,795900,0.0,0.0,0.0
2021-09-02 00:00:00-04:00,98.3835474130151,98.5255574447064,98.11846587275413,98.42141723632812,704700,0.0,0.0,0.0
2021-09-03 00:00:00-04:00,98.19420580011227,98.45928734113109,98.09953485302415,98.36461639404297,1367500,0.0,0.0,0.0
2021-09-07 00:00:00-04:00,98.36460369647082,98.38353499427255,97.8344334599409,97.90071105957031,1477100,0.0,0.0,0.0
2021-09-08 00:00:00-04:00,97.81552299629894,97.92913247609555,97.22855151841283,97.69245147705078,927400,0.0,0.0,0.0
2021-09-09 00:00:00-04:00,97.57882879416863,98.08059128858265,97.28534670640116,97.34214782714844,952200,0.0,0.0,0.0
2021-09-10 00:00:00-04:00,97.7965779567295,97.86284833823561,96.5184949630787,96.56583404541016,996800,0.0,0.0,0.0
2021-09-13 00:00:00-04:00,97.22853108275301,97.34214053867098,96.27234524809522,96.78357696533203,972600,0.0,0.0,0.0
2021-09-14 00:00:00-04:00,97.04865497115287,97.28533591191166,95.97885249624854,96.13980102539062,1547400,0.0,0.0,0.0
2021-09-15 00:00:00-04:00,96.31021163200005,97.11492538633121,96.01672235374441,97.02971649169922,1020600,0.0,0.0,0.0
2021-09-16 00:00:00-04:00,96.944522996153,97.18120395697225,96.25341141247169,96.91612243652344,774000,0.0,0.0,0.0
2021-09-17 00:00:00-04:00,96.80253270435334,96.89720366338994,95.96941815272758,96.15876007080078,1842400,0.0,0.0,0.0
2021-09-20 00:00:00-04:00,94.64397471235105,94.96585732126061,93.28069019713638,94.47356414794922,2883300,0.0,0.0,0.0
2021-09-21 00:00:00-04:00,95.03214542422735,95.27829566826934,94.2085002284001,94.45464324951172,1551300,0.0,0.0,0.0
2021-09-22 00:00:00-04:00,94.98479720168194,95.88418189045079,94.78598607752028,95.41082000732422,1373600,0.0,0.0,0.0
2021-09-23 00:00:00-04:00,95.88418778352613,96.93505180648792,95.77058554726835,96.59423065185547,1118000,0.0,0.0,0.0
2021-09-24 00:00:00-04:00,96.19231269956418,96.82891294279167,96.13530653560488,96.61988067626953,1258900,0.367,0.0,0.0
2021-09-27 00:00:00-04:00,96.41087129186499,96.7814259435548,96.22083861855916,96.4583740234375,1182700,0.0,0.0,0.0
2021-09-28 00:00:00-04:00,95.84076720304667,95.9167730070533,94.33954202660907,94.40605163574219,2479300,0.0,0.0,0.0
2021-09-29 00:00:00-04:00,94.84311754468462,95.14716251326068,94.41555679946958,94.52007293701172,1649600,0.0,0.0,0.0
2021-09-30 00:00:00-04:00,94.90013449146595,95.04265717239589,93.44641909379072,93.47492218017578,2736900,0.0,0.0,0.0
2021-10-01 00:00:00-04:00,93.93098705972044,95.00464431981567,93.06635483554318,94.6720962524414,4090100,0.0,0.0,0.0
2021-10-04 00:00:00-04:00,94.31104441674007,94.50106981128917,92.84782568189877,93.3418960571289,3304200,0.0,0.0,0.0
2021-10-05 00:00:00-04:00,93.62693601849053,94.72909629175658,93.46541371750386,94.21602630615234,2037500,0.0,0.0,0.0
2021-10-06 00:00:00-04:00,93.41791563567314,94.64359908838595,93.02836137495306,94.5580825805664,3236900,0.0,0.0,0.0
2021-10-07 00:00:00-04:00,95.35619004005842,96.13530568630108,95.3371831529042,95.47970581054688,1172700,0.0,0.0,0.0
2021-10-08 00:00:00-04:00,95.72675651543585,95.81226577126252,95.14716961815158,95.22318267822266,1075800,0.0,0.0,0.0
2021-10-11 00:00:00-04:00,95.17568195766236,95.80277889071681,94.58659880734406,94.60559844970703,1234200,0.0,0.0,0.0
2021-10-12 00:00:00-04:00,94.8431147533618,95.01414049621513,94.35854060711009,94.51056671142578,1551500,0.0,0.0,0.0
2021-10-13 00:00:00-04:00,94.80511195123614,95.13766000623468,94.14951203637906,94.95713806152344,2026300,0.0,0.0,0.0
2021-10-14 00:00:00-04:00,95.85975365778339,96.59136650662953,95.75523753651966,96.55335998535156,2446400,0.0,0.0,0.0
2021-10-15 00:00:00-04:00,97.0759561841179,97.31349156124396,96.93343350804138,97.09496307373047,1371300,0.0,0.0,0.0
2021-10-18 00:00:00-04:00,96.80042170934976,97.52253134097961,96.61039629266006,97.47502136230469,1123900,0.0,0.0,0.0
2021-10-19 00:00:00-04:00,97.86456155062865,98.19710958182526,97.69353581329848,98.13059997558594,1326900,0.0,0.0,0.0
2021-10-20 00:00:00-04:00,98.19711780820802,98.64368545137005,98.19711780820802,98.53916931152344,2832300,0.0,0.0,0.0
2021-10-21 00:00:00-04:00,98.45365410992511,98.90971792077973,98.29212456328567,98.84320831298828,1673800,0.0,0.0,0.0
2021-10-22 00:00:00-04:00,98.72920088661535,99.04274205376866,98.20662019301992,98.64368438720703,1392300,0.0,0.0,0.0
2021-10-25 00:00:00-04:00,98.94773961172213,99.33730112349492,98.52967501352782,99.19477844238281,1430700,0.0,0.0,0.0
2021-10-26 00:00:00-04:00,99.6318353539597,99.85986727756459,99.11875808909559,99.22327423095703,1604000,0.0,0.0,0.0
2021-10-27 00:00:00-04:00,99.28027781190252,99.40380083943055,98.48216247558594,98.48216247558594,1567700,0.0,0.0,0.0
2021-10-28 00:00:00-04:00,98.87171195131103,99.60332489013672,98.77669926093205,99.60332489013672,1230700,0.0,0.0,0.0
2021-10-29 00:00:00-04:00,99.06174352949678,99.83135573710146,99.05224008585868,99.70783996582031,1377800,0.0,0.0,0.0
2021-11-01 00:00:00-04:00,100.06890310557246,100.2494323113643,99.66984541287887,100.21142578125,1550300,0.0,0.0,0.0
2021-11-02 00:00:00-04:00,100.2969338977718,100.58197924588845,100.16391466838517,100.50596618652344,1540500,0.0,0.0,0.0
2021-11-03 00:00:00-04:00,100.43945943006726,101.35159442139143,100.32543983777504,101.27558135986328,1276000,0.0,0.0,0.0
2021-11-04 00:00:00-04:00,101.46560351716273,101.80765500964995,101.26607468804582,101.61762237548828,1183900,0.0,0.0,0.0
2021-11-05 00:00:00-04:00,102.14021860791941,102.52978013050452,101.63664473648393,101.99769592285156,1497600,0.0,0.0,0.0
2021-11-08 00:00:00-05:00,102.39673134098683,102.57726051935587,102.07368675759308,102.2162094116211,1289600,0.0,0.0,0.0
2021-11-09 00:00:00-05:00,102.27322048364296,102.37773661834764,101.51310445833683,101.85515594482422,4316100,0.0,0.0,0.0
2021-11-10 00:00:00-05:00,101.4656165785601,101.84567464680352,100.49646814208916,100.905029296875,1885100,0.0,0.0,0.0
2021-11-11 00:00:00-05:00,101.32308063952311,101.32308063952311,101.00953223057226,101.04753875732422,934100,0.0,0.0,0.0
2021-11-12 00:00:00-05:00,101.342102924746,101.8836833274895,101.11406372958724,101.77916717529297,1090000,0.0,0.0,0.0
2021-11-15 00:00:00-05:00,102.0737076954757,102.09270733704187,101.48461732085754,101.72215270996094,1239100,0.0,0.0,0.0
2021-11-16 00:00:00-05:00,101.76017357873725,102.4252771113338,101.68416050375379,102.20674133300781,1788500,0.0,0.0,0.0
2021-11-17 00:00:00-05:00,102.15921800254782,102.15921800254782,101.62714104518713,101.77916717529297,2738100,0.0,0.0,0.0
2021-11-18 00:00:00-05:00,102.01669206732667,102.05469859594152,101.24707254863324,101.95967864990234,2282800,0.0,0.0,0.0
2021-11-19 00:00:00-05:00,101.893177484217,102.14971976138403,101.59863592428903,101.63664245605469,1526200,0.0,0.0,0.0
2021-11-22 00:00:00-05:00,102.11171656508176,102.5392773756534,101.13307189941406,101.13307189941406,1757500,0.0,0.0,0.0
2021-11-23 00:00:00-05:00,101.08555044976507,101.50361501639686,100.2969312896202,101.22807312011719,7136800,0.0,0.0,0.0
2021-11-24 00:00:00-05:00,100.8005157194298,101.5226253426209,100.45847142318654,101.45611572265625,1233900,0.0,0.0,0.0
2021-11-26 00:00:00-05:00,99.8693777334772,100.23042890861672,98.87172621803255,99.16627502441406,2360700,0.0,0.0,0.0
2021-11-29 00:00:00-05:00,100.31593774190769,100.72449886233692,99.58432475348592,100.2779312133789,2262300,0.0,0.0,0.0
2021-11-30 00:00:00-05:00,99.78385377880169,100.06889911880049,98.13060965421936,98.27313232421875,3553500,0.0,0.0,0.0
2021-12-01 00:00:00-05:00,99.57482414624891,100.13540410695155,96.79090948364872,96.84791564941406,3278300,0.0,0.0,0.0
2021-12-02 00:00:00-05:00,96.98094953727421,98.80521960772457,96.86692993949424,98.47267150878906,3158600,0.0,0.0,0.0
2021-12-03 00:00:00-05:00,98.74820892959622,99.04275048250484,96.42036509421192,97.39900970458984,5061200,0.0,0.0,0.0
2021-12-06 00:00:00-05:00,97.80755429364348,99.01423063591544,97.2184640385403,98.586669921875,2670000,0.0,0.0,0.0
2021-12-07 00:00:00-05:00,99.86935553935062,100.91450955007112,99.76483941337827,100.68647766113281,1953000,0.0,0.0,0.0
2021-12-08 00:00:00-05:00,100.86703237820366,101.20907667373413,100.4774708556476,101.07605743408203,1537600,0.0,0.0,0.0
2021-12-09 00:00:00-05:00,100.8195168425656,100.9715357156431,100.1069107055664,100.1069107055664,1744000,0.0,0.0,0.0
2021-12-10 00:00:00-05:00,100.71498971480777,100.97152470659518,100.02138329419134,100.80049896240234,1393700,0.0,0.0,0.0
2021-12-13 00:00:00-05:00,100.74997284570772,100.80718417498923,99.82513515914037,99.86327362060547,1998900,0.367,0.0,0.0
2021-12-14 00:00:00-05:00,99.14819512197815,99.70119190914849,98.52845784491952,99.22447204589844,2316400,0.0,0.0,0.0
2021-12-15 00:00:00-05:00,99.17679168218979,100.74996859901769,98.47124836024403,100.71183013916016,5587100,0.0,0.0,0.0
2021-12-16 00:00:00-05:00,101.17901827335298,101.25528791698335,99.22446408125074,99.55816650390625,3047200,0.0,0.0,0.0
2021-12-17 00:00:00-05:00,99.01472297564709,99.83468179552196,98.25197549090038,98.93844604492188,2409100,0.0,0.0,0.0
2021-12-20 00:00:00-05:00,97.67990288111241,97.88013163685646,96.86948052020998,97.75617980957031,4111700,0.0,0.0,0.0
2021-12-21 00:00:00-05:00,98.60473785104315,99.72979705444727,98.1947584648662,99.72026062011719,1976800,0.0,0.0,0.0
2021-12-22 00:00:00-05:00,99.62492376487927,100.6737061016219,99.5867852995581,100.66417694091797,1795700,0.0,0.0,0.0
2021-12-23 00:00:00-05:00,100.93113023706138,101.62713716530561,100.75951079497126,101.32203674316406,1211400,0.0,0.0,0.0
2021-12-27 00:00:00-05:00,101.56992333908823,102.62824191781387,101.55085774698678,102.59963989257812,1557300,0.0,0.0,0.0
2021-12-28 00:00:00-05:00,102.72359565059104,102.99055761418342,102.27547780848899,102.40896606445312,1426400,0.0,0.0,0.0
2021-12-29 00:00:00-05:00,102.48523773918095,102.74267054784863,102.14199884373609,102.50431060791016,1327100,0.0,0.0,0.0
2021-12-30 00:00:00-05:00,102.54245204555609,102.96196060558182,102.25641719966593,102.2945556640625,1360100,0.0,0.0,0.0
2021-12-31 00:00:00-05:00,102.29454927844017,102.5329092104132,101.99898529052734,101.99898529052734,1564100,0.0,0.0,0.0
2022-01-03 00:00:00-05:00,102.42803596177185,102.65685947244022,101.77016018516102,102.61872100830078,2268400,0.0,0.0,0.0
2022-01-04 00:00:00-05:00,102.92381765122859,103.11450996489269,101.98945077386244,102.44709777832031,1827400,0.0,0.0,0.0
2022-01-05 00:00:00-05:00,102.39943602646598,102.54245345137177,100.22559444523681,100.26373291015625,2639900,0.0,0.0,0.0
2022-01-06 00:00:00-05:00,100.20652157569289,100.9120649912815,99.5486530597957,100.26373291015625,2545500,0.0,0.0,0.0
2022-01-07 00:00:00-05:00,100.22559130576305,100.60696139467457,99.44377098482538,99.77747344970703,1912700,0.0,0.0,0.0
2022-01-10 00:00:00-05:00,99.09099215170446,99.65351810490165,97.62269408390836,99.62491607666016,3401700,0.0,0.0,0.0
2022-01-11 00:00:00-05:00,99.63444452877376,100.63555908203125,98.93843037592957,100.63555908203125,3424500,0.0,0.0,0.0
2022-01-12 00:00:00-05:00,101.05508519478704,101.34112005246341,100.2828012628969,100.74998474121094,1789700,0.0,0.0,0.0
2022-01-13 00:00:00-05:00,101.0264746545872,101.18855766567319,99.10052956751326,99.31028747558594,2658400,0.0,0.0,0.0
2022-01-14 00:00:00-05:00,98.59520061553822,99.38655002008718,98.18522126294022,99.3484115600586,2053900,0.0,0.0,0.0
2022-01-18 00:00:00-05:00,98.29963257019077,98.43311354755417,97.15550782874213,97.41293334960938,4908000,0.0,0.0,0.0
2022-01-19 00:00:00-05:00,97.77526071589163,98.09942677723174,96.30696245614023,96.38323211669922,2930300,0.0,0.0,0.0
2022-01-20 00:00:00-05:00,96.83134115191292,97.98500240593646,95.12468308298509,95.27723693847656,3317700,0.0,0.0,0.0
2022-01-21 00:00:00-05:00,94.92444982549955,95.52512146425848,93.32267091242126,93.35128021240234,6957400,0.0,0.0,0.0
2022-01-24 00:00:00-05:00,91.92112580319325,94.02822668642443,89.6233326137301,93.94241333007812,12623900,0.0,0.0,0.0
2022-01-25 00:00:00-05:00,92.49318250347505,93.82799946860014,91.13929267181213,92.6457290649414,6914700,0.0,0.0,0.0
2022-01-26 00:00:00-05:00,94.05684545366778,94.70518486190983,91.30140478718133,92.25484466552734,6695600,0.0,0.0,0.0
2022-01-27 00:00:00-05:00,93.28454067471066,93.99962047974677,91.24418021294105,91.6446304321289,8452900,0.0,0.0,0.0
2022-01-28 00:00:00-05:00,91.86391335349025,93.88520812988281,90.82466757533385,93.88520812988281,4421000,0.0,0.0,0.0
2022-01-31 00:00:00-05:00,93.80894583309252,95.95418548583984,93.53244740494928,95.95418548583984,3615000,0.0,0.0,0.0
2022-02-01 00:00:00-05:00,96.15439976674237,96.75507147991544,95.1532923684009,96.66925811767578,3269400,0.0,0.0,0.0
2022-02-02 00:00:00-05:00,97.17457725770753,97.38433516589124,96.35461849344465,97.24131774902344,3247100,0.0,0.0,0.0
2022-02-03 00:00:00-05:00,95.81115975554275,96.33555453490618,94.72423900756044,94.88632202148438,2843700,0.0,0.0,0.0
2022-02-04 00:00:00-05:00,94.94353265489816,96.34509026018276,94.38099941625157,95.54419708251953,2641200,0.0,0.0,0.0
2022-02-07 00:00:00-05:00,95.68722456534302,96.09720399454079,95.03888517205742,95.30584716796875,2652700,0.0,0.0,0.0
2022-02-08 00:00:00-05:00,95.14374558832118,96.39274922889307,94.89584923723413,96.1925277709961,1896700,0.0,0.0,0.0
2022-02-09 00:00:00-05:00,97.07923699593834,97.76571479353704,97.07923699593834,97.68943786621094,3593500,0.0,0.0,0.0
2022-02-10 00:00:00-05:00,96.5071619910609,97.98498907570254,95.58232437192464,96.0685806274414,2887700,0.0,0.0,0.0
2022-02-11 00:00:00-05:00,96.08766639095253,96.59298834480784,93.84708421060245,94.20938873291016,3651600,0.0,0.0,0.0
2022-02-14 00:00:00-05:00,94.13310448787615,94.47633608657083,93.10338786928932,93.88520812988281,3199300,0.0,0.0,0.0
2022-02-15 00:00:00-05:00,94.85771233433101,95.61093055925812,94.85771233433101,95.56326293945312,2033300,0.0,0.0,0.0
2022-02-16 00:00:00-05:00,95.12467542339138,95.91603211815362,94.62888998130194,95.62046813964844,1984400,0.0,0.0,0.0
2022-02-17 00:00:00-05:00,94.9244524728901,94.99119295970608,93.32267351513907,93.47522735595703,1802800,0.0,0.0,0.0
2022-02-18 00:00:00-05:00,93.51336500066557,93.84706743183538,92.26435408090511,92.7506103515625,2622400,0.0,0.0,0.0
2022-02-22 00:00:00-05:00,92.19762136659111,93.04618216631091,90.92001558693855,91.72090148925781,4622100,0.0,0.0,0.0
2022-02-23 00:00:00-05:00,92.38831405325233,92.48365657426847,89.88076283293603,89.99517822265625,5262500,0.0,0.0,0.0
2022-02-24 00:00:00-05:00,87.53529207414276,91.69228953650507,87.47808802278782,91.60648345947266,7147000,0.0,0.0,0.0
2022-02-25 00:00:00-05:00,91.79717489585265,93.63731384277344,91.39673196004632,93.63731384277344,3674800,0.0,0.0,0.0
2022-02-28 00:00:00-05:00,92.53132498072401,93.89474403069752,92.27389219045462,93.51336669921875,2989000,0.0,0.0,0.0
2022-03-01 00:00:00-05:00,93.25594747616121,93.6468612981946,91.44441761788235,92.04508209228516,3802900,0.0,0.0,0.0
2022-03-02 00:00:00-05:00,92.55992435307282,94.11402838713167,92.35970289647632,93.7421875,4743600,0.0,0.0,0.0
2022-03-03 00:00:00-05:00,94.22844355966639,94.33332250444026,92.66480309561435,93.0366439819336,2650200,0.0,0.0,0.0
2022-03-04 00:00:00-05:00,92.34063991340007,92.3978512458137,91.24418272729676,92.11181640625,2592000,0.0,0.0,0.0
2022-03-07 00:00:00-05:00,92.00692955862039,92.11180850585376,89.29916434611216,89.33729553222656,3930000,0.0,0.0,0.0
2022-03-08 00:00:00-05:00,89.35637291598047,91.10116937268951,88.47921010766271,88.84151458740234,4613600,0.0,0.0,0.0
2022-03-09 00:00:00-05:00,90.61491325680254,91.70183397240328,90.29073996444433,91.27278900146484,2853700,0.0,0.0,0.0
2022-03-10 00:00:00-05:00,90.26213680983176,91.04395709154507,89.75681492062493,90.88187408447266,3478000,0.0,0.0,0.0
2022-03-11 00:00:00-05:00,91.33953871875384,91.60650070756478,89.51846514995712,89.61380767822266,3138800,0.0,0.0,0.0
2022-03-14 00:00:00-04:00,89.64241379066475,90.3956321643428,88.47922325419594,88.7557144165039,3283400,0.0,0.0,0.0
2022-03-15 00:00:00-04:00,89.25150924216379,90.7579460235713,89.03221486546,90.59585571289062,2660900,0.0,0.0,0.0
2022-03-16 00:00:00-04:00,91.49208070405119,92.87457275390625,90.47190042720489,92.87457275390625,2512500,0.0,0.0,0.0
2022-03-17 00:00:00-04:00,92.51226473687623,94.10450749333529,92.38832017875431,94.09497833251953,2681100,0.0,0.0,0.0
2022-03-18 00:00:00-04:00,93.81846743034463,95.32490389404431,93.66591358756449,95.26769256591797,1712800,0.0,0.0,0.0
2022-03-21 00:00:00-04:00,95.27722493348229,95.66813140913035,94.33332171260787,95.0770034790039,1454800,0.0,0.0,0.0
2022-03-22 00:00:00-04:00,95.3821142039128,96.47857137976466,95.28677168300571,96.24974060058594,1563500,0.0,0.0,0.0
2022-03-23 00:00:00-04:00,95.69673803596638,96.07810806765299,94.96258544921875,94.96258544921875,1911500,0.0,0.0,0.0
2022-03-24 00:00:00-04:00,95.41696795654336,96.3830966930721,95.17782768597559,96.34483337402344,1218300,0.325,0.0,0.0
2022-03-25 00:00:00-04:00,96.50744177364894,96.81354101145904,95.82828431781967,96.74658203125,1586000,0.0,0.0,0.0
2022-03-28 00:00:00-04:00,96.64135913884203,97.40661087764478,96.09611964678905,97.35877990722656,3372700,0.0,0.0,0.0
2022-03-29 00:00:00-04:00,98.17185722951172,98.98493995456042,97.7987990065282,98.82231903076172,1360000,0.0,0.0,0.0
2022-03-30 00:00:00-04:00,98.57361358688327,98.74579485813473,97.57878927498385,98.01880645751953,1368800,0.0,0.0,0.0
2022-03-31 00:00:00-04:00,97.8275110764288,98.12405001215909,96.49789158732636,96.55529022216797,1530700,0.0,0.0,0.0
2022-04-01 00:00:00-04:00,96.91875228667983,97.03354222454735,96.13437262287017,96.96658325195312,1602200,0.0,0.0,0.0
2022-04-04 00:00:00-04:00,97.11965792329971,97.75099182128906,96.89008527765941,97.75099182128906,2798500,0.0,0.0,0.0
2022-04-05 00:00:00-04:00,97.5118309427877,97.90401715891305,96.08654979433224,96.3543930053711,1181200,0.0,0.0,0.0
2022-04-06 00:00:00-04:00,95.4743697890626,95.78046907714344,94.59433524807807,95.2352294921875,1979500,0.0,0.0,0.0
2022-04-07 00:00:00-04:00,95.07259913664357,96.01959250243785,94.44127265877452,95.57001495361328,1435100,0.0,0.0,0.0
2022-04-08 00:00:00-04:00,95.49348789156349,95.98132875473125,94.93868075127476,95.27347564697266,1056000,0.0,0.0,0.0
2022-04-11 00:00:00-04:00,94.59431585182793,94.81432809095263,93.72384914463986,93.81950378417969,1799200,0.0,0.0,0.0
2022-04-12 00:00:00-04:00,94.5943300466081,95.16826526795278,93.17862365382341,93.5421142578125,1484100,0.0,0.0,0.0
2022-04-13 00:00:00-04:00,93.5516896247037,94.90043714115106,93.52298665798533,94.73782348632812,1323200,0.0,0.0,0.0
2022-04-14 00:00:00-04:00,94.80475727299171,95.10128883506124,93.56122510653972,93.58036041259766,1029100,0.0,0.0,0.0
2022-04-18 00:00:00-04:00,93.35078010873607,93.86732390026746,92.97772192007133,93.43687438964844,1590400,0.0,0.0,0.0
2022-04-19 00:00:00-04:00,93.42731477325383,95.26391021358383,93.42731477325383,95.08216857910156,1563500,0.0,0.0,0.0
2022-04-20 00:00:00-04:00,95.48392741399945,95.65610870158157,94.78563460936586,94.98651885986328,1137100,0.0,0.0,0.0
2022-04-21 00:00:00-04:00,95.8091589486475,96.1343862049165,93.18817639856364,93.38905334472656,1212200,0.0,0.0,0.0
2022-04-22 00:00:00-04:00,93.22643009669294,93.23599774970819,90.77763637941527,90.873291015625,2564600,0.0,0.0,0.0
2022-04-25 00:00:00-04:00,90.37589178858538,91.49506647267143,89.40019542452445,91.43766784667969,3047700,0.0,0.0,0.0
2022-04-26 00:00:00-04:00,90.88288139558522,90.94027273206663,88.75931436997962,88.7784423828125,2531700,0.0,0.0,0.0
2022-04-27 00:00:00-04:00,88.9314956665039,90.08893383929475,88.46278272333667,88.9314956665039,2730400,0.0,0.0,0.0
2022-04-28 00:00:00-04:00,90.01238251469984,91.51418289057705,88.85494465922588,91.0645980834961,1966800,0.0,0.0,0.0
2022-04-29 00:00:00-04:00,90.31849304698713,90.88286786429639,87.68795014616228,87.84100341796875,2791500,0.0,0.0,0.0
2022-05-02 00:00:00-04:00,87.71663841243694,88.70190234613884,86.3965868953519,88.4340591430664,7160700,0.0,0.0,0.0
2022-05-03 00:00:00-04:00,88.44363831599308,89.3332404297632,88.18537003043879,88.80712890625,2953700,0.0,0.0,0.0
2022-05-04 00:00:00-04:00,89.02713604819758,91.59071993731801,88.11840597584502,91.46636962890625,2957300,0.0,0.0,0.0
2022-05-05 00:00:00-04:00,90.5098049904964,90.6245876404773,87.1427061634182,88.08013916015625,2780800,0.0,0.0,0.0
2022-05-06 00:00:00-04:00,87.57317582780827,88.18537437735597,86.16702977563449,87.3722915649414,3685500,0.0,0.0,0.0
2022-05-09 00:00:00-04:00,86.09048320018393,86.25309680582446,83.9669167802358,84.311279296875,5324300,0.0,0.0,0.0
2022-05-10 00:00:00-04:00,85.66003300307672,85.9948278642998,83.4312443158221,84.47389221191406,6488700,0.0,0.0,0.0
2022-05-11 00:00:00-04:00,84.26347223305616,85.56439604315293,82.81907008197891,82.94342041015625,3919800,0.0,0.0,0.0
2022-05-12 00:00:00-04:00,82.29293848707118,83.8521375276179,81.5468221035369,83.03905487060547,4416000,0.0,0.0,0.0
2022-05-13 00:00:00-04:00,84.1104012045698,85.61220154307092,83.94778760119887,85.23914337158203,2525000,0.0,0.0,0.0
2022-05-16 00:00:00-04:00,84.93305777725817,85.66004622958077,84.41651392676435,84.81826782226562,2073700,0.0,0.0,0.0
2022-05-17 00:00:00-04:00,86.19572304143821,86.67400360107422,85.35395188375244,86.67400360107422,1712600,0.0,0.0,0.0
2022-05-18 00:00:00-04:00,85.67917190603664,85.77482655026746,82.95297440655989,83.21124267578125,2523900,0.0,0.0,0.0
2022-05-19 00:00:00-04:00,82.5320862366914,83.85214515656548,82.31208128203347,82.89558410644531,2897600,0.0,0.0,0.0
2022-05-20 00:00:00-04:00,83.74692212524967,83.7947457985487,80.91549501941732,82.90514373779297,3033700,0.0,0.0,0.0
2022-05-23 00:00:00-04:00,83.53647523194536,84.51216425660634,82.94340477508467,84.30171966552734,2052600,0.0,0.0,0.0
2022-05-24 00:00:00-04:00,83.42168546159812,83.73735234889311,82.07293822185434,83.54603576660156,2109100,0.0,0.0,0.0
2022-05-25 00:00:00-04:00,83.15383809709608,84.81825199500527,83.08687912700721,84.37823486328125,2196400,0.0,0.0,0.0
2022-05-26 00:00:00-04:00,84.64609579547647,86.51139445368602,84.64609579547647,86.13833618164062,3563100,0.0,0.0,0.0
2022-05-27 00:00:00-04:00,86.58789460772279,88.31927490234375,86.58789460772279,88.31927490234375,2644900,0.0,0.0,0.0
2022-05-31 00:00:00-04:00,87.88883624447506,88.4245154536005,87.09489603274024,87.65926361083984,2285300,0.0,0.0,0.0
2022-06-01 00:00:00-04:00,88.1662266170504,88.42450217684512,86.35832689041273,87.01835632324219,2183400,0.0,0.0,0.0
2022-06-02 00:00:00-04:00,86.94182345288783,88.79755401611328,86.60702858271334,88.79755401611328,1279400,0.0,0.0,0.0
2022-06-03 00:00:00-04:00,87.71666294682701,88.08972124726041,87.13316000553719,87.3531723022461,1308900,0.0,0.0,0.0
2022-06-06 00:00:00-04:00,88.33839960803606,88.62537080357147,87.39140633953826,87.63054656982422,1093400,0.0,0.0,0.0
2022-06-07 00:00:00-04:00,86.92270811648122,88.64451368465559,86.7600871861351,88.53929138183594,1170400,0.0,0.0,0.0
2022-06-08 00:00:00-04:00,88.13752572402971,88.56797523416816,87.39140934753325,87.57315826416016,2158500,0.0,0.0,0.0
2022-06-09 00:00:00-04:00,87.211459564585,87.57603728234972,85.4844970703125,85.4844970703125,1172400,0.273,0.0,0.0
2022-06-10 00:00:00-04:00,84.10294975499761,84.1892942355765,82.91326101063612,82.96123504638672,2592400,0.0,0.0,0.0
2022-06-13 00:00:00-04:00,80.75455059706945,81.1191356535479,79.24825830110689,79.5936508178711,8564900,0.0,0.0,0.0
2022-06-14 00:00:00-04:00,79.97742098855404,80.23646171588025,78.65342122258053,79.33460998535156,5259200,0.0,0.0,0.0
2022-06-15 00:00:00-04:00,80.05416696413492,81.53167759224306,79.03717475633086,80.50509643554688,2547000,0.0,0.0,0.0
2022-06-16 00:00:00-04:00,78.67260445160476,78.79732667718947,77.12793443715316,77.6748046875,5217300,0.0,0.0,0.0
2022-06-17 00:00:00-04:00,77.81871456813411,78.68219578285768,77.15671108354462,78.00100708007812,20576200,0.0,0.0,0.0
2022-06-21 00:00:00-04:00,79.14272289088426,80.20768195245249,79.14272289088426,79.86228942871094,3924700,0.0,0.0,0.0
2022-06-22 00:00:00-04:00,78.81651458119124,80.59144372303444,78.79732204311676,79.80471801757812,5753400,0.0,0.0,0.0
2022-06-23 00:00:00-04:00,80.20767717043748,80.74495846411882,79.41135515929875,80.60104370117188,2828800,0.0,0.0,0.0
2022-06-24 00:00:00-04:00,81.30143000942871,83.13392980843012,81.25346329436465,83.10514831542969,1961600,0.0,0.0,0.0
2022-06-27 00:00:00-04:00,83.33539760112171,83.45053087914806,82.60623481323981,82.88446807861328,6112000,0.0,0.0,0.0
2022-06-28 00:00:00-04:00,83.20107275901654,83.81510222205065,81.18628812594783,81.19587707519531,11915000,0.0,0.0,0.0
2022-06-29 00:00:00-04:00,81.25346295688885,81.4357481850712,80.59145934138826,81.04238891601562,3131100,0.0,0.0,0.0
2022-06-30 00:00:00-04:00,80.08294502563635,81.07114838507808,79.2770268448573,80.38036346435547,3402900,0.0,0.0,0.0
2022-07-01 00:00:00-04:00,80.2076736368688,81.29182512613887,79.5936441738347,81.19587707519531,1913600,0.0,0.0,0.0
2022-07-05 00:00:00-04:00,80.09255413472452,81.48371314768863,79.3921728334236,81.4453353881836,2526600,0.0,0.0,0.0
2022-07-06 00:00:00-04:00,81.46453254307258,82.13612507293574,80.83131045507908,81.57965850830078,7681000,0.0,0.0,0.0
2022-07-07 00:00:00-04:00,82.04976152916805,83.11472047387775,82.04976152916805,82.94202423095703,2041600,0.0,0.0,0.0
2022-07-08 00:00:00-04:00,82.5198952459767,83.32580628060205,82.17450271119166,82.86528778076172,1414700,0.0,0.0,0.0
2022-07-11 00:00:00-04:00,82.32800392990372,82.49111124177927,81.6660076915735,81.81951141357422,2045400,0.0,0.0,0.0
2022-07-12 00:00:00-04:00,81.77154793889247,82.23206644292853,80.73537032509684,81.119140625,1539600,0.0,0.0,0.0
2022-07-13 00:00:00-04:00,79.96781681472226,81.3589830122953,79.80471684253357,80.77373504638672,2127700,0.0,0.0,0.0
2022-07-14 00:00:00-04:00,79.71837327227006,80.54347680689523,79.02759555659688,80.41875457763672,3539800,0.0,0.0,0.0
2022-07-15 00:00:00-04:00,81.40695056837485,81.99219854040297,80.89845810869993,81.96341705322266,1627300,0.0,0.0,0.0
2022-07-18 00:00:00-04:00,82.73096236297843,82.94202905454877,81.10953683902731,81.378173828125,4300600,0.0,0.0,0.0
2022-07-19 00:00:00-04:00,82.29922216153308,83.75754777456555,82.18409620037374,83.67119598388672,2380100,0.0,0.0,0.0
2022-07-20 00:00:00-04:00,83.67118673342897,84.61142345786642,83.46970900386562,84.38115692138672,2222400,0.0,0.0,0.0
2022-07-21 00:00:00-04:00,84.18928211438009,85.1966781616211,83.62322663703394,85.1966781616211,1957200,0.0,0.0,0.0
2022-07-22 00:00:00-04:00,85.17749268179536,85.48450746033602,83.77673729721545,84.26604461669922,1360100,0.0,0.0,0.0
2022-07-25 00:00:00-04:00,84.45791545430183,84.57304872665958,83.90144895095254,84.40035247802734,1587900,0.0,0.0,0.0
2022-07-26 00:00:00-04:00,84.04537374045331,84.04537374045331,83.15311090268254,83.33540344238281,10221800,0.0,0.0,0.0
2022-07-27 00:00:00-04:00,84.12212821264438,85.90665386587199,84.0357764191994,85.54207611083984,2290300,0.0,0.0,0.0
2022-07-28 00:00:00-04:00,85.64760121354124,86.74134905961796,84.89925320291704,86.64540100097656,1408900,0.0,0.0,0.0
2022-07-29 00:00:00-04:00,86.87565806561588,88.04614666317215,86.71255077563266,87.81588745117188,1584200,0.0,0.0,0.0
2022-08-01 00:00:00-04:00,87.30740057929916,88.16128555981969,87.01957105605925,87.59523010253906,5195400,0.0,0.0,0.0
2022-08-02 00:00:00-04:00,87.25943174236293,88.16129080366913,86.81809848167099,87.11552429199219,1414300,0.0,0.0,0.0
2022-08-03 00:00:00-04:00,87.68157712566483,88.75613241465975,87.6048216079204,88.48749542236328,1201800,0.0,0.0,0.0
2022-08-04 00:00:00-04:00,88.52587238497097,88.63140939969442,88.08453910513184,88.429931640625,1255700,0.0,0.0,0.0
2022-08-05 00:00:00-04:00,87.52808324142352,88.54506834643665,87.42254622262293,88.40115356445312,1058100,0.0,0.0,0.0
2022-08-08 00:00:00-04:00,88.7561389551728,89.42773148540418,88.20926866061023,88.429931640625,1585400,0.0,0.0,0.0
2022-08-09 00:00:00-04:00,88.2668234898765,88.32438646720496,87.6527939990099,87.91183471679688,11368100,0.0,0.0,0.0
2022-08-10 00:00:00-04:00,89.42773065648574,89.98419721626782,89.18787513793927,89.91703796386719,2084600,0.0,0.0,0.0
2022-08-11 00:00:00-04:00,90.58863321398513,91.09712575743633,89.79231111169263,89.93622589111328,2496700,0.0,0.0,0.0
2022-08-12 00:00:00-04:00,90.43511284141896,91.51925698323272,90.19525735979401,91.47128295898438,1055800,0.0,0.0,0.0
2022-08-15 00:00:00-04:00,90.93401593426647,91.96059718085813,90.79969743993179,91.82627868652344,1272200,0.0,0.0,0.0
2022-08-16 00:00:00-04:00,91.58641980356671,92.44990103511434,91.34656431257062,92.0085678100586,1779800,0.0,0.0,0.0
2022-08-17 00:00:00-04:00,91.18347438625501,91.82628541622503,90.75173006298732,91.2026596069336,2050500,0.0,0.0,0.0
2022-08-18 00:00:00-04:00,91.27940030407652,91.64397799623238,90.97238558441676,91.4616928100586,778900,0.0,0.0,0.0
2022-08-19 00:00:00-04:00,90.83806579079295,90.95319905393151,89.93620686239476,90.16647338867188,961800,0.0,0.0,0.0
2022-08-22 00:00:00-04:00,89.04395075981589,89.0631432983231,88.04615103189417,88.2572250366211,1480500,0.0,0.0,0.0
2022-08-23 00:00:00-04:00,88.28601788395022,88.79451774249551,87.96941415593255,88.074951171875,1051200,0.0,0.0,0.0
2022-08-24 00:00:00-04:00,87.99818434369762,88.75612857909927,87.89264734131201,88.41073608398438,1114500,0.0,0.0,0.0
2022-08-25 00:00:00-04:00,88.84247575004545,89.74433477252651,88.62181278910367,89.7155532836914,863700,0.0,0.0,0.0
2022-08-26 00:00:00-04:00,89.68675819675074,89.78269891825776,86.693359375,86.693359375,1453100,0.0,0.0,0.0
2022-08-29 00:00:00-04:00,86.11773681640625,86.80852195629403,85.83950350618422,86.11773681640625,1657000,0.0,0.0,0.0
2022-08-30 00:00:00-04:00,86.42473910694592,86.49189835694344,84.67859128720112,85.1583023071289,2514800,0.0,0.0,0.0
2022-08-31 00:00:00-04:00,85.54207084453743,85.79151529955602,84.47711181640625,84.47711181640625,1562500,0.0,0.0,0.0
2022-09-01 00:00:00-04:00,84.02619904734595,84.64982494883814,83.22987685497608,84.59225463867188,2225800,0.0,0.0,0.0
2022-09-02 00:00:00-04:00,85.38855536574106,85.70516637272767,83.35457815335855,83.72875213623047,1746100,0.0,0.0,0.0
2022-09-06 00:00:00-04:00,83.99740662514708,84.14131408231574,82.87487722056404,83.38337707519531,2400500,0.0,0.0,0.0
2022-09-07 00:00:00-04:00,83.26824344659073,85.11033208885671,83.25864717621582,84.92803955078125,3053800,0.0,0.0,0.0
2022-09-08 00:00:00-04:00,84.40034009614072,85.62839887522684,84.14129210129141,85.55164337158203,2196900,0.0,0.0,0.0
2022-09-09 00:00:00-04:00,86.15610830836032,87.1539008601978,86.07935278289288,86.95242309570312,1417900,0.0,0.0,0.0
2022-09-12 00:00:00-04:00,87.48970611025776,88.07495419335797,87.37457281987726,87.94063568115234,2171000,0.0,0.0,0.0
2022-09-13 00:00:00-04:00,85.93542882063582,86.17528432223634,83.90145153193232,84.1604995727539,1772000,0.0,0.0,0.0
2022-09-14 00:00:00-04:00,84.43872763045819,84.75533131000907,83.71916116999138,84.4866943359375,1884000,0.0,0.0,0.0
2022-09-15 00:00:00-04:00,84.07414683896455,84.82250214416909,83.26823587617203,83.53687286376953,1254200,0.0,0.0,0.0
2022-09-16 00:00:00-04:00,82.71176680807059,82.89405932394406,82.04017435981366,82.7981185913086,2933500,0.0,0.0,0.0
2022-09-19 00:00:00-04:00,82.01138601803163,83.4217300415039,81.9921934812233,83.4217300415039,1266400,0.0,0.0,0.0
2022-09-20 00:00:00-04:00,82.65422322354557,82.85570100529034,81.83871582510898,82.41436767578125,1367200,0.0,0.0,0.0
2022-09-21 00:00:00-04:00,82.79813163958694,83.56566494143603,81.00400964534983,81.03279113769531,1589000,0.0,0.0,0.0
2022-09-22 00:00:00-04:00,80.88886962015695,81.02318811979045,79.96782534275188,80.11174011230469,3398400,0.0,0.0,0.0
2022-09-23 00:00:00-04:00,79.21947153003379,79.37298255827676,77.70358306527358,78.68219757080078,5844100,0.0,0.0,0.0
2022-09-26 00:00:00-04:00,78.31099631512234,79.22696782946662,77.58785858607031,77.79998016357422,4378900,0.405,0.0,0.0
2022-09-27 00:00:00-04:00,78.72558247334347,79.20767421248685,77.17324648481083,77.74211120605469,4924700,0.0,0.0,0.0
2022-09-28 00:00:00-04:00,77.9928156602927,79.75727352337078,77.6264285177427,79.3426742553711,4113500,0.0,0.0,0.0
2022-09-29 00:00:00-04:00,78.54239393128181,78.67737904465633,77.01898210189844,77.72283935546875,4466600,0.0,0.0,0.0
2022-09-30 00:00:00-04:00,77.5300121770815,78.4749080510932,76.58510894693224,76.69116973876953,19258900,0.0,0.0,0.0
2022-10-03 00:00:00-04:00,77.49144422481633,79.04378052238208,76.99970849327909,78.61953735351562,2836700,0.0,0.0,0.0
2022-10-04 00:00:00-04:00,79.87296686571653,81.20354495784754,79.87296686571653,81.19390106201172,3207900,0.0,0.0,0.0
2022-10-05 00:00:00-04:00,80.21043224163556,81.46386644862875,79.61263578971968,80.95285034179688,2006100,0.0,0.0,0.0
2022-10-06 00:00:00-04:00,80.6539565618655,81.37709423452513,80.09472832953588,80.2297134399414,2521800,0.0,0.0,0.0
2022-10-07 00:00:00-04:00,79.29445510804187,79.30409900350531,77.5203608618879,77.9156723022461,2055600,0.0,0.0,0.0
2022-10-10 00:00:00-04:00,78.13742621849343,78.20491876449358,76.7586436163737,77.298583984375,3575600,0.0,0.0,0.0
2022-10-11 00:00:00-04:00,76.94184035710985,77.93494810916441,76.24762711322899,76.77792358398438,7865700,0.0,0.0,0.0
2022-10-12 00:00:00-04:00,76.932204584875,77.19253090074513,76.44046892585747,76.59474182128906,3263800,0.0,0.0,0.0
2022-10-13 00:00:00-04:00,75.06169558070516,78.83165717810016,74.66638410992627,78.48455047607422,2642500,0.0,0.0,0.0
2022-10-14 00:00:00-04:00,79.12089697172881,79.45836708724963,76.49831663113642,76.61402130126953,3502900,0.0,0.0,0.0
2022-10-17 00:00:00-04:00,78.02172906791617,78.93770783023525,78.02172906791617,78.7159423828125,1893800,0.0,0.0,0.0
2022-10-18 00:00:00-04:00,80.36470145534157,80.6346716859114,78.89914562247517,79.63191986083984,1892200,0.0,0.0,0.0
2022-10-19 00:00:00-04:00,79.11125965918293,79.72833651491757,78.3109855832302,78.92806243896484,2055500,0.0,0.0,0.0
2022-10-20 00:00:00-04:00,78.83165068546884,79.87296334964597,78.06994478298753,78.28206634521484,6287600,0.0,0.0,0.0
2022-10-21 00:00:00-04:00,78.17601048656496,80.20079463835543,77.89639635112601,80.10437774658203,1878800,0.0,0.0,0.0
2022-10-24 00:00:00-04:00,80.4707670993296,81.20354873808442,79.73798546057479,80.93357849121094,1734200,0.0,0.0,0.0
2022-10-25 00:00:00-04:00,81.02034012174659,82.51482752228792,81.02034012174659,82.42804718017578,2110600,0.0,0.0,0.0
2022-10-26 00:00:00-04:00,81.68563093316565,83.13190624754567,81.68563093316565,81.85918426513672,2395200,0.0,0.0,0.0
2022-10-27 00:00:00-04:00,82.17736406225124,82.63052413427592,81.42529474284169,81.5602798461914,2223800,0.0,0.0,0.0
2022-10-28 00:00:00-04:00,81.4445930806363,83.51758937360944,81.4445930806363,83.4308090209961,1305900,0.0,0.0,0.0
2022-10-31 00:00:00-04:00,82.91013560761542,83.35365912686737,82.6690897369696,82.86193084716797,1431700,0.0,0.0,0.0
2022-11-01 00:00:00-04:00,83.71040605872601,83.8357472578551,82.34126733789108,82.59195709228516,5392000,0.0,0.0,0.0
2022-11-02 00:00:00-04:00,82.47625451998438,83.40186976410985,80.42254638671875,80.42254638671875,1891800,0.0,0.0,0.0
2022-11-03 00:00:00-04:00,79.66085685606745,80.33578247746502,79.09198466991445,79.68978118896484,1785300,0.0,0.0,0.0
2022-11-04 00:00:00-04:00,80.98177782066512,81.28067973631512,79.34266865695668,80.70216369628906,1862200,0.0,0.0,0.0
2022-11-07 00:00:00-05:00,81.02999640681297,81.56993690736444,80.49969244653019,81.43495178222656,1933200,0.0,0.0,0.0
2022-11-08 00:00:00-05:00,81.6759953316887,82.57268641190296,80.92393326882589,81.83990478515625,1610000,0.0,0.0,0.0
2022-11-09 00:00:00-05:00,81.29997147873962,81.60850997680144,79.96940058512389,80.09474182128906,1439200,0.0,0.0,0.0
2022-11-10 00:00:00-05:00,83.00655825681245,84.72281115431099,82.73658803989757,84.66495513916016,1942600,0.0,0.0,0.0
2022-11-11 00:00:00-05:00,84.79030275009048,85.76412282779184,84.52996907519622,85.5712890625,1395500,0.0,0.0,0.0
2022-11-14 00:00:00-05:00,85.09884748673136,85.8701899611253,84.71317257146579,84.72281646728516,1152000,0.0,0.0,0.0
2022-11-15 00:00:00-05:00,86.14014483921054,86.36191026669984,84.7806500165176,85.60020446777344,1759000,0.0,0.0,0.0
2022-11-16 00:00:00-05:00,85.15668683897343,85.32059626929608,84.6360268637106,84.7613754272461,1487500,0.0,0.0,0.0
2022-11-17 00:00:00-05:00,83.59470764309539,84.56853505104202,83.51757855271127,84.38533782958984,1417100,0.0,0.0,0.0
2022-11-18 00:00:00-05:00,85.12776155349835,85.21453453699816,84.14429027034953,84.78065490722656,1145700,0.0,0.0,0.0
2022-11-21 00:00:00-05:00,84.48176868000233,84.67460245526448,84.01895732078138,84.41427612304688,1124300,0.0,0.0,0.0
2022-11-22 00:00:00-05:00,84.80958480527269,85.59057113261052,84.49140246593626,85.53272247314453,1347000,0.0,0.0,0.0
2022-11-23 00:00:00-05:00,85.47486534618034,86.21728337494821,85.43629712497815,86.0822982788086,1108100,0.0,0.0,0.0
2022-11-25 00:00:00-05:00,85.98588269505733,86.2365724585679,85.90874625149468,86.05337524414062,381900,0.0,0.0,0.0
2022-11-28 00:00:00-05:00,85.4363042342174,85.78341089778408,84.51068891675182,84.68424224853516,1532300,0.0,0.0,0.0
2022-11-29 00:00:00-05:00,84.74208620039039,85.04098072780754,84.22142623395855,84.61674499511719,1081000,0.0,0.0,0.0
2022-11-30 00:00:00-05:00,84.6456646830655,87.24895701639302,84.20214118548341,87.20075225830078,3569300,0.0,0.0,0.0
2022-12-01 00:00:00-05:00,87.49003184504623,87.74072168099637,86.65119668635421,87.23934936523438,1653400,0.0,0.0,0.0
2022-12-02 00:00:00-05:00,86.03410913576634,87.3839603421788,86.01482134359624,87.1332778930664,1665700,0.0,0.0,0.0
2022-12-05 00:00:00-05:00,86.56439513652506,86.67045591207864,85.14704418697858,85.4363021850586,1230800,0.0,0.0,0.0
2022-12-06 00:00:00-05:00,85.35918250317555,85.49416763382179,83.68150491075959,84.1732406616211,1551600,0.0,0.0,0.0
2022-12-07 00:00:00-05:00,84.10573939535533,84.57818730374126,83.78755703911827,84.01895904541016,1281900,0.0,0.0,0.0
2022-12-08 00:00:00-05:00,84.40462881745985,85.00242526644047,84.08644648060871,84.66495513916016,1557900,0.0,0.0,0.0
2022-12-09 00:00:00-05:00,84.40462499610479,84.94456540548917,84.0093062277081,84.0478744506836,1965100,0.0,0.0,0.0
2022-12-12 00:00:00-05:00,84.13465079030067,85.22417545203392,84.04787045369861,85.20489501953125,1660700,0.0,0.0,0.0
2022-12-13 00:00:00-05:00,87.42888735675432,87.75821929585935,85.29788859927326,85.88875579833984,2321800,0.406,0.0,0.0
2022-12-14 00:00:00-05:00,85.85000737974768,86.62491734280287,84.72639606241565,85.4334945678711,1631700,0.0,0.0,0.0
2022-12-15 00:00:00-05:00,84.28082605711235,84.4842382611815,82.9441067302448,83.28313446044922,4984300,0.0,0.0,0.0
2022-12-16 00:00:00-05:00,82.79880971992937,82.98284509276205,81.80111082785707,82.3338623046875,2696200,0.0,0.0,0.0
2022-12-19 00:00:00-05:00,82.24670250908166,82.4016800798953,81.17151836060631,81.53959655761719,2303800,0.0,0.0,0.0
2022-12-20 00:00:00-05:00,81.31679413022204,82.02389996521971,81.09401252322976,81.64613342285156,2437100,0.0,0.0,0.0
2022-12-21 00:00:00-05:00,82.26606891682299,83.16689864628663,82.14983020040886,82.88599395751953,1747600,0.0,0.0,0.0
2022-12-22 00:00:00-05:00,82.18856427450235,82.20794108608146,80.46439754837806,81.71393585205078,2619800,0.0,0.0,0.0
2022-12-23 00:00:00-05:00,81.54928128497747,82.19826415177056,81.1618262902942,82.1885757446289,1825400,0.0,0.0,0.0
2022-12-27 00:00:00-05:00,82.1788786363248,82.22731327681541,81.4717801817286,81.8301773071289,2310700,0.0,0.0,0.0
2022-12-28 00:00:00-05:00,81.77205658649049,82.24669242851593,80.74530721166339,80.82279968261719,2076600,0.0,0.0,0.0
2022-12-29 00:00:00-05:00,81.36522771620231,82.50821573448584,81.30711206123331,82.32417297363281,2082100,0.0,0.0,0.0
2022-12-30 00:00:00-05:00,81.65582747672879,82.14014434814453,81.27806090823164,82.14014434814453,2347600,0.0,0.0,0.0
2023-01-03 00:00:00-05:00,82.62445127090781,83.0409640257774,81.14243561514759,81.77204895019531,2349900,0.0,0.0,0.0
2023-01-04 00:00:00-05:00,82.20794601649992,82.88598666066764,81.65582509479513,82.45978546142578,1756500,0.0,0.0,0.0
2023-01-05 00:00:00-05:00,82.05296621020204,82.05296621020204,81.35554870964529,81.48147583007812,3455600,0.0,0.0,0.0
2023-01-06 00:00:00-05:00,82.14015131423963,83.58341364423299,81.52990727484563,83.34125518798828,1893900,0.0,0.0,0.0
2023-01-09 00:00:00-05:00,83.78681911978512,84.56172907346036,83.32187166956217,83.35093688964844,1571600,0.0,0.0,0.0
2023-01-10 00:00:00-05:00,83.20564679903117,84.02898406982422,83.0312924154441,84.02898406982422,1038600,0.0,0.0,0.0
2023-01-11 00:00:00-05:00,84.32924658701998,85.13321432239215,84.27113093051693,85.10415649414062,5815200,0.0,0.0,0.0
2023-01-12 00:00:00-05:00,85.35601314275192,85.80158380407858,84.45518341287057,85.5594253540039,1998800,0.0,0.0,0.0
2023-01-13 00:00:00-05:00,84.86200726563685,86.00499543791919,84.75545695711219,85.89844512939453,1342900,0.0,0.0,0.0
2023-01-17 00:00:00-05:00,85.90812246571035,86.28588900540127,85.60784100306975,85.77251434326172,6222100,0.0,0.0,0.0
2023-01-18 00:00:00-05:00,86.09217106330021,86.37307575726535,84.42612710440456,84.45518493652344,1902600,0.0,0.0,0.0
2023-01-19 00:00:00-05:00,83.9418044054041,84.29050575686765,83.45748752992428,83.78681945800781,1564800,0.0,0.0,0.0
2023-01-20 00:00:00-05:00,84.11615367906138,85.41412678357578,83.7383870970965,85.36569213867188,1165400,0.0,0.0,0.0
2023-01-23 00:00:00-05:00,85.57879218462824,86.85738846666692,85.39475679341008,86.47962188720703,1444400,0.0,0.0,0.0
2023-01-24 00:00:00-05:00,86.05342232731024,86.54742762926851,85.82095228701374,86.32464599609375,1478800,0.0,0.0,0.0
2023-01-25 00:00:00-05:00,85.46255747018931,86.44087221915116,84.88137131861767,86.35369873046875,1239000,0.0,0.0,0.0
2023-01-26 00:00:00-05:00,86.95424528898842,87.33201923648147,86.29557406760091,87.28358459472656,813800,0.0,0.0,0.0
2023-01-27 00:00:00-05:00,87.08987726508471,88.10693842333106,87.08987726508471,87.64199829101562,967000,0.0,0.0,0.0
2023-01-30 00:00:00-05:00,86.96393622457981,87.47731092572212,86.40212688027394,86.4505615234375,1133700,0.0,0.0,0.0
2023-01-31 00:00:00-05:00,86.57648087776266,87.85507711684714,86.5667998612427,87.82601928710938,1997300,0.0,0.0,0.0
2023-02-01 00:00:00-05:00,87.6129181878995,89.49206999462108,87.051116239265,88.85277557373047,1230500,0.0,0.0,0.0
2023-02-02 00:00:00-05:00,89.81173572666602,90.6253846494095,89.42428069151144,90.2282485961914,1249100,0.0,0.0,0.0
2023-02-03 00:00:00-05:00,89.11430538001419,90.305728149234,89.0077550758527,89.30802917480469,1758600,0.0,0.0,0.0
2023-02-06 00:00:00-05:00,88.71716404072885,88.97869929882893,88.30065861132734,88.63967895507812,1222300,0.0,0.0,0.0
2023-02-07 00:00:00-05:00,88.55249248108014,90.02481986681869,88.12629867159899,89.78266143798828,907700,0.0,0.0,0.0
2023-02-08 00:00:00-05:00,89.38551692600899,89.67610999293011,88.62998382012051,88.73653411865234,1492700,0.0,0.0,0.0
2023-02-09 00:00:00-05:00,89.59860452278916,89.68577799616386,87.66133739797209,87.90349578857422,839600,0.0,0.0,0.0
2023-02-10 00:00:00-05:00,87.65167106659547,88.13598796976609,87.42888942958707,88.06818389892578,820700,0.0,0.0,0.0
2023-02-13 00:00:00-05:00,88.26191269546712,89.13367718540988,88.06818150541041,89.0755615234375,1387100,0.0,0.0,0.0
2023-02-14 00:00:00-05:00,88.79466120507614,89.63737529554513,88.19411296160388,89.1240005493164,1171900,0.0,0.0,0.0
2023-02-15 00:00:00-05:00,88.70748136558946,89.56956481933594,88.56218482381541,89.56956481933594,798800,0.0,0.0,0.0
2023-02-16 00:00:00-05:00,88.50407738584563,89.39521875272294,88.32003458982692,88.36846923828125,662500,0.0,0.0,0.0
2023-02-17 00:00:00-05:00,88.01975592581304,88.17473349071896,87.45794654908913,88.14567565917969,722800,0.0,0.0,0.0
2023-02-21 00:00:00-05:00,87.2351523040792,87.42888348623141,86.21809131061366,86.27620697021484,1660700,0.0,0.0,0.0
2023-02-22 00:00:00-05:00,86.37307561383787,86.7605306183219,85.89844711314194,86.17935180664062,1289500,0.0,0.0,0.0
2023-02-23 00:00:00-05:00,86.84770252299062,87.00268007470301,85.68533762974822,86.68302917480469,1076200,0.0,0.0,0.0
2023-02-24 00:00:00-05:00,85.6465930085725,85.91780927174767,85.15259512497012,85.75314331054688,1543200,0.0,0.0,0.0
2023-02-27 00:00:00-05:00,86.4602579447439,86.82833614060443,85.84033288324737,86.02436828613281,973800,0.0,0.0,0.0
2023-02-28 00:00:00-05:00,85.96625595007492,86.42151505132351,85.76284372421512,85.80158996582031,1268000,0.0,0.0,0.0
2023-03-01 00:00:00-05:00,85.65628194274728,85.92749820759303,85.19133449580532,85.50129699707031,1178700,0.0,0.0,0.0
2023-03-02 00:00:00-05:00,85.01697996952919,86.30526461524983,84.90074865057566,86.10185241699219,914400,0.0,0.0,0.0
2023-03-03 00:00:00-05:00,86.43119136407736,87.55480265303017,86.35369889171126,87.47731018066406,903900,0.0,0.0,0.0
2023-03-06 00:00:00-05:00,87.65167895425199,88.08756864038438,87.26422391883105,87.38046264648438,934700,0.0,0.0,0.0
2023-03-07 00:00:00-05:00,87.38045195263983,87.43856761430908,85.94687810414392,86.05342102050781,1096900,0.0,0.0,0.0
2023-03-08 00:00:00-05:00,86.07280149565527,86.3924524286113,85.69503489855798,86.17935180664062,958700,0.0,0.0,0.0
2023-03-09 00:00:00-05:00,86.29557807118253,86.71209088329663,84.29050648497962,84.48423767089844,1262900,0.0,0.0,0.0
2023-03-10 00:00:00-05:00,84.33894320015763,84.67796354622978,82.62446465568463,83.04097747802734,3566700,0.0,0.0,0.0
2023-03-13 00:00:00-04:00,82.25638971729232,83.8836949788019,81.70426868517782,82.81819915771484,3524200,0.0,0.0,0.0
2023-03-14 00:00:00-04:00,84.00960375023209,84.61984031860352,83.17657818002363,84.16458129882812,1472500,0.0,0.0,0.0
2023-03-15 00:00:00-04:00,82.88599444206119,83.52529630094206,82.29512722949168,83.49623107910156,3288700,0.0,0.0,0.0
2023-03-16 00:00:00-04:00,83.02159396988114,85.03635384993014,82.86661641992512,84.94917297363281,1589900,0.0,0.0,0.0
2023-03-17 00:00:00-04:00,84.74576408129005,84.81356814767683,83.51560247967564,83.86431121826172,1425700,0.0,0.0,0.0
2023-03-20 00:00:00-04:00,83.99023419079106,84.80389040897117,83.90306069781958,84.59078979492188,1094500,0.0,0.0,0.0
2023-03-21 00:00:00-04:00,85.42381228125119,85.96624481327265,85.18165384515746,85.85000610351562,850000,0.0,0.0,0.0
2023-03-22 00:00:00-04:00,85.87907765741367,86.53774155768203,84.27114197591756,84.28083038330078,1170700,0.0,0.0,0.0
2023-03-23 00:00:00-04:00,84.9635582399228,85.84859144028322,83.81592747124755,84.4189224243164,1284800,0.352,0.0,0.0
2023-03-24 00:00:00-04:00,84.07852135196217,84.96356201171875,83.55334103223102,84.96356201171875,1705500,0.0,0.0,0.0
2023-03-27 00:00:00-04:00,85.52765276561047,85.69298758435842,84.95383364981139,85.19697570800781,1528800,0.0,0.0,0.0
2023-03-28 00:00:00-04:00,85.03163881742772,85.255332770365,84.62316195043604,85.04136657714844,862100,0.0,0.0,0.0
2023-03-29 00:00:00-04:00,85.90696117960233,86.33488619320093,85.68326720195401,86.29598999023438,1288500,0.0,0.0,0.0
2023-03-30 00:00:00-04:00,86.91842451210871,86.9865039907197,86.35433316355676,86.75308227539062,1110000,0.0,0.0,0.0
2023-03-31 00:00:00-04:00,87.01569491611637,88.10496676249001,87.01569491611637,88.06607055664062,1031900,0.0,0.0,0.0
2023-04-03 00:00:00-04:00,88.00770999702748,88.44537021695156,87.72566427843849,88.31893157958984,967700,0.0,0.0,0.0
2023-04-04 00:00:00-04:00,88.48427362858125,88.49399396981035,87.38526662085295,87.67704010009766,1140300,0.0,0.0,0.0
2023-04-05 00:00:00-04:00,87.46306906462307,87.61867613692282,86.95733680451463,87.37553405761719,881300,0.0,0.0,0.0
2023-04-06 00:00:00-04:00,87.06431026273084,87.71593665785993,86.8989754338639,87.65757751464844,820200,0.0,0.0,0.0
2023-04-10 00:00:00-04:00,87.12267845905622,87.84237699252098,86.98651947759282,87.83264923095703,893200,0.0,0.0,0.0
2023-04-11 00:00:00-04:00,87.93962097167969,88.28974614160877,87.77428614702067,87.93962097167969,1135400,0.0,0.0,0.0
2023-04-12 00:00:00-04:00,88.42591162618402,88.5523502591588,87.44362294599232,87.54087829589844,1074600,0.0,0.0,0.0
2023-04-13 00:00:00-04:00,87.85209696766562,88.7857616521378,87.72565833886459,88.70795440673828,756200,0.0,0.0,0.0
2023-04-14 00:00:00-04:00,88.53288642119254,89.06780192559282,87.92017109623968,88.4259033203125,755500,0.0,0.0,0.0
2023-04-17 00:00:00-04:00,88.42589007377846,88.82464655734286,88.20220356552515,88.80519104003906,851000,0.0,0.0,0.0
2023-04-18 00:00:00-04:00,89.07752996714407,89.23314446191728,88.56206993839598,88.86357116699219,880400,0.0,0.0,0.0
2023-04-19 00:00:00-04:00,88.43563767385857,89.05808080532766,88.40646181146273,88.89274597167969,887300,0.0,0.0,0.0
2023-04-20 00:00:00-04:00,88.18276392855516,88.75658307066072,88.02715686263122,88.34809875488281,806400,0.0,0.0,0.0
2023-04-21 00:00:00-04:00,88.45507889838925,88.52315837872241,87.9882502961352,88.43563079833984,1260400,0.0,0.0,0.0
2023-04-24 00:00:00-04:00,88.33838174009989,88.61069968079856,88.03688051709146,88.47454071044922,820200,0.0,0.0,0.0
2023-04-25 00:00:00-04:00,88.04661541343093,88.09524680111437,86.93788803924173,86.9670639038086,1389100,0.0,0.0,0.0
2023-04-26 00:00:00-04:00,87.20048374819187,87.33664272658989,86.44187418555,86.58776092529297,1197500,0.0,0.0,0.0
2023-04-27 00:00:00-04:00,87.122673285303,88.28975231999912,87.05459379861419,88.20222473144531,1195800,0.0,0.0,0.0
2023-04-28 00:00:00-04:00,88.03688627766913,88.970558449883,88.02716593637055,88.96083068847656,998600,0.0,0.0,0.0
2023-05-01 00:00:00-04:00,88.88301687106292,89.330397401306,88.8343854877313,88.93164825439453,1387600,0.0,0.0,0.0
2023-05-02 00:00:00-04:00,88.73713092273611,88.76630678494912,87.15184724160083,87.82292175292969,1058500,0.0,0.0,0.0
2023-05-03 00:00:00-04:00,87.8909959482275,88.52315937841442,87.24909733774567,87.31717681884766,1044000,0.0,0.0,0.0
2023-05-04 00:00:00-04:00,86.99622807322359,87.11293893590931,86.32516101807495,86.64610290527344,1371100,0.0,0.0,0.0
2023-05-05 00:00:00-04:00,87.46305945788346,88.52315524556597,87.45333169814964,88.30919647216797,816500,0.0,0.0,0.0
2023-05-08 00:00:00-04:00,88.37728252797429,88.50371373349786,88.02715735256287,88.33837890625,956500,0.0,0.0,0.0
2023-05-09 00:00:00-04:00,87.95906647391205,88.24111212979193,87.8812592405439,88.0076904296875,621900,0.0,0.0,0.0
2023-05-10 00:00:00-04:00,88.63987029756599,88.8052051203337,87.5797744597069,88.40645599365234,941200,0.0,0.0,0.0
2023-05-11 00:00:00-04:00,88.12441882430113,88.29948142417932,87.74511776124966,88.16332244873047,1569100,0.0,0.0,0.0
2023-05-12 00:00:00-04:00,88.39672655631269,88.50370965609892,87.51169331820722,88.01742553710938,3221700,0.0,0.0,0.0
2023-05-15 00:00:00-04:00,88.19248084830862,88.56205407704361,87.84235571788338,88.44535064697266,1040300,0.0,0.0,0.0
2023-05-16 00:00:00-04:00,88.12440348858321,88.30919381743779,87.72564697265625,87.72564697265625,1025400,0.0,0.0,0.0
2023-05-17 00:00:00-04:00,88.2119436953115,89.04835304449325,87.82292230322389,88.89274597167969,1612900,0.0,0.0,0.0
2023-05-18 00:00:00-04:00,88.83438694116182,89.87504216866914,88.7371315930147,89.75833129882812,993200,0.0,0.0,0.0
2023-05-19 00:00:00-04:00,90.00146478147873,90.06954426068889,89.30121446954189,89.56380462646484,1342000,0.0,0.0,0.0
2023-05-22 00:00:00-04:00,89.60272548060603,90.05983382327071,89.35958337664465,89.72916412353516,1009500,0.0,0.0,0.0
2023-05-23 00:00:00-04:00,89.41792272027546,89.6999683888076,88.70794466912814,88.76629638671875,1012900,0.0,0.0,0.0
2023-05-24 00:00:00-04:00,88.40646722953944,88.46481895790724,87.84237578829111,88.08551788330078,1031300,0.0,0.0,0.0
2023-05-25 00:00:00-04:00,88.80521109547658,88.99972921191495,88.24112710807388,88.66905212402344,923800,0.0,0.0,0.0
2023-05-26 00:00:00-04:00,88.91219104746062,90.0403738224222,88.88301518605768,89.84585571289062,785500,0.0,0.0,0.0
2023-05-30 00:00:00-04:00,90.35160170043812,90.4391292907722,89.60271991152183,89.884765625,1455000,0.0,0.0,0.0
2023-05-31 00:00:00-04:00,89.4471083703322,89.69025044705046,88.99972783958347,89.35957336425781,1415000,0.0,0.0,0.0
2023-06-01 00:00:00-04:00,89.44710065386664,90.497476115501,89.12615135946058,90.23487854003906,895400,0.0,0.0,0.0
2023-06-02 00:00:00-04:00,90.90596910477193,91.90771336481133,90.79898598766987,91.73265075683594,1482100,0.0,0.0,0.0
2023-06-05 00:00:00-04:00,91.73265139944652,92.0341452296964,91.34362255454174,91.49923706054688,2084400,0.0,0.0,0.0
2023-06-06 00:00:00-04:00,91.35332707028944,92.0341218105557,91.30469569451063,91.94659423828125,904200,0.0,0.0,0.0
2023-06-07 00:00:00-04:00,92.07632946477966,92.35922193236996,91.63736275715792,91.74466705322266,874200,0.283,0.0,0.0
2023-06-08 00:00:00-04:00,91.67639835816169,92.33973073349904,91.48129622283572,92.20315551757812,674900,0.0,0.0,0.0
2023-06-09 00:00:00-04:00,92.3885132877694,92.78846713795411,92.07635727105378,92.25194549560547,1017300,0.0,0.0,0.0
2023-06-12 00:00:00-04:00,92.47630344574279,93.13963585650548,92.33973566491392,93.09085845947266,687700,0.0,0.0,0.0
2023-06-13 00:00:00-04:00,93.4517944564698,93.94928819664234,93.38351056414889,93.80297088623047,1084200,0.0,0.0,0.0
2023-06-14 00:00:00-04:00,93.87125851549699,94.29071885427697,93.05184433263979,93.84198760986328,3284000,0.0,0.0,0.0
2023-06-15 00:00:00-04:00,93.62738227628016,95.20766876114892,93.5200779541735,94.94429016113281,1281400,0.0,0.0,0.0
2023-06-16 00:00:00-04:00,95.45152956291376,95.48079302140697,94.51506167920554,94.60285949707031,915300,0.0,0.0,0.0
2023-06-20 00:00:00-04:00,94.16389072799802,94.32972196395531,93.62737659242111,94.12487030029297,1220100,0.0,0.0,0.0
2023-06-21 00:00:00-04:00,93.90051284063874,94.05658711023132,93.47129557508428,93.59810638427734,922400,0.0,0.0,0.0
2023-06-22 00:00:00-04:00,93.34448830532284,93.86149597167969,93.23718398486545,93.86149597167969,694500,0.0,0.0,0.0
2023-06-23 00:00:00-04:00,93.11035812638305,93.48104845492891,92.91526343732704,93.02256774902344,744800,0.0,0.0,0.0
2023-06-26 00:00:00-04:00,92.983541868011,93.4517795136165,92.72016330899753,92.73966979980469,1100100,0.0,0.0,0.0
2023-06-27 00:00:00-04:00,92.95428287871448,94.01756157485875,92.89575596109488,93.85173034667969,940300,0.0,0.0,0.0
2023-06-28 00:00:00-04:00,93.6176183459886,94.17364640901495,93.52007099925136,93.95903778076172,838900,0.0,0.0,0.0
2023-06-29 00:00:00-04:00,93.95903687554056,94.42727455470794,93.85173256244772,94.40776062011719,717800,0.0,0.0,0.0
2023-06-30 00:00:00-04:00,95.0125778565048,95.63688987790586,95.0125778565048,95.44178771972656,1113800,0.0,0.0,0.0
2023-07-03 00:00:00-04:00,95.41250576007619,95.64662830450472,95.29545193024683,95.63687133789062,530500,0.0,0.0,0.0
2023-07-05 00:00:00-04:00,95.16864450054986,95.5198209146939,95.16864450054986,95.3637466430664,1034700,0.0,0.0,0.0
2023-07-06 00:00:00-04:00,94.5248270775804,94.59311096761702,93.90051509942094,94.53458404541016,825200,0.0,0.0,0.0
2023-07-07 00:00:00-04:00,94.33947673382042,95.29545858436049,94.29070678211441,94.40776062011719,841200,0.0,0.0,0.0
2023-07-10 00:00:00-04:00,94.35900020907621,94.84674442976487,94.35900020907621,94.80772399902344,1049800,0.0,0.0,0.0
2023-07-11 00:00:00-04:00,95.04183230073846,95.66614426289608,94.84673760345882,95.57835388183594,605000,0.0,0.0,0.0
2023-07-12 00:00:00-04:00,96.34899323542945,96.61237929096296,96.07585765368093,96.29046630859375,974400,0.0,0.0,0.0
2023-07-13 00:00:00-04:00,96.74894125434601,97.28546285931168,96.65139390136662,97.14888763427734,904800,0.0,0.0,0.0
2023-07-14 00:00:00-04:00,97.26594948789965,97.38301077758604,96.79771921392613,96.92453002929688,1097500,0.0,0.0,0.0
2023-07-17 00:00:00-04:00,96.86600031079445,97.60736613025973,96.86600031079445,97.35374450683594,1234700,0.0,0.0,0.0
2023-07-18 00:00:00-04:00,97.3147228220068,98.27069726617313,97.21717547253473,98.10486602783203,1533300,0.0,0.0,0.0
2023-07-19 00:00:00-04:00,98.36824035644531,98.64138334248042,98.17314566594848,98.36824035644531,2936500,0.0,0.0,0.0
2023-07-20 00:00:00-04:00,98.11462288916962,98.30971758790236,97.5000604476287,97.6463851928711,1041300,0.0,0.0,0.0
2023-07-21 00:00:00-04:00,98.04634872340272,98.08536915549597,97.6366379076168,97.66590881347656,864000,0.0,0.0,0.0
2023-07-24 00:00:00-04:00,97.86099371320317,98.17314969624425,97.71466896813078,98.02682495117188,829000,0.0,0.0,0.0
2023-07-25 00:00:00-04:00,97.93903215379518,98.58285059689325,97.93903215379518,98.23167419433594,860600,0.0,0.0,0.0
2023-07-26 00:00:00-04:00,98.01707425481452,98.6511357385763,97.90001297167812,98.31947326660156,1232100,0.0,0.0,0.0
2023-07-27 00:00:00-04:00,99.11937554867482,99.16815294495464,97.39275693681606,97.5781021118164,756100,0.0,0.0,0.0
2023-07-28 00:00:00-04:00,98.38775126630142,98.7681911107446,98.22192004023854,98.6413803100586,770100,0.0,0.0,0.0
2023-07-31 00:00:00-04:00,98.81697951237099,99.00231725057843,98.57310740838427,98.90476989746094,774500,0.0,0.0,0.0
2023-08-01 00:00:00-04:00,98.58285625225479,98.73893797007213,98.33898414995461,98.59261322021484,1024100,0.0,0.0,0.0
2023-08-02 00:00:00-04:00,97.88050331768828,97.92928071505825,97.04159013353495,97.21717834472656,1005300,0.0,0.0,0.0
2023-08-03 00:00:00-04:00,96.73918671200423,97.34399222345917,96.58311243180093,96.94403839111328,829800,0.0,0.0,0.0
2023-08-04 00:00:00-04:00,97.32447924461135,97.80247394295542,96.407525163727,96.49531555175781,873000,0.0,0.0,0.0
2023-08-07 00:00:00-04:00,96.95379438513145,97.32447730897738,96.69041578389098,97.31472778320312,799000,0.0,0.0,0.0
2023-08-08 00:00:00-04:00,96.60259976091739,96.88549224519805,96.01730830209532,96.82696533203125,1402800,0.0,0.0,0.0
2023-08-09 00:00:00-04:00,96.85624536483259,96.86600233282512,95.95879781155506,96.15389251708984,743300,0.0,0.0,0.0
2023-08-10 00:00:00-04:00,96.68065715289691,97.38301000063966,95.84173652280262,96.15389251708984,976400,0.0,0.0,0.0
2023-08-11 00:00:00-04:00,95.7051600856004,96.30996552588174,95.59785577454427,96.06609344482422,868200,0.0,0.0,0.0
2023-08-14 00:00:00-04:00,95.81247108035214,96.52457343897922,95.71492372960148,96.51482391357422,1094600,0.0,0.0,0.0
2023-08-15 00:00:00-04:00,96.13438919715415,96.19291612226954,95.28571157105013,95.42227935791016,886800,0.0,0.0,0.0
2023-08-16 00:00:00-04:00,95.30521834663695,95.65639478313832,94.64188590462173,94.6613998413086,1302900,0.0,0.0,0.0
2023-08-17 00:00:00-04:00,94.9442905912647,95.01257448360683,93.76395048513022,93.8810043334961,1239400,0.0,0.0,0.0
2023-08-18 00:00:00-04:00,93.16889645040646,94.17364828231909,93.08109862692662,93.97854614257812,1659400,0.0,0.0,0.0
2023-08-21 00:00:00-04:00,94.13461587509204,94.68088691207869,93.68589217436947,94.54431915283203,982600,0.0,0.0,0.0
2023-08-22 00:00:00-04:00,94.92477172105849,94.92477172105849,94.12487154846156,94.2126693725586,848300,0.0,0.0,0.0
2023-08-23 00:00:00-04:00,94.4272774497199,95.44177880797916,94.4272774497199,95.27594757080078,807800,0.0,0.0,0.0
2023-08-24 00:00:00-04:00,95.57835705450128,95.74418829693221,93.99806316149099,94.00782012939453,1002900,0.0,0.0,0.0
2023-08-25 00:00:00-04:00,94.36874169931163,94.92476976585449,93.54933505067393,94.6516342163086,1548500,0.0,0.0,0.0
2023-08-28 00:00:00-04:00,95.12962857913826,95.38325765523345,94.8564930090601,95.2564468383789,1302600,0.0,0.0,0.0
2023-08-29 00:00:00-04:00,95.17839303100443,96.69040287133333,95.13937260596016,96.65138244628906,1044100,0.0,0.0,0.0
2023-08-30 00:00:00-04:00,96.68065528549012,97.2171768789267,96.58310793460689,97.05133819580078,693300,0.0,0.0,0.0
2023-08-31 00:00:00-04:00,97.19766291125401,97.50006193160806,96.95379081293345,96.97330474853516,690500,0.0,0.0,0.0
2023-09-01 00:00:00-04:00,97.5585949253978,97.75368962435898,96.9830529114066,97.26594543457031,760900,0.0,0.0,0.0
2023-09-05 00:00:00-04:00,97.1293754525271,97.2561862597354,96.68065170119132,96.70991516113281,862900,0.0,0.0,0.0
2023-09-06 00:00:00-04:00,96.56360061932524,96.6221349877769,95.59786912731542,96.1246337890625,830900,0.0,0.0,0.0
2023-09-07 00:00:00-04:00,95.39301287282095,95.89051404769694,95.30521504554355,95.77345275878906,630500,0.0,0.0,0.0
2023-09-08 00:00:00-04:00,95.83196857082734,96.20265888819631,95.6954008041288,95.8905029296875,823100,0.0,0.0,0.0
2023-09-11 00:00:00-04:00,96.40752432416384,96.57335557281317,96.11487481517055,96.48556518554688,788300,0.0,0.0,0.0
2023-09-12 00:00:00-04:00,96.14413530074421,96.54408912115913,95.89051367268132,95.99781799316406,710500,0.0,0.0,0.0
2023-09-13 00:00:00-04:00,96.00756938682329,96.24169196827889,95.74419078566837,96.01732635498047,585600,0.0,0.0,0.0
2023-09-14 00:00:00-04:00,96.5733478289264,96.98305115475536,96.2709488182982,96.86599731445312,646100,0.0,0.0,0.0
2023-09-15 00:00:00-04:00,96.54408261977325,96.54408261977325,95.59785773508311,95.70516204833984,745300,0.0,0.0,0.0
2023-09-18 00:00:00-04:00,95.5978567078361,95.9782965626091,95.50030936293783,95.69540405273438,889600,0.0,0.0,0.0
2023-09-19 00:00:00-04:00,95.51981826954099,95.59785912438649,94.90526328300015,95.49055480957031,1002100,0.0,0.0,0.0
2023-09-20 00:00:00-04:00,95.79294983477952,95.90025414513256,94.56383991282047,94.61260986328125,916300,0.0,0.0,0.0
2023-09-21 00:00:00-04:00,93.94927868561746,93.99805607907412,92.98354732273518,93.02256774902344,2062100,0.0,0.0,0.0
2023-09-22 00:00:00-04:00,93.24692625510784,93.55908966661215,92.72991862897821,92.79820251464844,1140100,0.0,0.0,0.0
2023-09-25 00:00:00-04:00,92.5055661033266,93.18840500153846,92.44703173891858,93.15914154052734,1136200,0.0,0.0,0.0
2023-09-26 00:00:00-04:00,92.54465474905815,92.76026352750296,91.69202207349993,91.84883117675781,1459800,0.443,0.0,0.0
2023-09-27 00:00:00-04:00,92.17224196034718,92.31924114451228,91.19220752154314,91.94683074951172,1549900,0.0,0.0,0.0
2023-09-28 00:00:00-04:00,91.819431503361,92.96607003397389,91.78022922747643,92.60345458984375,4696700,0.0,0.0,0.0
2023-09-29 00:00:00-04:00,93.2600905733231,93.33848765408253,92.06444723616713,92.30945587158203,1670200,0.0,0.0,0.0
2023-10-02 00:00:00-04:00,92.25063561182438,92.5152490876473,91.59401435667269,92.15263366699219,1812700,0.0,0.0,0.0
2023-10-03 00:00:00-04:00,91.68223787821847,91.97624376574656,90.5453941773126,90.82960510253906,2161200,0.0,0.0,0.0
2023-10-04 00:00:00-04:00,90.95699308320495,91.63321923277208,90.57478025355465,91.53521728515625,1765900,0.0,0.0,0.0
2023-10-05 00:00:00-04:00,91.40779876708984,91.63320995314143,90.75117755978305,91.40779876708984,1096900,0.0,0.0,0.0
2023-10-06 00:00:00-04:00,90.92759895391418,92.89747037603429,90.65319049253822,92.56425476074219,1274600,0.0,0.0,0.0
2023-10-09 00:00:00-04:00,92.10363854980032,93.27967686895205,92.02523400130507,93.15227508544922,1142400,0.0,0.0,0.0
2023-10-10 00:00:00-04:00,93.26988429209698,94.27931866022085,93.24048445257027,93.69129943847656,1234200,0.0,0.0,0.0
2023-10-11 00:00:00-04:00,93.92649619057019,94.13231000070952,93.37767930238351,94.02450561523438,938200,0.0,0.0,0.0
2023-10-12 00:00:00-04:00,94.13231869882787,94.13231869882787,92.77986627501228,93.2796859741211,1034600,0.0,0.0,0.0
2023-10-13 00:00:00-04:00,93.62269685416305,93.8285032068948,92.4368559777163,92.76026916503906,923900,0.0,0.0,0.0
2023-10-16 00:00:00-04:00,93.18167504592445,94.04410264931262,93.18167504592445,93.84809875488281,992200,0.0,0.0,0.0
2023-10-17 00:00:00-04:00,93.12287934612017,94.43612952689593,93.12287934612017,93.93630981445312,1109500,0.0,0.0,0.0
2023-10-18 00:00:00-04:00,93.48549997232278,93.67170893913773,92.34866372346936,92.58386993408203,1485200,0.0,0.0,0.0
2023-10-19 00:00:00-04:00,92.71127005648401,93.11308782450827,91.53523154771096,91.70183563232422,1697700,0.0,0.0,0.0
2023-10-20 00:00:00-04:00,91.59401886966091,91.66262098213049,90.50618003116506,90.56498718261719,2344100,0.0,0.0,0.0
2023-10-23 00:00:00-04:00,90.16316504448879,91.20199911864361,89.76134735040606,90.30036926269531,2077900,0.0,0.0,0.0
2023-10-24 00:00:00-04:00,90.82959154115917,91.30980631970554,90.40817643592521,91.01580047607422,1227300,0.0,0.0,0.0
2023-10-25 00:00:00-04:00,90.56498394480468,90.67278085162917,89.4967425436042,89.61434936523438,2106700,0.0,0.0,0.0
2023-10-26 00:00:00-04:00,89.40855387767851,89.6339576334677,88.44811674390039,88.71272277832031,2239000,0.0,0.0,0.0
2023-10-27 00:00:00-04:00,89.03613514327849,89.12434213864697,87.93850126008009,88.2423095703125,2365000,0.0,0.0,0.0
2023-10-30 00:00:00-04:00,88.8205130188094,89.45753686015566,88.49710735652376,89.24192810058594,1794500,0.0,0.0,0.0
2023-10-31 00:00:00-04:00,89.33013759609155,89.87895447075118,88.95771973651323,89.83975219726562,4558100,0.0,0.0,0.0
2023-11-01 00:00:00-04:00,89.97697088277701,90.84920104613127,89.83976664205187,90.70220184326172,1854300,0.0,0.0,0.0
2023-11-02 00:00:00-04:00,91.56462148281919,92.53485352144453,91.56462148281919,92.49565124511719,1626600,0.0,0.0,0.0
2023-11-03 00:00:00-04:00,93.05426380315278,93.91669886524062,93.05426380315278,93.54428100585938,1450500,0.0,0.0,0.0
2023-11-06 00:00:00-05:00,93.7305015874545,93.83830598361695,93.16207976715613,93.57369995117188,1417800,0.0,0.0,0.0
2023-11-07 00:00:00-05:00,93.57369547873292,94.01470800408612,93.33848181994615,93.8873062133789,1978400,0.0,0.0,0.0
2023-11-08 00:00:00-05:00,94.0245140775382,94.11271359519083,93.3874901452348,93.85790252685547,1263600,0.0,0.0,0.0
2023-11-09 00:00:00-05:00,94.08331745382438,94.12251973334523,92.97588109637361,93.07388305664062,1351800,0.0,0.0,0.0
2023-11-10 00:00:00-05:00,93.42668861176722,94.52432244214957,93.16207511546456,94.46552276611328,1435000,0.0,0.0,0.0
2023-11-13 00:00:00-05:00,94.18131180270046,94.62233180386582,93.97550545965119,94.40672302246094,889900,0.0,0.0,0.0
2023-11-14 00:00:00-05:00,95.81795534588154,96.78819473826367,95.81795534588154,96.51378631591797,1902800,0.0,0.0,0.0
2023-11-15 00:00:00-05:00,96.81760517768338,97.2390202944662,96.58239900091864,96.76860046386719,1854500,0.0,0.0,0.0
2023-11-16 00:00:00-05:00,96.58240788276267,96.81761408115726,96.28839452696673,96.71961212158203,1390400,0.0,0.0,0.0
2023-11-17 00:00:00-05:00,96.81761315509111,97.06262179022079,96.64120663871493,96.94501495361328,841500,0.0,0.0,0.0
2023-11-20 00:00:00-05:00,96.86661065278733,97.87605251293779,96.8078109728627,97.69964599609375,1197600,0.0,0.0,0.0
2023-11-21 00:00:00-05:00,97.42524319521027,97.55264500149129,97.16062966599581,97.39583587646484,1339400,0.0,0.0,0.0
2023-11-22 00:00:00-05:00,97.70942968908584,98.09164251865516,97.57222546703888,97.84663391113281,1009100,0.0,0.0,0.0
2023-11-24 00:00:00-05:00,97.80744828995738,97.96424992540663,97.72904373369775,97.91525268554688,364900,0.0,0.0,0.0
2023-11-27 00:00:00-05:00,97.7584457397461,97.98385697472105,97.65064134176723,97.7584457397461,818900,0.0,0.0,0.0
2023-11-28 00:00:00-05:00,97.65063001594267,98.15044966886767,97.51342579389569,97.84663391113281,796100,0.0,0.0,0.0
2023-11-29 00:00:00-05:00,98.2974666717473,98.71888182011023,97.82704680589586,97.86624908447266,1013900,0.0,0.0,0.0
2023-11-30 00:00:00-05:00,98.08185618759299,98.37586205624638,97.68003844690905,98.31706237792969,1532800,0.0,0.0,0.0
2023-12-01 00:00:00-05:00,98.16025976285142,99.21869134732867,98.02304805303316,99.12068939208984,1515700,0.0,0.0,0.0
2023-12-04 00:00:00-05:00,98.45426493060377,98.81688038719368,98.20925630570865,98.76787567138672,1634300,0.0,0.0,0.0
2023-12-05 00:00:00-05:00,98.39547000834662,98.82668012459317,98.28766561001743,98.5718765258789,890600,0.0,0.0,0.0
2023-12-06 00:00:00-05:00,99.01289092346455,99.15009516442365,98.15046319785444,98.23866271972656,2898300,0.0,0.0,0.0
2023-12-07 00:00:00-05:00,98.61106302047135,99.09127777802576,98.51305359980925,98.97367095947266,1375000,0.0,0.0,0.0
2023-12-08 00:00:00-05:00,98.76787700171175,99.56170256440177,98.76787700171175,99.41470336914062,1203600,0.0,0.0,0.0
2023-12-11 00:00:00-05:00,99.31668710534748,99.85570904113172,99.29708970635053,99.82630920410156,1727100,0.0,0.0,0.0
2023-12-12 00:00:00-05:00,99.77731154637691,100.28693368116697,99.47350323949011,100.2281265258789,1517200,0.0,0.0,0.0
2023-12-13 00:00:00-05:00,100.27713301974283,101.85498921450059,100.1693286230523,101.80598449707031,1253400,0.0,0.0,0.0
2023-12-14 00:00:00-05:00,102.27640812435526,102.80562768837395,101.7765884010481,102.41361236572266,1637300,0.0,0.0,0.0
2023-12-15 00:00:00-05:00,102.3156010951834,102.54100483817712,101.97259052297359,102.2273941040039,1826500,0.0,0.0,0.0
2023-12-18 00:00:00-05:00,102.52141338920241,102.91342869894025,102.21760507576388,102.67821502685547,1444200,0.0,0.0,0.0
2023-12-19 00:00:00-05:00,102.84482175611814,103.472043231448,102.84482175611814,103.45243835449219,1409700,0.0,0.0,0.0
2023-12-20 00:00:00-05:00,103.2880336706845,103.75072431838235,101.87043707113843,101.9196548461914,1294400,0.473,0.0,0.0
2023-12-21 00:00:00-05:00,102.61860873782271,103.08129937828748,102.14607904893563,103.0320816040039,1708100,0.0,0.0,0.0
2023-12-22 00:00:00-05:00,103.31756304733383,103.6522784579846,102.8450333638225,103.30772399902344,1589400,0.0,0.0,0.0
2023-12-26 00:00:00-05:00,103.35693403188094,104.00667168645212,103.35693403188094,103.79009246826172,1206500,0.0,0.0,0.0
2023-12-27 00:00:00-05:00,103.74088521692691,104.0559075406643,103.65228870902796,103.97715759277344,1190300,0.0,0.0,0.0
2023-12-28 00:00:00-05:00,104.02637316458126,104.20357368734474,103.94761570763649,104.04606628417969,1169400,0.0,0.0,0.0
2023-12-29 00:00:00-05:00,103.95746367129783,104.06575329837813,103.21912940160009,103.59322357177734,1804800,0.0,0.0,0.0
2024-01-02 00:00:00-05:00,102.84503594644943,103.21912258118356,102.46110275243375,102.88441467285156,1423200,0.0,0.0,0.0
2024-01-03 00:00:00-05:00,102.3528143150392,102.43157176875337,101.73260875544518,101.82121276855469,1895200,0.0,0.0,0.0
2024-01-04 00:00:00-05:00,101.74245185027732,102.33311771157184,101.51603356696431,101.55541229248047,1618400,0.0,0.0,0.0
2024-01-05 00:00:00-05:00,101.53572063057598,102.264208286263,101.407745403856,101.71292114257812,1609000,0.0,0.0,0.0
2024-01-08 00:00:00-05:00,101.80153692997666,103.20928711891203,101.77199724895591,103.15022277832031,3488700,0.0,0.0,0.0
2024-01-09 00:00:00-05:00,102.5595388792417,103.22896216137148,102.42171710151412,102.9631576538086,1687500,0.0,0.0,0.0
2024-01-10 00:00:00-05:00,103.04192974347471,103.69166751142365,102.8942613861477,103.4947738647461,992800,0.0,0.0,0.0
2024-01-11 00:00:00-05:00,103.64243391211936,103.7802556983809,102.5004808958489,103.416015625,1507500,0.0,0.0,0.0
2024-01-12 00:00:00-05:00,103.77042840468123,104.00669327778952,103.15022278552524,103.45539855957031,1284700,0.0,0.0,0.0
2024-01-16 00:00:00-05:00,103.08130445531397,103.3766411584575,102.58908162389099,102.97301483154297,1533700,0.0,0.0,0.0
2024-01-17 00:00:00-05:00,102.2838976417576,102.48078375419499,101.85073918152688,102.41187286376953,1069000,0.0,0.0,0.0
2024-01-18 00:00:00-05:00,102.80565968767247,103.37663996812239,102.38234775709398,103.2486572265625,1893000,0.0,0.0,0.0
2024-01-19 00:00:00-05:00,103.56367136723719,104.60718878283555,103.30772092575104,104.56781005859375,1483300,0.0,0.0,0.0
2024-01-22 00:00:00-05:00,104.92221191385079,105.34552381446598,104.75485796751364,104.95174407958984,1166000,0.0,0.0,0.0
2024-01-23 00:00:00-05:00,105.1092659800689,105.24709529042151,104.77455804117982,105.17817687988281,971500,0.0,0.0,0.0
2024-01-24 00:00:00-05:00,105.83774297526024,105.97556475113119,105.1190944204559,105.16831970214844,2371900,0.0,0.0,0.0
2024-01-25 00:00:00-05:00,105.69007995537092,105.83774829715034,105.1683249903776,105.71961212158203,1696400,0.0,0.0,0.0
2024-01-26 00:00:00-05:00,105.67039367935372,106.04448783751329,105.49320067061416,105.64086151123047,987800,0.0,0.0,0.0
2024-01-29 00:00:00-05:00,105.71961995016154,106.6351547241211,105.65070905365812,106.6351547241211,1061800,0.0,0.0,0.0
2024-01-30 00:00:00-05:00,106.42842102050781,106.61546809954531,106.29059922881417,106.42842102050781,1374400,0.0,0.0,0.0
2024-01-31 00:00:00-05:00,105.98542385038756,106.14293125113858,104.65641619466824,104.67610931396484,2319200,0.0,0.0,0.0
2024-02-01 00:00:00-05:00,104.99112453134175,106.02478790283203,104.75485969081882,106.02478790283203,1233200,0.0,0.0,0.0
2024-02-02 00:00:00-05:00,106.00511549586713,107.34396227675664,105.87714025604856,107.00924682617188,1537700,0.0,0.0,0.0
2024-02-05 00:00:00-05:00,106.80250667897963,106.8714175741884,105.93619720910873,106.52686309814453,1066600,0.0,0.0,0.0
2024-02-06 00:00:00-05:00,106.65483549590996,106.90094690236431,106.42841720797743,106.82219696044922,1399300,0.0,0.0,0.0
2024-02-07 00:00:00-05:00,107.37347893498533,107.82632299975965,107.08798881596428,107.66881561279297,1043300,0.0,0.0,0.0
2024-02-08 00:00:00-05:00,107.68850766849413,107.9838443639878,107.61959677430883,107.94446563720703,1375200,0.0,0.0,0.0
2024-02-09 00:00:00-05:00,108.05276546509238,108.7221888621524,108.00354017428545,108.61389923095703,1025700,0.0,0.0,0.0
2024-02-12 00:00:00-05:00,108.61388762973986,109.26361783678847,108.56466234419076,108.70248413085938,1166800,0.0,0.0,0.0
2024-02-13 00:00:00-05:00,107.14706453364234,107.49162653127539,106.27090847662154,106.9698715209961,1316400,0.0,0.0,0.0
2024-02-14 00:00:00-05:00,107.63928163693816,108.24964063172709,107.18643754818153,108.17088317871094,1029900,0.0,0.0,0.0
2024-02-15 00:00:00-05:00,108.41700174499998,109.08642511839024,108.26934089924997,109.00767517089844,1122900,0.0,0.0,0.0
2024-02-16 00:00:00-05:00,108.93875000709188,109.19470044669156,108.28901232797669,108.42683410644531,1115700,0.0,0.0,0.0
2024-02-20 00:00:00-05:00,107.99368238915679,108.10197200909657,107.23566256030243,107.73773193359375,1354600,0.0,0.0,0.0
2024-02-21 00:00:00-05:00,107.38333674575176,107.77711652051558,106.96002480225745,107.7574234008789,1334100,0.0,0.0,0.0
2024-02-22 00:00:00-05:00,109.13564640530281,110.05118116900198,108.92891371810936,109.88382720947266,1189600,0.0,0.0,0.0
2024-02-23 00:00:00-05:00,110.22839134079385,110.3957453149783,109.7755471990874,109.99212646484375,1127100,0.0,0.0,0.0
2024-02-26 00:00:00-05:00,110.01180430048065,110.1693192137991,109.637717647436,109.68693542480469,1207800,0.0,0.0,0.0
2024-02-27 00:00:00-05:00,109.85428356004711,110.02164502425155,109.52942221232756,109.97241973876953,857900,0.0,0.0,0.0
2024-02-28 00:00:00-05:00,109.61800885143707,109.97240984499624,109.52941235840896,109.73614501953125,1061500,0.0,0.0,0.0
2024-02-29 00:00:00-05:00,110.22837188729318,110.55324072859366,109.6081663701334,110.25790405273438,1581600,0.0,0.0,0.0
2024-03-01 00:00:00-05:00,110.39572690588018,111.32110815589938,110.27759073224249,111.252197265625,1438300,0.0,0.0,0.0
2024-03-04 00:00:00-05:00,111.0848388671875,111.56722262311366,111.0848388671875,111.0848388671875,1066900,0.0,0.0,0.0
2024-03-05 00:00:00-05:00,110.68121878102235,110.79935495653349,109.5097261170561,109.96257019042969,1291300,0.0,0.0,0.0
2024-03-06 00:00:00-05:00,110.8190538616878,111.09469746023295,110.287452274183,110.64185333251953,1050200,0.0,0.0,0.0
2024-03-07 00:00:00-05:00,111.35064481312276,111.92162507598398,111.19312990858558,111.7247314453125,929100,0.0,0.0,0.0
2024-03-08 00:00:00-05:00,111.95116227101335,112.5024494402056,110.89780570946424,111.05531311035156,1220300,0.0,0.0,0.0
2024-03-11 00:00:00-04:00,110.75997021611643,111.03561376661534,110.32681177349045,110.90763854980469,942700,0.0,0.0,0.0
2024-03-12 00:00:00-04:00,111.36049833809214,112.07913948050393,110.74029275108731,111.95116424560547,1427200,0.0,0.0,0.0
2024-03-13 00:00:00-04:00,111.97084485987023,112.15789193468358,111.53769388606837,111.83302307128906,766200,0.0,0.0,0.0
2024-03-14 00:00:00-04:00,112.02006342875374,112.02990998755456,110.74028117070112,111.42939758300781,1380500,0.0,0.0,0.0
2024-03-15 00:00:00-04:00,110.78951948214629,111.1537670933727,110.44496499083732,110.71076202392578,1079600,0.0,0.0,0.0
2024-03-18 00:00:00-04:00,111.60660293087903,111.82317465882898,111.18329101275917,111.24235534667969,3174400,0.0,0.0,0.0
2024-03-19 00:00:00-04:00,111.12422815751957,111.96101301294705,110.92734202137467,111.88225555419922,3209500,0.0,0.0,0.0
2024-03-20 00:00:00-04:00,111.9216303056658,113.1226552213471,111.80349412174286,113.06358337402344,1483400,0.0,0.0,0.0
2024-03-21 00:00:00-04:00,113.65386446474074,113.93024924397638,113.48606049605058,113.49593353271484,1391400,0.308,0.0,0.0
2024-03-22 00:00:00-04:00,113.49592307681,113.56501926525337,113.15043460367345,113.1800537109375,1965800,0.0,0.0,0.0
2024-03-25 00:00:00-04:00,112.91354120341467,113.2294105881459,112.91354120341467,112.9530258178711,1115000,0.0,0.0,0.0
2024-03-26 00:00:00-04:00,113.30837448190438,113.35772459946112,112.6766357421875,112.6766357421875,1116100,0.0,0.0,0.0
2024-03-27 00:00:00-04:00,113.44657285769429,113.81179989533639,113.00238412160327,113.78218078613281,1503900,0.0,0.0,0.0
2024-03-28 00:00:00-04:00,113.7821866143769,114.1178020909268,113.76244807148366,113.81180572509766,1294300,0.0,0.0,0.0
2024-04-01 00:00:00-04:00,113.96973125226485,114.05857351836968,113.30838089837873,113.53540802001953,1174900,0.0,0.0,0.0
2024-04-02 00:00:00-04:00,112.58780050499392,112.70625435017561,112.20283492180381,112.68651580810547,1180000,0.0,0.0,0.0
2024-04-03 00:00:00-04:00,112.46934284024177,113.18005077776611,112.4199851936672,112.86417388916016,1194500,0.0,0.0,0.0
2024-04-04 00:00:00-04:00,113.74269593403628,113.8512692033533,111.42302204799691,111.50199127197266,2063000,0.0,0.0,0.0
2024-04-05 00:00:00-04:00,111.75863282992128,113.08133338728864,111.68953664455013,112.6568832397461,1164600,0.0,0.0,0.0
2024-04-08 00:00:00-04:00,112.79509231964707,113.06161159621675,112.61741531224078,112.755615234375,1186200,0.0,0.0,0.0
2024-04-09 00:00:00-04:00,113.16031629749534,113.21953945471527,111.8672271587248,112.92341613769531,1579700,0.0,0.0,0.0
2024-04-10 00:00:00-04:00,111.620449086578,112.14360703495548,111.2157374474664,111.67967224121094,1618800,0.0,0.0,0.0
2024-04-11 00:00:00-04:00,111.99554418323387,112.72599072048087,111.18612841738718,112.47921752929688,1607300,0.0,0.0,0.0
2024-04-12 00:00:00-04:00,111.72903232745213,111.95605944577638,110.44580872233891,110.80116271972656,1105400,0.0,0.0,0.0
2024-04-15 00:00:00-04:00,111.77838760875697,111.77838760875697,109.16259015810847,109.28104400634766,1806100,0.0,0.0,0.0
2024-04-16 00:00:00-04:00,109.33039004332178,109.7745787479149,108.83684369114292,109.10335540771484,3013800,0.0,0.0,0.0
2024-04-17 00:00:00-04:00,109.68574021579259,109.73509033074735,108.17548210452391,108.44200134277344,1271300,0.0,0.0,0.0
2024-04-18 00:00:00-04:00,108.73813832111333,109.27116176599343,108.0076842815431,108.22484588623047,1512600,0.0,0.0,0.0
2024-04-19 00:00:00-04:00,108.16563092738518,108.47162728576212,107.08969585835199,107.3759536743164,2009400,0.0,0.0,0.0
2024-04-22 00:00:00-04:00,107.96820363015863,108.98491550130915,107.46479174364384,108.40252685546875,1495800,0.0,0.0,0.0
2024-04-23 00:00:00-04:00,108.87633010883778,109.91277294705193,108.74800323535426,109.67587280273438,1243800,0.0,0.0,0.0
2024-04-24 00:00:00-04:00,110.07071464387356,110.159549376518,109.20206820422115,109.7449722290039,1106800,0.0,0.0,0.0
2024-04-25 00:00:00-04:00,108.36304230376636,109.43897733138152,107.93859211449215,109.2415542602539,1063800,0.0,0.0,0.0
2024-04-26 00:00:00-04:00,109.81407139908993,110.62348717468235,109.71536362761186,110.29774475097656,745300,0.0,0.0,0.0
2024-04-29 00:00:00-04:00,110.6234773603667,110.86037749708075,110.1101924756664,110.69257354736328,977700,0.0,0.0,0.0
2024-04-30 00:00:00-04:00,110.36684294030611,110.5543929811508,108.82698059082031,108.82698059082031,1153600,0.0,0.0,0.0
2024-05-01 00:00:00-04:00,108.82696897746914,110.37670419817908,108.46174197135701,108.6492919921875,2643400,0.0,0.0,0.0
2024-05-02 00:00:00-04:00,109.49820093515952,109.92265112616994,108.46175051753032,109.71536254882812,1161300,0.0,0.0,0.0
2024-05-03 00:00:00-04:00,111.0775489623744,111.44277600090201,110.50503334444038,111.01832580566406,784100,0.0,0.0,0.0
2024-05-06 00:00:00-04:00,111.55134957999445,112.22257292592205,111.53160350842377,112.21269989013672,711100,0.0,0.0,0.0
2024-05-07 00:00:00-04:00,112.44961475063805,112.66677638082038,112.20284154014371,112.34103393554688,870800,0.0,0.0,0.0
2024-05-08 00:00:00-04:00,111.94619080152317,112.36076794321099,111.84747550318994,112.29167175292969,727200,0.0,0.0,0.0
2024-05-09 00:00:00-04:00,112.26207396090518,112.95303594856419,112.14362010691185,112.9135513305664,824300,0.0,0.0,0.0
2024-05-10 00:00:00-04:00,113.2985010739781,113.45643952384859,112.77534313789171,113.04185485839844,848400,0.0,0.0,0.0
2024-05-13 00:00:00-04:00,113.40708317707382,113.40708317707382,112.85431365802269,113.0221176147461,706400,0.0,0.0,0.0
2024-05-14 00:00:00-04:00,113.22940668937336,113.74269912871277,113.07147576790578,113.61437225341797,1093400,0.0,0.0,0.0
2024-05-15 00:00:00-04:00,114.26585775750566,115.10488508080958,114.09804626810892,115.04566192626953,1025800,0.0,0.0,0.0
2024-05-16 00:00:00-04:00,115.07527378404009,115.34178551103993,114.68043518066406,114.68043518066406,809000,0.0,0.0,0.0
2024-05-17 00:00:00-04:00,114.78902055633593,114.88772832838097,114.44353958871812,114.8482437133789,572600,0.0,0.0,0.0
2024-05-20 00:00:00-04:00,114.92720928432027,115.38127104600726,114.85811309299659,115.02591705322266,2097000,0.0,0.0,0.0
2024-05-21 00:00:00-04:00,114.88772425038061,115.28256285546608,114.83836660064993,115.27268981933594,863500,0.0,0.0,0.0
2024-05-22 00:00:00-04:00,115.12462848747315,115.24308233247937,114.39418193723546,114.8482437133789,948700,0.0,0.0,0.0
2024-05-23 00:00:00-04:00,115.48985727046254,115.50959581280124,113.65386406522771,113.86115264892578,695900,0.0,0.0,0.0
2024-05-24 00:00:00-04:00,114.28560477862072,114.85812041805468,114.117800807693,114.67057037353516,590900,0.0,0.0,0.0
2024-05-28 00:00:00-04:00,114.8581090758799,114.99630145369402,114.11778953862435,114.72978973388672,740100,0.0,0.0,0.0
2024-05-29 00:00:00-04:00,113.82167123108398,114.09805601711295,113.69335187497641,113.81180572509766,784400,0.0,0.0,0.0
2024-05-30 00:00:00-04:00,113.55514947607337,113.76243804732991,112.93328376230373,113.24915313720703,897100,0.0,0.0,0.0
2024-05-31 00:00:00-04:00,113.47619232722238,114.1671618358727,112.27193785381874,114.13754272460938,1251500,0.0,0.0,0.0
2024-06-03 00:00:00-04:00,114.55212744216787,114.60147756576528,113.08135368383944,114.13754272460938,827300,0.0,0.0,0.0
2024-06-04 00:00:00-04:00,113.92038862512346,114.32509277467344,113.47619232722238,114.13754272460938,856900,0.0,0.0,0.0
2024-06-05 00:00:00-04:00,114.71004872126245,115.52933751937881,114.23624841383813,115.48985290527344,688900,0.0,0.0,0.0
2024-06-06 00:00:00-04:00,115.50958691189788,115.66752536211865,115.0752712356304,115.44049072265625,845100,0.0,0.0,0.0
2024-06-07 00:00:00-04:00,115.19371351910084,115.79584066042784,114.91732877178737,115.14436340332031,746500,0.0,0.0,0.0
2024-06-10 00:00:00-04:00,114.99630914686715,115.66753254012,114.87785530185067,115.5688247680664,894300,0.0,0.0,0.0
2024-06-11 00:00:00-04:00,115.22828422150808,115.81234147941967,114.72341591964577,115.77274322509766,1424500,0.336,0.0,0.0
2024-06-12 00:00:00-04:00,116.92106647704495,117.49522981880358,116.60428800445304,116.87156677246094,1114900,0.0,0.0,0.0
2024-06-13 00:00:00-04:00,117.23784626287492,117.23784626287492,116.30730618495265,116.93096923828125,929800,0.0,0.0,0.0
2024-06-14 00:00:00-04:00,116.51519662201372,116.79238440969438,116.18852423214555,116.76268005371094,1153900,0.0,0.0,0.0
2024-06-17 00:00:00-04:00,116.69337760577297,117.99019584151486,116.52509069549777,117.7328109741211,1313700,0.0,0.0,0.0
2024-06-18 00:00:00-04:00,117.75261263006651,118.04959576623966,117.6833175719721,118.02980041503906,1613900,0.0,0.0,0.0
2024-06-20 00:00:00-04:00,118.20799352786868,118.36637900161138,117.30715018391109,117.65362548828125,914200,0.0,0.0,0.0
2024-06-21 00:00:00-04:00,117.54473141377794,117.732821243194,117.15865785530981,117.4952392578125,776900,0.0,0.0,0.0
2024-06-24 00:00:00-04:00,117.50512638023073,118.1782815938161,117.27744586021205,117.2972412109375,2469100,0.0,0.0,0.0
2024-06-25 00:00:00-04:00,117.52492769684689,117.7031160613489,117.15864951631646,117.64371490478516,748900,0.0,0.0,0.0
2024-06-26 00:00:00-04:00,117.36653721596979,117.87140551838802,117.22794710198748,117.76251220703125,877800,0.0,0.0,0.0
2024-06-27 00:00:00-04:00,117.72291602171744,118.0693913127627,117.60412880912759,117.98030090332031,885100,0.0,0.0,0.0
2024-06-28 00:00:00-04:00,118.18818787960727,118.861343120726,117.31704891275743,117.5843276977539,1501900,0.0,0.0,0.0
2024-07-01 00:00:00-04:00,117.98029732447834,117.98029732447834,117.23784705793378,117.75260925292969,1397300,0.0,0.0,0.0
2024-07-02 00:00:00-04:00,117.42593968683981,118.4950623562872,117.42593968683981,118.48516845703125,758600,0.0,0.0,0.0
2024-07-03 00:00:00-04:00,118.46536396326361,119.06922412394559,118.46536396326361,118.8316421508789,429900,0.0,0.0,0.0
2024-07-05 00:00:00-04:00,118.99993621386079,119.66319001949363,118.87124754417829,119.5938949584961,688400,0.0,0.0,0.0
2024-07-08 00:00:00-04:00,119.73247385484443,119.95026046973076,119.51469479255259,119.72257995605469,848500,0.0,0.0,0.0
2024-07-09 00:00:00-04:00,119.9304741898426,120.0888596609966,119.71268755848516,119.73248291015625,1091300,0.0,0.0,0.0
2024-07-10 00:00:00-04:00,120.05915159952822,120.9896916453118,119.90076614322564,120.88079833984375,1365200,0.0,0.0,0.0
2024-07-11 00:00:00-04:00,121.0985953342994,121.43516917817314,120.21755491640046,120.28684997558594,912000,0.0,0.0,0.0
2024-07-12 00:00:00-04:00,120.58383080237675,121.92024744166122,120.58383080237675,121.13819885253906,805000,0.0,0.0,0.0
2024-07-15 00:00:00-04:00,121.59356069050799,122.32610952888436,121.26688075015011,121.60345458984375,1915800,0.0,0.0,0.0
2024-07-16 00:00:00-04:00,121.98953839114772,122.75178404960424,121.93013723084293,122.69239044189453,1672900,0.0,0.0,0.0
2024-07-17 00:00:00-04:00,121.40546765145432,121.87073769613953,120.90059935269005,120.96989440917969,3079700,0.0,0.0,0.0
2024-07-18 00:00:00-04:00,121.29656867622025,121.57374888923417,119.41569323457587,119.86116790771484,1222400,0.0,0.0,0.0
2024-07-19 00:00:00-04:00,119.79188217509495,120.1284560163441,118.91084176406639,119.1583251953125,3401800,0.0,0.0,0.0
2024-07-22 00:00:00-04:00,119.92057253282366,120.53433416991008,119.54440043095491,120.44523620605469,1919600,0.0,0.0,0.0
2024-07-23 00:00:00-04:00,120.40564162247364,120.93031286430184,120.24725614675958,120.3165512084961,3100800,0.0,0.0,0.0
2024-07-24 00:00:00-04:00,119.33651186251717,119.39590546833708,117.38634124375181,117.51502990722656,1293100,0.0,0.0,0.0
2024-07-25 00:00:00-04:00,117.61401420126126,119.1484143753841,116.88146541709544,117.15864562988281,1465200,0.0,0.0,0.0
2024-07-26 00:00:00-04:00,118.03969789469465,119.1187296064308,117.95060748269736,118.56436157226562,816500,0.0,0.0,0.0
2024-07-29 00:00:00-04:00,119.04943605415674,119.14842791960595,118.14859270759986,118.57426452636719,1677400,0.0,0.0,0.0
2024-07-30 00:00:00-04:00,118.89104381123293,119.15833015756283,117.30715129581691,118.06939697265625,1313800,0.0,0.0,0.0
2024-07-31 00:00:00-04:00,119.55428964624686,120.5541247981439,119.17811755911681,119.80177307128906,1012900,0.0,0.0,0.0
2024-08-01 00:00:00-04:00,120.10865665262912,120.68282000656235,117.17845383087307,118.00999450683594,1534300,0.0,0.0,0.0
2024-08-02 00:00:00-04:00,116.28751542678745,116.34690903322347,114.5848282180692,115.58466339111328,2905400,0.0,0.0,0.0
2024-08-05 00:00:00-04:00,110.832978414875,113.53550079434795,110.5161999264931,112.26838684082031,3580600,0.0,0.0,0.0
2024-08-06 00:00:00-04:00,112.75345507136198,114.87191268155476,112.28818500277472,113.30781555175781,2607300,0.0,0.0,0.0
2024-08-07 00:00:00-04:00,114.7036208756025,115.2678827841598,112.2980816754172,112.35747528076172,1518400,0.0,0.0,0.0
2024-08-08 00:00:00-04:00,113.65428569333424,115.18868594954988,113.16922029500459,115.10948944091797,1140600,0.0,0.0,0.0
2024-08-09 00:00:00-04:00,115.00059266440691,115.8222394233663,114.62442058863256,115.54505920410156,803900,0.0,0.0,0.0
2024-08-12 00:00:00-04:00,115.8321381306416,116.0103264891753,115.0797864443222,115.47576141357422,998900,0.0,0.0,0.0
2024-08-13 00:00:00-04:00,116.2083227508887,117.45564139536593,116.04993727763494,117.396240234375,1046700,0.0,0.0,0.0
2024-08-14 00:00:00-04:00,117.5447272784979,117.99020198208574,116.96067001152512,117.72291564941406,2285000,0.0,0.0,0.0
2024-08-15 00:00:00-04:00,118.99003240961797,119.89087573737523,118.92073734999012,119.781982421875,1748500,0.0,0.0,0.0
2024-08-16 00:00:00-04:00,119.43550131640252,120.22744373755773,119.43550131640252,120.04925537109375,839100,0.0,0.0,0.0
2024-08-19 00:00:00-04:00,120.06906370711916,121.23718581732712,120.02946545138049,121.20748901367188,799100,0.0,0.0,0.0
2024-08-20 00:00:00-04:00,121.1183803005948,121.42526486718401,120.63331492788807,120.88079833984375,861800,0.0,0.0,0.0
2024-08-21 00:00:00-04:00,121.14809113977618,121.70245918255907,120.85111554257362,121.48467254638672,769300,0.0,0.0,0.0
2024-08-22 00:00:00-04:00,121.8608412804047,121.97963604755101,120.26704736268461,120.54422760009766,835500,0.0,0.0,0.0
2024-08-23 00:00:00-04:00,121.20747636541721,122.14791029514036,121.02928800948507,121.9895248413086,1104200,0.0,0.0,0.0
2024-08-26 00:00:00-04:00,122.19742341093135,122.43500539405457,121.40547339706052,121.72225189208984,1428500,0.0,0.0,0.0
2024-08-27 00:00:00-04:00,121.35596562096595,121.92023506633674,121.17778480991568,121.82123565673828,833300,0.0,0.0,0.0
2024-08-28 00:00:00-04:00,121.62326127215596,121.80144964946919,120.41554088732126,121.11839294433594,824500,0.0,0.0,0.0
2024-08-29 00:00:00-04:00,121.52426306506698,122.3360083965513,120.98969796102683,121.17778778076172,793100,0.0,0.0,0.0
2024-08-30 00:00:00-04:00,121.6529570943255,122.40530885386362,120.90060533478737,122.33601379394531,677000,0.0,0.0,0.0
2024-09-03 00:00:00-04:00,121.64305753667476,121.68265579332981,119.13852633585586,119.5938949584961,1232800,0.0,0.0,0.0
2024-09-04 00:00:00-04:00,119.19792374397144,120.18785747139214,119.08903042974757,119.41570281982422,1139000,0.0,0.0,0.0
2024-09-05 00:00:00-04:00,119.4058107992135,119.9601712784613,118.55446717602861,119.01973724365234,1450300,0.0,0.0,0.0
2024-09-06 00:00:00-04:00,119.20780997629483,119.51469454782195,116.89136882836242,117.0695571899414,1823100,0.0,0.0,0.0
2024-09-09 00:00:00-04:00,118.01989145465485,118.66334984036294,117.57441677873646,118.336669921875,903300,0.0,0.0,0.0
2024-09-10 00:00:00-04:00,118.71284927851106,118.84154549510913,117.59422689960515,118.74254608154297,740000,0.0,0.0,0.0
2024-09-11 00:00:00-04:00,118.7425439293114,120.10865726477678,116.82207769297345,119.90077209472656,758000,0.0,0.0,0.0
2024-09-12 00:00:00-04:00,120.13836307238412,121.05900178166826,119.5840025773641,120.93031311035156,638900,0.0,0.0,0.0
2024-09-13 00:00:00-04:00,121.2272772307941,122.01922719376958,121.16788362697905,121.77174377441406,736800,0.0,0.0,0.0
2024-09-16 00:00:00-04:00,121.7321458265106,122.10831790594099,121.38567054906227,122.02912139892578,740700,0.0,0.0,0.0
2024-09-17 00:00:00-04:00,122.54389369189305,122.93986868261422,121.68264865351911,122.14791870117188,2028400,0.0,0.0,0.0
2024-09-18 00:00:00-04:00,122.3558007476728,123.51402133506697,121.74204670269191,121.82123565673828,1363900,0.0,0.0,0.0
2024-09-19 00:00:00-04:00,123.93969707096556,124.37527031879017,123.31604155461245,123.98919677734375,1399800,0.0,0.0,0.0
2024-09-20 00:00:00-04:00,123.64272901351487,123.939704612069,123.0685656160102,123.68232727050781,976700,0.0,0.0,0.0
2024-09-23 00:00:00-04:00,123.88030053967763,124.12778396053405,123.68231682403035,123.96939849853516,1157100,0.0,0.0,0.0
2024-09-24 00:00:00-04:00,124.24658175974946,124.31587681717997,123.56352508465231,124.29607391357422,823800,0.0,0.0,0.0
2024-09-25 00:00:00-04:00,124.29210346487717,124.46102487262755,123.73567787905493,123.89466094970703,713900,0.466,0.0,0.0
2024-09-26 00:00:00-04:00,124.85847089141961,124.90814741382871,123.98407919284541,124.43121337890625,844900,0.0,0.0,0.0
2024-09-27 00:00:00-04:00,124.75910633216976,124.94789683274071,124.10332011979861,124.36166381835938,878900,0.0,0.0,0.0
2024-09-30 00:00:00-04:00,124.16293180958539,124.92802454866286,123.59656790306758,124.8187255859375,1034800,0.0,0.0,0.0
2024-10-01 00:00:00-04:00,124.81872481531963,124.81872481531963,123.07988733998967,123.68599700927734,1420900,0.0,0.0,0.0
2024-10-02 00:00:00-04:00,123.4276539323936,123.93440297889856,122.92090488588865,123.71580505371094,853500,0.0,0.0,0.0
2024-10-03 00:00:00-04:00,123.3382239610836,123.85491134396148,122.96065055108039,123.46739959716797,792800,0.0,0.0,0.0
2024-10-04 00:00:00-04:00,124.47095376430671,124.69949002976291,123.60650796795879,124.65974426269531,682200,0.0,0.0,0.0
2024-10-07 00:00:00-04:00,124.30203856883624,124.35172267230524,123.23886394887654,123.49720764160156,759600,0.0,0.0,0.0
2024-10-08 00:00:00-04:00,124.04369650139068,124.71935938148063,123.8350369094007,124.55044555664062,612700,0.0,0.0,0.0
2024-10-09 00:00:00-04:00,124.64980474032431,125.55400387587082,124.46102182446097,125.45464324951172,852100,0.0,0.0,0.0
2024-10-10 00:00:00-04:00,125.12675173509518,125.49439440722,124.79885483136741,125.22611236572266,1640300,0.0,0.0,0.0
2024-10-11 00:00:00-04:00,125.27579225451996,126.26941368880885,125.18636238345438,126.12036895751953,533500,0.0,0.0,0.0
2024-10-14 00:00:00-04:00,126.49794062435731,127.31271746670876,126.40851833525815,127.13385772705078,578900,0.0,0.0,0.0
2024-10-15 00:00:00-04:00,127.13385706012548,127.28290936930183,126.07068244894367,126.2495346069336,1121400,0.0,0.0,0.0
2024-10-16 00:00:00-04:00,126.43832841822535,127.03449976691971,126.1998613948936,126.89539337158203,1183300,0.0,0.0,0.0
2024-10-17 00:00:00-04:00,127.60086857805945,127.68036011579474,126.87552914323315,126.88545989990234,665200,0.0,0.0,0.0
2024-10-18 00:00:00-04:00,127.31272186614525,127.55118131198326,126.98482496665783,127.342529296875,510500,0.0,0.0,0.0
2024-10-21 00:00:00-04:00,127.18354485484308,127.36238943729438,126.39858300425449,127.03450012207031,627500,0.0,0.0,0.0
2024-10-22 00:00:00-04:00,126.39858902999501,127.11399771682565,126.35884326064549,126.83578491210938,698200,0.0,0.0,0.0
2024-10-23 00:00:00-04:00,126.41845945884174,126.51782008694106,124.93795805146088,125.68317413330078,1289400,0.0,0.0,0.0
2024-10-24 00:00:00-04:00,126.15017726088521,126.19986136523556,125.46457604064632,126.04087829589844,722100,0.0,0.0,0.0
2024-10-25 00:00:00-04:00,126.57743998368935,127.1338655877676,125.73286324014764,125.9216537475586,885600,0.0,0.0,0.0
2024-10-28 00:00:00-04:00,126.65692251302602,126.81589799685668,126.40851716019769,126.46813201904297,1029400,0.0,0.0,0.0
2024-10-29 00:00:00-04:00,126.28928083347535,126.87552141264035,125.90176908653993,126.63704681396484,656400,0.0,0.0,0.0
2024-10-30 00:00:00-04:00,126.51782217379267,127.08418610210369,126.1899252729994,126.26941680908203,1569900,0.0,0.0,0.0
2024-10-31 00:00:00-04:00,125.51426242633147,125.55400819438817,123.93440794491093,123.95427703857422,1188500,0.0,0.0,0.0
2024-11-01 00:00:00-04:00,124.53057948789075,125.474516843256,124.38153475264093,124.45108795166016,1043500,0.0,0.0,0.0
2024-11-04 00:00:00-05:00,124.46102470670986,124.82865979082517,123.89466078454437,124.25236511230469,895200,0.0,0.0,0.0
2024-11-05 00:00:00-05:00,124.45108667367805,125.85209655761719,124.35172604477522,125.85209655761719,820500,0.0,0.0,0.0
2024-11-06 00:00:00-05:00,128.68391958691217,129.50862728063996,128.03807165350992,129.30990600585938,1438700,0.0,0.0,0.0
2024-11-07 00:00:00-05:00,129.82659522629112,130.53205803563654,129.69741957325817,130.25384521484375,965700,0.0,0.0,0.0
2024-11-08 00:00:00-05:00,130.39293909175413,131.1580318561237,130.3432549867893,130.86988830566406,862300,0.0,0.0,0.0
2024-11-11 00:00:00-05:00,131.38655668884996,131.4958556519804,130.89969189428137,131.29713439941406,794100,0.0,0.0,0.0
2024-11-12 00:00:00-05:00,131.2176484723354,131.33687819667733,130.18428881796456,130.71090698242188,779500,0.0,0.0,0.0
2024-11-13 00:00:00-05:00,130.8996962579083,131.2673313454844,130.41281628564954,130.6512908935547,1137200,0.0,0.0,0.0
2024-11-14 00:00:00-05:00,130.79038277171443,130.84999762670765,129.58809427066996,129.71726989746094,907500,0.0,0.0,0.0
2024-11-15 00:00:00-05:00,129.0912889497744,129.0912889497744,127.67041764199246,128.0281219482422,2133300,0.0,0.0,0.0
2024-11-18 00:00:00-05:00,128.14736132339686,128.9422615262587,128.00825492500556,128.61436462402344,847300,0.0,0.0,0.0
2024-11-19 00:00:00-05:00,127.86914844757236,129.3198272925477,127.72009613130646,129.22047424316406,778200,0.0,0.0,0.0
2024-11-20 00:00:00-05:00,129.29002231453384,129.33970642089844,128.0281339493447,129.33970642089844,880600,0.0,0.0,0.0
2024-11-21 00:00:00-05:00,130.0451794305513,130.51218272210556,128.82301413829128,130.2041473388672,1042900,0.0,0.0,0.0
2024-11-22 00:00:00-05:00,130.20414727108013,130.95930927139267,130.20414727108013,130.8102569580078,942700,0.0,0.0,0.0
2024-11-25 00:00:00-05:00,131.75421493189253,132.12185002955323,130.99905290020817,131.43624877929688,795800,0.0,0.0,0.0
2024-11-26 00:00:00-05:00,131.72439795603526,132.062225597595,131.39650107047683,131.9529266357422,1628400,0.0,0.0,0.0
2024-11-27 00:00:00-05:00,131.9926784377358,132.09204665383822,131.21765486881245,131.5058135986328,934900,0.0,0.0,0.0
2024-11-29 00:00:00-05:00,131.83367277310728,132.51927392696987,131.74425049081003,132.25100708007812,740400,0.0,0.0,0.0
2024-12-02 00:00:00-05:00,132.4795544482419,132.68820646972722,132.25102575184258,132.53916931152344,872200,0.0,0.0,0.0
2024-12-03 00:00:00-05:00,132.43979557449492,132.59877864425505,132.22121280539977,132.519287109375,828300,0.0,0.0,0.0
2024-12-04 00:00:00-05:00,133.00616903521674,133.5228564388221,132.86706263749147,133.46324157714844,1884600,0.0,0.0,0.0
2024-12-05 00:00:00-05:00,133.5327839266075,133.57252211293044,133.0260424533255,133.06578063964844,1087100,0.0,0.0,0.0
2024-12-06 00:00:00-05:00,133.30426270453722,133.6520211290757,133.2247711659814,133.42349243164062,1241100,0.0,0.0,0.0
2024-12-09 00:00:00-05:00,133.39367733504824,133.45329219517444,132.48947819257427,132.5689697265625,1242600,0.0,0.0,0.0
2024-12-10 00:00:00-05:00,132.71803012287575,132.77764498663342,131.9330606528377,132.1019744873047,1541700,0.0,0.0,0.0
2024-12-11 00:00:00-05:00,132.76769520740228,133.36387415056328,132.70808034537825,133.13534545898438,973800,0.0,0.0,0.0
2024-12-12 00:00:00-05:00,132.9763642246607,133.0260483308545,132.37025451660156,132.37025451660156,1909200,0.0,0.0,0.0
2024-12-13 00:00:00-05:00,132.72795357137866,132.90679815280407,131.9429841445628,132.24107360839844,1418100,0.0,0.0,0.0
2024-12-16 00:00:00-05:00,132.61865183105238,133.10553178384245,132.52922954221123,132.83724975585938,783100,0.0,0.0,0.0
2024-12-17 00:00:00-05:00,132.2668958813705,132.40649094768114,131.88800368122511,132.14724731445312,978100,0.468,0.0,0.0
2024-12-18 00:00:00-05:00,132.23698927838163,132.59595020888992,127.89956118402169,127.97933197021484,2200900,0.0,0.0,0.0
2024-12-19 00:00:00-05:00,129.05619402839383,129.51487222571026,127.85966271610548,127.91948699951172,2969100,0.0,0.0,0.0
2024-12-20 00:00:00-05:00,127.38105932611381,130.44220050104855,127.08192268005529,129.4151611328125,1633800,0.0,0.0,0.0
2024-12-23 00:00:00-05:00,129.41515662847917,130.21284925196403,128.6074983625372,130.09320068359375,1298300,0.0,0.0,0.0
2024-12-24 00:00:00-05:00,130.45216288386973,131.50909915410492,130.2228313873353,131.47918701171875,526000,0.0,0.0,0.0
2024-12-26 00:00:00-05:00,130.98063317408693,131.80823796140473,130.81112595953581,131.5589599609375,838700,0.0,0.0,0.0
2024-12-27 00:00:00-05:00,130.7612589418931,130.83106408061965,129.2356788939172,130.12310791015625,1644900,0.0,0.0,0.0
2024-12-30 00:00:00-05:00,128.6274500946875,129.4750013943785,127.80981093830592,128.66732788085938,2080600,0.0,0.0,0.0
2024-12-31 00:00:00-05:00,129.0861207640731,129.27555925570823,127.90952074209741,128.24853515625,1605400,0.0,0.0,0.0
2025-01-02 00:00:00-05:00,128.94653456540365,129.4550562216004,127.15172226746282,128.00924682617188,2083700,0.0,0.0,0.0
2025-01-03 00:00:00-05:00,128.72715467997352,129.84391515925196,128.43798370355438,129.67440795898438,2332900,0.0,0.0,0.0
2025-01-06 00:00:00-05:00,130.64162067695108,131.40938597514443,130.07325952441428,130.43222045898438,1891400,0.0,0.0,0.0
2025-01-07 00:00:00-05:00,130.970669378285,130.970669378285,128.52773276747914,128.946533203125,1595200,0.0,0.0,0.0
2025-01-08 00:00:00-05:00,128.95648627350354,129.3254128147185,128.12888155520156,129.11602783203125,1263400,0.0,0.0,0.0
2025-01-10 00:00:00-05:00,128.31834388434373,128.31834388434373,126.6731075863351,127.1118392944336,2181100,0.0,0.0,0.0
2025-01-13 00:00:00-05:00,126.08480909896682,127.39103098929843,125.94521402784143,127.38105773925781,1736600,0.0,0.0,0.0
2025-01-14 00:00:00-05:00,128.12889165866363,128.2385745869603,126.83264301917252,127.66024780273438,1710900,0.0,0.0,0.0
2025-01-15 00:00:00-05:00,129.63452032121816,130.28265222344544,129.30547154895896,130.013427734375,876500,0.0,0.0,0.0
2025-01-16 00:00:00-05:00,130.30259119666354,130.4122741272219,129.6445088280354,129.87384033203125,959200,0.0,0.0,0.0
2025-01-17 00:00:00-05:00,131.16010670129293,131.50910198961833,130.8210922704591,131.09031677246094,927000,0.0,0.0,0.0
2025-01-21 00:00:00-05:00,131.79825197249926,132.44638387731254,131.43930627193458,132.4264373779297,1373000,0.0,0.0,0.0
2025-01-22 00:00:00-05:00,133.1244114750812,133.3736894635322,132.92499212726457,133.08453369140625,1253600,0.0,0.0,0.0
2025-01-23 00:00:00-05:00,132.8950890423786,133.77255249023438,132.7854061113966,133.77255249023438,1524700,0.0,0.0,0.0
2025-01-24 00:00:00-05:00,133.852324468801,134.01185083051266,133.1443682325774,133.39364624023438,1227500,0.0,0.0,0.0
2025-01-27 00:00:00-05:00,130.5020247648577,131.67860963383777,130.5020247648577,131.45924377441406,1497100,0.0,0.0,0.0
2025-01-28 00:00:00-05:00,131.72846799436343,132.7854042885593,131.06040477472493,132.57601928710938,1060100,0.0,0.0,0.0
2025-01-29 00:00:00-05:00,132.4364210612351,132.57601613045188,131.42932821964422,132.03756713867188,935800,0.0,0.0,0.0
2025-01-30 00:00:00-05:00,132.50620374462744,133.22412555127244,131.99768213772083,132.82528686523438,1030100,0.0,0.0,0.0
2025-01-31 00:00:00-05:00,133.38367825827825,133.89219990768137,131.9378688821651,132.1073760986328,1297900,0.0,0.0,0.0
2025-02-03 00:00:00-05:00,129.86386516419964,131.68858184889604,129.46501125745897,131.14016723632812,1913300,0.0,0.0,0.0
2025-02-04 00:00:00-05:00,131.13019322345028,132.15721736298892,131.04045679527036,132.02760314941406,1227900,0.0,0.0,0.0
2025-02-05 00:00:00-05:00,131.878024329623,132.7156099517694,131.4492734834606,132.69566345214844,786800,0.0,0.0,0.0
2025-02-06 00:00:00-05:00,133.094500986873,133.10448184395642,132.24696494444447,133.07456970214844,911500,0.0,0.0,0.0
2025-02-07 00:00:00-05:00,133.1543249901761,133.4634424794099,131.708515685189,131.86805725097656,1138600,0.0,0.0,0.0
2025-02-10 00:00:00-05:00,132.6158975820468,132.8552099422015,132.27688314953573,132.66575622558594,1083100,0.0,0.0,0.0
2025-02-11 00:00:00-05:00,132.17716045444453,132.76545286585946,132.1572139549006,132.60592651367188,1101800,0.0,0.0,0.0
2025-02-12 00:00:00-05:00,131.31963931775564,132.44638067748824,131.07036133301628,132.1671905517578,1172000,0.0,0.0,0.0
2025-02-13 00:00:00-05:00,132.47629091421226,133.64291004025657,132.2270129330561,133.5731201171875,702000,0.0,0.0,0.0
2025-02-14 00:00:00-05:00,133.65288437689904,133.93208973150033,133.473411521857,133.61300659179688,773900,0.0,0.0,0.0
2025-02-18 00:00:00-05:00,133.87224905809643,133.99191284179688,133.363727425214,133.99191284179688,1775700,0.0,0.0,0.0
2025-02-19 00:00:00-05:00,133.72268286552006,134.31097525851465,133.55317566150742,134.21127319335938,1435200,0.0,0.0,0.0
2025-02-20 00:00:00-05:00,133.95202377759043,133.95202377759043,132.77543890880665,133.50332641601562,1017000,0.0,0.0,0.0
2025-02-21 00:00:00-05:00,133.50332881014953,133.62297738478932,130.87095366501916,130.9806365966797,1199300,0.0,0.0,0.0
2025-02-24 00:00:00-05:00,131.44926965372656,131.61877685876303,130.07325029967427,130.30258178710938,1558100,0.0,0.0,0.0
2025-02-25 00:00:00-05:00,130.31257213909086,130.46213285598506,128.59753825000135,129.5946502685547,1784400,0.0,0.0,0.0
2025-02-26 00:00:00-05:00,129.9835238567142,130.87095294811635,129.18583119580032,129.68438720703125,1108000,0.0,0.0,0.0
2025-02-27 00:00:00-05:00,130.18293993883617,130.44219879556738,127.58047701718029,127.66024780273438,1246800,0.0,0.0,0.0
2025-02-28 00:00:00-05:00,127.68019751918288,129.79407013809094,127.14175611417016,129.68438720703125,3783600,0.0,0.0,0.0
2025-03-03 00:00:00-05:00,130.01342838308727,130.3923357981347,126.41385358430018,127.22151184082031,1611000,0.0,0.0,0.0
2025-03-04 00:00:00-05:00,126.21443295713445,127.63033010598116,124.51933807099809,125.69593048095703,3274100,0.0,0.0,0.0
2025-03-05 00:00:00-05:00,125.63611125586407,127.49074017346807,124.91818940293855,127.15171813964844,1529000,0.0,0.0,0.0
2025-03-06 00:00:00-05:00,125.36689119111271,126.44376633587979,124.1603790143234,124.70879364013672,1679100,0.0,0.0,0.0
2025-03-07 00:00:00-05:00,124.29001151946758,125.68596983193207,123.05359477750683,125.38683319091797,1885500,0.0,0.0,0.0
2025-03-10 00:00:00-04:00,123.50229141631682,123.98090091033423,120.849969877261,121.90691375732422,3177000,0.0,0.0,0.0
2025-03-11 00:00:00-04:00,121.64766380412568,122.55503937419786,120.142022556489,121.10922241210938,3259500,0.0,0.0,0.0
2025-03-12 00:00:00-04:00,122.42541087514405,122.68466212675588,120.5608162927014,121.70748901367188,1846700,0.0,0.0,0.0
2025-03-13 00:00:00-04:00,121.61775253862197,121.67757682460172,119.54375774123444,119.9426040649414,1670100,0.0,0.0,0.0
2025-03-14 00:00:00-04:00,121.02945232704141,122.7644326915904,120.88985725504702,122.5450668334961,3736700,0.0,0.0,0.0
2025-03-17 00:00:00-04:00,122.44535146027259,124.16037763749858,122.44535146027259,123.60199737548828,1281200,0.0,0.0,0.0
2025-03-18 00:00:00-04:00,123.08999633789062,123.1500015258789,121.80999755859375,122.22000122070312,1766900,0.358,0.0,0.0
2025-03-19 00:00:00-04:00,122.6500015258789,124.5,122.38999938964844,123.62000274658203,1293100,0.0,0.0,0.0
2025-03-20 00:00:00-04:00,122.87000274658203,124.43000030517578,122.72000122070312,123.30000305175781,4168900,0.0,0.0,0.0
2025-03-21 00:00:00-04:00,122.31999969482422,123.45999908447266,121.97000122070312,123.36000061035156,1033000,0.0,0.0,0.0
2025-03-24 00:00:00-04:00,124.87999725341797,125.8499984741211,124.73999786376953,125.62999725341797,1103200,0.0,0.0,0.0
2025-03-25 00:00:00-04:00,125.94999694824219,126.12999725341797,125.51000213623047,125.87000274658203,1099700,0.0,0.0,0.0
2025-03-26 00:00:00-04:00,125.79000091552734,126.06999969482422,124.01000213623047,124.36000061035156,1317600,0.0,0.0,0.0
2025-03-27 00:00:00-04:00,123.93000030517578,124.77999877929688,123.44999694824219,123.86000061035156,977900,0.0,0.0,0.0
2025-03-28 00:00:00-04:00,123.48999786376953,123.69999694824219,121.2300033569336,121.38999938964844,3384500,0.0,0.0,0.0
2025-03-31 00:00:00-04:00,120.0,122.30999755859375,119.33999633789062,122.01000213623047,2983900,0.0,0.0,0.0
2025-04-01 00:00:00-04:00,121.66999816894531,122.87000274658203,120.77999877929688,122.43000030517578,2617300,0.0,0.0,0.0
2025-04-02 00:00:00-04:00,121.08000183105469,123.9800033569336,121.02999877929688,123.33999633789062,1916100,0.0,0.0,0.0
2025-04-03 00:00:00-04:00,118.93000030517578,119.58999633789062,117.0199966430664,117.0999984741211,4532900,0.0,0.0,0.0
2025-04-04 00:00:00-04:00,113.81999969482422,114.45999908447266,110.13999938964844,110.2300033569336,9837400,0.0,0.0,0.0
2025-04-07 00:00:00-04:00,106.52999877929688,114.06999969482422,105.0,110.0,14103200,0.0,0.0,0.0
2025-04-08 00:00:00-04:00,113.87999725341797,114.38999938964844,106.55999755859375,108.12000274658203,14020000,0.0,0.0,0.0
2025-04-09 00:00:00-04:00,107.38999938964844,119.05000305175781,107.25,118.51000213623047,8997000,0.0,0.0,0.0
2025-04-10 00:00:00-04:00,115.9800033569336,116.0999984741211,110.97000122070312,114.19999694824219,3478700,0.0,0.0,0.0
2025-04-11 00:00:00-04:00,113.87000274658203,116.62999725341797,113.0999984741211,115.98999786376953,2249900,0.0,0.0,0.0
2025-04-14 00:00:00-04:00,118.36000061035156,118.36000061035156,116.11000061035156,117.23999786376953,1963000,0.0,0.0,0.0
2025-04-15 00:00:00-04:00,117.37000274658203,118.26000213623047,116.81999969482422,117.01000213623047,1372600,0.0,0.0,0.0
2025-04-16 00:00:00-04:00,115.68000030517578,116.52999877929688,113.37999725341797,114.62000274658203,1544000,0.0,0.0,0.0
2025-04-17 00:00:00-04:00,114.94999694824219,115.79000091552734,114.2300033569336,114.80999755859375,1127700,0.0,0.0,0.0
2025-04-21 00:00:00-04:00,113.61000061035156,113.83000183105469,110.93000030517578,112.12000274658203,2400300,0.0,0.0,0.0
2025-04-22 00:00:00-04:00,113.45999908447266,115.45999908447266,113.31999969482422,114.94999694824219,1783800,0.0,0.0,0.0
2025-04-23 00:00:00-04:00,118.05999755859375,119.08000183105469,116.51000213623047,116.80999755859375,1907900,0.0,0.0,0.0
2025-04-24 00:00:00-04:00,117.12000274658203,119.5,116.9000015258789,119.30999755859375,1011000,0.0,0.0,0.0
