Date,Open,High,Low,Close,Volume,Dividends,Stock Splits,Capital Gains
2020-04-27 00:00:00-04:00,146.6924957151749,148.44996838554522,146.4214031879008,147.88906860351562,874800,0.0,0.0,0.0
2020-04-28 00:00:00-04:00,150.08594565877664,150.11398922821792,147.1412424889448,147.35626220703125,1207700,0.0,0.0,0.0
2020-04-29 00:00:00-04:00,150.3009032921478,152.1892505312944,149.82414849905507,151.282470703125,610100,0.0,0.0,0.0
2020-04-30 00:00:00-04:00,150.5439572923504,150.8057209731025,148.96411769441588,149.76806640625,1714200,0.0,0.0,0.0
2020-05-01 00:00:00-04:00,147.1598859878254,147.3655482602967,145.00044639114859,145.71090698242188,553600,0.0,0.0,0.0
2020-05-04 00:00:00-04:00,144.6826486402128,146.29988943033365,143.81325529837912,146.28118896484375,642500,0.0,0.0,0.0
2020-05-05 00:00:00-04:00,147.88910989001644,149.16047072184108,147.3375673177523,147.63670349121094,822800,0.0,0.0,0.0
2020-05-06 00:00:00-04:00,148.534119578725,148.77716857687798,146.61772836721883,146.6364288330078,791700,0.0,0.0,0.0
2020-05-07 00:00:00-04:00,148.6088930757504,149.6558908321661,148.34714363664645,148.56214904785156,737300,0.0,0.0,0.0
2020-05-08 00:00:00-04:00,150.37570558919026,151.4320606863394,149.83350625898424,151.217041015625,1316600,0.0,0.0,0.0
2020-05-11 00:00:00-04:00,150.06724698916364,152.02102509312965,149.81484059689032,151.33860778808594,891200,0.0,0.0,0.0
2020-05-12 00:00:00-04:00,151.96489937976202,152.1331750199894,148.0199432373047,148.0199432373047,1271000,0.0,0.0,0.0
2020-05-13 00:00:00-04:00,147.8797485869956,148.27237278999246,143.9347918266242,145.290283203125,677300,0.0,0.0,0.0
2020-05-14 00:00:00-04:00,143.84126269800387,147.1785888671875,142.46707124766615,147.1785888671875,1078300,0.0,0.0,0.0
2020-05-15 00:00:00-04:00,145.76701122932357,147.83297729492188,145.22482619011762,147.83297729492188,431300,0.0,0.0,0.0
2020-05-18 00:00:00-04:00,151.4226994127413,153.31104678790612,151.3946558502025,152.33883666992188,1417000,0.0,0.0,0.0
2020-05-19 00:00:00-04:00,152.2173155644974,153.15213908505737,150.90855407714844,150.90855407714844,608500,0.0,0.0,0.0
2020-05-20 00:00:00-04:00,153.1241404032752,154.04026372795477,152.8343473092434,153.52610778808594,537500,0.0,0.0,0.0
2020-05-21 00:00:00-04:00,153.4793101883657,153.98412284927318,151.91815670791868,152.4977569580078,264300,0.0,0.0,0.0
2020-05-22 00:00:00-04:00,152.7034379816987,153.04931814282443,151.82470153143518,152.88104248046875,1214400,0.0,0.0,0.0
2020-05-26 00:00:00-04:00,156.36790218960567,156.4333324051949,154.76000492305917,155.03109741210938,905100,0.0,0.0,0.0
2020-05-27 00:00:00-04:00,156.64836665525903,157.32142639160156,153.71300743551737,157.32142639160156,738800,0.0,0.0,0.0
2020-05-28 00:00:00-04:00,157.97581495534206,158.93868193725368,156.5455362632103,156.86337280273438,677600,0.0,0.0,0.0
2020-05-29 00:00:00-04:00,156.5735773736888,157.98515558131848,155.31156007014062,157.4897003173828,2404300,0.0,0.0,0.0
2020-06-01 00:00:00-04:00,157.50842637294713,158.8639176787651,157.12514529086175,158.4806365966797,458400,0.0,0.0,0.0
2020-06-02 00:00:00-04:00,159.12566620048642,159.7893829345703,158.30301690996234,159.7893829345703,1613500,0.0,0.0,0.0
2020-06-03 00:00:00-04:00,161.023349969603,162.6032039874378,160.85508858426607,162.06100463867188,704000,0.0,0.0,0.0
2020-06-04 00:00:00-04:00,161.6964353860721,162.48168376796326,160.43441785038746,161.6123046875,625800,0.0,0.0,0.0
2020-06-05 00:00:00-04:00,164.76264465342558,166.80055307093943,164.75330155340686,165.75355529785156,945500,0.0,0.0,0.0
2020-06-08 00:00:00-04:00,166.4640490617888,168.0438889995093,166.04336702085834,168.0345458984375,1901100,0.0,0.0,0.0
2020-06-09 00:00:00-04:00,166.27706263717587,167.32407472776399,165.7535637240196,166.45468139648438,1046500,0.0,0.0,0.0
2020-06-10 00:00:00-04:00,166.90337542598402,167.25861290780756,165.04308585685848,165.44505310058594,1106000,0.0,0.0,0.0
2020-06-11 00:00:00-04:00,161.004667553333,161.73382883341205,155.53595795274026,155.7790069580078,675800,0.0,0.0,0.0
2020-06-12 00:00:00-04:00,159.74264345345674,160.3783165834568,154.76003251141972,157.75146484375,918100,0.0,0.0,0.0
2020-06-15 00:00:00-04:00,154.5148129475417,159.98428264457107,153.8487279511332,159.46829223632812,2002900,0.6,0.0,0.0
2020-06-16 00:00:00-04:00,163.98085131135815,164.16849461613222,159.83418908595377,162.4891815185547,1795100,0.0,0.0,0.0
2020-06-17 00:00:00-04:00,163.1177491716538,163.18342719243245,161.43845036181852,161.71051025390625,602500,0.0,0.0,0.0
2020-06-18 00:00:00-04:00,160.89431576921712,162.17958939596377,160.51905778503803,161.8699951171875,449000,0.0,0.0,0.0
2020-06-19 00:00:00-04:00,163.98083148047073,163.98083148047073,160.29387289336324,161.04440307617188,594100,0.0,0.0,0.0
2020-06-22 00:00:00-04:00,160.73480426303016,162.24524102368227,160.0687049870177,162.12327575683594,449900,0.0,0.0,0.0
2020-06-23 00:00:00-04:00,163.64311290735344,163.9714743745372,162.47041383194613,162.64866638183594,451400,0.0,0.0,0.0
2020-06-24 00:00:00-04:00,161.57915643032845,161.87937424825483,157.4137272552274,158.42694091796875,1115000,0.0,0.0,0.0
2020-06-25 00:00:00-04:00,158.13610301246405,160.35015916477448,157.01969134074528,160.190673828125,716700,0.0,0.0,0.0
2020-06-26 00:00:00-04:00,159.65592200178978,159.7216000155168,156.2785575509179,156.4661865234375,1601100,0.0,0.0,0.0
2020-06-29 00:00:00-04:00,157.22609492838887,158.6896209716797,155.8469997764018,158.6896209716797,761600,0.0,0.0,0.0
2020-06-30 00:00:00-04:00,158.5864165425804,161.76677549098542,158.511376407873,161.0631561279297,1416000,0.0,0.0,0.0
2020-07-01 00:00:00-04:00,161.551012209866,162.70494402356675,161.2508087082084,162.10452270507812,988100,0.0,0.0,0.0
2020-07-02 00:00:00-04:00,164.11217066165727,164.79703713732914,162.60174819643657,162.9957733154297,606200,0.0,0.0,0.0
2020-07-06 00:00:00-04:00,165.28488976028424,165.6883056815932,164.73137923853798,165.45376586914062,502500,0.0,0.0,0.0
2020-07-07 00:00:00-04:00,164.69383135822886,165.819619404874,163.6524741941685,163.84010314941406,1519400,0.0,0.0,0.0
2020-07-08 00:00:00-04:00,164.27169902085367,165.24737839337362,163.43673781714793,165.14418029785156,475500,0.0,0.0,0.0
2020-07-09 00:00:00-04:00,165.55694575951966,165.6882874674477,162.32967600451897,164.38424682617188,654600,0.0,0.0,0.0
2020-07-10 00:00:00-04:00,164.19662523243943,166.1292308709446,163.4836150872388,166.0635528564453,545300,0.0,0.0,0.0
2020-07-13 00:00:00-04:00,167.39575898507096,168.671656220597,163.94333959198585,164.187255859375,1571900,0.0,0.0,0.0
2020-07-14 00:00:00-04:00,163.59622759280916,166.51390366471182,162.70496478236322,166.41070556640625,607700,0.0,0.0,0.0
2020-07-15 00:00:00-04:00,168.3808134546488,168.5684424363465,166.59831665576002,168.04307556152344,445700,0.0,0.0,0.0
2020-07-16 00:00:00-04:00,167.04863983210578,167.75225929516262,166.5889509446204,167.43328857421875,475600,0.0,0.0,0.0
2020-07-17 00:00:00-04:00,168.09937277721986,168.48402151733706,167.01111889287114,168.08999633789062,345900,0.0,0.0,0.0
2020-07-20 00:00:00-04:00,168.01495173095952,169.93818122915866,167.6209265284055,169.64735412597656,467800,0.0,0.0,0.0
2020-07-21 00:00:00-04:00,170.8857153714532,170.89510612641803,169.3471346506211,169.78807067871094,811300,0.0,0.0,0.0
2020-07-22 00:00:00-04:00,169.61919005164947,171.01703812949052,169.61919005164947,170.8856964111328,379700,0.0,0.0,0.0
2020-07-23 00:00:00-04:00,170.60425434499908,171.16714126962276,167.9774057512358,168.74668884277344,473600,0.0,0.0,0.0
2020-07-24 00:00:00-04:00,167.95862310071075,168.25884088501732,166.78592422171056,167.5552215576172,376800,0.0,0.0,0.0
2020-07-27 00:00:00-04:00,167.99617181321008,169.07504914786134,167.59275592052893,169.04690551757812,470900,0.0,0.0,0.0
2020-07-28 00:00:00-04:00,168.45589902054866,169.1782857644265,167.67722500328378,167.8836212158203,393100,0.0,0.0,0.0
2020-07-29 00:00:00-04:00,168.34329645179534,170.3603330933525,168.34329645179534,170.10704040527344,501300,0.0,0.0,0.0
2020-07-30 00:00:00-04:00,168.27762072397383,169.7411468690454,167.25503057327305,169.50660705566406,359600,0.0,0.0,0.0
2020-07-31 00:00:00-04:00,170.59482695662592,170.6417377690639,167.99613686656986,170.6229705810547,874000,0.0,0.0,0.0
2020-08-03 00:00:00-04:00,171.6643724609421,172.4524370962624,171.33602531846802,172.09593200683594,863800,0.0,0.0,0.0
2020-08-04 00:00:00-04:00,171.68313291798466,172.6400593064318,171.4298259267424,172.6212921142578,513000,0.0,0.0,0.0
2020-08-05 00:00:00-04:00,173.5312913049792,173.9440836028149,173.35303878407996,173.77520751953125,300700,0.0,0.0,0.0
2020-08-06 00:00:00-04:00,173.5313168866166,174.86350129818314,173.3436879004419,174.83535766601562,671900,0.0,0.0,0.0
2020-08-07 00:00:00-04:00,174.24429403093012,174.92916051385498,173.53129823403538,174.76028442382812,355600,0.0,0.0,0.0
2020-08-10 00:00:00-04:00,175.08868536873518,175.27631437709036,173.8878425370512,175.12620544433594,444200,0.0,0.0,0.0
2020-08-11 00:00:00-04:00,175.87669557403373,176.18628980885185,173.390579572699,173.7470703125,433400,0.0,0.0,0.0
2020-08-12 00:00:00-04:00,175.2575111873831,176.52403178522056,175.22936755766875,176.00804138183594,933700,0.0,0.0,0.0
2020-08-13 00:00:00-04:00,175.6796722451651,176.73979663516496,175.44513246438086,175.9986572265625,454400,0.0,0.0,0.0
2020-08-14 00:00:00-04:00,175.69845002666116,176.22381687685848,175.37947934120893,175.90484619140625,388500,0.0,0.0,0.0
2020-08-17 00:00:00-04:00,176.4302269988659,176.83364292193542,176.32702890832942,176.72105407714844,413200,0.0,0.0,0.0
2020-08-18 00:00:00-04:00,176.9086758506956,177.33084460054087,176.03618040685444,177.0869140625,404400,0.0,0.0,0.0
2020-08-19 00:00:00-04:00,177.33085716516936,177.54662977434802,175.99867281017868,176.35516357421875,886800,0.0,0.0,0.0
2020-08-20 00:00:00-04:00,175.23873748769566,177.21825382340145,175.05110852484395,176.8711395263672,521100,0.0,0.0,0.0
2020-08-21 00:00:00-04:00,176.8711480452206,177.59353461792367,176.65537544330724,177.39651489257812,328400,0.0,0.0,0.0
2020-08-24 00:00:00-04:00,178.86943359249432,179.13211701899934,178.10952694330672,179.10397338867188,393000,0.0,0.0,0.0
2020-08-25 00:00:00-04:00,179.47922924314867,179.7700562965891,178.79437705454637,179.72315979003906,608600,0.0,0.0,0.0
2020-08-26 00:00:00-04:00,180.08904051401817,181.75896269086783,179.88264435147065,181.5525665283203,568500,0.0,0.0,0.0
2020-08-27 00:00:00-04:00,182.11548013290073,182.93168846448413,181.1398007520892,181.97476196289062,434100,0.0,0.0,0.0
2020-08-28 00:00:00-04:00,182.80970907314995,183.3538431471769,182.08732245407597,183.18496704101562,343000,0.0,0.0,0.0
2020-08-31 00:00:00-04:00,183.37259795970652,183.86982117538673,182.6126770060478,183.08175659179688,1074000,0.0,0.0,0.0
2020-09-01 00:00:00-04:00,183.39134462791648,184.73291964163278,182.93165581115474,184.62033081054688,470900,0.0,0.0,0.0
2020-09-02 00:00:00-04:00,185.75550912359896,187.5098621289111,184.75167197573919,187.10646057128906,820600,0.0,0.0,0.0
2020-09-03 00:00:00-04:00,185.97126966924557,186.0369476758627,179.02889823134578,180.50180053710938,1150200,0.0,0.0,0.0
2020-09-04 00:00:00-04:00,180.90524495442017,181.62763156543903,174.67586827716445,178.77561950683594,2830800,0.0,0.0,0.0
2020-09-08 00:00:00-04:00,175.63277804084285,176.27071938164642,173.62511806364878,173.7095489501953,710800,0.0,0.0,0.0
2020-09-09 00:00:00-04:00,176.1675126836694,178.522286844887,175.6609130740075,177.19949340820312,440100,0.0,0.0,0.0
2020-09-10 00:00:00-04:00,178.43787180522406,178.83189693998304,173.84089758452947,174.37564086914062,466800,0.0,0.0,0.0
2020-09-11 00:00:00-04:00,175.5108391705674,175.83918632824728,172.73388141336952,174.29122924804688,723000,0.0,0.0,0.0
2020-09-14 00:00:00-04:00,176.2707252966079,177.71548411496093,176.1206163942621,177.02125549316406,322400,0.0,0.0,0.0
2020-09-15 00:00:00-04:00,178.5316903985001,178.91633908842184,177.40590227339717,177.97817993164062,413100,0.0,0.0,0.0
2020-09-16 00:00:00-04:00,178.77562167243434,179.54491911702567,177.21827390546207,177.30271911621094,368100,0.0,0.0,0.0
2020-09-17 00:00:00-04:00,174.5820462810297,176.58970644459168,174.18802112539683,175.73599243164062,359300,0.0,0.0,0.0
2020-09-18 00:00:00-04:00,176.40206192346153,176.56154725941778,172.4430292080206,173.90655517578125,1103300,0.0,0.0,0.0
2020-09-21 00:00:00-04:00,171.3923365724284,172.1616198073439,169.21579997573897,172.1240997314453,551700,0.0,0.0,0.0
2020-09-22 00:00:00-04:00,173.09035649473367,174.0848028649263,171.50486530199666,173.79397583007812,343300,0.0,0.0,0.0
2020-09-23 00:00:00-04:00,174.1095919752806,174.19437297868095,169.41817521031447,169.62542724609375,377300,0.765,0.0,0.0
2020-09-24 00:00:00-04:00,168.94715309102568,171.8109916073892,167.95799824573874,170.00225830078125,1630300,0.0,0.0,0.0
2020-09-25 00:00:00-04:00,169.71019910061818,173.33709515669952,169.24860407952193,172.9508514404297,743700,0.0,0.0,0.0
2020-09-28 00:00:00-04:00,175.30594787984546,176.18206118907244,174.84435293020076,175.92770385742188,603600,0.0,0.0,0.0
2020-09-29 00:00:00-04:00,175.76760494682634,176.1350036925467,174.6183033577452,175.00454711914062,539700,0.0,0.0,0.0
2020-09-30 00:00:00-04:00,175.22121420992409,177.98141245872287,175.22121420992409,176.3045654296875,676700,0.0,0.0,0.0
2020-10-01 00:00:00-04:00,177.55746354544766,178.22632493165403,176.5871538316718,177.58572387695312,552400,0.0,0.0,0.0
2020-10-02 00:00:00-04:00,174.72184562524242,177.13348899230834,174.26023639696484,176.10665893554688,499700,0.0,0.0,0.0
2020-10-05 00:00:00-04:00,177.30310933304574,179.31909430844786,177.30310933304574,179.2437286376953,463400,0.0,0.0,0.0
2020-10-06 00:00:00-04:00,179.38500680802827,180.5908286331851,176.56827452725489,176.8226318359375,473500,0.0,0.0,0.0
2020-10-07 00:00:00-04:00,178.47123433857485,180.35533291037194,178.47123433857485,179.86546325683594,255800,0.0,0.0,0.0
2020-10-08 00:00:00-04:00,181.13725775696642,181.54234647433847,180.58145206001078,181.42929077148438,498900,0.0,0.0,0.0
2020-10-09 00:00:00-04:00,182.53150697487575,183.40762048957615,182.16410824278455,183.05906677246094,457000,0.0,0.0,0.0
2020-10-12 00:00:00-04:00,184.4909794756725,186.71421697724873,184.29315712092716,185.87579345703125,443100,0.0,0.0,0.0
2020-10-13 00:00:00-04:00,185.88519385608336,185.88519385608336,184.45327474823426,184.96197509765625,316300,0.0,0.0,0.0
2020-10-14 00:00:00-04:00,185.18803468599148,185.83805093821624,183.398132569433,183.85032653808594,291800,0.0,0.0,0.0
2020-10-15 00:00:00-04:00,181.52350392816126,183.83152211812137,181.14667553774873,183.5489044189453,1817700,0.0,0.0,0.0
2020-10-16 00:00:00-04:00,184.24603399366435,185.19749876765823,183.33224487304688,183.33224487304688,561500,0.0,0.0,0.0
2020-10-19 00:00:00-04:00,184.01993787139727,184.52865262899692,180.3365210368146,180.68508911132812,357400,0.0,0.0,0.0
2020-10-20 00:00:00-04:00,181.63653278545712,183.10612747081902,181.05246678859083,181.28797912597656,262600,0.0,0.0,0.0
2020-10-21 00:00:00-04:00,181.39164004867237,182.42788590793543,180.73220825195312,180.73220825195312,430600,0.0,0.0,0.0
2020-10-22 00:00:00-04:00,181.10902415552354,182.2300654086095,179.82783620550174,181.9757080078125,431300,0.0,0.0,0.0
2020-10-23 00:00:00-04:00,182.58804297605474,182.58804297605474,181.1278633602633,182.57861328125,669800,0.0,0.0,0.0
2020-10-26 00:00:00-04:00,180.6285610313103,181.1278460741292,177.1995017162448,179.1306915283203,742100,0.0,0.0,0.0
2020-10-27 00:00:00-04:00,179.4415449386374,179.60169159317596,178.52775597633448,178.5371856689453,1046600,0.0,0.0,0.0
2020-10-28 00:00:00-04:00,175.32483372950838,175.69223246101382,172.31969351242125,172.5740509033203,962000,0.0,0.0,0.0
2020-10-29 00:00:00-04:00,172.76245506556137,175.98426259025274,171.94287661068054,174.39219665527344,880200,0.0,0.0,0.0
2020-10-30 00:00:00-04:00,173.30885983513843,174.10960771618278,170.30371941918452,172.25376892089844,905000,0.0,0.0,0.0
2020-11-02 00:00:00-05:00,174.1377987387063,175.24940988451968,172.53630361408307,174.21315002441406,1068100,0.0,0.0,0.0
2020-11-03 00:00:00-05:00,176.06906474517749,178.33940773435418,175.6828353332656,177.27488708496094,527500,0.0,0.0,0.0
2020-11-04 00:00:00-05:00,179.69592436756378,183.55833268569688,179.27200500936212,181.40103149414062,408700,0.0,0.0,0.0
2020-11-05 00:00:00-05:00,184.47210018052652,185.8568994221137,184.17063750580581,185.103271484375,377900,0.0,0.0,0.0
2020-11-06 00:00:00-05:00,184.92432449277962,185.66853729217232,183.82212827430604,185.13157653808594,684200,0.0,0.0,0.0
2020-11-09 00:00:00-05:00,191.11357789631154,191.98026171332268,186.80841914635687,186.996826171875,711400,0.0,0.0,0.0
2020-11-10 00:00:00-05:00,186.4598192279887,187.072159924567,184.64167089901366,186.60113525390625,438500,0.0,0.0,0.0
2020-11-11 00:00:00-05:00,187.98594390544105,188.45696856349804,187.22288625931387,188.0518798828125,323200,0.0,0.0,0.0
2020-11-12 00:00:00-05:00,187.65626743413608,187.9954058470254,185.3576642328346,186.29029846191406,536200,0.0,0.0,0.0
2020-11-13 00:00:00-05:00,187.54321689215334,189.14469817328546,187.109867795724,188.73019409179688,444200,0.0,0.0,0.0
2020-11-16 00:00:00-05:00,190.6331488570226,191.04765296187068,189.5968885949024,191.03822326660156,552100,0.0,0.0,0.0
2020-11-17 00:00:00-05:00,190.02078257334674,191.1229785986919,189.23887988024904,190.43527221679688,659400,0.0,0.0,0.0
2020-11-18 00:00:00-05:00,190.69903759061094,191.12297128566536,188.44754028320312,188.44754028320312,688200,0.0,0.0,0.0
2020-11-19 00:00:00-05:00,188.08958411133327,189.65338954408202,187.53377842273446,189.41787719726562,883200,0.0,0.0,0.0
2020-11-20 00:00:00-05:00,189.44611035655387,189.5120463294481,188.32506944657413,188.4192657470703,413500,0.0,0.0,0.0
2020-11-23 00:00:00-05:00,189.45554296332276,190.21860062727092,188.40045230448405,189.69105529785156,593900,0.0,0.0,0.0
2020-11-24 00:00:00-05:00,191.2454363609436,192.9505577857295,190.64252534249158,192.60198974609375,1054100,0.0,0.0,0.0
2020-11-25 00:00:00-05:00,192.55490112304688,192.82810351228252,191.74473802404077,192.55490112304688,592400,0.0,0.0,0.0
2020-11-27 00:00:00-05:00,193.22373962402344,193.58172297107586,192.82808062837543,193.22373962402344,256800,0.0,0.0,0.0
2020-11-30 00:00:00-05:00,193.12954225483946,193.18607729342844,190.76500343645898,192.39474487304688,1404500,0.0,0.0,0.0
2020-12-01 00:00:00-05:00,194.36360418879454,195.16433741021655,193.88314988141084,194.28823852539062,654800,0.0,0.0,0.0
2020-12-02 00:00:00-05:00,193.61004258556167,194.71223891976484,193.15784841675793,194.5709228515625,446500,0.0,0.0,0.0
2020-12-03 00:00:00-05:00,194.71218491411395,195.65423427602883,194.39189158095067,194.80638122558594,694200,0.0,0.0,0.0
2020-12-04 00:00:00-05:00,195.31511000926503,196.6528184746636,195.23032901046938,196.61514282226562,459500,0.0,0.0,0.0
2020-12-07 00:00:00-05:00,196.29483631675603,196.72818538197237,195.8803322651231,196.55860900878906,488400,0.0,0.0,0.0
2020-12-08 00:00:00-05:00,195.91800411055564,197.50064011588086,195.72016742262383,197.09556579589844,742100,0.0,0.0,0.0
2020-12-09 00:00:00-05:00,197.58546013145178,197.63255110511446,194.53321468743172,195.07960510253906,1685900,0.0,0.0,0.0
2020-12-10 00:00:00-05:00,194.2034929655066,195.87092455635297,193.82667892639896,195.4752655029297,464000,0.0,0.0,0.0
2020-12-11 00:00:00-05:00,194.5331952678017,195.2774079466953,193.4781045712844,195.192626953125,533300,0.0,0.0,0.0
2020-12-14 00:00:00-05:00,196.563837481971,197.07448480336564,194.40774536132812,194.40774536132812,871800,0.79,0.0,0.0
2020-12-15 00:00:00-05:00,195.8640343640782,197.12175708753904,195.2209959710868,197.03665161132812,914400,0.0,0.0,0.0
2020-12-16 00:00:00-05:00,197.24472849450586,197.87831563500495,196.71516398480816,197.329833984375,855900,0.0,0.0,0.0
2020-12-17 00:00:00-05:00,198.35108994717442,198.84283447265625,198.05793927433515,198.84283447265625,469900,0.0,0.0,0.0
2020-12-18 00:00:00-05:00,199.09816917904251,199.2683945583221,196.97044573011073,198.24708557128906,833300,0.0,0.0,0.0
2020-12-21 00:00:00-05:00,196.0815452757017,198.06741186734888,194.5306718486089,197.6513214111328,547100,0.0,0.0,0.0
2020-12-22 00:00:00-05:00,198.02013377109998,198.1052536800541,196.87589940252158,197.6891632080078,447300,0.0,0.0,0.0
2020-12-23 00:00:00-05:00,198.31329891607723,198.8050290834511,197.66079471487274,197.6891632080078,441100,0.0,0.0,0.0
2020-12-24 00:00:00-05:00,198.20929277643864,198.44570652525138,197.6324426521535,198.35113525390625,602600,0.0,0.0,0.0
2020-12-28 00:00:00-05:00,199.7128761199574,199.87363573387245,199.30623697807252,199.5142822265625,554200,0.0,0.0,0.0
2020-12-29 00:00:00-05:00,200.56393869981258,200.60177297530757,198.68209473606166,199.031982421875,570500,0.0,0.0,0.0
2020-12-30 00:00:00-05:00,199.65610963381306,200.02491444173216,199.2778390426475,199.4385986328125,585000,0.0,0.0,0.0
2020-12-31 00:00:00-05:00,199.39134079415516,200.63014640043454,198.9847016851005,200.32752990722656,1234300,0.0,0.0,0.0
2021-01-04 00:00:00-05:00,201.19755254591578,201.41506358512763,195.4763513412463,197.53787231445312,888800,0.0,0.0,0.0
2021-01-05 00:00:00-05:00,197.22578850503606,199.56155732007315,197.22578850503606,199.08872985839844,379400,0.0,0.0,0.0
2021-01-06 00:00:00-05:00,198.01069471490294,202.15266812446612,198.0012433597872,200.3748321533203,1145000,0.0,0.0,0.0
2021-01-07 00:00:00-05:00,201.74603593469894,203.89267684303803,201.71766743882424,203.4387664794922,580800,0.0,0.0,0.0
2021-01-08 00:00:00-05:00,204.4222318888221,204.7248484035636,202.40798219752904,204.6586456298828,424600,0.0,0.0,0.0
2021-01-11 00:00:00-05:00,202.8429599213389,204.36546476646183,202.66328319589775,203.35360717773438,1431100,0.0,0.0,0.0
2021-01-12 00:00:00-05:00,203.5805792621697,204.09124097252405,202.40796202871545,203.60894775390625,665000,0.0,0.0,0.0
2021-01-13 00:00:00-05:00,203.66570653668882,204.66809849746633,203.1077735667541,204.0912628173828,715000,0.0,0.0,0.0
2021-01-14 00:00:00-05:00,204.6680848939382,204.93288154346874,203.31580530114192,203.4481964111328,347600,0.0,0.0,0.0
2021-01-15 00:00:00-05:00,202.71059013076953,203.11721482199619,200.9233029011952,201.9918975830078,694500,0.0,0.0,0.0
2021-01-19 00:00:00-05:00,203.4104151048145,203.85487415032927,202.70117378914856,203.53334045410156,447600,0.0,0.0,0.0
2021-01-20 00:00:00-05:00,204.88558867231225,206.72961279257808,204.6397091699113,206.3135223388672,448000,0.0,0.0,0.0
2021-01-21 00:00:00-05:00,206.71072864331256,206.7580142805165,205.90693052904766,206.28518676757812,507700,0.0,0.0,0.0
2021-01-22 00:00:00-05:00,205.34896753083797,206.29462248502935,205.08418529802833,205.79342651367188,595700,0.0,0.0,0.0
2021-01-25 00:00:00-05:00,206.33242453765845,206.72959782484028,203.24958063357772,206.4364471435547,670900,0.0,0.0,0.0
2021-01-26 00:00:00-05:00,206.918753909553,207.18353613684948,205.68939960879115,205.72723388671875,304500,0.0,0.0,0.0
2021-01-27 00:00:00-05:00,203.8643141453747,203.8643141453747,199.41027258220998,200.64907836914062,592200,0.0,0.0,0.0
2021-01-28 00:00:00-05:00,201.73655721831372,204.73428145542235,201.67982023425935,202.4741668701172,645000,0.0,0.0,0.0
2021-01-29 00:00:00-05:00,201.58525575008528,202.03916606732525,197.71753062519616,198.748291015625,1747200,0.0,0.0,0.0
2021-02-01 00:00:00-05:00,200.753081467926,202.53091737793358,199.55211007978616,201.93515014648438,573200,0.0,0.0,0.0
2021-02-02 00:00:00-05:00,203.8832023101022,205.83124909631348,203.8832023101022,205.07472229003906,674900,0.0,0.0,0.0
2021-02-03 00:00:00-05:00,205.63266840826697,206.07712739435436,204.48843398586715,205.22604370117188,407100,0.0,0.0,0.0
2021-02-04 00:00:00-05:00,205.7272141065543,207.5712381656241,205.70829696940936,207.50503540039062,332000,0.0,0.0,0.0
2021-02-05 00:00:00-05:00,208.78170453518692,208.89517851489896,207.88333519351707,208.63986206054688,593000,0.0,0.0,0.0
2021-02-08 00:00:00-05:00,209.47203691160198,210.26639808965,209.15051767000298,210.2001953125,517600,0.0,0.0,0.0
2021-02-09 00:00:00-05:00,209.85974264736834,210.58790099176866,209.68953168427564,210.2758331298828,594900,0.0,0.0,0.0
2021-02-10 00:00:00-05:00,211.12693318574725,211.34444422819692,208.81008128785393,210.2001953125,441700,0.0,0.0,0.0
2021-02-11 00:00:00-05:00,210.92835969461092,211.18369059585063,209.28291472930624,210.805419921875,329700,0.0,0.0,0.0
2021-02-12 00:00:00-05:00,210.34199418679202,211.9779874107802,210.29472298954224,211.84559631347656,262200,0.0,0.0,0.0
2021-02-16 00:00:00-05:00,212.46027654472474,212.7250587522577,211.12689972350998,211.53353881835938,845700,0.0,0.0,0.0
2021-02-17 00:00:00-05:00,210.47443205214546,211.47682400425015,209.68007091672604,211.3255157470703,564600,0.0,0.0,0.0
2021-02-18 00:00:00-05:00,209.89756837316767,210.83375749113057,208.80060522388013,210.3136444091797,354000,0.0,0.0,0.0
2021-02-19 00:00:00-05:00,211.24041087106303,211.52409581715418,210.1339962926586,210.38931274414062,2684500,0.0,0.0,0.0
2021-02-22 00:00:00-05:00,208.85733093329864,209.88809125762074,208.20482677749263,208.28993225097656,869000,0.0,0.0,0.0
2021-02-23 00:00:00-05:00,206.91874068784966,209.16940390560606,204.01558772780132,208.35614013671875,1217800,0.0,0.0,0.0
2021-02-24 00:00:00-05:00,207.89278213289631,210.77703263556276,207.0700669383593,210.54061889648438,350000,0.0,0.0,0.0
2021-02-25 00:00:00-05:00,209.8597437046616,210.61627054672218,204.4316791246425,205.33006286621094,700100,0.0,0.0,0.0
2021-02-26 00:00:00-05:00,206.33245190497854,207.1173472300204,203.05102813684226,204.4978790283203,1330900,0.0,0.0,0.0
2021-03-01 00:00:00-05:00,207.4199435629975,210.1812541562268,207.29701823734382,209.50038146972656,366500,0.0,0.0,0.0
2021-03-02 00:00:00-05:00,209.75574160882067,209.77465874984935,207.61856641820282,207.73204040527344,421900,0.0,0.0,0.0
2021-03-03 00:00:00-05:00,207.5239993739929,207.7414959968299,204.6019287109375,204.6019287109375,607900,0.0,0.0,0.0
2021-03-04 00:00:00-05:00,204.48842104016737,205.72722665207243,199.0603567123753,201.67982482910156,967200,0.0,0.0,0.0
2021-03-05 00:00:00-05:00,203.88320448751992,205.85961978748858,199.0603586718689,205.29222106933594,801400,0.0,0.0,0.0
2021-03-08 00:00:00-05:00,205.76505740600265,207.4577878495067,204.08179274692395,204.1952667236328,375800,0.0,0.0,0.0
2021-03-09 00:00:00-05:00,206.6918260777703,208.81954988749288,206.35138969103264,207.3916015625,508100,0.0,0.0,0.0
2021-03-10 00:00:00-05:00,208.80063906674334,209.557165996787,207.96845800074024,208.4885711669922,398500,0.0,0.0,0.0
2021-03-11 00:00:00-05:00,210.2852393588023,212.09144337050446,209.93535172338474,211.13633728027344,517900,0.0,0.0,0.0
2021-03-12 00:00:00-05:00,210.14340818105302,211.43895062338814,209.68949792300552,211.36329650878906,610300,0.0,0.0,0.0
2021-03-15 00:00:00-04:00,211.63756634216037,212.9614774105499,210.40821210462812,212.82908630371094,578500,0.0,0.0,0.0
2021-03-16 00:00:00-04:00,213.19788158386027,213.52886655090856,211.80776780953386,212.327880859375,782500,0.0,0.0,0.0
2021-03-17 00:00:00-04:00,211.33496664698606,213.5288930827208,210.79595082257424,212.99932861328125,545600,0.0,0.0,0.0
2021-03-18 00:00:00-04:00,211.4579097541043,212.57377569956643,209.24508057342362,209.6233367919922,630300,0.0,0.0,0.0
2021-03-19 00:00:00-04:00,209.528783411781,210.4460554784329,207.99681251331847,209.51931762695312,2323600,0.0,0.0,0.0
2021-03-22 00:00:00-04:00,209.59498664639563,211.79836466485267,209.59498664639563,210.94728088378906,878000,0.0,0.0,0.0
2021-03-23 00:00:00-04:00,210.58788780116313,211.2592946862617,208.63037527091444,209.1410369873047,684000,0.0,0.0,0.0
2021-03-24 00:00:00-04:00,210.02052006587095,210.74867847202066,207.71311950683594,207.71311950683594,823900,0.0,0.0,0.0
2021-03-25 00:00:00-04:00,206.73304682348325,209.38007290568342,205.6609669501618,208.9341583251953,348500,0.717,0.0,0.0
2021-03-26 00:00:00-04:00,209.57932625965125,212.3117368510576,209.1239293200194,212.19789123535156,1208700,0.0,0.0,0.0
2021-03-29 00:00:00-04:00,211.5432342655544,212.34967925500914,210.3003714637975,211.8088836669922,735500,0.0,0.0,0.0
2021-03-30 00:00:00-04:00,211.18270733067575,211.73298523603563,210.39524142180593,211.50527954101562,323300,0.0,0.0,0.0
2021-03-31 00:00:00-04:00,211.99863098525827,213.4312557669047,211.8847853781153,212.35916137695312,1599300,0.0,0.0,0.0
2021-04-01 00:00:00-04:00,213.67791455104017,214.96821777736548,213.65893545860433,214.8733367919922,1992700,0.0,0.0,0.0
2021-04-05 00:00:00-04:00,216.57159888920293,217.97574763876773,216.46723560179444,217.71009826660156,1552800,0.0,0.0,0.0
2021-04-06 00:00:00-04:00,217.6342374536467,218.4786262195725,217.36858803134248,217.78604125976562,625000,0.0,0.0,0.0
2021-04-07 00:00:00-04:00,217.73856933305137,218.21294530109725,217.3495775648204,217.8334503173828,357400,0.0,0.0,0.0
2021-04-08 00:00:00-04:00,218.68731835738865,219.09527473560956,218.16550190412488,219.02886962890625,294900,0.0,0.0,0.0
2021-04-09 00:00:00-04:00,218.95300132425436,220.65127563476562,218.95300132425436,220.65127563476562,481800,0.0,0.0,0.0
2021-04-12 00:00:00-04:00,220.34766802381992,220.8599877712812,219.90175339324819,220.65127563476562,528500,0.0,0.0,0.0
2021-04-13 00:00:00-04:00,220.65122670137373,221.9320330243889,220.63224761069665,221.57150268554688,424300,0.0,0.0,0.0
2021-04-14 00:00:00-04:00,221.5335663863519,222.27359170264586,220.51839491485856,220.8504638671875,694400,0.0,0.0,0.0
2021-04-15 00:00:00-04:00,222.25462028618912,223.38363739092856,221.77076201707456,223.33619689941406,833800,0.0,0.0,0.0
2021-04-16 00:00:00-04:00,223.94338989257812,224.23751513918705,223.11798038031475,223.94338989257812,721800,0.0,0.0,0.0
2021-04-19 00:00:00-04:00,223.45952765432102,223.6303105195254,221.9035751605259,222.6436004638672,669000,0.0,0.0,0.0
2021-04-20 00:00:00-04:00,222.1218061294694,222.45387510901264,220.08199518886434,220.8694610595703,584800,0.0,0.0,0.0
2021-04-21 00:00:00-04:00,220.56585674853392,223.20338610066844,220.44252883508733,223.1559600830078,740300,0.0,0.0,0.0
2021-04-22 00:00:00-04:00,223.09903369903205,223.76317170039192,220.689209916567,221.30589294433594,409500,0.0,0.0,0.0
2021-04-23 00:00:00-04:00,221.67589093001624,224.53164361109094,221.61896812837992,223.7346954345703,217400,0.0,0.0,0.0
2021-04-26 00:00:00-04:00,224.2280332491168,224.7688288115591,224.03828575374976,224.3798370361328,609200,0.0,0.0,0.0
2021-04-27 00:00:00-04:00,224.54114032025376,224.71192321292216,223.7536744012323,224.44627380371094,257700,0.0,0.0,0.0
2021-04-28 00:00:00-04:00,224.4177774526212,225.07241860731997,224.00982106740645,224.13316345214844,651200,0.0,0.0,0.0
2021-04-29 00:00:00-04:00,225.72707120056484,225.8504135915571,223.47853362205285,225.37603759765625,672200,0.0,0.0,0.0
2021-04-30 00:00:00-04:00,224.04778043582886,224.60755512176607,223.34571321651492,223.69674682617188,1297900,0.0,0.0,0.0
2021-05-03 00:00:00-04:00,225.0819318573668,225.0819318573668,223.8864950607082,224.1995849609375,351600,0.0,0.0,0.0
2021-05-04 00:00:00-04:00,223.04208181223305,223.13696279342972,220.43301407418238,222.47283935546875,532100,0.0,0.0,0.0
2021-05-05 00:00:00-04:00,223.5544244229625,223.5544244229625,222.08385601949504,222.3684844970703,607600,0.0,0.0,0.0
2021-05-06 00:00:00-04:00,222.59617606460716,223.88647928517702,221.03074115057132,223.81057739257812,383200,0.0,0.0,0.0
2021-05-07 00:00:00-04:00,224.4652351916744,225.95478280035732,224.1047192711069,225.52784729003906,358700,0.0,0.0,0.0
2021-05-10 00:00:00-04:00,225.64167711485422,225.73654362339616,223.20337766411413,223.26031494140625,445900,0.0,0.0,0.0
2021-05-11 00:00:00-04:00,220.4330484710487,221.85617655023535,219.08582229330224,221.34385681152344,502600,0.0,0.0,0.0
2021-05-12 00:00:00-04:00,219.84480936193708,220.4614923565264,216.21108755126733,216.46725463867188,970100,0.0,0.0,0.0
2021-05-13 00:00:00-04:00,217.34955670768886,220.01554707598598,217.34955670768886,219.00987243652344,491400,0.0,0.0,0.0
2021-05-14 00:00:00-04:00,220.61328761602755,222.9756851600549,220.61328761602755,222.3684844970703,660000,0.0,0.0,0.0
2021-05-17 00:00:00-04:00,221.77078836292785,222.38747139546018,220.6986939299213,221.92259216308594,633600,0.0,0.0,0.0
2021-05-18 00:00:00-04:00,222.10284146007706,222.3779731609535,220.1389179377989,220.20533752441406,671100,0.0,0.0,0.0
2021-05-19 00:00:00-04:00,217.52040254918452,219.62663341317997,216.59061504852488,219.46534729003906,559700,0.0,0.0,0.0
2021-05-20 00:00:00-04:00,220.04404637931114,222.6720934963235,219.9681589582222,222.04591369628906,368100,0.0,0.0,0.0
2021-05-21 00:00:00-04:00,223.0705423270503,223.59235876795316,221.60947076932743,221.80870056152344,393800,0.0,0.0,0.0
2021-05-24 00:00:00-04:00,223.21287757044846,224.70241061896022,222.99465419645784,224.05726623535156,1596700,0.0,0.0,0.0
2021-05-25 00:00:00-04:00,224.78781411486864,224.87321280092823,223.2318613467729,223.47854614257812,413700,0.0,0.0,0.0
2021-05-26 00:00:00-04:00,223.94341502806623,224.4367701200693,223.45007441286972,224.18060302734375,426800,0.0,0.0,0.0
2021-05-27 00:00:00-04:00,224.81627114464683,224.98703954883308,224.2754755777783,224.2849578857422,497800,0.0,0.0,0.0
2021-05-28 00:00:00-04:00,225.24320624374323,225.4519328330374,224.66446696921048,224.7213897705078,529600,0.0,0.0,0.0
2021-06-01 00:00:00-04:00,226.04960109072906,226.1539643689251,224.39878220610532,224.68341064453125,902400,0.0,0.0,0.0
2021-06-02 00:00:00-04:00,225.03448954381838,225.33808265634778,224.40830974841776,224.95858764648438,448700,0.0,0.0,0.0
2021-06-03 00:00:00-04:00,223.65879773801782,224.56010922672397,222.6531084752779,223.93392944335938,402000,0.0,0.0,0.0
2021-06-04 00:00:00-04:00,224.9490792448239,226.08757861915893,224.83521917362694,225.98321533203125,439600,0.0,0.0,0.0
2021-06-07 00:00:00-04:00,226.08761781271772,226.08761781271772,225.4709202903081,225.99273681640625,337100,0.0,0.0,0.0
2021-06-08 00:00:00-04:00,226.50505972649182,226.53352112860296,225.08193171370692,226.07810974121094,837700,0.0,0.0,0.0
2021-06-09 00:00:00-04:00,226.17298929778258,226.6378829906598,225.6511728010442,225.73655700683594,858100,0.0,0.0,0.0
2021-06-10 00:00:00-04:00,226.4260077324794,227.27233509447967,225.68428328084073,226.77784729003906,407600,0.545,0.0,0.0
2021-06-11 00:00:00-04:00,227.22474912910457,227.46248165895508,226.52107012717403,227.41493225097656,292600,0.0,0.0,0.0
2021-06-14 00:00:00-04:00,227.52909484168143,227.83338498964676,226.78737037533776,227.8143768310547,795400,0.0,0.0,0.0
2021-06-15 00:00:00-04:00,227.88091331496133,227.88091331496133,226.79685346371264,227.2532958984375,507400,0.0,0.0,0.0
2021-06-16 00:00:00-04:00,227.45298118209976,227.45298118209976,224.82840472457454,225.98854064941406,400600,0.0,0.0,0.0
2021-06-17 00:00:00-04:00,225.69373724466845,226.55908708277752,224.58115081426018,225.97901916503906,429600,0.0,0.0,0.0
2021-06-18 00:00:00-04:00,224.5526852910106,224.6002347090422,223.0692363127135,223.09776306152344,577900,0.0,0.0,0.0
2021-06-21 00:00:00-04:00,224.0962163576188,226.36893897492456,223.6302553319627,226.23580932617188,784600,0.0,0.0,0.0
2021-06-22 00:00:00-04:00,226.3689371601179,228.0330650112067,225.9315028834126,227.49102783203125,419800,0.0,0.0,0.0
2021-06-23 00:00:00-04:00,227.709770149261,228.12816728203188,227.31988525390625,227.31988525390625,458200,0.0,0.0,0.0
2021-06-24 00:00:00-04:00,228.67969973156573,228.97448578394514,228.49902066461217,228.7272491455078,535900,0.0,0.0,0.0
2021-06-25 00:00:00-04:00,229.23123549158967,229.89688374061902,229.05055642898662,229.72572326660156,1085400,0.0,0.0,0.0
2021-06-28 00:00:00-04:00,230.106079978224,230.1916747217162,229.2597527017924,230.0490264892578,1104300,0.0,0.0,0.0
2021-06-29 00:00:00-04:00,230.4198889440016,230.69566682104752,229.87786628815346,230.22970581054688,316800,0.0,0.0,0.0
2021-06-30 00:00:00-04:00,230.04900432026824,230.56251469156445,229.96342409506607,230.20115661621094,582800,0.0,0.0,0.0
2021-07-01 00:00:00-04:00,230.7051819333996,231.418379600498,230.20119007612018,231.2947540283203,627400,0.0,0.0,0.0
2021-07-02 00:00:00-04:00,231.96042317832968,233.1300779049704,231.8843615224923,232.9969482421875,529700,0.0,0.0,0.0
2021-07-06 00:00:00-04:00,232.9398931345098,233.1110536240278,231.0190098618867,232.511962890625,244400,0.0,0.0,0.0
2021-07-07 00:00:00-04:00,232.93038245416017,233.35829820252985,231.5990857903333,233.08253479003906,718300,0.0,0.0,0.0
2021-07-08 00:00:00-04:00,230.07755320567458,231.68462752489245,229.26927126201434,231.1901397705078,748500,0.0,0.0,0.0
2021-07-09 00:00:00-04:00,232.2361549540562,233.92880940602817,231.96037709376697,233.7766571044922,348500,0.0,0.0,0.0
2021-07-12 00:00:00-04:00,233.72913720961876,234.57546454247097,233.57699939891435,234.43283081054688,453000,0.0,0.0,0.0
2021-07-13 00:00:00-04:00,234.10951938651735,234.73713683075755,233.2726961275304,233.3582763671875,487500,0.0,0.0,0.0
2021-07-14 00:00:00-04:00,234.39478982623842,234.62300378742572,232.80673813612233,233.31072998046875,485900,0.0,0.0,0.0
2021-07-15 00:00:00-04:00,232.83524553272923,233.13003154812841,231.4563852516033,232.6355438232422,973200,0.0,0.0,0.0
2021-07-16 00:00:00-04:00,233.40578980055838,233.40578980055838,230.66712098340474,230.87631225585938,478000,0.0,0.0,0.0
2021-07-19 00:00:00-04:00,227.99499617780634,228.27077403318626,226.11215863745318,227.57659912109375,906000,0.0,0.0,0.0
2021-07-20 00:00:00-04:00,228.13765108907972,231.99842509727614,227.7477662531673,231.26620483398438,2231400,0.0,0.0,0.0
2021-07-21 00:00:00-04:00,232.00795891247733,233.26319381043805,231.83679843187042,233.24417114257812,678800,0.0,0.0,0.0
2021-07-22 00:00:00-04:00,233.39631301361615,233.78619788204242,232.645070022254,233.62452697753906,614500,0.0,0.0,0.0
2021-07-23 00:00:00-04:00,234.75612882909337,236.15399735411398,234.347235816626,235.93528747558594,657600,0.0,0.0,0.0
2021-07-26 00:00:00-04:00,235.71654681686647,236.44875251242254,235.59292126642976,236.35366821289062,814800,0.0,0.0,0.0
2021-07-27 00:00:00-04:00,235.89727075888086,235.89727075888086,233.55797599241865,235.2696533203125,279700,0.0,0.0,0.0
2021-07-28 00:00:00-04:00,235.64051680037483,236.19205808177807,234.70860922630095,235.33621215820312,441600,0.0,0.0,0.0
2021-07-29 00:00:00-04:00,235.8877581128819,237.05739827055817,235.8877581128819,236.315673828125,1050500,0.0,0.0,0.0
2021-07-30 00:00:00-04:00,234.86069776000727,236.1064137936841,234.54688910487602,235.02235412597656,462500,0.0,0.0,0.0
2021-08-02 00:00:00-04:00,236.28710543730588,236.3727001733045,234.53739754865902,234.65150451660156,440700,0.0,0.0,0.0
2021-08-03 00:00:00-04:00,235.26965448024507,236.48684402829417,233.75767887900275,236.47732543945312,352500,0.0,0.0,0.0
2021-08-04 00:00:00-04:00,235.74509924222141,236.11596142389598,234.94632139092894,235.37423706054688,349800,0.0,0.0,0.0
2021-08-05 00:00:00-04:00,235.9543170067713,237.00033152889142,235.86872226047177,236.92425537109375,794200,0.0,0.0,0.0
2021-08-06 00:00:00-04:00,237.18100782418762,237.55187002034953,236.79112296128724,237.15248107910156,450900,0.0,0.0,0.0
2021-08-09 00:00:00-04:00,237.21904898980316,237.42824028007766,236.47731010046817,237.07640075683594,575400,0.0,0.0,0.0
2021-08-10 00:00:00-04:00,237.29512792449418,237.7420663022777,236.93378429674456,237.1429901123047,371800,0.0,0.0,0.0
2021-08-11 00:00:00-04:00,237.82764452172205,237.82764452172205,236.8957224953493,237.61843872070312,411500,0.0,0.0,0.0
2021-08-12 00:00:00-04:00,237.54234968313196,238.49327981436141,237.14296076922065,238.40769958496094,329400,0.0,0.0,0.0
2021-08-13 00:00:00-04:00,238.73104568867814,238.7880991829133,238.3696875451296,238.72152709960938,296100,0.0,0.0,0.0
2021-08-16 00:00:00-04:00,237.93227414223117,239.05436491912354,236.9623211840389,239.04486083984375,496500,0.0,0.0,0.0
2021-08-17 00:00:00-04:00,237.54236835364964,237.80862765051816,235.62148527477538,237.34266662597656,788800,0.0,0.0,0.0
2021-08-18 00:00:00-04:00,236.8957199976275,237.5899094709816,234.72760036451186,234.9082794189453,496600,0.0,0.0,0.0
2021-08-19 00:00:00-04:00,233.23463452110727,235.69754004871464,233.11100896233307,234.9177703857422,771400,0.0,0.0,0.0
2021-08-20 00:00:00-04:00,235.2981698377632,237.0859232480736,234.87975823024007,236.9718017578125,347100,0.0,0.0,0.0
2021-08-23 00:00:00-04:00,237.81814586999792,239.61540348574977,237.81814586999792,239.1399383544922,785600,0.0,0.0,0.0
2021-08-24 00:00:00-04:00,239.67242029780078,240.13838127873336,239.491755764011,239.83409118652344,593100,0.0,0.0,0.0
2021-08-25 00:00:00-04:00,239.9862201396867,240.73746303005416,239.72947946478885,240.46168518066406,254000,0.0,0.0,0.0
2021-08-26 00:00:00-04:00,240.37612168143258,240.47122050026178,238.94972645924983,239.0258026123047,287600,0.0,0.0,0.0
2021-08-27 00:00:00-04:00,239.5678109789989,241.4886938265782,239.29204763689117,241.25096130371094,369600,0.0,0.0,0.0
2021-08-30 00:00:00-04:00,241.7835294711605,242.71545159935263,241.45071257684447,242.2875213623047,439900,0.0,0.0,0.0
2021-08-31 00:00:00-04:00,242.25894875404785,242.3064981613902,241.47919361179245,241.74545288085938,1596000,0.0,0.0,0.0
2021-09-01 00:00:00-04:00,242.43012137720277,242.78196087006287,241.9356336636932,242.0972900390625,583000,0.0,0.0,0.0
2021-09-02 00:00:00-04:00,242.88656616210938,243.1718480961865,242.1923912468872,242.88656616210938,527900,0.0,0.0,0.0
2021-09-03 00:00:00-04:00,242.41115699357925,243.13385881781497,242.13539358342405,242.8675994873047,581600,0.0,0.0,0.0
2021-09-07 00:00:00-04:00,242.82954872779985,242.82954872779985,241.55530567779536,241.88812255859375,1048600,0.0,0.0,0.0
2021-09-08 00:00:00-04:00,241.6028053669587,241.87856869772395,240.3570748099376,241.45065307617188,518300,0.0,0.0,0.0
2021-09-09 00:00:00-04:00,241.34607213937667,242.35405576493935,240.36661525717577,240.5187530517578,424300,0.0,0.0,0.0
2021-09-10 00:00:00-04:00,241.69791651855465,241.83104616027344,238.4932865292964,238.6168975830078,542200,0.0,0.0,0.0
2021-09-13 00:00:00-04:00,240.16694782124034,240.27155073184372,237.8371715505775,239.09239196777344,645100,0.0,0.0,0.0
2021-09-14 00:00:00-04:00,239.87212449352813,239.9672233102283,237.2475625670853,237.6849822998047,526800,0.0,0.0,0.0
2021-09-15 00:00:00-04:00,238.0653888801722,239.97675341882157,237.3616952863693,239.76754760742188,1007600,0.0,0.0,0.0
2021-09-16 00:00:00-04:00,239.47274692633297,240.1478992227454,237.88469528049464,239.52980041503906,839600,0.0,0.0,0.0
2021-09-17 00:00:00-04:00,239.09237472255342,239.2920764502265,237.06690325066398,237.34266662597656,1422000,0.0,0.0,0.0
2021-09-20 00:00:00-04:00,233.84323758147937,234.65151950610814,230.5815396090285,233.32972717285156,1264000,0.0,0.0,0.0
2021-09-21 00:00:00-04:00,234.8131758910339,235.4693200187013,232.89230742776837,233.32972717285156,686700,0.0,0.0,0.0
2021-09-22 00:00:00-04:00,234.64202721964895,236.71504809409393,234.19508886414138,235.53590393066406,519900,0.0,0.0,0.0
2021-09-23 00:00:00-04:00,236.62945037273306,239.27303497674762,236.59141955190248,238.40769958496094,465300,0.0,0.0,0.0
2021-09-24 00:00:00-04:00,237.43165451697516,239.01547522588598,237.39348174308475,238.6338348388672,572000,0.837,0.0,0.0
2021-09-27 00:00:00-04:00,238.10905553962007,238.68153064790567,237.47933583223525,237.98501586914062,289400,0.0,0.0,0.0
2021-09-28 00:00:00-04:00,236.3535101455586,236.420290664956,232.74695445594853,232.93777465820312,1144200,0.0,0.0,0.0
2021-09-29 00:00:00-04:00,233.90140481108932,234.73149518109793,233.04270669993215,233.290771484375,659000,0.0,0.0,0.0
2021-09-30 00:00:00-04:00,234.1590385218088,234.51205661953836,226.31620746953683,230.61927795410156,1355400,0.0,0.0,0.0
2021-10-01 00:00:00-04:00,231.5447670486536,234.26400233480013,229.57929124009516,233.271728515625,1134400,0.0,0.0,0.0
2021-10-04 00:00:00-04:00,232.6515233060498,232.98546955921694,229.01634552918142,230.25669860839844,938500,0.0,0.0,0.0
2021-10-05 00:00:00-04:00,231.01042411514265,233.7296589242514,230.69556427502982,232.50839233398438,722000,0.0,0.0,0.0
2021-10-06 00:00:00-04:00,230.60970272076727,233.65333335369917,229.73191824859964,233.50067138671875,904700,0.0,0.0,0.0
2021-10-07 00:00:00-04:00,235.4184688005074,237.26944068125903,235.4184688005074,235.65699768066406,373800,0.0,0.0,0.0
2021-10-08 00:00:00-04:00,236.28671070426688,236.30579709173435,234.85553737581304,235.18948364257812,296800,0.0,0.0,0.0
2021-10-11 00:00:00-04:00,234.97956694131597,236.44891298145444,233.4720626865331,233.4816131591797,418700,0.0,0.0,0.0
2021-10-12 00:00:00-04:00,234.17813542479095,234.42620023992257,232.7946707151536,233.271728515625,295000,0.0,0.0,0.0
2021-10-13 00:00:00-04:00,233.97773948966218,234.7505707136307,232.33665966846974,234.26397705078125,511400,0.0,0.0,0.0
2021-10-14 00:00:00-04:00,236.4298069376752,238.2998650313663,236.26760906128897,238.15675354003906,717800,0.0,0.0,0.0
2021-10-15 00:00:00-04:00,239.56887050573468,240.15088157491752,239.17767963526057,239.90281677246094,551000,0.0,0.0,0.0
2021-10-18 00:00:00-04:00,238.95825685643794,240.8474017292714,238.56706595367797,240.7519989013672,1345400,0.0,0.0,0.0
2021-10-19 00:00:00-04:00,241.64883252391957,242.53615293520906,241.2957998952302,242.4407501220703,331000,0.0,0.0,0.0
2021-10-20 00:00:00-04:00,242.8319350781925,243.60478087650523,242.69835948811019,243.3280792236328,477700,0.0,0.0,0.0
2021-10-21 00:00:00-04:00,243.15632987635396,244.3298732526071,242.99411743716416,244.2631072998047,546200,0.0,0.0,0.0
2021-10-22 00:00:00-04:00,243.91961669921875,244.76879345293096,242.7746810346633,243.91961669921875,296100,0.0,0.0,0.0
2021-10-25 00:00:00-04:00,244.3203605835925,245.37941480149976,243.48073429338098,245.1504364013672,330200,0.0,0.0,0.0
2021-10-26 00:00:00-04:00,245.9519237312126,246.7152045814488,244.99780810976833,245.17909240722656,538300,0.0,0.0,0.0
2021-10-27 00:00:00-04:00,245.43666353397109,245.73243701155366,243.68109449637652,243.709716796875,406200,0.0,0.0,0.0
2021-10-28 00:00:00-04:00,244.52069967584032,246.1617793696631,244.4920773778146,246.07591247558594,274700,0.0,0.0,0.0
2021-10-29 00:00:00-04:00,244.9691401951859,246.78195371494394,244.9691401951859,246.52435302734375,744600,0.0,0.0,0.0
2021-11-01 00:00:00-04:00,247.40213416185182,247.40213416185182,246.20948980295879,247.2971954345703,346500,0.0,0.0,0.0
2021-11-02 00:00:00-04:00,247.53572342995983,248.2322382153132,247.3639896310378,248.09864807128906,324100,0.0,0.0,0.0
2021-11-03 00:00:00-04:00,247.81240254930938,249.8923671266554,247.60249599727413,249.7873992919922,341400,0.0,0.0,0.0
2021-11-04 00:00:00-04:00,250.27401443135304,250.98005052727294,249.8733022591306,250.64613342285156,477200,0.0,0.0,0.0
2021-11-05 00:00:00-04:00,251.74339743057513,252.7165848238052,250.5984471066487,251.38082885742188,345400,0.0,0.0,0.0
2021-11-08 00:00:00-05:00,252.2395442162471,252.41127804134024,251.4285401080208,251.8006591796875,493400,0.0,0.0,0.0
2021-11-09 00:00:00-05:00,251.9056053133819,252.1727565326865,250.23590291340344,251.05645751953125,486500,0.0,0.0,0.0
2021-11-10 00:00:00-05:00,250.0450608405327,251.02779865957788,247.87919997916984,248.7188262939453,475200,0.0,0.0,0.0
2021-11-11 00:00:00-05:00,249.86380202747898,249.86380202747898,248.91923688573894,248.9383087158203,499100,0.0,0.0,0.0
2021-11-12 00:00:00-05:00,249.6538282505069,251.12317405574015,249.2053928672281,250.90371704101562,578700,0.0,0.0,0.0
2021-11-15 00:00:00-05:00,251.5812024397042,251.5812024397042,250.31224146286337,250.85609436035156,355200,0.0,0.0,0.0
2021-11-16 00:00:00-05:00,250.80837928974657,252.5925709180549,250.7320628484352,252.0105743408203,586000,0.0,0.0,0.0
2021-11-17 00:00:00-05:00,251.95327538017733,251.95327538017733,250.789253359507,251.13272094726562,430900,0.0,0.0,0.0
2021-11-18 00:00:00-05:00,251.87688179054248,251.94367684785152,249.9782017133812,251.6479034423828,956800,0.0,0.0,0.0
2021-11-19 00:00:00-05:00,251.77199528740752,252.24905302317498,250.93236901368982,251.0373077392578,551400,0.0,0.0,0.0
2021-11-22 00:00:00-05:00,252.18219754031833,253.25080195368017,249.9113986032812,249.96864318847656,585800,0.0,0.0,0.0
2021-11-23 00:00:00-05:00,249.63480759183463,250.68431140767942,247.92693259687357,250.14048767089844,1104100,0.0,0.0,0.0
2021-11-24 00:00:00-05:00,249.08144358014212,250.90380807049183,248.38492863336955,250.7702178955078,618500,0.0,0.0,0.0
2021-11-26 00:00:00-05:00,246.84876470425615,247.65021823465992,244.8164940191313,245.32217407226562,502600,0.0,0.0,0.0
2021-11-29 00:00:00-05:00,247.9841667727356,249.22450529419234,246.6197885756742,248.1654510498047,1074700,0.0,0.0,0.0
2021-11-30 00:00:00-05:00,247.01097279766944,247.73608076918012,243.01321201276562,243.39486694335938,1002000,0.0,0.0,0.0
2021-12-01 00:00:00-05:00,246.41937941139733,247.74561382348998,239.78829470280988,239.88369750976562,1768600,0.0,0.0,0.0
2021-12-02 00:00:00-05:00,240.1317876275503,244.59704128307988,240.0363848105234,243.6047821044922,1168300,0.0,0.0,0.0
2021-12-03 00:00:00-05:00,244.50164930218676,245.29355236190807,238.90098137253253,241.28627014160156,959500,0.0,0.0,0.0
2021-12-06 00:00:00-05:00,242.5647678390577,245.12180482674884,241.04772776099105,244.1295166015625,829100,0.0,0.0,0.0
2021-12-07 00:00:00-05:00,247.4021504414104,249.77791796041546,247.06823329278308,249.19589233398438,1184800,0.0,0.0,0.0
2021-12-08 00:00:00-05:00,249.7111119742223,250.48394320649135,248.81424106711845,250.16909790039062,1288400,0.0,0.0,0.0
2021-12-09 00:00:00-05:00,249.35807062372737,249.9591679965716,248.07955945611363,248.08908081054688,696000,0.0,0.0,0.0
2021-12-10 00:00:00-05:00,249.7015447442154,250.20722476494052,248.00322041826186,250.15953063964844,801100,0.0,0.0,0.0
2021-12-13 00:00:00-05:00,249.7863524179744,249.92034119197766,247.7193098209436,247.79588317871094,1622800,0.78,0.0,0.0
2021-12-14 00:00:00-05:00,245.73840260340992,247.21210379072699,244.4656407569699,246.11160278320312,867100,0.0,0.0,0.0
2021-12-15 00:00:00-05:00,246.07330429515008,249.9585689671589,244.465600008958,249.90115356445312,652600,0.0,0.0,0.0
2021-12-16 00:00:00-05:00,250.77197929288874,251.06863529352148,246.4560988300509,247.43218994140625,852500,0.0,0.0,0.0
2021-12-17 00:00:00-05:00,245.95845823727458,247.7575521685661,243.98713269018228,245.4225616455078,2020100,0.0,0.0,0.0
2021-12-20 00:00:00-05:00,242.38900964896828,242.75266004830578,240.50380707884028,242.58041381835938,1090200,0.0,0.0,0.0
2021-12-21 00:00:00-05:00,244.42733010164312,247.32693955591134,243.56606979782015,247.2503662109375,667400,0.0,0.0,0.0
2021-12-22 00:00:00-05:00,247.0398528302074,249.66194982543584,247.03030306446212,249.59495544433594,518200,0.0,0.0,0.0
2021-12-23 00:00:00-05:00,250.17871267530057,251.9682279728329,249.9681797459333,251.1643829345703,1010300,0.0,0.0,0.0
2021-12-27 00:00:00-05:00,251.68110534851496,254.5711212158203,251.68110534851496,254.5711212158203,1151200,0.0,0.0,0.0
2021-12-28 00:00:00-05:00,254.65725093718888,255.40370964722274,253.75773314658824,254.16921997070312,642600,0.0,0.0,0.0
2021-12-29 00:00:00-05:00,254.0734741239986,254.99214969507602,253.51844887593535,254.40841674804688,1024200,0.0,0.0,0.0
2021-12-30 00:00:00-05:00,254.53290596142764,255.38458743270496,253.68119528597137,253.99700927734375,540200,0.0,0.0,0.0
2021-12-31 00:00:00-05:00,253.70030326821927,254.29364452379482,253.04957580566406,253.04957580566406,883300,0.0,0.0,0.0
2022-01-03 00:00:00-05:00,253.8630063277973,254.6572723388672,252.43714157343192,254.6572723388672,881900,0.0,0.0,0.0
2022-01-04 00:00:00-05:00,255.17398367541668,255.63333607891556,252.96340316613797,254.0160675048828,941000,0.0,0.0,0.0
2022-01-05 00:00:00-05:00,253.9108138392823,254.25533548008696,248.73367309570312,248.73367309570312,918800,0.0,0.0,0.0
2022-01-06 00:00:00-05:00,248.5901147077626,250.38920871105378,247.14512132764372,248.76239013671875,1176000,0.0,0.0,0.0
2022-01-07 00:00:00-05:00,248.8293581838605,249.57578770404032,246.88672563748386,247.7001495361328,812000,0.0,0.0,0.0
2022-01-10 00:00:00-05:00,245.92976051205252,247.43219850543568,242.4081458506581,247.26953125,1384600,0.0,0.0,0.0
2022-01-11 00:00:00-05:00,247.29822792005123,249.84372211855478,245.72879561896153,249.7097625732422,637600,0.0,0.0,0.0
2022-01-12 00:00:00-05:00,250.73372667110445,251.64282342461766,249.16429432397476,250.24566650390625,453600,0.0,0.0,0.0
2022-01-13 00:00:00-05:00,250.9059765228033,251.2313402375837,246.11158550511433,246.6187744140625,1501400,0.0,0.0,0.0
2022-01-14 00:00:00-05:00,245.0206854797154,246.8580371163964,243.99672860071695,246.73362731933594,1506100,0.0,0.0,0.0
2022-01-18 00:00:00-05:00,243.97757180410986,244.31251449983262,241.53731465522569,241.97752380371094,1136200,0.0,0.0,0.0
2022-01-19 00:00:00-05:00,243.11628625499765,243.86271571466372,239.48939079643552,239.66165161132812,1000800,0.0,0.0,0.0
2022-01-20 00:00:00-05:00,240.9439830552994,243.56606519175637,236.70464678798862,237.0204315185547,1170400,0.0,0.0,0.0
2022-01-21 00:00:00-05:00,236.05390246140735,237.5659047352355,232.18778097039257,232.2547607421875,1362000,0.0,0.0,0.0
2022-01-24 00:00:00-05:00,228.7905655137953,233.72849485487626,222.95308920723596,233.47967529296875,1421800,0.0,0.0,0.0
2022-01-25 00:00:00-05:00,229.81450689883695,233.1734541567949,226.62783506233944,230.3504180908203,1119700,0.0,0.0,0.0
2022-01-26 00:00:00-05:00,233.88159539911211,235.48929976013142,227.24985324038533,229.46043395996094,1310600,0.0,0.0,0.0
2022-01-27 00:00:00-05:00,231.96766618241685,233.92944190666117,227.33597194519922,228.1876678466797,1337400,0.0,0.0,0.0
2022-01-28 00:00:00-05:00,228.99151078534652,233.9772909770976,226.40771540049525,233.8720245361328,1273700,0.0,0.0,0.0
2022-01-31 00:00:00-05:00,233.69022387812342,238.89610186467885,233.06820413575198,238.80039978027344,1090600,0.0,0.0,0.0
2022-02-01 00:00:00-05:00,239.2406010123692,240.77174669968338,237.10657893992337,240.40809631347656,1626600,0.0,0.0,0.0
2022-02-02 00:00:00-05:00,241.89138436739316,242.71437259652856,240.1114337602904,242.25502014160156,798400,0.0,0.0,0.0
2022-02-03 00:00:00-05:00,238.6090005359415,239.9200489490996,236.05391268849687,236.4845428466797,1056200,0.0,0.0,0.0
2022-02-04 00:00:00-05:00,236.52282064389445,240.05401409223822,235.1926435462181,237.9965362548828,1975700,0.0,0.0,0.0
2022-02-07 00:00:00-05:00,238.32191188053713,239.2693099220718,236.5802478894758,237.1927032470703,521300,0.0,0.0,0.0
2022-02-08 00:00:00-05:00,236.90561285300015,239.83391550325265,236.28359312478904,239.2501678466797,504800,0.0,0.0,0.0
2022-02-09 00:00:00-05:00,241.54689598009276,243.2024369332369,241.54689598009276,243.01104736328125,556400,0.0,0.0,0.0
2022-02-10 00:00:00-05:00,239.88173302736595,243.54690031281098,237.77641893132653,238.8673553466797,610100,0.0,0.0,0.0
2022-02-11 00:00:00-05:00,238.84825339147758,240.14015853440654,233.32659059158786,234.18785095214844,829000,0.0,0.0,0.0
2022-02-14 00:00:00-05:00,233.89122508853396,234.73334222017388,231.49881866506487,233.3936004638672,696400,0.0,0.0,0.0
2022-02-15 00:00:00-05:00,235.93905787501532,237.44148109222763,235.67110959930756,237.25009155273438,514400,0.0,0.0,0.0
2022-02-16 00:00:00-05:00,236.2357177816241,238.19749344875993,235.0203715523899,237.35536193847656,934400,0.0,0.0,0.0
2022-02-17 00:00:00-05:00,235.62326484907783,235.84336209526182,231.82412325034795,232.09207153320312,548500,0.0,0.0,0.0
2022-02-18 00:00:00-05:00,232.28347553362718,232.94378191535858,229.23076319031077,230.4556884765625,861500,0.0,0.0,0.0
2022-02-22 00:00:00-05:00,229.27860936356294,231.211677428079,226.02494316570065,228.0154266357422,1054200,0.0,0.0,0.0
2022-02-23 00:00:00-05:00,229.40301474954595,229.84320925153412,223.46027215601296,223.75694274902344,913000,0.0,0.0,0.0
2022-02-24 00:00:00-05:00,217.81422651750242,227.7857736173507,217.68981672479836,227.47955322265625,1579400,0.0,0.0,0.0
2022-02-25 00:00:00-05:00,227.91016631641372,232.637562859545,227.22115222741797,232.51315307617188,994000,0.0,0.0,0.0
2022-02-28 00:00:00-05:00,229.7570884104345,233.1064566544358,229.1159253845475,232.2547607421875,1728900,0.0,0.0,0.0
2022-03-01 00:00:00-05:00,231.64230700796975,232.54185396457814,227.21156659926905,228.71400451660156,933000,0.0,0.0,0.0
2022-03-02 00:00:00-05:00,229.89108291648108,233.75721935198808,229.39347296108951,232.92465209960938,1704500,0.0,0.0,0.0
2022-03-03 00:00:00-05:00,233.79550357980722,234.3314002378369,230.32172506867295,231.3743896484375,752300,0.0,0.0,0.0
2022-03-04 00:00:00-05:00,229.5561543782472,229.70925727079242,226.88622099814907,229.04896545410156,940000,0.0,0.0,0.0
2022-03-07 00:00:00-05:00,228.637452559661,228.95325190074007,221.94828019408547,222.06312561035156,944000,0.0,0.0,0.0
2022-03-08 00:00:00-05:00,221.91005071439315,226.30250542482108,219.79515700080375,220.56072998046875,1974600,0.0,0.0,0.0
2022-03-09 00:00:00-05:00,225.15411312125536,227.6804932823439,224.34068923746725,226.59912109375,1037000,0.0,0.0,0.0
2022-03-10 00:00:00-05:00,224.17800550349108,226.0536582235093,222.88611503087373,225.6134490966797,825900,0.0,0.0,0.0
2022-03-11 00:00:00-05:00,226.66613431686278,227.29773306017026,222.26410105404477,222.5033416748047,741500,0.0,0.0,0.0
2022-03-14 00:00:00-04:00,222.72343794620073,224.6277838086158,219.92910944386162,220.5894012451172,1347500,0.0,0.0,0.0
2022-03-15 00:00:00-04:00,221.7664776650712,225.64216380532937,221.36455519875136,225.30723571777344,1701200,0.0,0.0,0.0
2022-03-16 00:00:00-04:00,227.374254801946,230.71404397880892,224.88614691019023,230.64706420898438,930700,0.0,0.0,0.0
2022-03-17 00:00:00-04:00,229.70924701099446,233.82418823242188,229.45087767768976,233.82418823242188,726700,0.0,0.0,0.0
2022-03-18 00:00:00-04:00,233.0012119775011,236.69508759861063,232.57058179774728,236.42713928222656,868900,0.0,0.0,0.0
2022-03-21 00:00:00-04:00,236.4175562390743,237.52763609188375,234.34094965009223,236.3697052001953,647700,0.0,0.0,0.0
2022-03-22 00:00:00-04:00,237.08743804797842,239.69037698200012,237.0300226394774,239.2501678466797,379900,0.0,0.0,0.0
2022-03-23 00:00:00-04:00,237.7860182840044,238.68556529608793,236.08262634277344,236.08262634277344,995800,0.0,0.0,0.0
2022-03-24 00:00:00-04:00,237.27199656656066,239.61428833007812,236.628828688504,239.61428833007812,332600,0.769,0.0,0.0
2022-03-25 00:00:00-04:00,239.70070631730493,240.6606611000316,238.36636975522472,240.50706481933594,684300,0.0,0.0,0.0
2022-03-28 00:00:00-04:00,240.19982884949397,242.28292846679688,239.10548124759882,242.28292846679688,721700,0.0,0.0,0.0
2022-03-29 00:00:00-04:00,244.18370210127475,245.91163834908937,243.13735486625458,245.64283752441406,828100,0.0,0.0,0.0
2022-03-30 00:00:00-04:00,244.94205397489603,245.3644364024129,242.67656021182566,243.81890869140625,606300,0.0,0.0,0.0
2022-03-31 00:00:00-04:00,243.34853072760143,243.9436979892419,239.91189094223935,240.05589294433594,1957500,0.0,0.0,0.0
2022-04-01 00:00:00-04:00,241.16940434908724,241.16940434908724,238.95191143531082,241.05421447753906,797800,0.0,0.0,0.0
2022-04-04 00:00:00-04:00,241.15982537634537,243.09893800766082,240.79503789630425,243.06053161621094,1087200,0.0,0.0,0.0
2022-04-05 00:00:00-04:00,242.20620576789807,243.49254175095,239.1823538506456,239.604736328125,1452500,0.0,0.0,0.0
2022-04-06 00:00:00-04:00,237.40639752717505,238.37596116104103,235.54408304189403,237.1568145751953,874900,0.0,0.0,0.0
2022-04-07 00:00:00-04:00,236.82083077831678,239.17271695531085,235.3137094574826,238.078369140625,522200,0.0,0.0,0.0
2022-04-08 00:00:00-04:00,237.62716164919337,239.07670250885266,236.6192210101991,237.41598510742188,1742600,0.0,0.0,0.0
2022-04-11 00:00:00-04:00,235.79366413375493,235.94724574466522,233.33618258624497,233.61456298828125,728600,0.0,0.0,0.0
2022-04-12 00:00:00-04:00,235.35209755971718,236.77282644766095,231.92506681718953,232.83702087402344,506600,0.0,0.0,0.0
2022-04-13 00:00:00-04:00,232.76022264117833,236.07206350289923,232.64503276180437,235.66888427734375,508800,0.0,0.0,0.0
2022-04-14 00:00:00-04:00,235.8128765735817,236.4272470227091,232.6738351128157,232.73143005371094,505200,0.0,0.0,0.0
2022-04-18 00:00:00-04:00,232.13627238138204,233.51859496315896,231.31071068306872,232.48184204101562,724200,0.0,0.0,0.0
2022-04-19 00:00:00-04:00,232.38581826580906,236.96480594592666,232.38581826580906,236.5136260986328,993200,0.0,0.0,0.0
2022-04-20 00:00:00-04:00,237.3392439226043,237.89601949693608,235.71691787196926,236.18728637695312,1743200,0.0,0.0,0.0
2022-04-21 00:00:00-04:00,238.05916818117615,239.01912286849412,231.9538557839239,232.5010223388672,729200,0.0,0.0,0.0
2022-04-22 00:00:00-04:00,231.9250691674279,231.9250691674279,225.858148228775,226.0789337158203,735800,0.0,0.0,0.0
2022-04-25 00:00:00-04:00,224.67741028048806,227.67246438806026,222.46951144447786,227.4996795654297,1029600,0.0,0.0,0.0
2022-04-26 00:00:00-04:00,226.17494922455117,226.26134164040823,220.92399533827373,220.96238708496094,862200,0.0,0.0,0.0
2022-04-27 00:00:00-04:00,221.35595287771935,224.20701953584697,220.23280762569127,221.42315673828125,1789900,0.0,0.0,0.0
2022-04-28 00:00:00-04:00,223.84221127190781,227.93162732786973,221.3943387089811,226.87567138671875,1374200,0.0,0.0,0.0
2022-04-29 00:00:00-04:00,224.84057555732716,226.18450618588898,218.25528618188366,218.78326416015625,1069400,0.0,0.0,0.0
2022-05-02 00:00:00-04:00,218.5432902925508,220.73198583447868,215.03944685250895,220.00241088867188,3397900,0.0,0.0,0.0
2022-05-03 00:00:00-04:00,220.12721176397756,222.3063130526663,219.57043627556718,221.02957153320312,1455600,0.0,0.0,0.0
2022-05-04 00:00:00-04:00,221.33675364125662,227.89323109841743,219.29204552213506,227.45166015625,1375200,0.0,0.0,0.0
2022-05-05 00:00:00-04:00,225.21497325548944,225.21497325548944,216.97856015337987,219.17686462402344,1463000,0.0,0.0,0.0
2022-05-06 00:00:00-04:00,218.28410636025217,219.5704421882463,214.67468183390028,217.58334350585938,1213800,0.0,0.0,0.0
2022-05-09 00:00:00-04:00,214.50187937225525,214.74186805238705,209.33733293628657,210.1820831298828,2048700,0.0,0.0,0.0
2022-05-10 00:00:00-04:00,213.57071270101605,214.35788256804503,208.2045695654263,210.74844360351562,2444300,0.0,0.0,0.0
2022-05-11 00:00:00-04:00,210.18206681515218,213.29232514142495,206.68783248957212,207.03341674804688,2045100,0.0,0.0,0.0
2022-05-12 00:00:00-04:00,205.3535112333205,209.03973382989213,203.35680366490755,207.07183837890625,1314700,0.0,0.0,0.0
2022-05-13 00:00:00-04:00,209.39493694696992,213.30194521194093,209.22213747296104,212.4475860595703,1529800,0.0,0.0,0.0
2022-05-16 00:00:00-04:00,211.4780244880882,213.4459345633252,210.3356760452447,211.39163208007812,999600,0.0,0.0,0.0
2022-05-17 00:00:00-04:00,214.61706980868567,215.86499914524202,212.65875410464363,215.73060607910156,649500,0.0,0.0,0.0
2022-05-18 00:00:00-04:00,213.20594644742025,213.47473259376682,206.50545204104066,207.26382446289062,1308700,0.0,0.0,0.0
2022-05-19 00:00:00-04:00,205.4399002885475,208.55975306680855,204.77754384896207,206.19827270507812,1346700,0.0,0.0,0.0
2022-05-20 00:00:00-04:00,208.1757455922922,208.50212662586142,201.37926557833683,206.27503967285156,1435900,0.0,0.0,0.0
2022-05-23 00:00:00-04:00,207.8781920273385,210.37406544443658,206.5246523926096,209.97088623046875,1018400,0.0,0.0,0.0
2022-05-24 00:00:00-04:00,207.59980037779638,208.62695894874315,204.46075902147004,207.97418212890625,869600,0.0,0.0,0.0
2022-05-25 00:00:00-04:00,207.1966424839072,211.21885547773843,207.04304619898932,210.15330505371094,1540200,0.0,0.0,0.0
2022-05-26 00:00:00-04:00,210.71007491380078,215.35625254906026,210.70048063915783,214.38670349121094,899000,0.0,0.0,0.0
2022-05-27 00:00:00-04:00,215.83620601911127,219.83921526369076,215.80740855062655,219.79122924804688,1216500,0.0,0.0,0.0
2022-05-31 00:00:00-04:00,218.86969165892006,220.17523075647966,216.82498327324828,218.28411865234375,1925600,0.0,0.0,0.0
2022-06-01 00:00:00-04:00,219.42645274187174,220.10801239370858,215.0778590105584,216.59458923339844,1446200,0.0,0.0,0.0
2022-06-02 00:00:00-04:00,216.4697838903998,220.98156803085004,215.49062599937142,220.90476989746094,665800,0.0,0.0,0.0
2022-06-03 00:00:00-04:00,218.31289525087374,219.12886260173775,216.7769765256099,217.28575134277344,868900,0.0,0.0,0.0
2022-06-06 00:00:00-04:00,219.66642424635964,220.4439851689695,217.37213321950966,217.96730041503906,938000,0.0,0.0,0.0
2022-06-07 00:00:00-04:00,216.2010115534764,220.42480662537517,215.86502152941182,220.23281860351562,974000,0.0,0.0,0.0
2022-06-08 00:00:00-04:00,219.12888812381505,220.21362709638788,217.38176334233378,217.82334899902344,755500,0.0,0.0,0.0
2022-06-09 00:00:00-04:00,217.03785318835196,217.87531214739943,212.58100165787465,212.60987854003906,716400,0.624,0.0,0.0
2022-06-10 00:00:00-04:00,209.231158342255,209.491064978829,206.24708645191038,206.2855987548828,1553800,0.0,0.0,0.0
2022-06-13 00:00:00-04:00,200.90465296305666,201.7998656973563,197.18900896845398,198.13235473632812,2076700,0.0,0.0,0.0
2022-06-14 00:00:00-04:00,198.95057031395686,199.70141337196645,195.77399552826807,197.44891357421875,3035700,0.0,0.0,0.0
2022-06-15 00:00:00-04:00,199.4222315825265,202.91648113981807,196.71732262452556,200.33670043945312,1541500,0.0,0.0,0.0
2022-06-16 00:00:00-04:00,195.8028378298683,195.9953552543711,192.11607113249474,193.5118408203125,1296400,0.0,0.0,0.0
2022-06-17 00:00:00-04:00,193.7813691792404,195.87984877541487,192.09681600167173,194.09902954101562,1440300,0.0,0.0,0.0
2022-06-21 00:00:00-04:00,197.28521705765144,199.65322372139943,197.17933028227782,198.7965087890625,2117800,0.0,0.0,0.0
2022-06-22 00:00:00-04:00,196.4092570442925,200.8083541466829,196.4092570442925,198.54623413085938,1137200,0.0,0.0,0.0
2022-06-23 00:00:00-04:00,199.62436799678446,201.09714759058176,197.88206107132083,200.7506103515625,1324500,0.0,0.0,0.0
2022-06-24 00:00:00-04:00,202.52181663898128,207.08455501123856,202.47368360552503,206.97866821289062,1857900,0.0,0.0,0.0
2022-06-27 00:00:00-04:00,207.74875901548663,207.74875901548663,205.76578666888503,206.36260986328125,1125200,0.0,0.0,0.0
2022-06-28 00:00:00-04:00,207.31555227685377,208.75945502777353,202.07899595008269,202.156005859375,1144700,0.0,0.0,0.0
2022-06-29 00:00:00-04:00,202.44481571672856,202.8394860452078,200.76989770790297,201.84800720214844,803200,0.0,0.0,0.0
2022-06-30 00:00:00-04:00,199.50884192673712,201.87684879551784,197.43925395121974,199.99014282226562,1745800,0.0,0.0,0.0
2022-07-01 00:00:00-04:00,199.48960220040368,202.50253584466776,198.38260131818316,202.18487548828125,1668500,0.0,0.0,0.0
2022-07-05 00:00:00-04:00,199.57622877875437,202.9164581298828,197.83392190732894,202.9164581298828,2253300,0.0,0.0,0.0
2022-07-06 00:00:00-04:00,202.77205725205354,204.69726079468168,201.4629182555409,203.3303680419922,1617700,0.0,0.0,0.0
2022-07-07 00:00:00-04:00,204.36035493167117,207.0171304800396,204.09082761610352,206.67059326171875,1150500,0.0,0.0,0.0
2022-07-08 00:00:00-04:00,205.4384902135348,207.4984576366403,204.7165388079398,206.3818359375,682400,0.0,0.0,0.0
2022-07-11 00:00:00-04:00,204.76467287364727,205.2652299634006,203.4555337306963,203.83094787597656,817400,0.0,0.0,0.0
2022-07-12 00:00:00-04:00,203.7154443634569,204.97645049966968,201.0586537247045,202.00201416015625,689000,0.0,0.0,0.0
2022-07-13 00:00:00-04:00,199.3452098827709,202.60842950603708,198.69064768725474,201.07789611816406,1276300,0.0,0.0,0.0
2022-07-14 00:00:00-04:00,198.34412816797504,200.6062338626929,196.76546160977014,200.23081970214844,630700,0.0,0.0,0.0
2022-07-15 00:00:00-04:00,202.72398136219712,204.23525882177384,201.57848266437642,204.1582489013672,893300,0.0,0.0,0.0
2022-07-18 00:00:00-04:00,205.98713987776995,206.39143082292676,202.0212109473122,202.5891571044922,1262200,0.0,0.0,0.0
2022-07-19 00:00:00-04:00,204.83200508400358,208.45139680226347,204.53360091321855,208.18186950683594,795500,0.0,0.0,0.0
2022-07-20 00:00:00-04:00,208.16266792734882,210.57879349047465,207.6813669610428,209.85684204101562,672200,0.0,0.0,0.0
2022-07-21 00:00:00-04:00,209.69318674880498,211.95530700683594,208.18190945857015,211.95530700683594,861300,0.0,0.0,0.0
2022-07-22 00:00:00-04:00,211.9456698523685,212.86015336715204,208.5765633524168,209.77981567382812,879000,0.0,0.0,0.0
2022-07-25 00:00:00-04:00,210.2226221441328,210.4632726120247,208.788340067767,209.99159240722656,695800,0.0,0.0,0.0
2022-07-26 00:00:00-04:00,209.01935380274844,209.01935380274844,206.87275590616886,207.34442138671875,1552200,0.0,0.0,0.0
2022-07-27 00:00:00-04:00,209.35629729719685,213.7168828286742,209.08676993409614,212.8024139404297,849600,0.0,0.0,0.0
2022-07-28 00:00:00-04:00,212.9660327253289,215.79606974846865,211.1563365968898,215.47842407226562,931000,0.0,0.0,0.0
2022-07-29 00:00:00-04:00,216.05596781123003,219.08817224834473,215.77681975622414,218.5298614501953,987500,0.0,0.0,0.0
2022-08-01 00:00:00-04:00,217.07633945677074,219.40583418783822,216.61429467814824,218.07745361328125,1292600,0.0,0.0,0.0
2022-08-02 00:00:00-04:00,217.05707875718193,219.3480609855654,216.13297459370222,216.76829528808594,448300,0.0,0.0,0.0
2022-08-03 00:00:00-04:00,218.12558030563332,220.93637588346584,217.7886637902605,220.24330139160156,691700,0.0,0.0,0.0
2022-08-04 00:00:00-04:00,220.27219990549142,220.58986030280647,219.28072109938978,220.17593383789062,377700,0.0,0.0,0.0
2022-08-05 00:00:00-04:00,217.75977498224483,220.32991996206604,217.6346320511376,219.96412658691406,646000,0.0,0.0,0.0
2022-08-08 00:00:00-04:00,220.76308782371908,222.43802020199985,219.3865743340892,219.96412658691406,852100,0.0,0.0,0.0
2022-08-09 00:00:00-04:00,219.5887176511293,219.70423985492377,218.21220412909452,218.76087951660156,517600,0.0,0.0,0.0
2022-08-10 00:00:00-04:00,222.82308732921408,223.82420154688072,221.92787459793752,223.68943786621094,624000,0.0,0.0,0.0
2022-08-11 00:00:00-04:00,225.21993944888195,226.51945772602468,223.2851151604675,223.61239624023438,993800,0.0,0.0,0.0
2022-08-12 00:00:00-04:00,224.86380655126408,227.5205824701512,224.35362872649378,227.42431640625,669300,0.0,0.0,0.0
2022-08-15 00:00:00-04:00,225.99966737763745,228.5890687753874,225.99966737763745,228.30990600585938,595500,0.0,0.0,0.0
2022-08-16 00:00:00-04:00,227.7227169426092,229.8308025657017,227.21252447089304,228.74307250976562,333400,0.0,0.0,0.0
2022-08-17 00:00:00-04:00,226.60612151173908,228.37730551938077,225.7686478534064,226.90452575683594,523300,0.0,0.0,0.0
2022-08-18 00:00:00-04:00,227.02000303508638,227.88635346052078,226.27881023091786,227.43392944335938,290400,0.0,0.0,0.0
2022-08-19 00:00:00-04:00,225.93227873311523,226.03816552041806,223.72791234875717,224.20921325683594,359300,0.0,0.0,0.0
2022-08-22 00:00:00-04:00,221.4465363734039,221.7353198371375,219.08816501449726,219.61758422851562,542200,0.0,0.0,0.0
2022-08-23 00:00:00-04:00,219.62722673873643,220.76308979446137,218.83788622491736,219.0400390625,669200,0.0,0.0,0.0
2022-08-24 00:00:00-04:00,218.9919180785428,220.68609202517885,218.54911477041628,219.8871307373047,488600,0.0,0.0,0.0
2022-08-25 00:00:00-04:00,220.66685912852367,223.08298454721657,220.30106571579304,223.05410766601562,364400,0.0,0.0,0.0
2022-08-26 00:00:00-04:00,222.9770720589278,223.25622010774933,215.54578526468057,215.61317443847656,482100,0.0,0.0,0.0
2022-08-29 00:00:00-04:00,214.05376409291014,215.8249626219038,213.41845804852255,214.00564575195312,605800,0.0,0.0,0.0
2022-08-30 00:00:00-04:00,214.8238380981587,214.8430942464926,210.56913998089271,211.78201293945312,732300,0.0,0.0,0.0
2022-08-31 00:00:00-04:00,212.686883006365,213.37995753683444,210.08786086117416,210.14561462402344,997200,0.0,0.0,0.0
2022-09-01 00:00:00-04:00,208.7594629837893,210.63654838203308,207.07490971018302,210.50177001953125,1693200,0.0,0.0,0.0
2022-09-02 00:00:00-04:00,212.64838933021375,213.2740746901818,207.39257649155252,208.33592224121094,943700,0.0,0.0,0.0
2022-09-06 00:00:00-04:00,209.01936308321623,209.30814657302787,206.27594196221335,207.4503173828125,784200,0.0,0.0,0.0
2022-09-07 00:00:00-04:00,207.46959235849133,211.79168030276878,207.25781875928863,211.348876953125,1273000,0.0,0.0,0.0
2022-09-08 00:00:00-04:00,210.06860721057055,213.0430582259545,209.45254258594892,212.9275360107422,792600,0.0,0.0,0.0
2022-09-09 00:00:00-04:00,214.4002690243285,216.92229542504313,214.25588464694275,216.4794921875,543400,0.0,0.0,0.0
2022-09-12 00:00:00-04:00,217.47101988742023,219.18445009753637,217.4517637367056,218.77053833007812,844900,0.0,0.0,0.0
2022-09-13 00:00:00-04:00,213.98639810560317,214.39068912741945,208.7402208647988,209.38516235351562,766200,0.0,0.0,0.0
2022-09-14 00:00:00-04:00,210.2033763942434,210.89645095111445,208.30704943837958,210.17449951171875,1068500,0.0,0.0,0.0
2022-09-15 00:00:00-04:00,209.28889766258544,211.00232782309126,207.13266417730063,207.91238403320312,660600,0.0,0.0,0.0
2022-09-16 00:00:00-04:00,205.65986993707793,206.22781616549346,204.19672576769872,205.89089965820312,2445400,0.0,0.0,0.0
2022-09-19 00:00:00-04:00,204.1389572414795,207.54656092476782,204.0811887992739,207.4791717529297,744000,0.0,0.0,0.0
2022-09-20 00:00:00-04:00,205.65988059058355,206.17005839904238,203.6287900875751,205.07269287109375,1412400,0.0,0.0,0.0
2022-09-21 00:00:00-04:00,206.10270046811468,207.9220175340117,201.48220825195312,201.48220825195312,1091400,0.0,0.0,0.0
2022-09-22 00:00:00-04:00,201.18378988331145,201.48219411150507,199.1334432096551,199.47998046875,930800,0.0,0.0,0.0
2022-09-23 00:00:00-04:00,197.31412876513386,197.49702547198694,193.52147501714606,196.00498962402344,1290000,0.0,0.0,0.0
2022-09-26 00:00:00-04:00,195.06577829653875,197.28068465980417,193.31514067603112,193.94383239746094,2079800,0.969,0.0,0.0
2022-09-27 00:00:00-04:00,196.2168198570558,197.30009919589585,192.27062276744644,193.5570068359375,1799700,0.0,0.0,0.0
2022-09-28 00:00:00-04:00,194.09861733082113,198.5380977821052,193.26683552020128,197.49351501464844,5040600,0.0,0.0,0.0
2022-09-29 00:00:00-04:00,195.59777916372838,195.73318721534307,191.77732400325556,193.5376434326172,1714200,0.0,0.0,0.0
2022-09-30 00:00:00-04:00,193.04435169122684,195.23024340937852,190.56831041612594,190.8584747314453,2535800,0.0,0.0,0.0
2022-10-03 00:00:00-04:00,192.51239261814058,196.70039020985544,191.6322476689488,195.6558074951172,2619500,0.0,0.0,0.0
2022-10-04 00:00:00-04:00,199.01200629553685,201.98133139879187,198.93462815921023,201.9136199951172,1696700,0.0,0.0,0.0
2022-10-05 00:00:00-04:00,199.6019990996735,202.76476212380905,198.14152553604893,201.47837829589844,1227600,0.0,0.0,0.0
2022-10-06 00:00:00-04:00,200.7916698048306,202.46492953833265,199.28281831489835,199.61167907714844,1549300,0.0,0.0,0.0
2022-10-07 00:00:00-04:00,197.40645642843114,197.40645642843114,192.90894637330294,193.96319580078125,1281500,0.0,0.0,0.0
2022-10-10 00:00:00-04:00,194.51452834017604,194.62092144233273,191.0132522192648,192.33831787109375,1103600,0.0,0.0,0.0
2022-10-11 00:00:00-04:00,191.48715758524827,193.87615406565754,189.79454957935985,191.00355529785156,2670200,0.0,0.0,0.0
2022-10-12 00:00:00-04:00,191.274362246061,192.07714377573262,190.21044611971672,190.48126220703125,1768200,0.0,0.0,0.0
2022-10-13 00:00:00-04:00,186.6801406997541,196.05235494060062,185.71293617142516,195.2108917236328,1635500,0.0,0.0,0.0
2022-10-14 00:00:00-04:00,196.49731195856097,197.52254658738448,190.35555616131006,190.74244689941406,1656900,0.0,0.0,0.0
2022-10-17 00:00:00-04:00,194.15668150389104,196.35222560015654,194.15668150389104,195.77191162109375,1967800,0.0,0.0,0.0
2022-10-18 00:00:00-04:00,199.80510363198795,200.3660840024664,196.207101778829,198.08348083496094,997700,0.0,0.0,0.0
2022-10-19 00:00:00-04:00,196.8454702381469,198.41233685534374,194.90137968590798,196.50694274902344,1806800,0.0,0.0,0.0
2022-10-20 00:00:00-04:00,196.25548497408204,198.74119307164997,194.38877245933747,194.93040466308594,1684700,0.0,0.0,0.0
2022-10-21 00:00:00-04:00,194.42748710509645,199.67940138483291,193.82781017335773,199.36990356445312,1409700,0.0,0.0,0.0
2022-10-24 00:00:00-04:00,200.25971211532843,202.28116615434837,198.654148963507,201.62347412109375,1134600,0.0,0.0,0.0
2022-10-25 00:00:00-04:00,201.5460930851536,205.38589640997827,201.5460930851536,205.23114013671875,1009300,0.0,0.0,0.0
2022-10-26 00:00:00-04:00,203.35476209788973,206.7593263376512,203.32574714128026,203.78033447265625,1213300,0.0,0.0,0.0
2022-10-27 00:00:00-04:00,204.3413107381586,205.41490838596704,202.41656835814302,202.77442932128906,966900,0.0,0.0,0.0
2022-10-28 00:00:00-04:00,202.62936282763494,207.6394755500472,202.62936282763494,207.43637084960938,1043500,0.0,0.0,0.0
2022-10-31 00:00:00-04:00,206.07261814221062,207.16556410758648,205.47295598836556,205.9372100830078,1860400,0.0,0.0,0.0
2022-11-01 00:00:00-04:00,208.01667193583995,208.24879156271348,204.6121080774613,205.14407348632812,1507900,0.0,0.0,0.0
2022-11-02 00:00:00-04:00,205.00868640067608,207.26226005316332,199.8534842904365,199.9308624267578,1092700,0.0,0.0,0.0
2022-11-03 00:00:00-04:00,197.86106080565102,199.59235062208984,196.57467686008627,197.8707275390625,2347200,0.0,0.0,0.0
2022-11-04 00:00:00-04:00,200.91741034066777,201.91362991245174,197.06794010916158,200.39512634277344,1252600,0.0,0.0,0.0
2022-11-07 00:00:00-05:00,201.1205232394343,202.63902675955404,200.01791060575727,202.29083251953125,1062700,0.0,0.0,0.0
2022-11-08 00:00:00-05:00,202.9001642008854,205.18276747164956,201.12051141577976,203.3740997314453,1119000,0.0,0.0,0.0
2022-11-09 00:00:00-05:00,202.10707413218466,202.79378111454602,198.8185697279141,199.12808227539062,1132100,0.0,0.0,0.0
2022-11-10 00:00:00-05:00,206.49816309515276,210.57976731217616,205.70504831212818,210.39599609375,1269800,0.0,0.0,0.0
2022-11-11 00:00:00-05:00,210.70553715182788,213.0848523063331,209.94143722000047,212.59158325195312,1083200,0.0,0.0,0.0
2022-11-14 00:00:00-05:00,211.62437675790707,213.39436300818682,210.50241584105683,210.72486877441406,1353400,0.0,0.0,0.0
2022-11-15 00:00:00-05:00,213.96501057899314,214.60336918023248,210.70553568105748,212.7076416015625,960200,0.0,0.0,0.0
2022-11-16 00:00:00-05:00,211.7307769870117,211.97257815352418,210.41537805084883,210.79258728027344,810100,0.0,0.0,0.0
2022-11-17 00:00:00-05:00,207.96833068055622,210.28961574416786,207.77489271831698,209.94142150878906,1266800,0.0,0.0,0.0
2022-11-18 00:00:00-05:00,211.7307769870117,211.83717009061206,209.3320987891799,210.79258728027344,483600,0.0,0.0,0.0
2022-11-21 00:00:00-05:00,209.94143660638767,210.6571733523514,209.00324692577004,209.98013305664062,859800,0.0,0.0,0.0
2022-11-22 00:00:00-05:00,210.85061758659884,212.86240506668662,210.16389577875697,212.75601196289062,743500,0.0,0.0,0.0
2022-11-23 00:00:00-05:00,212.55289910208452,214.4776417639612,212.55289910208452,214.1778106689453,561300,0.0,0.0,0.0
2022-11-25 00:00:00-05:00,213.839283121324,214.48730849792634,213.839283121324,214.1778106689453,271300,0.0,0.0,0.0
2022-11-28 00:00:00-05:00,212.48520292553602,213.40404443895318,210.29931085795957,210.7829132080078,994600,0.0,0.0,0.0
2022-11-29 00:00:00-05:00,210.83124244817546,211.57599407967956,209.49651021264447,210.42501831054688,868100,0.0,0.0,0.0
2022-11-30 00:00:00-05:00,210.3670129615697,216.98268927545536,209.46751971430425,216.95367431640625,1506400,0.0,0.0,0.0
2022-12-01 00:00:00-05:00,217.50501689321018,218.40451025973593,215.6286372479375,217.1278076171875,1160100,0.0,0.0,0.0
2022-12-02 00:00:00-05:00,214.08104671901472,217.2921728364948,214.08104671901472,216.8182373046875,990600,0.0,0.0,0.0
2022-12-05 00:00:00-05:00,215.15465337998762,215.62858893171762,211.8758304820584,212.6689453125,1329800,0.0,0.0,0.0
2022-12-06 00:00:00-05:00,212.41747576721994,212.76567002377993,208.2778411383242,209.48684692382812,1399800,0.0,0.0,0.0
2022-12-07 00:00:00-05:00,209.04193857160462,210.45404904757945,208.49062485595783,209.03225708007812,1258100,0.0,0.0,0.0
2022-12-08 00:00:00-05:00,210.1541990450955,211.45024957296212,209.3030543362303,210.71517944335938,1071100,0.0,0.0,0.0
2022-12-09 00:00:00-05:00,210.17356380888046,211.49862939625407,209.1289810635281,209.2450408935547,1128200,0.0,0.0,0.0
2022-12-12 00:00:00-05:00,209.7383133568517,212.33041447654801,209.19666640979088,212.29173278808594,935600,0.0,0.0,0.0
2022-12-13 00:00:00-05:00,218.23320728716888,218.3400516292693,212.38595095321074,213.94003295898438,1262700,0.927,0.0,0.0
2022-12-14 00:00:00-05:00,213.6680842279112,215.72726490059043,210.94842198806646,212.69677734375,1501000,0.0,0.0,0.0
2022-12-15 00:00:00-05:00,210.0548088425705,210.32677356815688,206.50954485627028,207.27687072753906,1151700,0.0,0.0,0.0
2022-12-16 00:00:00-05:00,205.95589463620425,206.5581149517636,203.67333246804083,204.83889770507812,2169200,0.0,0.0,0.0
2022-12-19 00:00:00-05:00,205.03316210481609,205.1205761654333,202.1095337834302,203.0322723388672,1494600,0.0,0.0,0.0
2022-12-20 00:00:00-05:00,202.49804059660713,204.226965541248,201.88612738154902,203.31394958496094,1003000,0.0,0.0,0.0
2022-12-21 00:00:00-05:00,204.88748254182346,207.04378507375304,204.54751919398237,206.3735809326172,963600,0.0,0.0,0.0
2022-12-22 00:00:00-05:00,204.69317634080247,204.84857414662815,200.31257370157664,203.40133666992188,1280900,0.0,0.0,0.0
2022-12-23 00:00:00-05:00,203.0808450836053,204.615511738829,202.09983046632127,204.6057891845703,1172500,0.0,0.0,0.0
2022-12-27 00:00:00-05:00,204.54750149025423,204.72234442631517,202.9157131321709,203.75103759765625,837000,0.0,0.0,0.0
2022-12-28 00:00:00-05:00,203.79962273339058,204.73206906616517,201.17708222266492,201.26451110839844,1479300,0.0,0.0,0.0
2022-12-29 00:00:00-05:00,202.69231278380667,205.38283699365965,202.50777692605539,204.95545959472656,1206600,0.0,0.0,0.0
2022-12-30 00:00:00-05:00,203.44023244024086,204.48924569756713,202.34266569344737,204.4795379638672,1720800,0.0,0.0,0.0
2023-01-03 00:00:00-05:00,205.54794105988927,206.63581475830898,202.07066092406643,203.46934509277344,1745700,0.0,0.0,0.0
2023-01-04 00:00:00-05:00,204.56692650628048,206.2375753942089,203.19738035612423,205.20799255371094,818900,0.0,0.0,0.0
2023-01-05 00:00:00-05:00,204.14923691591218,204.14923691591218,202.507741027856,202.78941345214844,1071800,0.0,0.0,0.0
2023-01-06 00:00:00-05:00,204.43097006984328,207.97623442428616,202.9351491028253,207.3060302734375,700500,0.0,0.0,0.0
2023-01-09 00:00:00-05:00,208.61730097058793,210.38508669497176,207.31575324309927,207.35459899902344,883800,0.0,0.0,0.0
2023-01-10 00:00:00-05:00,207.10203862459332,208.9281001649065,206.65523097203973,208.87953186035156,566100,0.0,0.0,0.0
2023-01-11 00:00:00-05:00,209.7148574983756,211.73517744741625,209.5982906025886,211.70603942871094,411100,0.0,0.0,0.0
2023-01-12 00:00:00-05:00,212.17228045207273,213.2892774526038,210.0936842902294,212.58993530273438,742300,0.0,0.0,0.0
2023-01-13 00:00:00-05:00,210.67645904453508,213.71665436062048,210.66675131115866,213.38641357421875,675600,0.0,0.0,0.0
2023-01-17 00:00:00-05:00,213.27954645670914,214.33826729943712,212.74532475869236,213.16299438476562,1127400,0.0,0.0,0.0
2023-01-18 00:00:00-05:00,213.88178111946075,214.48400148896232,209.7148809480485,209.79258728027344,589100,0.0,0.0,0.0
2023-01-19 00:00:00-05:00,208.52988281283555,209.42348339123487,207.42259352862692,208.11221313476562,717500,0.0,0.0,0.0
2023-01-20 00:00:00-05:00,208.9863829215592,212.21111391836672,208.12192042816235,212.13340759277344,1319800,0.0,0.0,0.0
2023-01-23 00:00:00-05:00,212.59962452678784,215.83407775761071,212.18195492063933,214.78506469726562,2216200,0.0,0.0,0.0
2023-01-24 00:00:00-05:00,213.79434118148134,215.04732043718323,212.9978624882861,214.59080505371094,423200,0.0,0.0,0.0
2023-01-25 00:00:00-05:00,212.19167580839417,214.74620244269548,210.91925153617933,214.542236328125,1111400,0.0,0.0,0.0
2023-01-26 00:00:00-05:00,216.01863138499547,217.01907622644404,214.44511907533192,216.91224670410156,496000,0.0,0.0,0.0
2023-01-27 00:00:00-05:00,216.37802059244976,218.8937016544703,216.17403964265307,217.6212921142578,709700,0.0,0.0,0.0
2023-01-30 00:00:00-05:00,215.90207055892475,217.29104696564127,214.63936877671844,214.7559356689453,1243800,0.0,0.0,0.0
2023-01-31 00:00:00-05:00,215.1833054312258,218.15551673691047,214.99876958585213,218.05838012695312,685600,0.0,0.0,0.0
2023-02-01 00:00:00-05:00,217.50471176898768,222.09900333284708,216.0963199563288,220.54490661621094,920200,0.0,0.0,0.0
2023-02-02 00:00:00-05:00,222.88577082131616,224.83809213834903,221.9533097794559,223.93478393554688,1456400,0.0,0.0,0.0
2023-02-03 00:00:00-05:00,221.17628101177186,224.03191059370164,220.82660996609147,221.53565979003906,677200,0.0,0.0,0.0
2023-02-06 00:00:00-05:00,219.86500005485982,220.80716880317246,219.06852139300167,219.98155212402344,870800,0.0,0.0,0.0
2023-02-07 00:00:00-05:00,219.7096010820294,223.49770659609558,218.74801680968562,222.86634826660156,455700,0.0,0.0,0.0
2023-02-08 00:00:00-05:00,221.70079154882757,222.5361160441065,220.13698690607166,220.50608825683594,428500,0.0,0.0,0.0
2023-02-09 00:00:00-05:00,222.390442294635,222.4584260731622,217.7184434890207,218.36923217773438,692900,0.0,0.0,0.0
2023-02-10 00:00:00-05:00,217.58244523631961,218.94228373829472,217.25220445964132,218.76744079589844,492200,0.0,0.0,0.0
2023-02-13 00:00:00-05:00,219.03937120561233,221.4093619533598,218.8354050959086,221.263671875,1004200,0.0,0.0,0.0
2023-02-14 00:00:00-05:00,220.48665165626582,222.6720920361187,219.15596603435347,221.37054443359375,565500,0.0,0.0,0.0
2023-02-15 00:00:00-05:00,220.37981428881528,222.43898010253906,219.91359114288974,222.43898010253906,519400,0.0,0.0,0.0
2023-02-16 00:00:00-05:00,219.71932420701373,221.88533428480474,219.330792583015,219.34051513671875,565300,0.0,0.0,0.0
2023-02-17 00:00:00-05:00,218.30121139677073,218.796572547596,217.03850954574412,218.73829650878906,603600,0.0,0.0,0.0
2023-02-21 00:00:00-05:00,216.53344657047853,216.9414085231148,214.037195469822,214.15374755859375,1253800,0.0,0.0,0.0
2023-02-22 00:00:00-05:00,214.47425509126072,215.39699359977934,213.25041384194859,213.9886016845703,504200,0.0,0.0,0.0
2023-02-23 00:00:00-05:00,215.52327301990823,215.91178982551205,212.68705884029526,215.11532592773438,638100,0.0,0.0,0.0
2023-02-24 00:00:00-05:00,212.5316210418762,213.22125533433308,211.28834962589468,212.76473999023438,359300,0.0,0.0,0.0
2023-02-27 00:00:00-05:00,214.47426393446673,215.38729474804532,212.97845790141014,213.464111328125,526800,0.0,0.0,0.0
2023-02-28 00:00:00-05:00,213.172702728768,214.34797564681176,212.69675706535736,212.86187744140625,916100,0.0,0.0,0.0
2023-03-01 00:00:00-05:00,212.56078730184618,213.01730270660443,211.32723827457428,211.97801208496094,789500,0.0,0.0,0.0
2023-03-02 00:00:00-05:00,211.01641161113892,214.08574479160555,210.60846451565405,213.6195068359375,667700,0.0,0.0,0.0
2023-03-03 00:00:00-05:00,214.62966166772117,217.20361872199067,214.3285589354442,217.08706665039062,494400,0.0,0.0,0.0
2023-03-06 00:00:00-05:00,217.3979032470442,218.72858887026385,216.73740689135963,216.9510955810547,627000,0.0,0.0,0.0
2023-03-07 00:00:00-05:00,216.9899003294449,217.1356052199579,213.3960686779081,213.70689392089844,983700,0.0,0.0,0.0
2023-03-08 00:00:00-05:00,213.85259239144293,214.45479779718966,212.8327174016406,214.02743530273438,623200,0.0,0.0,0.0
2023-03-09 00:00:00-05:00,214.30912180755934,215.33870459639542,209.37488171416854,209.9091033935547,539600,0.0,0.0,0.0
2023-03-10 00:00:00-05:00,209.6177277979604,210.4627600101991,205.5479497470292,206.51925659179688,1128300,0.0,0.0,0.0
2023-03-13 00:00:00-04:00,204.06184508035793,208.4230180125636,203.38193327447078,205.9947509765625,671400,0.0,0.0,0.0
2023-03-14 00:00:00-04:00,208.91837780297968,210.45304433833604,206.9757641867259,209.37489318847656,1708300,0.0,0.0,0.0
2023-03-15 00:00:00-04:00,206.53868782816627,208.01507838887173,204.9651754751173,208.00535583496094,875400,0.0,0.0,0.0
2023-03-16 00:00:00-04:00,206.79123166758737,211.79347106096262,206.38328455089294,211.59921264648438,1247800,0.0,0.0,0.0
2023-03-17 00:00:00-04:00,211.06499432430627,211.32725133964985,208.20934964002592,209.0058135986328,2113000,0.0,0.0,0.0
2023-03-20 00:00:00-04:00,209.3554670280636,211.27866521714924,209.0835023021059,210.85128784179688,758600,0.0,0.0,0.0
2023-03-21 00:00:00-04:00,212.93959042031548,214.2022922530086,212.22083285751063,213.83319091796875,540500,0.0,0.0,0.0
2023-03-22 00:00:00-04:00,213.89148105892676,215.77580383752095,210.1519438786892,210.16165161132812,466300,0.0,0.0,0.0
2023-03-23 00:00:00-04:00,211.76657692719382,213.9798971950954,209.05599716414832,210.54779052734375,524800,0.826,0.0,0.0
2023-03-24 00:00:00-04:00,209.6897557183698,211.91282087458828,208.5879680752589,211.7958221435547,490100,0.0,0.0,0.0
2023-03-27 00:00:00-04:00,213.19008544262707,213.61910058416314,211.8933099617501,212.4003143310547,619600,0.0,0.0,0.0
2023-03-28 00:00:00-04:00,211.99082403651713,212.4685936490325,210.91830095874113,211.9810791015625,1026400,0.0,0.0,0.0
2023-03-29 00:00:00-04:00,214.07739345202663,215.21817574905964,213.6288883836703,215.1206817626953,588700,0.0,0.0,0.0
2023-03-30 00:00:00-04:00,216.54419038842428,216.83670206850067,215.37415854588087,216.3589324951172,690800,0.0,0.0,0.0
2023-03-31 00:00:00-04:00,216.95372404780665,219.69356837122442,216.95372404780665,219.60580444335938,1337700,0.0,0.0,0.0
2023-04-03 00:00:00-04:00,219.371809760498,220.50283224649593,218.86479044609376,220.27857971191406,369000,0.0,0.0,0.0
2023-04-04 00:00:00-04:00,220.64910245343827,220.65884738906828,218.1627751134638,218.87454223632812,514200,0.0,0.0,0.0
2023-04-05 00:00:00-04:00,218.5332634436496,218.74777102261913,217.16821386131966,218.2115020751953,601400,0.0,0.0,0.0
2023-04-06 00:00:00-04:00,217.71421564484638,219.05976040583607,217.0804527553214,218.99151611328125,381600,0.0,0.0,0.0
2023-04-10 00:00:00-04:00,217.59726269623843,219.3133087158203,217.23650665657567,219.3133087158203,480100,0.0,0.0,0.0
2023-04-11 00:00:00-04:00,219.5375669119266,220.278583709686,219.13780138989566,219.43031311035156,259200,0.0,0.0,0.0
2023-04-12 00:00:00-04:00,220.63932655312445,220.85383414345975,218.22125857215565,218.55276489257812,412600,0.0,0.0,0.0
2023-04-13 00:00:00-04:00,219.22553104401337,221.57535465746852,218.97202884352419,221.3998565673828,590000,0.0,0.0,0.0
2023-04-14 00:00:00-04:00,221.02932573010673,222.2286072307505,219.49852306335438,220.892822265625,528200,0.0,0.0,0.0
2023-04-17 00:00:00-04:00,220.75632708277493,221.65335200841534,220.09329960344624,221.57534790039062,1120000,0.0,0.0,0.0
2023-04-18 00:00:00-04:00,222.47236487296283,222.62837308343515,221.05857580024187,221.82884216308594,537700,0.0,0.0,0.0
2023-04-19 00:00:00-04:00,220.64906258264236,222.23834971348674,220.64906258264236,221.7703399658203,279600,0.0,0.0,0.0
2023-04-20 00:00:00-04:00,220.11282417586645,221.49736374304746,219.7228184783768,220.43458557128906,230000,0.0,0.0,0.0
2023-04-21 00:00:00-04:00,220.69783137982563,220.91233896100894,219.6155485394053,220.6198272705078,525100,0.0,0.0,0.0
2023-04-24 00:00:00-04:00,220.38580820044697,221.1170799654472,219.71303579620482,220.79531860351562,404200,0.0,0.0,0.0
2023-04-25 00:00:00-04:00,219.75203920324572,219.9470420262934,217.090199340367,217.17796325683594,290500,0.0,0.0,0.0
2023-04-26 00:00:00-04:00,217.77273946559495,218.14324037954492,215.9396801311393,216.31019592285156,304200,0.0,0.0,0.0
2023-04-27 00:00:00-04:00,217.52897959979907,220.6003150516229,217.5192197878633,220.4735565185547,586000,0.0,0.0,0.0
2023-04-28 00:00:00-04:00,219.8300527321775,222.33586961517656,219.8300527321775,222.296875,639700,0.0,0.0,0.0
2023-05-01 00:00:00-04:00,222.14087055793786,223.1841439064624,222.0141120203763,222.1701202392578,394800,0.0,0.0,0.0
2023-05-02 00:00:00-04:00,221.70211501049315,221.70211501049315,217.938502199869,219.5863037109375,556800,0.0,0.0,0.0
2023-05-03 00:00:00-04:00,219.70327709312085,221.17556546505813,218.0164811600058,218.15298461914062,307900,0.0,0.0,0.0
2023-05-04 00:00:00-04:00,217.4704724835495,217.81173860171165,215.78367639501218,216.5052032470703,333700,0.0,0.0,0.0
2023-05-05 00:00:00-04:00,218.4455125328003,221.14634729957777,218.4455125328003,220.6393280029297,333900,0.0,0.0,0.0
2023-05-08 00:00:00-04:00,220.7465754185246,220.9805877512362,219.96656406501185,220.81483459472656,543300,0.0,0.0,0.0
2023-05-09 00:00:00-04:00,219.78133053450685,220.45410304761876,219.69358147916995,219.86907958984375,306500,0.0,0.0,0.0
2023-05-10 00:00:00-04:00,221.36085109827047,221.7411118447999,218.78677491920308,220.76608276367188,339100,0.0,0.0,0.0
2023-05-11 00:00:00-04:00,220.40533848866812,220.55158690751156,219.3230555559351,220.38583374023438,512400,0.0,0.0,0.0
2023-05-12 00:00:00-04:00,220.97081610571175,221.18532366532708,218.71850160751188,219.96653747558594,476300,0.0,0.0,0.0
2023-05-15 00:00:00-04:00,220.3272952773744,221.22432013522658,219.46926503170656,220.9318084716797,581100,0.0,0.0,0.0
2023-05-16 00:00:00-04:00,220.27857361150373,220.66859418015338,219.30354450652484,219.33279418945312,446500,0.0,0.0,0.0
2023-05-17 00:00:00-04:00,220.36630890068096,222.37488122884415,219.58629756761226,222.0336151123047,509600,0.0,0.0,0.0
2023-05-18 00:00:00-04:00,221.8776348884475,224.48096097931517,221.75087633583783,224.24696350097656,605600,0.0,0.0,0.0
2023-05-19 00:00:00-04:00,224.53942480419116,224.9781997621465,223.17439013742037,223.83741760253906,451300,0.0,0.0,0.0
2023-05-22 00:00:00-04:00,223.81794925014086,224.87098254048917,223.27193529464864,224.06170654296875,1129800,0.0,0.0,0.0
2023-05-23 00:00:00-04:00,223.23288999501995,223.827658289244,221.4193354321206,221.4875946044922,716400,0.0,0.0,0.0
2023-05-24 00:00:00-04:00,220.63932115674476,220.8830784236401,219.332785776849,219.98605346679688,464100,0.0,0.0,0.0
2023-05-25 00:00:00-04:00,221.83861856144586,222.37488752643947,220.51257842880847,221.64361572265625,654200,0.0,0.0,0.0
2023-05-26 00:00:00-04:00,222.0823692130738,224.93919716674975,222.0823692130738,224.49069213867188,746100,0.0,0.0,0.0
2023-05-30 00:00:00-04:00,225.72901013647453,225.96302250606854,223.87646056325903,224.6174774169922,1095300,0.0,0.0,0.0
2023-05-31 00:00:00-04:00,223.6716705092712,224.0714360125794,222.45288412925606,223.3401641845703,1378700,0.0,0.0,0.0
2023-06-01 00:00:00-04:00,223.41816455696906,226.1677537255663,222.78440160107925,225.52423095703125,445500,0.0,0.0,0.0
2023-06-02 00:00:00-04:00,227.22076956720045,229.52183878412552,226.8990230642087,229.07333374023438,720400,0.0,0.0,0.0
2023-06-05 00:00:00-04:00,229.04409296247667,229.89236353159478,228.19580751559496,228.63458251953125,821300,0.0,0.0,0.0
2023-06-06 00:00:00-04:00,228.40056858452738,229.58036035160683,227.17203726425112,229.32684326171875,1062900,0.0,0.0,0.0
2023-06-07 00:00:00-04:00,229.5546146460422,230.24874502404103,228.33253941359726,228.5965118408203,769900,0.633,0.0,0.0
2023-06-08 00:00:00-04:00,228.53785885591972,230.14122109857374,228.08814348671226,229.8674774169922,591100,0.0,0.0,0.0
2023-06-09 00:00:00-04:00,230.37589165568295,231.33399465235308,229.61331775169253,230.09237670898438,349400,0.0,0.0,0.0
2023-06-12 00:00:00-04:00,230.6300721749485,232.32143533291193,230.33678600227339,232.22366333007812,749100,0.0,0.0,0.0
2023-06-13 00:00:00-04:00,233.22086212520833,234.25717963224358,232.8200178312307,233.8074493408203,850800,0.0,0.0,0.0
2023-06-14 00:00:00-04:00,234.0127526852015,235.14684212956539,232.23340391029495,234.10073852539062,515600,0.0,0.0,0.0
2023-06-15 00:00:00-04:00,233.58258367766987,237.67898248639307,233.58258367766987,237.00439453125,434100,0.0,0.0,0.0
2023-06-16 00:00:00-04:00,238.25580729524083,238.2753646778597,235.96808581992852,236.03651428222656,1149600,0.0,0.0,0.0
2023-06-20 00:00:00-04:00,235.01978099909454,235.46951134322563,233.76837689096502,235.010009765625,423100,0.0,0.0,0.0
2023-06-21 00:00:00-04:00,234.34517600331228,234.7166916990928,233.36751568213208,233.6803741455078,531200,0.0,0.0,0.0
2023-06-22 00:00:00-04:00,233.01555047321403,234.3842838331034,232.82002139834762,234.3451690673828,848300,0.0,0.0,0.0
2023-06-23 00:00:00-04:00,232.3898443572867,233.5337050887562,232.15521543877722,232.44850158691406,1801900,0.0,0.0,0.0
2023-06-26 00:00:00-04:00,232.3116291000468,233.41638998133422,231.5979412783757,231.7152557373047,605600,0.0,0.0,0.0
2023-06-27 00:00:00-04:00,232.2725164782297,234.78509548221055,232.05743003674826,234.40380859375,851900,0.0,0.0,0.0
2023-06-28 00:00:00-04:00,233.93452015188996,235.19571010294175,233.5923331312703,234.54066467285156,330700,0.0,0.0,0.0
2023-06-29 00:00:00-04:00,234.53091591453426,235.68456276261182,234.22784362501307,235.61611938476562,587200,0.0,0.0,0.0
2023-06-30 00:00:00-04:00,237.26837559803212,238.80329447939906,237.23904698308263,238.294921875,1356900,0.0,0.0,0.0
2023-07-03 00:00:00-04:00,238.26557945114754,238.79350940755356,237.99182086429832,238.50999450683594,998500,0.0,0.0,0.0
2023-07-05 00:00:00-04:00,237.63008237841026,238.55885657135664,237.62031114699988,238.22645568847656,652900,0.0,0.0,0.0
2023-07-06 00:00:00-04:00,236.04626854990804,236.36889818893812,234.65799292972125,236.20269775390625,538700,0.0,0.0,0.0
2023-07-07 00:00:00-04:00,235.70411227313403,237.97229127321063,235.66501242598977,235.82144165039062,539000,0.0,0.0,0.0
2023-07-10 00:00:00-04:00,235.46946686850532,236.6230987523905,235.46946686850532,236.47645568847656,1080900,0.0,0.0,0.0
2023-07-11 00:00:00-04:00,237.0826045116249,238.59798084363194,236.6231030125406,238.3731231689453,410600,0.0,0.0,0.0
2023-07-12 00:00:00-04:00,240.4750821658621,240.96391226907068,239.64406502324317,240.2306671142578,300200,0.0,0.0,0.0
2023-07-13 00:00:00-04:00,241.3549946175545,242.67484199590035,240.98349384599507,242.2544403076172,494500,0.0,0.0,0.0
2023-07-14 00:00:00-04:00,242.76281650893358,243.04634633805486,241.51141257093153,241.78515625,567700,0.0,0.0,0.0
2023-07-17 00:00:00-04:00,241.8926998458913,243.45696222974686,241.78515662052732,242.89968872070312,838500,0.0,0.0,0.0
2023-07-18 00:00:00-04:00,242.8410210019242,245.0505277246077,242.51839133976893,244.6594696044922,840300,0.0,0.0,0.0
2023-07-19 00:00:00-04:00,245.3438432790365,245.99887387380818,244.84524190872392,245.17764282226562,1252400,0.0,0.0,0.0
2023-07-20 00:00:00-04:00,244.56171129030278,245.17764203594027,243.1636642607019,243.57427978515625,1470900,0.0,0.0,0.0
2023-07-21 00:00:00-04:00,244.47370890621207,244.58125212566802,243.48627746787005,243.6035919189453,659400,0.0,0.0,0.0
2023-07-24 00:00:00-04:00,244.160884499377,244.90390094416847,243.71115420521897,244.3857421875,636700,0.0,0.0,0.0
2023-07-25 00:00:00-04:00,244.30751349702032,245.82288983225845,244.2977422651996,244.9821014404297,334900,0.0,0.0,0.0
2023-07-26 00:00:00-04:00,244.34662124997092,245.97932700945267,244.10220618534225,245.1580810546875,806800,0.0,0.0,0.0
2023-07-27 00:00:00-04:00,247.0254088328525,247.28938127229773,242.89968146366044,243.4569549560547,657100,0.0,0.0,0.0
2023-07-28 00:00:00-04:00,245.42207009716876,246.32151580567418,244.98212593467005,245.99888610839844,470800,0.0,0.0,0.0
2023-07-31 00:00:00-04:00,246.32151936700072,246.82013568723255,245.65671749724208,246.53660583496094,1252600,0.0,0.0,0.0
2023-08-01 00:00:00-04:00,245.7935822626074,246.15531180378912,245.2363087249802,245.84246826171875,507500,0.0,0.0,0.0
2023-08-02 00:00:00-04:00,244.03377334888683,244.14131657211158,241.91225241609956,242.39129638671875,656200,0.0,0.0,0.0
2023-08-03 00:00:00-04:00,241.07145930946143,242.6063781005511,240.78792949107643,241.6385040283203,745700,0.0,0.0,0.0
2023-08-04 00:00:00-04:00,242.5281986892004,243.7893739170386,240.28934823979114,240.5142059326172,572200,0.0,0.0,0.0
2023-08-07 00:00:00-04:00,241.55052312262671,242.65526905177472,241.08123546562666,242.63571166992188,560900,0.0,0.0,0.0
2023-08-08 00:00:00-04:00,240.99325726737126,241.66784524253123,239.48766701100197,241.4527587890625,692800,0.0,0.0,0.0
2023-08-09 00:00:00-04:00,241.74604541196868,241.74604541196868,239.3214373391575,239.6831817626953,714600,0.0,0.0,0.0
2023-08-10 00:00:00-04:00,240.98347554751516,242.93879600819972,239.1356983088847,239.83961486816406,759300,0.0,0.0,0.0
2023-08-11 00:00:00-04:00,238.82285242228932,240.22091438244655,238.4806653565266,239.65386962890625,562200,0.0,0.0,0.0
2023-08-14 00:00:00-04:00,239.07702986298702,240.86614990234375,238.87172956546905,240.86614990234375,303000,0.0,0.0,0.0
2023-08-15 00:00:00-04:00,239.92760638031538,240.10357806533946,237.7669706563021,238.1971435546875,702200,0.0,0.0,0.0
2023-08-16 00:00:00-04:00,237.8549663975793,238.73486961305312,236.14406088283326,236.32981872558594,931200,0.0,0.0,0.0
2023-08-17 00:00:00-04:00,237.13151326388927,237.1901704961402,234.1105464596649,234.4429473876953,549400,0.0,0.0,0.0
2023-08-18 00:00:00-04:00,232.63424742219235,235.1077265965956,232.46804697418668,234.618896484375,610000,0.0,0.0,0.0
2023-08-21 00:00:00-04:00,235.00020915716655,236.43737103819961,233.92479174304344,235.98765563964844,543800,0.0,0.0,0.0
2023-08-22 00:00:00-04:00,236.88707728031974,236.92617712573252,235.0686286514451,235.32281494140625,1117500,0.0,0.0,0.0
2023-08-23 00:00:00-04:00,235.9583174905851,238.31446745718333,235.67478765181514,237.96250915527344,353800,0.0,0.0,0.0
2023-08-24 00:00:00-04:00,238.75442425838065,239.12592502171412,234.6482391357422,234.6482391357422,429300,0.0,0.0,0.0
2023-08-25 00:00:00-04:00,235.57700256192695,237.0825926690166,233.68033943370915,236.4080047607422,786600,0.0,0.0,0.0
2023-08-28 00:00:00-04:00,237.7376391596224,238.2166980484543,236.89685075513032,237.7669677734375,436100,0.0,0.0,0.0
2023-08-29 00:00:00-04:00,237.8549743513528,241.50165811133758,237.72788865304514,241.3745574951172,627500,0.0,0.0,0.0
2023-08-30 00:00:00-04:00,241.45275721140513,242.7726045383474,241.21811337699643,242.48907470703125,690500,0.0,0.0,0.0
2023-08-31 00:00:00-04:00,242.8312712249319,243.51563045455435,242.15668322790677,242.2544403076172,842300,0.0,0.0,0.0
2023-09-01 00:00:00-04:00,243.83826885305908,244.07289778707298,242.1078058751422,242.9192657470703,911900,0.0,0.0,0.0
2023-09-05 00:00:00-04:00,242.49884773943427,242.63571958104413,241.5798596131463,241.69717407226562,1627200,0.0,0.0,0.0
2023-09-06 00:00:00-04:00,241.23764550677754,241.36474610184976,238.78372386518058,240.11334228515625,1076900,0.0,0.0,0.0
2023-09-07 00:00:00-04:00,238.37314329674396,239.6538759124961,238.14827068515834,239.37034606933594,893100,0.0,0.0,0.0
2023-09-08 00:00:00-04:00,239.4192081088399,240.48485415690118,239.1845642881109,239.71250915527344,1368500,0.0,0.0,0.0
2023-09-11 00:00:00-04:00,241.13988875967797,241.42341857922935,240.26000052350105,241.36476135253906,886700,0.0,0.0,0.0
2023-09-12 00:00:00-04:00,240.34800100659902,241.37454728995462,239.7222990205966,240.00582885742188,488500,0.0,0.0,0.0
2023-09-13 00:00:00-04:00,240.02537658940838,240.74885058700156,239.36057474127878,239.9960479736328,601000,0.0,0.0,0.0
2023-09-14 00:00:00-04:00,241.4332076396292,242.51841116727002,240.72929103154257,242.17623901367188,688100,0.0,0.0,0.0
2023-09-15 00:00:00-04:00,241.36476125572372,241.37453248753113,239.03792514520043,239.2432403564453,953900,0.0,0.0,0.0
2023-09-18 00:00:00-04:00,238.99884003836704,240.06448616962498,238.83262466201296,239.380126953125,796300,0.0,0.0,0.0
2023-09-19 00:00:00-04:00,238.94016185828366,239.10637723044172,237.36612824111313,238.90106201171875,726400,0.0,0.0,0.0
2023-09-20 00:00:00-04:00,239.54634049710504,239.810298047802,236.58403086264698,236.6915740966797,1063000,0.0,0.0,0.0
2023-09-21 00:00:00-04:00,234.98063907676243,235.16638198691052,232.575588379536,232.66357421875,728700,0.0,0.0,0.0
2023-09-22 00:00:00-04:00,233.34793097073197,234.07140489412603,231.9401128041522,232.09652709960938,731000,0.0,0.0,0.0
2023-09-25 00:00:00-04:00,231.50995843129797,233.0937633189905,231.22642859466654,233.0155487060547,615600,0.0,0.0,0.0
2023-09-26 00:00:00-04:00,231.43090034445305,231.89234954310834,229.29055927690285,229.8011016845703,993000,1.006,0.0,0.0
2023-09-27 00:00:00-04:00,230.51784646247546,230.78293784287135,227.94552375100352,229.79132080078125,1851800,0.0,0.0,0.0
2023-09-28 00:00:00-04:00,229.65383533597034,232.31451645966192,229.2611046479287,231.38180541992188,1118300,0.0,0.0,0.0
2023-09-29 00:00:00-04:00,232.66799312935623,233.1687229410859,230.10548314950512,230.6356658935547,2041500,0.0,0.0,0.0
2023-10-02 00:00:00-04:00,230.6454785439461,231.33273859998658,229.08441320640864,230.6356658935547,852400,0.0,0.0,0.0
2023-10-03 00:00:00-04:00,229.26110341257774,230.14473622005215,226.5316888152571,227.34658813476562,755600,0.0,0.0,0.0
2023-10-04 00:00:00-04:00,227.68040968069593,229.34948896463862,226.74769859805681,229.0745849609375,1085700,0.0,0.0,0.0
2023-10-05 00:00:00-04:00,228.8094954067204,229.32003783810026,227.06188494895508,228.92730712890625,754500,0.0,0.0,0.0
2023-10-06 00:00:00-04:00,227.4448041224545,232.510918270978,226.89499607182017,231.65673828125,1427400,0.0,0.0,0.0
2023-10-09 00:00:00-04:00,230.55710480443162,233.47306476428196,230.33129401089874,233.1097869873047,1051800,0.0,0.0,0.0
2023-10-10 00:00:00-04:00,233.41414967118504,235.90792589459923,233.38469674193897,234.49412536621094,803700,0.0,0.0,0.0
2023-10-11 00:00:00-04:00,235.06358337877774,235.53484524739665,233.7185162836294,235.45631408691406,321900,0.0,0.0,0.0
2023-10-12 00:00:00-04:00,235.8293847519124,235.8293847519124,232.46180326685783,233.66941833496094,600800,0.0,0.0,0.0
2023-10-13 00:00:00-04:00,234.36653151258855,235.19124360113824,231.61747623627693,232.54037475585938,861500,0.0,0.0,0.0
2023-10-16 00:00:00-04:00,233.43379414655809,235.61340097668787,233.43379414655809,235.11268615722656,2185300,0.0,0.0,0.0
2023-10-17 00:00:00-04:00,233.20798471519836,236.36939590250017,233.20798471519836,235.23049926757812,539300,0.0,0.0,0.0
2023-10-18 00:00:00-04:00,234.16031341372258,234.58248204989258,231.31308708374914,231.90216064453125,687300,0.0,0.0,0.0
2023-10-19 00:00:00-04:00,232.30472572685608,233.20798392285263,229.33967242226944,229.76185607910156,928200,0.0,0.0,0.0
2023-10-20 00:00:00-04:00,229.48692368217093,229.80109324224784,226.83604030434012,227.00296020507812,846400,0.0,0.0,0.0
2023-10-23 00:00:00-04:00,226.08989008710083,228.56404108588458,224.9804464484554,226.34515380859375,1192600,0.0,0.0,0.0
2023-10-24 00:00:00-04:00,227.46440875307954,228.81930345555213,226.5709782425603,228.05349731445312,717300,0.0,0.0,0.0
2023-10-25 00:00:00-04:00,226.94406156913232,226.9735145001101,224.38155170605026,224.72518920898438,676200,0.0,0.0,0.0
2023-10-26 00:00:00-04:00,224.10666590754968,224.5681151718933,221.62270198560446,222.09397888183594,1114200,0.0,0.0,0.0
2023-10-27 00:00:00-04:00,223.0757818277662,223.22304649366527,220.32672654219684,221.06307983398438,1505200,0.0,0.0,0.0
2023-10-30 00:00:00-04:00,222.58484629605888,224.25391051123412,221.88775869253394,223.69427490234375,1958800,0.0,0.0,0.0
2023-10-31 00:00:00-04:00,224.00845858434198,225.3044323885779,222.97756113799792,225.1375274658203,1201900,0.0,0.0,0.0
2023-11-01 00:00:00-04:00,225.5891967809566,227.81788193904453,225.23574660460739,227.4644317626953,970800,0.0,0.0,0.0
2023-11-02 00:00:00-04:00,229.72257943861075,231.92182659325005,229.693126506369,231.81382751464844,912400,0.0,0.0,0.0
2023-11-03 00:00:00-04:00,233.1490682548024,235.10286420447238,233.1490682548024,234.27813720703125,1205100,0.0,0.0,0.0
2023-11-06 00:00:00-05:00,234.70031557136866,234.9457666407842,233.44360729445265,234.45486450195312,987800,0.0,0.0,0.0
2023-11-07 00:00:00-05:00,234.4352192729913,235.6232090155888,233.91486421530607,235.27957153320312,1048600,0.0,0.0,0.0
2023-11-08 00:00:00-05:00,235.46612409847828,235.87848010154278,234.13086966806455,235.3483123779297,499400,0.0,0.0,0.0
2023-11-09 00:00:00-05:00,235.89812958927394,235.97667573308686,233.19816769292808,233.44361877441406,528600,0.0,0.0,0.0
2023-11-10 00:00:00-05:00,234.36651416385808,237.13519453651085,233.66942650987696,236.86029052734375,665000,0.0,0.0,0.0
2023-11-13 00:00:00-05:00,236.3595804282627,237.38065034248407,235.75085155485925,236.82102966308594,1061800,0.0,0.0,0.0
2023-11-14 00:00:00-05:00,240.35548788796365,242.4074551053463,240.2376761759282,241.7594757080078,923400,0.0,0.0,0.0
2023-11-15 00:00:00-05:00,242.45658335224127,243.3402162636402,241.83805679352216,242.1129608154297,915900,0.0,0.0,0.0
2023-11-16 00:00:00-05:00,241.86749850045626,242.5645711732464,241.22931670831815,242.33876037597656,1420900,0.0,0.0,0.0
2023-11-17 00:00:00-05:00,242.53512059606146,243.0653033196688,241.995125222441,242.8394775390625,546000,0.0,0.0,0.0
2023-11-20 00:00:00-05:00,242.47623807531147,245.14674728815697,242.47623807531147,244.7245635986328,730600,0.0,0.0,0.0
2023-11-21 00:00:00-05:00,244.04708862304688,244.27289940491016,243.4089068744504,244.04708862304688,1332800,0.0,0.0,0.0
2023-11-22 00:00:00-05:00,244.90127840042223,245.7848963191375,244.54782823670706,245.13690185546875,493600,0.0,0.0,0.0
2023-11-24 00:00:00-05:00,244.88162149905594,245.41180419921875,244.88162149905594,245.41180419921875,390800,0.0,0.0,0.0
2023-11-27 00:00:00-05:00,244.87182755370011,245.49035410960957,244.6754696791075,244.98963928222656,1752300,0.0,0.0,0.0
2023-11-28 00:00:00-05:00,244.58707638053158,245.90270549570445,244.3514529422843,245.15652465820312,710700,0.0,0.0,0.0
2023-11-29 00:00:00-05:00,246.33469418062,247.1397809018283,244.9994397263109,245.2252655029297,664600,0.0,0.0,0.0
2023-11-30 00:00:00-05:00,245.78488506332758,246.37397363625715,244.61653554840893,246.14816284179688,1573300,0.0,0.0,0.0
2023-12-01 00:00:00-05:00,245.90269197910368,248.27865639807774,245.5492418600166,248.01356506347656,893200,0.0,0.0,0.0
2023-12-04 00:00:00-05:00,246.27580783851917,247.13980048953385,245.56890748426096,246.88453674316406,1545900,0.0,0.0,0.0
2023-12-05 00:00:00-05:00,245.99108591836855,247.20851373942938,245.88308683929262,246.6685333251953,654400,0.0,0.0,0.0
2023-12-06 00:00:00-05:00,247.5128570828523,247.9350257188325,245.51979565653818,245.73577880859375,557600,0.0,0.0,0.0
2023-12-07 00:00:00-05:00,246.64888926761654,247.84669176952485,246.5016246080153,247.48342895507812,816200,0.0,0.0,0.0
2023-12-08 00:00:00-05:00,247.12014325794016,248.98558044640035,246.9041451100011,248.5928497314453,1092700,0.0,0.0,0.0
2023-12-11 00:00:00-05:00,248.3670196089433,249.7317269022956,248.22956761468998,249.67282104492188,1616900,0.0,0.0,0.0
2023-12-12 00:00:00-05:00,249.61391553856762,250.8018902803255,248.8677347277341,250.71353149414062,1013000,0.0,0.0,0.0
2023-12-13 00:00:00-05:00,250.94919602003168,254.5524011793382,250.65465172095335,254.53277587890625,2770500,0.0,0.0,0.0
2023-12-14 00:00:00-05:00,255.7011044548216,256.5945499289348,254.06147815347362,255.62254333496094,1449800,0.0,0.0,0.0
2023-12-15 00:00:00-05:00,255.3280463564743,255.85822911462662,254.64077130100674,255.22006225585938,3946000,0.0,0.0,0.0
2023-12-18 00:00:00-05:00,256.19202090033076,257.0069053001139,255.87783632791005,256.4178466796875,1200100,0.0,0.0,0.0
2023-12-19 00:00:00-05:00,256.87929658411235,258.2439890080828,256.87929658411235,258.2341613769531,843400,0.0,0.0,0.0
2023-12-20 00:00:00-05:00,257.77688958912535,258.7722148785298,254.28837910688162,254.36720275878906,1269300,0.976,0.0,0.0
2023-12-21 00:00:00-05:00,255.86515090776282,257.20536365455786,254.92895077295154,257.1068115234375,946100,0.0,0.0,0.0
2023-12-22 00:00:00-05:00,257.56996974946895,258.55543087569345,256.5648102273193,257.579833984375,626400,0.0,0.0,0.0
2023-12-26 00:00:00-05:00,258.0232871949722,259.25511366838765,257.78678613572083,258.7722473144531,941800,0.0,0.0,0.0
2023-12-27 00:00:00-05:00,258.83135537459157,259.363512796423,258.3879159179708,259.2550964355469,722200,0.0,0.0,0.0
2023-12-28 00:00:00-05:00,259.2254999373794,259.75765728968463,259.1269778980377,259.3437805175781,491500,0.0,0.0,0.0
2023-12-29 00:00:00-05:00,259.1861172629747,259.4916077788851,257.4516962122178,258.447021484375,1406900,0.0,0.0,0.0
2024-01-02 00:00:00-05:00,256.53527054846586,257.47144065780526,255.64836147029024,256.88018798828125,1326700,0.0,0.0,0.0
2024-01-03 00:00:00-05:00,255.50047951848478,255.76657325334466,254.11097580784602,254.42633056640625,543400,0.0,0.0,0.0
2024-01-04 00:00:00-05:00,254.03216691066672,255.6779002174641,253.61826000677894,253.71681213378906,885200,0.0,0.0,0.0
2024-01-05 00:00:00-05:00,253.64785006967577,255.45123067224324,253.33249529608247,254.1799774169922,836000,0.0,0.0,0.0
2024-01-08 00:00:00-05:00,254.34748505931822,257.8557237436772,254.34748505931822,257.7571716308594,724400,0.0,0.0,0.0
2024-01-09 00:00:00-05:00,256.4169933982978,257.94444609250013,256.01295073346995,257.5009765625,411900,0.0,0.0,0.0
2024-01-10 00:00:00-05:00,257.4418616872416,259.2157098049152,257.2841842940781,258.7821044921875,1523900,0.0,0.0,0.0
2024-01-11 00:00:00-05:00,259.1861383757271,259.5408899428879,256.38743240831917,258.5849914550781,759300,0.0,0.0,0.0
2024-01-12 00:00:00-05:00,259.2255676055771,259.9252667404013,257.9937410534239,258.62445068359375,356500,0.0,0.0,0.0
2024-01-16 00:00:00-05:00,257.78674511576503,258.58496613761133,256.70273197687385,257.65863037109375,434800,0.0,0.0,0.0
2024-01-17 00:00:00-05:00,255.97352473808485,256.46625529580973,254.9190741268208,256.121337890625,314400,0.0,0.0,0.0
2024-01-18 00:00:00-05:00,257.33347424914615,258.7229780759372,256.2395967370394,258.4076232910156,390700,0.0,0.0,0.0
2024-01-19 00:00:00-05:00,259.56058432680965,261.77787155204794,258.6638112179584,261.639892578125,1331000,0.0,0.0,0.0
2024-01-22 00:00:00-05:00,262.5958380372977,263.3940591756348,262.03411795509356,262.3691711425781,765400,0.0,0.0,0.0
2024-01-23 00:00:00-05:00,262.93090438466743,263.17726968843283,262.024296908189,263.01959228515625,296300,0.0,0.0,0.0
2024-01-24 00:00:00-05:00,264.59629647533643,265.059464379757,262.9998543587035,263.15753173828125,298100,0.0,0.0,0.0
2024-01-25 00:00:00-05:00,264.25140368301516,264.65544636693704,263.12799360055124,264.4189453125,528400,0.0,0.0,0.0
2024-01-26 00:00:00-05:00,264.32037168804817,265.1974164095253,263.8473395437518,264.28094482421875,283300,0.0,0.0,0.0
2024-01-29 00:00:00-05:00,264.55688297141256,266.6066589355469,264.27112090076486,266.6066589355469,364200,0.0,0.0,0.0
2024-01-30 00:00:00-05:00,266.2321720804496,266.61648626770227,265.8182651895223,266.28143310546875,669000,0.0,0.0,0.0
2024-01-31 00:00:00-05:00,264.86235852464364,265.295963797372,261.837015923683,261.9059753417969,788600,0.0,0.0,0.0
2024-02-01 00:00:00-05:00,263.03929859385545,265.30584716796875,262.15235951591916,265.30584716796875,641600,0.0,0.0,0.0
2024-02-02 00:00:00-05:00,265.3945264103357,268.72538973984683,265.11859850531687,267.9074401855469,390400,0.0,0.0,0.0
2024-02-05 00:00:00-05:00,267.4935227037772,267.4935227037772,265.32549658398256,266.6263122558594,488100,0.0,0.0,0.0
2024-02-06 00:00:00-05:00,267.3556141456402,267.7300942171255,266.54755880989177,267.53302001953125,401700,0.0,0.0,0.0
2024-02-07 00:00:00-05:00,268.6662520277207,270.14444360907214,268.3410330384479,269.8882141113281,1772600,0.0,0.0,0.0
2024-02-08 00:00:00-05:00,269.789665022192,270.4105103051563,269.5728623848693,270.3021240234375,1904800,0.0,0.0,0.0
2024-02-09 00:00:00-05:00,270.7061798131745,272.0069656263851,270.40068927400745,271.82958984375,376500,0.0,0.0,0.0
2024-02-12 00:00:00-05:00,271.7507661872077,273.15996836128625,271.41571301760143,271.82958984375,462900,0.0,0.0,0.0
2024-02-13 00:00:00-05:00,267.94687639742773,268.93233753171313,266.0548078609765,267.9370422363281,450900,0.0,0.0,0.0
2024-02-14 00:00:00-05:00,269.44476071484434,270.8046716371349,268.2720597151806,270.617431640625,372700,0.0,0.0,0.0
2024-02-15 00:00:00-05:00,271.05103403744005,272.60807924742323,270.7455435355857,272.46026611328125,491500,0.0,0.0,0.0
2024-02-16 00:00:00-05:00,272.0562543852769,272.9924243903861,270.78500113955835,271.08062744140625,1377900,0.0,0.0,0.0
2024-02-20 00:00:00-05:00,270.0951780835325,270.45982397018554,268.30166165117566,269.6024475097656,472200,0.0,0.0,0.0
2024-02-21 00:00:00-05:00,268.3706102592015,269.7404156345321,267.74979502334156,269.70098876953125,383700,0.0,0.0,0.0
2024-02-22 00:00:00-05:00,272.8742090074504,275.5940916302334,272.72639583749265,275.2097473144531,880600,0.0,0.0,0.0
2024-02-23 00:00:00-05:00,275.87985506577576,276.48097191894044,274.85496707102897,275.2491455078125,738800,0.0,0.0,0.0
2024-02-26 00:00:00-05:00,275.4757921928617,275.7615542460893,274.3917790157846,274.4410400390625,919400,0.0,0.0,0.0
2024-02-27 00:00:00-05:00,274.80565830012654,275.1308772931293,273.9187493559204,275.0224609375,495800,0.0,0.0,0.0
2024-02-28 00:00:00-05:00,274.14542068839927,275.0224654125778,273.9187538130389,274.5987243652344,417200,0.0,0.0,0.0
2024-02-29 00:00:00-05:00,275.5151830930335,276.50064412860667,274.15527212600523,275.7024230957031,2513300,0.0,0.0,0.0
2024-03-01 00:00:00-05:00,276.10649559857126,278.3040847722346,275.8010050504061,278.126708984375,632500,0.0,0.0,0.0
2024-03-04 00:00:00-05:00,277.89017613840446,278.87563727448037,277.71280035164375,277.91973876953125,567700,0.0,0.0,0.0
2024-03-05 00:00:00-05:00,276.71747692210795,276.8850185489268,273.8202187558056,274.992919921875,759100,0.0,0.0,0.0
2024-03-06 00:00:00-05:00,277.0229612114712,277.7423586561995,275.77143641475,276.5893859863281,1098900,0.0,0.0,0.0
2024-03-07 00:00:00-05:00,278.21538203500444,279.77239732407054,277.7719125151279,279.3585205078125,698100,0.0,0.0,0.0
2024-03-08 00:00:00-05:00,279.76257377649415,281.0732238428798,277.24962985833895,277.505859375,629000,0.0,0.0,0.0
2024-03-11 00:00:00-04:00,276.81603032259255,277.6142514461699,275.8305691750761,277.2890625,740400,0.0,0.0,0.0
2024-03-12 00:00:00-04:00,278.38292062089664,280.3735714625568,276.98358257910235,280.1567687988281,1033200,0.0,0.0,0.0
2024-03-13 00:00:00-04:00,280.10744600193266,280.4819260218099,278.96430754742306,279.7822570800781,763400,0.0,0.0,0.0
2024-03-14 00:00:00-04:00,280.4030891869474,280.4030891869474,277.29889296508355,278.96429443359375,1554200,0.0,0.0,0.0
2024-03-15 00:00:00-04:00,277.1313566675054,278.16607873665646,276.4119592770455,276.9933776855469,1599200,0.0,0.0,0.0
2024-03-18 00:00:00-04:00,279.11219745582946,280.01880495402963,278.4913520636433,278.7574157714844,1006300,0.0,0.0,0.0
2024-03-19 00:00:00-04:00,278.1365533667391,280.3932678859539,277.84092704277583,280.2848815917969,1297300,0.0,0.0,0.0
2024-03-20 00:00:00-04:00,280.25527103069277,283.11310194452176,280.02860417182603,283.0244140625,533200,0.0,0.0,0.0
2024-03-21 00:00:00-04:00,284.53574315035803,285.0695156107757,283.94269615562445,284.0217590332031,542900,0.869,0.0,0.0
2024-03-22 00:00:00-04:00,283.8438593799571,284.1700352436601,283.2013716595271,283.3595275878906,764300,0.0,0.0,0.0
2024-03-25 00:00:00-04:00,282.8158561281133,283.30018791195954,282.5786373221737,282.5885314941406,368000,0.0,0.0,0.0
2024-03-26 00:00:00-04:00,283.52753868623574,283.6659364311748,282.0349666680172,282.04486083984375,523500,0.0,0.0,0.0
2024-03-27 00:00:00-04:00,283.7153898415637,284.7730407714844,282.66763308496496,284.7730407714844,579100,0.0,0.0,0.0
2024-03-28 00:00:00-04:00,284.5851869864621,285.4154829534167,284.52588228633374,284.70379638671875,858000,0.0,0.0,0.0
2024-04-01 00:00:00-04:00,285.02012662631324,285.227693090159,283.40894511680443,284.0810852050781,558300,0.0,0.0,0.0
2024-04-02 00:00:00-04:00,281.69890089593525,282.11406397186295,280.81919437967576,282.08441162109375,398300,0.0,0.0,0.0
2024-04-03 00:00:00-04:00,281.4320471616362,283.28044752605035,281.41228898161967,282.46990966796875,615800,0.0,0.0,0.0
2024-04-04 00:00:00-04:00,284.3973851356217,284.89161109128867,278.8818367430477,279.1091613769531,406300,0.0,0.0,0.0
2024-04-05 00:00:00-04:00,279.8109779695257,283.04323530462676,279.61330566927074,282.0943298339844,581600,0.0,0.0,0.0
2024-04-08 00:00:00-04:00,282.4501557431155,282.97403409046825,281.84721450934524,282.50946044921875,470700,0.0,0.0,0.0
2024-04-09 00:00:00-04:00,283.0629707963288,283.33973612663056,279.979005640064,282.677490234375,515700,0.0,0.0,0.0
2024-04-10 00:00:00-04:00,279.1684691929555,280.7499983017659,278.53587564852666,279.79119873046875,736900,0.0,0.0,0.0
2024-04-11 00:00:00-04:00,280.50289771481454,282.3512980648744,278.4567949054836,281.6495056152344,508800,0.0,0.0,0.0
2024-04-12 00:00:00-04:00,279.75167667791453,280.39419461577927,276.70725776340754,277.55731201171875,795000,0.0,0.0,0.0
2024-04-15 00:00:00-04:00,279.82087709867494,279.95927485994974,273.5639891210438,273.9396057128906,681200,0.0,0.0,0.0
2024-04-16 00:00:00-04:00,274.25581745631905,275.0268086241236,272.7434874669657,273.4947204589844,1519500,0.0,0.0,0.0
2024-04-17 00:00:00-04:00,274.7204935137596,274.8094505857248,271.03358637104236,271.9231872558594,787200,0.0,0.0,0.0
2024-04-18 00:00:00-04:00,272.3975451099308,273.75174947103,270.75674159896846,271.3102722167969,603300,0.0,0.0,0.0
2024-04-19 00:00:00-04:00,270.97423299841677,271.82428719910826,268.40425188641143,269.0664978027344,533800,0.0,0.0,0.0
2024-04-22 00:00:00-04:00,270.37124240973907,272.970875689025,269.2740752986438,271.5672607421875,538800,0.0,0.0,0.0
2024-04-23 00:00:00-04:00,272.6545586457472,275.1948871767948,272.4667503783059,274.77972412109375,599900,0.0,0.0,0.0
2024-04-24 00:00:00-04:00,275.51121493224474,275.8670431446996,273.55406926826663,274.7105712890625,393500,0.0,0.0,0.0
2024-04-25 00:00:00-04:00,271.2114785542961,274.1175299971758,270.4108348062744,273.603515625,296200,0.0,0.0,0.0
2024-04-26 00:00:00-04:00,275.30361718189874,277.0630603883098,275.0169878447595,276.222900390625,542000,0.0,0.0,0.0
2024-04-29 00:00:00-04:00,277.08284529618646,277.6067235993189,275.679230318179,277.280517578125,200000,0.0,0.0,0.0
2024-04-30 00:00:00-04:00,276.1833515587878,276.77642873731673,272.6743291821675,272.79296875,1491800,0.0,0.0,0.0
2024-05-01 00:00:00-04:00,272.54589450960856,276.2130431675666,271.61674716972396,272.0022277832031,878900,0.0,0.0,0.0
2024-05-02 00:00:00-04:00,274.147144418167,275.0367451078561,271.54751105756856,274.62158203125,449700,0.0,0.0,0.0
2024-05-03 00:00:00-04:00,278.1405150927981,278.73356214432283,276.4403764930531,277.8934020996094,459400,0.0,0.0,0.0
2024-05-06 00:00:00-04:00,279.1981398104012,280.9081726074219,279.02022569237425,280.9081726074219,379700,0.0,0.0,0.0
2024-05-07 00:00:00-04:00,281.2343566562765,281.81753972573824,280.70061428669817,280.98724365234375,641600,0.0,0.0,0.0
2024-05-08 00:00:00-04:00,280.04819802715843,281.19480584475207,279.90980028263397,280.94769287109375,579200,0.0,0.0,0.0
2024-05-09 00:00:00-04:00,281.0960043641162,282.6577453613281,280.68084122223473,282.6577453613281,1019400,0.0,0.0,0.0
2024-05-10 00:00:00-04:00,283.4979195303825,283.93284082946127,282.30190104049666,282.8653259277344,718700,0.0,0.0,0.0
2024-05-13 00:00:00-04:00,283.86361693557177,283.86361693557177,282.5390949742404,282.9937744140625,648500,0.0,0.0,0.0
2024-05-14 00:00:00-04:00,283.00366665379516,284.5654375790662,282.86529907095013,284.2787780761719,1179500,0.0,0.0,0.0
2024-05-15 00:00:00-04:00,285.7911164668899,287.97558682507724,285.4154999003358,287.83721923828125,754400,0.0,0.0,0.0
2024-05-16 00:00:00-04:00,287.85698561374204,288.58843042301993,286.9970372211779,287.04644775390625,517200,0.0,0.0,0.0
2024-05-17 00:00:00-04:00,287.1946787503083,287.550537109375,286.4138234919544,287.550537109375,1284800,0.0,0.0,0.0
2024-05-20 00:00:00-04:00,287.5901186544544,288.6279811782433,287.40231036307756,287.9558410644531,555500,0.0,0.0,0.0
2024-05-21 00:00:00-04:00,287.33309369508487,288.5390062552427,287.3133355159593,288.4401550292969,809300,0.0,0.0,0.0
2024-05-22 00:00:00-04:00,288.1139709791685,288.44014683384734,286.40393833088524,287.4912414550781,893000,0.0,0.0,0.0
2024-05-23 00:00:00-04:00,289.2704630662134,289.2704630662134,284.6148627324909,285.2178039550781,782200,0.0,0.0,0.0
2024-05-24 00:00:00-04:00,286.01843634546634,287.57031311715747,285.6823663086625,287.06622314453125,802000,0.0,0.0,0.0
2024-05-28 00:00:00-04:00,287.6988038879369,287.6988038879369,285.68235359171564,286.94757080078125,880800,0.0,0.0,0.0
2024-05-29 00:00:00-04:00,284.76311519545845,285.6033053757811,284.61485343779196,284.911376953125,2751000,0.0,0.0,0.0
2024-05-30 00:00:00-04:00,284.10086653419273,284.64450302875065,282.57864211820794,283.3595275878906,2367400,0.0,0.0,0.0
2024-05-31 00:00:00-04:00,283.9723538869478,285.7812075854798,280.91804114555765,285.5242004394531,3401800,0.0,0.0,0.0
2024-06-03 00:00:00-04:00,286.68068632726903,286.7300968532718,283.09260131690456,285.7317810058594,590200,0.0,0.0,0.0
2024-06-04 00:00:00-04:00,285.286977141802,286.3446278943842,284.18981003288303,285.98876953125,760700,0.0,0.0,0.0
2024-06-05 00:00:00-04:00,287.3330852404749,289.30998904058674,285.939364441577,289.23089599609375,399200,0.0,0.0,0.0
2024-06-06 00:00:00-04:00,289.3692765198842,289.71524069734573,288.2226687642394,289.21112060546875,683900,0.0,0.0,0.0
2024-06-07 00:00:00-04:00,288.5389785988107,290.2193286181929,287.9755538135666,288.7564392089844,572600,0.0,0.0,0.0
2024-06-10 00:00:00-04:00,288.2325888431774,289.8734226669225,287.9558235093625,289.67572021484375,437200,0.0,0.0,0.0
2024-06-11 00:00:00-04:00,289.0147733042211,290.39215087890625,287.65720345148065,290.39215087890625,1205000,0.733,0.0,0.0
2024-06-12 00:00:00-04:00,293.206421861653,294.24688672539827,292.28483357116187,292.8397521972656,874000,0.0,0.0,0.0
2024-06-13 00:00:00-04:00,293.83069952019076,293.83069952019076,291.6011059062171,292.9983215332031,516300,0.0,0.0,0.0
2024-06-14 00:00:00-04:00,292.3145407110528,293.0676574707031,291.50200078915094,293.0676574707031,466500,0.0,0.0,0.0
2024-06-17 00:00:00-04:00,292.7803050603836,295.98102133086155,292.3344044981422,295.2378234863281,1738400,0.0,0.0,0.0
2024-06-18 00:00:00-04:00,295.31707878331923,296.0701955946244,295.12879958049297,296.0107421875,711700,0.0,0.0,0.0
2024-06-20 00:00:00-04:00,296.48639641174555,296.8728435537873,294.33606407516504,294.9900817871094,423100,0.0,0.0,0.0
2024-06-21 00:00:00-04:00,295.09907401689185,295.36664459078236,294.0288824437215,294.9405517578125,555800,0.0,0.0,0.0
2024-06-24 00:00:00-04:00,294.79191147639983,296.4071330666846,294.2469117853171,294.3162841796875,769200,0.0,0.0,0.0
2024-06-25 00:00:00-04:00,294.7522526902403,295.3963513870336,293.9892169459572,295.1684265136719,482500,0.0,0.0,0.0
2024-06-26 00:00:00-04:00,294.6035851555345,295.8719748119719,294.21713803874235,295.5647888183594,740000,0.0,0.0,0.0
2024-06-27 00:00:00-04:00,295.55495570500983,296.258507928526,295.09910587834827,295.9810485839844,566000,0.0,0.0,0.0
2024-06-28 00:00:00-04:00,296.70441530800434,298.10160066197903,294.32615798195815,294.8414611816406,5820500,0.0,0.0,0.0
2024-07-01 00:00:00-04:00,295.8719851476484,295.9413575333507,294.1081302475361,295.4458923339844,607600,0.0,0.0,0.0
2024-07-02 00:00:00-04:00,294.6531702400831,297.4476013183594,294.6432512587001,297.4476013183594,729400,0.0,0.0,0.0
2024-07-03 00:00:00-04:00,297.4179005506801,298.86465064129993,297.2989634861035,298.5574645996094,372600,0.0,0.0,0.0
2024-07-05 00:00:00-04:00,298.97361130427765,300.44019922607146,298.38896597998877,300.2816467285156,923400,0.0,0.0,0.0
2024-07-08 00:00:00-04:00,300.8167649123912,301.07438626646086,299.9843869606634,300.5491943359375,352300,0.0,0.0,0.0
2024-07-09 00:00:00-04:00,301.16359067395257,301.4806654296866,300.5194616995001,300.6185607910156,427800,0.0,0.0,0.0
2024-07-10 00:00:00-04:00,301.5004930649781,303.70035976176297,301.0743700101373,303.5616149902344,563300,0.0,0.0,0.0
2024-07-11 00:00:00-04:00,303.7598260837679,304.423732544899,301.19331986851165,301.6491394042969,629300,0.0,0.0,0.0
2024-07-12 00:00:00-04:00,302.1644002625264,305.45429645537615,302.0355744717226,303.55169677734375,1032400,0.0,0.0,0.0
2024-07-15 00:00:00-04:00,304.68138739824747,306.247044207033,303.5120967222483,304.43365478515625,709700,0.0,0.0,0.0
2024-07-16 00:00:00-04:00,305.41469540345605,306.8019921210052,305.02824821536757,306.5641784667969,441700,0.0,0.0,0.0
2024-07-17 00:00:00-04:00,303.2445341363226,304.4435817886525,302.1148891160759,302.223876953125,579800,0.0,0.0,0.0
2024-07-18 00:00:00-04:00,303.1652633208197,303.7499086555506,298.6168961987899,299.8654479980469,780300,0.0,0.0,0.0
2024-07-19 00:00:00-04:00,299.6672727402041,300.4501162415147,297.3782258831638,297.83404541015625,1182300,0.0,0.0,0.0
2024-07-22 00:00:00-04:00,299.9645637626847,301.32213371175965,299.02319793035923,301.0843200683594,876500,0.0,0.0,0.0
2024-07-23 00:00:00-04:00,300.9851968584804,302.2436978491877,300.44019722241427,300.658203125,630000,0.0,0.0,0.0
2024-07-24 00:00:00-04:00,297.95293186441415,298.2403101347681,293.2955773406909,293.8306579589844,681400,0.0,0.0,0.0
2024-07-25 00:00:00-04:00,293.72169345479097,297.4773282655903,291.9479195112086,292.5028381347656,939700,0.0,0.0,0.0
2024-07-26 00:00:00-04:00,294.6829134199014,297.35840759356637,294.4153428339759,295.84228515625,453700,0.0,0.0,0.0
2024-07-29 00:00:00-04:00,296.91248656643575,297.3881138138992,295.0396135571587,296.0801086425781,793100,0.0,0.0,0.0
2024-07-30 00:00:00-04:00,296.6647404607132,297.51692606750134,292.89918689181127,294.82159423828125,522600,0.0,0.0,0.0
2024-07-31 00:00:00-04:00,298.6367038249369,300.9356697186218,297.7646801934842,299.1618957519531,1026700,0.0,0.0,0.0
2024-08-01 00:00:00-04:00,300.0438469434503,301.4509512828725,292.9587000965223,294.83154296875,608500,0.0,0.0,0.0
2024-08-02 00:00:00-04:00,290.5506935530095,291.1056121566695,286.68607104866476,289.0940246582031,953400,0.0,0.0,0.0
2024-08-05 00:00:00-04:00,277.0641378856484,284.0799116090599,276.82629403277684,280.71075439453125,1480100,0.0,0.0,0.0
2024-08-06 00:00:00-04:00,281.9197154084198,287.4292863377353,281.02788404403947,283.24755859375,1907700,0.0,0.0,0.0
2024-08-07 00:00:00-04:00,286.69600934988506,288.48959107201034,281.0972582716091,281.4638977050781,686000,0.0,0.0,0.0
2024-08-08 00:00:00-04:00,284.53577672043497,288.37067262625794,283.3070024298213,287.9445495605469,1035400,0.0,0.0,0.0
2024-08-09 00:00:00-04:00,287.6472881616918,290.0849685872459,287.1022885136459,289.292236328125,254700,0.0,0.0,0.0
2024-08-12 00:00:00-04:00,290.02551336138237,290.6696120979792,288.2517696505813,289.3120422363281,415400,0.0,0.0,0.0
2024-08-13 00:00:00-04:00,290.8876287166685,294.1973631136684,290.8876287166685,294.12799072265625,961300,0.0,0.0,0.0
2024-08-14 00:00:00-04:00,294.5144073036971,295.63416346223835,293.1171918507134,295.1882629394531,520600,0.0,0.0,0.0
2024-08-15 00:00:00-04:00,298.22050604130845,300.4996337890625,297.92320878673513,300.4996337890625,486800,0.0,0.0,0.0
2024-08-16 00:00:00-04:00,299.2213316416515,301.1338502744458,299.2213316416515,300.777099609375,415700,0.0,0.0,0.0
2024-08-19 00:00:00-04:00,300.78702120650667,303.6012599054065,300.67800313761063,303.571533203125,539500,0.0,0.0,0.0
2024-08-20 00:00:00-04:00,303.4328074756539,304.21565100592636,302.28332451396705,302.9967956542969,423900,0.0,0.0,0.0
2024-08-21 00:00:00-04:00,303.4526265252111,304.8894574571659,302.77877087187943,304.27508544921875,523000,0.0,0.0,0.0
2024-08-22 00:00:00-04:00,305.2164819838754,305.7218359238077,301.2626491266885,301.7977600097656,726600,0.0,0.0,0.0
2024-08-23 00:00:00-04:00,303.5616438805157,305.7020573762926,302.80852702807607,305.3453369140625,354700,0.0,0.0,0.0
2024-08-26 00:00:00-04:00,305.63267293683526,306.33625533316507,303.74991112074747,304.4237365722656,568700,0.0,0.0,0.0
2024-08-27 00:00:00-04:00,303.70036954089784,305.16692722544695,303.17517762182075,304.8597412109375,260400,0.0,0.0,0.0
2024-08-28 00:00:00-04:00,304.44358214098673,304.87959397128435,301.35185364229517,302.9274597167969,469300,0.0,0.0,0.0
2024-08-29 00:00:00-04:00,304.0075680042718,306.09841678482854,302.7193402460574,303.3039855957031,513600,0.0,0.0,0.0
2024-08-30 00:00:00-04:00,304.4039229317648,306.3957027843793,302.57069557774213,306.2569580078125,3109200,0.0,0.0,0.0
2024-09-03 00:00:00-04:00,304.5129336476092,304.5129336476092,298.32953694184,299.6474914550781,783500,0.0,0.0,0.0
2024-09-04 00:00:00-04:00,298.6565223941575,300.93565017680254,298.1907839049114,299.0330505371094,826900,0.0,0.0,0.0
2024-09-05 00:00:00-04:00,298.98352968068696,300.46992532136903,296.96202314193636,298.17095947265625,626200,0.0,0.0,0.0
2024-09-06 00:00:00-04:00,298.41869520447636,299.28079984657245,292.77040985521387,293.1965026855469,602000,0.0,0.0,0.0
2024-09-09 00:00:00-04:00,295.42608636941634,297.27912138753794,294.5738704962248,296.48638916015625,753700,0.0,0.0,0.0
2024-09-10 00:00:00-04:00,297.3881081157308,297.81423117114736,294.7324218989561,297.55657958984375,1340900,0.0,0.0,0.0
2024-09-11 00:00:00-04:00,297.7151326876259,301.1040977309382,292.86946850151963,300.7275695800781,1267400,0.0,0.0,0.0
2024-09-12 00:00:00-04:00,301.23295917717775,303.40309943581394,299.8654702206892,303.13555908203125,660100,0.0,0.0,0.0
2024-09-13 00:00:00-04:00,303.8787431959437,305.5930638049652,303.57155716785286,305.0579528808594,806000,0.0,0.0,0.0
2024-09-16 00:00:00-04:00,304.75077799959445,305.7912429404367,303.9976611337358,305.6326904296875,847500,0.0,0.0,0.0
2024-09-17 00:00:00-04:00,306.9109507547751,307.7631363444786,304.69127643666883,305.84075927734375,1145900,0.0,0.0,0.0
2024-09-18 00:00:00-04:00,306.26689186442894,309.150503200981,304.8300305667001,305.0282287597656,890800,0.0,0.0,0.0
2024-09-19 00:00:00-04:00,310.4089738157507,311.35036987096856,308.7739445668761,310.3197937011719,809200,0.0,0.0,0.0
2024-09-20 00:00:00-04:00,309.52703368298387,310.26034281013756,308.1496560255765,309.5865173339844,5509500,0.0,0.0,0.0
2024-09-23 00:00:00-04:00,310.3792323824632,310.82516317499477,309.76486035065307,310.48822021484375,1201600,0.0,0.0,0.0
2024-09-24 00:00:00-04:00,311.27105559237526,311.43952706804816,309.5666540773151,311.2908935546875,648900,0.0,0.0,0.0
2024-09-25 00:00:00-04:00,311.2590749564307,311.666746043555,310.04601451355995,310.572998046875,350100,1.068,0.0,0.0
2024-09-26 00:00:00-04:00,312.95934861972296,313.00905202600234,310.553102945395,311.8656005859375,560400,0.0,0.0,0.0
2024-09-27 00:00:00-04:00,312.5914451768183,312.89967910816586,310.92101025649094,311.4579162597656,628300,0.0,0.0,0.0
2024-09-30 00:00:00-04:00,310.9209917557747,312.8797851980199,309.55876050389315,312.60137939453125,2086500,0.0,0.0,0.0
2024-10-01 00:00:00-04:00,312.41247227563167,312.41247227563167,308.42527617105975,309.8570861816406,696800,0.0,0.0,0.0
2024-10-02 00:00:00-04:00,309.4096289466369,310.4835016084078,308.0275527068608,310.01617431640625,569300,0.0,0.0,0.0
2024-10-03 00:00:00-04:00,309.0715738559755,310.3641961375867,308.2065282914277,309.34002685546875,567300,0.0,0.0,0.0
2024-10-04 00:00:00-04:00,311.64682694341747,312.49199719270246,309.7476896730337,312.36273193359375,546900,0.0,0.0,0.0
2024-10-07 00:00:00-04:00,311.4579294208869,311.61702280249204,308.7832307340729,309.4494323730469,457300,0.0,0.0,0.0
2024-10-08 00:00:00-04:00,310.53321160005015,312.50195795909843,310.28463389358257,312.1241149902344,293400,0.0,0.0,0.0
2024-10-09 00:00:00-04:00,312.2732445233072,314.66953717035005,311.95505778770945,314.42095947265625,308400,0.0,0.0,0.0
2024-10-10 00:00:00-04:00,313.3968208924543,314.6397093821943,312.96927453453344,313.8343200683594,557400,0.0,0.0,0.0
2024-10-11 00:00:00-04:00,313.7746596505207,316.37974903513043,313.7746596505207,316.04168701171875,458100,0.0,0.0,0.0
2024-10-14 00:00:00-04:00,316.7675383571737,318.9649871910627,316.68800684023563,318.54736328125,340000,0.0,0.0,0.0
2024-10-15 00:00:00-04:00,318.5075628567302,318.82574959292646,315.7135519569135,316.25048828125,307100,0.0,0.0,0.0
2024-10-16 00:00:00-04:00,316.48912124880366,317.95075936510045,315.95221525470464,317.6226501464844,463300,0.0,0.0,0.0
2024-10-17 00:00:00-04:00,319.3726552920283,319.41240587814553,317.58287756610747,317.602783203125,431600,0.0,0.0,0.0
2024-10-18 00:00:00-04:00,318.7064615400498,319.3229294236284,317.8811968703467,318.97491455078125,633200,0.0,0.0,0.0
2024-10-21 00:00:00-04:00,318.4479185277559,318.9053233571018,316.61839024224753,318.1993408203125,877600,0.0,0.0,0.0
2024-10-22 00:00:00-04:00,316.6183952324862,318.4578763653511,316.39964563272997,317.821533203125,714200,0.0,0.0,0.0
2024-10-23 00:00:00-04:00,316.8967958205831,317.02606108338904,313.098551515136,314.977783203125,769100,0.0,0.0,0.0
2024-10-24 00:00:00-04:00,316.00190566906207,316.1609990346862,314.38117424722043,315.82293701171875,648900,0.0,0.0,0.0
2024-10-25 00:00:00-04:00,317.12548967415216,318.4479096897075,315.04738373887517,315.5843200683594,395200,0.0,0.0,0.0
2024-10-28 00:00:00-04:00,317.29452141547216,317.59283287744654,316.6383029558385,316.71783447265625,674500,0.0,0.0,0.0
2024-10-29 00:00:00-04:00,316.05162125170745,317.8413989259934,315.4252309268632,317.1851501464844,421300,0.0,0.0,0.0
2024-10-30 00:00:00-04:00,316.7476327853713,318.2192236317065,316.0715087521726,316.34991455078125,599600,0.0,0.0,0.0
2024-10-31 00:00:00-04:00,314.27181986196155,314.27181986196155,310.4138891271925,310.4635925292969,434400,0.0,0.0,0.0
2024-11-01 00:00:00-04:00,312.04456632843494,314.16245333214107,311.477832195129,311.7264099121094,719600,0.0,0.0,0.0
2024-11-04 00:00:00-05:00,311.5772097841373,312.5416924493213,310.10564925776447,310.9905700683594,529900,0.0,0.0,0.0
2024-11-05 00:00:00-05:00,311.4977183728216,314.91815030550265,311.4480149652727,314.8485412597656,330300,0.0,0.0,0.0
2024-11-06 00:00:00-05:00,322.00756205000494,323.6083878898141,319.9891123184433,323.1211853027344,1555600,0.0,0.0,0.0
2024-11-07 00:00:00-05:00,324.274602496519,326.33283323940054,324.274602496519,325.7262878417969,1742600,0.0,0.0,0.0
2024-11-08 00:00:00-05:00,326.0146657337868,327.8938975731437,326.0047129146282,327.2177734375,361300,0.0,0.0,0.0
2024-11-11 00:00:00-05:00,328.2319193602049,328.55010609462244,327.0685927319291,327.9734191894531,819200,0.0,0.0,0.0
2024-11-12 00:00:00-05:00,327.92369740903774,328.18222793317995,325.57713843099026,326.9194641113281,601600,0.0,0.0,0.0
2024-11-13 00:00:00-05:00,327.27737654572024,328.2617648198605,326.03448811106085,326.9790954589844,886400,0.0,0.0,0.0
2024-11-14 00:00:00-05:00,327.17797018849416,327.21775111845415,324.40386478894874,324.7817077636719,1163200,0.0,0.0,0.0
2024-11-15 00:00:00-05:00,322.79308797554967,322.98197912006106,319.52179679220205,320.4564514160156,681200,0.0,0.0,0.0
2024-11-18 00:00:00-05:00,320.99336836785443,322.6538808904977,320.37690047665654,321.9678039550781,434900,0.0,0.0,0.0
2024-11-19 00:00:00-05:00,319.8996335735898,323.5885182486694,319.7305873815107,323.18084716796875,1641200,0.0,0.0,0.0
2024-11-20 00:00:00-05:00,323.4095488355439,323.6780018346233,320.4365388331926,323.5487365722656,367000,0.0,0.0,0.0
2024-11-21 00:00:00-05:00,325.16947734611466,326.3427568711988,322.3356853436298,325.5771484375,593200,0.0,0.0,0.0
2024-11-22 00:00:00-05:00,325.6666076838464,327.307214397643,325.57712335516186,327.02880859375,562800,0.0,0.0,0.0
2024-11-25 00:00:00-05:00,329.1864803915738,330.13105743530843,327.207781286402,328.4109191894531,504200,0.0,0.0,0.0
2024-11-26 00:00:00-05:00,328.8881687209169,330.18079095286237,328.52027858405677,329.8029479980469,1464400,0.0,0.0,0.0
2024-11-27 00:00:00-05:00,329.64384418956195,330.07139053269765,327.9336284730627,328.72906494140625,393200,0.0,0.0,0.0
2024-11-29 00:00:00-05:00,329.4052174540287,331.11543316085124,329.1466869484995,330.6381530761719,1286900,0.0,0.0,0.0
2024-12-02 00:00:00-05:00,330.9464323133263,331.52314962097125,330.53876120798003,331.115478515625,2330500,0.0,0.0,0.0
2024-12-03 00:00:00-05:00,331.18505196920586,331.48336343724907,330.4592244526162,331.2745666503906,459200,0.0,0.0,0.0
2024-12-04 00:00:00-05:00,332.5771032192687,333.81999177873206,332.18930742361584,333.7106018066406,999800,0.0,0.0,0.0
2024-12-05 00:00:00-05:00,333.8000958509198,334.068579207707,332.77595686189113,332.9549255371094,709400,0.0,0.0,0.0
2024-12-06 00:00:00-05:00,333.5813297499328,334.26740664830527,333.2730958209781,333.8000793457031,577500,0.0,0.0,0.0
2024-12-09 00:00:00-05:00,333.62109838803,333.75036364585344,331.3540709990044,331.6324768066406,1831200,0.0,0.0,0.0
2024-12-10 00:00:00-05:00,332.1097491652175,332.2290616022854,330.0415657761865,330.47906494140625,1315400,0.0,0.0,0.0
2024-12-11 00:00:00-05:00,332.0799564729834,333.52168903325907,331.96061367923085,333.1040954589844,1649300,0.0,0.0,0.0
2024-12-12 00:00:00-05:00,332.67651827754264,332.86543977078213,331.2745666503906,331.2745666503906,696300,0.0,0.0,0.0
2024-12-13 00:00:00-05:00,332.29870251992355,332.66659268416436,330.3796594931107,331.1353454589844,639500,0.0,0.0,0.0
2024-12-16 00:00:00-05:00,332.0302106728991,333.17366206719475,331.7717104890495,332.5472717285156,994500,0.0,0.0,0.0
2024-12-17 00:00:00-05:00,331.13601489442533,331.5249911630461,330.2583833838088,330.9066467285156,993700,1.015,0.0,0.0
2024-12-18 00:00:00-05:00,330.97642192518015,331.96380678800415,320.4345872427374,320.703857421875,1325700,0.0,0.0,0.0
2024-12-19 00:00:00-05:00,323.54627343980354,324.45385424917566,320.31490956544775,320.4744567871094,2245900,0.0,0.0,0.0
2024-12-20 00:00:00-05:00,319.10813400125176,326.8175647036296,318.71918815923357,324.0848693847656,6554500,0.0,0.0,0.0
2024-12-23 00:00:00-05:00,324.3441478624701,326.33882303472586,322.2696990753084,326.1393737792969,1238800,0.0,0.0,0.0
2024-12-24 00:00:00-05:00,326.78764370410596,329.6699335591707,326.43856945466575,329.6400146484375,466100,0.0,0.0,0.0
2024-12-26 00:00:00-05:00,328.68256741946806,330.278313620118,327.95450003565855,329.669921875,749200,0.0,0.0,0.0
2024-12-27 00:00:00-05:00,327.8248839208362,327.8248839208362,323.915307105531,326.19921875,2087800,0.0,0.0,0.0
2024-12-30 00:00:00-05:00,322.5190391011365,324.3142346129692,320.3947051357933,322.5290222167969,2123400,0.0,0.0,0.0
2024-12-31 00:00:00-05:00,323.51636724388214,323.8554583668086,320.5542734305508,321.3022766113281,876400,0.0,0.0,0.0
2025-01-02 00:00:00-05:00,323.007708602814,324.1945427264607,318.5695747512522,320.6938781738281,925000,0.0,0.0,0.0
2025-01-03 00:00:00-05:00,322.2397901660154,325.191900990402,321.8009591795936,324.86279296875,674800,0.0,0.0,0.0
2025-01-06 00:00:00-05:00,327.42592396676946,329.1014742769272,325.8102419144105,326.74774169921875,997700,0.0,0.0,0.0
2025-01-07 00:00:00-05:00,327.89465260260283,328.00437555907115,321.94054626165524,323.12738037109375,760500,0.0,0.0,0.0
2025-01-08 00:00:00-05:00,323.15731947689846,324.0349814381927,321.11278956331904,323.46649169921875,576700,0.0,0.0,0.0
2025-01-10 00:00:00-05:00,321.50171996109157,321.50171996109157,317.5223528520488,318.6593322753906,2761300,0.0,0.0,0.0
2025-01-13 00:00:00-05:00,316.04633411578055,319.36745501000286,315.7870165940491,319.3076171875,849100,0.0,0.0,0.0
2025-01-14 00:00:00-05:00,320.9232707110533,321.3221996376839,317.9113223132171,320.0057067871094,614900,0.0,0.0,0.0
2025-01-15 00:00:00-05:00,324.6134360683035,326.3986483650034,324.08484838533576,325.7803039550781,428600,0.0,0.0,0.0
2025-01-16 00:00:00-05:00,326.44854450687336,326.8474734522391,324.9824570445004,325.3614501953125,768400,0.0,0.0,0.0
2025-01-17 00:00:00-05:00,328.8122200970591,329.590142170505,327.6453217687269,328.5130310058594,715900,0.0,0.0,0.0
2025-01-21 00:00:00-05:00,330.19850555278634,331.7144781213072,329.3308267465024,331.6346740722656,1202900,0.0,0.0,0.0
2025-01-22 00:00:00-05:00,333.4797518777055,334.26765706474083,333.00104933273343,333.4398498535156,440400,0.0,0.0,0.0
2025-01-23 00:00:00-05:00,333.021002428423,335.1552890704035,332.83150584908424,335.11541748046875,642700,0.0,0.0,0.0
2025-01-24 00:00:00-05:00,335.33482432202294,335.7137870345986,333.6991760870363,334.27764892578125,347100,0.0,0.0,0.0
2025-01-27 00:00:00-05:00,326.80757307018257,329.9591634961768,326.80757307018257,329.5003967285156,1201700,0.0,0.0,0.0
2025-01-28 00:00:00-05:00,330.2184764186145,332.95117162827364,328.53297348579235,332.013671875,985100,0.0,0.0,0.0
2025-01-29 00:00:00-05:00,332.02365086467125,332.292921048885,329.60012789776704,331.0861511230469,414100,0.0,0.0,0.0
2025-01-30 00:00:00-05:00,332.09348455142606,333.8786969388311,330.8667483480237,332.8514404296875,937800,0.0,0.0,0.0
2025-01-31 00:00:00-05:00,334.3374990607263,335.66394469441923,330.8567700936362,331.2756652832031,763500,0.0,0.0,0.0
2025-02-03 00:00:00-05:00,325.84014328488445,330.3481285018455,324.9226097808435,328.98175048828125,750300,0.0,0.0,0.0
2025-02-04 00:00:00-05:00,329.06157130438476,331.4152734389976,328.79230110854195,331.2058410644531,2340700,0.0,0.0,0.0
2025-02-05 00:00:00-05:00,330.79692998340886,332.66194643754955,329.57022420679675,332.5323181152344,702900,0.0,0.0,0.0
2025-02-06 00:00:00-05:00,333.6194003159915,333.6592719046402,331.6247251757783,333.5794982910156,403600,0.0,0.0,0.0
2025-02-07 00:00:00-05:00,334.0582351045388,334.61674171528364,330.2284320075351,330.67724609375,796200,0.0,0.0,0.0
2025-02-10 00:00:00-05:00,332.3228339144466,333.15064111881577,331.6346685754222,332.8215026855469,456200,0.0,0.0,0.0
2025-02-11 00:00:00-05:00,331.4850901834929,333.00106280075465,331.47510706796004,332.70184326171875,298400,0.0,0.0,0.0
2025-02-12 00:00:00-05:00,329.4106352970392,332.2530534655314,328.92191918988016,331.544921875,468300,0.0,0.0,0.0
2025-02-13 00:00:00-05:00,332.3527728429135,335.2251100072816,331.72444528366697,335.11541748046875,632900,0.0,0.0,0.0
2025-02-14 00:00:00-05:00,335.40461564824056,335.79359191349363,334.7563523091463,335.1353454589844,680300,0.0,0.0,0.0
2025-02-18 00:00:00-05:00,335.7437303045626,336.0728383068854,334.4272374226175,336.01300048828125,1366500,0.0,0.0,0.0
2025-02-19 00:00:00-05:00,335.5143305971089,336.86074238389386,334.9458408859266,336.6413269042969,435500,0.0,0.0,0.0
2025-02-20 00:00:00-05:00,335.9731150534486,335.9731150534486,333.07085896253227,334.87603759765625,556500,0.0,0.0,0.0
2025-02-21 00:00:00-05:00,334.7164619362314,334.8162017848706,328.47314917095247,328.8521423339844,515900,0.0,0.0,0.0
2025-02-24 00:00:00-05:00,329.82949627161406,330.4279048954713,326.68788904177256,327.17657470703125,589000,0.0,0.0,0.0
2025-02-25 00:00:00-05:00,327.02698887349186,327.59547860311943,322.8282061520382,325.5908203125,1336600,0.0,0.0,0.0
2025-02-26 00:00:00-05:00,326.45849197313544,328.48308601395746,324.3740601132804,325.5309753417969,696400,0.0,0.0,0.0
2025-02-27 00:00:00-05:00,327.04694530965253,327.47579315474076,320.38470729267567,320.5343322753906,667200,0.0,0.0,0.0
2025-02-28 00:00:00-05:00,320.67395015657183,325.7603778903634,319.24776472510763,325.5210266113281,756900,0.0,0.0,0.0
2025-03-03 00:00:00-05:00,326.67789995057495,327.42590310763137,317.6420242482395,319.68658447265625,1255600,0.0,0.0,0.0
2025-03-04 00:00:00-05:00,316.9638533091914,320.60412938254376,312.96451988077825,315.826904296875,1394000,0.0,0.0,0.0
2025-03-05 00:00:00-05:00,315.6673171954226,320.2949475932805,313.8820744615489,319.44720458984375,977700,0.0,0.0,0.0
2025-03-06 00:00:00-05:00,315.1287629863348,317.63209010431814,312.0170745412157,313.46319580078125,682400,0.0,0.0,0.0
2025-03-07 00:00:00-05:00,312.1566729114738,315.7470942118257,309.1148055304729,315.13873291015625,753700,0.0,0.0,0.0
2025-03-10 00:00:00-04:00,310.44126182150524,311.49843723587867,303.67931415394276,306.5117492675781,1024200,0.0,0.0,0.0
2025-03-11 00:00:00-04:00,305.73381096218077,307.83820900018924,301.87411954904053,304.2078857421875,1264900,0.0,0.0,0.0
2025-03-12 00:00:00-04:00,307.7783742418755,308.1673200597695,303.09087557892406,305.76373291015625,1340900,0.0,0.0,0.0
2025-03-13 00:00:00-04:00,305.57428139915294,305.57428139915294,300.43796841806255,301.505126953125,664300,0.0,0.0,0.0
2025-03-14 00:00:00-04:00,304.1181557656812,308.416678509778,303.9286591813525,308.04766845703125,869100,0.0,0.0,0.0
2025-03-17 00:00:00-04:00,307.63872921228483,311.86746108059435,307.54897248600133,310.5409851074219,1458800,0.0,0.0,0.0
2025-03-18 00:00:00-04:00,309.20001220703125,309.20001220703125,306.0,307.010009765625,1245400,0.829,0.0,0.0
2025-03-19 00:00:00-04:00,308.1099853515625,312.69000244140625,307.45001220703125,310.489990234375,1197100,0.0,0.0,0.0
2025-03-20 00:00:00-04:00,308.5299987792969,312.489990234375,308.19000244140625,309.75,564300,0.0,0.0,0.0
2025-03-21 00:00:00-04:00,307.3299865722656,310.1600036621094,306.5299987792969,309.80999755859375,2772200,0.0,0.0,0.0
2025-03-24 00:00:00-04:00,313.5400085449219,316.1499938964844,313.2900085449219,315.55999755859375,942100,0.0,0.0,0.0
2025-03-25 00:00:00-04:00,316.260009765625,316.82000732421875,315.30999755859375,316.2300109863281,519400,0.0,0.0,0.0
2025-03-26 00:00:00-04:00,316.0,316.6300048828125,311.6000061035156,312.4599914550781,633600,0.0,0.0,0.0
2025-03-27 00:00:00-04:00,311.6000061035156,313.57000732421875,310.3399963378906,311.239990234375,609700,0.0,0.0,0.0
2025-03-28 00:00:00-04:00,310.42999267578125,310.8399963378906,304.6600036621094,305.0299987792969,542300,0.0,0.0,0.0
2025-03-31 00:00:00-04:00,301.55999755859375,307.6499938964844,299.9800109863281,306.739990234375,1442200,0.0,0.0,0.0
2025-04-01 00:00:00-04:00,305.6199951171875,308.8500061035156,303.7300109863281,307.82000732421875,1795200,0.0,0.0,0.0
2025-04-02 00:00:00-04:00,304.6499938964844,311.6000061035156,304.5199890136719,310.25,914300,0.0,0.0,0.0
2025-04-03 00:00:00-04:00,298.94000244140625,300.7300109863281,294.45001220703125,294.92999267578125,1386300,0.0,0.0,0.0
2025-04-04 00:00:00-04:00,287.1499938964844,287.8800048828125,277.1099853515625,277.4100036621094,3495600,0.0,0.0,0.0
2025-04-07 00:00:00-04:00,268.1499938964844,286.8699951171875,264.1700134277344,276.8299865722656,4215500,0.0,0.0,0.0
2025-04-08 00:00:00-04:00,286.3800048828125,287.7900085449219,268.1300048828125,272.3599853515625,2555600,0.0,0.0,0.0
2025-04-09 00:00:00-04:00,270.5400085449219,299.5799865722656,270.0299987792969,298.04998779296875,2588700,0.0,0.0,0.0
2025-04-10 00:00:00-04:00,291.8699951171875,292.2200012207031,279.6099853515625,287.75,1514200,0.0,0.0,0.0
2025-04-11 00:00:00-04:00,286.760009765625,293.44000244140625,284.75,292.42999267578125,1318300,0.0,0.0,0.0
2025-04-14 00:00:00-04:00,298.1400146484375,298.1400146484375,292.489990234375,295.1499938964844,1237800,0.0,0.0,0.0
2025-04-15 00:00:00-04:00,295.510009765625,297.7099914550781,294.1400146484375,294.4200134277344,549800,0.0,0.0,0.0
2025-04-16 00:00:00-04:00,291.1499938964844,293.3599853515625,285.3599853515625,288.2900085449219,703000,0.0,0.0,0.0
2025-04-17 00:00:00-04:00,289.4599914550781,291.4200134277344,287.6300048828125,288.8900146484375,802200,0.0,0.0,0.0
2025-04-21 00:00:00-04:00,286.1000061035156,286.2300109863281,279.0400085449219,282.0899963378906,1488500,0.0,0.0,0.0
2025-04-22 00:00:00-04:00,285.4200134277344,290.3900146484375,285.0,289.3500061035156,1126500,0.0,0.0,0.0
2025-04-23 00:00:00-04:00,296.7699890136719,299.4700012207031,293.1600036621094,294.0799865722656,679800,0.0,0.0,0.0
2025-04-24 00:00:00-04:00,294.739990234375,300.6199951171875,294.1499938964844,300.2900085449219,606800,0.0,0.0,0.0
