Date,Open,High,Low,Close,Volume,Dividends,Stock Splits
2020-04-27 00:00:00-04:00,154.24195205037208,154.71220190418418,151.15711415743556,151.6931915283203,3210300,0.0,0.0
2020-04-28 00:00:00-04:00,151.36403129152677,152.3421447121631,147.2728516594736,147.94061279296875,3270200,0.0,0.0
2020-04-29 00:00:00-04:00,148.37325430802466,148.62719329114478,145.4671131542682,145.92796325683594,3240700,0.0,0.0
2020-04-30 00:00:00-04:00,145.96553551375897,147.63962365900906,144.15977799812575,145.43885803222656,4175800,0.0,0.0
2020-05-01 00:00:00-04:00,144.57359415328236,145.40123836204071,142.55152583065666,144.48895263671875,2576400,0.0,0.0
2020-05-04 00:00:00-04:00,145.44827001049478,146.7179503209343,142.25997666409455,144.1597900390625,2228500,0.0,0.0
2020-05-05 00:00:00-04:00,144.64884342351377,149.7463496064731,143.66131595918193,148.4954833984375,2862600,0.0,0.0
2020-05-06 00:00:00-04:00,149.03157011050504,149.48300589171546,147.04711541801828,147.3574676513672,1964800,0.0,0.0
2020-05-07 00:00:00-04:00,148.12868714165984,148.30738436197234,143.6331001974314,143.86822509765625,2330600,0.0,0.0
2020-05-08 00:00:00-04:00,145.02504569881552,145.2319567735088,143.4732269895017,144.3760986328125,1966600,0.0,0.0
2020-05-11 00:00:00-04:00,144.338486129833,149.98148417434055,143.97169183097546,149.11622619628906,3196200,0.0,0.0
2020-05-12 00:00:00-04:00,150.3576702573588,151.79663353363244,148.21333226326922,148.33560180664062,2329400,0.0,0.0
2020-05-13 00:00:00-04:00,147.68663723416716,149.86860299062158,146.75553755088785,148.5330810546875,2650000,0.0,0.0
2020-05-14 00:00:00-04:00,147.35196781773453,150.19619384543068,145.33926802274937,149.6575927734375,2393900,0.74,0.0
2020-05-15 00:00:00-04:00,149.89382192547527,150.72534814333727,147.43700518280778,150.4607696533203,2824500,0.0,0.0
2020-05-18 00:00:00-04:00,152.45458707496985,153.42786116787715,148.45754810999867,149.2607421875,2703700,0.0,0.0
2020-05-19 00:00:00-04:00,148.21186189053046,150.3662951135978,146.72831901740707,148.0701141357422,2339400,0.0,0.0
2020-05-20 00:00:00-04:00,146.71886007343915,148.75989200225203,143.2604228325474,144.69671630859375,3780800,0.0,0.0
2020-05-21 00:00:00-04:00,144.71560628462015,144.71560628462015,141.474512654783,143.89352416992188,3049800,0.0,0.0
2020-05-22 00:00:00-04:00,143.83682564570907,144.15809744692555,141.89972191975826,142.835205078125,2355000,0.0,0.0
2020-05-26 00:00:00-04:00,142.78794673412915,143.40214363369796,139.0554872571424,139.81143188476562,5013400,0.0,0.0
2020-05-27 00:00:00-04:00,140.0098593634868,140.0098593634868,135.71043778521508,137.67588806152344,5376100,0.0,0.0
2020-05-28 00:00:00-04:00,139.31064966086367,143.7234736238503,138.4413181206768,142.3533172607422,3982700,0.0,0.0
2020-05-29 00:00:00-04:00,143.3076918531028,145.17864405368962,141.68241558400388,144.52664184570312,9466300,0.0,0.0
2020-06-01 00:00:00-04:00,145.96295686855572,146.45432322184675,142.58011457732673,144.05419921875,5233800,0.0,0.0
2020-06-02 00:00:00-04:00,143.70455088238688,145.59440555298357,142.72181837934633,145.3865203857422,3269400,0.0,0.0
2020-06-03 00:00:00-04:00,144.895149552626,145.88732610700595,142.54228978993672,144.1297607421875,3190300,0.0,0.0
2020-06-04 00:00:00-04:00,143.8273792406158,145.08411976145274,141.46506117845664,142.4099884033203,3328700,0.0,0.0
2020-06-05 00:00:00-04:00,141.45561991488958,143.40216792834605,140.17051815574644,140.99261474609375,4578800,0.0,0.0
2020-06-08 00:00:00-04:00,138.66808714556757,141.03040549557724,138.45075789453182,140.99261474609375,4076400,0.0,0.0
2020-06-09 00:00:00-04:00,141.50284241364096,143.3926967363607,140.8980896071084,140.9169921875,4302100,0.0,0.0
2020-06-10 00:00:00-04:00,141.70131811088672,144.00692883688671,141.58791701925227,142.6840362548828,4940200,0.0,0.0
2020-06-11 00:00:00-04:00,143.48721545933589,143.85573652750986,135.171852382764,136.14512634277344,4547400,0.0,0.0
2020-06-12 00:00:00-04:00,137.52469629073104,138.31844608489894,133.67885014173828,135.6348419189453,3973200,0.0,0.0
2020-06-15 00:00:00-04:00,134.17969638762844,135.03012531566358,131.98745780748231,133.72613525390625,3709900,0.0,0.0
2020-06-16 00:00:00-04:00,147.71101966875958,158.2091465104542,146.463708904334,154.69403076171875,15029300,0.0,0.0
2020-06-17 00:00:00-04:00,155.18538829885432,155.3082334473951,150.62138824322557,151.16000366210938,4711200,0.0,0.0
2020-06-18 00:00:00-04:00,150.43243885212337,153.9948191791381,149.48751145428534,152.199462890625,3631600,0.0,0.0
2020-06-19 00:00:00-04:00,153.2955451695194,153.53177698423718,149.5441827983248,151.1316680908203,6004900,0.0,0.0
2020-06-22 00:00:00-04:00,150.4135095477498,152.58684506039847,150.16783365859467,151.6135711669922,2647300,0.0,0.0
2020-06-23 00:00:00-04:00,152.02935272313098,153.9003047400013,150.19619145414495,150.56471252441406,2771500,0.0,0.0
2020-06-24 00:00:00-04:00,149.81823637882576,150.98993708185498,147.720496478209,148.38194274902344,3096000,0.0,0.0
2020-06-25 00:00:00-04:00,148.95836197887218,154.39169479221115,148.07958637513528,153.89088439941406,3735400,0.0,0.0
2020-06-26 00:00:00-04:00,153.3900698592115,154.76965581844388,151.35846725460755,153.86253356933594,5290400,0.0,0.0
2020-06-29 00:00:00-04:00,154.82636329509538,155.16653774250756,152.16166105395854,153.7585906982422,2640300,0.0,0.0
2020-06-30 00:00:00-04:00,154.12707323025043,156.07362091818763,153.361684519794,155.1381378173828,3296300,0.0,0.0
2020-07-01 00:00:00-04:00,155.27045521435048,156.35711580248287,153.56958325247064,154.30662536621094,2065100,0.0,0.0
2020-07-02 00:00:00-04:00,155.0342270949349,155.69567331298185,153.4278391702472,154.84523010253906,1960200,0.0,0.0
2020-07-06 00:00:00-04:00,155.4027471989687,159.6171148039083,154.97751838715553,157.69891357421875,2760100,0.0,0.0
2020-07-07 00:00:00-04:00,156.97132628924888,159.10687132154044,156.16814669526727,157.56663513183594,3273300,0.0,0.0
2020-07-08 00:00:00-04:00,157.65164521049886,160.46753855173657,157.65164521049886,159.81553649902344,2781800,0.0,0.0
2020-07-09 00:00:00-04:00,160.52425014171152,161.346332257319,154.69405058332967,157.28314208984375,2955200,0.0,0.0
2020-07-10 00:00:00-04:00,156.99017725783503,156.99017725783503,153.77743110130714,154.36328125,2245100,0.0,0.0
2020-07-13 00:00:00-04:00,155.54448885139232,157.80286460037235,152.17109135195503,153.15382385253906,3455600,0.0,0.0
2020-07-14 00:00:00-04:00,153.90976325167327,155.6956752720952,152.6341056291806,154.8546905517578,2642900,0.0,0.0
2020-07-15 00:00:00-04:00,156.0925351645338,157.31148497627632,154.87357093434565,156.3382110595703,2346200,0.0,0.0
2020-07-16 00:00:00-04:00,155.86574513914178,156.32876467674294,153.64517477927447,155.91299438476562,1486800,0.0,0.0
2020-07-17 00:00:00-04:00,156.89572615082318,158.04853863677195,156.0169506624973,156.8201446533203,2935800,0.0,0.0
2020-07-20 00:00:00-04:00,157.3209539769577,158.47376645555389,156.60279998924076,157.8406524658203,1806200,0.0,0.0
2020-07-21 00:00:00-04:00,157.68000040405133,158.02017477959336,155.68620339543313,156.19647216796875,1540700,0.0,0.0
2020-07-22 00:00:00-04:00,156.42325651898577,156.71619608902566,153.390048006445,155.76181030273438,1686500,0.0,0.0
2020-07-23 00:00:00-04:00,156.15869885716052,156.34769587424717,151.93487217364913,152.6246795654297,2408800,0.0,0.0
2020-07-24 00:00:00-04:00,152.57739434027388,152.57739434027388,149.72371019272276,150.75367736816406,2247900,0.0,0.0
2020-07-27 00:00:00-04:00,150.81041402982785,152.83255802503007,149.85602815825538,151.6608428955078,2709700,0.0,0.0
2020-07-28 00:00:00-04:00,152.76634315032942,156.3003752467222,152.46397401427157,153.69236755371094,3483100,0.0,0.0
2020-07-29 00:00:00-04:00,153.57900673656837,154.0514703060326,152.22776784875373,152.8419647216797,3108900,0.0,0.0
2020-07-30 00:00:00-04:00,149.72374997957718,149.77099923526538,142.16433045981614,144.5738983154297,6638100,0.0,0.0
2020-07-31 00:00:00-04:00,144.69672714282734,144.89515380846362,140.54849672693163,142.01312255859375,5342700,0.0,0.0
2020-08-03 00:00:00-04:00,144.38492347788412,145.37710022691365,142.8919363122067,144.42271423339844,3615000,0.0,0.0
2020-08-04 00:00:00-04:00,144.9329618646606,147.40866691301457,144.65892485824833,146.32200622558594,3260000,0.0,0.0
2020-08-05 00:00:00-04:00,148.64650780108212,148.81660220872075,144.85735460679348,145.84007263183594,2386400,0.0,0.0
2020-08-06 00:00:00-04:00,145.37707565977672,146.93619998874155,142.68402699871365,144.4604949951172,2176200,0.0,0.0
2020-08-07 00:00:00-04:00,144.53609729221125,145.04635172942264,143.2320929038025,144.5077362060547,2017100,0.0,0.0
2020-08-10 00:00:00-04:00,144.5077464737765,145.0369179516565,143.1848538251977,144.5738983154297,1745200,0.0,0.0
2020-08-11 00:00:00-04:00,144.70615857051237,144.70615857051237,141.928070146982,142.3343963623047,2103400,0.0,0.0
2020-08-12 00:00:00-04:00,142.48560014397376,144.734532030519,142.30607604462915,144.148681640625,2430400,0.0,0.0
2020-08-13 00:00:00-04:00,143.2086080534936,144.03469732345314,142.23057550140157,142.8667755126953,2077700,0.74,0.0
2020-08-14 00:00:00-04:00,142.24008362730453,144.03470088873584,141.6228783220906,142.51544189453125,1538000,0.0,0.0
2020-08-17 00:00:00-04:00,143.30355088368339,144.99371884509773,142.7718146021679,143.8827667236328,2704700,0.0,0.0
2020-08-18 00:00:00-04:00,144.47146789298952,145.42100107529959,143.52193471067943,145.38302612304688,1959700,0.0,0.0
2020-08-19 00:00:00-04:00,146.04772593767723,146.61745175757267,144.33856296672042,144.60443115234375,1938800,0.0,0.0
2020-08-20 00:00:00-04:00,144.85131907672078,145.13618198661806,143.2371152389422,143.70237731933594,1830200,0.0,0.0
2020-08-21 00:00:00-04:00,143.7023717783174,143.71187638447614,140.48345434467421,141.7273406982422,3112000,0.0,0.0
2020-08-24 00:00:00-04:00,142.47747941230452,142.8098073853791,140.76831651638346,141.97422790527344,2268400,0.0,0.0
2020-08-25 00:00:00-04:00,142.77181929109884,143.67387297606132,141.77480648614977,142.12612915039062,2216100,0.0,0.0
2020-08-26 00:00:00-04:00,141.66088089877547,141.91725895667028,139.9707127176135,141.7273406982422,3029700,0.0,0.0
2020-08-27 00:00:00-04:00,142.98071439999023,143.32254693968065,141.42348049445098,141.45196533203125,3146100,0.0,0.0
2020-08-28 00:00:00-04:00,141.3285512334495,141.6229042764481,139.56241848672758,139.9042510986328,2102600,0.0,0.0
2020-08-31 00:00:00-04:00,139.91376716876096,141.28108323967555,139.6099094938479,140.90127563476562,4430700,0.0,0.0
2020-09-01 00:00:00-04:00,141.11012761285,141.67034871633516,139.2490361897969,139.86624145507812,2358700,0.0,0.0
2020-09-02 00:00:00-04:00,139.38200971040524,142.43001848093886,139.11614150167262,142.0027313232422,2406800,0.0,0.0
2020-09-03 00:00:00-04:00,144.5095005506165,145.62994308623038,140.01821131197954,141.49948120117188,4226100,0.0,0.0
2020-09-04 00:00:00-04:00,141.262066791082,144.87978618436938,140.4834425652547,143.2940673828125,4361800,0.0,0.0
2020-09-08 00:00:00-04:00,143.3320602068674,143.67389280177042,141.0057063334553,141.7748260498047,4351200,0.0,0.0
2020-09-09 00:00:00-04:00,143.01872220407404,146.34208924657594,142.7243691556493,144.30059814453125,2328500,0.0,0.0
2020-09-10 00:00:00-04:00,142.31603896668489,142.99970402168515,138.36597742417823,138.8407440185547,3961300,0.0,0.0
2020-09-11 00:00:00-04:00,140.11312730907858,141.6608711789525,139.46745163865748,140.6163787841797,3001400,0.0,0.0
2020-09-14 00:00:00-04:00,141.56593854196882,142.9142743019284,140.0276989898107,141.48048400878906,3072500,0.0,0.0
2020-09-15 00:00:00-04:00,142.39202682149252,144.20562449939376,141.87927070139534,142.50596618652344,2923500,0.0,0.0
2020-09-16 00:00:00-04:00,144.06319282336852,144.97473667381,143.18011932397954,143.341552734375,3618800,0.0,0.0
2020-09-17 00:00:00-04:00,142.55341033263306,144.9747081703173,141.91722488806235,144.7753143310547,3620700,0.0,0.0
2020-09-18 00:00:00-04:00,144.36701608854673,146.70287405040833,144.36701608854673,146.3895263671875,13209800,0.0,0.0
2020-09-21 00:00:00-04:00,145.4400221477475,145.90529870732342,141.53743948180357,143.55044555664062,3501600,0.0,0.0
2020-09-22 00:00:00-04:00,143.29410167991276,143.92079725722633,141.6229134737433,142.29708862304688,2926400,0.0,0.0
2020-09-23 00:00:00-04:00,142.47749651453856,143.93977164679373,141.195620566546,142.24960327148438,3545700,0.0,0.0
2020-09-24 00:00:00-04:00,141.72735122264902,142.10717327898118,139.93273366157823,141.30006408691406,3424200,0.0,0.0
2020-09-25 00:00:00-04:00,140.9012420369322,142.809798702917,140.38850044369363,142.67686462402344,2440600,0.0,0.0
2020-09-28 00:00:00-04:00,143.37952573501306,143.93025677780815,140.4359667621805,140.62588500976562,2427100,0.0,0.0
2020-09-29 00:00:00-04:00,140.51192143736395,140.94871309235612,138.56537544417912,138.87872314453125,3308300,0.0,0.0
2020-09-30 00:00:00-04:00,139.0116578279055,140.95820382966707,137.7392867884285,140.54991149902344,5083900,0.0,0.0
2020-10-01 00:00:00-04:00,140.84427069097052,141.20509796743542,136.78975959963324,137.00814819335938,3809200,0.0,0.0
2020-10-02 00:00:00-04:00,136.4194398123963,139.5244175858956,136.03963230921383,137.88172912597656,3880000,0.0,0.0
2020-10-05 00:00:00-04:00,137.7488023958717,140.027676513933,136.90370385208345,139.23007202148438,2790600,0.0,0.0
2020-10-06 00:00:00-04:00,139.51492874845553,140.36951746029195,136.6663286864591,136.8562469482422,2409200,0.0,0.0
2020-10-07 00:00:00-04:00,141.02467743159977,142.3255333023672,139.4389586980154,141.44247436523438,4602800,0.0,0.0
2020-10-08 00:00:00-04:00,144.7088948400685,146.17118449561323,142.90478704496005,145.75338745117188,4686100,0.0,0.0
2020-10-09 00:00:00-04:00,146.3135778804107,149.21914736411298,146.29459764692285,148.96278381347656,4590600,0.0,0.0
2020-10-12 00:00:00-04:00,148.9153096024101,149.21915272513803,146.62693086558798,146.6934051513672,3242700,0.0,0.0
2020-10-13 00:00:00-04:00,145.27860181586502,146.5414829036308,141.0531813274631,142.50596618652344,5963900,0.0,0.0
2020-10-14 00:00:00-04:00,142.79082995636176,142.9997284526751,140.25557764789983,140.9677276611328,2710200,0.0,0.0
2020-10-15 00:00:00-04:00,139.11613473973415,139.49595679712664,138.0431718383342,139.3725128173828,3785900,0.0,0.0
2020-10-16 00:00:00-04:00,139.68586239623488,140.89177389993674,138.63187971746385,138.74581909179688,2918900,0.0,0.0
2020-10-19 00:00:00-04:00,139.58137438303683,139.97068645554913,135.03311692613931,135.5933380126953,3158900,0.0,0.0
2020-10-20 00:00:00-04:00,136.1251172207155,136.84675743339469,134.93820039732364,136.343505859375,2188700,0.0,0.0
2020-10-21 00:00:00-04:00,135.10909699642693,136.09661981604222,134.08361370573866,134.17855834960938,1983700,0.0,0.0
2020-10-22 00:00:00-04:00,134.38741869643846,135.0805738036916,133.69426358918528,134.50135803222656,3056600,0.0,0.0
2020-10-23 00:00:00-04:00,135.0616459718908,137.39749019411005,134.56788451070776,135.194580078125,2427200,0.0,0.0
2020-10-26 00:00:00-04:00,134.7388082358307,135.1091257498136,132.98217981872526,134.5489044189453,2947100,0.0,0.0
2020-10-27 00:00:00-04:00,126.30694897064706,129.2125191335524,125.21497676326854,125.24346160888672,11374600,0.0,0.0
2020-10-28 00:00:00-04:00,123.87613284810516,127.33243381969773,123.73369414589169,124.6832275390625,6188000,0.0,0.0
2020-10-29 00:00:00-04:00,125.33841806134068,126.41139551901726,123.80017847607266,125.86066436767578,4099900,0.0,0.0
2020-10-30 00:00:00-04:00,125.1105186391012,126.3829044377687,122.68922000065032,123.87613677978516,4335300,0.0,0.0
2020-11-02 00:00:00-05:00,125.8511554814882,127.1900011061934,123.4298568058802,124.98709106445312,3449500,0.0,0.0
2020-11-03 00:00:00-05:00,126.89565078192321,127.30395770311372,124.10402009645055,124.36988830566406,3628400,0.0,0.0
2020-11-04 00:00:00-05:00,128.10154682390208,144.31007346014758,128.10154682390208,141.09115600585938,12211700,0.0,0.0
2020-11-05 00:00:00-05:00,140.22708277646106,141.3000601335756,137.39747735742145,138.1761016845703,5731000,0.0,0.0
2020-11-06 00:00:00-05:00,137.729811877469,139.95171638371463,132.0800914837335,135.53639221191406,6229800,0.0,0.0
2020-11-09 00:00:00-05:00,135.3464886330201,137.44496388674685,133.50440595077092,135.1470947265625,5493800,0.0,0.0
2020-11-10 00:00:00-05:00,140.15112752889672,141.67037218778296,136.53339331361997,139.16360473632812,5377000,0.0,0.0
2020-11-11 00:00:00-05:00,140.30297489651088,140.30297489651088,136.1345260804611,137.45437622070312,3046800,0.0,0.0
2020-11-12 00:00:00-05:00,136.41413117101746,136.91998304409452,133.48409323798907,134.6007537841797,3463400,0.74,0.0
2020-11-13 00:00:00-05:00,135.93694541764438,136.68140045642016,134.87756167890328,135.8892364501953,2142700,0.0,0.0
2020-11-16 00:00:00-05:00,136.5382005797745,137.72167689485212,133.61770171524898,134.18080139160156,4957600,0.0,0.0
2020-11-17 00:00:00-05:00,133.20728833116777,135.48833240296938,132.29104641368403,134.76296997070312,3619200,0.0,0.0
2020-11-18 00:00:00-05:00,135.43109743733686,135.92739590330342,133.74179817811012,133.77996826171875,2795100,0.0,0.0
2020-11-19 00:00:00-05:00,133.85632237444244,137.33038249382608,132.58695229347092,136.8722686767578,4626100,0.0,0.0
2020-11-20 00:00:00-05:00,136.32823604925383,140.3844879259254,136.32823604925383,138.85743713378906,5063800,0.0,0.0
2020-11-23 00:00:00-05:00,138.9051782216275,138.98153296337097,134.72486169421273,136.84365844726562,3794200,0.0,0.0
2020-11-24 00:00:00-05:00,136.8531695526623,139.0005970776234,136.5859352923878,138.29432678222656,4127000,0.0,0.0
2020-11-25 00:00:00-05:00,138.2943401055504,138.71428385877496,136.10874228849235,138.15118408203125,3223700,0.0,0.0
2020-11-27 00:00:00-05:00,139.0101303923307,141.17665015291655,138.73335726354586,140.71853637695312,1754000,0.0,0.0
2020-11-30 00:00:00-05:00,139.66867858750945,141.41525467027753,138.29432268217226,139.0101318359375,5842200,0.0,0.0
2020-12-01 00:00:00-05:00,140.00273057878556,141.31027065713866,138.63791353428968,138.9242401123047,3954400,0.0,0.0
2020-12-02 00:00:00-05:00,138.73337527871254,140.3845045129687,137.7980552837391,138.54249572753906,3757400,0.0,0.0
2020-12-03 00:00:00-05:00,139.0578715849635,139.8214043507084,136.6050395047003,137.5403594970703,4059600,0.0,0.0
2020-12-04 00:00:00-05:00,137.50216457080663,141.94017521495655,137.43534873040602,141.68247985839844,3058600,0.0,0.0
2020-12-07 00:00:00-05:00,140.58492282572755,141.5679662466239,139.80229781552086,140.69944763183594,2637200,0.0,0.0
2020-12-08 00:00:00-05:00,140.27951563123887,143.2954619912821,140.21271434315943,142.49375915527344,2754400,0.0,0.0
2020-12-09 00:00:00-05:00,147.54258515550518,151.69428423797427,146.674066519182,150.79713439941406,8364400,0.0,0.0
2020-12-10 00:00:00-05:00,152.5818642353211,154.61476675471906,150.96890538783387,153.6603546142578,6430600,0.0,0.0
2020-12-11 00:00:00-05:00,152.43872102849144,153.8321547150909,151.8088054677781,152.74412536621094,3441900,0.0,0.0
2020-12-14 00:00:00-05:00,153.36452310693338,154.89157413156963,150.634903198862,150.7112579345703,4390100,0.0,0.0
2020-12-15 00:00:00-05:00,152.16194296325133,160.56077394834125,150.84486391848492,159.7972412109375,6974300,0.0,0.0
2020-12-16 00:00:00-05:00,161.9542059246546,165.29464857054364,159.1482317719999,164.2066192626953,6009900,0.0,0.0
2020-12-17 00:00:00-05:00,163.90121310040288,165.97228595409396,163.29994328041215,164.76019287109375,3521100,0.0,0.0
2020-12-18 00:00:00-05:00,164.6552249428825,165.0083528569768,161.29568934742414,163.58627319335938,7356400,0.0,0.0
2020-12-21 00:00:00-05:00,161.1811556744946,161.29568049155034,158.24156401026272,161.08570861816406,3655900,0.0,0.0
2020-12-22 00:00:00-05:00,160.0644716811469,160.71346496740722,158.30834221767245,159.11959838867188,2447900,0.0,0.0
2020-12-23 00:00:00-05:00,159.81635078809586,160.3412805119311,157.9266183454663,157.9361572265625,1697300,0.0,0.0
2020-12-24 00:00:00-05:00,158.28926064319583,160.28397853826309,158.28926064319583,159.0623321533203,627200,0.0,0.0
2020-12-28 00:00:00-05:00,159.58730719491348,159.95952745627713,157.67848235444802,158.90966796875,1482000,0.0,0.0
2020-12-29 00:00:00-05:00,159.03370069282968,160.10263763710628,158.34652278203083,158.98597717285156,1712000,0.0,0.0
2020-12-30 00:00:00-05:00,159.80681298178686,160.713501840049,159.08145024463528,159.3964080810547,1413300,0.0,0.0
2020-12-31 00:00:00-05:00,159.45366041029374,161.42928618022918,158.70920546271688,161.14295959472656,1643600,0.0,0.0
2021-01-04 00:00:00-05:00,161.31476598157298,161.7537874704722,155.66464708975636,157.95523071289062,3164800,0.0,0.0
2021-01-05 00:00:00-05:00,157.65934833524472,159.0623353870203,155.76006287850475,158.7378387451172,2322600,0.0,0.0
2021-01-06 00:00:00-05:00,155.55010180708487,159.65407732558884,155.54056292748862,156.8290252685547,3619700,0.0,0.0
2021-01-07 00:00:00-05:00,156.69539840550672,159.50137278984639,154.4048147987511,158.2701873779297,3025500,0.0,0.0
2021-01-08 00:00:00-05:00,158.64240507026227,159.25322832661948,157.13443197043586,158.82374572753906,3438100,0.0,0.0
2021-01-11 00:00:00-05:00,176.56625961244615,180.6702350458028,173.72211529205347,177.46340942382812,11396500,0.0,0.0
2021-01-12 00:00:00-05:00,174.45702161879132,175.840931133759,169.35092444312275,170.64892578125,7179300,0.0,0.0
2021-01-13 00:00:00-05:00,171.631956582717,179.06682159885202,171.16428933769836,177.04347229003906,7303900,0.0,0.0
2021-01-14 00:00:00-05:00,176.82393576957747,180.34571878702295,176.16538908330094,178.17919921875,4413200,0.0,0.0
2021-01-15 00:00:00-05:00,178.28420917447332,183.0371780474479,178.28420917447332,182.07322692871094,6624600,0.0,0.0
2021-01-19 00:00:00-05:00,187.064809032576,190.42434437452374,185.2228003013041,189.43174743652344,7729100,0.0,0.0
2021-01-20 00:00:00-05:00,189.70849936058752,192.57173569327708,189.62259120259532,192.08497619628906,5335800,0.0,0.0
2021-01-21 00:00:00-05:00,194.41375284570103,195.38725732041226,188.98314535965346,193.12530517578125,8698800,0.0,0.0
2021-01-22 00:00:00-05:00,192.82945740054427,197.12431281104486,191.41693125433565,196.7425537109375,6128800,0.0,0.0
2021-01-25 00:00:00-05:00,198.74679892538148,202.8412207969669,198.60362835952654,202.66943359375,5959100,0.0,0.0
2021-01-26 00:00:00-05:00,202.86031941988722,203.50931273643204,200.9992185113547,203.02256774902344,6601500,0.0,0.0
2021-01-27 00:00:00-05:00,201.44780376740226,202.35449250653303,195.74996138019844,198.10736083984375,7358000,0.0,0.0
2021-01-28 00:00:00-05:00,198.51774266355199,202.18268210987097,198.10735239740796,200.5410919189453,5460400,0.0,0.0
2021-01-29 00:00:00-05:00,202.29724622589256,208.06189035829723,195.13915366769427,198.4891357421875,8401700,0.0,0.0
2021-02-01 00:00:00-05:00,199.9111953607162,200.32158563597866,193.84113289649068,193.87930297851562,5383800,0.0,0.0
2021-02-02 00:00:00-05:00,195.06281047937958,196.51350683822653,188.35329248938575,188.5537109375,5314600,0.0,0.0
2021-02-03 00:00:00-05:00,188.79230560659224,191.44557078835587,187.91424798760065,187.98106384277344,3679000,0.0,0.0
2021-02-04 00:00:00-05:00,187.83789816732727,192.67677592398533,186.72123743037017,192.42861938476562,2924300,0.0,0.0
2021-02-05 00:00:00-05:00,192.42860675824596,193.66934568339983,191.69371975939492,192.57177734375,2732200,0.0,0.0
2021-02-08 00:00:00-05:00,193.15393248392752,197.01928997898634,192.70535761555738,196.38938903808594,2909300,0.0,0.0
2021-02-09 00:00:00-05:00,194.4615057892393,195.60679763462662,191.18787859621608,192.51451110839844,2661300,0.0,0.0
2021-02-10 00:00:00-05:00,195.14869665542088,196.17946375307594,192.44770792570176,195.0723419189453,3062700,0.0,0.0
2021-02-11 00:00:00-05:00,194.43018115923556,195.6856800933604,193.2321837604154,194.15225219726562,3544700,0.85,0.0
2021-02-12 00:00:00-05:00,193.26092682026774,199.55760791685267,192.7817278798515,198.66629028320312,2611300,0.0,0.0
2021-02-16 00:00:00-05:00,197.41079988464054,198.85799010625774,195.13940148911118,197.199951171875,2741900,0.0,0.0
2021-02-17 00:00:00-05:00,196.48116086570045,198.09127704585063,195.77195573338952,197.870849609375,3329900,0.0,0.0
2021-02-18 00:00:00-05:00,196.75908617594,196.87408924097863,192.59004958039884,192.7529754638672,3919400,0.0,0.0
2021-02-19 00:00:00-05:00,192.76256453902153,194.4397607790347,191.9958433330745,192.56129455566406,3434900,0.0,0.0
2021-02-22 00:00:00-05:00,190.8937018639459,193.22261655039216,189.72446978715337,192.331298828125,2263600,0.0,0.0
2021-02-23 00:00:00-05:00,191.9766899580974,195.81028173679914,190.41449662859898,194.05641174316406,3287700,0.0,0.0
2021-02-24 00:00:00-05:00,193.28014101536675,197.87087605495222,193.24181152633219,196.01158142089844,2848800,0.0,0.0
2021-02-25 00:00:00-05:00,195.10108348879058,196.99870739136676,193.35679214852905,195.34068298339844,2386700,0.0,0.0
2021-02-26 00:00:00-05:00,198.1008785906926,198.37882222105569,193.65391212082952,196.36618041992188,3887900,0.0,0.0
2021-03-01 00:00:00-05:00,197.21911997497688,199.57678525886953,196.26072206874255,197.8804168701172,2797400,0.0,0.0
2021-03-02 00:00:00-05:00,200.19974432327717,201.21564379588872,195.60902464308208,195.64735412597656,3445300,0.0,0.0
2021-03-03 00:00:00-05:00,194.9093903085807,195.81028673943078,191.40166485568596,193.5963897705078,3660300,0.0,0.0
2021-03-04 00:00:00-05:00,195.31190628674992,196.22239601276132,190.3474120653004,192.19711303710938,4308400,0.0,0.0
2021-03-05 00:00:00-05:00,192.65713471229782,199.03047439352903,192.52295960187158,198.31167602539062,3875900,0.0,0.0
2021-03-08 00:00:00-05:00,198.38837874757203,202.11654624632274,197.7366751509128,198.41712951660156,3300300,0.0,0.0
2021-03-09 00:00:00-05:00,199.67262370635132,203.33371086393765,197.48747756873144,197.535400390625,4227300,0.0,0.0
2021-03-10 00:00:00-05:00,198.2829426175115,199.3850943622058,195.88694784731393,196.90284729003906,3400200,0.0,0.0
2021-03-11 00:00:00-05:00,197.9187572097626,198.62797696392118,195.77195514137733,196.6728515625,4037300,0.0,0.0
2021-03-12 00:00:00-05:00,196.36619993773144,199.7876884149388,193.86478013580532,199.42349243164062,4541400,0.0,0.0
2021-03-15 00:00:00-04:00,184.9803811563638,185.14330705130376,180.3704894042642,181.29055786132812,12388500,0.0,0.0
2021-03-16 00:00:00-04:00,183.5715191854233,183.6481927688999,179.44082675956219,182.95814514160156,6194200,0.0,0.0
2021-03-17 00:00:00-04:00,181.8368641705216,181.9327098284075,178.79874400266434,178.961669921875,5134200,0.0,0.0
2021-03-18 00:00:00-04:00,178.28116927789745,179.30664735639203,176.15352491527497,176.27810668945312,4240000,0.0,0.0
2021-03-19 00:00:00-04:00,177.01610036004328,178.07034396607403,176.2302216369959,176.62315368652344,6048600,0.0,0.0
2021-03-22 00:00:00-04:00,176.39316229638357,178.17578323685078,175.57851811228005,178.1086883544922,2666600,0.0,0.0
2021-03-23 00:00:00-04:00,177.63909668309265,178.894595875446,175.62645478952209,176.03855895996094,3284700,0.0,0.0
2021-03-24 00:00:00-04:00,176.057719769722,176.19189491245544,172.33914526082742,172.67457580566406,3931500,0.0,0.0
2021-03-25 00:00:00-04:00,173.47002013336794,176.00019000781208,172.72247094028157,175.4730682373047,2630500,0.0,0.0
2021-03-26 00:00:00-04:00,176.39311679401717,178.17573727463963,175.03219368231464,177.60069274902344,2868200,0.0,0.0
2021-03-29 00:00:00-04:00,176.97775866457394,179.86253106167214,175.8755923117754,178.58786010742188,3002600,0.0,0.0
2021-03-30 00:00:00-04:00,177.81157242416623,179.086243466385,177.02569370110947,177.78282165527344,2523600,0.0,0.0
2021-03-31 00:00:00-04:00,177.84989999972154,180.1212982750646,177.55278437546102,179.0478973388672,3621300,0.0,0.0
2021-04-01 00:00:00-04:00,179.04793156973324,180.24592913791528,176.97778826215617,177.53366088867188,2340400,0.0,0.0
2021-04-05 00:00:00-04:00,177.86908736797147,178.16618841825104,175.48268562605267,177.19821166992188,2864800,0.0,0.0
2021-04-06 00:00:00-04:00,177.0065007407959,177.90739705701048,174.89802840173508,175.19512939453125,2488400,0.0,0.0
2021-04-07 00:00:00-04:00,175.2909959343886,175.5593462160794,173.68089424424397,174.73513793945312,3406600,0.0,0.0
2021-04-08 00:00:00-04:00,175.33889805049904,176.31646803204268,174.8788711396516,175.01304626464844,2393200,0.0,0.0
2021-04-09 00:00:00-04:00,174.9363833647868,177.43780269535316,174.82138028604575,176.81484985351562,2611200,0.0,0.0
2021-04-12 00:00:00-04:00,175.7989424478943,176.2877347992817,173.35503918693027,174.2559356689453,2876100,0.0,0.0
2021-04-13 00:00:00-04:00,173.6425126644313,176.00017777225403,173.6425126644313,174.9363555908203,3089100,0.0,0.0
2021-04-14 00:00:00-04:00,174.99384844146638,176.7956409609388,174.47632007097414,175.3867950439453,2002100,0.0,0.0
2021-04-15 00:00:00-04:00,176.1439712425695,179.9104831849923,175.77978992774538,178.18536376953125,2586600,0.0,0.0
2021-04-16 00:00:00-04:00,179.5846011639232,182.38312124560096,179.1054022193073,181.37680053710938,3731800,0.0,0.0
2021-04-19 00:00:00-04:00,181.36722651796418,182.93899851203358,180.24590271341393,181.75057983398438,2966400,0.0,0.0
2021-04-20 00:00:00-04:00,182.48857539085472,185.45002184229884,182.25855459524982,182.6802520751953,2460900,0.0,0.0
2021-04-21 00:00:00-04:00,183.59071159969454,184.9803857223607,181.90393644809888,183.00608825683594,2219800,0.0,0.0
2021-04-22 00:00:00-04:00,182.09561211726484,183.31278161929282,178.9808187521011,179.26834106445312,2982600,0.0,0.0
2021-04-23 00:00:00-04:00,179.24914081427642,181.2617820601554,179.24914081427642,180.86883544921875,2482800,0.0,0.0
2021-04-26 00:00:00-04:00,180.7251175613821,180.80177653213337,178.3195292262612,179.4312744140625,2797500,0.0,0.0
2021-04-27 00:00:00-04:00,176.34524103919878,178.13744071138657,173.26877686694684,174.6297149658203,6838700,0.0,0.0
2021-04-28 00:00:00-04:00,173.90129431733732,174.42841608194362,171.15069705110693,173.0387420654297,4682800,0.0,0.0
2021-04-29 00:00:00-04:00,173.52754402422693,175.03223594262576,172.51164445781427,174.6201171875,2432500,0.0,0.0
2021-04-30 00:00:00-04:00,174.2750793983865,176.29729965413472,173.6521265816267,175.16639709472656,3103900,0.0,0.0
2021-05-03 00:00:00-04:00,175.3772645014701,178.5974825356662,175.31016961842738,178.18536376953125,3197000,0.0,0.0
2021-05-04 00:00:00-04:00,179.7283585548225,182.17227614553076,179.00956012367251,180.3704833984375,3703500,0.0,0.0
2021-05-05 00:00:00-04:00,180.80177245501784,185.51710336949947,180.34174552091935,184.78871154785156,4274400,0.0,0.0
2021-05-06 00:00:00-04:00,183.5811285723368,186.02504624733737,181.44390525805426,185.8237762451172,3101600,0.0,0.0
2021-05-07 00:00:00-04:00,186.71510060433636,188.10477474399727,185.83336159777278,187.29013061523438,2526700,0.0,0.0
2021-05-10 00:00:00-04:00,188.0089221196971,188.43061955310168,185.45000137498334,186.65757751464844,2242000,0.0,0.0
2021-05-11 00:00:00-04:00,185.34457323843296,187.60639291550288,184.98037734900902,186.6479949951172,1850200,0.0,0.0
2021-05-12 00:00:00-04:00,186.6480106708852,187.51056302207775,184.71204261439473,185.16249084472656,2397400,0.0,0.0
2021-05-13 00:00:00-04:00,185.06624536577104,188.7820103596194,184.58492873283015,187.65573120117188,2174300,0.85,0.0
2021-05-14 00:00:00-04:00,188.39697922386574,189.89868489835052,187.63649065241563,188.8782958984375,1823700,0.0,0.0
2021-05-17 00:00:00-04:00,189.13814657469553,192.1511928653003,187.80008715890324,188.22364807128906,2466000,0.0,0.0
2021-05-18 00:00:00-04:00,187.71345409176692,189.01301464938683,186.34651685537352,187.35728454589844,2369400,0.0,0.0
2021-05-19 00:00:00-04:00,186.37542269445655,190.01417517653428,185.89410607313815,189.16705322265625,3070500,0.0,0.0
2021-05-20 00:00:00-04:00,189.79273732550826,193.5662571519237,188.83972530976033,192.0741729736328,3494400,0.0,0.0
2021-05-21 00:00:00-04:00,192.52661356270272,194.37486729027088,192.01641921185077,192.41110229492188,2579000,0.0,0.0
2021-05-24 00:00:00-04:00,193.48925762903383,196.01135170971193,192.56512336841166,193.50851440429688,2074900,0.0,0.0
2021-05-25 00:00:00-04:00,193.90319850071577,194.30751737085558,191.6987749348517,191.77578735351562,2919100,0.0,0.0
2021-05-26 00:00:00-04:00,191.78540100730473,194.87545992442222,190.8420246201037,193.47964477539062,2891300,0.0,0.0
2021-05-27 00:00:00-04:00,193.15234596588385,193.85507877863884,188.1947908546232,191.75653076171875,9340300,0.0,0.0
2021-05-28 00:00:00-04:00,191.67947896069248,194.72140277708533,191.11152901388257,192.2763214111328,2386000,0.0,0.0
2021-06-01 00:00:00-04:00,192.83468814822456,193.38338142980078,189.3306892268869,191.00567626953125,3070200,0.0,0.0
2021-06-02 00:00:00-04:00,191.5736372300882,193.41227025743854,190.84204125014634,191.6891632080078,2030300,0.0,0.0
2021-06-03 00:00:00-04:00,191.55438671638225,196.03062524337994,191.18858139819062,195.12574768066406,3066600,0.0,0.0
2021-06-04 00:00:00-04:00,195.2123931850937,196.81036792894193,193.76844328878653,194.47117614746094,2817700,0.0,0.0
2021-06-07 00:00:00-04:00,194.44226731419224,224.6111854776415,194.28824249121567,214.2051239013672,17231400,0.0,0.0
2021-06-08 00:00:00-04:00,213.42542450161858,213.96449677189725,209.24758502972352,212.45315551757812,4618500,0.0,0.0
2021-06-09 00:00:00-04:00,213.0788610591409,218.25781759849968,212.02957972569857,217.5550994873047,4934900,0.0,0.0
2021-06-10 00:00:00-04:00,218.48886190985425,227.03704955652498,217.79576482019894,224.8133544921875,5598200,0.0,0.0
2021-06-11 00:00:00-04:00,218.5466204796582,221.01095919205332,213.2810155497722,215.7164764404297,5636000,0.0,0.0
2021-06-14 00:00:00-04:00,215.8512180257261,218.19042411984086,214.6864401888809,217.65135192871094,2720700,0.0,0.0
2021-06-15 00:00:00-04:00,217.65136572829815,218.19043795360645,214.54205001173924,215.1677703857422,2188900,0.0,0.0
2021-06-16 00:00:00-04:00,215.17739278734857,215.97638008654957,211.9718225466807,212.51089477539062,2548800,0.0,0.0
2021-06-17 00:00:00-04:00,212.03921232375896,214.7634659556306,212.03921232375896,213.90672302246094,1890700,0.0,0.0
2021-06-18 00:00:00-04:00,212.1932088821675,212.7900513972068,210.16206712596855,210.3834686279297,4016600,0.0,0.0
2021-06-21 00:00:00-04:00,210.91294019193396,215.40843547748793,209.93105021420646,214.3495330810547,3671300,0.0,0.0
2021-06-22 00:00:00-04:00,214.31101733640378,215.2543936861675,212.27022512298032,213.1654815673828,1658800,0.0,0.0
2021-06-23 00:00:00-04:00,213.88747029793697,213.93560489503918,208.8914017042331,208.9876708984375,2419600,0.0,0.0
2021-06-24 00:00:00-04:00,226.1418109346012,230.42552614136375,221.80996112557023,224.26467895507812,12290500,0.0,0.0
2021-06-25 00:00:00-04:00,224.40903133416586,224.7652155817451,220.8184138597753,221.61740112304688,6992200,0.0,0.0
2021-06-28 00:00:00-04:00,220.44297604285887,221.29009785639352,218.40219860692375,219.69212341308594,2507500,0.0,0.0
2021-06-29 00:00:00-04:00,219.7210193765404,222.7533079634645,219.335971986924,220.79916381835938,1621200,0.0,0.0
2021-06-30 00:00:00-04:00,221.492250979389,222.22386155105158,220.50074004121913,220.9435577392578,1786700,0.0,0.0
2021-07-01 00:00:00-04:00,220.93391733519204,222.84956249072442,220.11568801394608,222.49339294433594,1977300,0.0,0.0
2021-07-02 00:00:00-04:00,223.30200616921852,225.4583096473467,222.68592155955557,225.2176513671875,1994000,0.0,0.0
2021-07-06 00:00:00-04:00,224.90000093200302,226.77713274859929,224.5149388358954,226.62310791015625,3125400,0.0,0.0
2021-07-07 00:00:00-04:00,225.91076271141299,227.74939573320978,224.73636366694913,227.0081787109375,3141500,0.0,0.0
2021-07-08 00:00:00-04:00,225.09251066809895,228.40397104605327,223.4271594355475,228.2595672607422,2431500,0.0,0.0
2021-07-09 00:00:00-04:00,228.30773148161,229.55915767361333,224.0528941796932,226.20919799804688,4030100,0.0,0.0
2021-07-12 00:00:00-04:00,226.38243173400681,229.10668525832585,226.3631749585676,227.1910400390625,2928600,0.0,0.0
2021-07-13 00:00:00-04:00,227.1621365052604,227.80709886761232,225.28500504936835,226.50755310058594,1974000,0.0,0.0
2021-07-14 00:00:00-04:00,226.97925418526785,228.36544821165606,225.95886544045862,227.51834106445312,2103400,0.0,0.0
2021-07-15 00:00:00-04:00,226.22839332833271,227.1717843162197,222.06982608865357,222.8206787109375,3611200,0.0,0.0
2021-07-16 00:00:00-04:00,223.81221102183932,224.33202646831816,222.57042070109648,223.77371215820312,2229100,0.0,0.0
2021-07-19 00:00:00-04:00,223.21536938469964,225.5449397392648,221.95432236565057,225.3909149169922,2305600,0.0,0.0
2021-07-20 00:00:00-04:00,226.21876507691624,228.8660059448376,225.19837640164124,226.23802185058594,2297800,0.0,0.0
2021-07-21 00:00:00-04:00,227.54721755439363,228.5002149255111,224.86146297178968,228.42320251464844,1651500,0.0,0.0
2021-07-22 00:00:00-04:00,228.41359182914414,230.74316228106787,227.53759214055086,229.57838439941406,1703500,0.0,0.0
2021-07-23 00:00:00-04:00,230.33885212641528,235.4119327892901,229.64575510387917,235.02687072753906,2448100,0.0,0.0
2021-07-26 00:00:00-04:00,233.50593988225316,236.1146676007839,233.50593988225316,234.1220245361328,2678800,0.0,0.0
2021-07-27 00:00:00-04:00,234.60337273989097,234.94028558851824,233.59260481677168,234.4782257080078,2116500,0.0,0.0
2021-07-28 00:00:00-04:00,234.27605344323732,239.1180976002031,233.5733352712789,237.29872131347656,1688000,0.0,0.0
2021-07-29 00:00:00-04:00,238.25172361869338,238.96407749438484,233.18827813393168,236.16281127929688,1924100,0.0,0.0
2021-07-30 00:00:00-04:00,235.7488646859062,236.7596324831209,233.56369789881015,234.40118408203125,1905100,0.0,0.0
2021-08-02 00:00:00-04:00,236.5478902281808,238.6271818003975,235.12319697549276,237.38539123535156,1958900,0.0,0.0
2021-08-03 00:00:00-04:00,235.60446694051302,249.67815910091286,234.40117548524992,246.42446899414062,5406200,0.0,0.0
2021-08-04 00:00:00-04:00,246.43408536852647,260.53665508155234,245.87575638122948,252.66232299804688,3892400,0.0,0.0
2021-08-05 00:00:00-04:00,253.4420849200814,255.5887676775645,251.5649383018003,254.31808471679688,2262400,0.0,0.0
2021-08-06 00:00:00-04:00,253.66346070430248,254.39504189279126,250.99694818305008,253.5960693359375,2155200,0.0,0.0
2021-08-09 00:00:00-04:00,254.69345313452192,262.8373503269168,254.61645541236368,257.17706298828125,3238500,0.0,0.0
2021-08-10 00:00:00-04:00,256.782379126272,260.95056751844135,256.23367120937496,259.3815002441406,2060200,0.0,0.0
2021-08-11 00:00:00-04:00,259.51623011111167,260.8157905524133,252.84519039025244,254.23138427734375,2813300,0.0,0.0
2021-08-12 00:00:00-04:00,254.18309288622402,255.477182543611,252.53165423214344,254.44383239746094,2100900,0.85,0.0
2021-08-13 00:00:00-04:00,254.13485524487956,256.5878467662793,254.0093041415507,255.15853881835938,1482300,0.0,0.0
2021-08-16 00:00:00-04:00,255.80558120426934,261.00127453921374,255.21646363754934,260.6922302246094,2623200,0.0,0.0
2021-08-17 00:00:00-04:00,261.87042229924873,266.4190557064975,258.02676120001036,263.3673095703125,2096100,0.0,0.0
2021-08-18 00:00:00-04:00,262.6913501497507,265.34713922727127,258.8476884385135,259.3208923339844,2527400,0.0,0.0
2021-08-19 00:00:00-04:00,257.0321036038731,262.53684214131164,256.33676851990293,261.1365051269531,1901000,0.0,0.0
2021-08-20 00:00:00-04:00,260.15138434187645,263.52181189535156,259.8423400665552,261.62896728515625,1536800,0.0,0.0
2021-08-23 00:00:00-04:00,262.9714315779359,263.56054929216486,258.5290436995448,258.6449279785156,2438800,0.0,0.0
2021-08-24 00:00:00-04:00,257.080368128059,258.2778780127708,252.8117782444147,253.76785278320312,3736000,0.0,0.0
2021-08-25 00:00:00-04:00,253.77754551635417,255.457926264331,252.33860013892988,254.8302001953125,2388500,0.0,0.0
2021-08-26 00:00:00-04:00,254.95573363055232,256.49125894417654,251.65288502261916,252.3675537109375,1732900,0.0,0.0
2021-08-27 00:00:00-04:00,253.52641131768328,254.1155288730021,249.72138800000891,250.851318359375,1839700,0.0,0.0
2021-08-30 00:00:00-04:00,252.08744547846973,255.02330722580103,250.71607989130842,253.32359313964844,1300700,0.0,0.0
2021-08-31 00:00:00-04:00,253.83545663317935,254.60806740780254,249.02605402944548,249.44134521484375,2733400,0.0,0.0
2021-09-01 00:00:00-04:00,249.6827615863242,249.90486322108316,245.77150641120795,248.58180236816406,2956800,0.0,0.0
2021-09-02 00:00:00-04:00,248.59148537388927,250.83201238760586,247.6836861437125,250.677490234375,1469700,0.0,0.0
2021-09-03 00:00:00-04:00,251.89429162941508,252.04881377487396,247.98305113278226,250.6388397216797,1124500,0.0,0.0
2021-09-07 00:00:00-04:00,250.12700294809622,251.8846592313025,245.6942538070178,246.07089233398438,2403700,0.0,0.0
2021-09-08 00:00:00-04:00,245.8777590897879,246.94973260164468,244.98926406024785,246.10952758789062,1542400,0.0,0.0
2021-09-09 00:00:00-04:00,244.61261961858835,245.31762141277432,231.45922717073117,231.77792358398438,4976600,0.0,0.0
2021-09-10 00:00:00-04:00,233.9025425373621,235.53464771044247,230.3969115995353,231.2950439453125,4633500,0.0,0.0
2021-09-13 00:00:00-04:00,231.81655996166927,232.888533508762,227.0940850890271,229.80783081054688,2832800,0.0,0.0
2021-09-14 00:00:00-04:00,230.54178884728896,231.575124485506,224.03268648766718,225.1046600341797,3826000,0.0,0.0
2021-09-15 00:00:00-04:00,225.5778772288456,231.17918027739452,225.07568757642616,225.7227325439453,2802500,0.0,0.0
2021-09-16 00:00:00-04:00,226.06075538371869,226.64985824462917,221.859774274729,223.12489318847656,2958700,0.0,0.0
2021-09-17 00:00:00-04:00,221.84047872712205,222.92210445393854,220.41117074691982,222.2171173095703,4480000,0.0,0.0
2021-09-20 00:00:00-04:00,220.27594563229417,224.7569850013947,219.50334958878503,223.70433044433594,2803400,0.0,0.0
2021-09-21 00:00:00-04:00,224.10996454517186,225.71309893185673,221.86945198377168,222.2847137451172,2172800,0.0,0.0
2021-09-22 00:00:00-04:00,222.12054790748402,223.1152604866208,219.78345521521774,220.47879028320312,2529600,0.0,0.0
2021-09-23 00:00:00-04:00,221.4445048802868,226.17663182264224,221.16443162347667,224.225830078125,1912300,0.0,0.0
2021-09-24 00:00:00-04:00,224.79563504819285,227.3258728596848,223.414617151233,223.7429656982422,1642500,0.0,0.0
2021-09-27 00:00:00-04:00,222.09156393638412,223.14421858734764,217.88093059648483,218.64385986328125,2785900,0.0,0.0
2021-09-28 00:00:00-04:00,218.6342112059874,218.64386331572882,212.65626913792505,214.00831604003906,3583300,0.0,0.0
2021-09-29 00:00:00-04:00,217.6877685294408,223.51118788605493,216.86688246003595,222.4681854248047,3971000,0.0,0.0
2021-09-30 00:00:00-04:00,224.80528048726396,229.03523250796917,222.89311665348447,223.13455200195312,3786100,0.0,0.0
2021-10-01 00:00:00-04:00,223.0862625038132,223.74295957987383,217.7263948081361,221.7245635986328,2215700,0.0,0.0
2021-10-04 00:00:00-04:00,219.99587609126556,222.3039972613247,216.53852039029894,217.14694213867188,4784700,0.0,0.0
2021-10-05 00:00:00-04:00,218.6824769445117,224.5928093799708,218.42172264999328,223.01864624023438,2802000,0.0,0.0
2021-10-06 00:00:00-04:00,222.661340461173,222.9414137264457,218.30585194192363,220.044189453125,2462700,0.0,0.0
2021-10-07 00:00:00-04:00,221.27063635779314,226.0896906281835,221.1547521202506,225.19154357910156,2001800,0.0,0.0
2021-10-08 00:00:00-04:00,225.42337792361838,227.73149950650003,223.61744604407147,225.92556762695312,2563000,0.0,0.0
2021-10-11 00:00:00-04:00,228.59099023364624,229.8368049125456,225.59720068549413,225.664794921875,1892300,0.0,0.0
2021-10-12 00:00:00-04:00,226.65951970269944,227.0168540665442,224.03270172957744,224.8052978515625,1719200,0.0,0.0
2021-10-13 00:00:00-04:00,226.05110232443903,229.76919796744022,224.82460658913155,228.33990478515625,2105700,0.0,0.0
2021-10-14 00:00:00-04:00,228.89037420364812,230.27139213050413,226.08972991210345,228.5813446044922,1824700,0.0,0.0
2021-10-15 00:00:00-04:00,229.28629756231,231.1018959209302,227.74112032471314,229.7305450439453,2598300,0.0,0.0
2021-10-18 00:00:00-04:00,229.79814953443886,234.34679774214146,228.59097285613643,230.79286193847656,2546000,0.0,0.0
2021-10-19 00:00:00-04:00,230.8701145551252,234.24055702242808,230.8701145551252,234.00877380371094,1573200,0.0,0.0
2021-10-20 00:00:00-04:00,235.3801812852225,237.47583865751383,234.71381726523128,235.3705291748047,1537500,0.0,0.0
2021-10-21 00:00:00-04:00,236.5583534938546,236.5583534938546,231.6137622307064,232.90785217285156,1717700,0.0,0.0
2021-10-22 00:00:00-04:00,232.70503280597427,235.67950307643758,231.35298612881166,235.39944458007812,1960700,0.0,0.0
2021-10-25 00:00:00-04:00,236.2782839455549,237.83312811980142,232.2801153169272,236.65492248535156,2763100,0.0,0.0
2021-10-26 00:00:00-04:00,236.1237939267514,240.39236953738808,228.96764596066393,239.92881774902344,4533000,0.0,0.0
2021-10-27 00:00:00-04:00,240.09297879987622,245.74257209034033,239.8129202675217,241.5995330810547,3181300,0.0,0.0
2021-10-28 00:00:00-04:00,241.58986072498843,247.9540927130867,241.51259964832028,244.6705780029297,3386500,0.0,0.0
2021-10-29 00:00:00-04:00,245.08584989842257,247.68369660719426,243.1447150006032,246.0322723388672,3152000,0.0,0.0
2021-11-01 00:00:00-04:00,246.37030051820025,247.69337631779595,239.55216827717857,240.7689971923828,2735800,0.0,0.0
2021-11-02 00:00:00-04:00,242.6425617014087,250.41676930240774,240.85593395963647,248.05072021484375,3987800,0.0,0.0
2021-11-03 00:00:00-04:00,248.9391414218181,257.6501474094015,248.9295040491731,257.1383056640625,4382900,0.0,0.0
2021-11-04 00:00:00-04:00,256.38500020469496,261.82209873961017,256.18217332028127,261.71588134765625,4133400,0.0,0.0
2021-11-05 00:00:00-04:00,259.7747616473656,260.2576323322952,249.7020862330349,255.9214630126953,3745700,0.0,0.0
2021-11-08 00:00:00-05:00,254.94604043957276,257.76601804845984,250.2718560093535,251.60458374023438,2386100,0.0,0.0
2021-11-09 00:00:00-05:00,251.6046336869325,253.1787970591719,249.53796218705335,253.0435791015625,1963800,0.0,0.0
2021-11-10 00:00:00-05:00,253.02425666085222,256.8872224113996,252.63796598021543,255.58346557617188,2215100,0.0,0.0
2021-11-11 00:00:00-05:00,253.33331292768483,255.2647958939427,252.9759932944617,253.6326904296875,1739400,0.0,0.0
2021-11-12 00:00:00-05:00,253.63263682896945,254.3495963951984,250.87133128086012,251.5689239501953,1964000,0.85,0.0
2021-11-15 00:00:00-05:00,251.3169992138492,251.53012375181282,249.1563930314659,250.38685607910156,1903200,0.0,0.0
2021-11-16 00:00:00-05:00,248.9626795035328,252.24718743666284,248.02288221138838,249.69903564453125,2565700,0.0,0.0
2021-11-17 00:00:00-05:00,248.81728207715585,256.3163800551523,248.10032261050264,253.05126953125,2873600,0.0,0.0
2021-11-18 00:00:00-05:00,253.84578538479676,255.58975223590056,251.7336405263357,253.19662475585938,1689200,0.0,0.0
2021-11-19 00:00:00-05:00,258.1379200836669,262.37190830322635,252.19869869699087,252.58627319335938,2786800,0.0,0.0
2021-11-22 00:00:00-05:00,254.05896597899093,255.77386788012078,251.06513915102667,252.33436584472656,1995400,0.0,0.0
2021-11-23 00:00:00-05:00,251.39451260379516,254.58212616498463,251.1813584842796,253.8070068359375,1986200,0.0,0.0
2021-11-24 00:00:00-05:00,254.5918193841033,256.69429565518953,251.95647254672244,253.84579467773438,2518500,0.0,0.0
2021-11-26 00:00:00-05:00,253.6520277649819,257.605063121779,250.96824868566347,252.26654052734375,1495500,0.0,0.0
2021-11-29 00:00:00-05:00,251.92741609314237,254.15585119207825,246.5792250777056,246.89895629882812,4041700,0.0,0.0
2021-11-30 00:00:00-05:00,245.38753570609538,246.09481193160562,238.80885115540033,240.32029724121094,8265900,0.0,0.0
2021-12-01 00:00:00-05:00,241.67670756951912,247.35432799929686,240.17494509916503,241.37635803222656,3241400,0.0,0.0
2021-12-02 00:00:00-05:00,238.84760962999465,242.19991643700024,237.49117269018512,240.165283203125,3817700,0.0,0.0
2021-12-03 00:00:00-05:00,244.28299193733434,245.59096717332852,235.51465108257196,237.9368438720703,4169700,0.0,0.0
2021-12-06 00:00:00-05:00,238.26623953209986,239.2544982508519,234.01286992447177,238.66348266601562,3491200,0.0,0.0
2021-12-07 00:00:00-05:00,236.6385726556933,237.80122233894173,233.9353969886506,237.4814910888672,4035800,0.0,0.0
2021-12-08 00:00:00-05:00,238.93480194918303,240.45593143414635,232.01701947539584,236.71607971191406,3636200,0.0,0.0
2021-12-09 00:00:00-05:00,236.88075093675909,238.25655454848584,235.19489957844533,235.34022521972656,2291100,0.0,0.0
2021-12-10 00:00:00-05:00,233.69317050697853,236.9776635227627,233.69317050697853,236.5416717529297,2380800,0.0,0.0
2021-12-13 00:00:00-05:00,237.86900058054957,242.89747486416388,237.82056855488565,240.79501342773438,3016700,0.0,0.0
2021-12-14 00:00:00-05:00,240.02961819636488,242.22895857006418,238.72162819715356,241.6185760498047,3424000,0.0,0.0
2021-12-15 00:00:00-05:00,253.91357724274033,266.9643503179725,249.2048201156292,266.7124328613281,10016700,0.0,0.0
2021-12-16 00:00:00-05:00,267.0903878694402,275.0642282165427,263.5830276061146,270.3554992675781,5546400,0.0,0.0
2021-12-17 00:00:00-05:00,268.05928255767395,268.05928255767395,257.07218849062684,259.09716796875,7582900,0.0,0.0
2021-12-20 00:00:00-05:00,260.850844863123,261.60656797076024,252.2472097498446,255.27980041503906,3479400,0.0,0.0
2021-12-21 00:00:00-05:00,255.7835528598823,257.6728750206194,252.46031152315993,256.63616943359375,2702500,0.0,0.0
2021-12-22 00:00:00-05:00,256.5005466544662,258.2639102972764,254.66938407753733,258.2057800292969,2721000,0.0,0.0
2021-12-23 00:00:00-05:00,260.6763718030841,266.70278854491016,258.3801378080287,264.600341796875,2632200,0.0,0.0
2021-12-27 00:00:00-05:00,266.4800056044037,271.576279804343,266.16995778989696,269.7451171875,1677100,0.0,0.0
2021-12-28 00:00:00-05:00,270.6460957548297,270.7042260090042,267.30348786867967,267.82666015625,1033900,0.0,0.0
2021-12-29 00:00:00-05:00,267.2356442709761,270.6654473444359,267.1581175579413,269.7547302246094,1112300,0.0,0.0
2021-12-30 00:00:00-05:00,270.5007785763071,271.9153307517428,267.76853827356865,268.62115478515625,1181500,0.0,0.0
2021-12-31 00:00:00-05:00,268.83432633843415,270.0551209289535,267.4197740713096,267.62322998046875,1315700,0.0,0.0
2022-01-03 00:00:00-05:00,265.8696248530039,265.8696248530039,258.74837074662963,263.2730407714844,2621300,0.0,0.0
2022-01-04 00:00:00-05:00,260.6279160180399,261.48053251875785,255.3765896074072,258.5060729980469,2340500,0.0,0.0
2022-01-05 00:00:00-05:00,259.8140720946083,260.4050728998858,252.314973223401,252.5377960205078,3004200,0.0,0.0
2022-01-06 00:00:00-05:00,252.00491958750996,253.1675542744033,247.50933079229446,251.2588653564453,2863200,0.0,0.0
2022-01-07 00:00:00-05:00,251.6561660965858,253.1191801978903,248.72046922762414,251.42364501953125,2245100,0.0,0.0
2022-01-10 00:00:00-05:00,250.15443581325852,252.06312530261337,247.92601503654072,252.01466369628906,2576700,0.0,0.0
2022-01-11 00:00:00-05:00,253.44854711299897,254.24303340014586,249.05953520463285,254.1558380126953,2294000,0.0,0.0
2022-01-12 00:00:00-05:00,245.02903436691562,249.42774506927765,243.1591084946538,247.95504760742188,6562800,0.0,0.0
2022-01-13 00:00:00-05:00,246.1626196360262,247.54810683633727,240.81441373631506,241.89955139160156,3726500,0.0,0.0
2022-01-14 00:00:00-05:00,242.36460568362332,242.74246716911316,235.3402465627776,236.52227783203125,2894300,0.0,0.0
2022-01-18 00:00:00-05:00,235.1949516211112,240.7853774736964,234.55548909019637,239.38050842285156,3241200,0.0,0.0
2022-01-19 00:00:00-05:00,238.66348602899555,242.61650617581486,237.113276832007,237.42332458496094,2487600,0.0,0.0
2022-01-20 00:00:00-05:00,237.93684104146436,240.23307504774647,234.95269778623612,235.56309509277344,2655400,0.0,0.0
2022-01-21 00:00:00-05:00,239.19637196129878,240.16524901586155,234.58450771989007,235.49525451660156,2788600,0.0,0.0
2022-01-24 00:00:00-05:00,235.00115199272716,236.1734850468069,225.43832461960315,232.93743896484375,3712800,0.0,0.0
2022-01-25 00:00:00-05:00,229.43977586217352,234.01287680095191,227.80237125358292,232.00730895996094,2525100,0.0,0.0
2022-01-26 00:00:00-05:00,232.17202415003743,234.88486820229568,228.56780015616144,230.4571075439453,2913200,0.0,0.0
2022-01-27 00:00:00-05:00,232.5111188150741,235.69873270502282,228.42245633197004,229.3525848388672,2178500,0.0,0.0
2022-01-28 00:00:00-05:00,230.0986606419159,237.58807755434955,227.73459781508362,237.47181701660156,3081100,0.0,0.0
2022-01-31 00:00:00-05:00,235.69873189885143,237.84964020379638,234.39074192447725,237.75274658203125,3237100,0.0,0.0
2022-02-01 00:00:00-05:00,239.36109594836756,241.09537949184602,235.68904337698538,240.5528106689453,2449400,0.0,0.0
2022-02-02 00:00:00-05:00,237.71399529025643,244.04076138135747,236.43507046023197,243.0234375,2586700,0.0,0.0
2022-02-03 00:00:00-05:00,239.79709303891056,240.3977921370919,233.59628523348138,237.19081115722656,3473600,0.0,0.0
2022-02-04 00:00:00-05:00,235.16586542238224,236.50292063382574,233.7125496826018,234.72987365722656,3569300,0.0,0.0
2022-02-07 00:00:00-05:00,234.86549719642412,236.43507333976004,232.82116596030178,235.9700164794922,3948300,0.0,0.0
2022-02-08 00:00:00-05:00,234.37138499268568,235.33057872744251,230.07926616206424,232.44332885742188,2615000,0.0,0.0
2022-02-09 00:00:00-05:00,233.7512932165944,236.85171188829113,233.55752074558634,235.69874572753906,1759900,0.0,0.0
2022-02-10 00:00:00-05:00,232.4336349281417,236.49323277137498,230.69935124086348,232.18173217773438,2283100,0.0,0.0
2022-02-11 00:00:00-05:00,231.78446302657332,233.14089982832337,227.54079140847713,228.40309143066406,2054300,0.0,0.0
2022-02-14 00:00:00-05:00,227.66367312057935,230.46569230958062,225.59134519157993,228.33499145507812,2572000,0.98,0.0
2022-02-15 00:00:00-05:00,230.24191885877903,238.16150105746584,230.24191885877903,237.2372283935547,3409600,0.0,0.0
2022-02-16 00:00:00-05:00,236.01133455075652,240.33110903214478,236.01133455075652,238.9300994873047,2459000,0.0,0.0
2022-02-17 00:00:00-05:00,238.93011597828254,238.93983985099064,233.900112505266,234.4449462890625,2059100,0.0,0.0
2022-02-18 00:00:00-05:00,231.5748114011356,235.865384522927,231.5748114011356,233.80279541015625,2517900,0.0,0.0
2022-02-22 00:00:00-05:00,232.7326206785018,234.33793564382296,231.0883805292508,232.65478515625,2936700,0.0,0.0
2022-02-23 00:00:00-05:00,234.0362986254341,236.10861158071506,231.5748081148474,231.85694885253906,2296300,0.0,0.0
2022-02-24 00:00:00-05:00,228.81169782532515,237.32476193929378,227.6636574478464,236.49778747558594,3272300,0.0,0.0
2022-02-25 00:00:00-05:00,237.237213248596,246.0518810845546,237.1301912725159,244.05740356445312,2442200,0.0,0.0
2022-02-28 00:00:00-05:00,239.47496364798602,243.28881520131395,237.96693193678752,243.18179321289062,3188800,0.0,0.0
2022-03-01 00:00:00-05:00,240.85648709778974,243.56120816226263,238.7938979007229,242.74395751953125,2873200,0.0,0.0
2022-03-02 00:00:00-05:00,243.1136485502885,249.53493690040017,242.3158457308021,247.2874755859375,2452000,0.0,0.0
2022-03-03 00:00:00-05:00,247.92964561584637,252.55100897615378,247.50155768042234,251.63648986816406,3153700,0.0,0.0
2022-03-04 00:00:00-05:00,249.27227539267076,256.3259581406901,248.60097184972162,255.75193786621094,3497100,0.0,0.0
2022-03-07 00:00:00-05:00,252.82340776183673,256.4913414143758,250.87756444610042,254.55523681640625,3074800,0.0,0.0
2022-03-08 00:00:00-05:00,252.8915252685547,258.1161099418754,251.89915584335182,252.8915252685547,3482600,0.0,0.0
2022-03-09 00:00:00-05:00,256.1702573735751,260.53869575172246,254.97358275203314,255.67408752441406,2965900,0.0,0.0
2022-03-10 00:00:00-05:00,255.72267568825595,260.4802759297567,255.72267568825595,258.8165588378906,2797200,0.0,0.0
2022-03-11 00:00:00-05:00,257.89234516555524,264.3622681063402,257.89234516555524,259.0890197753906,2469600,0.0,0.0
2022-03-14 00:00:00-04:00,261.7062036644349,263.5644877104705,260.08144102096,261.7159423828125,2713800,0.0,0.0
2022-03-15 00:00:00-04:00,262.5623782606441,268.9934062309397,262.5623782606441,268.0010070800781,4396900,0.0,0.0
2022-03-16 00:00:00-04:00,270.3263522321643,271.0657526762302,265.61741386218796,268.95452880859375,3148600,0.0,0.0
2022-03-17 00:00:00-04:00,269.50906521781286,278.1486151644783,268.9642314095741,277.7789001464844,3270100,0.0,0.0
2022-03-18 00:00:00-04:00,278.0998891862977,283.46069636817424,277.1464153891002,279.8511657714844,4557900,0.0,0.0
2022-03-21 00:00:00-04:00,279.967960541572,287.3329553149192,279.967960541572,281.79705810546875,3495700,0.0,0.0
2022-03-22 00:00:00-04:00,281.82626456273766,282.6921495059259,275.7163169831297,277.3021545410156,3791600,0.0,0.0
2022-03-23 00:00:00-04:00,276.7183810507762,280.3765461628751,275.67734778837706,276.4945983886719,3149200,0.0,0.0
2022-03-24 00:00:00-04:00,278.53772652180515,281.0284033829929,276.95185960110615,279.8998107910156,2412400,0.0,0.0
2022-03-25 00:00:00-04:00,280.6878780842664,283.75257514763763,278.8198555715314,281.19378662109375,2399800,0.0,0.0
2022-03-28 00:00:00-04:00,283.44127881631243,284.53097611098576,280.5030658361871,283.7623596191406,2195000,0.0,0.0
2022-03-29 00:00:00-04:00,284.1223216328405,285.2022801545946,279.7928082101057,280.5809020996094,2798100,0.0,0.0
2022-03-30 00:00:00-04:00,282.71154126365957,284.37525855261384,280.19167792004214,282.0402526855469,2220100,0.0,0.0
2022-03-31 00:00:00-04:00,281.53436587563124,283.89855863439135,278.177803607213,278.6156005859375,3227600,0.0,0.0
2022-04-01 00:00:00-04:00,278.4015268956023,285.20226948474834,276.3097512661609,284.7449951171875,3066200,0.0,0.0
2022-04-04 00:00:00-04:00,284.82278117938256,286.99240690504115,283.0715342817487,283.52880859375,3014100,0.0,0.0
2022-04-05 00:00:00-04:00,283.8206852889172,287.81937874197723,281.2716354928726,284.56982421875,2324200,0.0,0.0
2022-04-06 00:00:00-04:00,288.0723932024942,298.2588849644079,286.7881293852912,297.5583801269531,4672900,0.0,0.0
2022-04-07 00:00:00-04:00,296.74113260656316,305.49742832282243,296.74113260656316,300.0782470703125,4270800,0.0,0.0
2022-04-08 00:00:00-04:00,299.6599161615978,303.9213184212438,299.61128194779866,303.25,3024700,0.0,0.0
2022-04-11 00:00:00-04:00,304.6120433343236,305.2639139200045,299.7085097840717,300.5938720703125,2178100,0.0,0.0
2022-04-12 00:00:00-04:00,298.27828851092823,301.2262397460485,295.94328262915553,299.7376708984375,2688100,0.0,0.0
2022-04-13 00:00:00-04:00,298.95939824112105,299.95176775085577,292.2754304778011,294.4742431640625,2528700,0.0,0.0
2022-04-14 00:00:00-04:00,295.5249322438155,296.2254369745604,292.06133376713547,293.68609619140625,1898100,0.0,0.0
2022-04-18 00:00:00-04:00,292.91758979715377,293.8807729317115,288.7631944769531,290.728515625,1581400,0.0,0.0
2022-04-19 00:00:00-04:00,290.32958329251784,291.57492194620784,285.84439858076473,288.9674987792969,2021700,0.0,0.0
2022-04-20 00:00:00-04:00,288.97720613566963,290.9036018804378,284.38501430964084,284.9882507324219,2608600,0.0,0.0
2022-04-21 00:00:00-04:00,284.98818934764904,285.5038365740054,278.89769103199126,281.7677917480469,2716800,0.0,0.0
2022-04-22 00:00:00-04:00,281.46619229117516,281.77753431279183,270.86135334373614,271.18243408203125,2772600,0.0,0.0
2022-04-25 00:00:00-04:00,271.20190793172367,278.20695563640015,269.33388531340586,277.4772644042969,2410200,0.0,0.0
2022-04-26 00:00:00-04:00,278.43074158148374,282.3516150786165,275.1325522612612,275.17144775390625,2166600,0.0,0.0
2022-04-27 00:00:00-04:00,275.43407399921745,280.3278678039631,272.9920316091826,277.37017822265625,2352100,0.0,0.0
2022-04-28 00:00:00-04:00,287.9750290828601,292.37265332324785,280.7462293683857,289.2203674316406,5886900,0.0,0.0
2022-04-29 00:00:00-04:00,287.78050127066797,289.2593314800865,281.31057827904493,284.2196044921875,3910900,0.0,0.0
2022-05-02 00:00:00-04:00,283.3439693887172,284.91035891919324,276.5821523652212,281.71917724609375,2789900,0.0,0.0
2022-05-03 00:00:00-04:00,280.8143343914907,281.9623746237281,276.41671025459664,280.2695007324219,2109500,0.0,0.0
2022-05-04 00:00:00-04:00,280.68788883653724,288.93827490608,276.4264873680784,286.9145812988281,2743600,0.0,0.0
2022-05-05 00:00:00-04:00,285.4746187624431,287.0020828406628,280.49323610533054,284.4530334472656,3120200,0.0,0.0
2022-05-06 00:00:00-04:00,282.3126991599489,290.17389333176,280.70735462241004,288.8604431152344,2931200,0.0,0.0
2022-05-09 00:00:00-04:00,285.5622666612868,286.943798891715,278.8880081496657,281.3981628417969,3460500,0.0,0.0
2022-05-10 00:00:00-04:00,284.0931088384756,285.48437960860895,277.2826575991971,277.9637145996094,3140800,0.0,0.0
2022-05-11 00:00:00-04:00,275.9886675081552,286.52539476774,275.33679700940723,278.9268798828125,2625200,0.0,0.0
2022-05-12 00:00:00-04:00,275.6578517574236,284.0833560063345,275.6578517574236,283.89849853515625,2370000,0.0,0.0
2022-05-13 00:00:00-04:00,285.66553146715563,285.83146885416267,279.6911897094542,284.6893310546875,2337700,0.98,0.0
2022-05-16 00:00:00-04:00,285.157797452876,302.0753619011196,284.6599556589891,292.2547912597656,5118300,0.0,0.0
2022-05-17 00:00:00-04:00,292.86007123130935,296.17914608034414,286.40740196165433,294.22674560546875,2553000,0.0,0.0
2022-05-18 00:00:00-04:00,292.8601025599036,295.39822940701015,287.03218532731074,288.1645812988281,2161400,0.0,0.0
2022-05-19 00:00:00-04:00,286.59286992839793,286.59286992839793,277.6020735394992,279.45684814453125,3157400,0.0,0.0
2022-05-20 00:00:00-04:00,283.81065645575814,292.11809877524627,282.0437367162203,291.7373962402344,3129100,0.0,0.0
2022-05-23 00:00:00-04:00,293.44579291389505,297.66298502603576,292.22554263547005,295.398193359375,2873600,0.0,0.0
2022-05-24 00:00:00-04:00,296.48174178215305,300.34751585933674,292.66479558765076,298.6781921386719,2804900,0.0,0.0
2022-05-25 00:00:00-04:00,299.6934450180634,303.03206262772386,297.38962697180307,299.7032165527344,3195700,0.0,0.0
2022-05-26 00:00:00-04:00,297.96564597991426,306.4390579369578,296.3841763753786,305.999755859375,3284200,0.0,0.0
2022-05-27 00:00:00-04:00,305.2089557026025,316.36691571017127,303.8520530532993,315.7812194824219,3694300,0.0,0.0
2022-05-31 00:00:00-04:00,309.0942751234841,310.8807083872852,301.67514762048694,305.9801940917969,6298900,0.0,0.0
2022-06-01 00:00:00-04:00,305.98027066684693,306.4293145311685,298.31709119523777,303.6764221191406,2731500,0.0,0.0
2022-06-02 00:00:00-04:00,303.17849188142696,303.2761178560149,291.07361581414335,295.2322082519531,3703300,0.0,0.0
2022-06-03 00:00:00-04:00,294.96866633036416,298.5317912268144,293.5434223300374,294.4707946777344,2490000,0.0,0.0
2022-06-06 00:00:00-04:00,307.62997099968936,307.62997099968936,295.8765123568423,296.14007568359375,3734400,0.0,0.0
2022-06-07 00:00:00-04:00,296.7551192277969,304.7209172390457,295.8082037465374,304.672119140625,3652800,0.0,0.0
2022-06-08 00:00:00-04:00,304.994221868713,307.9911636378504,303.4127823085538,306.02899169921875,2684500,0.0,0.0
2022-06-09 00:00:00-04:00,304.1840239453597,304.49641519589295,295.8960630174938,296.0327453613281,1963300,0.0,0.0
2022-06-10 00:00:00-04:00,292.10841946763225,294.48057898966897,289.804571323588,289.9412536621094,2469800,0.0,0.0
2022-06-13 00:00:00-04:00,283.51781908031506,286.1828563713262,281.64353136524886,284.34759521484375,2898800,0.0,0.0
2022-06-14 00:00:00-04:00,282.2878231479665,285.05045658825054,280.4525620170287,283.8692626953125,2422600,0.0,0.0
2022-06-15 00:00:00-04:00,284.6600038584058,289.28718359147825,281.6630618883593,286.01690673828125,1970100,0.0,0.0
2022-06-16 00:00:00-04:00,283.2932696368998,283.2932696368998,276.371984987655,281.2139587402344,2628600,0.0,0.0
2022-06-17 00:00:00-04:00,283.10779045097826,293.8264481008121,282.78562774634526,283.9765930175781,6900000,0.0,0.0
2022-06-21 00:00:00-04:00,285.4213919934549,292.1571667721381,283.40065062247106,290.2633361816406,2821300,0.0,0.0
2022-06-22 00:00:00-04:00,289.89242959986706,302.28041365570573,289.37504463813366,299.390869140625,4535700,0.0,0.0
2022-06-23 00:00:00-04:00,302.13394754610744,305.73612849627494,299.878927574541,305.2773132324219,3729300,0.0,0.0
2022-06-24 00:00:00-04:00,311.9447879535197,318.0655827833021,311.4176612513637,317.8703308105469,5449900,0.0,0.0
2022-06-27 00:00:00-04:00,316.5134514753696,322.9758930516969,314.33651396127726,319.4810791015625,3218900,0.0,0.0
2022-06-28 00:00:00-04:00,318.74890656503015,321.2382351683506,309.2212120345674,310.06072998046875,2742900,0.0,0.0
2022-06-29 00:00:00-04:00,310.58787743512534,316.972235459373,310.0900057707005,315.31268310546875,2562500,0.0,0.0
2022-06-30 00:00:00-04:00,314.46340118666325,319.266289884569,312.3938613581942,316.513427734375,2732900,0.0,0.0
2022-07-01 00:00:00-04:00,316.1717310393988,317.65554464433995,310.1973904781346,316.9819641113281,1817800,0.0,0.0
2022-07-05 00:00:00-04:00,314.765978780727,319.6372079965087,311.33950672068033,319.3931579589844,2107700,0.0,0.0
2022-07-06 00:00:00-04:00,320.1936863783819,324.8208660934492,318.973436049196,322.2925109863281,2252500,0.0,0.0
2022-07-07 00:00:00-04:00,319.4615148880551,322.63416553247424,318.47554315458433,320.1448669433594,2395000,0.0,0.0
2022-07-08 00:00:00-04:00,318.77814077776713,326.55845701144295,318.39743821823436,322.6048583984375,1898200,0.0,0.0
2022-07-11 00:00:00-04:00,322.74156971888755,324.7623115075469,321.58966050467114,323.1906433105469,1342600,0.0,0.0
2022-07-12 00:00:00-04:00,322.146088654419,324.0887176558262,315.664104570776,315.8886413574219,2058200,0.0,0.0
2022-07-13 00:00:00-04:00,314.3462197507353,316.95265746743104,313.19428093268215,314.7854919433594,2564200,0.0,0.0
2022-07-14 00:00:00-04:00,309.9825996702266,319.95936625640707,308.00091458488146,319.1100769042969,2615700,0.0,0.0
2022-07-15 00:00:00-04:00,324.06913603397186,327.34915394511967,320.35958771189826,323.70794677734375,3340300,0.0,0.0
2022-07-18 00:00:00-04:00,322.2632163863087,324.06919277692873,312.10096837841775,314.1119384765625,2116300,0.0,0.0
2022-07-19 00:00:00-04:00,316.3767861237653,319.5884938022612,314.1803352094449,318.43658447265625,1628100,0.0,0.0
2022-07-20 00:00:00-04:00,319.3053238647414,320.01796074457286,312.6866876170294,314.3657531738281,2051000,0.0,0.0
2022-07-21 00:00:00-04:00,313.79955763942917,320.2424549505182,312.1009490797423,319.1393737792969,1692100,0.0,0.0
2022-07-22 00:00:00-04:00,319.168693696376,321.38465760874317,318.0753243573095,320.92584228515625,1850800,0.0,0.0
2022-07-25 00:00:00-04:00,320.925861174699,324.3620756402142,320.25228055805735,323.6592102050781,1741700,0.0,0.0
2022-07-26 00:00:00-04:00,323.1124735673506,324.6548864657485,320.7891124764506,323.6689147949219,1812300,0.0,0.0
2022-07-27 00:00:00-04:00,321.15035395715097,322.9953568519442,317.45054684104974,321.1112976074219,1643000,0.0,0.0
2022-07-28 00:00:00-04:00,322.3803322452321,325.65060874902093,314.08263086103665,322.927001953125,2350900,0.0,0.0
2022-07-29 00:00:00-04:00,323.1808649697862,323.1808649697862,319.04178528177215,321.8434753417969,3399900,0.0,0.0
2022-08-01 00:00:00-04:00,319.71538187543973,322.5658701761132,315.7617526361818,316.4353332519531,2464300,0.0,0.0
2022-08-02 00:00:00-04:00,319.4029762172908,321.1503830831373,311.75931124077243,312.579345703125,3405700,0.0,0.0
2022-08-03 00:00:00-04:00,312.99904904796676,313.3407250480074,302.83680223012146,306.3608703613281,5152200,0.0,0.0
2022-08-04 00:00:00-04:00,302.8173145315331,302.86611262511946,295.046739475066,298.51226806640625,4696300,0.0,0.0
2022-08-05 00:00:00-04:00,295.2810775639419,298.0534828418824,293.16270980410144,294.148681640625,2814300,0.0,0.0
2022-08-08 00:00:00-04:00,293.4945912551135,298.8344076696383,289.47265110064825,295.3005676269531,3218900,0.0,0.0
2022-08-09 00:00:00-04:00,297.8289080174279,299.4006057916998,294.1291010101189,295.80816650390625,2122900,0.0,0.0
2022-08-10 00:00:00-04:00,297.2528923123471,299.8203030125494,295.38834678561744,297.3602600097656,2351000,0.0,0.0
2022-08-11 00:00:00-04:00,293.8655759585809,298.1511095876579,292.49890149292236,294.00225830078125,2198800,0.0,0.0
2022-08-12 00:00:00-04:00,296.67597228584344,302.1311360633069,295.0893399769262,301.7295837402344,2305100,0.98,0.0
2022-08-15 00:00:00-04:00,302.8362688959587,308.1249531198314,300.9754394323674,307.4687805175781,2795800,0.0,0.0
2022-08-16 00:00:00-04:00,307.45901208456445,307.88994483742596,303.2476591407658,303.91363525390625,2248000,0.0,0.0
2022-08-17 00:00:00-04:00,303.619834801542,313.99154164123456,303.619834801542,310.2894592285156,2747200,0.0,0.0
2022-08-18 00:00:00-04:00,310.22090874201615,312.385346176922,307.7234832316268,310.1915283203125,2261600,0.0,0.0
2022-08-19 00:00:00-04:00,310.9652044851172,319.03534454173854,310.95540104989095,316.11676025390625,3393100,0.0,0.0
2022-08-22 00:00:00-04:00,315.63689778409895,319.0549494629104,313.7858715640878,316.44000244140625,2488000,0.0,0.0
2022-08-23 00:00:00-04:00,314.6183103185765,315.20594857099707,307.4002319929797,308.6048889160156,2962000,0.0,0.0
2022-08-24 00:00:00-04:00,309.9466872479731,314.24618177567754,308.7224531734462,312.2972106933594,1827000,0.0,0.0
2022-08-25 00:00:00-04:00,313.99153521107667,316.70442693397894,309.3198392438582,316.47918701171875,1977900,0.0,0.0
2022-08-26 00:00:00-04:00,316.91989787823235,317.89928507024956,308.7713892674029,309.055419921875,1858000,0.0,0.0
2022-08-29 00:00:00-04:00,306.881174981309,308.3796361691501,303.2966143207133,303.7569274902344,1697000,0.0,0.0
2022-08-30 00:00:00-04:00,303.7471659216652,305.53943137838314,299.70229193202874,300.7110595703125,1980300,0.0,0.0
2022-08-31 00:00:00-04:00,300.8089326152449,302.45429557513677,294.903200408688,295.020751953125,3183500,0.0,0.0
2022-09-01 00:00:00-04:00,294.79548306680675,303.0321312135348,294.3057895733403,302.7579040527344,2939200,0.0,0.0
2022-09-02 00:00:00-04:00,303.71776266867465,303.82551080711517,293.5811286448696,295.1187438964844,2525400,0.0,0.0
2022-09-06 00:00:00-04:00,296.7053815650281,306.3817025611345,296.0002215442059,300.49560546875,2322200,0.0,0.0
2022-09-07 00:00:00-04:00,302.4053199440184,305.9604996151122,298.59551997146474,305.177001953125,2228100,0.0,0.0
2022-09-08 00:00:00-04:00,305.51983067035536,309.22191286876375,301.249687192445,308.99664306640625,2212500,0.0,0.0
2022-09-09 00:00:00-04:00,309.92707222805615,313.570393582277,308.7224152866887,311.15130615234375,2177000,0.0,0.0
2022-09-12 00:00:00-04:00,312.3167760250412,313.84461755574597,308.38942407201864,308.722412109375,2077400,0.0,0.0
2022-09-13 00:00:00-04:00,303.6198332518348,305.8724118402177,298.7032904145522,300.16259765625,2272400,0.0,0.0
2022-09-14 00:00:00-04:00,300.8774739875766,305.3826601965206,299.5944793997615,303.2279968261719,2002900,0.0,0.0
2022-09-15 00:00:00-04:00,303.3259857343893,305.84301788211167,299.4476209907528,303.0909423828125,2348100,0.0,0.0
2022-09-16 00:00:00-04:00,301.6218693496114,305.5296146118405,300.4172123650145,302.5229187011719,4380200,0.0,0.0
2022-09-19 00:00:00-04:00,300.16254026291034,300.2016942234038,291.51453626512057,298.8011779785156,2515300,0.0,0.0
2022-09-20 00:00:00-04:00,297.55738289222563,297.55738289222563,292.7779692709186,295.5104675292969,1816800,0.0,0.0
2022-09-21 00:00:00-04:00,294.79553254293825,298.2527679915055,290.2120078480745,290.36871337890625,2241200,0.0,0.0
2022-09-22 00:00:00-04:00,294.5996312617309,306.1661906605242,293.776949674476,304.4620666503906,5918300,0.0,0.0
2022-09-23 00:00:00-04:00,305.4414693150783,308.68323842898843,298.8306059740824,305.0399169921875,4572600,0.0,0.0
2022-09-26 00:00:00-04:00,302.43475144652086,305.3043786202444,298.5955704103398,301.16156005859375,3760000,0.0,0.0
2022-09-27 00:00:00-04:00,302.77746986745234,307.47854516448587,301.96459184922185,304.6872863769531,3019600,0.0,0.0
2022-09-28 00:00:00-04:00,326.65500271795185,334.6566090748309,321.3369375401341,327.48748779296875,9436300,0.0,0.0
2022-09-29 00:00:00-04:00,327.08594552317965,327.7813020688238,320.5240393048261,323.20758056640625,3743100,0.0,0.0
2022-09-30 00:00:00-04:00,320.4064733565586,322.7178423793443,315.77399165302194,316.684814453125,4474100,0.0,0.0
2022-10-03 00:00:00-04:00,319.2703865700813,322.561142720756,310.51466363100235,314.9219055175781,3340500,0.0,0.0
2022-10-04 00:00:00-04:00,315.5389307458868,323.2956897790129,315.1471818810571,323.09002685546875,2622500,0.0,0.0
2022-10-05 00:00:00-04:00,321.53273208702836,326.9683477339242,320.7688114417129,324.9410095214844,2186100,0.0,0.0
2022-10-06 00:00:00-04:00,321.1802357380357,332.2669058419627,320.13228427717235,326.08697509765625,4299200,0.0,0.0
2022-10-07 00:00:00-04:00,326.106535657674,326.20448034891507,318.2028743020413,319.9266052246094,2601600,0.0,0.0
2022-10-10 00:00:00-04:00,319.5054154407043,320.26933606612135,313.63886728633656,317.2136535644531,1956200,0.0,0.0
2022-10-11 00:00:00-04:00,313.4038808558746,322.24774542323536,312.8456230198545,320.84722900390625,2598900,0.0,0.0
2022-10-12 00:00:00-04:00,320.6317752529735,326.77252202518355,317.2039201712708,317.87969970703125,1764700,0.0,0.0
2022-10-13 00:00:00-04:00,312.5420298204133,326.4982970336457,312.522452836825,325.2544860839844,2657400,0.0,0.0
2022-10-14 00:00:00-04:00,324.7255916219146,328.37871634507303,321.4642456581848,324.5591125488281,2231400,0.0,0.0
2022-10-17 00:00:00-04:00,325.9302288049976,330.6214713132964,324.91165789150284,325.9008483886719,2230000,0.0,0.0
2022-10-18 00:00:00-04:00,327.25247586431254,328.41791921503335,323.5601667376835,328.1241149902344,2087100,0.0,0.0
2022-10-19 00:00:00-04:00,328.33955007680595,328.7117219850823,319.25083829781227,322.5024108886719,2419000,0.0,0.0
2022-10-20 00:00:00-04:00,324.3240690356075,324.6080996956641,319.1822861764202,322.2869567871094,1761200,0.0,0.0
2022-10-21 00:00:00-04:00,322.2869460013376,335.37154435956904,320.03433755767907,333.7457580566406,3274700,0.0,0.0
2022-10-24 00:00:00-04:00,337.12462247800374,344.51898298986185,337.12462247800374,340.728759765625,3375900,0.0,0.0
2022-10-25 00:00:00-04:00,339.37720884386465,345.06744553248296,335.9787343941827,344.0684814453125,2513100,0.0,0.0
2022-10-26 00:00:00-04:00,345.2339588700872,354.0288659438657,343.2164237994034,350.48345947265625,2373500,0.0,0.0
2022-10-27 00:00:00-04:00,351.59015857312096,353.6762578373947,347.99582472414636,348.9849853515625,2347600,0.0,0.0
2022-10-28 00:00:00-04:00,352.89277053193604,354.5381337029474,349.68038200773753,352.4814147949219,2942100,0.0,0.0
2022-10-31 00:00:00-04:00,351.2572178531279,356.41860759265427,343.23603419012466,354.6263122558594,4258200,0.0,0.0
2022-11-01 00:00:00-04:00,338.7013935988393,351.59013012600235,333.7261207818587,345.312255859375,7013000,0.0,0.0
2022-11-02 00:00:00-04:00,346.85975175813445,355.66443254862367,342.9911606145687,347.64324951171875,3774400,0.0,0.0
2022-11-03 00:00:00-04:00,346.7618062665345,355.35102067168697,344.2643810302901,354.2247314453125,2602500,0.0,0.0
2022-11-04 00:00:00-04:00,357.672189181924,358.33816525214513,346.056642364135,350.0427551269531,3004600,0.0,0.0
2022-11-07 00:00:00-05:00,350.62061669798925,359.435101475313,350.13092309924906,357.5448913574219,2560300,0.0,0.0
2022-11-08 00:00:00-05:00,357.62319719856725,361.14899677187515,354.46956950918104,359.1020812988281,3278600,0.0,0.0
2022-11-09 00:00:00-05:00,360.84542746852276,362.17737973289053,354.45003015750723,355.781982421875,2323700,0.0,0.0
2022-11-10 00:00:00-05:00,359.67015556844484,361.39388665176267,355.51756329157143,361.1196594238281,2994000,0.0,0.0
2022-11-11 00:00:00-05:00,358.61243929137663,360.2479992624178,337.4184848404188,345.0381164550781,6646300,0.0,0.0
2022-11-14 00:00:00-05:00,352.64954775311105,354.34859478428103,334.0383769551797,349.693359375,4717400,0.98,0.0
2022-11-15 00:00:00-05:00,350.5576617157247,350.60675569145616,340.16682284487865,343.6926574707031,4180700,0.0,0.0
2022-11-16 00:00:00-05:00,343.74169138965533,350.4986757187612,343.702398232794,346.6192932128906,3563800,0.0,0.0
2022-11-17 00:00:00-05:00,346.59970987434036,355.82179409328637,346.4032740345824,354.31915283203125,2929700,0.0,0.0
2022-11-18 00:00:00-05:00,356.0672730919204,358.14939079174786,352.9245099076108,355.2030334472656,2420900,0.0,0.0
2022-11-21 00:00:00-05:00,353.9459842877003,357.2557214899401,349.0157262841176,354.7120361328125,1999200,0.0,0.0
2022-11-22 00:00:00-05:00,355.52715377753964,356.3128371562439,350.91118150492775,354.42718505859375,2460400,0.0,0.0
2022-11-23 00:00:00-05:00,354.8789871331048,355.9887867465773,352.2174522007299,355.252197265625,1993000,0.0,0.0
2022-11-25 00:00:00-05:00,356.41100830714805,359.2886100196618,355.08514155413826,358.718994140625,1039100,0.0,0.0
2022-11-28 00:00:00-05:00,356.951242516251,362.9028825920073,354.5450384383663,359.229736328125,2481300,0.0,0.0
2022-11-29 00:00:00-05:00,358.10026375917505,359.56361163661876,354.19144889794484,357.4422607421875,2207000,0.0,0.0
2022-11-30 00:00:00-05:00,358.54224743752775,365.69207369360106,355.33069861572125,364.44476318359375,5556400,0.0,0.0
2022-12-01 00:00:00-05:00,368.08849502411766,368.4813367435311,361.9011255487234,363.7082214355469,2516100,0.0,0.0
2022-12-02 00:00:00-05:00,359.5342030979161,368.3340131881704,358.473527491878,368.05902099609375,1925600,0.0,0.0
2022-12-05 00:00:00-05:00,367.0768411146255,368.5401889694936,361.69481770501517,362.686767578125,2296500,0.0,0.0
2022-12-06 00:00:00-05:00,360.43778422878694,364.01271287849573,358.98423687034995,361.95025634765625,1971000,0.0,0.0
2022-12-07 00:00:00-05:00,362.71623800121665,368.5303663658311,362.16625369569624,365.31884765625,1629100,0.0,0.0
2022-12-08 00:00:00-05:00,366.585836841935,366.585836841935,359.9467011934434,365.1421203613281,2090900,0.0,0.0
2022-12-09 00:00:00-05:00,366.330479029362,367.3125982760895,354.3584430140015,354.53521728515625,2787200,0.0,0.0
2022-12-12 00:00:00-05:00,356.44049613280737,361.2528739763516,356.0181920913063,360.6832580566406,2639200,0.0,0.0
2022-12-13 00:00:00-05:00,355.1637517535097,366.07508108489674,351.9129397762622,352.2468566894531,5032600,0.0,0.0
2022-12-14 00:00:00-05:00,352.59056971491697,362.8242334311744,350.6754255787491,357.0002746582031,5095500,0.0,0.0
2022-12-15 00:00:00-05:00,354.211125411953,357.46193766847017,350.31211086641576,353.57275390625,3437100,0.0,0.0
2022-12-16 00:00:00-05:00,351.52989764654575,354.03431944423323,348.81926919286553,353.4352111816406,6612200,0.0,0.0
2022-12-19 00:00:00-05:00,351.4120612534651,353.2682808894128,348.2692678899986,351.3825988769531,2658400,0.0,0.0
2022-12-20 00:00:00-05:00,352.0896899314398,354.98695320415277,349.9683091235099,353.2093200683594,2276000,0.0,0.0
2022-12-21 00:00:00-05:00,356.14591160979455,364.0519596542774,354.75128907467905,361.4297180175781,2211200,0.0,0.0
2022-12-22 00:00:00-05:00,360.7520232380619,363.14839642735615,355.81196497732395,358.7779541015625,1958100,0.0,0.0
2022-12-23 00:00:00-05:00,358.29668073736764,361.32159423828125,355.98869496438914,361.32159423828125,1030300,0.0,0.0
2022-12-27 00:00:00-05:00,362.89306858392354,363.1189668048616,357.8154987939083,358.3556823730469,1372100,0.0,0.0
2022-12-28 00:00:00-05:00,359.62256982651974,361.42966540299625,357.43243340836386,358.6895446777344,996000,0.0,0.0
2022-12-29 00:00:00-05:00,361.5181030384855,364.3171489040303,359.90741307698704,360.4573974609375,1077900,0.0,0.0
2022-12-30 00:00:00-05:00,360.91895249767515,361.3707488810028,355.63514673877904,359.2984619140625,1388000,0.0,0.0
2023-01-03 00:00:00-05:00,359.7109946719345,362.4019917404627,354.996804438512,358.46368408203125,2006700,0.0,0.0
2023-01-04 00:00:00-05:00,358.1198935567369,360.55552954240295,353.89676379093277,356.607421875,1886200,0.0,0.0
2023-01-05 00:00:00-05:00,354.4958978211187,355.0262205503976,346.64874590455804,352.502197265625,2008500,0.0,0.0
2023-01-06 00:00:00-05:00,353.5629150298945,360.1431257150441,351.18617335789105,356.4503479003906,2131300,0.0,0.0
2023-01-09 00:00:00-05:00,357.49134768222814,358.44400439553186,342.55332476049443,343.57470703125,2980600,0.0,0.0
2023-01-10 00:00:00-05:00,342.759618725361,346.894332381463,337.20082016602356,346.44256591796875,2465200,0.0,0.0
2023-01-11 00:00:00-05:00,348.00410557435265,355.2914430551773,344.72383111986835,353.965576171875,2602800,0.0,0.0
2023-01-12 00:00:00-05:00,352.8262886776657,354.0539375596339,346.76660060863605,352.6986083984375,2019700,0.0,0.0
2023-01-13 00:00:00-05:00,353.1406286920726,356.81374512494153,352.22726497564815,355.1539611816406,1690900,0.0,0.0
2023-01-17 00:00:00-05:00,355.15391930244743,355.5271293718773,350.1745680597019,351.3432922363281,2435200,0.0,0.0
2023-01-18 00:00:00-05:00,349.9487520478964,352.5808245476418,345.293486239828,345.7158203125,2302300,0.0,0.0
2023-01-19 00:00:00-05:00,346.0693408532854,349.4380025466411,344.1542263790221,344.8023986816406,2658300,0.0,0.0
2023-01-20 00:00:00-05:00,340.7953215611046,342.82831525473847,335.47222294735747,339.8819580078125,5391900,0.0,0.0
2023-01-23 00:00:00-05:00,340.4122909984899,340.4122909984899,334.136565458663,336.0909729003906,3403100,0.0,0.0
2023-01-24 00:00:00-05:00,339.81321769915496,340.4319575442263,335.25617056662094,340.1962585449219,2242500,0.0,0.0
2023-01-25 00:00:00-05:00,339.3712814188134,343.5256564717968,338.92934575694267,343.4765625,2503300,0.0,0.0
2023-01-26 00:00:00-05:00,344.7238191264647,345.8827125217256,340.5301811765473,341.78729248046875,2576200,0.0,0.0
2023-01-27 00:00:00-05:00,339.92124864869163,341.86585537862214,335.4231560760159,335.98297119140625,2363600,0.0,0.0
2023-01-30 00:00:00-05:00,338.17306309716884,341.5810176393731,333.3901477825832,334.41156005859375,2647700,0.0,0.0
2023-01-31 00:00:00-05:00,334.58835264406787,338.2418371662819,333.3116097080048,337.9963073730469,2406700,0.0,0.0
2023-02-01 00:00:00-05:00,336.66061696288716,339.75428615447555,331.484830088794,336.4445495605469,2990900,0.0,0.0
2023-02-02 00:00:00-05:00,328.0277544766342,329.3044972208694,311.3317310451887,324.7867736816406,13036600,0.0,0.0
2023-02-03 00:00:00-05:00,326.9965722405027,336.20882438851646,323.480569014729,333.0169372558594,5670700,0.0,0.0
2023-02-06 00:00:00-05:00,335.8651685696303,337.27942275755396,328.636754945587,331.6224060058594,3055700,0.0,0.0
2023-02-07 00:00:00-05:00,330.04113431521574,334.86334302522704,326.7412282982711,333.6062316894531,2464100,0.0,0.0
2023-02-08 00:00:00-05:00,332.5062395408135,336.73917045696544,331.7794809990387,334.637451171875,2399400,0.0,0.0
2023-02-09 00:00:00-05:00,334.79459611426824,341.1390771408979,334.4115552767801,335.6784973144531,3072800,0.0,0.0
2023-02-10 00:00:00-05:00,337.1320177351044,342.19975596391345,336.6016949928976,338.9489440917969,1980000,0.0,0.0
2023-02-13 00:00:00-05:00,340.2748308478184,344.5372244592502,339.81323363793143,344.1345520019531,2291600,0.0,0.0
2023-02-14 00:00:00-05:00,345.3859019224527,348.61767378608243,342.17382516736217,342.44970703125,2028900,1.13,0.0
2023-02-15 00:00:00-05:00,340.76487171584665,341.7698635309731,329.4339595991086,330.0842590332031,3600700,0.0,0.0
2023-02-16 00:00:00-05:00,326.1331702397324,328.044648023686,320.93080546404053,321.2756652832031,3654200,0.0,0.0
2023-02-17 00:00:00-05:00,318.3986037636908,326.7145098254644,315.7875736768599,323.5714111328125,3695600,0.0,0.0
2023-02-21 00:00:00-05:00,322.3398270932546,326.84264047606547,321.53187653835556,322.6945495605469,2515600,0.0,0.0
2023-02-22 00:00:00-05:00,323.87684496224523,327.7096632639214,321.5318341853355,324.2315673828125,2379800,0.0,0.0
2023-02-23 00:00:00-05:00,323.18716150504355,327.9362684721492,320.90126607666645,322.704345703125,2229500,0.0,0.0
2023-02-24 00:00:00-05:00,321.20673751126714,322.4186633272839,315.383630164685,316.9108581542969,2594600,0.0,0.0
2023-02-27 00:00:00-05:00,317.85671510034365,318.64494041709037,311.2552153143338,311.9646301269531,3043500,0.0,0.0
2023-02-28 00:00:00-05:00,310.85118721869526,310.85118721869526,305.08722667358217,306.64398193359375,3966900,0.0,0.0
2023-03-01 00:00:00-05:00,305.4419288406303,312.25033157240614,304.65370363245825,309.5506286621094,3580800,0.0,0.0
2023-03-02 00:00:00-05:00,307.2056474954618,311.6493148905564,305.9641641082747,310.4176940917969,2885200,0.0,0.0
2023-03-03 00:00:00-05:00,311.7183075907355,315.45259044818494,310.6049175250654,313.7480163574219,3002800,0.0,0.0
2023-03-06 00:00:00-05:00,312.27991428188597,315.5313811121422,311.84638136200294,314.27020263671875,2673700,0.0,0.0
2023-03-07 00:00:00-05:00,314.30964205336545,315.63979858993554,305.0478592417422,306.0627136230469,2620800,0.0,0.0
2023-03-08 00:00:00-05:00,305.93462741244747,308.42742687749785,304.7719845151381,307.94464111328125,2313200,0.0,0.0
2023-03-09 00:00:00-05:00,307.717998393139,314.0830064163627,307.717998393139,312.1912536621094,3920300,0.0,0.0
2023-03-10 00:00:00-05:00,314.16179446771935,321.7288643574376,309.7180976387606,310.3880920410156,4597300,0.0,0.0
2023-03-13 00:00:00-04:00,312.57550182508754,326.9214187446006,312.57550182508754,319.7189025878906,5275600,0.0,0.0
2023-03-14 00:00:00-04:00,319.2853106944137,322.46782913343617,316.71370132773194,322.26092529296875,4214300,0.0,0.0
2023-03-15 00:00:00-04:00,321.2067211846382,326.48789701400347,319.7287761485125,324.6257019042969,4743500,0.0,0.0
2023-03-16 00:00:00-04:00,322.8225890171999,326.82289076506515,320.2608118707239,324.6847839355469,3498200,0.0,0.0
2023-03-17 00:00:00-04:00,326.6258306857509,330.02511606432574,323.2758281796704,324.3399353027344,8679800,0.0,0.0
2023-03-20 00:00:00-04:00,324.33995227266814,329.02997406788955,324.1724686764778,328.6949768066406,3540900,0.0,0.0
2023-03-21 00:00:00-04:00,329.4733652297186,329.52261803527006,323.25611562931977,326.2120056152344,3240400,0.0,0.0
2023-03-22 00:00:00-04:00,326.8918324066768,330.66553511067974,325.7883050586114,326.1036071777344,2472200,0.0,0.0
2023-03-23 00:00:00-04:00,326.0248457322526,330.4093980897988,325.35482111109593,327.7491149902344,2703400,0.0,0.0
2023-03-24 00:00:00-04:00,328.0939589123441,331.9760305572467,323.9360053770414,331.18780517578125,2791900,0.0,0.0
2023-03-27 00:00:00-04:00,322.98020212996505,331.2764124414317,318.5069773723632,329.68023681640625,3102300,0.0,0.0
2023-03-28 00:00:00-04:00,330.86258954519565,333.84803707015215,329.7984824369067,332.6853942871094,2433200,0.0,0.0
2023-03-29 00:00:00-04:00,334.015562901993,334.77423049441177,329.660538497571,330.93157958984375,2743800,0.0,0.0
2023-03-30 00:00:00-04:00,331.1286893944391,336.29163479549754,331.1286893944391,335.6807556152344,2146900,0.0,0.0
2023-03-31 00:00:00-04:00,336.9714405350236,338.59717392734035,335.68070438175835,338.3705749511719,2933600,0.0,0.0
2023-04-03 00:00:00-04:00,338.19322170180243,346.3712021600558,337.2670404201585,345.58294677734375,3039600,0.0,0.0
2023-04-04 00:00:00-04:00,346.89341972500097,353.72151870520514,346.1051643160912,349.4059143066406,3585900,0.0,0.0
2023-04-05 00:00:00-04:00,352.81504137176563,359.48551950674954,352.66725287540135,356.91387939453125,3442700,0.0,0.0
2023-04-06 00:00:00-04:00,359.4854855956506,364.06710896396766,358.89430159709127,362.8749084472656,3531700,0.0,0.0
2023-04-10 00:00:00-04:00,362.7665247026963,362.9340383687262,357.70211539944324,361.6038818359375,1868000,0.0,0.0
2023-04-11 00:00:00-04:00,362.3527132652937,363.3774001533119,358.2440129178708,358.6874084472656,2027000,0.0,0.0
2023-04-12 00:00:00-04:00,358.6676772930739,366.9638883530345,357.98782019606034,363.62371826171875,2672600,0.0,0.0
2023-04-13 00:00:00-04:00,367.1412338748421,370.03800843894857,364.86520101288244,369.634033203125,2839900,0.0,0.0
2023-04-14 00:00:00-04:00,368.73742952869156,370.77700092607205,367.03288547186264,369.2202453613281,2287900,0.0,0.0
2023-04-17 00:00:00-04:00,369.48624373164364,370.3730047028261,365.7027082040957,366.8752136230469,2059700,0.0,0.0
2023-04-18 00:00:00-04:00,367.515632225196,368.7571155646694,364.2247451856525,364.4710693359375,1925300,0.0,0.0
2023-04-19 00:00:00-04:00,365.10163764495843,365.8209149769985,361.94870661340764,365.0228271484375,2173000,0.0,0.0
2023-04-20 00:00:00-04:00,365.92934398186617,370.5306625831152,364.3233056019182,369.2990417480469,2766500,0.0,0.0
2023-04-21 00:00:00-04:00,372.45200783743604,380.59053797196367,372.4421452485926,379.57568359375,3682500,0.0,0.0
2023-04-24 00:00:00-04:00,379.57560412438346,381.35898833729686,376.0186982853353,377.7134094238281,2059700,0.0,0.0
2023-04-25 00:00:00-04:00,379.3884529439686,384.73863646322155,378.35390351658714,379.1815490722656,2648600,0.0,0.0
2023-04-26 00:00:00-04:00,375.5162125437005,375.8906300399486,365.22971425977175,370.7375183105469,3161200,0.0,0.0
2023-04-27 00:00:00-04:00,385.5072193616452,392.670315971312,375.1714359179095,384.610595703125,4981300,0.0,0.0
2023-04-28 00:00:00-04:00,392.14806954301497,398.3652890440795,386.73880051733613,390.0395202636719,5349000,0.0,0.0
2023-05-01 00:00:00-04:00,391.4189269951352,401.3605658283318,386.4924441202787,399.84320068359375,4091100,0.0,0.0
2023-05-02 00:00:00-04:00,401.0157461487225,405.48900146607735,393.38955951721954,398.2569274902344,3884600,0.0,0.0
2023-05-03 00:00:00-04:00,408.92761083552017,427.81575823147966,408.2181961429756,424.8500061035156,10129800,0.0,0.0
2023-05-04 00:00:00-04:00,425.10625549490925,426.33787631849066,418.96784648538704,422.1405029296875,4070700,0.0,0.0
2023-05-05 00:00:00-04:00,421.8054893123168,424.9288627611993,418.31753085594744,421.5197448730469,2752900,0.0,0.0
2023-05-08 00:00:00-04:00,419.93348108389324,428.60408033672024,416.7805194998452,426.35760498046875,2478600,0.0,0.0
2023-05-09 00:00:00-04:00,425.4215612001953,429.1952645405012,421.7562561367439,422.0814208984375,2601600,0.0,0.0
2023-05-10 00:00:00-04:00,419.7954879671933,431.94421249081614,419.7954879671933,429.5105285644531,2766300,0.0,0.0
2023-05-11 00:00:00-04:00,430.27898904158263,430.42677750125205,424.7810177909785,429.1458740234375,2595900,0.0,0.0
2023-05-12 00:00:00-04:00,434.8162998234052,440.1309894742445,429.1459951751679,429.1558532714844,3938400,1.13,0.0
2023-05-15 00:00:00-04:00,430.0844080247668,430.706764365617,425.4414862219181,429.23486328125,2234800,0.0,0.0
2023-05-16 00:00:00-04:00,428.92860873875134,433.15664621041316,425.4315776530575,431.3488464355469,2128800,0.0,0.0
2023-05-17 00:00:00-04:00,433.47277553534997,433.62097859134553,427.47649074271885,432.158935546875,2274200,0.0,0.0
2023-05-18 00:00:00-04:00,431.21057105298314,434.18400772424025,428.32600797427665,432.5738220214844,2268100,0.0,0.0
2023-05-19 00:00:00-04:00,433.67039836345543,442.07709386490296,433.67039836345543,437.0093688964844,3442800,0.0,0.0
2023-05-22 00:00:00-04:00,438.91587878534335,449.4267189765817,427.1406097100002,428.7211608886719,4398000,0.0,0.0
2023-05-23 00:00:00-04:00,427.66415918606015,430.59810318365174,416.392678378716,418.072021484375,4492100,0.0,0.0
2023-05-24 00:00:00-04:00,418.85248197863035,423.7522572888951,415.1578966195647,420.6009826660156,3133000,0.0,0.0
2023-05-25 00:00:00-04:00,421.2035512902256,423.0014628704036,414.703418699453,422.12225341796875,2882200,0.0,0.0
2023-05-26 00:00:00-04:00,419.74154852002744,426.4293774736094,418.52650047573803,420.6207580566406,2338400,0.0,0.0
2023-05-30 00:00:00-04:00,418.6450032582514,423.52503180181975,416.9359953996308,422.0531005859375,2595700,0.0,0.0
2023-05-31 00:00:00-04:00,421.81602872827904,425.332806321835,418.86233831469497,424.24615478515625,3950900,0.0,0.0
2023-06-01 00:00:00-04:00,425.04633850869044,431.4872023837559,422.93233464480585,431.1908264160156,2914400,0.0,0.0
2023-06-02 00:00:00-04:00,434.61870795493166,439.3011830319951,431.4773216132254,436.9599304199219,2498700,0.0,0.0
2023-06-05 00:00:00-04:00,437.6217729375734,442.3634866351754,436.3474256993492,438.8664855957031,2113800,0.0,0.0
2023-06-06 00:00:00-04:00,442.39313955639153,443.4205219540623,434.6779586987638,437.6909484863281,1495300,0.0,0.0
2023-06-07 00:00:00-04:00,434.8558153571403,441.2670146228543,430.3906705952462,431.0722961425781,2458300,0.0,0.0
2023-06-08 00:00:00-04:00,430.58824606373315,442.037535177968,427.09121464835926,440.24951171875,2040300,0.0,0.0
2023-06-09 00:00:00-04:00,443.8452795320233,443.8452795320233,437.22663869826255,440.6248779296875,2082000,0.0,0.0
2023-06-12 00:00:00-04:00,440.7334848386115,441.56328315378556,433.3541735872635,439.9036865234375,2566600,0.0,0.0
2023-06-13 00:00:00-04:00,438.28367675850507,441.96837372833403,436.8809028785542,440.30877685546875,1766300,0.0,0.0
2023-06-14 00:00:00-04:00,438.8961640804224,443.3316441783875,438.1552693568647,442.2845153808594,2163300,0.0,0.0
2023-06-15 00:00:00-04:00,442.56106762918085,451.0368890971851,442.2548335879003,448.4190673828125,2287100,0.0,0.0
2023-06-16 00:00:00-04:00,450.2663463578641,451.4320434752866,442.0671245973484,442.2745666503906,4295100,0.0,0.0
2023-06-20 00:00:00-04:00,440.4470736953866,449.35758672131266,439.70617898376304,446.4631652832031,2506300,0.0,0.0
2023-06-21 00:00:00-04:00,448.9821861216564,449.81198456416536,444.7442600160907,447.5003967285156,2347500,0.0,0.0
2023-06-22 00:00:00-04:00,449.4760788938885,456.6479486129752,448.3104119026057,452.12353515625,2912500,0.0,0.0
2023-06-23 00:00:00-04:00,451.45181226887263,454.42527914773126,446.82863683148423,453.26947021484375,4832100,0.0,0.0
2023-06-26 00:00:00-04:00,459.61155020910286,459.61155020910286,443.4699285574759,447.2633056640625,3214700,0.0,0.0
2023-06-27 00:00:00-04:00,456.88505963180756,462.2985410291513,446.21618813599497,458.86077880859375,4138700,0.0,0.0
2023-06-28 00:00:00-04:00,462.82212617112066,462.84187251082494,451.7679744692552,453.1312255859375,2854700,0.0,0.0
2023-06-29 00:00:00-04:00,453.4867906163837,460.1745887400404,451.95562041321597,458.8508605957031,2112400,0.0,0.0
2023-06-30 00:00:00-04:00,459.0088980356924,464.1655256899127,458.36679540774816,463.2863464355469,3172300,0.0,0.0
2023-07-03 00:00:00-04:00,460.599412972941,460.599412972941,451.8173269208915,455.81817626953125,2113200,0.0,0.0
2023-07-05 00:00:00-04:00,456.48996377400744,461.57743509231744,454.41545241833285,460.0462646484375,2130200,0.0,0.0
2023-07-06 00:00:00-04:00,457.49752203705526,461.9231437907117,456.01573267297925,457.58642578125,2191700,0.0,0.0
2023-07-07 00:00:00-04:00,456.71708238023143,457.9815413703674,445.76172383080893,446.5915222167969,2914000,0.0,0.0
2023-07-10 00:00:00-04:00,447.4608327882836,449.1500942471445,444.25028939814814,447.6584167480469,2011400,0.0,0.0
2023-07-11 00:00:00-04:00,444.5368091750954,445.0900081258579,432.29721455854184,434.0556335449219,3573100,0.0,0.0
2023-07-12 00:00:00-04:00,433.14676990210734,438.90597770496555,429.72878436493573,435.25091552734375,3107800,0.0,0.0
2023-07-13 00:00:00-04:00,434.8854392447568,436.8710165255998,429.0669317745259,429.4225769042969,2865100,0.0,0.0
2023-07-14 00:00:00-04:00,435.74483539245165,444.98132782981224,435.5176168524626,444.0033264160156,2954500,0.0,0.0
2023-07-17 00:00:00-04:00,443.9935010736243,445.1492799018988,437.8786478508631,441.7115478515625,2347900,0.0,0.0
2023-07-18 00:00:00-04:00,441.52382602957874,447.8164863699203,439.6370107222902,445.72222900390625,2237900,0.0,0.0
2023-07-19 00:00:00-04:00,445.919778183665,449.4760784602389,443.1142607841122,448.0535583496094,2212800,0.0,0.0
2023-07-20 00:00:00-04:00,449.62424032814135,459.5719926163253,449.47606743422716,458.1889953613281,2624200,0.0,0.0
2023-07-21 00:00:00-04:00,459.75971539483623,461.36993128000694,456.36147614133125,456.4306335449219,2226700,0.0,0.0
2023-07-24 00:00:00-04:00,456.39107798698797,459.98690095081656,452.1136597199198,453.7436218261719,2190700,0.0,0.0
2023-07-25 00:00:00-04:00,452.20262084556464,455.32426080406407,451.0567000901346,451.98529052734375,1737800,0.0,0.0
2023-07-26 00:00:00-04:00,449.4761376677234,449.4761376677234,441.13859986713123,448.083251953125,1959800,0.0,0.0
2023-07-27 00:00:00-04:00,447.81647803248677,453.1113905085773,446.7594611268599,449.4661865234375,1883500,0.0,0.0
2023-07-28 00:00:00-04:00,449.6045740060388,453.99067332895254,446.2952380999682,452.9139099121094,1437600,0.0,0.0
2023-07-31 00:00:00-04:00,453.44728865652695,453.44728865652695,445.32708179082954,449.03155517578125,2110200,0.0,0.0
2023-08-01 00:00:00-04:00,449.8218667361938,451.81733223907537,445.9692203954412,447.58929443359375,1738200,0.0,0.0
2023-08-02 00:00:00-04:00,449.70329697853725,456.03548007483505,445.8407626648636,448.96240234375,2366600,0.0,0.0
2023-08-03 00:00:00-04:00,445.30729775814575,448.58699848597007,442.8179027071292,443.70697021484375,2414100,0.0,0.0
2023-08-04 00:00:00-04:00,443.7860246088804,446.9768218803293,441.4645787316622,444.0329895019531,1869800,0.0,0.0
2023-08-07 00:00:00-04:00,447.7473505629602,449.4761048122381,445.1097522436318,448.5672607421875,2446400,0.0,0.0
2023-08-08 00:00:00-04:00,499.8569322296766,531.4684378252293,496.60686586945116,515.2675170898438,15094500,0.0,0.0
2023-08-09 00:00:00-04:00,514.0525264914475,526.064933722735,510.61479416850875,519.8413696289062,5376600,0.0,0.0
2023-08-10 00:00:00-04:00,517.1148276313427,522.320866934525,513.6770955722507,515.0107421875,4108500,0.0,0.0
2023-08-11 00:00:00-04:00,517.3617577939286,525.3535678234872,513.6869493283915,521.866455078125,2523500,0.0,0.0
2023-08-14 00:00:00-04:00,525.9551093518236,536.8646168737537,523.9454266572974,532.6077270507812,3981100,1.13,0.0
2023-08-15 00:00:00-04:00,532.3403251175386,541.8045030382643,528.4299642163269,541.1412353515625,2826800,0.0,0.0
2023-08-16 00:00:00-04:00,541.9135441092598,547.3286903966156,537.0626316539875,540.76513671875,2597100,0.0,0.0
2023-08-17 00:00:00-04:00,537.7655399978729,543.2994787440939,532.0038654062771,532.2711181640625,2549900,0.0,0.0
2023-08-18 00:00:00-04:00,529.6675429747083,542.2798431363109,528.5488638781064,540.9532470703125,2957800,0.0,0.0
2023-08-21 00:00:00-04:00,541.507598568544,547.9523595655978,540.2800365545168,544.5369262695312,2305400,0.0,0.0
2023-08-22 00:00:00-04:00,544.0221071872373,550.5262031123607,541.794658866101,548.1106567382812,1937100,0.0,0.0
2023-08-23 00:00:00-04:00,551.1400907066742,551.8133283910672,542.7154352927573,547.8137817382812,2121300,0.0,0.0
2023-08-24 00:00:00-04:00,547.1604122636894,551.397483272981,541.8145111973337,542.5075073242188,1776700,0.0,0.0
2023-08-25 00:00:00-04:00,544.1212240971919,550.5263481762676,541.5967940860631,548.1009521484375,1847600,0.0,0.0
2023-08-28 00:00:00-04:00,544.6161115385173,550.6549477310657,544.606202099687,548.3681030273438,1373700,0.0,0.0
2023-08-29 00:00:00-04:00,547.9028868525362,550.7737844440517,544.3488421608656,548.348388671875,1701200,0.0,0.0
2023-08-30 00:00:00-04:00,549.4471555749504,552.1596829421889,541.55700730485,542.4974975585938,2191100,0.0,0.0
2023-08-31 00:00:00-04:00,541.5372963305784,551.8231125490743,537.557569025507,548.6453247070312,3043400,0.0,0.0
2023-09-01 00:00:00-04:00,550.7441238454792,553.6051724586863,547.9622903269271,551.5261840820312,2030000,0.0,0.0
2023-09-05 00:00:00-04:00,553.6248913773987,556.2978417145434,551.1301900963515,552.5953369140625,2257200,0.0,0.0
2023-09-06 00:00:00-04:00,555.3969903022902,555.9612845187173,547.1603733077219,554.3377075195312,2424300,0.0,0.0
2023-09-07 00:00:00-04:00,558.5351868043806,570.5337045157071,556.980915494499,567.4845581054688,3707100,0.0,0.0
2023-09-08 00:00:00-04:00,566.593649043074,581.6610725251777,565.494728465649,580.58203125,4308300,0.0,0.0
2023-09-11 00:00:00-04:00,581.2650784523847,592.1646755680607,578.6217960904497,589.5907592773438,3876500,0.0,0.0
2023-09-12 00:00:00-04:00,585.046747625503,595.1049489678114,581.9580238554166,593.2932739257812,3212100,0.0,0.0
2023-09-13 00:00:00-04:00,588.6997675749614,594.7287548218773,585.7694739708319,592.8775024414062,3126600,0.0,0.0
2023-09-14 00:00:00-04:00,593.2338274454198,595.8078039846464,584.0963587685021,585.6802978515625,3244800,0.0,0.0
2023-09-15 00:00:00-04:00,586.066387583969,588.1057377995041,569.2961746844782,569.89013671875,5938300,0.0,0.0
2023-09-18 00:00:00-04:00,572.2066934391697,572.2066934391697,558.7528797182056,565.5540771484375,2723600,0.0,0.0
2023-09-19 00:00:00-04:00,565.8906547833631,572.6125769426299,564.9105872091965,569.1972045898438,2185100,0.0,0.0
2023-09-20 00:00:00-04:00,567.6727467061883,569.4844220207432,563.4851622083088,563.9306640625,1869900,0.0,0.0
2023-09-21 00:00:00-04:00,561.5050952183759,562.306974225952,537.0625590098222,544.6160888671875,4049900,0.0,0.0
2023-09-22 00:00:00-04:00,543.309392446527,549.9224329858231,542.1412265847132,545.0220336914062,2353800,0.0,0.0
2023-09-25 00:00:00-04:00,544.5864032022895,547.1207422761211,540.2800267916376,546.7544555664062,1686500,0.0,0.0
2023-09-26 00:00:00-04:00,545.1804010690794,548.5760152713602,542.5074508143274,544.497314453125,1864300,0.0,0.0
2023-09-27 00:00:00-04:00,544.3785798002203,546.1605266846723,538.2208901644799,544.2498779296875,2004200,0.0,0.0
2023-09-28 00:00:00-04:00,545.7942416130245,546.1506189063164,535.9736846273628,538.9931030273438,2178800,0.0,0.0
2023-09-29 00:00:00-04:00,540.0225928925203,540.6166154002739,526.8658191252745,531.7463989257812,2967100,0.0,0.0
2023-10-02 00:00:00-04:00,530.6376589212103,535.2212579343775,521.5298571066131,532.894775390625,2810100,0.0,0.0
2023-10-03 00:00:00-04:00,530.6277989748177,531.9543950585575,511.39254851279037,519.9261474609375,3266100,0.0,0.0
2023-10-04 00:00:00-04:00,520.2923508152016,530.7959931135557,518.3817023050353,526.1332397460938,2220400,0.0,0.0
2023-10-05 00:00:00-04:00,528.1924347447466,537.0626525653523,526.2817859228355,536.0528564453125,2950700,0.0,0.0
2023-10-06 00:00:00-04:00,538.5475839268537,560.6834590881108,537.2705351218083,559.5548706054688,4743100,0.0,0.0
2023-10-09 00:00:00-04:00,558.3669442614821,573.9788431864748,557.9313518885734,566.0293579101562,4208100,0.0,0.0
2023-10-10 00:00:00-04:00,564.2869772315297,580.0771249071643,564.0196640647183,573.503662109375,3526700,0.0,0.0
2023-10-11 00:00:00-04:00,590.2243697574562,602.6881478343031,579.1465233915793,599.21337890625,5850600,0.0,0.0
2023-10-12 00:00:00-04:00,599.391579459593,606.8559853243692,596.1642443234014,604.3810424804688,4063500,0.0,0.0
2023-10-13 00:00:00-04:00,611.6969585028646,623.6558382424975,596.5205927980559,603.0940551757812,3963800,0.0,0.0
2023-10-16 00:00:00-04:00,604.8661385382875,615.7459779168179,602.3317994121422,610.4595336914062,2941500,0.0,0.0
2023-10-17 00:00:00-04:00,612.7958711092734,614.1818633231502,596.4909760460009,602.2130126953125,2911700,0.0,0.0
2023-10-18 00:00:00-04:00,601.1536865234375,609.7071031973295,597.1937781103476,601.1536865234375,2049100,0.0,0.0
2023-10-19 00:00:00-04:00,598.9361663991127,598.9361663991127,572.54340257847,584.8784790039062,3493700,0.0,0.0
2023-10-20 00:00:00-04:00,584.0864134350836,590.937037162245,575.0578282850099,578.7801513671875,3666500,0.0,0.0
2023-10-23 00:00:00-04:00,580.1861440077356,582.4433214494468,570.3655852641903,570.8704833984375,2781900,0.0,0.0
2023-10-24 00:00:00-04:00,574.1867781095988,588.5612664419037,573.3056838967424,586.4921875,2633000,0.0,0.0
2023-10-25 00:00:00-04:00,590.9569726271479,593.6893192764667,579.9979181350295,580.58203125,2283300,0.0,0.0
2023-10-26 00:00:00-04:00,574.1866960328758,575.1766730950014,560.4853869067588,562.4059448242188,2846500,0.0,0.0
2023-10-27 00:00:00-04:00,557.3669722504675,565.0887809294418,551.0608234606883,554.6148071289062,2717400,0.0,0.0
2023-10-30 00:00:00-04:00,565.4849138131768,567.4648682679684,556.9116771868171,560.0400390625,2290900,0.0,0.0
2023-10-31 00:00:00-04:00,563.2672867842005,563.9008866806626,542.121388732926,548.3780517578125,3661400,0.0,0.0
2023-11-01 00:00:00-04:00,549.4372758282364,552.8328899397535,545.7347712408504,548.9027099609375,2935900,0.0,0.0
2023-11-02 00:00:00-04:00,572.533499384081,591.4519481299446,566.2570176963137,574.4738159179688,5181300,0.0,0.0
2023-11-03 00:00:00-04:00,572.6325106619623,577.1567137650987,561.495267042996,562.1189575195312,3055400,0.0,0.0
2023-11-06 00:00:00-05:00,565.3759117828446,591.7192489945812,565.2868476787247,589.2244873046875,3978500,0.0,0.0
2023-11-07 00:00:00-05:00,591.0163663505253,595.9068559530087,584.2152280741333,593.9169921875,3168200,0.0,0.0
2023-11-08 00:00:00-05:00,601.5694911637082,619.5969969009756,586.2446641463539,612.924560546875,7776400,0.0,0.0
2023-11-09 00:00:00-05:00,608.5983779527511,609.4794721403833,577.5823761321703,585.393310546875,6279800,0.0,0.0
2023-11-10 00:00:00-05:00,589.0363785692892,592.8576757000706,580.126584607737,591.71923828125,3645900,0.0,0.0
2023-11-13 00:00:00-05:00,588.3928826743019,612.5483488004004,572.3553015171639,606.5689086914062,5744800,0.0,0.0
2023-11-14 00:00:00-05:00,603.2363918401367,610.9923242817692,597.7318790450095,605.8151245117188,3827600,1.13,0.0
2023-11-15 00:00:00-05:00,605.8746304924837,607.8879657803463,579.6314143004895,583.7176513671875,4287000,0.0,0.0
2023-11-16 00:00:00-05:00,586.653493025146,590.2141046816377,576.9833805027534,583.926025390625,3030500,0.0,0.0
2023-11-17 00:00:00-05:00,587.5956212707722,591.2950391890845,582.3985662386518,586.8616943359375,2628200,0.0,0.0
2023-11-20 00:00:00-05:00,586.5939903111935,599.9040154915691,585.8501354976581,592.7034912109375,2827200,0.0,0.0
2023-11-21 00:00:00-05:00,593.5366217863359,596.6310528977098,586.9212900777002,587.7444458007812,1851600,0.0,0.0
2023-11-22 00:00:00-05:00,590.5215078311254,594.2705042468723,581.9423589390925,590.2140502929688,2052200,0.0,0.0
2023-11-24 00:00:00-05:00,593.457264828624,598.555164268956,592.0885671495456,596.1748046875,1341700,0.0,0.0
2023-11-27 00:00:00-05:00,596.2441945552074,598.7435658784395,586.2964085418853,586.6832275390625,2630700,0.0,0.0
2023-11-28 00:00:00-05:00,587.1494323503262,590.50174307378,584.5310487317,586.752685546875,1793900,0.0,0.0
2023-11-29 00:00:00-05:00,587.3477388448983,589.6685318290336,579.6513118011569,587.010498046875,1908600,0.0,0.0
2023-11-30 00:00:00-05:00,586.6137457644593,591.3446204078581,581.4067629577569,586.1971435546875,5658400,0.0,0.0
2023-12-01 00:00:00-05:00,586.8517865879307,597.0375958954819,578.2230598654329,579.2545166015625,3635900,0.0,0.0
2023-12-04 00:00:00-05:00,577.360263941048,582.2796454731213,569.6241861352115,580.8811645507812,2577100,0.0,0.0
2023-12-05 00:00:00-05:00,578.5007799754903,586.9509280823792,574.6227836288525,583.3308715820312,2157300,0.0,0.0
2023-12-06 00:00:00-05:00,585.8996567335683,589.0337986094394,579.6116385542846,584.421875,2093100,0.0,0.0
2023-12-07 00:00:00-05:00,583.4598789211589,584.0450107783436,572.8772613948486,583.449951171875,2095000,0.0,0.0
2023-12-08 00:00:00-05:00,584.1738847293312,593.3976708022581,579.9785636380598,593.1497192382812,2444600,0.0,0.0
2023-12-11 00:00:00-05:00,593.7547195378881,596.2640184771476,562.7607733615678,579.2545166015625,5614100,0.0,0.0
2023-12-12 00:00:00-05:00,577.2312937624234,581.0497239830839,573.4326585048586,579.9686889648438,2846100,0.0,0.0
2023-12-13 00:00:00-05:00,578.4809959871749,593.7647055910036,577.5387678238825,592.6043090820312,3112500,0.0,0.0
2023-12-14 00:00:00-05:00,589.62882384728,589.62882384728,564.0303065992148,568.969482421875,5275900,0.0,0.0
2023-12-15 00:00:00-05:00,567.4124112354069,569.0092655291924,557.0480828928772,567.3529052734375,5315900,0.0,0.0
2023-12-18 00:00:00-05:00,571.7465620093186,578.2726645650025,570.9829123043834,575.0096435546875,3033900,0.0,0.0
2023-12-19 00:00:00-05:00,575.4956623731908,580.3158269385015,572.5202431795336,575.0592651367188,2192700,0.0,0.0
2023-12-20 00:00:00-05:00,571.7565489933231,575.1088595554455,565.3594459747447,565.5379638671875,2647100,0.0,0.0
2023-12-21 00:00:00-05:00,566.7280400397217,570.2886514730386,562.374056168161,567.313232421875,1786500,0.0,0.0
2023-12-22 00:00:00-05:00,568.3249474877962,571.1813548871886,562.7707950845061,565.7164916992188,2225600,0.0,0.0
2023-12-26 00:00:00-05:00,564.8337440882785,568.0769703834106,562.9889987150171,565.994140625,1678700,0.0,0.0
2023-12-27 00:00:00-05:00,565.8255030721724,578.8975030480909,565.8255030721724,576.7453002929688,2163400,0.0,0.0
2023-12-28 00:00:00-05:00,577.211505422284,581.88293565124,575.2477479986121,576.0907592773438,1973500,0.0,0.0
2023-12-29 00:00:00-05:00,578.0743040845982,581.3671084148621,574.7219937950248,578.1437377929688,1998000,0.0,0.0
2024-01-02 00:00:00-05:00,575.6542819806643,587.863415409892,574.3054399081955,587.3477172851562,3226700,0.0,0.0
2024-01-03 00:00:00-05:00,595.0838094592534,614.7612740607972,593.8936297333239,612.6387939453125,5130300,0.0,0.0
2024-01-04 00:00:00-05:00,620.1368111970951,631.1954150207287,608.2450634535975,609.4649658203125,6272500,0.0,0.0
2024-01-05 00:00:00-05:00,608.9691652811935,614.8604980637853,605.1903850971865,613.4818725585938,2402500,0.0,0.0
2024-01-08 00:00:00-05:00,617.3300344609734,620.9302964434762,604.5952745110941,620.9005737304688,2453900,0.0,0.0
2024-01-09 00:00:00-05:00,624.9470484458815,629.2217311452031,618.6093917083218,620.35498046875,2918900,0.0,0.0
2024-01-10 00:00:00-05:00,623.3403453689466,631.8302050603338,620.6327334822299,625.0264282226562,2679100,0.0,0.0
2024-01-11 00:00:00-05:00,629.1920495284845,634.5180448243177,622.9932597954331,630.5111083984375,2690300,0.0,0.0
2024-01-12 00:00:00-05:00,632.9707422685184,638.7232062425755,627.8232655607827,637.6520385742188,2066400,0.0,0.0
2024-01-16 00:00:00-05:00,638.6340435063819,642.4227512845455,628.4779554791867,629.37060546875,2413600,0.0,0.0
2024-01-17 00:00:00-05:00,634.2105745105138,635.2718145556598,620.0674064546275,623.7568969726562,2124100,0.0,0.0
2024-01-18 00:00:00-05:00,616.1894458746232,618.768118035387,607.6797308880189,618.242431640625,3385000,0.0,0.0
2024-01-19 00:00:00-05:00,617.2903429926637,624.431360522227,614.9199113864869,623.4296264648438,3120500,0.0,0.0
2024-01-22 00:00:00-05:00,624.8380819203087,627.4564655539137,619.8790495241158,625.7108764648438,2030200,0.0,0.0
2024-01-23 00:00:00-05:00,622.5468840432653,624.8379541203044,609.7823421090403,624.5205688476562,2525000,0.0,0.0
2024-01-24 00:00:00-05:00,628.3291115346851,637.9000054753325,626.8215466714747,628.5076293945312,2276900,0.0,0.0
2024-01-25 00:00:00-05:00,622.2295264472195,627.4265818810138,619.5615650236813,622.4774780273438,2407900,0.0,0.0
2024-01-26 00:00:00-05:00,632.1276899050421,634.3592539699482,625.3338412992367,634.0121459960938,2410300,0.0,0.0
2024-01-29 00:00:00-05:00,636.2438264122304,640.3598473208934,634.5280206553233,639.7151489257812,2718500,0.0,0.0
2024-01-30 00:00:00-05:00,640.4093224242969,641.500285110306,635.7478208353427,639.6951904296875,2006100,0.0,0.0
2024-01-31 00:00:00-05:00,645.0510653973274,658.1131390214875,631.7806906319859,640.3201293945312,4719000,0.0,0.0
2024-02-01 00:00:00-05:00,642.0260374636839,655.1079659669577,637.9000890454329,655.0186767578125,2494300,0.0,0.0
2024-02-02 00:00:00-05:00,656.9526052374731,667.1086911888736,654.3342223026456,662.179443359375,3018000,0.0,0.0
2024-02-05 00:00:00-05:00,685.3580225813103,706.0470878870013,676.9375966105649,700.4136352539062,7602400,0.0,0.0
2024-02-06 00:00:00-05:00,735.9203494836732,735.9203494836732,685.4373794627509,699.2532958984375,8187300,0.0,0.0
2024-02-07 00:00:00-05:00,704.5593678265448,734.9185442958126,701.2269131699784,719.4364624023438,5798000,0.0,0.0
2024-02-08 00:00:00-05:00,722.3524192886836,734.928516737337,719.8034696654822,729.652099609375,4636900,0.0,0.0
2024-02-09 00:00:00-05:00,729.4735461125256,739.5899826523681,727.5990176450881,734.0953369140625,2833900,0.0,0.0
2024-02-12 00:00:00-05:00,734.7301500187068,734.7301500187068,720.4977527606669,731.2191772460938,2932300,0.0,0.0
2024-02-13 00:00:00-05:00,724.1971429770687,736.8922519677163,724.1971429770687,736.88232421875,2860300,0.0,0.0
2024-02-14 00:00:00-05:00,741.005687241756,759.1179919171353,740.1909731219164,752.4215087890625,3394300,1.3,0.0
2024-02-15 00:00:00-05:00,750.9211677419099,758.0647574701052,745.1685650272829,752.888427734375,2507000,0.0,0.0
2024-02-16 00:00:00-05:00,766.0528899088762,789.3415222205481,758.5714683237403,777.0116577148438,5000700,0.0,0.0
2024-02-20 00:00:00-05:00,784.900335060937,788.2585210926169,748.3379012015198,750.781982421875,4701100,0.0,0.0
2024-02-21 00:00:00-05:00,733.3155586267684,744.6618231961422,728.5067751410958,741.094970703125,3548700,0.0,0.0
2024-02-22 00:00:00-05:00,758.6509350635964,770.1164199179855,751.3881251955806,764.6718139648438,3167400,0.0,0.0
2024-02-23 00:00:00-05:00,769.0036190103491,772.6300815218351,757.3394136132166,764.5723876953125,2394800,0.0,0.0
2024-02-26 00:00:00-05:00,766.3210798390644,775.1834823336069,764.1551594866913,766.9370727539062,2243800,0.0,0.0
2024-02-27 00:00:00-05:00,750.02698941297,767.9604608204046,740.6280338288327,760.061767578125,2716700,0.0,0.0
2024-02-28 00:00:00-05:00,757.3294943742833,758.0746529453305,746.8078286689869,752.749267578125,2716300,0.0,0.0
2024-02-29 00:00:00-05:00,748.2187167269313,751.5769029203741,739.2271486343184,748.8148193359375,3905400,0.0,0.0
2024-03-01 00:00:00-05:00,764.0557558280625,779.0185364126485,759.1973077469585,777.0711669921875,4240500,0.0,0.0
2024-03-04 00:00:00-05:00,791.2987688172691,795.6107796364631,781.0850998640686,787.1656494140625,3855600,0.0,0.0
2024-03-05 00:00:00-05:00,780.2406936760517,783.439939585242,764.3142014691379,772.570556640625,3168700,0.0,0.0
2024-03-06 00:00:00-05:00,779.2271700785128,782.7641868717743,769.0036166951269,774.7363891601562,2518600,0.0,0.0
2024-03-07 00:00:00-05:00,766.8576618153811,787.871098408332,756.2068297940141,775.1239013671875,3977400,0.0,0.0
2024-03-08 00:00:00-05:00,774.9649720963614,774.9649720963614,750.1263511958371,757.2202758789062,4042900,0.0,0.0
2024-03-11 00:00:00-04:00,747.3543206458525,751.9146571040552,722.9230284822124,729.6294555664062,3968900,0.0,0.0
2024-03-12 00:00:00-04:00,736.1769780833383,751.090034617973,733.246008790151,750.07666015625,2701700,0.0,0.0
2024-03-13 00:00:00-04:00,752.1133937547855,755.859076957124,740.8962950895775,752.947998046875,2357500,0.0,0.0
2024-03-14 00:00:00-04:00,760.0121266358468,763.0424262263516,744.5625167226476,755.8193359375,2647500,0.0,0.0
2024-03-15 00:00:00-04:00,750.5039078674093,755.9783496513571,742.8834359060929,749.3016967773438,3729300,0.0,0.0
2024-03-18 00:00:00-04:00,757.359325189097,764.7115199937307,753.3553107174221,757.73681640625,2521400,0.0,0.0
2024-03-19 00:00:00-04:00,753.5441061002663,768.8546044928165,750.1263096281024,767.7915649414062,2557100,0.0,0.0
2024-03-20 00:00:00-04:00,765.1387844680862,768.1690840317119,751.7557648908179,767.8710327148438,2038000,0.0,0.0
2024-03-21 00:00:00-04:00,769.0036897164329,775.5014510002724,753.9812969081491,765.287841796875,3013200,0.0,0.0
2024-03-22 00:00:00-04:00,765.029511295793,771.9843250348457,762.3270984935195,765.6355590820312,1979700,0.0,0.0
2024-03-25 00:00:00-04:00,766.1223607817833,773.4646713095079,763.1914521738943,768.1492309570312,1806600,0.0,0.0
2024-03-26 00:00:00-04:00,769.2023946968003,773.3057395636037,764.0359496192569,769.8978881835938,2099000,0.0,0.0
2024-03-27 00:00:00-04:00,773.6832240157147,780.1909297469061,762.4263454564565,773.1566162109375,2297700,0.0,0.0
2024-03-28 00:00:00-04:00,775.2828614526136,788.5466598628058,771.4279028974536,772.9381103515625,3209400,0.0,0.0
2024-04-01 00:00:00-04:00,770.9908448467926,772.4811622015222,748.9540261717974,755.6405639648438,2921300,0.0,0.0
2024-04-02 00:00:00-04:00,750.1958756365522,760.1313235865384,748.6360030314648,759.0285034179688,2596800,0.0,0.0
2024-04-03 00:00:00-04:00,760.7473354459347,782.1681593337014,760.4691137886514,770.9808349609375,3044900,0.0,0.0
2024-04-04 00:00:00-04:00,776.4950231632179,782.8140145203068,762.8636168776279,763.1219482421875,2354000,0.0,0.0
2024-04-05 00:00:00-04:00,760.5287457567249,781.6316892686527,758.1641648081518,779.1478271484375,2111900,0.0,0.0
2024-04-08 00:00:00-04:00,779.9525422846201,780.1313730680083,768.3578310450841,772.2723999023438,1664200,0.0,0.0
2024-04-09 00:00:00-04:00,772.620206203176,772.799036993333,745.8044412894686,752.3518676757812,2464800,0.0,0.0
2024-04-10 00:00:00-04:00,746.4303378223962,760.320074188483,742.0090515037424,757.0612182617188,1700300,0.0,0.0
2024-04-11 00:00:00-04:00,754.8754824769204,758.4025543196542,745.824243438793,754.6867065429688,1594800,0.0,0.0
2024-04-12 00:00:00-04:00,754.6668278564503,758.5714516271792,744.9499306453346,746.7880249023438,2490000,0.0,0.0
2024-04-15 00:00:00-04:00,755.163599483216,763.0424024292768,744.681714025994,745.9236450195312,2358600,0.0,0.0
2024-04-16 00:00:00-04:00,746.8277917596929,748.2783890835328,738.2038296671698,741.919677734375,2569800,0.0,0.0
2024-04-17 00:00:00-04:00,754.299220363007,766.8476959730001,740.071651624105,745.9236450195312,3069400,0.0,0.0
2024-04-18 00:00:00-04:00,744.5823370194655,747.3444207082559,738.9688452088998,741.134765625,1717300,0.0,0.0
2024-04-19 00:00:00-04:00,744.3239954112523,745.168544875638,717.408900748234,721.6215209960938,3503900,0.0,0.0
2024-04-22 00:00:00-04:00,725.029307053035,733.1167755472075,720.7371866284213,726.6090698242188,2354100,0.0,0.0
2024-04-23 00:00:00-04:00,736.4153974827904,741.3433407438976,726.7183908009002,740.8764038085938,2042000,0.0,0.0
2024-04-24 00:00:00-04:00,747.7815687696767,747.7815687696767,724.0854890335144,727.4735107421875,2133400,0.0,0.0
2024-04-25 00:00:00-04:00,720.3199615704257,723.2906507438339,713.6631994525083,720.1907958984375,2608800,0.0,0.0
2024-04-26 00:00:00-04:00,718.8097413935357,732.6895931823126,716.3457698013318,728.7750244140625,2009200,0.0,0.0
2024-04-29 00:00:00-04:00,731.000571086872,735.7994093485576,724.900191590454,732.4412231445312,2665600,0.0,0.0
2024-04-30 00:00:00-04:00,769.9972014157094,790.3648693241249,762.7045560776099,776.0578002929688,7437100,0.0,0.0
2024-05-01 00:00:00-04:00,769.7587564871899,777.5580586831229,763.2907703253553,771.7359008789062,2802100,0.0,0.0
2024-05-02 00:00:00-04:00,772.3221131541965,772.3221131541965,749.4208578422082,751.0303955078125,3205600,0.0,0.0
2024-05-03 00:00:00-04:00,738.2037180150257,740.1908074309478,725.6254686943483,730.2255249023438,4595100,0.0,0.0
2024-05-06 00:00:00-04:00,733.2758180215524,762.0389535085818,731.2490083618037,761.73095703125,3398300,0.0,0.0
2024-05-07 00:00:00-04:00,763.9366517685148,774.0608761142391,757.1904434942511,772.7493896484375,2879400,0.0,0.0
2024-05-08 00:00:00-04:00,774.0707016602447,776.3061773800657,767.2152791708227,769.9971923828125,2089800,0.0,0.0
2024-05-09 00:00:00-04:00,771.9842891526235,778.9391025684129,764.2346520461189,766.5694580078125,2522100,0.0,0.0
2024-05-10 00:00:00-04:00,769.0235728093276,772.4015887767322,755.0940551757812,755.0940551757812,2082300,0.0,0.0
2024-05-13 00:00:00-04:00,758.5715080774313,758.621173192687,745.6852602241378,752.8089599609375,1848900,0.0,0.0
2024-05-14 00:00:00-04:00,746.6687503583472,759.5649414702253,746.6687503583472,759.0482788085938,1956200,0.0,0.0
2024-05-15 00:00:00-04:00,760.5113660320142,783.9093672792969,759.4663172285544,783.2724609375,3038300,1.3,0.0
2024-05-16 00:00:00-04:00,780.9734347616179,782.7349651707809,766.4728060632712,767.4481201171875,2299700,0.0,0.0
2024-05-17 00:00:00-04:00,769.2097493785542,771.1803017874042,763.4472807067555,766.33349609375,1670300,0.0,0.0
2024-05-20 00:00:00-04:00,763.2482962737364,780.5952930012669,762.4719812223211,779.4507446289062,2188800,0.0,0.0
2024-05-21 00:00:00-04:00,788.6865568148114,812.7215250610337,787.6216445556365,799.3455200195312,4334500,0.0,0.0
2024-05-22 00:00:00-04:00,797.1858525929205,801.0473819319586,791.4632325524594,799.0867309570312,1767500,0.0,0.0
2024-05-23 00:00:00-04:00,806.1429488711195,816.702411684438,798.3402545890252,804.600341796875,3025800,0.0,0.0
2024-05-24 00:00:00-04:00,804.1525592426842,806.2624596128182,800.3209160243011,803.5852661132812,1774600,0.0,0.0
2024-05-28 00:00:00-04:00,805.1477698134584,805.1477698134584,784.4965754702826,804.01318359375,2483500,0.0,0.0
2024-05-29 00:00:00-04:00,799.1763595783067,811.7263000360869,798.2707194475962,807.665771484375,2380000,0.0,0.0
2024-05-30 00:00:00-04:00,808.9196837537496,816.0854113771024,802.271499464021,811.1788940429688,1986300,0.0,0.0
2024-05-31 00:00:00-04:00,814.9010710662346,822.2758205529085,807.2377243536314,816.4337768554688,4472100,0.0,0.0
2024-06-03 00:00:00-04:00,819.9071449007819,834.2883497691114,814.6025080172612,827.3017578125,2537200,0.0,0.0
2024-06-04 00:00:00-04:00,830.0286864272124,831.4916574725377,821.3800637515652,828.6254272460938,1748300,0.0,0.0
2024-06-05 00:00:00-04:00,826.5354054242815,834.4575237709444,813.726693992382,827.7993774414062,2169000,0.0,0.0
2024-06-06 00:00:00-04:00,830.9045420179372,842.9369388344705,827.9188271709231,833.3030395507812,2109000,0.0,0.0
2024-06-07 00:00:00-04:00,833.770821335414,852.7300981968349,833.0243926342201,845.9425659179688,2468800,0.0,0.0
2024-06-10 00:00:00-04:00,849.9135583424155,867.4795381050234,845.3454487002309,860.881103515625,3444500,0.0,0.0
2024-06-11 00:00:00-04:00,877.9395004148455,877.9395004148455,848.1718897985523,861.6972045898438,4109100,0.0,0.0
2024-06-12 00:00:00-04:00,867.8477981776435,867.8477981776435,849.7841987228103,863.170166015625,2594600,0.0,0.0
2024-06-13 00:00:00-04:00,864.8919451829534,880.845583105358,857.397771833008,879.1238403320312,2243400,0.0,0.0
2024-06-14 00:00:00-04:00,878.1286192766582,880.3977309954923,871.8287438792012,874.26708984375,2023300,0.0,0.0
2024-06-17 00:00:00-04:00,873.8192073602187,887.9516030450177,872.6846211455528,880.7958374023438,2532200,0.0,0.0
2024-06-18 00:00:00-04:00,882.7763642790775,890.6088847711236,879.7906494055293,887.2151489257812,2437000,0.0,0.0
2024-06-20 00:00:00-04:00,888.7478094606939,901.1385385500085,865.9867142056244,881.7711791992188,3360000,0.0,0.0
2024-06-21 00:00:00-04:00,881.4427572980849,887.7227087639319,875.6106752320201,879.6712646484375,3448700,0.0,0.0
2024-06-24 00:00:00-04:00,885.7421961878102,899.2774740247988,878.7357401596993,885.87158203125,2878200,0.0,0.0
2024-06-25 00:00:00-04:00,887.5236646744747,905.0895839544828,887.2549308993309,900.302490234375,2839800,0.0,0.0
2024-06-26 00:00:00-04:00,899.6953879402237,902.0341735557548,893.5647469800795,896.9684448242188,2232100,0.0,0.0
2024-06-27 00:00:00-04:00,899.2277136317123,905.2389312512759,895.4357972958194,904.71142578125,1948100,0.0,0.0
2024-06-28 00:00:00-04:00,906.9705419903541,911.1803802326962,901.0687866210938,901.0687866210938,3375400,0.0,0.0
2024-07-01 00:00:00-04:00,907.4284569276933,912.4643603663842,900.0039572377667,910.0160522460938,2546100,0.0,0.0
2024-07-02 00:00:00-04:00,898.4115639947116,907.6573056901275,874.3168235183958,902.3925170898438,4584600,0.0,0.0
2024-07-03 00:00:00-04:00,906.6620846010763,914.126371795926,879.7906506996175,893.823486328125,3078400,0.0,0.0
2024-07-05 00:00:00-04:00,894.1518673936177,912.0960416714017,892.629184502996,910.2150268554688,2880900,0.0,0.0
2024-07-08 00:00:00-04:00,913.5193225424047,924.1882482503981,907.6573542177288,913.6287841796875,2364600,0.0,0.0
2024-07-09 00:00:00-04:00,924.6261081816604,930.5477880728469,916.3955289453028,928.0596923828125,2416000,0.0,0.0
2024-07-10 00:00:00-04:00,932.1103778120487,941.1869465979877,928.557369654894,935.3051147460938,2683300,0.0,0.0
2024-07-11 00:00:00-04:00,929.6421447665253,938.3902673145192,914.2457771024831,929.69189453125,2855100,0.0,0.0
2024-07-12 00:00:00-04:00,932.5382319214889,946.2625453983889,931.572879984981,943.8839721679688,2315100,0.0,0.0
2024-07-15 00:00:00-04:00,951.6468621496465,961.4996847439352,943.5754942210054,945.9342041015625,2358700,0.0,0.0
2024-07-16 00:00:00-04:00,951.198978860289,951.83594593332,933.9116949280086,937.1163330078125,2111800,0.0,0.0
2024-07-17 00:00:00-04:00,905.6768294134503,920.5954420470672,898.3419278861077,901.2778930664062,4200600,0.0,0.0
2024-07-18 00:00:00-04:00,902.7109933330644,905.5374359908378,832.6760206878598,844.8577880859375,7649600,0.0,0.0
2024-07-19 00:00:00-04:00,863.5284436799628,876.0187330422601,848.9382768107826,853.386962890625,3782200,0.0,0.0
2024-07-22 00:00:00-04:00,860.6820847591129,870.2562725131668,852.7401024243201,861.8464965820312,2904500,0.0,0.0
2024-07-23 00:00:00-04:00,865.8572847919824,883.4928775731332,859.9654913108296,874.1077880859375,2087700,0.0,0.0
2024-07-24 00:00:00-04:00,868.345425067684,874.157643522949,850.2022501231427,855.7855224609375,2726100,0.0,0.0
2024-07-25 00:00:00-04:00,842.9668216521657,847.5648176379792,802.5402476504395,817.2797241210938,5468000,0.0,0.0
2024-07-26 00:00:00-04:00,808.0041129214047,818.095843851599,797.4844368119984,800.7886352539062,4173900,0.0,0.0
2024-07-29 00:00:00-04:00,810.1338949270269,820.8426681807962,800.1715503582932,803.9434814453125,2473700,0.0,0.0
2024-07-30 00:00:00-04:00,811.2983363988005,817.9863692489678,772.1158100493017,786.447265625,3848600,0.0,0.0
2024-07-31 00:00:00-04:00,796.3597942391771,807.2775897132367,788.3183127057526,800.4403076171875,2961700,0.0,0.0
2024-08-01 00:00:00-04:00,829.6505091052253,836.8859106558547,816.2745045309581,828.4761352539062,4060700,0.0,0.0
2024-08-02 00:00:00-04:00,812.7812148400697,816.2844729623715,783.2724368031987,800.62939453125,3515900,0.0,0.0
2024-08-05 00:00:00-04:00,754.3905983848034,789.1642254947493,743.9903464560557,771.5684204101562,4661800,0.0,0.0
2024-08-06 00:00:00-04:00,785.3823961917744,802.4308337718072,781.2620948960564,789.4031372070312,3437600,0.0,0.0
2024-08-07 00:00:00-04:00,774.5939590900941,782.8345613964564,759.3867494071305,768.4633178710938,4407700,0.0,0.0
2024-08-08 00:00:00-04:00,870.8335406203187,873.6003323410339,821.310471494032,841.284912109375,9434900,0.0,0.0
2024-08-09 00:00:00-04:00,855.9049399063678,904.1640354617318,855.9049399063678,887.43408203125,6587600,0.0,0.0
2024-08-12 00:00:00-04:00,899.9044150810747,900.4119355717376,878.7953895744572,880.1688232421875,4206100,0.0,0.0
2024-08-13 00:00:00-04:00,889.8226251243103,910.3344707295769,886.0904817138388,903.72607421875,3506800,0.0,0.0
2024-08-14 00:00:00-04:00,905.6668327366932,929.9307468073766,899.486381163945,927.2435913085938,3562900,0.0,0.0
2024-08-15 00:00:00-04:00,932.8447192614142,934.798133948197,916.898655684296,928.4396362304688,3080000,1.3,0.0
2024-08-16 00:00:00-04:00,925.2603575375792,933.14366569939,916.2906970646674,919.011474609375,2364900,0.0,0.0
2024-08-19 00:00:00-04:00,919.0114671846101,922.8783923124876,913.4104174453508,918.7025146484375,2374600,0.0,0.0
2024-08-20 00:00:00-04:00,928.957763698392,963.7401362784648,927.373157828334,946.7675170898438,4961500,0.0,0.0
2024-08-21 00:00:00-04:00,952.398523110302,953.2755614257442,936.0039652199538,948.7608032226562,2617000,0.0,0.0
2024-08-22 00:00:00-04:00,948.7708103375456,969.2515839663524,944.9437892260172,950.9534301757812,3183700,0.0,0.0
2024-08-23 00:00:00-04:00,952.2191084091298,957.2620481557227,939.9306571720462,949.5281982421875,2063300,0.0,0.0
2024-08-26 00:00:00-04:00,946.0001501439972,951.780585513171,939.5918337106982,947.32568359375,2166000,0.0,0.0
2024-08-27 00:00:00-04:00,949.2890233530713,969.2016492279197,946.747631834384,951.2623291015625,2912900,0.0,0.0
2024-08-28 00:00:00-04:00,950.9334862833248,955.1093637943995,940.0801829973195,945.7410278320312,1701800,0.0,0.0
2024-08-29 00:00:00-04:00,951.7806133468343,954.2921376767811,932.8446639713476,937.030517578125,1762800,0.0,0.0
2024-08-30 00:00:00-04:00,941.8143059353927,957.7603682581082,937.3394519287846,956.78369140625,2555100,0.0,0.0
2024-09-03 00:00:00-04:00,954.541291073345,966.3812473964166,948.3721556841846,953.3054809570312,2529400,0.0,0.0
2024-09-04 00:00:00-04:00,946.5483400844524,950.7840130987814,934.8479260081637,943.1199340820312,1891700,0.0,0.0
2024-09-05 00:00:00-04:00,937.9872980797105,939.8211221561729,903.1152600242451,909.673095703125,3201100,0.0,0.0
2024-09-06 00:00:00-04:00,914.6661845138962,924.7720165513696,889.9896422589829,899.6669311523438,3440000,0.0,0.0
2024-09-09 00:00:00-04:00,909.4936832135874,912.3440273959,892.8997869553228,905.2081909179688,2405900,0.0,0.0
2024-09-10 00:00:00-04:00,911.02842498816,912.0250538835744,891.9828613958477,898.2117919921875,1930400,0.0,0.0
2024-09-11 00:00:00-04:00,899.108768025863,918.4333557701674,894.1754429061663,917.7855834960938,2721100,0.0,0.0
2024-09-12 00:00:00-04:00,921.194063454529,934.4591917858858,915.5332185570213,931.8679809570312,2511800,0.0,0.0
2024-09-13 00:00:00-04:00,933.8512829676217,939.1732473867099,918.9915115642458,920.5961303710938,2045400,0.0,0.0
2024-09-16 00:00:00-04:00,927.9910758855302,929.466067197466,917.3271344510139,920.4266357421875,1760300,0.0,0.0
2024-09-17 00:00:00-04:00,918.3935453863522,918.3935453863522,899.2582580480163,903.1251831054688,2248000,0.0,0.0
2024-09-18 00:00:00-04:00,903.2547600148343,912.4137822832735,900.4143919058445,901.9192504882812,1777000,0.0,0.0
2024-09-19 00:00:00-04:00,909.7727024564658,913.719374952719,900.8130180293125,911.955322265625,2446500,0.0,0.0
2024-09-20 00:00:00-04:00,918.8819204345024,936.6916749929682,910.1215738191454,918.3836059570312,9921800,0.0,0.0
2024-09-23 00:00:00-04:00,917.8952041566527,918.8918330428163,906.3841526873434,915.423583984375,2292000,0.0,0.0
2024-09-24 00:00:00-04:00,919.0114493098087,922.5594458104666,906.1350207731823,921.3136596679688,2767400,0.0,0.0
2024-09-25 00:00:00-04:00,928.6488449735964,936.1335379398728,918.0846026907284,921.4432373046875,1805100,0.0,0.0
2024-09-26 00:00:00-04:00,917.1577617525828,918.7423677091019,902.2481708515229,906.254638671875,2693000,0.0,0.0
2024-09-27 00:00:00-04:00,890.6075243059418,898.1719645200153,872.6582278513725,874.8308715820312,4377300,0.0,0.0
2024-09-30 00:00:00-04:00,861.6056556846074,884.4383975378423,855.9148826376263,882.9534301757812,3244600,0.0,0.0
2024-10-01 00:00:00-04:00,885.8337244702028,888.2655015353655,875.907278254164,881.4983520507812,2455200,0.0,0.0
2024-10-02 00:00:00-04:00,877.0334723788984,890.3384444747034,875.7378669151285,888.066162109375,1751600,0.0,0.0
2024-10-03 00:00:00-04:00,886.5412980956719,888.9930272217972,877.9105181165056,882.5647583007812,1974700,0.0,0.0
2024-10-04 00:00:00-04:00,882.9235253373375,885.9732074877342,873.9339735824344,884.1693115234375,1970500,0.0,0.0
2024-10-07 00:00:00-04:00,887.5079825618694,902.2282104007784,886.5711489932099,895.3713989257812,2915700,0.0,0.0
2024-10-08 00:00:00-04:00,899.9558770955035,918.8618977185454,899.1884533938128,910.6397094726562,2200000,0.0,0.0
2024-10-09 00:00:00-04:00,913.2010834214695,918.2440232804929,908.9255672897109,916.6394653320312,1820100,0.0,0.0
2024-10-10 00:00:00-04:00,916.8986079448446,918.891865788203,902.0986927896696,907.6199951171875,1682100,0.0,0.0
2024-10-11 00:00:00-04:00,912.9519536422991,929.0973546599356,908.1083515858293,928.91796875,2293900,0.0,0.0
2024-10-14 00:00:00-04:00,932.8446990798926,933.8413280319011,922.8784095598082,926.3765869140625,1550400,0.0,0.0
2024-10-15 00:00:00-04:00,921.3235970598208,923.3966021462512,904.7396780271756,910.2410888671875,2284200,0.0,0.0
2024-10-16 00:00:00-04:00,906.9622150848724,914.7159561931634,894.8133065211736,913.3306274414062,1645400,0.0,0.0
2024-10-17 00:00:00-04:00,917.8952454310481,927.3731962973565,912.9519440348107,914.0283203125,2191200,0.0,0.0
2024-10-18 00:00:00-04:00,914.088112292068,917.8154947476719,902.5670843250185,914.8754272460938,2286900,0.0,0.0
2024-10-21 00:00:00-04:00,914.885406922541,915.762445248469,901.5106636962428,903.0753784179688,1592200,0.0,0.0
2024-10-22 00:00:00-04:00,898.6403554298143,908.0485348483567,897.1653640966697,906.085205078125,1391800,0.0,0.0
2024-10-23 00:00:00-04:00,902.5670838151452,904.8892462468035,888.7238934229458,900.205078125,2646600,0.0,0.0
2024-10-24 00:00:00-04:00,895.3016861683037,896.966039453724,885.2855775602843,888.3153076171875,1797100,0.0,0.0
2024-10-25 00:00:00-04:00,896.6969436995635,897.9228386692985,886.4516297479163,889.690673828125,2228300,0.0,0.0
2024-10-28 00:00:00-04:00,891.853318396568,895.1820857603608,887.7771401708175,892.5709228515625,2084100,0.0,0.0
2024-10-29 00:00:00-04:00,895.1821040290267,904.9191274298586,895.1821040290267,900.5339965820312,3187500,0.0,0.0
2024-10-30 00:00:00-04:00,795.808245839857,857.5992430121439,766.4076907336882,843.975341796875,18257200,0.0,0.0
2024-10-31 00:00:00-04:00,833.6900683536426,850.6227839870064,822.4580409497061,826.94287109375,6582800,0.0,0.0
2024-11-01 00:00:00-04:00,825.2087430982082,830.1918876821345,813.9767157406295,816.1693115234375,5266300,0.0,0.0
2024-11-04 00:00:00-05:00,802.2863137367788,817.4251100900316,800.9707562085142,803.4224853515625,3918100,0.0,0.0
2024-11-05 00:00:00-05:00,801.1202493551813,806.4821178617278,794.8015951778218,803.3427124023438,3733300,0.0,0.0
2024-11-06 00:00:00-05:00,814.574722290243,817.963224079313,765.0223013603501,773.7627563476562,8257900,0.0,0.0
2024-11-07 00:00:00-05:00,782.0048811519114,799.8445017460713,775.5666366380746,794.76171875,4557600,0.0,0.0
2024-11-08 00:00:00-05:00,800.7913625056343,844.4138311768577,798.5589233870476,828.73681640625,7212900,0.0,0.0
2024-11-11 00:00:00-05:00,828.4976174830515,841.1548170620698,821.8501195510614,829.6337890625,3342800,0.0,0.0
2024-11-12 00:00:00-05:00,827.4013471338542,831.1785488675612,807.9869742772371,816.0995483398438,3378600,0.0,0.0
2024-11-13 00:00:00-05:00,817.5546248770306,826.3149709915465,808.555036730307,809.0733032226562,3059300,0.0,0.0
2024-11-14 00:00:00-05:00,806.4621504914285,806.4621504914285,780.8687273702446,783.5795288085938,3998800,0.0,0.0
2024-11-15 00:00:00-05:00,773.8563126052359,776.6414905637881,742.9196396670959,744.9161987304688,7334600,1.3,0.0
2024-11-18 00:00:00-05:00,731.9285368960076,732.7371408403832,710.1760488868379,725.9488525390625,9154400,0.0,0.0
2024-11-19 00:00:00-05:00,715.0775933414794,728.7440422700231,711.1942714245042,728.4744873046875,5832500,0.0,0.0
2024-11-20 00:00:00-05:00,734.524088721214,756.0669784871258,734.194700339169,752.11376953125,5158900,0.0,0.0
2024-11-21 00:00:00-05:00,744.8363107513846,751.704478724903,733.7354473609611,748.6297607421875,4143200,0.0,0.0
2024-11-22 00:00:00-05:00,755.7475085427989,759.9702724014043,743.7981317749718,746.7230834960938,4015500,0.0,0.0
2024-11-25 00:00:00-05:00,748.7096521238617,753.7010498046875,738.7368493063955,753.7010498046875,5690500,0.0,0.0
2024-11-26 00:00:00-05:00,783.8490684694092,805.6115491857971,772.618424196373,787.9619750976562,6622600,0.0,0.0
2024-11-27 00:00:00-05:00,786.7640364630666,793.4625138582226,778.957483443614,786.8339233398438,2714700,0.0,0.0
2024-11-29 00:00:00-05:00,789.9685252686276,798.9530406716499,787.9719662901781,793.9815673828125,2206900,0.0,0.0
2024-12-02 00:00:00-05:00,796.7368553644776,803.9643893611417,793.8518129201846,798.4239501953125,2895600,0.0,0.0
2024-12-03 00:00:00-05:00,801.5485331299794,815.7241138889482,800.2307969087649,811.9306640625,2782100,0.0,0.0
2024-12-04 00:00:00-05:00,826.6752349578421,845.0036930040319,819.0883350805257,828.4122924804688,3871100,0.0,0.0
2024-12-05 00:00:00-05:00,826.3558417876193,829.7000537730628,816.0535899358769,824.1995239257812,2423400,0.0,0.0
2024-12-06 00:00:00-05:00,826.2559605497424,839.553050661371,824.2693941144798,825.2876586914062,3047100,0.0,0.0
2024-12-09 00:00:00-05:00,822.2828271722186,822.2828271722186,799.9014180920856,802.1974487304688,3176000,0.0,0.0
2024-12-10 00:00:00-05:00,807.8776765684402,812.5995191414805,795.6287675132186,798.204345703125,2695200,0.0,0.0
2024-12-11 00:00:00-05:00,793.8817741675532,798.124462052133,785.0170473131254,794.6604614257812,3510900,0.0,0.0
2024-12-12 00:00:00-05:00,795.3592318259971,800.4604865401031,777.050819334758,781.0039672851562,2823800,0.0,0.0
2024-12-13 00:00:00-05:00,775.7929674184466,792.8835079080717,771.6600755868521,787.7623291015625,3059400,0.0,0.0
2024-12-16 00:00:00-05:00,790.6373624789394,798.4040062204673,773.9161808861082,777.6597290039062,3426200,0.0,0.0
2024-12-17 00:00:00-05:00,776.5216933232816,786.6442622860865,771.1010428376741,777.2803955078125,3924800,0.0,0.0
2024-12-18 00:00:00-05:00,773.666622396073,777.6597404471495,761.1881284864589,763.3943481445312,3354200,0.0,0.0
2024-12-19 00:00:00-05:00,763.7836239115748,771.6400787313105,751.1055229586552,756.2366333007812,4032600,0.0,0.0
2024-12-20 00:00:00-05:00,809.9540566663088,809.9540566663088,765.2910411046539,766.4390869140625,9942300,0.0,0.0
2024-12-23 00:00:00-05:00,783.8191025625744,797.9846911880586,771.73994491362,794.9100341796875,3622300,0.0,0.0
2024-12-24 00:00:00-05:00,790.0084357661802,796.3774637919458,785.7457628427845,794.301025390625,1165400,0.0,0.0
2024-12-26 00:00:00-05:00,792.7536965533594,802.5268307372023,790.13820918763,792.773681640625,1274200,0.0,0.0
2024-12-27 00:00:00-05:00,788.6408371239525,791.9351474221116,777.8793544291319,781.8225708007812,2096500,0.0,0.0
2024-12-30 00:00:00-05:00,776.5816036506864,778.4184648158086,769.6735262858384,772.5086669921875,1719100,0.0,0.0
2024-12-31 00:00:00-05:00,769.6734734569807,772.5784399132945,762.9849888038161,770.6717529296875,2327000,0.0,0.0
2025-01-02 00:00:00-05:00,779.2470070324358,785.6459516976091,770.4421746967107,776.7313232421875,1938900,0.0,0.0
2025-01-03 00:00:00-05:00,776.8311400685233,784.4879876895664,774.1957285001358,780.6345825195312,1799100,0.0,0.0
2025-01-06 00:00:00-05:00,782.3715900128467,783.4198322447171,762.0366412248377,763.7836303710938,3991100,0.0,0.0
2025-01-07 00:00:00-05:00,763.5840149816938,782.6112198408923,760.3096289706801,771.9595336914062,3576100,0.0,0.0
2025-01-08 00:00:00-05:00,772.4986236791443,791.1963787598531,769.3440264153058,785.8655395507812,3478400,0.0,0.0
2025-01-10 00:00:00-05:00,790.5674843396371,798.6236072897904,783.5096408985961,798.5238037109375,3973100,0.0,0.0
2025-01-13 00:00:00-05:00,793.0332531891509,803.9544332739637,782.2617784701215,796.10791015625,3683800,0.0,0.0
2025-01-14 00:00:00-05:00,782.8807142589969,782.8807142589969,727.7457568680019,743.6283569335938,10373000,0.0,0.0
2025-01-15 00:00:00-05:00,747.7113827617244,753.3017238682573,734.0050240413232,745.4552612304688,5736900,0.0,0.0
2025-01-16 00:00:00-05:00,746.2139104249436,764.1929335874834,745.1158273702889,756.2965087890625,3070300,0.0,0.0
2025-01-17 00:00:00-05:00,746.5433807165151,753.9805752290594,723.7626350571026,724.4713745117188,5560100,0.0,0.0
2025-01-21 00:00:00-05:00,730.0118610435184,742.0012074490701,725.2800260169132,741.07275390625,5122800,0.0,0.0
2025-01-22 00:00:00-05:00,744.2972282237267,759.0617597279493,737.7784340038193,752.6827392578125,3737800,0.0,0.0
2025-01-23 00:00:00-05:00,746.373650070958,765.2810668945312,742.969543667049,765.2810668945312,3127200,0.0,0.0
2025-01-24 00:00:00-05:00,760.6390573227955,787.931984018293,759.1815473560523,784.0586547851562,4170600,0.0,0.0
2025-01-27 00:00:00-05:00,777.3702654101281,807.8576999555247,777.3702654101281,806.779541015625,3915200,0.0,0.0
2025-01-28 00:00:00-05:00,805.8511704810596,814.7458753514696,798.7334324479352,803.6050415039062,2808800,0.0,0.0
2025-01-29 00:00:00-05:00,805.6015607625011,807.7279009634832,797.6253173379448,802.6965942382812,1827600,0.0,0.0
2025-01-30 00:00:00-05:00,807.01908939501,823.2012217363033,803.6149831699759,821.8135986328125,2643000,0.0,0.0
2025-01-31 00:00:00-05:00,821.5840451329641,825.9265366738198,809.6346685225188,809.6845703125,2562600,0.0,0.0
2025-02-03 00:00:00-05:00,802.8862696459171,816.5527183816666,800.3705858186629,809.03564453125,2808800,0.0,0.0
2025-02-04 00:00:00-05:00,809.654565291794,827.6136035040412,804.5533717393162,824.6487426757812,4299700,0.0,0.0
2025-02-05 00:00:00-05:00,833.7131448979034,845.4429289680448,829.630154952735,840.7310180664062,4578900,0.0,0.0
2025-02-06 00:00:00-05:00,838.0756591483605,886.2126693338952,834.172352025007,868.87255859375,7138500,0.0,0.0
2025-02-07 00:00:00-05:00,875.0219832852904,887.8298657504711,868.1238376309657,876.7988891601562,4426100,0.0,0.0
2025-02-10 00:00:00-05:00,876.2198813953873,878.4859954494782,857.8914836590178,867.3851318359375,3065600,0.0,0.0
2025-02-11 00:00:00-05:00,865.5383164454574,872.685970957883,859.019521971245,863.5117797851562,1944200,0.0,0.0
2025-02-12 00:00:00-05:00,855.4556364853055,876.2698004203844,854.6370399914755,871.468017578125,2533400,0.0,0.0
2025-02-13 00:00:00-05:00,875.5610436911925,881.979973823474,866.3069728552955,870.3599853515625,2472900,0.0,0.0
2025-02-14 00:00:00-05:00,869.0999755859375,873.5,841.489990234375,844.27001953125,3222300,1.5,0.0
2025-02-18 00:00:00-05:00,856.4199829101562,862.72998046875,851.3599853515625,857.2000122070312,4289400,0.0,0.0
2025-02-19 00:00:00-05:00,857.1799926757812,881.3300170898438,857.1799926757812,867.0499877929688,3205500,0.0,0.0
2025-02-20 00:00:00-05:00,866.8400268554688,880.3200073242188,864.0,873.1199951171875,2990300,0.0,0.0
2025-02-21 00:00:00-05:00,880.6199951171875,894.4000244140625,873.4299926757812,873.6799926757812,3940400,0.0,0.0
2025-02-24 00:00:00-05:00,879.2899780273438,893.1099853515625,870.02001953125,881.4000244140625,3017100,0.0,0.0
2025-02-25 00:00:00-05:00,890.739990234375,912.0,890.739990234375,901.7999877929688,5111300,0.0,0.0
2025-02-26 00:00:00-05:00,898.3699951171875,922.4299926757812,896.5999755859375,915.010009765625,3032800,0.0,0.0
2025-02-27 00:00:00-05:00,915.719970703125,925.5,904.0599975585938,905.1599731445312,3085400,0.0,0.0
2025-02-28 00:00:00-05:00,901.8400268554688,921.219970703125,892.6099853515625,920.6300048828125,4071100,0.0,0.0
2025-03-03 00:00:00-05:00,912.7999877929688,935.6300048828125,910.0,929.719970703125,3979800,0.0,0.0
2025-03-04 00:00:00-05:00,922.239990234375,929.1599731445312,902.7899780273438,911.0599975585938,3343500,0.0,0.0
2025-03-05 00:00:00-05:00,904.7999877929688,930.489990234375,901.6400146484375,929.719970703125,3109500,0.0,0.0
2025-03-06 00:00:00-05:00,920.4199829101562,931.3800048828125,898.280029296875,912.760009765625,3273100,0.0,0.0
2025-03-07 00:00:00-05:00,905.3900146484375,908.0,861.3900146484375,869.5800170898438,4818100,0.0,0.0
2025-03-10 00:00:00-04:00,853.9099731445312,863.1900024414062,825.780029296875,829.760009765625,5962900,0.0,0.0
2025-03-11 00:00:00-04:00,827.2000122070312,832.3499755859375,811.6400146484375,824.0599975585938,3796500,0.0,0.0
2025-03-12 00:00:00-04:00,814.9500122070312,834.6500244140625,813.260009765625,821.8599853515625,3014800,0.0,0.0
2025-03-13 00:00:00-04:00,818.239990234375,821.1099853515625,795.3800048828125,801.6500244140625,3566300,0.0,0.0
2025-03-14 00:00:00-04:00,803.1099853515625,815.2100219726562,800.0,813.47998046875,3102300,0.0,0.0
2025-03-17 00:00:00-04:00,816.9500122070312,829.0,814.5700073242188,824.760009765625,2546600,0.0,0.0
2025-03-18 00:00:00-04:00,833.4199829101562,836.2899780273438,812.6199951171875,822.510009765625,2354900,0.0,0.0
2025-03-19 00:00:00-04:00,821.719970703125,842.1300048828125,819.5,837.010009765625,3790500,0.0,0.0
2025-03-20 00:00:00-04:00,839.030029296875,854.3900146484375,832.4600219726562,842.5700073242188,4402700,0.0,0.0
2025-03-21 00:00:00-04:00,837.7999877929688,850.4299926757812,825.3200073242188,837.5700073242188,5963800,0.0,0.0
2025-03-24 00:00:00-04:00,845.3200073242188,866.8699951171875,837.760009765625,864.9000244140625,3102400,0.0,0.0
2025-03-25 00:00:00-04:00,869.5499877929688,874.9199829101562,847.9199829101562,852.3499755859375,2670600,0.0,0.0
2025-03-26 00:00:00-04:00,845.6900024414062,851.4099731445312,826.4000244140625,826.760009765625,2562100,0.0,0.0
2025-03-27 00:00:00-04:00,822.8200073242188,826.77001953125,815.2899780273438,821.6699829101562,2128200,0.0,0.0
2025-03-28 00:00:00-04:00,820.0,829.780029296875,817.4299926757812,822.510009765625,2124700,0.0,0.0
2025-03-31 00:00:00-04:00,808.97998046875,828.010009765625,789.4000244140625,825.9099731445312,3737000,0.0,0.0
2025-04-01 00:00:00-04:00,818.5999755859375,820.6599731445312,797.0,805.22998046875,2987700,0.0,0.0
2025-04-02 00:00:00-04:00,795.0399780273438,819.8499755859375,795.0399780273438,818.219970703125,2683800,0.0,0.0
2025-04-03 00:00:00-04:00,810.510009765625,818.7899780273438,787.0599975585938,789.0900268554688,2675100,0.0,0.0
2025-04-04 00:00:00-04:00,762.1099853515625,768.27001953125,734.7000122070312,738.2100219726562,5299400,0.0,0.0
2025-04-07 00:00:00-04:00,697.9299926757812,748.0,677.0900268554688,723.72998046875,6274400,0.0,0.0
2025-04-08 00:00:00-04:00,754.97998046875,763.5,713.280029296875,726.239990234375,4115200,0.0,0.0
2025-04-09 00:00:00-04:00,704.4000244140625,754.8300170898438,689.0,753.7100219726562,6619000,0.0,0.0
2025-04-10 00:00:00-04:00,738.9000244140625,741.9500122070312,691.77001953125,720.9099731445312,4182700,0.0,0.0
2025-04-11 00:00:00-04:00,722.8900146484375,735.8400268554688,711.97998046875,732.4099731445312,3603400,0.0,0.0
2025-04-14 00:00:00-04:00,750.4500122070312,759.5599975585938,734.52001953125,754.3499755859375,3461200,0.0,0.0
2025-04-15 00:00:00-04:00,755.5700073242188,765.3099975585938,751.489990234375,757.1799926757812,2458100,0.0,0.0
2025-04-16 00:00:00-04:00,755.6400146484375,756.2999877929688,730.3400268554688,734.9000244140625,3302600,0.0,0.0
2025-04-17 00:00:00-04:00,840.7999877929688,858.0,821.8400268554688,839.9600219726562,10846400,0.0,0.0
2025-04-21 00:00:00-04:00,841.510009765625,843.9099731445312,807.0,818.02001953125,3326600,0.0,0.0
2025-04-22 00:00:00-04:00,821.8800048828125,832.0,814.0,827.5399780273438,3086500,0.0,0.0
2025-04-23 00:00:00-04:00,836.9600219726562,846.010009765625,818.6400146484375,829.4199829101562,2714600,0.0,0.0
2025-04-24 00:00:00-04:00,836.0,862.25,829.2100219726562,859.72998046875,2937000,0.0,0.0
