Date,Open,High,Low,Close,Volume,Dividends,Stock Splits
2020-04-27 00:00:00-04:00,66.48211554831607,69.29755678800453,66.15473500754511,68.73283386230469,12786753,0.0,0.0
2020-04-28 00:00:00-04:00,66.4411849975586,67.30054904022757,65.61456031543449,66.4411849975586,20273560,0.0,0.0
2020-04-29 00:00:00-04:00,67.26782072078687,67.26782072078687,64.68153539980666,66.10562896728516,13687194,0.0,0.0
2020-04-30 00:00:00-04:00,65.32811735257023,65.80281526180814,64.77157429926233,64.93526458740234,11638878,0.0,0.0
2020-05-01 00:00:00-04:00,64.54240332145653,64.54240332145653,62.962805991240145,63.56845474243164,9518565,0.0,0.0
2020-05-04 00:00:00-04:00,63.854914431260475,63.863100908413614,62.381721548650084,62.90552520751953,8850255,0.0,0.0
2020-05-05 00:00:00-04:00,63.22470650167381,64.49329622570016,62.83185379631638,63.84672164916992,7401395,0.0,0.0
2020-05-06 00:00:00-04:00,64.12500470107739,64.36235365026585,63.08558382866907,63.118316650390625,12414922,0.0,0.0
2020-05-07 00:00:00-04:00,63.02010167760758,63.118313225336415,61.73514544833394,61.87428283691406,12602410,0.0,0.0
2020-05-08 00:00:00-04:00,62.61087879375719,62.987358552217124,62.177100243948665,62.52903366088867,8791672,0.0,0.0
2020-05-11 00:00:00-04:00,62.2262217898351,63.89585114451729,62.13619670161971,63.76490020751953,10622528,0.0,0.0
2020-05-12 00:00:00-04:00,63.96130738521248,64.41145234583901,63.11830971159397,63.175601959228516,9544660,0.0,0.0
2020-05-13 00:00:00-04:00,62.741845875290565,64.49331384723689,62.67636713453392,63.74852752685547,10935146,0.0,0.0
2020-05-14 00:00:00-04:00,63.24926601611759,65.5818296076573,63.232899605658666,65.516357421875,11407585,0.0,0.0
2020-05-15 00:00:00-04:00,65.56545264463807,65.92556596834804,64.51784548915775,65.29536437988281,9367234,0.0,0.0
2020-05-18 00:00:00-04:00,66.29387655196884,66.29387655196884,64.84523000164687,65.24626922607422,12552630,0.0,0.0
2020-05-19 00:00:00-04:00,65.04166017768321,65.25445623548438,63.306558894032705,63.47024917602539,10591822,0.0,0.0
2020-05-20 00:00:00-04:00,63.86310713283398,64.03497736217523,62.758207455227165,62.930084228515625,11027685,0.0,0.0
2020-05-21 00:00:00-04:00,62.82367499093784,63.04465096069599,62.42263580204129,62.651798248291016,9000329,0.0,0.0
2020-05-22 00:00:00-04:00,62.340807218466345,62.74184651382608,62.258962063661436,62.50449752807617,6357482,0.0,0.0
2020-05-26 00:00:00-04:00,64.05135901481364,64.32962731951208,62.94645918718624,63.232913970947266,19146017,0.0,0.0
2020-05-27 00:00:00-04:00,63.02010417251883,63.543907839738104,62.201659306502044,63.47024917602539,12828987,0.0,0.0
2020-05-28 00:00:00-04:00,64.32961439209018,65.71278224646014,64.25595572717344,64.68972778320312,13180906,0.0,0.0
2020-05-29 00:00:00-04:00,65.03347163337311,66.24476921130442,64.09226235775058,66.06471252441406,13517104,0.0,0.0
2020-06-01 00:00:00-04:00,65.6227478618569,65.85191030151708,64.76337726122593,65.11531066894531,6269241,0.0,0.0
2020-06-02 00:00:00-04:00,65.09895198248257,66.17929213072274,64.5178560661728,66.16292572021484,11352984,0.0,0.0
2020-06-03 00:00:00-04:00,66.29387968316077,67.39877931386685,66.17929517249901,67.16143035888672,13675457,0.0,0.0
2020-06-04 00:00:00-04:00,66.51484955447884,67.24326930751214,66.16292266520925,66.7440185546875,9292930,0.0,0.0
2020-06-05 00:00:00-04:00,67.2023393343083,68.03715051530995,66.69490867978742,67.32510375976562,10413347,0.0,0.0
2020-06-08 00:00:00-04:00,66.41663402502499,68.09444286593906,66.41663402502499,67.84890747070312,9956838,0.0,0.0
2020-06-09 00:00:00-04:00,68.08625628549288,68.34815808909912,67.2105258106541,67.32510375976562,8846168,0.0,0.0
2020-06-10 00:00:00-04:00,67.47243645920742,67.75070470803745,66.28569171106344,66.92407989501953,9080920,0.0,0.0
2020-06-11 00:00:00-04:00,66.13836302681813,66.83403680143596,63.306549072265625,63.306549072265625,14303838,0.0,0.0
2020-06-12 00:00:00-04:00,64.25525128365857,64.28825089246745,62.25887718816648,62.94358444213867,17000656,0.582061,0.0
2020-06-15 00:00:00-04:00,61.796912181341646,62.17638461600549,60.691474699938276,61.06270217895508,17684162,0.0,0.0
2020-06-16 00:00:00-04:00,62.184632904470604,63.85927565201039,61.730909721040966,63.496299743652344,21437050,0.0,0.0
2020-06-17 00:00:00-04:00,63.81802383147723,63.89226799574962,62.39086182193099,62.935325622558594,13983045,0.0,0.0
2020-06-18 00:00:00-04:00,62.39087118426749,62.92709011108291,62.1681320620628,62.877593994140625,7750903,0.0,0.0
2020-06-19 00:00:00-04:00,63.628285323800576,64.32948901397025,62.53935110987686,64.26349639892578,17691393,0.0,0.0
2020-06-22 00:00:00-04:00,63.82627486459777,64.04075580543692,63.050820431232005,63.31480407714844,7474231,0.0,0.0
2020-06-23 00:00:00-04:00,63.93351302402994,64.8574557990011,63.4303003749489,63.620033264160156,11428650,0.0,0.0
2020-06-24 00:00:00-04:00,63.29831767652175,63.43030952054867,62.24238292430641,62.5888557434082,8084901,0.0,0.0
2020-06-25 00:00:00-04:00,62.40736281111037,63.488045535747766,62.12688263838236,63.16632080078125,7583328,0.0,0.0
2020-06-26 00:00:00-04:00,62.984813459153344,63.298299771511154,61.871137949419555,62.02787780761719,12328882,0.0,0.0
2020-06-29 00:00:00-04:00,62.61360279698128,63.116822106505126,62.30012299694419,62.79509735107422,7230990,0.0,0.0
2020-06-30 00:00:00-04:00,63.31479518089692,64.06549485826287,62.86107211648677,63.79326629638672,9940804,0.0,0.0
2020-07-01 00:00:00-04:00,63.87576500902006,65.12143236264808,63.620026341194475,64.44497680664062,9948769,0.0,0.0
2020-07-02 00:00:00-04:00,64.81621216032887,65.42667518410367,64.52748045129582,64.98944854736328,6827825,0.0,0.0
2020-07-06 00:00:00-04:00,65.36892627982505,66.01238889707025,65.08844612654462,65.64940643310547,8058282,0.0,0.0
2020-07-07 00:00:00-04:00,65.1709330715808,65.7318999553945,64.83270526968069,64.93994903564453,6956414,0.0,0.0
2020-07-08 00:00:00-04:00,64.86570609877286,65.1379412938171,63.91701528715225,64.27999114990234,8211394,0.0,0.0
2020-07-09 00:00:00-04:00,64.29649491595256,64.63472272774298,62.72908953462788,63.26530838012695,7966058,0.0,0.0
2020-07-10 00:00:00-04:00,63.314798199629486,63.80976584078405,63.026066525959095,63.298301696777344,5161400,0.0,0.0
2020-07-13 00:00:00-04:00,63.521048382563606,64.82447027845978,63.29831586238172,63.80978012084961,8114245,0.0,0.0
2020-07-14 00:00:00-04:00,63.96650072501188,64.84919877613447,63.81801242301171,64.55221557617188,8397100,0.0,0.0
2020-07-15 00:00:00-04:00,65.36892885215151,65.9711403377521,65.03895257624636,65.53392028808594,7709717,0.0,0.0
2020-07-16 00:00:00-04:00,65.81438760746484,65.83913565842857,64.96468913379755,65.50090789794922,5850774,0.0,0.0
2020-07-17 00:00:00-04:00,65.76490108457969,66.20212111259765,65.42667327483548,65.88864135742188,8191378,0.0,0.0
2020-07-20 00:00:00-04:00,65.8886429098714,66.1608781125019,65.22868377922437,65.50917053222656,5434194,0.0,0.0
2020-07-21 00:00:00-04:00,65.7648997213909,66.09487597411804,64.99769685374538,65.08019256591797,8967526,0.0,0.0
2020-07-22 00:00:00-04:00,65.43492013855817,65.79790260942669,64.36248901871592,64.98944854736328,12362103,0.0,0.0
2020-07-23 00:00:00-04:00,65.29467186952876,65.33591642243553,63.94175423313528,64.39547729492188,11558916,0.0,0.0
2020-07-24 00:00:00-04:00,64.22225420329121,64.33774954068726,62.99308303741872,63.603546142578125,9068763,0.0,0.0
2020-07-27 00:00:00-04:00,63.03432104558472,65.2864337187679,62.95183192284259,65.11319732666016,10958307,0.0,0.0
2020-07-28 00:00:00-04:00,65.32767091286233,66.16911782946096,65.14617641292404,65.74014282226562,8494564,0.0,0.0
2020-07-29 00:00:00-04:00,65.37719816830683,65.78141872143608,64.95647450952139,65.4596939086914,6398040,0.0,0.0
2020-07-30 00:00:00-04:00,64.94820927774603,65.40193245631833,64.04076292060142,65.1626968383789,7152600,0.0,0.0
2020-07-31 00:00:00-04:00,66.73009812764366,67.38181238348562,65.29469096563695,66.19388580322266,12291154,0.0,0.0
2020-08-03 00:00:00-04:00,67.76950870823751,69.1306711403535,67.53027317951944,68.09123992919922,10601463,0.0,0.0
2020-08-04 00:00:00-04:00,68.09950213719566,68.09950213719566,66.87858273211745,67.37355041503906,7218729,0.0,0.0
2020-08-05 00:00:00-04:00,67.70351729161408,68.03350009848624,66.94456607015549,67.34879302978516,6492465,0.0,0.0
2020-08-06 00:00:00-04:00,67.20032552498049,67.96752193690973,66.47436708273118,66.86209106445312,7256562,0.0,0.0
2020-08-07 00:00:00-04:00,66.64760078855366,66.83733367919922,66.02063466811106,66.83733367919922,6977584,0.0,0.0
2020-08-10 00:00:00-04:00,66.82908537224753,66.99407019949035,66.24337043704044,66.74658966064453,5782445,0.0,0.0
2020-08-11 00:00:00-04:00,67.43954176537602,67.53854057687754,66.51559902977084,66.74658966064453,7636671,0.0,0.0
2020-08-12 00:00:00-04:00,67.12607379337356,68.39649610216946,67.10132573514795,68.20675659179688,7295652,0.0,0.0
2020-08-13 00:00:00-04:00,67.7530270245647,68.99044948689851,67.65402821464605,68.91619873046875,7455262,0.0,0.0
2020-08-14 00:00:00-04:00,68.78421875305506,69.65042056215508,68.61098234881358,68.86671447753906,7390496,0.0,0.0
2020-08-17 00:00:00-04:00,69.5266548970738,70.2691096209156,69.30392243749871,69.9226303100586,8764319,0.0,0.0
2020-08-18 00:00:00-04:00,70.02989515175416,70.12888738581975,69.10595224322503,69.75765991210938,6551572,0.0,0.0
2020-08-19 00:00:00-04:00,69.75764760450414,70.70633840416856,69.75764760450414,70.14537811279297,6896050,0.0,0.0
2020-08-20 00:00:00-04:00,69.95563863366743,70.37636215018077,69.61741082964187,70.14537811279297,6380434,0.0,0.0
2020-08-21 00:00:00-04:00,70.20314006807607,70.26913269392779,69.39468587863134,70.10414123535156,6890495,0.0,0.0
2020-08-24 00:00:00-04:00,70.28561515443585,70.50835423859458,69.69165525661802,70.46710968017578,7582280,0.0,0.0
2020-08-25 00:00:00-04:00,70.87134198970962,71.18482179337407,70.28562694771996,70.68160247802734,10245982,0.0,0.0
2020-08-26 00:00:00-04:00,70.37638442322715,70.68161271966503,69.84016542033321,70.56612396240234,7844175,0.0,0.0
2020-08-27 00:00:00-04:00,70.49186800696516,71.07757644006726,70.18663316552467,70.7970962524414,6464902,0.0,0.0
2020-08-28 00:00:00-04:00,70.84657692952743,70.84657692952743,70.04637450949193,70.6568374633789,6134049,0.0,0.0
2020-08-31 00:00:00-04:00,70.61561140396742,70.88784664826689,70.23613237227512,70.34337615966797,7929273,0.0,0.0
2020-09-01 00:00:00-04:00,70.40935715474806,70.78058453871027,69.22968239476027,69.65040588378906,6797433,0.0,0.0
2020-09-02 00:00:00-04:00,69.6916617474851,71.94377446921814,69.51841875567892,71.71278381347656,11571597,0.0,0.0
2020-09-03 00:00:00-04:00,72.33974261100315,72.43048988136788,70.0711400034506,70.52485656738281,12983672,0.0,0.0
2020-09-04 00:00:00-04:00,70.57435088152656,71.67978162345212,69.5019197457985,70.31861877441406,9359688,0.0,0.0
2020-09-08 00:00:00-04:00,70.89608730462929,70.89608730462929,68.47073809984624,68.74297332763672,9095592,0.0,0.0
2020-09-09 00:00:00-04:00,69.10593816303079,70.79708373292958,69.01519749894703,70.0216293334961,8862307,0.0,0.0
2020-09-10 00:00:00-04:00,69.89789856939191,70.02163885358571,68.70172709826932,68.94095611572266,6907578,0.0,0.0
2020-09-11 00:00:00-04:00,69.16368314233351,70.02162662282576,69.11418703730155,69.691650390625,7171254,0.0,0.0
2020-09-14 00:00:00-04:00,69.96587206308226,70.71372689927583,69.57532151462038,69.93263244628906,8575994,0.582061,0.0
2020-09-15 00:00:00-04:00,70.40626957066846,70.7718854105995,69.5088464566789,69.97417449951172,10826678,0.0,0.0
2020-09-16 00:00:00-04:00,70.21516024279867,71.54467862026662,70.21516024279867,71.10427856445312,10380230,0.0,0.0
2020-09-17 00:00:00-04:00,70.94638989885141,71.27046120902155,70.17360702226757,71.16243743896484,8090455,0.0,0.0
2020-09-18 00:00:00-04:00,71.10427126453351,71.71086271623923,70.58077553338073,71.30369567871094,12308446,0.0,0.0
2020-09-21 00:00:00-04:00,70.5641497703357,70.91314912606295,68.21256820656099,69.07675170898438,10445311,0.0,0.0
2020-09-22 00:00:00-04:00,69.05183612047583,69.44238008344566,68.30398117236567,68.91888427734375,8143170,0.0,0.0
2020-09-23 00:00:00-04:00,69.04351008745091,69.65010814284089,68.61972659150837,68.6612777709961,7085842,0.0,0.0
2020-09-24 00:00:00-04:00,68.22087354258682,69.36757706450078,68.01313094595422,69.09336853027344,7844280,0.0,0.0
2020-09-25 00:00:00-04:00,68.2624321965735,69.16816698435737,67.97160047384875,68.91056823730469,6932101,0.0,0.0
2020-09-28 00:00:00-04:00,69.13490286369591,69.55037470779375,68.60309571416178,68.769287109375,6123674,0.0,0.0
2020-09-29 00:00:00-04:00,68.70282345786593,69.09337398948705,67.88849606713725,68.0546875,6742413,0.0,0.0
2020-09-30 00:00:00-04:00,68.35384171944769,69.2346485678573,68.15441726377523,68.92720031738281,11593605,0.0,0.0
2020-10-01 00:00:00-04:00,69.11830034830038,69.25125216254912,67.51456701269463,67.83863830566406,8410305,0.0,0.0
2020-10-02 00:00:00-04:00,67.14063262939453,67.92172694825697,66.84980098125193,67.14063262939453,5255406,0.0,0.0
2020-10-05 00:00:00-04:00,67.49795118275081,67.75554324912865,66.99107197075995,67.50625610351562,8807182,0.0,0.0
2020-10-06 00:00:00-04:00,67.41486437738546,67.42316929924787,66.0770344804744,66.16844177246094,10273230,0.0,0.0
2020-10-07 00:00:00-04:00,66.55066165979848,66.76670917858034,66.06871716859612,66.50911712646484,9845226,0.0,0.0
2020-10-08 00:00:00-04:00,66.79995644565477,67.99652285636452,66.60883695376155,66.87474060058594,9217160,0.0,0.0
2020-10-09 00:00:00-04:00,67.20713483290979,67.37331965729223,66.51744754771137,66.77503967285156,5956098,0.0,0.0
2020-10-12 00:00:00-04:00,66.89967995212292,67.07418298704097,66.40111219109934,66.77503967285156,8276370,0.0,0.0
2020-10-13 00:00:00-04:00,66.72516914788501,67.24866485168292,66.50912161452418,67.06585693359375,9125774,0.0,0.0
2020-10-14 00:00:00-04:00,67.18219259782305,67.24866518475892,66.53404999453035,66.89966583251953,9166122,0.0,0.0
2020-10-15 00:00:00-04:00,66.30969773793893,66.42603308200262,65.46213064243905,65.6948013305664,9151974,0.0,0.0
2020-10-16 00:00:00-04:00,65.89421763381505,66.72516813942806,65.7363377685816,66.3346176147461,7903492,0.0,0.0
2020-10-19 00:00:00-04:00,66.5755911292898,66.8830459294774,65.08819315879975,65.37071990966797,8614455,0.0,0.0
2020-10-20 00:00:00-04:00,65.62002414889153,65.62002414889153,64.88048067823594,65.03836059570312,11144746,0.0,0.0
2020-10-21 00:00:00-04:00,65.03003410093628,65.52029018162754,64.83891462109939,64.87215423583984,9689808,0.0,0.0
2020-10-22 00:00:00-04:00,64.89709147787501,66.0188671778393,64.89709147787501,65.81944274902344,6075990,0.0,0.0
2020-10-23 00:00:00-04:00,65.86097801904575,66.99107176970931,65.86097801904575,66.3346176147461,7309381,0.0,0.0
2020-10-26 00:00:00-04:00,65.91915382464747,66.3096977536234,65.03004218830735,65.51199340820312,9122840,0.0,0.0
2020-10-27 00:00:00-04:00,65.58676605669524,66.66699700705108,64.80567169189453,64.80567169189453,12241374,0.0,0.0
2020-10-28 00:00:00-04:00,64.09105793246827,64.58962556305931,63.168706819284395,63.301658630371094,8989954,0.0,0.0
2020-10-29 00:00:00-04:00,63.29333673043443,63.64233600803909,62.04691453552371,63.060672760009766,9314310,0.0,0.0
2020-10-30 00:00:00-04:00,62.636903184676086,63.06068669169139,61.44033681593814,62.49563980102539,11096748,0.0,0.0
2020-11-02 00:00:00-05:00,63.526025486559234,63.86671997796082,62.852961357940536,63.74207305908203,8145475,0.0,0.0
2020-11-03 00:00:00-05:00,64.37358910174842,65.00511529588637,63.78362073686714,63.91657257080078,7693578,0.0,0.0
2020-11-04 00:00:00-05:00,66.42601915251475,68.87731927801774,66.0936429653621,66.9910659790039,14731422,0.0,0.0
2020-11-05 00:00:00-05:00,68.18764978787044,68.88564195398614,66.84150827649059,66.8581314086914,9277210,0.0,0.0
2020-11-06 00:00:00-05:00,66.01887314274967,67.42317576900078,66.01887314274967,66.77503967285156,6945515,0.0,0.0
2020-11-09 00:00:00-05:00,70.44781670172675,70.77188134252984,66.7667105314759,66.891357421875,11184046,0.0,0.0
2020-11-10 00:00:00-05:00,67.95495911938659,68.1627017032857,67.31513481611641,67.39822387695312,8593914,0.0,0.0
2020-11-11 00:00:00-05:00,68.02975240638628,68.02975240638628,66.96613797647883,67.35668182373047,5741678,0.0,0.0
2020-11-12 00:00:00-05:00,66.9329099516243,67.30683737961694,65.66986427548954,66.35955810546875,7464799,0.0,0.0
2020-11-13 00:00:00-05:00,66.67532618281001,68.01314953874315,66.24323103096025,67.38162994384766,7694206,0.0,0.0
2020-11-16 00:00:00-05:00,67.49793737007751,68.04636100547368,66.22658713988507,66.62544250488281,9503474,0.0,0.0
2020-11-17 00:00:00-05:00,67.35668945712042,68.10454426839388,66.81657061699252,67.72230529785156,9509133,0.0,0.0
2020-11-18 00:00:00-05:00,67.66413543962184,68.11285362700055,66.66700015284742,66.6836166381836,8678174,0.0,0.0
2020-11-19 00:00:00-05:00,67.11570169850806,67.11570169850806,65.91913554626136,66.79994201660156,7037110,0.0,0.0
2020-11-20 00:00:00-05:00,66.86643185580337,67.14895864493182,66.25153546003065,66.84981536865234,8415440,0.0,0.0
2020-11-23 00:00:00-05:00,66.98275705216764,67.43978014093965,65.96069375859679,66.70854187011719,9498548,0.0,0.0
2020-11-24 00:00:00-05:00,66.49250429107722,67.21542438952326,66.2016659660354,66.59221649169922,12790840,0.0,0.0
2020-11-25 00:00:00-05:00,66.5922284481849,66.85813212687702,66.14351682088416,66.52574920654297,6023590,0.0,0.0
2020-11-27 00:00:00-05:00,66.72517396805887,67.04093372610826,66.11027093882794,66.35955810546875,5644528,0.0,0.0
2020-11-30 00:00:00-05:00,66.47587077129683,66.9245822478974,65.98561476557617,66.79994201660156,14501910,0.0,0.0
2020-12-01 00:00:00-05:00,67.26528068801665,68.52001469599553,67.15726356631563,67.76385498046875,10166543,0.0,0.0
2020-12-02 00:00:00-05:00,68.0879216349745,68.75268073384878,67.54780943484572,67.99652099609375,7165805,0.0,0.0
2020-12-03 00:00:00-05:00,68.0879313122467,68.11286601068919,67.15727508548625,67.68077087402344,7085109,0.0,0.0
2020-12-04 00:00:00-05:00,67.42316204851123,68.10454427239029,67.39823399772978,68.08792114257812,8651554,0.0,0.0
2020-12-07 00:00:00-05:00,68.1876342105056,69.35927242974421,68.17932264630396,68.56156158447266,8829190,0.0,0.0
2020-12-08 00:00:00-05:00,68.37874396771957,69.58362174576956,68.3538159201693,69.11829376220703,8664969,0.0,0.0
2020-12-09 00:00:00-05:00,69.65011515722264,69.69997126247958,68.58650052790847,69.35928344726562,7168320,0.0,0.0
2020-12-10 00:00:00-05:00,69.51716168468685,69.7498257183632,68.73606721827831,68.9604263305664,7349205,0.0,0.0
2020-12-11 00:00:00-05:00,68.8440852046963,69.31772479756003,68.56987001138086,68.93548583984375,7979158,0.0,0.0
2020-12-14 00:00:00-05:00,69.20348807239682,69.5803683302188,67.03433563808039,67.26883697509766,13139300,0.620229,0.0
2020-12-15 00:00:00-05:00,67.41960932379808,67.87186440276052,67.00084966075535,67.4028549194336,10087838,0.0,0.0
2020-12-16 00:00:00-05:00,67.23533975787198,67.62897444463725,66.70771003713136,66.85845947265625,9487649,0.0,0.0
2020-12-17 00:00:00-05:00,67.32746994331376,67.46984887672195,66.73283599976595,66.85009002685547,11710038,0.0,0.0
2020-12-18 00:00:00-05:00,66.75796532924782,67.15160004832724,65.70270580113853,66.60721588134766,33161759,0.0,0.0
2020-12-21 00:00:00-05:00,65.99582852964551,66.43970633020427,65.1080662321245,66.40620422363281,11140764,0.0,0.0
2020-12-22 00:00:00-05:00,66.15494983030416,66.99246224862871,65.52681384246002,66.51507568359375,9052414,0.0,0.0
2020-12-23 00:00:00-05:00,66.6574638954796,67.36097469280503,66.6407161894114,66.79984283447266,6056078,0.0,0.0
2020-12-24 00:00:00-05:00,67.00083375146367,67.36096630652678,66.89195693456573,67.11808776855469,2957456,0.0,0.0
2020-12-28 00:00:00-05:00,67.54523519172581,67.95561096418452,67.10972781223029,67.37773132324219,4804242,0.0,0.0
2020-12-29 00:00:00-05:00,67.67085758515913,68.33248913922719,67.63735547325068,68.19011688232422,5708037,0.0,0.0
2020-12-30 00:00:00-05:00,68.39111275843298,68.44973977725488,67.45310054649528,67.49497985839844,5933357,0.0,0.0
2020-12-31 00:00:00-05:00,67.53684004364096,68.62560150667176,67.31908641175421,68.50835418701172,5511118,0.0,0.0
2021-01-04 00:00:00-05:00,68.67586229921974,68.75123701579406,66.90033772558647,67.80484771728516,10502637,0.0,0.0
2021-01-05 00:00:00-05:00,67.56198647397501,68.17336826023651,66.92547977575235,67.922119140625,10956526,0.0,0.0
2021-01-06 00:00:00-05:00,67.48659657230154,69.2956166125965,67.26046571906286,68.9941177368164,10521396,0.0,0.0
2021-01-07 00:00:00-05:00,69.13649701032894,70.66076603538866,68.7344917719702,70.36763763427734,10447931,0.0,0.0
2021-01-08 00:00:00-05:00,70.66076939424698,70.66076939424698,69.13650029673116,69.53850555419922,9563105,0.0,0.0
2021-01-11 00:00:00-05:00,69.93213477536867,71.69090512654827,69.72275161283427,71.18840026855469,13488179,0.0,0.0
2021-01-12 00:00:00-05:00,71.28890284676812,71.30565055404516,69.1364976860587,69.58875274658203,10128606,0.0,0.0
2021-01-13 00:00:00-05:00,69.82326994147766,69.82326994147766,68.86013267462884,68.96063232421875,10093812,0.0,0.0
2021-01-14 00:00:00-05:00,69.0276290631783,69.3458891105549,68.57537394882911,68.81825256347656,11366398,0.0,0.0
2021-01-15 00:00:00-05:00,68.54186601444592,69.93213321857439,68.30735794905254,69.83162689208984,10203538,0.0,0.0
2021-01-19 00:00:00-05:00,69.9907615691198,70.26714227995683,69.22863035835769,69.6725082397461,8467316,0.0,0.0
2021-01-20 00:00:00-05:00,69.72276598270625,69.97402181168894,68.9020076556115,69.0611343383789,11097901,0.0,0.0
2021-01-21 00:00:00-05:00,68.51674936835501,68.92712513946675,67.80486127783858,67.9891128540039,9043716,0.0,0.0
2021-01-22 00:00:00-05:00,67.74621952302266,68.19847451097749,67.63734270218139,67.82159423828125,9436926,0.0,0.0
2021-01-25 00:00:00-05:00,67.59548609835535,67.99749137132811,67.05110186524489,67.9639892578125,9957677,0.0,0.0
2021-01-26 00:00:00-05:00,67.96399639877514,67.96399639877514,67.10973594100167,67.21023559570312,7748283,0.0,0.0
2021-01-27 00:00:00-05:00,66.8836004200899,67.05947478610913,64.35431489464105,64.54694366455078,16230376,0.0,0.0
2021-01-28 00:00:00-05:00,64.55531547831553,65.75295391832462,64.5469382770695,65.25881958007812,12972039,0.0,0.0
2021-01-29 00:00:00-05:00,65.31745204778524,65.63570536485155,63.97743455676686,64.54694366455078,10671470,0.0,0.0
2021-02-01 00:00:00-05:00,65.31744756833602,65.60219875449762,64.77306340731711,64.7898178100586,8224599,0.0,0.0
2021-02-02 00:00:00-05:00,65.14994167553868,66.09633102660473,65.07456695477848,65.13319396972656,9866710,0.0,0.0
2021-02-03 00:00:00-05:00,65.02433594638585,65.45146618395958,64.61395341946779,64.75633239746094,10034810,0.0,0.0
2021-02-04 00:00:00-05:00,64.46319668548222,64.49669879943195,63.265558053524906,63.675933837890625,18867563,0.0,0.0
2021-02-05 00:00:00-05:00,64.01093283291743,64.47156507343198,63.156672570626924,63.48330307006836,13901825,0.0,0.0
2021-02-08 00:00:00-05:00,63.525191649812555,63.8099429100059,62.52855219452729,62.846805572509766,16718534,0.0,0.0
2021-02-09 00:00:00-05:00,62.89705540099061,62.955682433020165,62.27730305212309,62.846805572509766,13484616,0.0,0.0
2021-02-10 00:00:00-05:00,63.08129730910989,63.13154712453345,62.428036315795765,62.72116470336914,11721566,0.0,0.0
2021-02-11 00:00:00-05:00,62.65416992707932,62.89704181346769,62.168412761494054,62.595542907714844,8780982,0.0,0.0
2021-02-12 00:00:00-05:00,62.57879299214986,62.9054235265444,62.42804352846226,62.81330108642578,6738116,0.0,0.0
2021-02-16 00:00:00-05:00,63.1231699558807,63.173419771330295,62.0176539267776,62.185157775878906,9734453,0.0,0.0
2021-02-17 00:00:00-05:00,62.361034877729196,63.70105219288344,62.28565346292389,63.26554489135742,13876463,0.0,0.0
2021-02-18 00:00:00-05:00,63.03941939520794,63.55030145853726,62.846790634214244,63.156673431396484,10004627,0.0,0.0
2021-02-19 00:00:00-05:00,63.181790437045954,63.24041744780731,62.19352854382251,62.23540115356445,12388198,0.0,0.0
2021-02-22 00:00:00-05:00,62.39453657007139,62.86354602579615,61.749652753702485,62.754669189453125,8612464,0.0,0.0
2021-02-23 00:00:00-05:00,63.05617181585342,63.61730367807766,62.36103821494272,62.428035736083984,10900458,0.0,0.0
2021-02-24 00:00:00-05:00,62.64579573609481,63.03942379068162,62.30241750154849,62.45316696166992,9838834,0.0,0.0
2021-02-25 00:00:00-05:00,62.151640817229776,62.813278854177256,62.04276401096765,62.495025634765625,10906955,0.0,0.0
2021-02-26 00:00:00-05:00,62.34427998586929,62.570410835700216,60.753013621886836,60.820011138916016,17644862,0.0,0.0
2021-03-01 00:00:00-05:00,61.31415990622525,61.464909377387,60.45152230741003,60.61902618408203,12594864,0.0,0.0
2021-03-02 00:00:00-05:00,61.00427233402731,61.548656542793275,60.635769191049384,61.01264953613281,16047290,0.0,0.0
2021-03-03 00:00:00-05:00,60.98750597633564,61.74963693914495,60.65249835141538,61.38951110839844,13939972,0.0,0.0
2021-03-04 00:00:00-05:00,61.28902791455559,61.406275257558086,60.0662577917845,60.443138122558594,15975188,0.0,0.0
2021-03-05 00:00:00-05:00,60.72789782298553,61.48165181051687,60.309138167240896,61.24715042114258,12241164,0.0,0.0
2021-03-08 00:00:00-05:00,62.28566122546646,63.282300483397336,61.473280230686164,62.1181640625,15391347,0.0,0.0
2021-03-09 00:00:00-05:00,62.444793039766644,63.1985537727782,62.0846670784242,62.09304428100586,14189920,0.0,0.0
2021-03-10 00:00:00-05:00,62.6122932434082,63.00592129560274,62.05953852991771,62.6122932434082,12827310,0.0,0.0
2021-03-11 00:00:00-05:00,62.72117165733062,63.11479971939305,62.46991585595189,62.50341796875,13205324,0.0,0.0
2021-03-12 00:00:00-05:00,62.54566260864635,63.27224950623514,62.511866141138874,63.02723693847656,11493940,0.620229,0.0
2021-03-15 00:00:00-04:00,63.78761217353916,64.68317453928131,63.43276619803835,64.40436553955078,17999295,0.0,0.0
2021-03-16 00:00:00-04:00,64.33676752057364,65.19853326441898,64.32831671752002,64.89437866210938,15697887,0.0,0.0
2021-03-17 00:00:00-04:00,64.82679827491621,65.47734128700654,64.18469255615419,65.3083724975586,17533878,0.0,0.0
2021-03-18 00:00:00-04:00,65.27457684501525,66.06030570676549,65.23232958070153,65.28302764892578,14274179,0.0,0.0
2021-03-19 00:00:00-04:00,65.26612720370751,66.1109981974035,64.22694175851942,65.48579406738281,58225203,0.0,0.0
2021-03-22 00:00:00-04:00,64.04107135584933,65.89978213778927,63.821404492174025,65.48579406738281,11352879,0.0,0.0
2021-03-23 00:00:00-04:00,65.13095411796996,65.32527534261148,64.23539172784274,64.43816375732422,11651245,0.0,0.0
2021-03-24 00:00:00-04:00,64.26918900080274,64.78455975297294,64.13400989786038,64.4128189086914,9135416,0.0,0.0
2021-03-25 00:00:00-04:00,64.56488412329301,64.72540886409726,63.62708133463457,64.26918029785156,10700918,0.0,0.0
2021-03-26 00:00:00-04:00,64.33677837179701,65.45200084296505,64.08331503458278,65.38441467285156,10389767,0.0,0.0
2021-03-29 00:00:00-04:00,65.32527456650466,66.36446685036668,65.19854627160915,66.15324401855469,11448562,0.0,0.0
2021-03-30 00:00:00-04:00,65.899793398299,65.96737957661904,64.87750263131187,65.02112579345703,10123366,0.0,0.0
2021-03-31 00:00:00-04:00,65.13940173216041,65.63787084374869,64.7507593019138,65.13095092773438,13598219,0.0,0.0
2021-04-01 00:00:00-04:00,65.19009304823791,65.44355638386473,64.90284000538564,65.13095092773438,9121373,0.0,0.0
2021-04-05 00:00:00-04:00,65.49424246364053,65.82374274703987,64.86903835660458,65.0549087524414,9828144,0.0,0.0
2021-04-06 00:00:00-04:00,64.97886921082835,65.00421486583684,63.9058873865786,64.0326156616211,13394698,0.0,0.0
2021-04-07 00:00:00-04:00,64.27763542252474,64.54799360997316,63.973480772835444,64.31143188476562,8970566,0.0,0.0
2021-04-08 00:00:00-04:00,64.27763156480964,64.54798973603214,63.60173613675343,63.77915573120117,12007984,0.0,0.0
2021-04-09 00:00:00-04:00,63.796066450507645,64.5310973448669,63.72847352042871,64.47196197509766,8177439,0.0,0.0
2021-04-12 00:00:00-04:00,64.5226328006109,64.71695396881546,64.19313257042546,64.39590454101562,9970672,0.0,0.0
2021-04-13 00:00:00-04:00,64.18470651278331,64.85215803285831,64.10021872206849,64.57334899902344,8627346,0.0,0.0
2021-04-14 00:00:00-04:00,64.46350873920328,64.87749684341622,64.22694700332713,64.5479965209961,8415545,0.0,0.0
2021-04-15 00:00:00-04:00,64.2522988875333,65.33373179087452,64.2522988875333,64.76766967773438,14541734,0.0,0.0
2021-04-16 00:00:00-04:00,65.26613305965675,65.68857197202725,64.90284302578175,65.4520034790039,12512806,0.0,0.0
2021-04-19 00:00:00-04:00,65.64631476947032,65.72235173561909,65.02956148150105,65.61251831054688,8536903,0.0,0.0
2021-04-20 00:00:00-04:00,65.62942288324237,66.86292951491968,65.62942288324237,66.38135528564453,11009345,0.0,0.0
2021-04-21 00:00:00-04:00,66.68550828468031,67.15863169843625,66.46584142999406,66.93896484375,11817248,0.0,0.0
2021-04-22 00:00:00-04:00,66.74465043799164,66.79534851020422,65.52804532015803,65.8659896850586,13330560,0.0,0.0
2021-04-23 00:00:00-04:00,65.78149164299772,66.06875140135162,65.44354733081704,65.79839324951172,8598840,0.0,0.0
2021-04-26 00:00:00-04:00,65.78149539201752,65.82374265547188,65.30837197695264,65.50269317626953,7834219,0.0,0.0
2021-04-27 00:00:00-04:00,65.40977641186511,65.8491102689497,65.2408008121801,65.35908508300781,9095802,0.0,0.0
2021-04-28 00:00:00-04:00,65.57028467405848,65.9251306418403,64.93663646785042,65.13095092773438,11628398,0.0,0.0
2021-04-29 00:00:00-04:00,63.78761179003465,63.99037705753634,61.54870926675979,62.24995040893555,30602753,0.0,0.0
2021-04-30 00:00:00-04:00,62.16545573337889,63.432758780407575,62.08096796287848,62.94273376464844,18052114,0.0,0.0
2021-05-03 00:00:00-04:00,62.73997968275517,64.22694984660885,62.70618321749397,64.19315338134766,12543302,0.0,0.0
2021-05-04 00:00:00-04:00,64.27762845707196,64.60712872892576,63.812949106142646,64.20159149169922,10418587,0.0,0.0
2021-05-05 00:00:00-04:00,64.29452568755077,65.67166218438231,63.99037105956792,65.64631652832031,16795143,0.0,0.0
2021-05-06 00:00:00-04:00,65.42664557676652,65.78149149466101,64.79299745964222,65.71390533447266,12871641,0.0,0.0
2021-05-07 00:00:00-04:00,65.90821139084356,66.45737842674903,65.80682878582641,66.24616241455078,12237496,0.0,0.0
2021-05-10 00:00:00-04:00,66.59257165238154,66.89672628737773,66.034960450921,66.04341125488281,10939758,0.0,0.0
2021-05-11 00:00:00-04:00,65.75615644662301,66.45739759228394,65.18164359378048,65.44355773925781,12148102,0.0,0.0
2021-05-12 00:00:00-04:00,65.6547753607784,66.34756571817712,65.30838018207903,65.89978790283203,13379711,0.0,0.0
2021-05-13 00:00:00-04:00,65.80685438387299,66.73621330533935,65.59563828951431,66.48274993896484,10830451,0.0,0.0
2021-05-14 00:00:00-04:00,66.79534039694948,66.87137736317337,66.08564853504927,66.14479064941406,8273122,0.0,0.0
2021-05-17 00:00:00-04:00,66.4658431493802,67.73314624322853,66.39825022838723,67.47968292236328,12532508,0.0,0.0
2021-05-18 00:00:00-04:00,67.0319155093796,67.42055122179721,66.65172384696149,67.06571197509766,7943106,0.0,0.0
2021-05-19 00:00:00-04:00,66.6855228007175,67.08260933318994,65.85754651355337,67.04881286621094,9132796,0.0,0.0
2021-05-20 00:00:00-04:00,66.685515613431,67.5810779827902,66.66016995473852,67.3022689819336,7345222,0.0,0.0
2021-05-21 00:00:00-04:00,67.53038440979131,67.876779605162,66.81224835866864,66.89673614501953,10863987,0.0,0.0
2021-05-24 00:00:00-04:00,67.19241251370755,67.29379511373061,66.71083840836084,66.76997375488281,8737910,0.0,0.0
2021-05-25 00:00:00-04:00,66.74463598445976,66.95585876642679,65.44354336834238,65.47733306884766,14331714,0.0,0.0
2021-05-26 00:00:00-04:00,65.51959525762506,65.70546567371136,65.02957018101591,65.24923706054688,9686454,0.0,0.0
2021-05-27 00:00:00-04:00,65.47735316565719,65.56184095332803,64.10866721796567,64.14246368408203,17675149,0.0,0.0
2021-05-28 00:00:00-04:00,64.22694464282475,64.54799414869433,64.04107423180758,64.11711120605469,13969735,0.0,0.0
2021-06-01 00:00:00-04:00,64.2607500074309,64.3283361866002,63.39053319715935,63.51726150512695,15798914,0.0,0.0
2021-06-02 00:00:00-04:00,63.62709619743371,64.28609692219213,63.5932997295701,64.1002197265625,11830453,0.0,0.0
2021-06-03 00:00:00-04:00,64.83066825798954,65.52129706513486,64.54733318953915,65.44161224365234,15974400,0.0,1.048
2021-06-04 00:00:00-04:00,65.69836766912856,65.94629172228927,65.4327448878874,65.61868286132812,12728500,0.0,0.0
2021-06-07 00:00:00-04:00,65.64524161424752,65.69836481714172,64.44106614355664,64.45877838134766,16794400,0.0,0.0
2021-06-08 00:00:00-04:00,64.59157738657629,64.78637144369283,63.82126403100988,64.10459899902344,13657700,0.0,0.0
2021-06-09 00:00:00-04:00,64.63585366112525,65.78690581198052,64.59157982638516,65.55669403076172,12258700,0.0,0.0
2021-06-10 00:00:00-04:00,66.61034560166242,67.70826774130563,66.17648366108118,67.41607666015625,17236700,0.0,0.0
2021-06-11 00:00:00-04:00,67.92078480297529,68.05359957915748,66.9468210363729,67.53119659423828,13928400,0.0,0.0
2021-06-14 00:00:00-04:00,67.63837513949503,67.69196179819505,66.87036556009446,67.37939453125,7841400,0.65,0.0
2021-06-15 00:00:00-04:00,67.4240266474504,67.66514268528923,66.72746163446641,67.60263061523438,14185700,0.0,0.0
2021-06-16 00:00:00-04:00,68.0670083438793,69.2547444273469,68.04021843141533,68.41529083251953,17576900,0.0,0.0
2021-06-17 00:00:00-04:00,68.17418035529154,69.18331266310884,67.8616199643636,68.96898651123047,14233200,0.0,0.0
2021-06-18 00:00:00-04:00,68.53138272429818,68.96004176363462,68.01342851895134,68.41529083251953,19351900,0.0,0.0
2021-06-21 00:00:00-04:00,68.66534549544387,69.022560259278,68.36171737483306,68.54032135009766,10880800,0.0,0.0
2021-06-22 00:00:00-04:00,68.39742243539568,68.5313788033557,67.87946825968301,68.04021453857422,10957500,0.0,0.0
2021-06-23 00:00:00-04:00,67.73659182406169,68.10273884140341,67.46868585329702,67.49547576904297,9539100,0.0,0.0
2021-06-24 00:00:00-04:00,67.62943083023691,68.44208778286128,67.62943083023691,68.1920394897461,8601900,0.0,0.0
2021-06-25 00:00:00-04:00,67.92412678893012,69.62982406840341,67.91520135938362,68.94218444824219,50285200,0.0,0.0
2021-06-28 00:00:00-04:00,68.98683229645964,69.4244167683495,68.57603773727466,68.6385498046875,8796200,0.0,0.0
2021-06-29 00:00:00-04:00,68.76358224435032,69.05828494630505,68.60283593540274,68.95111846923828,7696600,0.0,0.0
2021-06-30 00:00:00-04:00,69.12079199831206,69.73698046007883,68.96897794347855,69.45121002197266,13811900,0.0,0.0
2021-07-01 00:00:00-04:00,69.34406166021635,69.79057846831394,69.2190374990135,69.64768981933594,9212000,0.0,0.0
2021-07-02 00:00:00-04:00,69.69233203155652,70.34424264186441,69.44228375290119,70.19242858886719,7668000,0.0,0.0
2021-07-06 00:00:00-04:00,69.78164221173829,69.96917844275859,69.26368110893627,69.75485229492188,6720500,0.0,0.0
2021-07-07 00:00:00-04:00,70.022765807611,70.20136979708852,69.77271068371482,70.1567153930664,8275100,0.0,0.0
2021-07-08 00:00:00-04:00,69.45119632397815,69.92450969329633,69.04040182605388,69.76376342773438,8400400,0.0,0.0
2021-07-09 00:00:00-04:00,70.03169454683209,70.27281743865603,69.60304222650964,69.64768981933594,6006500,0.0,0.0
2021-07-12 00:00:00-04:00,69.25474548339844,70.04061245197711,69.11185686367266,69.25474548339844,11087900,0.0,0.0
2021-07-13 00:00:00-04:00,69.1207752964574,69.45119324027814,68.97788670527856,69.30831146240234,6465800,0.0,0.0
2021-07-14 00:00:00-04:00,69.2993962572472,69.4065627269749,68.65641106549043,69.3172607421875,7163200,0.0,0.0
2021-07-15 00:00:00-04:00,69.31726584680872,69.69233829851946,68.9511188249207,69.56731414794922,7041300,0.0,0.0
2021-07-16 00:00:00-04:00,69.6655435649351,69.99596159146235,69.32618648259287,69.67446899414062,7638200,0.0,0.0
2021-07-19 00:00:00-04:00,69.48693573538596,69.9602424089802,68.00450364098329,68.80823516845703,9830600,0.0,0.0
2021-07-20 00:00:00-04:00,68.93325203196646,69.77269881569123,67.82588568298641,68.02235412597656,11627600,0.0,0.0
2021-07-21 00:00:00-04:00,68.15629897871057,68.28132309160195,67.54903608182249,68.21881103515625,7429300,0.0,0.0
2021-07-22 00:00:00-04:00,68.40636888778407,68.5760474433366,67.94199443746305,68.34385681152344,8708900,0.0,0.0
2021-07-23 00:00:00-04:00,68.58497620299264,69.37084323796782,68.52246412990716,69.24581909179688,6560800,0.0,0.0
2021-07-26 00:00:00-04:00,69.1743890347946,69.30834545139156,68.72787218834229,68.97792053222656,5071800,0.0,0.0
2021-07-27 00:00:00-04:00,68.91538110022687,69.77269228763241,68.53137649212091,69.52264404296875,8136000,0.0,0.0
2021-07-28 00:00:00-04:00,69.53158240789108,70.25493729556192,69.18329992024925,69.95130920410156,11037900,0.0,0.0
2021-07-29 00:00:00-04:00,69.25473288544929,69.58515083517702,68.59388335938753,68.7010498046875,11583000,0.0,0.0
2021-07-30 00:00:00-04:00,68.87074984262297,69.44229076967335,68.55818264941597,68.64749145507812,13004500,0.0,0.0
2021-08-02 00:00:00-04:00,68.70106323106074,68.99576590325258,67.9955659915581,68.03128814697266,9083400,0.0,0.0
2021-08-03 00:00:00-04:00,68.19204755914664,68.59390996159196,68.04023347940559,68.23670196533203,9952400,0.0,0.0
2021-08-04 00:00:00-04:00,68.3081326639525,68.3081326639525,67.38830922003991,67.40617370605469,10893400,0.0,0.0
2021-08-05 00:00:00-04:00,67.44189770757421,67.5937186049654,66.91501112869993,67.50440979003906,8701600,0.0,0.0
2021-08-06 00:00:00-04:00,67.53119154405027,67.56691369943643,66.96857611334903,67.37044525146484,8670700,0.0,0.0
2021-08-09 00:00:00-04:00,67.73658175646297,68.06700656593111,66.97750473215932,67.26327514648438,7867000,0.0,0.0
2021-08-10 00:00:00-04:00,67.11147937490719,67.29901562161615,66.81677663866198,67.14720153808594,11243100,0.0,0.0
2021-08-11 00:00:00-04:00,67.49546386279155,67.6651355703541,67.10252699901824,67.1650390625,6952200,0.0,0.0
2021-08-12 00:00:00-04:00,67.08467610905454,67.92412293017259,67.03108946829474,67.90626525878906,6077100,0.0,0.0
2021-08-13 00:00:00-04:00,68.1920343315869,68.55817450072297,68.06701019448634,68.5135269165039,6810400,0.0,0.0
2021-08-16 00:00:00-04:00,68.52247098900544,69.66555290459364,68.44209442224702,69.59410858154297,9368400,0.0,0.0
2021-08-17 00:00:00-04:00,69.56730578333502,70.60322102254744,69.50479371556621,70.3978271484375,10311600,0.0,0.0
2021-08-18 00:00:00-04:00,70.44248132653307,70.61215987492038,69.43335590570935,69.46907806396484,7459100,0.0,0.0
2021-08-19 00:00:00-04:00,69.39763059376656,70.67466873682055,69.39763059376656,70.0674057006836,8865400,0.0,0.0
2021-08-20 00:00:00-04:00,70.1299138626797,70.7282446229837,69.85307568084146,70.26387023925781,6284200,0.0,0.0
2021-08-23 00:00:00-04:00,70.64789691125132,70.7550634085865,69.96025714330364,69.99597930908203,6492600,0.0,0.0
2021-08-24 00:00:00-04:00,69.8977271287122,69.8977271287122,69.24581650705548,69.40656280517578,8698100,0.0,0.0
2021-08-25 00:00:00-04:00,69.48693079916912,69.48693079916912,68.22775717333036,68.82608795166016,7045800,0.0,0.0
2021-08-26 00:00:00-04:00,68.86180888096257,69.04934508516008,68.32599018135477,68.37957000732422,6640400,0.0,0.0
2021-08-27 00:00:00-04:00,68.59389274748543,68.73678136077517,68.02235192093467,68.1384506225586,6010000,0.0,0.0
2021-08-30 00:00:00-04:00,68.13845079477565,68.62068283258712,68.058074246271,68.31705474853516,7339700,0.0,0.0
2021-08-31 00:00:00-04:00,68.57604096587222,68.85287916126215,67.89733362107582,68.12952423095703,10949500,0.0,0.0
2021-09-01 00:00:00-04:00,68.06701030238723,68.58497133594176,67.71872780372578,68.03128814697266,9187200,0.0,0.0
2021-09-02 00:00:00-04:00,68.29920949534407,68.88860810054695,68.02236445939083,68.8707504272461,6559400,0.0,0.0
2021-09-03 00:00:00-04:00,68.99576568603516,69.10292533863701,68.48673689626295,68.99576568603516,6629800,0.0,0.0
2021-09-07 00:00:00-04:00,68.39743584382455,68.64749095924509,67.1293298469225,67.85269165039062,13979500,0.0,0.0
2021-09-08 00:00:00-04:00,67.84375456896458,67.84375456896458,66.79890703250788,67.29900360107422,8243000,0.0,0.0
2021-09-09 00:00:00-04:00,67.14718722098046,67.14718722098046,65.72726049393191,65.9237289428711,14628700,0.0,0.0
2021-09-10 00:00:00-04:00,66.06662097073483,66.27201485917385,65.29861161982187,65.59330749511719,11084500,0.0,0.0
2021-09-13 00:00:00-04:00,65.8790899570073,65.93267660953887,65.06643287109465,65.35220336914062,11245200,0.0,0.0
2021-09-14 00:00:00-04:00,65.82072382433147,65.90181381548865,64.92869267542167,64.97374725341797,15202800,0.65,0.0
2021-09-15 00:00:00-04:00,64.94673157031998,65.91084063240012,64.7665200929805,65.60448455810547,12555900,0.0,0.0
2021-09-16 00:00:00-04:00,65.79368711522334,65.79368711522334,64.59531370530893,64.84760284423828,14818900,0.0,0.0
2021-09-17 00:00:00-04:00,64.14480527935575,64.87464281118494,63.87449151789667,64.58631134033203,43406600,0.0,0.0
2021-09-20 00:00:00-04:00,64.11775889369069,65.42425903336795,64.08171660974861,64.81155395507812,15989400,0.0,0.0
2021-09-21 00:00:00-04:00,65.30713341835299,65.48733798205582,64.66739140617199,64.84760284423828,11995900,0.0,0.0
2021-09-22 00:00:00-04:00,65.17198413803611,65.24406872164622,64.74849580228205,64.91068267822266,9028700,0.0,0.0
2021-09-23 00:00:00-04:00,65.48734607087026,66.71275650362648,65.38823148628231,65.82073211669922,12813500,0.0,0.0
2021-09-24 00:00:00-04:00,66.30728517039444,67.24436413105524,66.0910382946617,66.32530975341797,14714700,0.0,0.0
2021-09-27 00:00:00-04:00,66.23520875774764,66.91999169003121,66.0820272965065,66.10005187988281,8630600,0.0,0.0
2021-09-28 00:00:00-04:00,66.27124443267003,66.514521289043,65.4693224116089,66.06400299072266,11836200,0.0,0.0
2021-09-29 00:00:00-04:00,66.32531349840092,68.20847694320072,66.29828349670363,67.65884399414062,16054500,0.0,0.0
2021-09-30 00:00:00-04:00,68.10035295750998,69.06446191644913,67.66785233252936,67.67686462402344,16248600,0.0,0.0
2021-10-01 00:00:00-04:00,73.4885455262363,75.99342626398361,72.6505811832724,73.3443832397461,102497300,0.0,0.0
2021-10-04 00:00:00-04:00,75.84026107951284,76.19166485966286,74.26344677778562,74.87615203857422,53553300,0.0,0.0
2021-10-05 00:00:00-04:00,74.58782080422463,75.13745376975143,73.25429026853308,73.52459716796875,28977800,0.0,0.0
2021-10-06 00:00:00-04:00,73.43450284272022,73.59668974974011,72.21810447725379,72.6776351928711,17608000,0.0,0.0
2021-10-07 00:00:00-04:00,73.47053182853264,74.4887008037747,73.01100119618255,73.83094787597656,14190500,0.0,0.0
2021-10-08 00:00:00-04:00,73.58766028460117,73.70479944667088,72.5604790712924,72.65058135986328,12121100,0.0,0.0
2021-10-11 00:00:00-04:00,73.5606389446953,73.5606389446953,71.96580693872595,72.01986694335938,11279700,0.0,0.0
2021-10-12 00:00:00-04:00,72.2451238406886,72.2451238406886,71.4071594235824,71.71350860595703,10945000,0.0,0.0
2021-10-13 00:00:00-04:00,71.71349603554806,71.77657519371898,70.9836586265801,71.13683319091797,9462600,0.0,0.0
2021-10-14 00:00:00-04:00,71.15487957405857,71.78560260539268,70.26285503706731,70.57821655273438,14607900,0.0,0.0
2021-10-15 00:00:00-04:00,70.46107736522556,71.23596958907346,70.26285503706731,70.57821655273438,12866800,0.0,0.0
2021-10-18 00:00:00-04:00,70.9476214253772,70.9476214253772,69.47893421179634,69.51497650146484,13075500,0.0,0.0
2021-10-19 00:00:00-04:00,70.93860740024336,71.6504201931342,70.37996228971978,71.6233901977539,15577100,0.0,0.0
2021-10-20 00:00:00-04:00,71.4702286680329,73.20922972288649,71.46121637647578,73.04704284667969,11465500,0.0,0.0
2021-10-21 00:00:00-04:00,73.08306312358057,73.21821995876672,72.3352012599978,73.13712310791016,9893600,0.0,0.0
2021-10-22 00:00:00-04:00,73.119140625,73.41648443076322,72.87585682960628,73.119140625,7543600,0.0,0.0
2021-10-25 00:00:00-04:00,73.0110091165387,73.63272669396531,72.0378877451836,73.57866668701172,9365900,0.0,0.0
2021-10-26 00:00:00-04:00,73.79490617301533,74.20938222485773,73.62370700238056,74.11026763916016,9352500,0.0,0.0
2021-10-27 00:00:00-04:00,74.31749656373428,74.31749656373428,73.25427317556823,73.47052001953125,8465400,0.0,0.0
2021-10-28 00:00:00-04:00,75.12841980528201,78.26402980451093,74.93920296795068,77.98471069335938,28854700,0.0,0.0
2021-10-29 00:00:00-04:00,77.93065895575137,79.7057022794296,77.64232749894441,79.3362808227539,18678600,0.0,0.0
2021-11-01 00:00:00-04:00,79.33628032682913,79.85887636289964,78.65149054330662,79.14705657958984,10943900,0.0,0.0
2021-11-02 00:00:00-04:00,79.49846845191452,81.47173408546828,78.8226909491332,80.21028137207031,14671400,0.0,0.0
2021-11-03 00:00:00-04:00,79.98502066313878,80.5706958624693,79.48044233724869,79.9039306640625,10883900,0.0,0.0
2021-11-04 00:00:00-04:00,81.42668991118768,82.35475662206184,80.43554403125943,81.57986450195312,19519800,0.0,0.0
2021-11-05 00:00:00-04:00,74.14631272926586,75.6870847000211,73.29933601020704,73.53360748291016,37623900,0.0,0.0
2021-11-08 00:00:00-05:00,72.45235357213527,74.67790811570165,71.97479841768745,74.4977035522461,18655700,0.0,0.0
2021-11-09 00:00:00-05:00,75.3446867975092,75.42577679593747,73.80391495809563,74.53375244140625,10512000,0.0,0.0
2021-11-10 00:00:00-05:00,75.06536848605595,75.70510374547926,74.51573552561139,75.69609832763672,9855900,0.0,0.0
2021-11-11 00:00:00-05:00,75.61499109714254,75.92134712097732,75.26358736716641,75.70509338378906,5761500,0.0,0.0
2021-11-12 00:00:00-05:00,75.54290360134716,75.86727732024156,74.83109075226821,75.68707275390625,8206700,0.0,0.0
2021-11-15 00:00:00-05:00,75.82223666068934,75.8492666607147,75.14645916259828,75.40776062011719,7108200,0.0,0.0
2021-11-16 00:00:00-05:00,75.38972792889155,76.30878907709267,75.01129422050919,75.78618621826172,10565200,0.0,0.0
2021-11-17 00:00:00-05:00,76.0204674411173,76.29077432147564,74.41661637045479,74.42562866210938,10286300,0.0,0.0
2021-11-18 00:00:00-05:00,74.15532294086188,74.91219046693288,73.90302689114041,74.83110046386719,9833600,0.0,0.0
2021-11-19 00:00:00-05:00,74.21841332855497,74.56080488224544,72.64159872379449,72.71367645263672,17581100,0.0,0.0
2021-11-22 00:00:00-05:00,72.98396032864336,73.94806915924474,72.56948434182405,73.56062316894531,10880200,0.0,0.0
2021-11-23 00:00:00-05:00,73.42546480429299,75.31764013982827,73.2903079501055,74.60582733154297,12130800,0.0,0.0
2021-11-24 00:00:00-05:00,74.60582616245468,74.6959284390467,73.84895191548304,74.13728332519531,8537000,0.0,0.0
2021-11-26 00:00:00-05:00,70.93861902601556,72.01986026460415,69.47893716699325,71.32606506347656,18022000,0.0,0.0
2021-11-29 00:00:00-05:00,68.85723052722847,69.83035191996073,66.67672312357541,67.47864532470703,34192400,0.0,0.0
2021-11-30 00:00:00-05:00,67.35248916241046,67.6047783229199,66.53254251639072,67.49665832519531,30179900,0.0,0.0
2021-12-01 00:00:00-05:00,68.05529247599604,69.29872736856817,67.02811131435345,67.07316589355469,21435900,0.0,0.0
2021-12-02 00:00:00-05:00,67.0191122924283,67.37952837430426,66.04599780803771,66.57760620117188,15345300,0.0,0.0
2021-12-03 00:00:00-05:00,66.75782422022026,66.9019934316881,65.46934798314983,66.08204650878906,14508900,0.0,0.0
2021-12-06 00:00:00-05:00,66.04599376364479,66.54155983080838,65.59547540747904,66.15411376953125,13506800,0.0,0.0
2021-12-07 00:00:00-05:00,64.90167106644869,65.52338857646018,64.42412272516742,65.1269302368164,17635100,0.0,0.0
2021-12-08 00:00:00-05:00,65.3611890867232,66.14509332311182,64.94671311814761,65.96488189697266,14331400,0.0,0.0
2021-12-09 00:00:00-05:00,66.17212370130625,66.28024368325231,65.49634631669115,65.64952087402344,11938000,0.0,0.0
2021-12-10 00:00:00-05:00,65.8838146126524,65.98292921259024,65.0999101061528,65.43329620361328,11398800,0.0,0.0
2021-12-13 00:00:00-05:00,65.20802934620191,66.18114377100287,64.8476132863964,66.15411376953125,17486100,0.0,0.0
2021-12-14 00:00:00-05:00,65.81756000172703,67.34566282035813,65.63564580838732,67.05459594726562,18949700,0.69,0.0
2021-12-15 00:00:00-05:00,67.04549742122444,68.5736002231148,67.04549742122444,68.4826431274414,14263400,0.0,0.0
2021-12-16 00:00:00-05:00,68.67365957444242,69.6105309059858,68.46445199517042,69.04659271240234,16601700,0.0,0.0
2021-12-17 00:00:00-05:00,69.63782343925752,70.71113398693892,68.67366558678499,68.84648895263672,28040600,0.0,0.0
2021-12-20 00:00:00-05:00,68.85556957750346,69.58324022496977,68.1733809478469,69.50138092041016,11818800,0.0,0.0
2021-12-21 00:00:00-05:00,69.35584931350094,69.3831357504387,68.11881328205423,68.71004486083984,14947800,0.0,0.0
2021-12-22 00:00:00-05:00,68.61908460169431,69.63781521161793,68.3371085739489,69.27398681640625,9256000,0.0,0.0
2021-12-23 00:00:00-05:00,69.40133669576906,69.40133669576906,68.5372268016926,68.88287353515625,9894900,0.0,0.0
2021-12-27 00:00:00-05:00,69.12845610726708,69.68330348118937,68.91924851563145,69.64691925048828,6334700,0.0,0.0
2021-12-28 00:00:00-05:00,69.74697556871409,70.16538382091359,69.31946952375867,69.86521911621094,5727100,0.0,0.0
2021-12-29 00:00:00-05:00,69.85612153066,70.20176128666617,69.5559568548857,69.9925537109375,5926100,0.0,0.0
2021-12-30 00:00:00-05:00,70.14720136711357,70.59289609734125,70.01076222206092,70.16539001464844,5859100,0.0,0.0
2021-12-31 00:00:00-05:00,70.16539435858353,70.53832758217683,69.6924131579797,69.71060180664062,6019500,0.0,0.0
2022-01-03 00:00:00-05:00,69.65602692874985,69.98347811194957,68.5372342295536,69.91980743408203,9441200,0.0,0.0
2022-01-04 00:00:00-05:00,69.4922794917725,70.28361381942422,69.02838930480276,70.04712677001953,11981700,0.0,0.0
2022-01-05 00:00:00-05:00,70.27454635127768,72.59398417873768,70.27454635127768,71.7480697631836,17447900,0.0,0.0
2022-01-06 00:00:00-05:00,71.66619145669547,72.38476432387753,70.90213657099515,71.70257568359375,11359200,0.0,0.0
2022-01-07 00:00:00-05:00,71.72988331332479,73.24888880235326,71.36604787641916,73.03968811035156,15212000,0.0,0.0
2022-01-10 00:00:00-05:00,73.25798118194228,74.99528502887125,72.46663968563176,74.92252349853516,19636800,0.0,0.0
2022-01-11 00:00:00-05:00,74.9679857941557,75.09532712499194,73.35802357453625,74.28579711914062,11585100,0.0,0.0
2022-01-12 00:00:00-05:00,73.74915349665798,74.0584090657889,73.37622031550067,73.8582992553711,13057000,0.0,0.0
2022-01-13 00:00:00-05:00,73.6127078101093,74.3312807292387,73.06695824634508,73.96744537353516,9678100,0.0,0.0
2022-01-14 00:00:00-05:00,74.22212057571254,74.44951678270895,73.46716350298489,74.02201080322266,9478000,0.0,0.0
2022-01-18 00:00:00-05:00,73.76732958062284,74.73149423574861,73.50354914268345,74.16754913330078,14493100,0.0,0.0
2022-01-19 00:00:00-05:00,73.6581935401274,74.56777850538685,73.20340105749767,73.9401626586914,11448200,0.0,0.0
2022-01-20 00:00:00-05:00,73.43078596629317,74.45861432016265,73.23976704623584,73.448974609375,12069600,0.0,0.0
2022-01-21 00:00:00-05:00,73.92196224247473,74.14935846892942,72.07550599399578,72.74860382080078,18461700,0.0,0.0
2022-01-24 00:00:00-05:00,72.55758072716719,72.86684318601166,69.71968042491895,71.70257568359375,17289000,0.0,0.0
2022-01-25 00:00:00-05:00,71.32965785284193,72.56669407422824,70.7475239768464,72.27562713623047,13662400,0.0,0.0
2022-01-26 00:00:00-05:00,72.21196201452601,73.07606510141083,71.61163944479996,71.98456573486328,13046600,0.0,0.0
2022-01-27 00:00:00-05:00,71.32965789194971,74.22213862595602,71.32965789194971,73.29436492919922,20187200,0.0,0.0
2022-01-28 00:00:00-05:00,72.34838270044256,73.66727800995243,72.02093158615645,73.58541870117188,13915300,0.0,0.0
2022-01-31 00:00:00-05:00,73.69456852585432,74.33128214536144,73.4944656690082,74.11298370361328,13035000,0.0,0.0
2022-02-01 00:00:00-05:00,74.54957545085952,74.69511236171944,73.74914325987551,74.51319122314453,10803300,0.0,0.0
2022-02-02 00:00:00-05:00,74.40405025278821,74.85884271902877,73.91287355649854,74.59506225585938,13988200,0.0,0.0
2022-02-03 00:00:00-05:00,74.26760599081368,74.40404510917016,71.3114551646114,71.86630249023438,19181400,0.0,0.0
2022-02-04 00:00:00-05:00,71.41152564276487,72.35749494638061,71.12954955272477,71.45700073242188,10716200,0.0,0.0
2022-02-07 00:00:00-05:00,71.6661944199282,71.78443795755041,70.43825620456131,70.56559753417969,23615300,0.0,0.0
2022-02-08 00:00:00-05:00,70.12900081509459,70.33820841464188,68.96473314696019,69.95618438720703,17486500,0.0,0.0
2022-02-09 00:00:00-05:00,70.19266847707908,70.33820539914787,69.50138891599957,69.61053466796875,15183100,0.0,0.0
2022-02-10 00:00:00-05:00,69.4559107889992,69.8288370284501,69.06478896347787,69.63782501220703,12437600,0.0,0.0
2022-02-11 00:00:00-05:00,69.49230332479145,70.85668098062014,69.28309569748093,69.71060180664062,9342300,0.0,0.0
2022-02-14 00:00:00-05:00,69.70149159099002,69.7651622593319,68.318925532888,69.55596160888672,9881100,0.0,0.0
2022-02-15 00:00:00-05:00,70.50191663878151,71.12043455270941,70.32909331384282,70.77478790283203,11425600,0.0,0.0
2022-02-16 00:00:00-05:00,70.21996359238922,70.76572017800574,69.97437868052839,70.2381591796875,9981300,0.0,0.0
2022-02-17 00:00:00-05:00,69.90159674841718,69.97436520442962,69.12845098713534,69.45590209960938,8889300,0.0,0.0
2022-02-18 00:00:00-05:00,69.4195219447133,69.91069864224357,69.02840014517524,69.46500396728516,8780500,0.0,0.0
2022-02-22 00:00:00-05:00,69.54685990281826,69.91069524697618,68.7737141337214,69.08296966552734,9052500,0.0,0.0
2022-02-23 00:00:00-05:00,69.30127806292779,69.52867429551166,68.78281493021986,68.98291778564453,9659100,0.0,0.0
2022-02-24 00:00:00-05:00,68.30982305298477,68.50993283677991,66.29054351044394,66.86358642578125,21135600,0.0,0.0
2022-02-25 00:00:00-05:00,67.49120249756608,70.30182368424613,67.46391605859739,69.41952514648438,13665900,0.0,0.0
2022-02-28 00:00:00-05:00,68.97382481199423,69.81973904877889,68.01875788867598,69.65601348876953,14126100,0.0,0.0
2022-03-01 00:00:00-05:00,69.58325054996804,70.729329560933,69.08297603815483,69.43771362304688,9807300,0.0,0.0
2022-03-02 00:00:00-05:00,69.41043334642318,70.23815907771211,69.18303708260753,69.73788452148438,9697500,0.0,0.0
2022-03-03 00:00:00-05:00,69.82882991921448,70.52921418038274,69.50138573869386,70.17447662353516,8191100,0.0,0.0
2022-03-04 00:00:00-05:00,69.74696765655547,70.82027807377342,69.14663831525208,70.7929916381836,12216300,0.0,0.0
2022-03-07 00:00:00-05:00,70.04713934785431,71.21140698025721,69.20122506187681,70.70204162597656,14008400,0.0,0.0
2022-03-08 00:00:00-05:00,70.2654319506563,71.02947991853792,69.6378161630522,69.9925537109375,10184100,0.0,0.0
2022-03-09 00:00:00-05:00,70.60198690776507,71.14773649441324,70.08352375951193,70.7566146850586,9746000,0.0,0.0
2022-03-10 00:00:00-05:00,70.61107829281731,71.12954144497648,70.3382069672287,70.84757232666016,8972200,0.0,0.0
2022-03-11 00:00:00-05:00,71.23870068983673,72.43025488218493,71.12954798581444,71.18412780761719,9424500,0.0,0.0
2022-03-14 00:00:00-04:00,71.48696232536335,72.13851144999177,70.94552984070394,71.37683868408203,10085400,0.69,0.0
2022-03-15 00:00:00-04:00,71.28507794872529,72.50558881157558,71.02812976734899,72.16604614257812,11403000,0.0,0.0
2022-03-16 00:00:00-04:00,72.45968715746358,72.59733994070005,71.25753398657517,71.6888427734375,10944000,0.0,0.0
2022-03-17 00:00:00-04:00,71.71637278630308,72.83593850140696,71.63377831485023,72.44133758544922,10279400,0.0,0.0
2022-03-18 00:00:00-04:00,72.66158811607231,73.17548445090075,72.15686350057118,72.59735107421875,21064800,0.0,0.0
2022-03-21 00:00:00-04:00,73.111235482114,73.82702154637381,72.41380685613903,72.55145263671875,10478300,0.0,0.0
2022-03-22 00:00:00-04:00,72.74415421482722,73.2121708115087,72.28531633608745,72.77169036865234,10016600,0.0,0.0
2022-03-23 00:00:00-04:00,72.77169702075832,73.94632097749559,72.70745999191521,73.16629791259766,8470400,0.0,0.0
2022-03-24 00:00:00-04:00,73.45077115753476,74.02890438543808,73.15711518444425,73.79031372070312,7605000,0.0,0.0
2022-03-25 00:00:00-04:00,73.95548857963837,74.68045329413255,73.82701452910123,74.64374542236328,7125600,0.0,0.0
2022-03-28 00:00:00-04:00,74.67129134515176,74.94658991746797,74.08397932263662,74.52445983886719,7071900,0.0,0.0
2022-03-29 00:00:00-04:00,74.93741472024325,75.02918090675496,74.0931476009263,74.85482025146484,7398700,0.0,0.0
2022-03-30 00:00:00-04:00,75.10258997607605,75.89179178580908,74.94658675820844,75.61649322509766,9326600,0.0,0.0
2022-03-31 00:00:00-04:00,76.07533409485278,76.51581460950315,75.19436606424048,75.2953109741211,12466800,0.0,0.0
2022-04-01 00:00:00-04:00,75.42377599104437,76.69934478868824,74.91905150220224,76.64427947998047,10086700,0.0,0.0
2022-04-04 00:00:00-04:00,76.62595423404908,76.98384735240246,75.91934671869605,76.61677551269531,9039600,0.0,0.0
2022-04-05 00:00:00-04:00,76.77276914004342,78.39705240215777,76.63511635480728,76.82782745361328,12040900,0.0,0.0
2022-04-06 00:00:00-04:00,77.41515447148733,78.51636296415397,77.19491417321657,77.97493743896484,13924300,0.0,0.0
2022-04-07 00:00:00-04:00,78.69071145419946,79.93875128634768,77.96574662513456,79.6542739868164,13104300,0.0,0.0
2022-04-08 00:00:00-04:00,79.50744628060087,80.60865465515506,79.15873192896488,80.46183013916016,11409300,0.0,0.0
2022-04-11 00:00:00-04:00,81.04915056205635,82.11365816834827,79.08532432413021,79.49827575683594,14381000,0.0,0.0
2022-04-12 00:00:00-04:00,78.92013191734095,79.42485649175568,78.20434579457962,78.5805892944336,12543000,0.0,0.0
2022-04-13 00:00:00-04:00,78.73659336191885,79.14036598852147,77.84644663746018,79.03942108154297,12743800,0.0,0.0
2022-04-14 00:00:00-04:00,79.03941783781723,80.3058149820075,78.37869711195266,79.75521087646484,22096100,0.0,0.0
2022-04-18 00:00:00-04:00,79.30553722645097,80.25074213579428,78.62645912675069,78.9843521118164,7995100,0.0,0.0
2022-04-19 00:00:00-04:00,78.892606581092,79.00272321989048,78.11258338391639,78.72742462158203,8494700,0.0,0.0
2022-04-20 00:00:00-04:00,78.47963708307648,79.67261851097176,78.44293620954204,79.34225463867188,8719400,0.0,0.0
2022-04-21 00:00:00-04:00,79.29637700859739,80.04887095827915,78.36034368014482,79.13119506835938,8562400,0.0,0.0
2022-04-22 00:00:00-04:00,78.79165782449023,79.04860597092403,77.54361796925875,77.62620544433594,7914000,0.0,0.0
2022-04-25 00:00:00-04:00,77.62621214279216,78.74577802141539,76.65347778983673,78.40624237060547,10573400,0.0,0.0
2022-04-26 00:00:00-04:00,78.6998771789512,79.10364976293144,77.44265883467503,77.52525329589844,9009600,0.0,0.0
2022-04-27 00:00:00-04:00,77.36009175920712,78.12175753946359,76.71771434049465,77.4610366821289,10781300,0.0,0.0
2022-04-28 00:00:00-04:00,78.69071782713333,82.01270750252381,78.00246081989893,81.2877426147461,21092300,0.0,0.0
2022-04-29 00:00:00-04:00,81.3611427202178,82.60000369459404,80.83806077411191,81.388671875,15914200,0.0,0.0
2022-05-02 00:00:00-04:00,81.41621632954043,81.52633296936241,79.49826983733075,80.4343032836914,12124900,0.0,0.0
2022-05-03 00:00:00-04:00,79.82862052571011,80.97571534244302,79.31472428823332,79.9295654296875,8425600,0.0,0.0
2022-05-04 00:00:00-04:00,79.44321576842948,81.46210028806915,79.25050463711673,81.23268127441406,10763500,0.0,0.0
2022-05-05 00:00:00-04:00,81.14089187164659,81.36113910273357,79.86532308050482,80.7646484375,9548300,0.0,0.0
2022-05-06 00:00:00-04:00,80.51688206334043,81.5997399128934,80.27829136863208,81.11337280273438,12227400,0.0,0.0
2022-05-09 00:00:00-04:00,80.29663580609638,80.81053203483586,79.75521042243312,80.42510986328125,11901500,0.0,0.0
2022-05-10 00:00:00-04:00,80.8656000026067,81.93927908777201,80.08556991381582,80.58111572265625,12370800,0.0,0.0
2022-05-11 00:00:00-04:00,80.2232211164764,83.33414168747562,80.2232211164764,81.8475112915039,16338600,0.0,0.0
2022-05-12 00:00:00-04:00,82.45317548274838,83.37085135234226,81.08584039742064,83.35250091552734,14210200,0.0,0.0
2022-05-13 00:00:00-04:00,83.23319900501158,83.55439116209081,81.91175050680765,82.96707916259766,10308100,0.0,0.0
2022-05-16 00:00:00-04:00,83.31579045728849,85.22455788717504,83.21484555465817,84.71983337402344,13999000,0.0,0.0
2022-05-17 00:00:00-04:00,84.71066578690423,86.77543670079741,83.97652921830718,85.34386444091797,17582800,0.0,0.0
2022-05-18 00:00:00-04:00,84.94008972153645,85.49070093167423,84.21512482941327,84.51795959472656,12717600,0.0,0.0
2022-05-19 00:00:00-04:00,83.73791425650474,84.98595386744626,83.39837170014357,84.50875854492188,11121600,0.0,0.0
2022-05-20 00:00:00-04:00,84.83913790051182,86.33495416439831,84.83913790051182,85.84858703613281,11757100,0.0,0.0
2022-05-23 00:00:00-04:00,85.88528253228452,87.10579313703109,85.71092887540027,86.10552978515625,9067000,0.0,0.0
2022-05-24 00:00:00-04:00,86.49096099334976,86.9956855821647,85.86694104777496,86.8488540649414,9021000,0.0,0.0
2022-05-25 00:00:00-04:00,86.59189495789136,86.95896670320568,85.4723292852727,86.03211212158203,11177700,0.0,0.0
2022-05-26 00:00:00-04:00,86.48177766641308,86.49095638607862,83.50850961414487,84.71066284179688,17249500,0.0,0.0
2022-05-27 00:00:00-04:00,84.68313095437725,85.44480363189516,84.19676384745736,85.41727447509766,9802000,0.0,0.0
2022-05-31 00:00:00-04:00,84.34358059666415,84.99512953169553,83.38919698721656,84.45369720458984,22860800,0.0,0.0
2022-06-01 00:00:00-04:00,84.12336058734799,84.36195831721035,82.62755116829513,83.63699340820312,10492500,0.0,0.0
2022-06-02 00:00:00-04:00,83.6277914248407,83.63697014302015,81.43454686775804,82.5908203125,11066200,0.0,0.0
2022-06-03 00:00:00-04:00,82.35223714421963,83.21485477084748,82.29717882807294,82.50824737548828,7051600,0.0,0.0
2022-06-06 00:00:00-04:00,82.74684263162473,83.1965089092652,82.30636207559644,82.44400787353516,8336900,0.0,0.0
2022-06-07 00:00:00-04:00,82.72849153825007,83.34333276855581,82.205416506282,83.03132629394531,10243300,0.0,0.0
2022-06-08 00:00:00-04:00,83.12308188709278,83.18731891786473,81.92092173791586,82.11363983154297,10266000,0.0,0.0
2022-06-09 00:00:00-04:00,81.90257276188244,82.39811858009489,80.68206215413572,80.75547790527344,7381100,0.0,0.0
2022-06-10 00:00:00-04:00,79.99380437414104,80.79218490616955,79.57167431163634,80.00298309326172,8861600,0.0,0.0
2022-06-13 00:00:00-04:00,78.65401345014723,79.38815709109048,77.66292163526762,78.0024642944336,12016100,0.0,0.0
2022-06-14 00:00:00-04:00,78.42803509607938,78.67783933573061,77.59537312020437,78.17823791503906,11226900,0.69,0.0
2022-06-15 00:00:00-04:00,78.23374493701603,78.98315057921492,77.48434635342785,78.29850769042969,11357100,0.0,0.0
2022-06-16 00:00:00-04:00,77.50285132852596,78.81662120658035,76.83672313823315,78.5390625,12925200,0.0,0.0
2022-06-17 00:00:00-04:00,78.30775385176307,79.34396486340174,77.15127118375072,78.28925323486328,32989100,0.0,0.0
2022-06-21 00:00:00-04:00,79.61228782150502,81.7494660199895,78.89063654307326,81.44415283203125,11778600,0.0,0.0
2022-06-22 00:00:00-04:00,81.45339763200863,83.58132175446869,81.44414379317313,82.48960876464844,11935400,0.0,0.0
2022-06-23 00:00:00-04:00,83.26676907746688,85.25592108381755,82.8596848365547,85.11714172363281,14718400,0.0,0.0
2022-06-24 00:00:00-04:00,86.27361491422563,86.77321631947534,84.83957345145643,86.16259002685547,25248400,0.0,0.0
2022-06-27 00:00:00-04:00,86.22735076507827,88.55882393510055,86.08857848237142,87.34683227539062,11949000,0.0,0.0
2022-06-28 00:00:00-04:00,87.06928024489362,87.2728223532284,84.62678906209828,85.01536560058594,13523300,0.0,0.0
2022-06-29 00:00:00-04:00,85.40394014397674,86.02382029359123,85.01536361456651,85.58898162841797,8657100,0.0,0.0
2022-06-30 00:00:00-04:00,84.79332807634376,85.94981098229876,84.1086921724296,84.34923553466797,18551400,0.0,0.0
2022-07-01 00:00:00-04:00,84.46951783598344,85.57048480901813,83.6275948568157,85.50572204589844,11413800,0.0,0.0
2022-07-05 00:00:00-04:00,85.52420936914675,85.99604922016144,83.75710044682039,85.70924377441406,9574400,0.0,0.0
2022-07-06 00:00:00-04:00,86.32912382860538,87.43935152647495,85.76475967037574,86.16259002685547,10455300,0.0,0.0
2022-07-07 00:00:00-04:00,85.98681195216308,86.9212449783164,85.62598988095321,86.05157470703125,8140100,0.0,0.0
2022-07-08 00:00:00-04:00,85.95906199994211,86.80097785735948,85.49646885274693,85.83878326416016,7161500,0.0,0.0
2022-07-11 00:00:00-04:00,85.93130900760201,87.68916455307262,85.88505392346002,87.24507904052734,9507700,0.0,0.0
2022-07-12 00:00:00-04:00,86.76397645552582,87.1895613377423,86.17185774473664,86.59744262695312,7826500,0.0,0.0
2022-07-13 00:00:00-04:00,86.58818115193178,87.30057854524821,86.06082525105326,86.75471496582031,6415600,0.0,0.0
2022-07-14 00:00:00-04:00,85.62600614208533,87.02303255649335,85.17265971330285,86.85649871826172,6271000,0.0,0.0
2022-07-15 00:00:00-04:00,87.75391894498247,88.21651209393715,87.30983347480829,87.8556900024414,9731900,0.0,0.0
2022-07-18 00:00:00-04:00,87.80017560549658,87.98521003008969,85.04311750394966,85.43169403076172,8653700,0.0,0.0
2022-07-19 00:00:00-04:00,86.18111631853165,86.40315908262087,85.22817543659437,85.4502182006836,8233600,0.0,0.0
2022-07-20 00:00:00-04:00,85.45019337773971,85.51495612589459,82.54510943146079,82.94293975830078,11844000,0.0,0.0
2022-07-21 00:00:00-04:00,82.48035362161428,83.64609024507482,82.2583109033492,83.39628601074219,8197000,0.0,0.0
2022-07-22 00:00:00-04:00,83.36853790283203,83.68309785611432,82.76716539722682,83.36853790283203,6354500,0.0,0.0
2022-07-25 00:00:00-04:00,83.45180503885173,83.94215972825197,83.03547400932483,83.75711822509766,6364500,0.0,0.0
2022-07-26 00:00:00-04:00,84.56202190336136,85.07087008909649,83.82187010406028,84.46025085449219,6414100,0.0,0.0
2022-07-27 00:00:00-04:00,83.72935792245649,84.53427252314253,83.27601862392834,84.40474700927734,6966300,0.0,0.0
2022-07-28 00:00:00-04:00,84.22896145106014,84.31222482978045,80.8797845098439,83.21125793457031,13909800,0.0,0.0
2022-07-29 00:00:00-04:00,83.34077846108194,84.26596470405502,81.67544040028605,82.65613555908203,14938600,0.0,0.0
2022-08-01 00:00:00-04:00,82.65612919218295,83.28525607128822,81.74019685860377,81.90673065185547,7343300,0.0,0.0
2022-08-02 00:00:00-04:00,82.3970820690001,82.88742963369056,81.00005596621313,81.0555648803711,7443000,0.0,0.0
2022-08-03 00:00:00-04:00,80.72249789259969,81.43488817795485,80.26915862010095,81.0648193359375,8187600,0.0,0.0
2022-08-04 00:00:00-04:00,81.24060128329774,81.3146178763891,80.1581350791272,80.32466888427734,7993800,0.0,0.0
2022-08-05 00:00:00-04:00,80.0563683534294,80.98155464122331,79.58452137024337,80.87053680419922,8801200,0.0,0.0
2022-08-08 00:00:00-04:00,80.76878384722902,82.13805590718019,80.41720846157206,81.8697509765625,8149400,0.0,0.0
2022-08-09 00:00:00-04:00,82.11026454875393,83.48878983068289,80.31540129591906,82.8226547241211,13215500,0.0,0.0
2022-08-10 00:00:00-04:00,83.29453297202156,83.38705020308639,81.59219333286927,82.51737976074219,8140200,0.0,0.0
2022-08-11 00:00:00-04:00,81.24061366578859,83.10024026363637,80.82428261876251,82.27682495117188,7396800,0.0,0.0
2022-08-12 00:00:00-04:00,82.33231480474562,84.21969542741161,82.29530651113134,84.21044158935547,12317300,0.0,0.0
2022-08-15 00:00:00-04:00,84.03465718100324,84.0439039600269,83.16497996730232,83.82186126708984,6339800,0.0,0.0
2022-08-16 00:00:00-04:00,83.22974209988226,84.09941930717123,83.14647873762348,83.81260681152344,5661200,0.0,0.0
2022-08-17 00:00:00-04:00,83.58131594065797,85.01535734014402,83.54431470511143,84.22895050048828,6486000,0.0,0.0
2022-08-18 00:00:00-04:00,84.65454419335056,84.96910413883187,83.75711237689573,84.56202697753906,6111600,0.0,0.0
2022-08-19 00:00:00-04:00,84.70080688024733,86.06082478458578,84.68229920179826,85.19115447998047,8828700,0.0,0.0
2022-08-22 00:00:00-04:00,84.94134648858771,85.32067623535735,84.2012017312929,84.33998107910156,6652100,0.0,0.0
2022-08-23 00:00:00-04:00,84.0809167349976,84.18268777856373,83.00770444640506,83.45178985595703,5208800,0.0,0.0
2022-08-24 00:00:00-04:00,83.45178917727874,83.56281405806898,82.84116997945812,83.27600860595703,5553300,0.0,0.0
2022-08-25 00:00:00-04:00,83.7386132076545,83.7386132076545,82.40634268933653,83.51656341552734,5884300,0.0,0.0
2022-08-26 00:00:00-04:00,83.52582506112087,83.95140994788927,82.42485101274728,82.58213806152344,5695300,0.0,0.0
2022-08-29 00:00:00-04:00,82.18430741565135,82.34158740539254,81.009316766145,81.03707122802734,7850200,0.0,0.0
2022-08-30 00:00:00-04:00,80.92605160825676,81.01856883204245,80.10263631692418,80.38018798828125,6754000,0.0,0.0
2022-08-31 00:00:00-04:00,80.52819748377155,80.61146084308041,78.78885018942677,78.97388458251953,11602000,0.0,0.0
2022-09-01 00:00:00-04:00,79.23294879985656,80.9167874694443,78.97389778278318,80.6299819946289,7528600,0.0,0.0
2022-09-02 00:00:00-04:00,80.71325700476064,81.21285849198013,79.45500297589936,79.77882385253906,6997500,0.0,0.0
2022-09-06 00:00:00-04:00,80.10261538061073,80.74098899890934,79.7140389071055,79.95458221435547,8244300,0.0,0.0
2022-09-07 00:00:00-04:00,80.08410578583386,80.49118992466775,78.70558048652326,80.37091827392578,6121700,0.0,0.0
2022-09-08 00:00:00-04:00,80.02860639008496,80.90753045763012,79.68628495459983,80.87977600097656,8109200,0.0,0.0
2022-09-09 00:00:00-04:00,81.03707510832852,81.57368492578794,80.7410157363875,80.80577850341797,7480100,0.0,0.0
2022-09-12 00:00:00-04:00,81.53666109088635,82.49885563106916,81.2498556141838,81.56442260742188,6351500,0.0,0.0
2022-09-13 00:00:00-04:00,80.78726012477591,81.05556497453554,79.6677856500889,79.82506561279297,7650000,0.0,0.0
2022-09-14 00:00:00-04:00,81.14008753403394,81.73697956274432,80.56184526818329,81.09345245361328,9418700,0.69,0.0
2022-09-15 00:00:00-04:00,81.27998832516944,81.54112770685441,80.39397157672175,80.90692901611328,8006800,0.0,0.0
2022-09-16 00:00:00-04:00,80.76705009948802,81.95151315385019,80.58052395834439,81.81161499023438,14842500,0.0,0.0
2022-09-19 00:00:00-04:00,81.00019108173902,81.0841328051276,79.87169184428402,80.80433654785156,7748600,0.0,0.0
2022-09-20 00:00:00-04:00,80.27275098771396,80.62715350900815,79.82507827851197,80.20746612548828,5454800,0.0,0.0
2022-09-21 00:00:00-04:00,80.44062190983793,80.673783132765,78.82714311635567,78.83647155761719,7190800,0.0,0.0
2022-09-22 00:00:00-04:00,78.8551252595813,82.21264531120498,78.8551252595813,81.61575317382812,12329700,0.0,0.0
2022-09-23 00:00:00-04:00,81.51315596590727,82.08206985632823,80.29138645400378,80.9349136352539,9038500,0.0,0.0
2022-09-26 00:00:00-04:00,80.31937165368481,80.86962866281189,79.54527477240752,80.37532806396484,8841000,0.0,0.0
2022-09-27 00:00:00-04:00,80.97222258898776,81.7276626125023,79.89967962816702,80.0582275390625,6532100,0.0,0.0
2022-09-28 00:00:00-04:00,81.13076818704414,81.37325782448137,80.39397795001511,80.9349136352539,6840000,0.0,0.0
2022-09-29 00:00:00-04:00,81.14008921037704,81.53179827815195,80.42195591945635,80.80433654785156,6601300,0.0,0.0
2022-09-30 00:00:00-04:00,81.37325243505869,81.7183335456522,80.30070957584897,80.31936645507812,9035600,0.0,0.0
2022-10-03 00:00:00-04:00,80.87895640905619,81.97947753338246,80.22610079415908,81.6530532836914,9186900,0.0,0.0
2022-10-04 00:00:00-04:00,81.64373096232373,82.67896731429735,81.14010188983531,82.43647766113281,7373000,0.0,0.0
2022-10-05 00:00:00-04:00,82.61368245946639,82.80020858312187,82.09139650530311,82.43647766113281,6065700,0.0,0.0
2022-10-06 00:00:00-04:00,81.84890685665891,82.0820680487291,81.35460626795252,81.55046081542969,8055500,0.0,0.0
2022-10-07 00:00:00-04:00,81.96082355205574,82.35253978105497,81.25201861780332,81.6996841430664,8837400,0.0,0.0
2022-10-10 00:00:00-04:00,83.87274655793387,85.42093321496266,83.66756356489648,84.38570404052734,14485000,0.0,0.0
2022-10-11 00:00:00-04:00,84.33906270203165,85.78466487088468,84.12455128461889,84.91730499267578,9743500,0.0,0.0
2022-10-12 00:00:00-04:00,85.10383933551195,85.5421835368732,84.28311446021799,84.32974243164062,8522200,0.0,0.0
2022-10-13 00:00:00-04:00,83.47170161898413,86.47481872632821,83.25719020466764,86.26030731201172,9382800,0.0,0.0
2022-10-14 00:00:00-04:00,86.05513365325854,87.07172019818017,85.560833041491,85.97119903564453,9847600,0.0,0.0
2022-10-17 00:00:00-04:00,86.58674149277094,88.0136940414278,86.22301058297074,87.78053283691406,12139700,0.0,0.0
2022-10-18 00:00:00-04:00,88.06032114928419,88.89970290040362,87.68726180261832,88.2375259399414,9530400,0.0,0.0
2022-10-19 00:00:00-04:00,88.51733543603883,88.51733543603883,86.82924324149504,86.97846984863281,8546100,0.0,0.0
2022-10-20 00:00:00-04:00,86.92249045365236,87.10902367854044,86.13907225566734,86.68000793457031,7626000,0.0,0.0
2022-10-21 00:00:00-04:00,86.58674109385271,89.49659547436339,86.40021497730719,89.22612762451172,10297200,0.0,0.0
2022-10-24 00:00:00-04:00,89.95359159205391,91.79090305758017,89.785715236942,90.81163024902344,11414900,0.0,0.0
2022-10-25 00:00:00-04:00,90.3359689194734,91.66965116507718,89.86031811586957,91.12871551513672,8747900,0.0,0.0
2022-10-26 00:00:00-04:00,91.66966574661622,92.59298218182117,91.39919787862371,91.78158569335938,10374700,0.0,0.0
2022-10-27 00:00:00-04:00,93.11524333244138,94.66343694822376,92.7981475502292,93.02198028564453,12218400,0.0,0.0
2022-10-28 00:00:00-04:00,93.48832718685387,94.32770905949101,91.91216207016902,93.98262786865234,11228000,0.0,0.0
2022-10-31 00:00:00-04:00,93.21783818811693,94.53287067668447,92.62094612842397,94.3836441040039,11043800,0.0,0.0
2022-11-01 00:00:00-04:00,93.8707181311328,94.26242731280152,92.28521740475735,93.04066467285156,11079300,0.0,0.0
2022-11-02 00:00:00-04:00,92.93805622072951,94.22510348975844,92.31318590924181,92.70489501953125,9503500,0.0,0.0
2022-11-03 00:00:00-04:00,92.33183980048457,92.55567257129293,91.39919495401503,92.09867858886719,9912700,0.0,0.0
2022-11-04 00:00:00-04:00,92.33183783352261,92.68624030604556,91.36188635999548,92.51836395263672,8877600,0.0,0.0
2022-11-07 00:00:00-05:00,91.86550575139854,93.60022551553921,91.09140891906935,93.32975769042969,8644500,0.0,0.0
2022-11-08 00:00:00-05:00,93.32976220819349,95.10178870111108,92.82613317659492,94.66344451904297,8503900,0.0,0.0
2022-11-09 00:00:00-05:00,94.4769147759989,96.77121997689817,94.45825789655655,94.74737548828125,10602900,0.0,0.0
2022-11-10 00:00:00-05:00,95.78260820682442,95.8851996934544,93.82405575250408,95.02716827392578,9556000,0.0,0.0
2022-11-11 00:00:00-05:00,93.75877412716989,94.0199135146438,90.77431381958995,91.36187744140625,13342800,0.0,0.0
2022-11-14 00:00:00-05:00,92.05203138913458,94.84064423635438,92.05203138913458,93.59089660644531,8958200,0.0,0.0
2022-11-15 00:00:00-05:00,93.63752943489258,93.95462521789199,92.06135761270961,92.89141082763672,7965900,0.0,0.0
2022-11-16 00:00:00-05:00,92.87277160242151,94.01059940561103,92.78882986971128,93.1991958618164,8757700,0.0,0.0
2022-11-17 00:00:00-05:00,93.6468649042373,95.45619092205857,93.516288089978,95.41888427734375,8496800,0.0,0.0
2022-11-18 00:00:00-05:00,95.7173269352136,97.55463820824427,95.7173269352136,97.20956420898438,11626300,0.0,0.0
2022-11-21 00:00:00-05:00,97.92770626780656,98.73910982418246,97.2095728860027,98.49662017822266,8899300,0.0,0.0
2022-11-22 00:00:00-05:00,98.98159701767717,99.88626367572893,98.90699083622623,99.69973754882812,8295700,0.0,0.0
2022-11-23 00:00:00-05:00,99.55983721577523,100.07279472679338,99.14014988168073,99.6251220703125,5749600,0.0,0.0
2022-11-25 00:00:00-05:00,99.38262710621103,100.25931549072266,99.38262710621103,100.25931549072266,3163700,0.0,0.0
2022-11-28 00:00:00-05:00,99.91425647750562,101.56504211531913,99.91425647750562,101.14534759521484,9524500,0.0,0.0
2022-11-29 00:00:00-05:00,100.72565301983558,101.71425437436139,100.30596564512607,101.50907135009766,9352400,0.0,0.0
2022-11-30 00:00:00-05:00,101.37849681801579,102.89871254446369,100.38056706914315,102.7028579711914,20305800,0.0,0.0
2022-12-01 00:00:00-05:00,102.3577685994975,103.50492485449172,101.4437735486024,102.40440368652344,10110500,0.0,0.0
2022-12-02 00:00:00-05:00,101.65829097265281,102.67487046693182,101.3878231061114,102.62824249267578,6943600,0.0,0.0
2022-12-05 00:00:00-05:00,102.41372464162045,102.80544087088371,101.8541391769068,102.60025787353516,6961900,0.0,0.0
2022-12-06 00:00:00-05:00,102.92669244963383,103.29975183533358,101.11735905407538,101.59300994873047,7458700,0.0,0.0
2022-12-07 00:00:00-05:00,101.79816929418224,103.25309273301137,101.65827116763768,102.67485046386719,8270400,0.0,0.0
2022-12-08 00:00:00-05:00,102.85206737038423,103.54222252980425,102.70284790250308,103.38367462158203,7354800,0.0,0.0
2022-12-09 00:00:00-05:00,103.50492497967913,103.8686558892724,101.42512390577312,101.4531021118164,9667800,0.0,0.0
2022-12-12 00:00:00-05:00,100.66035856440045,101.7515513270496,100.09144463881098,101.63031005859375,10956600,0.0,0.0
2022-12-13 00:00:00-05:00,103.76606048120271,103.76606048120271,101.65828128065412,103.43963623046875,15836900,0.0,0.0
2022-12-14 00:00:00-05:00,103.75882769008739,105.30788875787734,103.30819617091942,104.72582244873047,10788300,0.73,0.0
2022-12-15 00:00:00-05:00,103.49596205647798,103.9935376607507,102.5477549158545,102.92327880859375,9871400,0.0,0.0
2022-12-16 00:00:00-05:00,102.55713847774265,102.98899668653472,101.64647799201755,102.51958465576172,29465900,0.0,0.0
2022-12-19 00:00:00-05:00,102.5102051702233,103.36453137163306,102.11589360691325,102.74491119384766,6949500,0.0,0.0
2022-12-20 00:00:00-05:00,103.2143152449353,103.89026968663178,102.48203365398373,102.99838256835938,8022000,0.0,0.0
2022-12-21 00:00:00-05:00,103.36452981392759,104.38785178609118,102.83879062098295,104.312744140625,6640900,0.0,0.0
2022-12-22 00:00:00-05:00,104.11558720084386,104.85725905005606,103.4677963228585,104.43478393554688,8373700,0.0,0.0
2022-12-23 00:00:00-05:00,104.44417770664467,105.27034030904777,104.08742713887817,105.01686096191406,4547400,0.0,0.0
2022-12-27 00:00:00-05:00,105.53320799736734,105.70218943916431,104.70703830329185,105.26094818115234,5125800,0.0,0.0
2022-12-28 00:00:00-05:00,105.9838533955155,105.9838533955155,104.26580355208704,104.28458404541016,5107800,0.0,0.0
2022-12-29 00:00:00-05:00,104.57560332399558,104.8666364678733,103.974756545414,104.04047393798828,4467200,0.0,0.0
2022-12-30 00:00:00-05:00,104.42540575118923,104.60377745609046,103.38331044756804,104.16252899169922,5498600,0.0,0.0
2023-01-03 00:00:00-05:00,103.65555911185653,104.39722375321739,102.79183560628623,104.34089660644531,8062500,0.0,0.0
2023-01-04 00:00:00-05:00,105.44871205714314,105.72097187837568,104.4347804117238,105.22339630126953,8698600,0.0,0.0
2023-01-05 00:00:00-05:00,104.76337320883289,106.94145189985106,104.60377483798871,106.6879653930664,9578900,0.0,0.0
2023-01-06 00:00:00-05:00,107.32635934950429,108.42478171001599,107.072880021178,107.81454467773438,8632300,0.0,0.0
2023-01-09 00:00:00-05:00,107.85211971819292,107.89906379247387,103.21433311817202,103.62741088867188,12858800,0.0,0.0
2023-01-10 00:00:00-05:00,103.79638377225828,105.15768293050174,103.15798313731008,104.03108978271484,12122800,0.0,0.0
2023-01-11 00:00:00-05:00,102.65102341990634,104.50050803867948,102.09712064025642,104.27519226074219,8626500,0.0,0.0
2023-01-12 00:00:00-05:00,104.13435880191227,105.24217143438618,103.29880599533928,104.93235778808594,8914800,0.0,0.0
2023-01-13 00:00:00-05:00,104.39724264144358,105.56138974485425,104.16253660388399,105.38301086425781,5757800,0.0,0.0
2023-01-17 00:00:00-05:00,105.17644350076445,105.60830164809653,103.57105544351104,103.69309997558594,10241100,0.0,0.0
2023-01-18 00:00:00-05:00,103.19553501156261,103.36452362240946,101.93751425732623,102.1346664428711,8799500,0.0,0.0
2023-01-19 00:00:00-05:00,101.8060831762665,103.43963503219867,101.48687927185497,103.17676544189453,6772900,0.0,0.0
2023-01-20 00:00:00-05:00,102.68857098840184,103.26125422621475,102.00323344981196,103.21431732177734,9216500,0.0,0.0
2023-01-23 00:00:00-05:00,103.20492593913795,103.60862055868017,102.49141767055335,103.1579818725586,8998800,0.0,0.0
2023-01-24 00:00:00-05:00,103.27065024842285,103.27065024842285,99.8814946990755,101.88118743896484,7424200,0.0,0.0
2023-01-25 00:00:00-05:00,102.05956851563067,103.20493508008765,101.70281793107013,101.94690704345703,6168000,0.0,0.0
2023-01-26 00:00:00-05:00,101.89056690796505,101.90934739893116,99.3463547441144,100.33212280273438,9672700,0.0,0.0
2023-01-27 00:00:00-05:00,99.71249897631645,100.15374741471399,98.67979397989221,98.93327331542969,7784900,0.0,0.0
2023-01-30 00:00:00-05:00,99.11166809507812,99.98477486633277,99.04595068918411,99.599853515625,6476600,0.0,0.0
2023-01-31 00:00:00-05:00,99.60923167589975,100.8672596452073,99.42146972831793,100.83909606933594,7938900,0.0,0.0
2023-02-01 00:00:00-05:00,100.4260116702821,100.85786988191526,99.59045882302198,100.4354019165039,10103200,0.0,0.0
2023-02-02 00:00:00-05:00,97.65648416188802,99.33698023666474,95.52535650975182,97.13074493408203,16229900,0.0,0.0
2023-02-03 00:00:00-05:00,96.90541718889115,97.44054659764186,96.21068941462823,96.64254760742188,11210800,0.0,0.0
2023-02-06 00:00:00-05:00,97.10257004966729,98.21977294133299,96.54866014544368,97.66586303710938,9054500,0.0,0.0
2023-02-07 00:00:00-05:00,97.35605286936696,99.44963369005737,97.2246180730179,99.21492767333984,7904700,0.0,0.0
2023-02-08 00:00:00-05:00,99.33698514162619,100.94237364522566,98.87696329458146,100.1162109375,8596300,0.0,0.0
2023-02-09 00:00:00-05:00,100.3227418661951,101.24278545446317,100.0223184467889,100.1913070678711,7976800,0.0,0.0
2023-02-10 00:00:00-05:00,100.42601399295056,102.11589305633899,100.33213301653888,101.92813110351562,7609600,0.0,0.0
2023-02-13 00:00:00-05:00,102.05955914136679,102.86694837780294,101.72158191854892,102.84817504882812,7383100,0.0,0.0
2023-02-14 00:00:00-05:00,103.22370670673943,103.27065077670171,101.571381451427,102.08773040771484,6983900,0.0,0.0
2023-02-15 00:00:00-05:00,101.89058178137624,102.13467806095693,100.97992122837032,101.09258270263672,6416600,0.0,0.0
2023-02-16 00:00:00-05:00,100.28518905979041,100.88603590469219,99.73128628447695,99.99415588378906,5959300,0.0,0.0
2023-02-17 00:00:00-05:00,99.82516346018701,102.83878781640277,99.06471110523451,102.82000732421875,9474600,0.0,0.0
2023-02-21 00:00:00-05:00,102.23794648200474,103.15799009395018,101.9844599625283,102.39754486083984,6741500,0.0,0.0
2023-02-22 00:00:00-05:00,103.46780909825216,103.57108032815049,102.2567250807117,102.48204803466797,7213900,0.0,0.0
2023-02-23 00:00:00-05:00,102.57592382601388,104.43479154478479,102.42570853097891,103.82455444335938,6922800,0.0,0.0
2023-02-24 00:00:00-05:00,103.3551356010268,103.58045852877791,102.22854961290734,103.16737365722656,5787900,0.0,0.0
2023-02-27 00:00:00-05:00,103.29881020603355,103.39269117952922,101.88118386947373,102.6697998046875,5654800,0.0,0.0
2023-02-28 00:00:00-05:00,102.17222736657271,102.1816104503518,99.66556876695878,99.74066925048828,10209900,0.0,0.0
2023-03-01 00:00:00-05:00,99.47778898968794,100.97052285640177,99.47778898968794,100.12557983398438,6099000,0.0,0.0
2023-03-02 00:00:00-05:00,100.10680429424306,100.80153923740153,99.60922870161536,100.46356201171875,5097500,0.0,0.0
2023-03-03 00:00:00-05:00,100.81093429012843,100.82032453713981,99.63740410679954,100.34152221679688,6124300,0.0,0.0
2023-03-06 00:00:00-05:00,101.0738024377948,104.43478715225473,100.87664308068906,104.30335235595703,17776600,0.0,0.0
2023-03-07 00:00:00-05:00,104.93236369759548,105.3172850063721,103.94660271656866,104.46295166015625,13805300,0.0,0.0
2023-03-08 00:00:00-05:00,104.14373810082428,104.47232504145602,101.00806247234031,101.65585327148438,8440800,0.0,0.0
2023-03-09 00:00:00-05:00,102.61347657453146,103.17676959969107,100.55744951190648,101.01747131347656,5842500,0.0,0.0
2023-03-10 00:00:00-05:00,100.86726845100779,103.94661050119758,100.77338030636119,101.10197448730469,9738500,0.0,0.0
2023-03-13 00:00:00-04:00,98.07895855137629,102.18161543814018,98.013241148418,99.26187896728516,10687100,0.0,0.0
2023-03-14 00:00:00-04:00,99.68727637824182,101.27546660663783,98.80809951587158,101.12421417236328,9806900,0.73,0.0
2023-03-15 00:00:00-04:00,100.66099795780492,102.12628797589505,99.80072491230054,101.7481460571289,10942700,0.0,0.0
2023-03-16 00:00:00-04:00,100.67989987112335,101.82377392435207,98.53395588303216,101.47399139404297,9441500,0.0,0.0
2023-03-17 00:00:00-04:00,101.29437265321614,101.44562508000159,97.83438413634896,98.41104888916016,26402100,0.0,0.0
2023-03-20 00:00:00-04:00,99.0917039308633,101.06749151857092,99.0917039308633,100.06541442871094,12865800,0.0,0.0
2023-03-21 00:00:00-04:00,100.20723008378526,100.61373139998193,99.03499658153851,99.77236938476562,11571800,0.0,0.0
2023-03-22 00:00:00-04:00,99.70618946907865,100.20722443727188,98.6852084702375,98.69466400146484,5705800,0.0,0.0
2023-03-23 00:00:00-04:00,98.41104292372117,98.91207782653983,97.80601882834132,98.53394317626953,6801700,0.0,0.0
2023-03-24 00:00:00-04:00,98.40160162208002,99.27133019584582,96.84177793303243,99.07280731201172,6661800,0.0,0.0
2023-03-27 00:00:00-04:00,100.28285582518767,101.72924198986082,100.19777046772955,101.0864028930664,7563100,0.0,0.0
2023-03-28 00:00:00-04:00,100.78387452664435,101.18092023078157,99.67781554549528,99.76289367675781,6679500,0.0,0.0
2023-03-29 00:00:00-04:00,99.84799896415984,100.08433677037002,98.8175623786056,99.18624877929688,6310200,0.0,0.0
2023-03-30 00:00:00-04:00,99.37530763469391,100.39628131457857,98.82700228001565,100.13158416748047,5017400,0.0,0.0
2023-03-31 00:00:00-04:00,100.42464479989924,100.70824578625336,99.75343921021211,100.57589721679688,7184300,0.0,0.0
2023-04-03 00:00:00-04:00,100.15994887050331,103.49704440227384,99.80071803926631,102.92037963867188,6964100,0.0,0.0
2023-04-04 00:00:00-04:00,102.75966047245852,103.36468459232275,102.24917723144394,102.88256072998047,6108200,0.0,0.0
2023-04-05 00:00:00-04:00,103.90353320523138,106.20072924075065,103.59156564023894,105.79423522949219,8006100,0.0,0.0
2023-04-06 00:00:00-04:00,106.8246829960475,107.93074214209652,105.53900481839054,106.19129943847656,6894500,0.0,0.0
2023-04-10 00:00:00-04:00,106.78685745947476,106.90975050376814,105.09467815557971,106.45598602294922,6446500,0.0,0.0
2023-04-11 00:00:00-04:00,106.55997083988288,107.11772449389646,106.18182897976962,106.34253692626953,5639800,0.0,0.0
2023-04-12 00:00:00-04:00,106.11566470638736,108.06308573287922,105.76588219060348,107.53369140625,6136700,0.0,0.0
2023-04-13 00:00:00-04:00,108.68701476887772,109.49056174399671,107.43915163238121,109.26367950439453,7332300,0.0,0.0
2023-04-14 00:00:00-04:00,109.41493173293847,109.8214329849199,108.393958050308,109.00843048095703,5005100,0.0,0.0
2023-04-17 00:00:00-04:00,109.36766965564412,110.086131289404,107.95909134185251,108.7248306274414,6575500,0.0,0.0
2023-04-18 00:00:00-04:00,108.22379318129286,108.82881728638057,107.51477988197543,108.5546646118164,5454500,0.0,0.0
2023-04-19 00:00:00-04:00,108.23324077675728,109.08405817275207,107.77947630719753,107.89291381835938,4683400,0.0,0.0
2023-04-20 00:00:00-04:00,107.9401882574835,108.26160416763135,106.82467367748583,107.93073272705078,4657900,0.0,0.0
2023-04-21 00:00:00-04:00,108.59247949652054,109.32985217365862,108.32777513970254,109.06515502929688,6554600,0.0,0.0
2023-04-24 00:00:00-04:00,109.3204033136919,109.92542745556462,108.49794523999459,109.60401153564453,4299100,0.0,0.0
2023-04-25 00:00:00-04:00,109.86871711895805,110.47374130721337,109.57566055627547,110.16177368164062,5662800,0.0,0.0
2023-04-26 00:00:00-04:00,108.90444659968847,108.90444659968847,106.559979851147,107.2311782836914,6607900,0.0,0.0
2023-04-27 00:00:00-04:00,108.33724424546979,109.05571316480814,104.61256548492698,108.86664581298828,9975200,0.0,0.0
2023-04-28 00:00:00-04:00,108.11036568848341,109.21642488072239,107.25954815120059,109.15970611572266,8049900,0.0,0.0
2023-05-01 00:00:00-04:00,109.47167154654547,110.22794817700937,108.97062935344728,109.9821548461914,5238900,0.0,0.0
2023-05-02 00:00:00-04:00,110.29411159991648,111.9201166531909,109.48110907327926,111.44744110107422,8175600,0.0,0.0
2023-05-03 00:00:00-04:00,111.88229245092135,113.1112516693337,111.48524675111032,111.7593994140625,6738600,0.0,0.0
2023-05-04 00:00:00-04:00,111.55142489356257,111.55142489356257,110.1239427758606,110.95585632324219,6490200,0.0,0.0
2023-05-05 00:00:00-04:00,110.96532363371468,111.44745477551832,110.19013592162716,111.24893188476562,4534000,0.0,0.0
2023-05-08 00:00:00-04:00,110.68171524225585,111.9673933933498,110.0766910785007,111.9106674194336,5157300,0.0,0.0
2023-05-09 00:00:00-04:00,111.78776849143878,112.14699931589942,110.92749552140712,111.01258087158203,4933100,0.0,0.0
2023-05-10 00:00:00-04:00,110.99367391057774,111.71213553935291,110.05777114717978,111.45689392089844,5605400,0.0,0.0
2023-05-11 00:00:00-04:00,111.1543893486157,111.35291222355038,110.01996364725868,111.12602996826172,5596700,0.0,0.0
2023-05-12 00:00:00-04:00,111.55144409446173,112.07139015107144,110.3224846219974,110.73844146728516,5233100,0.0,0.0
2023-05-15 00:00:00-04:00,110.73842282049469,111.30563201517687,109.17859212577653,110.01050567626953,5697200,0.0,0.0
2023-05-16 00:00:00-04:00,109.54728409299598,110.3791976862442,108.98953039975602,109.73635864257812,4278200,0.0,0.0
2023-05-17 00:00:00-04:00,110.0105107297073,110.28466341576268,107.27844661215185,108.48849487304688,7210400,0.0,0.0
2023-05-18 00:00:00-04:00,107.9023757398102,108.78155256567162,107.13664364428648,107.77002716064453,6437100,0.0,0.0
2023-05-19 00:00:00-04:00,108.0820080768176,109.88762517931382,107.86457411999386,109.1786117553711,7647000,0.0,0.0
2023-05-22 00:00:00-04:00,109.16914863529715,110.68170895881646,108.08199342348571,108.23324584960938,5607400,0.0,0.0
2023-05-23 00:00:00-04:00,107.74166034090709,108.51684791354134,106.87193910574793,107.07991027832031,7733000,0.0,0.0
2023-05-24 00:00:00-04:00,107.87401493207862,108.07253779819865,106.39926951949747,107.39188385009766,4509500,0.0,0.0
2023-05-25 00:00:00-04:00,107.29735180529948,107.29735180529948,105.01905215080248,106.16293334960938,7037500,0.0,0.0
2023-05-26 00:00:00-04:00,105.879329451297,107.00429963470324,104.60310683343792,105.00015258789062,6378200,0.0,0.0
2023-05-30 00:00:00-04:00,104.11151569708063,104.65982107476293,103.01491215417266,103.2039794921875,7768100,0.0,0.0
2023-05-31 00:00:00-04:00,102.542237220899,105.07577851298635,102.542237220899,104.376220703125,14563500,0.0,0.0
2023-06-01 00:00:00-04:00,104.61255622794586,105.49172582732348,103.87517631120068,104.8677978515625,6959900,0.0,0.0
2023-06-02 00:00:00-04:00,105.0379541756034,106.56942545024204,104.66926784859973,106.37089538574219,5791500,0.0,0.0
2023-06-05 00:00:00-04:00,106.82467596151886,108.22379878476127,106.73959782317472,106.92866516113281,5185500,0.0,0.0
2023-06-06 00:00:00-04:00,107.34461330491396,107.5053212504669,103.30796033160914,103.9980697631836,6960200,0.0,0.0
2023-06-07 00:00:00-04:00,103.63883068147209,103.67664558811538,101.02966703518874,102.67457580566406,12420500,0.0,0.0
2023-06-08 00:00:00-04:00,102.39097988043427,105.00015105180142,102.09792333440504,104.2911376953125,8352700,0.0,0.0
2023-06-09 00:00:00-04:00,104.16824115276167,105.4161043298692,103.06217487223496,104.65982055664062,6521900,0.0,0.0
2023-06-12 00:00:00-04:00,104.16824507495771,104.9245216642054,102.66513300249552,103.85627746582031,7468500,0.0,0.0
2023-06-13 00:00:00-04:00,102.65567115817605,104.59364377307222,102.14518791774583,103.97916412353516,7304200,0.0,0.0
2023-06-14 00:00:00-04:00,104.416937624984,104.61678688729468,103.11315080631488,103.40817260742188,6137300,0.73,0.0
2023-06-15 00:00:00-04:00,103.16073657147992,104.58823751870341,103.10363159635219,104.1124038696289,7305700,0.0,0.0
2023-06-16 00:00:00-04:00,104.20757054799668,105.12117029522223,103.7888346077763,104.03627014160156,15844300,0.0,0.0
2023-06-20 00:00:00-04:00,103.8078790399125,105.50184580623718,103.76029276688932,104.90229797363281,7744400,0.0,0.0
2023-06-21 00:00:00-04:00,104.78809226659638,106.12993945170817,104.22660475575422,105.78734588623047,6854800,0.0,0.0
2023-06-22 00:00:00-04:00,106.20606508381194,108.3377977196531,106.20606508381194,108.22360229492188,7884100,0.0,0.0
2023-06-23 00:00:00-04:00,108.64234462010941,109.35609510934601,107.55743719667599,109.06107330322266,16407900,0.0,0.0
2023-06-26 00:00:00-04:00,108.90881593098618,109.06107893434945,106.37737724667869,107.61454772949219,7685100,0.0,0.0
2023-06-27 00:00:00-04:00,107.3766187301841,108.21408330547814,106.4630190315056,107.84293365478516,7093900,0.0,0.0
2023-06-28 00:00:00-04:00,107.96664899193553,108.08085167828906,106.05380300486794,107.0054702758789,8173800,0.0,0.0
2023-06-29 00:00:00-04:00,106.82464788637752,108.37586287659701,106.4059119766014,108.05229949951172,6281800,0.0,0.0
2023-06-30 00:00:00-04:00,108.29021534857425,110.02224942275589,107.94761456373438,109.81288146972656,8090600,0.0,0.0
2023-07-03 00:00:00-04:00,108.93735576445088,109.08010730997044,108.04278618913052,108.80412292480469,2834600,0.0,0.0
2023-07-05 00:00:00-04:00,108.52813760667216,108.89928726544527,107.9381012785647,108.2045669555664,5861500,0.0,0.0
2023-07-06 00:00:00-04:00,107.44323471511487,107.95713590492204,106.31074835642988,106.34881591796875,7257400,0.0,0.0
2023-07-07 00:00:00-04:00,105.70169401541406,106.11091127308137,103.50334472410485,103.73174285888672,11314800,0.0,0.0
2023-07-10 00:00:00-04:00,103.8649654639713,105.25439880952952,103.82689790182168,104.64533233642578,5949200,0.0,0.0
2023-07-11 00:00:00-04:00,104.18853458743226,104.70242851732012,103.01798066555556,103.44622802734375,6084900,0.0,0.0
2023-07-12 00:00:00-04:00,103.13217482602555,103.77930879832168,102.00920726411884,102.27567291259766,8376700,0.0,0.0
2023-07-13 00:00:00-04:00,102.14245278817013,102.69442156330169,101.1241690702217,101.18126678466797,9764400,0.0,0.0
2023-07-14 00:00:00-04:00,101.12417468929809,102.47554058434872,101.12417468929809,102.15196990966797,7209300,0.0,0.0
2023-07-17 00:00:00-04:00,101.86646609552575,102.24713445805929,100.201048362506,100.46751403808594,7376400,0.0,0.0
2023-07-18 00:00:00-04:00,100.76252329406587,101.85694205630138,100.25814082589383,100.82913970947266,7499100,0.0,0.0
2023-07-19 00:00:00-04:00,101.02899621633773,102.1900241333353,100.79107940979283,100.82913970947266,6608600,0.0,0.0
2023-07-20 00:00:00-04:00,101.4001387153599,103.68413408888718,100.93381657969569,103.21781921386719,8073000,0.0,0.0
2023-07-21 00:00:00-04:00,103.47478626595647,105.2734368393834,103.14169691035174,105.05455017089844,8193500,0.0,0.0
2023-07-24 00:00:00-04:00,104.67388106020691,105.00696315278756,103.25589885999497,103.5318832397461,6045500,0.0,0.0
2023-07-25 00:00:00-04:00,102.43747054693083,103.46527300314243,102.13293729256948,102.3327865600586,6498700,0.0,0.0
2023-07-26 00:00:00-04:00,101.63807599006995,102.78959261349128,100.93383692267192,101.96163940429688,7042700,0.0,0.0
2023-07-27 00:00:00-04:00,102.05680022654353,102.41843845092667,100.0868491865216,100.18201446533203,9813100,0.0,0.0
2023-07-28 00:00:00-04:00,100.33428861439545,101.49532393862596,100.15346949518542,101.20030212402344,6903800,0.0,0.0
2023-07-31 00:00:00-04:00,101.40015027711736,101.60951097706834,100.56267843473329,101.49531555175781,7397500,0.0,0.0
2023-08-01 00:00:00-04:00,104.30273060741622,104.30273060741622,100.05829548429972,100.1915283203125,10009200,0.0,0.0
2023-08-02 00:00:00-04:00,100.90529190955029,102.91331067752206,99.81087296207126,100.59123992919922,10873500,0.0,0.0
2023-08-03 00:00:00-04:00,100.00121149475811,100.66737576623764,99.80136221331426,100.61979675292969,6039300,0.0,0.0
2023-08-04 00:00:00-04:00,100.53413823925159,101.276437610298,99.45875674794661,99.9250717163086,6700700,0.0,0.0
2023-08-07 00:00:00-04:00,100.2010575507267,101.14320620739024,99.3731043308431,100.96238708496094,8259100,0.0,0.0
2023-08-08 00:00:00-04:00,100.58172037179585,102.00922133756919,100.58172037179585,101.26692199707031,10152200,0.0,0.0
2023-08-09 00:00:00-04:00,101.13368264137003,101.62855371245755,100.6768863949074,100.9719009399414,6479500,0.0,0.0
2023-08-10 00:00:00-04:00,101.07658051388155,101.86646609552575,100.32476249455522,100.46751403808594,6525700,0.0,0.0
2023-08-11 00:00:00-04:00,100.82914192187081,102.50407830967902,100.4865411320772,102.24713134765625,5904300,0.0,0.0
2023-08-14 00:00:00-04:00,102.70393180528792,104.14095144072634,102.12341417973482,103.64608764648438,8427200,0.0,0.0
2023-08-15 00:00:00-04:00,103.62705202110463,104.1314345298857,103.17976722708511,103.40817260742188,5118700,0.0,0.0
2023-08-16 00:00:00-04:00,103.25589818558227,104.17901659373722,103.04653022571475,103.47478485107422,5332900,0.0,0.0
2023-08-17 00:00:00-04:00,103.40818084009724,104.94987734656088,103.08461015584892,103.65560913085938,6457800,0.0,0.0
2023-08-18 00:00:00-04:00,103.70317870959613,104.20756117733578,102.97990958533912,103.92205810546875,6710400,0.0,0.0
2023-08-21 00:00:00-04:00,103.81738512009294,104.68340587196172,103.68415227528935,104.34080505371094,6012500,0.0,0.0
2023-08-22 00:00:00-04:00,104.30273382411116,104.30273382411116,102.0187308695827,102.04728698730469,6026000,0.0,0.0
2023-08-23 00:00:00-04:00,104.6738737692541,106.48204290957509,104.51209208707583,105.92056274414062,10588200,0.0,0.0
2023-08-24 00:00:00-04:00,105.58748169231112,106.60576539033353,103.81737997266168,104.15998077392578,6487700,0.0,0.0
2023-08-25 00:00:00-04:00,104.62631563255019,104.99746533540386,103.7127158054761,104.88326263427734,4839100,0.0,0.0
2023-08-28 00:00:00-04:00,104.90230114477741,105.26393214448954,103.39866490379953,103.66513061523438,4335600,0.0,0.0
2023-08-29 00:00:00-04:00,103.99819863687632,105.17826402474341,103.66511654279833,104.67388153076172,5673100,0.0,0.0
2023-08-30 00:00:00-04:00,104.96891647528373,105.44475017234187,104.41694764414125,104.88326263427734,4785000,0.0,0.0
2023-08-31 00:00:00-04:00,104.79761539049872,105.19731395094223,103.62706130846162,103.71271514892578,9212000,0.0,0.0
2023-09-01 00:00:00-04:00,104.35031608825881,105.03551767438529,103.96964773367245,104.5311279296875,4941300,0.0,0.0
2023-09-05 00:00:00-04:00,104.16950727867706,104.41694282270286,102.29472143713261,102.31375885009766,6379900,0.0,0.0
2023-09-06 00:00:00-04:00,101.60000997975946,101.82840811451213,99.84893825160027,101.34305572509766,7926100,0.0,0.0
2023-09-07 00:00:00-04:00,101.74275291343523,103.43671951884845,101.69516664493231,102.72296905517578,8532600,0.0,0.0
2023-09-08 00:00:00-04:00,102.34230766150138,103.86497396894411,102.34230766150138,103.77932739257812,6807500,0.0,0.0
2023-09-11 00:00:00-04:00,104.04578690807513,104.15047089117871,103.10363106014289,103.35106658935547,5069300,0.0,0.0
2023-09-12 00:00:00-04:00,103.17977920241916,104.18855159770754,102.3518331997019,103.75077819824219,4605400,0.0,0.0
2023-09-13 00:00:00-04:00,103.71269935667571,104.3693448172329,102.46601033086858,102.5992431640625,6761500,0.0,0.0
2023-09-14 00:00:00-04:00,103.1837200952028,103.96940694700625,102.48426368938298,103.71070098876953,6872400,0.73,0.0
2023-09-15 00:00:00-04:00,103.59574247184469,104.37184584172326,102.77172841808603,103.02084350585938,9639000,0.0,0.0
2023-09-18 00:00:00-04:00,103.26037789238599,103.42326982453116,102.37887690375523,103.30828857421875,3911300,0.0,0.0
2023-09-19 00:00:00-04:00,103.14539667546478,103.6532177024338,102.436363957252,102.8675308227539,5818300,0.0,0.0
2023-09-20 00:00:00-04:00,103.68196694353017,103.86401875958919,102.76213888527086,102.81962585449219,4593600,0.0,0.0
2023-09-21 00:00:00-04:00,102.78130576471258,103.36578102537494,101.96687530137551,102.26390838623047,5856600,0.0,0.0
2023-09-22 00:00:00-04:00,102.73339420556535,102.73339420556535,101.5261166949564,101.89021301269531,5027200,0.0,0.0
2023-09-25 00:00:00-04:00,101.61236710655774,101.74650825664057,100.71169883302062,101.41114807128906,6052200,0.0,0.0
2023-09-26 00:00:00-04:00,100.72126654992157,102.0914286326919,100.71168295209989,100.97996520996094,5400500,0.0,0.0
2023-09-27 00:00:00-04:00,101.0374537945074,101.10452436004665,98.97742614859732,99.59064483642578,5635500,0.0,0.0
2023-09-28 00:00:00-04:00,100.19428369588756,100.57754721773573,99.43734025052696,99.93558502197266,4758800,0.0,0.0
2023-09-29 00:00:00-04:00,99.9930691874102,100.29967853426119,98.41211177296404,98.6420669555664,7232700,0.0,0.0
2023-10-02 00:00:00-04:00,98.52708656845044,98.52708656845044,97.10901386327077,98.25880432128906,7079700,0.0,0.0
2023-10-03 00:00:00-04:00,97.96177817126441,98.15341358281628,96.69701369559603,97.51144409179688,5924000,0.0,0.0
2023-10-04 00:00:00-04:00,97.32940630023056,98.14383675259364,97.08986750188001,97.89471435546875,6720500,0.0,0.0
2023-10-05 00:00:00-04:00,98.07675184128657,99.37025970122204,98.05758464654039,99.26486206054688,6449100,0.0,0.0
2023-10-06 00:00:00-04:00,99.38943230154014,100.06013795127588,98.61332169525357,99.53314971923828,6854900,0.0,0.0
2023-10-09 00:00:00-04:00,99.16905738063976,100.78834191286428,98.9870055640767,100.12721252441406,5061100,0.0,0.0
2023-10-10 00:00:00-04:00,99.95473378332271,100.08887490451782,98.84327773482855,99.27444458007812,7177200,0.0,0.0
2023-10-11 00:00:00-04:00,99.64813432689986,99.84934602861196,98.54625445644871,99.13072967529297,5375100,0.0,0.0
2023-10-12 00:00:00-04:00,99.18820897896153,99.60021594876324,98.62290100024033,99.25527954101562,5124000,0.0,0.0
2023-10-13 00:00:00-04:00,99.27445133846814,100.14636868559461,98.47918084428338,99.65771484375,5787500,0.0,0.0
2023-10-16 00:00:00-04:00,99.83975930608781,100.96080633789339,99.70561817581078,99.78227233886719,6473500,0.0,0.0
2023-10-17 00:00:00-04:00,99.64813527692351,100.1176292520611,98.83370486409277,99.81101989746094,5827200,0.0,0.0
2023-10-18 00:00:00-04:00,99.75352807759967,100.08888090067788,97.64558978098525,97.72223663330078,7136400,0.0,0.0
2023-10-19 00:00:00-04:00,97.40604243101119,97.47311298972244,94.9914876971208,96.22750854492188,7647600,0.0,0.0
2023-10-20 00:00:00-04:00,95.8059159862491,99.03490095384909,95.8059159862491,98.37377166748047,12466800,0.0,0.0
2023-10-23 00:00:00-04:00,98.52709973793424,99.79186429370722,98.37379139898287,99.02533721923828,8493000,0.0,0.0
2023-10-24 00:00:00-04:00,98.99657768973752,99.70561036712118,98.38335905359877,98.71871185302734,6347900,0.0,0.0
2023-10-25 00:00:00-04:00,99.02532736282296,100.23260482639566,98.64206386373635,99.29360961914062,7849200,0.0,0.0
2023-10-26 00:00:00-04:00,98.78578596302371,102.74297106892035,98.68038832082375,101.13327026367188,11335700,0.0,0.0
2023-10-27 00:00:00-04:00,100.91290508299318,101.15244388230812,97.9426254335167,98.51751708984375,8933800,0.0,0.0
2023-10-30 00:00:00-04:00,98.95826106413863,100.12721149717356,98.31629887883042,98.38336944580078,6915500,0.0,0.0
2023-10-31 00:00:00-04:00,98.46959742075111,99.21696454693881,97.15692959877596,98.40252685546875,7522600,0.0,0.0
2023-11-01 00:00:00-04:00,99.21696233768063,99.86850809026272,98.43127545752071,98.54624938964844,5838100,0.0,0.0
2023-11-02 00:00:00-04:00,98.44085174510256,98.74746108101513,97.3964662075121,98.54624938964844,5379100,0.0,0.0
2023-11-03 00:00:00-04:00,99.04450086020488,99.88767476372898,98.4791855183009,99.0540771484375,6005900,0.0,0.0
2023-11-06 00:00:00-05:00,99.72479238845669,100.00265826647974,98.82412418452982,99.97390747070312,5951200,0.0,0.0
2023-11-07 00:00:00-05:00,99.9834851536658,100.3380051791632,99.38943365868629,99.64813232421875,6616400,0.0,0.0
2023-11-08 00:00:00-05:00,99.62896396797865,100.76916349116026,99.49481553746155,100.03138732910156,8152100,0.0,0.0
2023-11-09 00:00:00-05:00,100.32842769400904,100.32842769400904,97.8755527804393,98.0959243774414,7377000,0.0,0.0
2023-11-10 00:00:00-05:00,98.5366684888677,99.03491324220207,96.39040307873654,97.14734649658203,7627100,0.0,0.0
2023-11-13 00:00:00-05:00,96.85990063788226,98.25881359028891,96.37124677451794,98.18215942382812,5878200,0.0,0.0
2023-11-14 00:00:00-05:00,98.36421566353951,98.90078023259866,97.63601566971352,97.89471435546875,6944400,0.0,0.0
2023-11-15 00:00:00-05:00,97.6168374439664,97.89470329587861,96.50538134646075,97.10901641845703,7392600,0.0,0.0
2023-11-16 00:00:00-05:00,97.56893561852644,97.78930719791643,96.80240861422486,97.72223663330078,7889700,0.0,0.0
2023-11-17 00:00:00-05:00,97.73181782190572,98.13424119967922,96.73533566493577,97.49227905273438,6767000,0.0,0.0
2023-11-20 00:00:00-05:00,96.74492504397335,98.62290822928685,96.66827087882336,98.38336944580078,7449900,0.0,0.0
2023-11-21 00:00:00-05:00,98.68997256000637,99.29360762459568,97.58809276356992,97.93302917480469,7403500,0.0,0.0
2023-11-22 00:00:00-05:00,97.92344647166513,98.38336412756007,96.87906094099041,97.42520904541016,5724000,0.0,0.0
2023-11-24 00:00:00-05:00,97.98095687523896,98.22049568520472,97.195269870957,97.6072769165039,3168000,0.0,0.0
2023-11-27 00:00:00-05:00,97.64560192591465,97.8755571317491,96.48622767741888,97.18568420410156,7356500,0.0,0.0
2023-11-28 00:00:00-05:00,97.07069639692325,97.10902348033383,95.8250990817261,95.98798370361328,8738500,0.0,0.0
2023-11-29 00:00:00-05:00,96.08378592824306,96.93654332625074,95.62387560422283,96.8982162475586,10286800,0.0,0.0
2023-11-30 00:00:00-05:00,96.62035328145232,98.39294600047207,96.08378878409971,98.19173431396484,29299700,0.0,0.0
2023-12-01 00:00:00-05:00,98.54625445644871,99.34152497522284,98.36420995117219,99.13072967529297,6856400,0.0,0.0
2023-12-04 00:00:00-05:00,99.389431854245,100.97038192295618,99.389431854245,100.66377258300781,10169900,0.0,0.0
2023-12-05 00:00:00-05:00,100.52962485627249,101.94769752931029,99.820592174825,101.7848129272461,10789100,0.0,0.0
2023-12-06 00:00:00-05:00,101.80398159714586,102.1105909434327,101.01829469040186,101.20992279052734,9954800,0.0,0.0
2023-12-07 00:00:00-05:00,101.171594072287,101.1811776701813,99.38943230154014,99.53314971923828,9602200,0.0,0.0
2023-12-08 00:00:00-05:00,99.44692693790533,99.65772224697676,98.35463061830231,99.40859985351562,7530000,0.0,0.0
2023-12-11 00:00:00-05:00,100.46256540482091,101.05662422586171,99.23612798989865,100.00265502929688,7429700,0.0,0.0
2023-12-12 00:00:00-05:00,100.10803848362386,100.40506419695117,99.09238920392914,99.99305725097656,7933500,0.0,0.0
2023-12-13 00:00:00-05:00,99.8014435932275,102.62799835205078,99.61939177610108,102.62799835205078,10995000,0.0,0.0
2023-12-14 00:00:00-05:00,102.95613660128352,103.46763478804492,101.46989228021519,102.1840591430664,10723000,0.77,0.0
2023-12-15 00:00:00-05:00,101.22861157394063,102.5604373605002,100.62060559024347,101.44093322753906,26392900,0.0,0.0
2023-12-18 00:00:00-05:00,102.4542766405527,103.46761987494558,101.9427711644398,102.33846282958984,12805600,0.0,0.0
2023-12-19 00:00:00-05:00,102.34811494408493,102.93682225938555,101.7594076287843,102.77275085449219,8043100,0.0,0.0
2023-12-20 00:00:00-05:00,103.40006966568563,103.40006966568563,101.56639138250497,101.68220520019531,8441600,0.0,0.0
2023-12-21 00:00:00-05:00,102.0971922989763,102.88856828728373,101.6628960186021,102.6762466430664,5919400,0.0,0.0
2023-12-22 00:00:00-05:00,103.4097244667892,104.28795533630706,103.11054060662471,103.94052124023438,6028100,0.0,0.0
2023-12-26 00:00:00-05:00,103.7474958849258,104.3168972117856,103.47727102722452,103.87295532226562,4727700,0.0,0.0
2023-12-27 00:00:00-05:00,103.56412885060334,104.29760160201525,103.27460536459955,104.21074676513672,5387000,0.0,0.0
2023-12-28 00:00:00-05:00,104.5195646797433,105.25302998699287,104.35549328976354,104.97315216064453,5530400,0.0,0.0
2023-12-29 00:00:00-05:00,105.185487779144,105.42676103779343,104.99247211745465,105.21443939208984,5886100,0.0,0.0
2024-01-02 00:00:00-05:00,105.34955831085738,109.36434147244451,105.34955831085738,109.2871322631836,11920100,0.0,0.0
2024-01-03 00:00:00-05:00,110.28118635552563,111.85429283599012,110.17503288753691,110.76373291015625,10721900,0.0,0.0
2024-01-04 00:00:00-05:00,111.87358943985595,113.54320372850603,111.81568621052939,112.92554473876953,11492200,0.0,0.0
2024-01-05 00:00:00-05:00,113.01239053324788,113.35017161573145,112.56844863011584,113.12820434570312,6860100,0.0,0.0
2024-01-08 00:00:00-05:00,113.48528431158066,113.77481516185169,112.12450698668772,113.2826156616211,8193100,0.0,0.0
2024-01-09 00:00:00-05:00,113.40808328730148,115.7532596296358,113.11855243493412,114.29596710205078,8822300,0.0,0.0
2024-01-10 00:00:00-05:00,114.0643422261313,115.01012922788367,113.63004596513979,114.71095275878906,7129100,0.0,0.0
2024-01-11 00:00:00-05:00,114.65305417156048,114.74956200132446,112.99309299254848,114.29596710205078,5754400,0.0,0.0
2024-01-12 00:00:00-05:00,113.94853341530441,114.52758775894998,113.54319611106006,114.48898315429688,6822100,0.0,0.0
2024-01-16 00:00:00-05:00,114.35387420654297,115.17420183197808,113.82307744329705,114.35387420654297,6832300,0.0,0.0
2024-01-17 00:00:00-05:00,115.01978985549862,115.23211150433592,113.50459406333988,114.00643920898438,5591400,0.0,0.0
2024-01-18 00:00:00-05:00,113.54319033617057,114.47933170293788,112.54914574690633,114.4021224975586,10524700,0.0,0.0
2024-01-19 00:00:00-05:00,114.08364277576814,114.8653657504703,113.6107492668931,114.73990631103516,7535300,0.0,0.0
2024-01-22 00:00:00-05:00,114.88466931920584,115.78220608588225,114.71095228813701,115.26105499267578,8786200,0.0,0.0
2024-01-23 00:00:00-05:00,114.01609821569056,115.8015189776171,113.1764645681987,115.65675354003906,6501400,0.0,0.0
2024-01-24 00:00:00-05:00,115.52162342377567,115.76289666180617,114.30561160551584,114.7302474975586,5859900,0.0,0.0
2024-01-25 00:00:00-05:00,114.51793451965933,115.98487258361259,114.51793451965933,115.93661499023438,6689800,0.0,0.0
2024-01-26 00:00:00-05:00,116.30336258073781,116.79555472239649,115.88837228519245,116.6025390625,8300300,0.0,0.0
2024-01-29 00:00:00-05:00,117.11404212099579,117.22020294733314,116.28406149494515,117.0464859008789,9138200,0.0,0.0
2024-01-30 00:00:00-05:00,117.04648319751541,117.50973109838586,115.98488232173699,117.41322326660156,7469500,0.0,0.0
2024-01-31 00:00:00-05:00,118.25284711912155,118.56167659245219,116.293709457392,116.56393432617188,10779000,0.0,0.0
2024-02-01 00:00:00-05:00,119.33375264882348,122.01671004954144,118.48446608417007,121.96845245361328,11650700,0.0,0.0
2024-02-02 00:00:00-05:00,122.28692947933209,123.10725703211733,121.70787516931162,121.99740600585938,10175100,0.0,0.0
2024-02-05 00:00:00-05:00,122.54751375526332,123.33888972962295,121.31218851641444,121.77543640136719,8027700,0.0,0.0
2024-02-06 00:00:00-05:00,122.19043214352018,123.06866299377124,121.66928101084427,122.45100402832031,6153000,0.0,0.0
2024-02-07 00:00:00-05:00,122.47030590263162,123.58980997878764,122.08426722141128,123.0204086303711,6742800,0.0,0.0
2024-02-08 00:00:00-05:00,122.87564485842823,123.03006327822499,121.55346475045161,122.1904296875,6308300,0.0,0.0
2024-02-09 00:00:00-05:00,121.81404863979951,122.2676435614109,120.67523852112171,121.0709228515625,7891200,0.0,0.0
2024-02-12 00:00:00-05:00,120.63662411395178,121.09987199030245,120.05756979081985,120.96475219726562,5257400,0.0,0.0
2024-02-13 00:00:00-05:00,121.58243226427427,122.43171154356831,120.13479261086277,121.05162811279297,7273400,0.0,0.0
2024-02-14 00:00:00-05:00,121.22533275664603,121.63067005097116,120.46290840032479,121.4280014038086,6622400,0.0,0.0
2024-02-15 00:00:00-05:00,121.57277626813726,122.78879560862248,121.55347028324614,122.12287902832031,5756700,0.0,0.0
2024-02-16 00:00:00-05:00,122.08427555469531,123.61877002936721,121.76579306871875,123.3292465209961,6266500,0.0,0.0
2024-02-20 00:00:00-05:00,123.65736184870876,124.77685845577497,122.7694707570611,122.92388916015625,6952800,0.0,0.0
2024-02-21 00:00:00-05:00,122.9914565240775,123.68632467486952,122.37379758183468,123.64771270751953,4849200,0.0,0.0
2024-02-22 00:00:00-05:00,123.67667847286819,125.19188175250547,123.1941392719049,124.74793243408203,6517400,0.0,0.0
2024-02-23 00:00:00-05:00,125.25941776847218,125.69372141249173,124.36188831995383,124.93128967285156,5177400,0.0,0.0
2024-02-26 00:00:00-05:00,124.86374118653627,125.17256329916293,123.98550299318218,124.34258270263672,5158400,0.0,0.0
2024-02-27 00:00:00-05:00,123.78282942755665,124.65142200920154,123.33889487071372,124.52595520019531,4780200,0.0,0.0
2024-02-28 00:00:00-05:00,124.82512972628848,124.88303295225704,123.24237773649328,123.71527862548828,5697200,0.0,0.0
2024-02-29 00:00:00-05:00,123.62841346513154,124.35223318161088,122.62470854496962,122.7115707397461,11246100,0.0,0.0
2024-03-01 00:00:00-05:00,122.44135866021658,123.38714573173395,122.00706236718966,122.52821350097656,6023400,0.0,0.0
2024-03-04 00:00:00-05:00,120.1154795468653,122.12287484843462,118.98632245088591,119.71979522705078,12706200,0.0,0.0
2024-03-05 00:00:00-05:00,120.32779421503295,120.67522828026908,118.11773038569903,118.54237365722656,8277800,0.0,0.0
2024-03-06 00:00:00-05:00,118.55202153329408,120.40500570404193,118.23354643668574,119.43025970458984,8251400,0.0,0.0
2024-03-07 00:00:00-05:00,119.05387454632671,120.18303160319981,118.53272343629098,119.66188049316406,8982200,0.0,0.0
2024-03-08 00:00:00-05:00,118.92842346952233,119.7101465080156,117.79925897016156,119.18899536132812,9822700,0.0,0.0
2024-03-11 00:00:00-04:00,120.29883839229828,120.29883839229828,117.58692218007793,118.48445892333984,7769300,0.0,0.0
2024-03-12 00:00:00-04:00,118.706446894166,118.90911555407476,117.19125107792611,118.3783187866211,11621800,0.0,0.0
2024-03-13 00:00:00-04:00,118.86086023481549,118.9091104681153,116.58324011172209,117.89576721191406,9186000,0.0,0.0
2024-03-14 00:00:00-04:00,117.82778885882756,117.82778885882756,116.21557601229588,117.04110717773438,10132500,0.77,0.0
2024-03-15 00:00:00-04:00,116.39037728332842,118.429934277275,115.79794307635805,118.02201843261719,46476800,0.0,0.0
2024-03-18 00:00:00-04:00,118.3425225251294,118.98352785322085,117.64324667985906,117.94432830810547,8311900,0.0,0.0
2024-03-19 00:00:00-04:00,117.94432382262777,118.74071963616926,116.96339483199647,118.68244171142578,11696600,0.0,0.0
2024-03-20 00:00:00-04:00,117.7889285425052,120.34322818239706,116.91483374957227,120.28495025634766,9793200,0.0,0.0
2024-03-21 00:00:00-04:00,120.12956158321009,120.61516898563583,119.51769151389387,120.06157684326172,8156300,0.0,0.0
2024-03-22 00:00:00-04:00,120.22667974007906,120.90652712914867,119.673087606185,120.28495025634766,7022500,0.0,0.0
2024-03-25 00:00:00-04:00,120.50832900296948,121.9651511405979,120.20724738920882,121.70291900634766,7605800,0.0,0.0
2024-03-26 00:00:00-04:00,122.1593935272378,122.45076092439734,121.25616348778004,121.90687561035156,8864400,0.0,0.0
2024-03-27 00:00:00-04:00,129.04529818958218,129.268688250607,126.36475083333276,127.9575424194336,16061600,0.0,0.0
2024-03-28 00:00:00-04:00,128.2003581392256,128.60826659132113,127.30684226993606,128.15179443359375,10189700,0.0,0.0
2024-04-01 00:00:00-04:00,127.88955476403208,128.13235845836195,126.36475526981253,127.21942901611328,5377600,0.0,0.0
2024-04-02 00:00:00-04:00,126.35505091520443,126.99604141783846,125.55864766891972,126.59785461425781,6584200,0.0,0.0
2024-04-03 00:00:00-04:00,126.59784032496556,128.4917059999061,125.70430977208898,126.16078186035156,7741400,0.0,0.0
2024-04-04 00:00:00-04:00,127.06403198527454,127.17086620431063,123.67448705364005,123.98528289794922,6753200,0.0,0.0
2024-04-05 00:00:00-04:00,123.97556142343166,124.89821986024698,123.34427036872229,124.30577087402344,5691800,0.0,0.0
2024-04-08 00:00:00-04:00,123.96586020500528,124.23779917161345,122.2565200308925,122.91694641113281,6282500,0.0,0.0
2024-04-09 00:00:00-04:00,122.93636681829496,123.34427524153378,121.89716731540712,123.0626220703125,4696600,0.0,0.0
2024-04-10 00:00:00-04:00,122.23709797864794,123.34428228193956,121.45041634467259,123.10147857666016,5787700,0.0,0.0
2024-04-11 00:00:00-04:00,122.90723281455456,123.48024597545667,121.84860485607784,122.51874542236328,6187200,0.0,0.0
2024-04-12 00:00:00-04:00,123.38312661224147,123.45111135048984,121.49896756681416,122.12054443359375,7369700,0.0,0.0
2024-04-15 00:00:00-04:00,123.04320168472012,124.14067170821144,122.24680586904927,122.5575942993164,6241000,0.0,0.0
2024-04-16 00:00:00-04:00,122.91694336243647,123.15004025070294,121.43098589619707,121.46012115478516,5587300,0.0,0.0
2024-04-17 00:00:00-04:00,122.05255994005731,122.55759577644127,121.12019463801855,121.76119995117188,6122800,0.0,0.0
2024-04-18 00:00:00-04:00,121.90687464446975,121.90687464446975,120.91623883958148,121.62522888183594,5992700,0.0,0.0
2024-04-19 00:00:00-04:00,122.03313043570874,122.48960253737596,121.29500517748558,122.15938568115234,8403100,0.0,0.0
2024-04-22 00:00:00-04:00,123.06262045930707,124.39318733839319,122.58672730509166,123.28600311279297,7805800,0.0,0.0
2024-04-23 00:00:00-04:00,124.41262043564059,124.41262043564059,123.0917603196454,123.22772979736328,7744000,0.0,0.0
2024-04-24 00:00:00-04:00,123.16945747232685,123.9172895887929,121.74177056747465,123.34427642822266,7128300,0.0,0.0
2024-04-25 00:00:00-04:00,125.95684147483462,128.97731989638197,125.05360406424136,126.95719146728516,12750100,0.0,0.0
2024-04-26 00:00:00-04:00,126.38419343463643,128.11295468565353,126.38419343463643,127.42338562011719,7758200,0.0,0.0
2024-04-29 00:00:00-04:00,127.928407838172,128.39458676790272,125.60720518239894,126.37445831298828,6788000,0.0,0.0
2024-04-30 00:00:00-04:00,127.15143598641129,127.15143598641129,125.26727696034997,125.50037384033203,6945000,0.0,0.0
2024-05-01 00:00:00-04:00,124.90793507997877,126.18993090015069,124.12125346903392,125.09246826171875,5895700,0.0,0.0
2024-05-02 00:00:00-04:00,125.3449755716746,125.95684561769963,124.30577606643246,124.56800079345703,7422500,0.0,0.0
2024-05-03 00:00:00-04:00,124.3251995932678,124.78167172888588,123.51909695120304,123.839599609375,6221900,0.0,0.0
2024-05-06 00:00:00-04:00,123.51909974196384,124.05327085098602,123.11119130040925,123.89787292480469,6552000,0.0,0.0
2024-05-07 00:00:00-04:00,123.44140048097144,126.6755401566705,123.41226522232799,126.62699127197266,6682300,0.0,0.0
2024-05-08 00:00:00-04:00,126.82123479801288,127.72445748021411,125.60721625555169,125.82088470458984,6659100,0.0,0.0
2024-05-09 00:00:00-04:00,125.22843977172018,126.74353250176075,125.22843977172018,126.4813003540039,9216700,0.0,0.0
2024-05-10 00:00:00-04:00,127.05432534842888,127.11259586442715,126.20935840776909,126.31619262695312,5722600,0.0,0.0
2024-05-13 00:00:00-04:00,125.78202782405816,125.97628264651998,124.33492720582875,125.568359375,7109700,0.0,0.0
2024-05-14 00:00:00-04:00,125.48095431456291,125.48095431456291,124.34463473055888,124.95650482177734,6154300,0.0,0.0
2024-05-15 00:00:00-04:00,125.17016476784502,128.17121486167062,125.0147668473693,127.93811798095703,7237100,0.0,0.0
2024-05-16 00:00:00-04:00,127.58846504422047,127.9866666112098,127.02515876350476,127.11257934570312,5518100,0.0,0.0
2024-05-17 00:00:00-04:00,126.9280583951586,127.5399284315886,126.07338467056572,127.41366577148438,8281600,0.0,0.0
2024-05-20 00:00:00-04:00,127.04460265002385,127.94784009910285,126.88920472895799,127.21942901611328,4860400,0.0,0.0
2024-05-21 00:00:00-04:00,127.88956385392696,128.96761292615753,126.72410900221992,126.99604797363281,6254700,0.0,0.0
2024-05-22 00:00:00-04:00,126.42301840201138,127.81186315863928,126.40358995812244,127.32625579833984,4407500,0.0,0.0
2024-05-23 00:00:00-04:00,127.13201039741558,128.12265363514146,126.55899722659402,127.31654357910156,6830900,0.0,0.0
2024-05-24 00:00:00-04:00,127.6661841224556,127.6661841224556,125.44210872272978,125.76261138916016,5982800,0.0,0.0
2024-05-28 00:00:00-04:00,125.13131284033813,125.36440973029573,122.1205484046383,122.4604721069336,10263400,0.0,0.0
2024-05-29 00:00:00-04:00,122.50902940940213,122.81010361430435,121.67378412182121,122.27593994140625,8527800,0.0,0.0
2024-05-30 00:00:00-04:00,122.3536393906853,124.16980625950536,119.16804873634058,120.94537353515625,13003500,0.0,0.0
2024-05-31 00:00:00-04:00,121.52810605092473,122.96550722462482,120.96480709467585,121.92630767822266,18150500,0.0,0.0
2024-06-03 00:00:00-04:00,122.14967573419442,125.23813893272846,122.14967573419442,124.72339630126953,7702500,0.0,0.0
2024-06-04 00:00:00-04:00,123.48996576114591,125.63634962271549,123.2277336104465,125.00506591796875,6440100,0.0,0.0
2024-06-05 00:00:00-04:00,124.78167532636054,126.19965547737506,124.38348851493521,125.7237548828125,5009400,0.0,0.0
2024-06-06 00:00:00-04:00,125.44210204462263,127.16114150092162,125.1895767223297,126.76295471191406,8088500,0.0,0.0
2024-06-07 00:00:00-04:00,126.59785696609859,127.58848540655511,126.46188748488522,126.90863800048828,4945600,0.0,0.0
2024-06-10 00:00:00-04:00,126.86980223287463,127.88956598286745,125.91800099752267,127.70504760742188,6033700,0.0,0.0
2024-06-11 00:00:00-04:00,127.22915069975855,128.36547034369124,126.00542527234559,128.0449676513672,11453200,0.0,0.0
2024-06-12 00:00:00-04:00,128.88020069053258,128.88992232302905,126.41332162498833,126.45216369628906,5822000,0.0,0.0
2024-06-13 00:00:00-04:00,126.27734798896935,126.37446057380505,124.88850316781155,125.64604949951172,5004200,0.0,0.0
2024-06-14 00:00:00-04:00,125.44210289179189,126.13165707756907,124.94677387598668,125.75288391113281,7338500,0.0,0.0
2024-06-17 00:00:00-04:00,125.26438831537048,125.97761242811148,124.44368339660943,124.57069396972656,8524000,0.77,0.0
2024-06-18 00:00:00-04:00,125.3230041155861,125.77242727842813,124.1701068339546,125.04943084716797,6532400,0.0,0.0
2024-06-20 00:00:00-04:00,124.46322566149756,127.43337537650048,123.8379302000117,126.69084167480469,10348400,0.0,0.0
2024-06-21 00:00:00-04:00,127.17933860690658,128.18567313375263,126.12414984989735,127.71670532226562,17182700,0.0,0.0
2024-06-24 00:00:00-04:00,128.25408344655267,130.24720800383565,127.9218835968228,129.90525817871094,8553800,0.0,0.0
2024-06-25 00:00:00-04:00,130.06155190368457,131.53686906647457,129.55350968184183,129.86614990234375,6758400,0.0,0.0
2024-06-26 00:00:00-04:00,130.3156020936234,130.36444141810668,128.4690253999502,128.47879028320312,8492100,0.0,0.0
2024-06-27 00:00:00-04:00,128.9575294528533,129.25062501340517,123.86722286681494,126.83738708496094,11927600,0.0,0.0
2024-06-28 00:00:00-04:00,126.56380997773101,127.96096345833861,118.09301260218493,120.95569610595703,57055500,0.0,0.0
2024-07-01 00:00:00-04:00,122.49939484012299,126.22186525079745,122.22582902602814,124.96150207519531,11533000,0.0,0.0
2024-07-02 00:00:00-04:00,125.26438452920809,125.29369408718695,123.74999276468573,124.78563690185547,5645400,0.0,0.0
2024-07-03 00:00:00-04:00,124.75633290051113,125.00058916669327,122.42124359213852,122.95860290527344,4002100,0.0,0.0
2024-07-05 00:00:00-04:00,123.62297885676188,123.69137031235913,122.04020304033709,123.54481506347656,6786700,0.0,0.0
2024-07-08 00:00:00-04:00,123.88677507443677,124.53160770919301,122.45054710751741,122.89020538330078,5743400,0.0,0.0
2024-07-09 00:00:00-04:00,122.36261071048672,123.20285281915952,120.85799129388916,123.14423370361328,6339000,0.0,0.0
2024-07-10 00:00:00-04:00,122.98791624668397,124.55116236161045,122.9390694644112,124.37529754638672,4588500,0.0,0.0
2024-07-11 00:00:00-04:00,124.67816521792096,126.15346765269089,124.65862054293451,126.00691986083984,7048800,0.0,0.0
2024-07-12 00:00:00-04:00,126.42702759189525,126.94484964332008,124.39482128024244,124.82471466064453,7022300,0.0,0.0
2024-07-15 00:00:00-04:00,125.05919914935701,125.39138406912511,124.27757617302987,125.17643737792969,6918500,0.0,0.0
2024-07-16 00:00:00-04:00,124.93219265479131,126.06553780787723,122.3235301724053,122.55802154541016,8194400,0.0,0.0
2024-07-17 00:00:00-04:00,122.58733193966911,123.77930367119131,121.69823558270734,122.9976806640625,7628000,0.0,0.0
2024-07-18 00:00:00-04:00,122.42124214145623,122.71434518493575,119.55855843755961,121.3953628540039,9501400,0.0,0.0
2024-07-19 00:00:00-04:00,122.42123663602794,124.07240383280354,122.30399095144305,122.88043212890625,6848800,0.0,0.0
2024-07-22 00:00:00-04:00,123.05629774845697,123.5838921514396,122.15743652297958,122.80227661132812,4341800,0.0,0.0
2024-07-23 00:00:00-04:00,122.11835524368988,122.73388577732834,121.32696736227969,121.52236938476562,4285400,0.0,0.0
2024-07-24 00:00:00-04:00,122.09881440796623,123.27124141638716,121.8154762658742,123.02698516845703,6338500,0.0,0.0
2024-07-25 00:00:00-04:00,123.13446771508897,124.91265303473067,122.82181999254021,122.95860290527344,7357100,0.0,0.0
2024-07-26 00:00:00-04:00,124.31666174179063,125.77242693776735,122.17698201189448,122.38215637207031,6467000,0.0,0.0
2024-07-29 00:00:00-04:00,122.89021104637692,125.04943553786138,122.04996889713378,124.8442611694336,9139500,0.0,0.0
2024-07-30 00:00:00-04:00,120.64305398109018,121.09248460038542,111.2929247423962,112.60213470458984,35509400,0.0,0.0
2024-07-31 00:00:00-04:00,113.33490250823179,115.13262497004504,109.64174911915553,110.53083801269531,22733000,0.0,0.0
2024-08-01 00:00:00-04:00,110.53083692864283,111.8400543209137,108.85036016938525,111.20498657226562,14117500,0.0,0.0
2024-08-02 00:00:00-04:00,112.5142092487057,114.60504227633811,111.73258622072122,112.55328369140625,16562300,0.0,0.0
2024-08-05 00:00:00-04:00,112.30902850368805,112.47512843025125,108.7819674144315,109.72968292236328,13334000,0.0,0.0
2024-08-06 00:00:00-04:00,109.71990896059721,110.48198725737505,108.3716097086588,108.59632873535156,9761900,0.0,0.0
2024-08-07 00:00:00-04:00,109.11415259943844,109.96416703526472,108.1762094913418,109.9055404663086,9756500,0.0,0.0
2024-08-08 00:00:00-04:00,110.32566357767408,111.60557142392437,109.98370631116039,111.30268859863281,8278200,0.0,0.0
2024-08-09 00:00:00-04:00,111.16591464836276,112.08432062737243,110.27682568379569,111.91822814941406,5914100,0.0,0.0
2024-08-12 00:00:00-04:00,112.0745393366786,112.0745393366786,110.51130079289256,110.872802734375,6536000,0.0,0.0
2024-08-13 00:00:00-04:00,110.96073398787729,112.23086952716709,110.24750242569866,111.76189422607422,9040300,0.0,0.0
2024-08-14 00:00:00-04:00,111.04866855217378,111.31246203061862,108.94806324563368,110.97050476074219,11029400,0.0,0.0
2024-08-15 00:00:00-04:00,111.54695299107752,111.86937306050027,109.98371433432919,110.70671081542969,9685100,0.0,0.0
2024-08-16 00:00:00-04:00,110.99981441614456,111.1072877659297,110.03256172218775,111.05843353271484,10102300,0.0,0.0
2024-08-19 00:00:00-04:00,111.04866509729816,111.96706352866373,110.70670038395129,111.79119873046875,6177500,0.0,0.0
2024-08-20 00:00:00-04:00,112.12339260229045,112.65098700391302,111.918218244011,112.49465942382812,5392300,0.0,0.0
2024-08-21 00:00:00-04:00,112.14293075942862,113.92111600014556,111.91821917881629,113.36421203613281,8144100,0.0,0.0
2024-08-22 00:00:00-04:00,113.62801242258554,114.03836114060873,112.57282361557509,113.87226867675781,8201200,0.0,0.0
2024-08-23 00:00:00-04:00,114.11652917300881,114.12629405658,113.2567423557314,113.9211196899414,8368200,0.0,0.0
2024-08-26 00:00:00-04:00,114.04813956834495,115.19125710992991,113.49123557725665,113.59870147705078,6518700,0.0,0.0
2024-08-27 00:00:00-04:00,113.59869862357185,113.94066335237235,112.60213635817107,113.82341766357422,5502600,0.0,0.0
2024-08-28 00:00:00-04:00,113.92112050066056,115.30849429681923,113.56939088274575,114.70274353027344,5403200,0.0,0.0
2024-08-29 00:00:00-04:00,115.22056312937256,115.6797660902881,114.10675518141592,114.76136016845703,7202500,0.0,0.0
2024-08-30 00:00:00-04:00,114.57572494382521,116.0217253053336,114.45848670783103,115.7286148071289,8876500,0.0,0.0
2024-09-03 00:00:00-04:00,115.54299091320964,116.10965980853855,113.74526084529205,113.9015884399414,7640300,0.0,0.0
2024-09-04 00:00:00-04:00,113.97973793010433,114.04812938065118,111.84005083511029,113.13949584960938,7693400,0.0,0.0
2024-09-05 00:00:00-04:00,113.9308892094812,117.31139491477802,113.67686061483188,115.86539459228516,12009700,0.0,0.0
2024-09-06 00:00:00-04:00,116.3636830562352,117.53611759970408,114.94699970208366,115.13262939453125,8577300,0.0,0.0
2024-09-09 00:00:00-04:00,110.55038236887981,114.21422618940758,109.82738594211294,112.75846099853516,14880200,0.0,0.0
2024-09-10 00:00:00-04:00,112.56305216515665,113.42283150313801,110.7262478027881,112.6802978515625,12734500,0.0,0.0
2024-09-11 00:00:00-04:00,112.29925821904833,113.22742900669331,111.64464579032159,112.07453918457031,7836600,0.0,0.0
2024-09-12 00:00:00-04:00,111.84005637386704,112.85616329953392,111.41993531281352,112.60213470458984,8330900,0.0,0.0
2024-09-13 00:00:00-04:00,113.4228393434229,114.08721670409525,112.35788557119906,113.19812774658203,6709600,0.0,0.0
2024-09-16 00:00:00-04:00,113.89645321814325,116.4242066058643,113.89645321814325,116.02094268798828,7846100,0.77,0.0
2024-09-17 00:00:00-04:00,117.01434230803231,117.18154600416243,115.79472784217059,116.34552001953125,7914900,0.0,0.0
2024-09-18 00:00:00-04:00,116.25699635700869,117.41759952724533,115.93242668111405,116.68976593017578,11135600,0.0,0.0
2024-09-19 00:00:00-04:00,116.94549433018724,117.24055835470226,114.378397545809,115.30294799804688,9963000,0.0,0.0
2024-09-20 00:00:00-04:00,115.34228167492411,115.56850417633987,114.49642548418917,115.24392700195312,21200900,0.0,0.0
2024-09-23 00:00:00-04:00,115.27343203720963,116.21765790382894,113.6210480265966,113.72924041748047,6665300,0.0,0.0
2024-09-24 00:00:00-04:00,113.94562846082394,114.34889238456692,112.44078016779423,113.07025909423828,9840400,0.0,0.0
2024-09-25 00:00:00-04:00,113.40466979961592,114.11282793768238,112.73584752701389,112.84403991699219,7902300,0.0,0.0
2024-09-26 00:00:00-04:00,112.00801754719235,112.12604766722265,111.07363681822464,111.23100280761719,11132100,0.0,0.0
2024-09-27 00:00:00-04:00,111.30968016825383,112.46044560158298,111.14247647362937,111.82113647460938,11920100,0.0,0.0
2024-09-30 00:00:00-04:00,111.74245654318429,112.1358827634343,110.847411704516,111.69327545166016,10936900,0.0,0.0
2024-10-01 00:00:00-04:00,112.08669723461605,112.9030552961201,111.25067123966957,112.85387420654297,7715500,0.0,0.0
2024-10-02 00:00:00-04:00,112.66700094584893,112.71617453073435,110.13924756013526,110.23760223388672,9041800,0.0,0.0
2024-10-03 00:00:00-04:00,109.98187614173435,110.23760430146899,108.02459033264176,108.36883544921875,10280600,0.0,0.0
2024-10-04 00:00:00-04:00,107.69018006675797,108.48687023253915,107.59182538692777,107.965576171875,9704700,0.0,0.0
2024-10-07 00:00:00-04:00,107.89671625326072,109.15568154152862,106.40170576041427,106.80496215820312,8654800,0.0,0.0
2024-10-08 00:00:00-04:00,106.19516764932592,106.96234464476176,106.03779416104118,106.73612213134766,8832400,0.0,0.0
2024-10-09 00:00:00-04:00,106.62793371950526,108.4868648406355,106.42137914695239,108.45735168457031,8627800,0.0,0.0
2024-10-10 00:00:00-04:00,108.88027979090846,109.00814761751217,107.3754315545758,107.60165405273438,6006700,0.0,0.0
2024-10-11 00:00:00-04:00,107.3065902805808,108.1131106519223,106.1263191287575,107.92623901367188,8578400,0.0,0.0
2024-10-14 00:00:00-04:00,107.63116606174097,108.2606450016529,106.89349472553347,107.88689422607422,8130700,0.0,0.0
2024-10-15 00:00:00-04:00,108.1524483780373,109.74582110339897,108.08359935617491,109.69664001464844,9109500,0.0,0.0
2024-10-16 00:00:00-04:00,109.17535654395746,109.3720658964984,107.22790093628667,108.60488891601562,8729200,0.0,0.0
2024-10-17 00:00:00-04:00,108.32948843810117,108.37866952623705,107.7000095306605,107.9458999633789,8541700,0.0,0.0
2024-10-18 00:00:00-04:00,108.09344086704122,108.11310880084311,106.77546418288958,106.91316223144531,9523000,0.0,0.0
2024-10-21 00:00:00-04:00,107.2869139723726,107.3754309250589,104.43458349012154,104.59194946289062,11444900,0.0,0.0
2024-10-22 00:00:00-04:00,104.16903563105947,105.14275972868762,103.97231876528839,104.88703155517578,11576100,0.0,0.0
2024-10-23 00:00:00-04:00,104.98537707399427,105.5951880486947,104.45425283873529,104.63129425048828,8271700,0.0,0.0
2024-10-24 00:00:00-04:00,104.30672994369591,104.86735985906708,103.52971523572872,104.13951873779297,8295900,0.0,0.0
2024-10-25 00:00:00-04:00,104.73949430529973,104.73949430529973,102.15272946472079,102.27075958251953,9625500,0.0,0.0
2024-10-28 00:00:00-04:00,102.88056039388188,103.27398660555636,102.22157580411611,102.51664733886719,6968900,0.0,0.0
2024-10-29 00:00:00-04:00,102.60516203059461,103.38217671789452,101.99535104076944,102.02486419677734,9296200,0.0,0.0
2024-10-30 00:00:00-04:00,101.75929869447955,103.27398470394849,101.20850651066566,103.10678100585938,13897200,0.0,0.0
2024-10-31 00:00:00-04:00,99.270888393897,101.53308343567154,96.97918770006132,100.6380386352539,17413100,0.0,0.0
2024-11-01 00:00:00-04:00,100.10691418519681,101.03146463581906,99.54628428521922,100.20526885986328,10180600,0.0,0.0
2024-11-04 00:00:00-05:00,100.32330253091133,100.84458907871931,99.29055965032428,100.19544219970703,9182600,0.0,0.0
2024-11-05 00:00:00-05:00,99.69382349283994,100.05774405605517,98.86762768834565,99.97905731201172,6741400,0.0,0.0
2024-11-06 00:00:00-05:00,101.48389612806285,101.53307721447172,98.94630515056184,99.07417297363281,9551300,0.0,0.0
2024-11-07 00:00:00-05:00,99.7725009801415,100.01839140447822,99.19219567663711,99.5069351196289,8676100,0.0,0.0
2024-11-08 00:00:00-05:00,99.81184850183773,101.53308154381793,99.33973556571458,101.2281723022461,9208000,0.0,0.0
2024-11-11 00:00:00-05:00,100.8445795246487,101.7002809018935,98.80860711339328,99.07417297363281,10075300,0.0,0.0
2024-11-12 00:00:00-05:00,99.10368333266506,99.11351354722973,96.8808316922164,96.95951843261719,12282900,0.0,0.0
2024-11-13 00:00:00-05:00,96.89067420584851,97.81521718738114,96.290700912566,96.8808364868164,8869700,0.0,0.0
2024-11-14 00:00:00-05:00,97.54965387321502,97.76603865709522,96.33986962878501,96.74313354492188,8704500,0.0,0.0
2024-11-15 00:00:00-05:00,96.31036454307609,96.31036454307609,92.92691723337005,94.7268295288086,16464500,0.0,0.0
2024-11-18 00:00:00-05:00,94.97272491455078,95.69072832960558,93.85146506395749,94.97272491455078,14139900,0.0,0.0
2024-11-19 00:00:00-05:00,95.13992783286248,95.9464481376398,93.69409091361989,94.95304870605469,13093100,0.0,0.0
2024-11-20 00:00:00-05:00,95.3858269365254,97.21524498605608,95.07108745979119,95.83826446533203,12136800,0.0,0.0
2024-11-21 00:00:00-05:00,96.11365383169309,98.82828631821201,95.35630709440554,98.21847534179688,15670300,0.0,0.0
2024-11-22 00:00:00-05:00,98.68075730101579,100.11675663008145,97.30376927873962,97.5496597290039,14031200,0.0,0.0
2024-11-25 00:00:00-05:00,98.44469775059456,100.06757623442238,97.87423760503937,99.49711608886719,34659100,0.0,0.0
2024-11-26 00:00:00-05:00,99.81184877055416,100.12658822749009,98.06110256836865,99.94954681396484,9324100,0.0,0.0
2024-11-27 00:00:00-05:00,99.97905166265808,101.74945827971248,99.96921394421331,101.42488861083984,9802200,0.0,0.0
2024-11-29 00:00:00-05:00,101.18882985857715,101.3462033400524,99.86102300054732,99.9692153930664,6081200,0.0,0.0
2024-12-02 00:00:00-05:00,100.0577380790961,100.17576068413024,98.80861047996122,98.95614624023438,13703100,0.0,0.0
2024-12-03 00:00:00-05:00,99.0938495318578,100.7659015595871,98.9659892016369,100.17576599121094,11395600,0.0,0.0
2024-12-04 00:00:00-05:00,100.35280592199763,100.41181722676474,99.3889195922247,99.70365905761719,11315000,0.0,0.0
2024-12-05 00:00:00-05:00,99.821681751521,102.42812193799539,99.68398370429419,101.84782409667969,11062700,0.0,0.0
2024-12-06 00:00:00-05:00,101.90683442959822,102.24124182567952,101.00195941245748,101.39537811279297,11470700,0.0,0.0
2024-12-09 00:00:00-05:00,101.169164812247,103.3428354352805,100.64787827195138,102.08387756347656,19162500,0.0,0.0
2024-12-10 00:00:00-05:00,102.06419968939419,102.06419968939419,99.08400878187679,99.33973693847656,11359400,0.0,0.0
2024-12-11 00:00:00-05:00,99.04467124505935,99.7823426024078,97.62834734165746,98.11029052734375,21613000,0.0,0.0
2024-12-12 00:00:00-05:00,100.01840191781521,101.30686547550154,98.4742101908236,99.58563232421875,9554400,0.0,0.0
2024-12-13 00:00:00-05:00,99.46760175844162,100.88393314638833,98.87746618145748,100.32330322265625,10118200,0.0,0.0
2024-12-16 00:00:00-05:00,100.38279006873317,101.40396687103649,99.1930711379824,99.2029800415039,11701100,0.81,0.0
2024-12-17 00:00:00-05:00,99.04435438062643,99.93664736071376,98.50897859257404,99.2029800415039,13975100,0.0,0.0
2024-12-18 00:00:00-05:00,99.33187192479433,100.63064931316826,97.42831103640037,97.49771118164062,11993400,0.0,0.0
2024-12-19 00:00:00-05:00,97.71582589818968,99.08401096523365,96.98216615577596,98.6676025390625,12110800,0.0,0.0
2024-12-20 00:00:00-05:00,97.98351548019644,98.82623365386966,97.06148069712974,97.21019744873047,29289700,0.0,0.0
2024-12-23 00:00:00-05:00,98.2412822504243,98.73699970870045,97.35890577981661,98.51889038085938,8460500,0.0,0.0
2024-12-24 00:00:00-05:00,98.37017214551405,98.78657298880825,97.95377130221986,98.59819793701172,3713500,0.0,0.0
2024-12-26 00:00:00-05:00,98.24128468267021,99.08401043384228,98.07274255805513,99.01461029052734,4760300,0.0,0.0
2024-12-27 00:00:00-05:00,98.6477777417267,99.49049593826845,98.39000253622683,98.84606170654297,6173600,0.0,0.0
2024-12-30 00:00:00-05:00,98.71717709842288,98.71717709842288,97.42830864525227,97.52745819091797,6848700,0.0,0.0
2024-12-31 00:00:00-05:00,97.65634299234998,98.6775197849664,97.58694284811533,98.6279525756836,6598200,0.0,0.0
2025-01-02 00:00:00-05:00,99.42109581931203,99.4904959634201,97.98351816390964,98.32060241699219,6153300,0.0,0.0
2025-01-03 00:00:00-05:00,98.48913936214979,98.89563130200382,97.84471272821223,98.29085540771484,6070300,0.0,0.0
2025-01-06 00:00:00-05:00,97.92402279935796,99.47066640356633,97.57702209343073,98.86589050292969,10111100,0.0,0.0
2025-01-07 00:00:00-05:00,99.27237814430555,102.08805731643332,99.1930690975225,100.15475463867188,10890900,0.0,0.0
2025-01-08 00:00:00-05:00,99.83749202215103,99.90689216301854,97.21019557213235,98.9947738647461,8654700,0.0,0.0
2025-01-10 00:00:00-05:00,98.36025929733083,99.54998576143282,97.96368380929682,98.39991760253906,11328500,0.0,0.0
2025-01-13 00:00:00-05:00,98.60811931397915,100.29356326902622,98.14214367678407,100.11510467529297,8168100,0.0,0.0
2025-01-14 00:00:00-05:00,100.39270439277931,100.6207301936811,98.16197577221439,98.79649353027344,10927400,0.0,0.0
2025-01-15 00:00:00-05:00,99.242635888711,99.95647025509355,98.75683488649723,99.23271942138672,9170300,0.0,0.0
2025-01-16 00:00:00-05:00,99.57972626216464,100.03578541986285,99.09391770292352,99.83749389648438,7749600,0.0,0.0
2025-01-17 00:00:00-05:00,99.60946855274535,99.60946855274535,97.08130645751953,97.08130645751953,16182000,0.0,0.0
2025-01-21 00:00:00-05:00,97.23993938815067,97.42830688059736,94.93981066166644,95.41569519042969,17756100,0.0,0.0
2025-01-22 00:00:00-05:00,95.13809709734076,96.16919035522693,94.3350372066225,94.8604965209961,13070900,0.0,0.0
2025-01-23 00:00:00-05:00,95.28681007877456,96.32781976288234,94.40443361146527,95.80235290527344,11522800,0.0,0.0
2025-01-24 00:00:00-05:00,95.96099038782503,96.26833280397426,94.59281287033498,94.73161315917969,12244800,0.0,0.0
2025-01-27 00:00:00-05:00,95.80235793572213,97.7753189619982,95.15793125977261,97.10114288330078,15093400,0.0,0.0
2025-01-28 00:00:00-05:00,96.51619157421489,98.0330858485398,95.76269888878119,96.6153335571289,12840900,0.0,0.0
2025-01-29 00:00:00-05:00,96.58559013808568,98.30077591421892,96.55584830010304,97.43822479248047,10225500,0.0,0.0
2025-01-30 00:00:00-05:00,98.55855239186678,98.55855239186678,97.38865884377496,98.10248565673828,10164700,0.0,0.0
2025-01-31 00:00:00-05:00,98.2512028730499,99.20297952550966,97.73566002281905,97.97360229492188,11421600,0.0,0.0
2025-02-03 00:00:00-05:00,97.28950944830768,99.29221229404087,97.16062562716581,98.93529510498047,13363900,0.0,0.0
2025-02-04 00:00:00-05:00,88.23771197866259,90.44861528114075,86.58201740072674,89.96280670166016,50837600,0.0,0.0
2025-02-05 00:00:00-05:00,89.61580428197692,89.96280500072477,87.2462753630365,88.90196990966797,21670600,0.0,0.0
2025-02-06 00:00:00-05:00,88.64419708636038,88.80282273534937,87.08763704861535,87.29584503173828,19509700,0.0,0.0
2025-02-07 00:00:00-05:00,86.77038245275303,87.84113400125315,86.37381452875887,86.53244018554688,15815000,0.0,0.0
2025-02-10 00:00:00-05:00,86.45312419161822,87.22644980263723,85.5310893900651,85.65998077392578,21212100,0.0,0.0
2025-02-11 00:00:00-05:00,85.32289023963736,86.24492505502667,84.99572245150448,85.79878234863281,20922300,0.0,0.0
2025-02-12 00:00:00-05:00,85.33280136309871,85.92766078905287,84.87674221773226,84.93622589111328,14785300,0.0,0.0
2025-02-13 00:00:00-05:00,84.85691464960092,84.96597310039414,83.58787911024194,83.69693756103516,20415100,0.0,0.0
2025-02-14 00:00:00-05:00,83.69693823225761,84.05385542607074,81.38689294009166,82.29901885986328,26779000,0.0,0.0
2025-02-18 00:00:00-05:00,80.43511134825194,82.8740403137995,80.34588583729135,82.57661437988281,25897800,0.0,0.0
2025-02-19 00:00:00-05:00,82.52704186686367,84.89657075625765,82.14038284735909,84.86682891845703,17435100,0.0,0.0
2025-02-20 00:00:00-05:00,85.16426312481684,86.94884148396191,85.16426312481684,86.92901611328125,14851500,0.0,0.0
2025-02-21 00:00:00-05:00,87.24627651449022,88.76317079364213,86.26475802163577,88.73342895507812,15678900,0.0,0.0
2025-02-24 00:00:00-05:00,88.94162986521526,91.06330008668827,88.16831180221742,90.48826599121094,19452300,0.0,0.0
2025-02-25 00:00:00-05:00,90.96415523877718,92.26293258245393,89.66537789510045,90.64689636230469,18417300,0.0,0.0
2025-02-26 00:00:00-05:00,90.51800930207251,90.58740944243887,88.0989057280772,88.61444854736328,13534200,0.0,0.0
2025-02-27 00:00:00-05:00,88.58470805809633,90.1908353419244,88.48556607950034,89.8041763305664,10717500,0.0,0.0
2025-02-28 00:00:00-05:00,89.9330587334209,91.55901136180401,89.9330587334209,91.45986938476562,15482100,0.0,0.0
2025-03-03 00:00:00-05:00,90.99389664530683,92.41164889745956,90.99389664530683,92.35216522216797,13636100,0.0,0.0
2025-03-04 00:00:00-05:00,92.7685632808929,94.54323265939607,91.52926965602042,91.7672119140625,15073000,0.0,0.0
2025-03-05 00:00:00-05:00,90.29989452409718,92.64959044858372,89.72486045388305,92.3918228149414,13117100,0.0,0.0
2025-03-06 00:00:00-05:00,92.33233412477544,93.24446002700108,90.9938984557471,93.19488525390625,11300200,0.0,0.0
2025-03-07 00:00:00-05:00,93.45265830550133,96.53602153255746,93.04616635482499,93.83931732177734,24100900,0.0,0.0
2025-03-10 00:00:00-04:00,93.8789766431092,96.16918892801282,93.8789766431092,94.41435241699219,20897600,0.0,0.0
2025-03-11 00:00:00-04:00,94.16649123523285,94.56305914864822,92.77848084613484,93.91863250732422,21734800,0.0,0.0
2025-03-12 00:00:00-04:00,93.26427988836664,93.59145521774906,92.06464457801239,92.55044555664062,11896000,0.0,0.0
2025-03-13 00:00:00-04:00,92.60002633996012,95.51483996505625,92.60002633996012,93.8988037109375,16570100,0.0,0.0
2025-03-14 00:00:00-04:00,93.47248509544485,94.0673445476693,92.64959227844274,93.76000213623047,12681100,0.0,0.0
2025-03-17 00:00:00-04:00,93.6500015258789,95.30000305175781,93.08000183105469,94.79000091552734,12237900,0.81,0.0
2025-03-18 00:00:00-04:00,95.2300033569336,95.41000366210938,93.83999633789062,94.72000122070312,8670100,0.0,0.0
2025-03-19 00:00:00-04:00,95.25,95.43000030517578,93.63999938964844,94.0199966430664,11355900,0.0,0.0
2025-03-20 00:00:00-04:00,94.0,95.16000366210938,93.68000030517578,94.7300033569336,12970200,0.0,0.0
2025-03-21 00:00:00-04:00,94.58000183105469,94.68000030517578,93.06999969482422,93.11000061035156,68435800,0.0,0.0
2025-03-24 00:00:00-04:00,92.9000015258789,93.11000061035156,91.55999755859375,92.30999755859375,16950100,0.0,0.0
2025-03-25 00:00:00-04:00,92.30999755859375,92.30999755859375,87.08000183105469,87.87000274658203,20640200,0.0,0.0
2025-03-26 00:00:00-04:00,88.23999786376953,89.31999969482422,87.30999755859375,88.11000061035156,13808800,0.0,0.0
2025-03-27 00:00:00-04:00,88.5,88.55999755859375,87.37999725341797,87.5999984741211,12931900,0.0,0.0
2025-03-28 00:00:00-04:00,88.19999694824219,90.13999938964844,87.66999816894531,89.2300033569336,12393500,0.0,0.0
2025-03-31 00:00:00-04:00,89.25,90.2699966430664,88.37000274658203,89.76000213623047,15003000,0.0,0.0
2025-04-01 00:00:00-04:00,89.75,89.75,86.61000061035156,87.12000274658203,13922100,0.0,0.0
2025-04-02 00:00:00-04:00,86.87999725341797,87.06999969482422,85.31999969482422,86.5999984741211,10590800,0.0,0.0
2025-04-03 00:00:00-04:00,88.7300033569336,88.9000015258789,86.26000213623047,86.38999938964844,12684100,0.0,0.0
2025-04-04 00:00:00-04:00,86.12000274658203,86.2699966430664,81.08000183105469,81.47000122070312,22965700,0.0,0.0
2025-04-07 00:00:00-04:00,81.01000213623047,83.20999908447266,79.30000305175781,81.18000030517578,26582000,0.0,0.0
2025-04-08 00:00:00-04:00,83.20999908447266,83.2699966430664,77.54000091552734,78.94999694824219,20571600,0.0,0.0
2025-04-09 00:00:00-04:00,76.76000213623047,81.98999786376953,76.0,81.91000366210938,22928300,0.0,0.0
2025-04-10 00:00:00-04:00,80.61000061035156,81.12000274658203,75.95999908447266,77.55000305175781,19466900,0.0,0.0
2025-04-11 00:00:00-04:00,77.87000274658203,79.44000244140625,76.3499984741211,79.18000030517578,16194400,0.0,0.0
2025-04-14 00:00:00-04:00,80.0199966430664,80.0199966430664,78.36000061035156,79.16999816894531,15796700,0.0,0.0
2025-04-15 00:00:00-04:00,79.55000305175781,79.95999908447266,77.72000122070312,78.38999938964844,16042500,0.0,0.0
2025-04-16 00:00:00-04:00,78.47000122070312,78.69000244140625,75.93000030517578,76.45999908447266,16551300,0.0,0.0
2025-04-17 00:00:00-04:00,76.88999938964844,78.75,76.87999725341797,78.0,21305700,0.0,0.0
2025-04-21 00:00:00-04:00,78.08000183105469,78.19000244140625,76.98999786376953,77.8499984741211,11010000,0.0,0.0
2025-04-22 00:00:00-04:00,78.02999877929688,79.04000091552734,77.66000366210938,78.97000122070312,12918200,0.0,0.0
2025-04-23 00:00:00-04:00,78.5,80.19999694824219,78.0,78.73999786376953,17935700,0.0,0.0
2025-04-24 00:00:00-04:00,78.27999877929688,79.97000122070312,76.02999877929688,79.83999633789062,18464000,0.0,0.0
