Date,Open,High,Low,Close,Volume,Dividends,Stock Splits
2020-06-04 00:00:00-04:00,1126.5,1166.4000244140625,937.5,1012.5,552220,0.0,0.0
2020-06-05 00:00:00-04:00,1069.5,1079.4000244140625,982.5,1079.0999755859375,279559,0.0,0.0
2020-06-08 00:00:00-04:00,1260.0,2211.0,1212.5999755859375,2198.10009765625,1667622,0.0,0.0
2020-06-09 00:00:00-04:00,2793.89990234375,2819.699951171875,1709.8499755859375,2391.89990234375,2360423,0.0,0.0
2020-06-10 00:00:00-04:00,2265.300048828125,2310.0,1948.5,1950.300048828125,856906,0.0,0.0
2020-06-11 00:00:00-04:00,1650.0,2069.699951171875,1590.0,1815.0,793327,0.0,0.0
2020-06-12 00:00:00-04:00,2023.199951171875,2027.699951171875,1830.0,1920.0,400574,0.0,0.0
2020-06-15 00:00:00-04:00,1884.0,2070.0,1776.302978515625,2043.9000244140625,586263,0.0,0.0
2020-06-16 00:00:00-04:00,2145.89990234375,2205.0,1836.0,1887.9000244140625,701307,0.0,0.0
2020-06-17 00:00:00-04:00,1952.699951171875,2069.39697265625,1842.0,1921.800048828125,697456,0.0,0.0
2020-06-18 00:00:00-04:00,1935.9000244140625,2039.699951171875,1869.9000244140625,2031.9000244140625,557401,0.0,0.0
2020-06-19 00:00:00-04:00,2055.0,2094.0,1937.699951171875,1977.0,427770,0.0,0.0
2020-06-22 00:00:00-04:00,1920.300048828125,2100.0,1917.0,2100.0,592305,0.0,0.0
2020-06-23 00:00:00-04:00,2077.800048828125,2271.300048828125,2049.0,2251.800048828125,693507,0.0,0.0
2020-06-24 00:00:00-04:00,2227.800048828125,2289.0,2070.300048828125,2225.699951171875,634828,0.0,0.0
2020-06-25 00:00:00-04:00,2160.60009765625,2241.60009765625,2106.0,2133.0,443456,0.0,0.0
2020-06-26 00:00:00-04:00,2162.699951171875,2209.467041015625,1886.0999755859375,1906.5,510885,0.0,0.0
2020-06-29 00:00:00-04:00,2046.5999755859375,2157.60009765625,1966.5,2027.0999755859375,496390,0.0,0.0
2020-06-30 00:00:00-04:00,2013.5999755859375,2124.89990234375,1935.9000244140625,2025.9000244140625,455519,0.0,0.0
2020-07-01 00:00:00-04:00,2015.4000244140625,2067.300048828125,1946.2320556640625,1977.0,322179,0.0,0.0
2020-07-02 00:00:00-04:00,1928.0999755859375,1956.0,1650.0,1715.699951171875,754506,0.0,0.0
2020-07-06 00:00:00-04:00,1767.0,1770.9000244140625,1439.112060546875,1467.5999755859375,803192,0.0,0.0
2020-07-07 00:00:00-04:00,1406.699951171875,1421.699951171875,1203.0,1206.9000244140625,890191,0.0,0.0
2020-07-08 00:00:00-04:00,1397.4000244140625,1662.9000244140625,1350.9000244140625,1620.9000244140625,1725085,0.0,0.0
2020-07-09 00:00:00-04:00,1782.5999755859375,1795.5,1620.0,1702.5,1254639,0.0,0.0
2020-07-10 00:00:00-04:00,1647.5999755859375,1672.5,1563.5999755859375,1627.199951171875,577679,0.0,0.0
2020-07-13 00:00:00-04:00,1703.0999755859375,1710.0,1590.0,1618.5,440141,0.0,0.0
2020-07-14 00:00:00-04:00,1555.5,1606.5,1530.0,1594.199951171875,334256,0.0,0.0
2020-07-15 00:00:00-04:00,1558.5,1668.0,1558.5,1637.4000244140625,389229,0.0,0.0
2020-07-16 00:00:00-04:00,1619.0999755859375,1631.2110595703125,1556.699951171875,1575.9000244140625,360919,0.0,0.0
2020-07-17 00:00:00-04:00,1575.0,1593.0,1449.300048828125,1465.199951171875,806914,0.0,0.0
2020-07-20 00:00:00-04:00,1176.0,1230.0,1140.0,1153.5,1287047,0.0,0.0
2020-07-21 00:00:00-04:00,1210.199951171875,1246.800048828125,1173.5999755859375,1192.5,579413,0.0,0.0
2020-07-22 00:00:00-04:00,1189.5,1191.0,1084.800048828125,1097.0999755859375,637344,0.0,0.0
2020-07-23 00:00:00-04:00,1113.5999755859375,1116.0,1014.2999877929688,1018.2000122070312,635919,0.0,0.0
2020-07-24 00:00:00-04:00,966.9000244140625,971.4000244140625,876.9000244140625,897.5999755859375,1003901,0.0,0.0
2020-07-27 00:00:00-04:00,948.0,1050.0,933.2999877929688,996.0,998390,0.0,0.0
2020-07-28 00:00:00-04:00,1019.7000122070312,1023.0,951.2999877929688,982.5,366667,0.0,0.0
2020-07-29 00:00:00-04:00,969.5999755859375,984.0,908.4210205078125,936.9000244140625,412403,0.0,0.0
2020-07-30 00:00:00-04:00,906.0,915.0,870.0,871.7999877929688,493327,0.0,0.0
2020-07-31 00:00:00-04:00,890.4000244140625,928.5,876.5999755859375,900.0,364974,0.0,0.0
2020-08-03 00:00:00-04:00,952.2000122070312,1100.4000244140625,926.0999755859375,1094.699951171875,866232,0.0,0.0
2020-08-04 00:00:00-04:00,1162.5,1194.300048828125,1068.0,1165.199951171875,1899866,0.0,0.0
2020-08-05 00:00:00-04:00,983.7000122070312,1087.199951171875,964.5,1050.9000244140625,1081478,0.0,0.0
2020-08-06 00:00:00-04:00,1049.699951171875,1140.300048828125,1049.699951171875,1089.0,658419,0.0,0.0
2020-08-07 00:00:00-04:00,1087.5,1130.0999755859375,1067.4000244140625,1101.5999755859375,385064,0.0,0.0
2020-08-10 00:00:00-04:00,1248.0,1371.5999755859375,1207.5,1344.300048828125,1967673,0.0,0.0
2020-08-11 00:00:00-04:00,1305.0,1327.5,1218.0,1233.0,714426,0.0,0.0
2020-08-12 00:00:00-04:00,1260.0,1309.199951171875,1242.323974609375,1284.300048828125,360223,0.0,0.0
2020-08-13 00:00:00-04:00,1306.5,1423.5,1299.300048828125,1379.0999755859375,793475,0.0,0.0
2020-08-14 00:00:00-04:00,1406.0999755859375,1408.5,1330.800048828125,1378.800048828125,416461,0.0,0.0
2020-08-17 00:00:00-04:00,1386.0,1399.5,1254.8310546875,1307.0999755859375,456019,0.0,0.0
2020-08-18 00:00:00-04:00,1315.5,1316.4000244140625,1231.5,1252.800048828125,310036,0.0,0.0
2020-08-19 00:00:00-04:00,1251.5999755859375,1338.0,1237.800048828125,1275.9000244140625,334709,0.0,0.0
2020-08-20 00:00:00-04:00,1251.0,1272.300048828125,1206.0,1228.199951171875,255408,0.0,0.0
2020-08-21 00:00:00-04:00,1222.5,1233.9000244140625,1170.9000244140625,1181.0999755859375,297332,0.0,0.0
2020-08-24 00:00:00-04:00,1215.9000244140625,1216.199951171875,1110.0,1160.699951171875,341486,0.0,0.0
2020-08-25 00:00:00-04:00,1163.4000244140625,1199.0999755859375,1143.300048828125,1175.4000244140625,183332,0.0,0.0
2020-08-26 00:00:00-04:00,1198.800048828125,1205.0999755859375,1141.5,1164.5999755859375,228468,0.0,0.0
2020-08-27 00:00:00-04:00,1155.0,1195.5,1116.5999755859375,1179.300048828125,276545,0.0,0.0
2020-08-28 00:00:00-04:00,1170.0,1257.9000244140625,1158.300048828125,1240.5,452356,0.0,0.0
2020-08-31 00:00:00-04:00,1233.0,1298.4000244140625,1209.0,1224.300048828125,378906,0.0,0.0
2020-09-01 00:00:00-04:00,1209.5999755859375,1243.9560546875,1173.5999755859375,1230.0,271643,0.0,0.0
2020-09-02 00:00:00-04:00,1216.199951171875,1247.0999755859375,1146.302978515625,1182.5999755859375,289829,0.0,0.0
2020-09-03 00:00:00-04:00,1170.0,1179.9000244140625,1066.5,1083.9000244140625,348508,0.0,0.0
2020-09-04 00:00:00-04:00,1101.5999755859375,1120.800048828125,984.0,1066.5,285364,0.0,0.0
2020-09-08 00:00:00-04:00,1380.0,1636.800048828125,1273.199951171875,1501.5,4496320,0.0,0.0
2020-09-09 00:00:00-04:00,1497.9000244140625,1504.5,1269.300048828125,1271.0999755859375,1717172,0.0,0.0
2020-09-10 00:00:00-04:00,1165.5,1230.0,1102.5,1127.0999755859375,2210198,0.0,0.0
2020-09-11 00:00:00-04:00,1065.0,1070.699951171875,923.4299926757812,963.9000244140625,3332714,0.0,0.0
2020-09-14 00:00:00-04:00,915.2999877929688,1107.0,862.5,1073.699951171875,3741084,0.0,0.0
2020-09-15 00:00:00-04:00,990.0,1039.800048828125,961.7999877929688,984.9000244140625,1766163,0.0,0.0
2020-09-16 00:00:00-04:00,911.7000122070312,1047.5999755859375,907.5,998.4000244140625,1558721,0.0,0.0
2020-09-17 00:00:00-04:00,976.5,1045.800048828125,975.0,1014.9000244140625,818414,0.0,0.0
2020-09-18 00:00:00-04:00,1022.4000244140625,1028.4000244140625,983.0999755859375,1025.699951171875,717632,0.0,0.0
2020-09-21 00:00:00-04:00,749.0999755859375,888.0,721.5,827.4000244140625,2895205,0.0,0.0
2020-09-22 00:00:00-04:00,811.2000122070312,884.4000244140625,800.0999755859375,855.2999877929688,1012037,0.0,0.0
2020-09-23 00:00:00-04:00,844.7999877929688,865.197021484375,618.2999877929688,634.5,1600114,0.0,0.0
2020-09-24 00:00:00-04:00,543.0,620.7000122070312,484.5,573.0,1723080,0.0,0.0
2020-09-25 00:00:00-04:00,585.5999755859375,629.4000244140625,564.5999755859375,583.7999877929688,823794,0.0,0.0
2020-09-28 00:00:00-04:00,589.7999877929688,604.5,536.4000244140625,579.0,799894,0.0,0.0
2020-09-29 00:00:00-04:00,560.7000122070312,563.7000122070312,525.2999877929688,536.4000244140625,1051797,0.0,0.0
2020-09-30 00:00:00-04:00,547.7999877929688,650.0999755859375,537.9000244140625,614.4000244140625,3102988,0.0,0.0
2020-10-01 00:00:00-04:00,659.0999755859375,810.0,653.4000244140625,723.2999877929688,4617922,0.0,0.0
2020-10-02 00:00:00-04:00,669.0,789.0,662.7000122070312,727.5,2154410,0.0,0.0
2020-10-05 00:00:00-04:00,735.5999755859375,765.0,683.0999755859375,713.4000244140625,1263989,0.0,0.0
2020-10-06 00:00:00-04:00,729.0,737.0999755859375,692.4000244140625,707.0999755859375,755997,0.0,0.0
2020-10-07 00:00:00-04:00,711.2999877929688,771.5999755859375,711.0,771.5999755859375,755642,0.0,0.0
2020-10-08 00:00:00-04:00,785.7000122070312,819.0,726.5999755859375,750.0,820812,0.0,0.0
2020-10-09 00:00:00-04:00,750.2999877929688,756.5969848632812,720.2999877929688,739.7999877929688,489606,0.0,0.0
2020-10-12 00:00:00-04:00,741.9000244140625,743.7000122070312,711.0,724.5,391019,0.0,0.0
2020-10-13 00:00:00-04:00,711.5999755859375,755.4000244140625,711.0,726.9000244140625,433485,0.0,0.0
2020-10-14 00:00:00-04:00,731.0999755859375,740.7000122070312,712.2000122070312,723.2999877929688,286414,0.0,0.0
2020-10-15 00:00:00-04:00,702.2999877929688,705.0,681.5999755859375,699.0,292484,0.0,0.0
2020-10-16 00:00:00-04:00,689.0999755859375,695.4000244140625,585.0,586.3499755859375,1268851,0.0,0.0
2020-10-19 00:00:00-04:00,604.2000122070312,653.6790161132812,602.4000244140625,613.7999877929688,841494,0.0,0.0
2020-10-20 00:00:00-04:00,618.0120239257812,630.0,596.4000244140625,621.5999755859375,337412,0.0,0.0
2020-10-21 00:00:00-04:00,673.302001953125,700.5,633.0,667.2000122070312,1033455,0.0,0.0
2020-10-22 00:00:00-04:00,670.7999877929688,685.7999877929688,651.0,681.5999755859375,352546,0.0,0.0
2020-10-23 00:00:00-04:00,690.0,691.5,658.5,676.2000122070312,231159,0.0,0.0
2020-10-26 00:00:00-04:00,664.5,677.0999755859375,621.2999877929688,627.2999877929688,271660,0.0,0.0
2020-10-27 00:00:00-04:00,630.0,663.0,626.0999755859375,641.7000122070312,190075,0.0,0.0
2020-10-28 00:00:00-04:00,627.2999877929688,628.2000122070312,579.9000244140625,590.0999755859375,335345,0.0,0.0
2020-10-29 00:00:00-04:00,597.5999755859375,607.5,576.5999755859375,593.7000122070312,181638,0.0,0.0
2020-10-30 00:00:00-04:00,588.9000244140625,596.0999755859375,535.7999877929688,549.2999877929688,340241,0.0,0.0
2020-11-02 00:00:00-05:00,561.0,573.9000244140625,550.5,557.4000244140625,198066,0.0,0.0
2020-11-03 00:00:00-05:00,567.0,576.0,561.9000244140625,565.2000122070312,212272,0.0,0.0
2020-11-04 00:00:00-05:00,567.2999877929688,578.4000244140625,550.7999877929688,553.7999877929688,264908,0.0,0.0
2020-11-05 00:00:00-05:00,579.0,614.7000122070312,570.5999755859375,598.5,443740,0.0,0.0
2020-11-06 00:00:00-05:00,598.7999877929688,599.0999755859375,558.2999877929688,587.4000244140625,289147,0.0,0.0
2020-11-09 00:00:00-05:00,606.0,621.0,557.0999755859375,558.9000244140625,438028,0.0,0.0
2020-11-10 00:00:00-05:00,566.4000244140625,568.2000122070312,527.7000122070312,540.9000244140625,445234,0.0,0.0
2020-11-11 00:00:00-05:00,547.073974609375,635.7000122070312,540.5999755859375,605.4000244140625,685066,0.0,0.0
2020-11-12 00:00:00-05:00,597.9000244140625,612.0,573.2999877929688,587.0999755859375,314242,0.0,0.0
2020-11-13 00:00:00-05:00,595.5,656.0999755859375,579.5999755859375,635.4000244140625,572909,0.0,0.0
2020-11-16 00:00:00-05:00,660.0,688.5,630.5999755859375,657.0,422549,0.0,0.0
2020-11-17 00:00:00-05:00,677.0999755859375,684.0,639.302978515625,660.9000244140625,345161,0.0,0.0
2020-11-18 00:00:00-05:00,665.4000244140625,801.5999755859375,655.5,762.5999755859375,1821646,0.0,0.0
2020-11-19 00:00:00-05:00,808.2000122070312,831.9000244140625,746.0999755859375,786.9000244140625,1349942,0.0,0.0
2020-11-20 00:00:00-05:00,798.0,801.0,750.9000244140625,791.4000244140625,610822,0.0,0.0
2020-11-23 00:00:00-05:00,805.5,884.7000122070312,800.4000244140625,882.2999877929688,784915,0.0,0.0
2020-11-24 00:00:00-05:00,974.7000122070312,1138.5,917.7000122070312,1035.0,2076127,0.0,0.0
2020-11-25 00:00:00-05:00,870.2999877929688,958.5,855.0,907.2000122070312,1283057,0.0,0.0
2020-11-27 00:00:00-05:00,887.0999755859375,943.5,813.2999877929688,837.9000244140625,700632,0.0,0.0
2020-11-30 00:00:00-05:00,663.2999877929688,690.0,604.6500244140625,612.2999877929688,3108513,0.0,0.0
2020-12-01 00:00:00-05:00,549.5999755859375,574.5,500.1000061035156,521.0999755859375,2391322,0.0,0.0
2020-12-02 00:00:00-05:00,524.0999755859375,579.0,522.5999755859375,549.5999755859375,1052954,0.0,0.0
2020-12-03 00:00:00-05:00,558.0,571.4970092773438,529.7999877929688,569.4000244140625,703387,0.0,0.0
2020-12-04 00:00:00-05:00,575.052001953125,576.0,546.9000244140625,566.4000244140625,419407,0.0,0.0
2020-12-07 00:00:00-05:00,559.7999877929688,581.4000244140625,549.0,553.2000122070312,514406,0.0,0.0
2020-12-08 00:00:00-05:00,561.0,581.4000244140625,557.4000244140625,567.5999755859375,488227,0.0,0.0
2020-12-09 00:00:00-05:00,576.9000244140625,587.4959716796875,534.9000244140625,549.2999877929688,489066,0.0,0.0
2020-12-10 00:00:00-05:00,538.5,557.7000122070312,532.5,557.0999755859375,354012,0.0,0.0
2020-12-11 00:00:00-05:00,543.0,550.0499877929688,520.7999877929688,528.5999755859375,497862,0.0,0.0
2020-12-14 00:00:00-05:00,533.7000122070312,534.9000244140625,491.1000061035156,492.29998779296875,652137,0.0,0.0
2020-12-15 00:00:00-05:00,501.29998779296875,506.3999938964844,480.29998779296875,494.3999938964844,599214,0.0,0.0
2020-12-16 00:00:00-05:00,507.4949951171875,522.9000244140625,491.1000061035156,510.0,480948,0.0,0.0
2020-12-17 00:00:00-05:00,517.5,519.0,501.6000061035156,516.5999755859375,275343,0.0,0.0
2020-12-18 00:00:00-05:00,515.0999755859375,516.1500244140625,503.25,512.4000244140625,293958,0.0,0.0
2020-12-21 00:00:00-05:00,495.0,511.5,492.6000061035156,510.6000061035156,338564,0.0,0.0
2020-12-22 00:00:00-05:00,501.0,506.6910095214844,489.45001220703125,504.8999938964844,298356,0.0,0.0
2020-12-23 00:00:00-05:00,466.5,468.0,450.0,450.8999938964844,1038670,0.0,0.0
2020-12-24 00:00:00-05:00,455.40301513671875,456.0,405.29998779296875,412.5,847680,0.0,0.0
2020-12-28 00:00:00-05:00,414.8999938964844,496.5,412.5,492.1499938964844,1477350,0.0,0.0
2020-12-29 00:00:00-05:00,501.29998779296875,513.9000244140625,465.6000061035156,483.8999938964844,871305,0.0,0.0
2020-12-30 00:00:00-05:00,486.29998779296875,489.0,465.8999938964844,479.3999938964844,458304,0.0,0.0
2020-12-31 00:00:00-05:00,473.8500061035156,474.8999938964844,450.0,457.79998779296875,468935,0.0,0.0
2021-01-04 00:00:00-05:00,465.0,485.1000061035156,450.0,482.3999938964844,377113,0.0,0.0
2021-01-05 00:00:00-05:00,475.79998779296875,487.5,468.29998779296875,480.8999938964844,264197,0.0,0.0
2021-01-06 00:00:00-05:00,486.0,507.0,480.8999938964844,486.0,390087,0.0,0.0
2021-01-07 00:00:00-05:00,506.8500061035156,536.4000244140625,501.29998779296875,534.5999755859375,660546,0.0,0.0
2021-01-08 00:00:00-05:00,564.0,565.2000122070312,528.2999877929688,532.5,593343,0.0,0.0
2021-01-11 00:00:00-05:00,521.4000244140625,525.9000244140625,505.5,512.4000244140625,359976,0.0,0.0
2021-01-12 00:00:00-05:00,516.5999755859375,562.7999877929688,516.2999877929688,561.5999755859375,552899,0.0,0.0
2021-01-13 00:00:00-05:00,579.9000244140625,678.8670043945312,571.2000122070312,601.5,2042071,0.0,0.0
2021-01-14 00:00:00-05:00,611.0999755859375,657.5999755859375,587.0999755859375,639.2999877929688,745124,0.0,0.0
2021-01-15 00:00:00-05:00,624.0,643.5,588.0,592.2000122070312,512841,0.0,0.0
2021-01-19 00:00:00-05:00,601.155029296875,623.4000244140625,591.5999755859375,608.7000122070312,426541,0.0,0.0
2021-01-20 00:00:00-05:00,611.7000122070312,620.4000244140625,562.7999877929688,585.2999877929688,511168,0.0,0.0
2021-01-21 00:00:00-05:00,583.2000122070312,607.7999877929688,577.2000122070312,598.2000122070312,297319,0.0,0.0
2021-01-22 00:00:00-05:00,591.2999877929688,614.4000244140625,586.2000122070312,603.5999755859375,248713,0.0,0.0
2021-01-25 00:00:00-05:00,614.0999755859375,676.5,601.7999877929688,622.2000122070312,684636,0.0,0.0
2021-01-26 00:00:00-05:00,634.2000122070312,780.9000244140625,634.2000122070312,769.2000122070312,1729869,0.0,0.0
2021-01-27 00:00:00-05:00,751.5,912.0,739.5,857.4000244140625,1404343,0.0,0.0
2021-01-28 00:00:00-05:00,817.5,850.2000122070312,681.0,695.4000244140625,906773,0.0,0.0
2021-01-29 00:00:00-05:00,742.5,744.9000244140625,684.0,692.7000122070312,467027,0.0,0.0
2021-02-01 00:00:00-05:00,721.5,732.0,663.5999755859375,705.2999877929688,462061,0.0,0.0
2021-02-02 00:00:00-05:00,712.2000122070312,719.0999755859375,676.7999877929688,690.0,282907,0.0,0.0
2021-02-03 00:00:00-05:00,692.7000122070312,749.4000244140625,690.2999877929688,732.9000244140625,401152,0.0,0.0
2021-02-04 00:00:00-05:00,733.7999877929688,756.75,714.5999755859375,732.5999755859375,275021,0.0,0.0
2021-02-05 00:00:00-05:00,742.5,747.5999755859375,690.0,708.0,282710,0.0,0.0
2021-02-08 00:00:00-05:00,705.2880249023438,719.4000244140625,695.0999755859375,705.0,265047,0.0,0.0
2021-02-09 00:00:00-05:00,693.7139892578125,699.5999755859375,667.7999877929688,687.0,435687,0.0,0.0
2021-02-10 00:00:00-05:00,683.0999755859375,724.2000122070312,672.9000244140625,689.0999755859375,332128,0.0,0.0
2021-02-11 00:00:00-05:00,691.7999877929688,703.2000122070312,661.7999877929688,678.5999755859375,238858,0.0,0.0
2021-02-12 00:00:00-05:00,669.0,670.7999877929688,648.698974609375,654.9000244140625,237619,0.0,0.0
2021-02-16 00:00:00-05:00,661.7999877929688,692.4000244140625,655.5,658.2000122070312,289056,0.0,0.0
2021-02-17 00:00:00-05:00,651.5999755859375,654.0,624.0,651.5999755859375,257956,0.0,0.0
2021-02-18 00:00:00-05:00,628.5,643.5,606.5999755859375,610.7999877929688,255763,0.0,0.0
2021-02-19 00:00:00-05:00,616.7999877929688,647.4000244140625,612.2999877929688,640.7999877929688,206552,0.0,0.0
2021-02-22 00:00:00-05:00,631.2000122070312,661.2000122070312,624.2999877929688,627.5999755859375,199864,0.0,0.0
2021-02-23 00:00:00-05:00,598.7999877929688,600.0,542.7000122070312,590.7000122070312,331245,0.0,0.0
2021-02-24 00:00:00-05:00,597.75,635.0999755859375,592.5,634.7999877929688,208979,0.0,0.0
2021-02-25 00:00:00-05:00,633.9000244140625,642.0,585.0,591.5999755859375,289326,0.0,0.0
2021-02-26 00:00:00-05:00,584.7000122070312,586.7999877929688,534.0,543.0,513446,0.0,0.0
2021-03-01 00:00:00-05:00,555.5999755859375,567.4500122070312,543.0,543.5999755859375,343986,0.0,0.0
2021-03-02 00:00:00-05:00,554.0999755859375,568.7999877929688,535.6500244140625,536.7000122070312,327119,0.0,0.0
2021-03-03 00:00:00-05:00,540.9000244140625,547.7999877929688,495.6000061035156,496.20001220703125,468249,0.0,0.0
2021-03-04 00:00:00-05:00,493.5,506.1000061035156,458.3999938964844,480.8999938964844,515420,0.0,0.0
2021-03-05 00:00:00-05:00,485.1000061035156,485.3999938964844,421.5,447.0,630750,0.0,0.0
2021-03-08 00:00:00-05:00,454.3500061035156,470.3999938964844,435.0,438.6000061035156,395545,0.0,0.0
2021-03-09 00:00:00-05:00,460.5,485.1000061035156,452.3999938964844,475.5,386567,0.0,0.0
2021-03-10 00:00:00-05:00,493.79998779296875,495.8999938964844,467.36700439453125,480.0,371066,0.0,0.0
2021-03-11 00:00:00-05:00,492.29998779296875,515.7000122070312,483.239990234375,512.8499755859375,355937,0.0,0.0
2021-03-12 00:00:00-05:00,495.29998779296875,511.79998779296875,487.79998779296875,510.6000061035156,225130,0.0,0.0
2021-03-15 00:00:00-04:00,512.0999755859375,521.0999755859375,496.6499938964844,511.79998779296875,274035,0.0,0.0
2021-03-16 00:00:00-04:00,490.79998779296875,491.70001220703125,468.0,475.5,478995,0.0,0.0
2021-03-17 00:00:00-04:00,470.3999938964844,494.70001220703125,460.5,491.70001220703125,288828,0.0,0.0
2021-03-18 00:00:00-04:00,472.79998779296875,475.5,441.6029968261719,443.3999938964844,625432,0.0,0.0
2021-03-19 00:00:00-04:00,451.20001220703125,465.0,441.0,462.6000061035156,342475,0.0,0.0
2021-03-22 00:00:00-04:00,470.1000061035156,490.79998779296875,465.0,466.5,333045,0.0,0.0
2021-03-23 00:00:00-04:00,468.29998779296875,474.0,445.20001220703125,450.0,287626,0.0,0.0
2021-03-24 00:00:00-04:00,456.0,456.0,421.3500061035156,421.79998779296875,356409,0.0,0.0
2021-03-25 00:00:00-04:00,409.79998779296875,428.70001220703125,395.25,426.0,473954,0.0,0.0
2021-03-26 00:00:00-04:00,438.6000061035156,446.70001220703125,408.29998779296875,424.5,317414,0.0,0.0
2021-03-29 00:00:00-04:00,426.8999938964844,427.1400146484375,409.5,413.70001220703125,280395,0.0,0.0
2021-03-30 00:00:00-04:00,412.79998779296875,421.6499938964844,396.8999938964844,421.20001220703125,304020,0.0,0.0
2021-03-31 00:00:00-04:00,424.1820068359375,433.79998779296875,414.8999938964844,416.70001220703125,399589,0.0,0.0
2021-04-01 00:00:00-04:00,426.8999938964844,442.5,412.5,417.29998779296875,469487,0.0,0.0
2021-04-05 00:00:00-04:00,420.6000061035156,421.79998779296875,382.20001220703125,384.8999938964844,749168,0.0,0.0
2021-04-06 00:00:00-04:00,390.0,400.7760009765625,378.6000061035156,396.6000061035156,435604,0.0,0.0
2021-04-07 00:00:00-04:00,395.70001220703125,409.1969909667969,366.29998779296875,368.70001220703125,654851,0.0,0.0
2021-04-08 00:00:00-04:00,381.0,391.20001220703125,370.3500061035156,381.29998779296875,405964,0.0,0.0
2021-04-09 00:00:00-04:00,381.0270080566406,385.6499938964844,373.04998779296875,384.0,261661,0.0,0.0
2021-04-12 00:00:00-04:00,381.75,382.0769958496094,348.8999938964844,355.20001220703125,484824,0.0,0.0
2021-04-13 00:00:00-04:00,350.1000061035156,365.3999938964844,346.5,361.5,398898,0.0,0.0
2021-04-14 00:00:00-04:00,378.0,378.0,351.0,352.5,431375,0.0,0.0
2021-04-15 00:00:00-04:00,356.3999938964844,357.29998779296875,318.29998779296875,318.8999938964844,782414,0.0,0.0
2021-04-16 00:00:00-04:00,318.29998779296875,331.5,311.1000061035156,329.3999938964844,441802,0.0,0.0
2021-04-19 00:00:00-04:00,327.0,327.8999938964844,305.8500061035156,308.70001220703125,447084,0.0,0.0
2021-04-20 00:00:00-04:00,301.20001220703125,310.5,287.1000061035156,289.5,576491,0.0,0.0
2021-04-21 00:00:00-04:00,289.5,316.20001220703125,281.1000061035156,308.70001220703125,516576,0.0,0.0
2021-04-22 00:00:00-04:00,329.7330017089844,383.70001220703125,309.0,353.1000061035156,2762698,0.0,0.0
2021-04-23 00:00:00-04:00,370.20001220703125,380.3999938964844,340.20001220703125,346.3500061035156,987227,0.0,0.0
2021-04-26 00:00:00-04:00,346.5,376.79998779296875,338.70001220703125,370.5,712256,0.0,0.0
2021-04-27 00:00:00-04:00,376.5,387.0,364.79998779296875,369.8999938964844,467543,0.0,0.0
2021-04-28 00:00:00-04:00,370.20599365234375,376.50299072265625,362.3999938964844,363.6000061035156,346696,0.0,0.0
2021-04-29 00:00:00-04:00,367.5,373.5,350.3999938964844,356.3999938964844,321669,0.0,0.0
2021-04-30 00:00:00-04:00,349.5,364.5,346.5,347.1000061035156,333426,0.0,0.0
2021-05-03 00:00:00-04:00,350.70001220703125,351.29998779296875,329.1000061035156,330.0,285857,0.0,0.0
2021-05-04 00:00:00-04:00,323.70001220703125,326.70001220703125,311.1000061035156,324.29998779296875,246052,0.0,0.0
2021-05-05 00:00:00-04:00,329.8500061035156,329.8500061035156,309.8999938964844,312.6000061035156,219553,0.0,0.0
2021-05-06 00:00:00-04:00,333.0,337.20001220703125,297.29998779296875,304.20001220703125,530304,0.0,0.0
2021-05-07 00:00:00-04:00,307.20001220703125,348.6000061035156,306.0,345.0,637056,0.0,0.0
2021-05-10 00:00:00-04:00,346.5,351.29998779296875,327.0,337.79998779296875,331685,0.0,0.0
2021-05-11 00:00:00-04:00,320.1000061035156,358.20001220703125,316.5,354.8999938964844,394271,0.0,0.0
2021-05-12 00:00:00-04:00,348.6000061035156,379.5,338.3999938964844,377.1000061035156,492946,0.0,0.0
2021-05-13 00:00:00-04:00,375.0,383.3999938964844,345.8999938964844,356.3999938964844,405035,0.0,0.0
2021-05-14 00:00:00-04:00,360.0,380.3999938964844,347.1000061035156,363.6000061035156,378880,0.0,0.0
2021-05-17 00:00:00-04:00,366.8999938964844,403.79998779296875,364.79998779296875,388.79998779296875,536753,0.0,0.0
2021-05-18 00:00:00-04:00,400.5,424.5,392.1000061035156,412.5,537933,0.0,0.0
2021-05-19 00:00:00-04:00,396.0,402.218994140625,380.1659851074219,387.0,445911,0.0,0.0
2021-05-20 00:00:00-04:00,392.3999938964844,392.6400146484375,372.6000061035156,383.1000061035156,333433,0.0,0.0
2021-05-21 00:00:00-04:00,384.6000061035156,387.8999938964844,359.1000061035156,359.3999938964844,399977,0.0,0.0
2021-05-24 00:00:00-04:00,361.364990234375,369.6000061035156,354.45001220703125,363.0,254091,0.0,0.0
2021-05-25 00:00:00-04:00,361.1130065917969,375.0,355.79998779296875,369.6000061035156,249833,0.0,0.0
2021-05-26 00:00:00-04:00,372.29998779296875,391.5,369.0,390.0,288000,0.0,0.0
2021-05-27 00:00:00-04:00,385.79998779296875,466.79998779296875,385.79998779296875,464.70001220703125,879272,0.0,0.0
2021-05-28 00:00:00-04:00,451.79998779296875,486.29998779296875,441.0,448.79998779296875,617252,0.0,0.0
2021-06-01 00:00:00-04:00,461.70001220703125,471.0,445.5,463.20001220703125,264227,0.0,0.0
2021-06-02 00:00:00-04:00,468.6000061035156,552.0,463.79998779296875,550.2000122070312,975651,0.0,0.0
2021-06-03 00:00:00-04:00,537.9000244140625,585.5999755859375,502.79998779296875,506.3999938964844,698845,0.0,0.0
2021-06-04 00:00:00-04:00,515.4000244140625,520.5,496.5,509.70001220703125,274384,0.0,0.0
2021-06-07 00:00:00-04:00,511.5,544.2000122070312,497.3999938964844,529.5,354098,0.0,0.0
2021-06-08 00:00:00-04:00,537.9000244140625,573.9000244140625,534.0,556.5,630153,0.0,0.0
2021-06-09 00:00:00-04:00,551.0999755859375,563.697021484375,511.79998779296875,524.7000122070312,472746,0.0,0.0
2021-06-10 00:00:00-04:00,524.7000122070312,533.4000244140625,501.6000061035156,504.0,297660,0.0,0.0
2021-06-11 00:00:00-04:00,507.6000061035156,532.3499755859375,501.6000061035156,526.5,274678,0.0,0.0
2021-06-14 00:00:00-04:00,513.5999755859375,533.4000244140625,504.8999938964844,516.2999877929688,260119,0.0,0.0
2021-06-15 00:00:00-04:00,515.4000244140625,517.2000122070312,462.6000061035156,468.0,493544,0.0,0.0
2021-06-16 00:00:00-04:00,472.5,485.70001220703125,463.79998779296875,472.79998779296875,262546,0.0,0.0
2021-06-17 00:00:00-04:00,482.3999938964844,515.0999755859375,480.5880126953125,510.29998779296875,408594,0.0,0.0
2021-06-18 00:00:00-04:00,504.29998779296875,514.5,487.5,495.29998779296875,278761,0.0,0.0
2021-06-21 00:00:00-04:00,493.20001220703125,495.0,467.72698974609375,484.20001220703125,263126,0.0,0.0
2021-06-22 00:00:00-04:00,473.3999938964844,523.7999877929688,473.2919921875,519.5999755859375,364300,0.0,0.0
2021-06-23 00:00:00-04:00,532.5449829101562,561.0,526.7999877929688,541.7999877929688,545162,0.0,0.0
2021-06-24 00:00:00-04:00,547.5,567.9000244140625,537.0,547.2000122070312,366347,0.0,0.0
2021-06-25 00:00:00-04:00,545.7000122070312,558.5999755859375,534.9000244140625,543.0,1130625,0.0,0.0
2021-06-28 00:00:00-04:00,548.7000122070312,583.2000122070312,548.0999755859375,567.9000244140625,422517,0.0,0.0
2021-06-29 00:00:00-04:00,570.2999877929688,571.77001953125,527.4600219726562,531.5999755859375,312817,0.0,0.0
2021-06-30 00:00:00-04:00,531.0,556.760986328125,520.7999877929688,541.7999877929688,284094,0.0,0.0
2021-07-01 00:00:00-04:00,536.4000244140625,539.0999755859375,503.70001220703125,509.70001220703125,303956,0.0,0.0
2021-07-02 00:00:00-04:00,514.5,517.5,490.8299865722656,493.20001220703125,237139,0.0,0.0
2021-07-06 00:00:00-04:00,501.29998779296875,505.760986328125,486.29998779296875,491.70001220703125,167917,0.0,0.0
2021-07-07 00:00:00-04:00,490.79998779296875,494.70001220703125,447.0,458.3999938964844,426493,0.0,0.0
2021-07-08 00:00:00-04:00,441.8999938964844,469.20001220703125,437.1000061035156,452.1000061035156,312829,0.0,0.0
2021-07-09 00:00:00-04:00,454.4100036621094,460.5,446.3999938964844,456.0,176860,0.0,0.0
2021-07-12 00:00:00-04:00,462.0,469.20001220703125,441.1499938964844,451.5,176455,0.0,0.0
2021-07-13 00:00:00-04:00,450.0,453.0,428.3999938964844,429.29998779296875,200257,0.0,0.0
2021-07-14 00:00:00-04:00,434.3999938964844,442.20001220703125,413.3999938964844,416.70001220703125,255546,0.0,0.0
2021-07-15 00:00:00-04:00,421.20001220703125,454.04998779296875,416.70001220703125,427.79998779296875,354674,0.0,0.0
2021-07-16 00:00:00-04:00,430.20001220703125,433.79998779296875,410.70001220703125,418.79998779296875,209397,0.0,0.0
2021-07-19 00:00:00-04:00,411.0,418.5,397.5,417.0,214723,0.0,0.0
2021-07-20 00:00:00-04:00,414.29998779296875,429.8999938964844,399.6000061035156,428.70001220703125,219655,0.0,0.0
2021-07-21 00:00:00-04:00,429.6000061035156,448.6499938964844,426.8999938964844,445.20001220703125,191107,0.0,0.0
2021-07-22 00:00:00-04:00,444.6000061035156,449.3999938964844,422.3999938964844,425.1000061035156,146852,0.0,0.0
2021-07-23 00:00:00-04:00,421.20001220703125,426.0,408.6000061035156,419.70001220703125,187449,0.0,0.0
2021-07-26 00:00:00-04:00,416.25,436.47601318359375,412.5,421.5,169319,0.0,0.0
2021-07-27 00:00:00-04:00,421.79998779296875,423.59698486328125,392.3999938964844,396.8999938964844,230199,0.0,0.0
2021-07-28 00:00:00-04:00,402.8999938964844,429.0,402.6000061035156,425.70001220703125,218220,0.0,0.0
2021-07-29 00:00:00-04:00,393.05999755859375,398.54998779296875,360.0,360.8999938964844,981759,0.0,0.0
2021-07-30 00:00:00-04:00,357.0,377.1000061035156,353.70001220703125,356.1000061035156,551972,0.0,0.0
2021-08-02 00:00:00-04:00,359.3999938964844,362.385009765625,334.20001220703125,335.3999938964844,609469,0.0,0.0
2021-08-03 00:00:00-04:00,338.1000061035156,340.08599853515625,306.0,306.29998779296875,1027008,0.0,0.0
2021-08-04 00:00:00-04:00,308.70001220703125,334.5,304.20001220703125,318.0,620359,0.0,0.0
2021-08-05 00:00:00-04:00,323.1000061035156,323.14801025390625,303.0,304.5,632048,0.0,0.0
2021-08-06 00:00:00-04:00,306.0,309.8999938964844,295.5,308.3999938964844,695912,0.0,0.0
2021-08-09 00:00:00-04:00,303.6000061035156,333.6000061035156,303.29998779296875,328.79998779296875,438879,0.0,0.0
2021-08-10 00:00:00-04:00,338.3999938964844,346.5,310.79998779296875,312.0,674446,0.0,0.0
2021-08-11 00:00:00-04:00,313.5,313.5,297.29998779296875,300.0,716241,0.0,0.0
2021-08-12 00:00:00-04:00,304.20001220703125,305.4960021972656,294.8999938964844,298.5,459274,0.0,0.0
2021-08-13 00:00:00-04:00,298.79998779296875,299.1000061035156,280.79998779296875,285.8999938964844,587889,0.0,0.0
2021-08-16 00:00:00-04:00,284.3999938964844,285.0,270.6000061035156,273.8999938964844,495564,0.0,0.0
2021-08-17 00:00:00-04:00,275.70001220703125,295.5,270.8999938964844,291.8999938964844,624759,0.0,0.0
2021-08-18 00:00:00-04:00,294.8999938964844,298.1400146484375,281.1000061035156,294.29998779296875,356571,0.0,0.0
2021-08-19 00:00:00-04:00,296.1300048828125,298.20001220703125,271.20001220703125,272.70001220703125,431847,0.0,0.0
2021-08-20 00:00:00-04:00,273.0,294.6000061035156,272.3999938964844,283.20001220703125,388685,0.0,0.0
2021-08-23 00:00:00-04:00,286.7460021972656,297.1499938964844,281.3999938964844,294.8999938964844,302585,0.0,0.0
2021-08-24 00:00:00-04:00,298.2659912109375,312.8999938964844,288.6000061035156,307.79998779296875,498806,0.0,0.0
2021-08-25 00:00:00-04:00,303.0,305.1000061035156,292.79998779296875,294.8999938964844,385624,0.0,0.0
2021-08-26 00:00:00-04:00,294.6000061035156,314.54998779296875,292.20001220703125,303.6000061035156,410750,0.0,0.0
2021-08-27 00:00:00-04:00,304.79998779296875,306.0,297.29998779296875,303.8999938964844,256768,0.0,0.0
2021-08-30 00:00:00-04:00,308.3999938964844,310.20001220703125,294.0,300.29998779296875,276050,0.0,0.0
2021-08-31 00:00:00-04:00,300.6000061035156,316.5,299.70001220703125,312.8999938964844,339361,0.0,0.0
2021-09-01 00:00:00-04:00,309.7770080566406,331.20001220703125,309.0,322.79998779296875,468266,0.0,0.0
2021-09-02 00:00:00-04:00,342.8999938964844,343.6409912109375,319.5,319.79998779296875,575573,0.0,0.0
2021-09-03 00:00:00-04:00,321.6000061035156,322.5,310.5,313.79998779296875,287531,0.0,0.0
2021-09-07 00:00:00-04:00,316.5,330.1499938964844,310.6499938964844,321.6000061035156,351831,0.0,0.0
2021-09-08 00:00:00-04:00,319.16400146484375,321.0,297.6000061035156,298.5,432674,0.0,0.0
2021-09-09 00:00:00-04:00,300.0,308.3999938964844,294.6000061035156,295.20001220703125,360131,0.0,0.0
2021-09-10 00:00:00-04:00,298.2959899902344,299.8710021972656,289.79998779296875,289.79998779296875,310035,0.0,0.0
2021-09-13 00:00:00-04:00,292.5,305.70001220703125,285.6000061035156,300.8999938964844,358311,0.0,0.0
2021-09-14 00:00:00-04:00,298.79998779296875,310.16400146484375,292.3500061035156,297.29998779296875,292405,0.0,0.0
2021-09-15 00:00:00-04:00,304.7040100097656,304.7040100097656,286.95001220703125,292.79998779296875,502668,0.0,0.0
2021-09-16 00:00:00-04:00,292.4339904785156,310.5,288.6000061035156,309.8999938964844,456544,0.0,0.0
2021-09-17 00:00:00-04:00,308.1000061035156,321.0,305.3999938964844,320.70001220703125,616000,0.0,0.0
2021-09-20 00:00:00-04:00,311.70001220703125,320.1000061035156,303.8999938964844,318.0,355410,0.0,0.0
2021-09-21 00:00:00-04:00,316.97698974609375,326.1000061035156,314.3999938964844,321.29998779296875,251860,0.0,0.0
2021-09-22 00:00:00-04:00,319.5,332.3999938964844,318.29998779296875,331.79998779296875,272502,0.0,0.0
2021-09-23 00:00:00-04:00,333.0929870605469,346.5,324.29998779296875,342.0,332530,0.0,0.0
2021-09-24 00:00:00-04:00,338.3999938964844,356.9219970703125,336.29998779296875,349.79998779296875,393327,0.0,0.0
2021-09-27 00:00:00-04:00,349.79998779296875,367.79998779296875,344.1000061035156,358.5,387840,0.0,0.0
2021-09-28 00:00:00-04:00,354.8999938964844,360.8999938964844,328.5,329.3999938964844,360482,0.0,0.0
2021-09-29 00:00:00-04:00,336.8999938964844,346.20001220703125,316.5,318.29998779296875,364495,0.0,0.0
2021-09-30 00:00:00-04:00,320.1000061035156,328.79998779296875,318.29998779296875,320.1000061035156,223554,0.0,0.0
2021-10-01 00:00:00-04:00,323.3999938964844,332.1000061035156,315.6000061035156,318.6000061035156,223795,0.0,0.0
2021-10-04 00:00:00-04:00,317.3999938964844,318.77398681640625,297.3299865722656,305.1000061035156,341567,0.0,0.0
2021-10-05 00:00:00-04:00,304.79998779296875,311.3999938964844,300.8999938964844,303.6000061035156,251282,0.0,0.0
2021-10-06 00:00:00-04:00,300.0,311.3999938964844,296.1000061035156,306.29998779296875,252249,0.0,0.0
2021-10-07 00:00:00-04:00,312.8999938964844,331.20001220703125,310.6499938964844,320.1000061035156,338428,0.0,0.0
2021-10-08 00:00:00-04:00,321.0,328.20001220703125,317.1000061035156,320.3999938964844,163994,0.0,0.0
2021-10-11 00:00:00-04:00,318.6000061035156,326.54998779296875,314.3999938964844,316.5,146676,0.0,0.0
2021-10-12 00:00:00-04:00,317.0249938964844,342.8999938964844,314.70001220703125,340.79998779296875,335956,0.0,0.0
2021-10-13 00:00:00-04:00,340.6650085449219,344.3999938964844,333.6000061035156,340.5,177322,0.0,0.0
2021-10-14 00:00:00-04:00,351.29998779296875,356.3999938964844,332.70001220703125,335.70001220703125,288251,0.0,0.0
2021-10-15 00:00:00-04:00,336.8999938964844,345.29998779296875,330.6000061035156,334.79998779296875,199329,0.0,0.0
2021-10-18 00:00:00-04:00,331.79998779296875,338.8500061035156,325.79998779296875,328.79998779296875,197596,0.0,0.0
2021-10-19 00:00:00-04:00,328.79998779296875,354.6000061035156,325.8030090332031,344.3999938964844,326771,0.0,0.0
2021-10-20 00:00:00-04:00,341.3999938964844,341.70001220703125,330.1499938964844,334.5,242032,0.0,0.0
2021-10-21 00:00:00-04:00,332.70001220703125,343.5,329.70001220703125,332.3999938964844,193809,0.0,0.0
2021-10-22 00:00:00-04:00,330.6000061035156,330.6059875488281,313.5,318.0,246168,0.0,0.0
2021-10-25 00:00:00-04:00,319.79998779296875,334.20001220703125,317.3999938964844,329.3999938964844,241452,0.0,0.0
2021-10-26 00:00:00-04:00,331.20001220703125,347.70001220703125,321.8999938964844,325.20001220703125,332921,0.0,0.0
2021-10-27 00:00:00-04:00,326.3999938964844,329.54998779296875,316.20001220703125,317.70001220703125,175049,0.0,0.0
2021-10-28 00:00:00-04:00,320.1000061035156,349.5,317.1000061035156,342.8999938964844,468461,0.0,0.0
2021-10-29 00:00:00-04:00,339.29998779296875,359.1000061035156,339.0,354.0,387766,0.0,0.0
2021-11-01 00:00:00-04:00,360.8999938964844,387.0,359.70001220703125,375.0,501498,0.0,0.0
2021-11-02 00:00:00-04:00,379.79998779296875,393.29998779296875,364.5,376.5,438027,0.0,0.0
2021-11-03 00:00:00-04:00,371.70001220703125,387.6000061035156,368.21099853515625,381.29998779296875,352085,0.0,0.0
2021-11-04 00:00:00-04:00,400.79998779296875,466.79998779296875,382.5,463.20001220703125,1494264,0.0,0.0
2021-11-05 00:00:00-04:00,435.8999938964844,435.8999938964844,379.79998779296875,394.20001220703125,897741,0.0,0.0
2021-11-08 00:00:00-05:00,406.04998779296875,441.0,399.8999938964844,435.6000061035156,594438,0.0,0.0
2021-11-09 00:00:00-05:00,432.0,432.8999938964844,403.5,429.6000061035156,501247,0.0,0.0
2021-11-10 00:00:00-05:00,419.70001220703125,444.0,411.0,415.20001220703125,399018,0.0,0.0
2021-11-11 00:00:00-05:00,423.29998779296875,444.0,408.0,430.79998779296875,361650,0.0,0.0
2021-11-12 00:00:00-05:00,430.5,432.0,411.6000061035156,419.3999938964844,286089,0.0,0.0
2021-11-15 00:00:00-05:00,420.6000061035156,423.8999938964844,402.0,411.8999938964844,274095,0.0,0.0
2021-11-16 00:00:00-05:00,410.1000061035156,410.1000061035156,388.5,400.79998779296875,353492,0.0,0.0
2021-11-17 00:00:00-05:00,394.20001220703125,418.20001220703125,389.3999938964844,401.70001220703125,277435,0.0,0.0
2021-11-18 00:00:00-05:00,399.29998779296875,399.5880126953125,367.20001220703125,371.70001220703125,314795,0.0,0.0
2021-11-19 00:00:00-05:00,366.0,366.0,354.6000061035156,355.79998779296875,452667,0.0,0.0
2021-11-22 00:00:00-05:00,359.1000061035156,360.8999938964844,327.0,333.8999938964844,539397,0.0,0.0
2021-11-23 00:00:00-05:00,332.70001220703125,334.5,303.6000061035156,312.29998779296875,608316,0.0,0.0
2021-11-24 00:00:00-05:00,315.0,325.5,304.79998779296875,319.79998779296875,346810,0.0,0.0
2021-11-26 00:00:00-05:00,307.5,315.45001220703125,300.6000061035156,313.79998779296875,250315,0.0,0.0
2021-11-29 00:00:00-05:00,315.0,315.6000061035156,299.3999938964844,306.8999938964844,416217,0.0,0.0
2021-11-30 00:00:00-05:00,306.8999938964844,321.6000061035156,296.1000061035156,306.6000061035156,507094,0.0,0.0
2021-12-01 00:00:00-05:00,310.20001220703125,313.20001220703125,285.0,285.0,435940,0.0,0.0
2021-12-02 00:00:00-05:00,287.3999938964844,299.3999938964844,281.70001220703125,296.3999938964844,367192,0.0,0.0
2021-12-03 00:00:00-05:00,297.29998779296875,298.79998779296875,276.6000061035156,283.5,490938,0.0,0.0
2021-12-06 00:00:00-05:00,278.70001220703125,300.8999938964844,271.79998779296875,296.3999938964844,331027,0.0,0.0
2021-12-07 00:00:00-05:00,302.1000061035156,315.75,302.1000061035156,308.70001220703125,278420,0.0,0.0
2021-12-08 00:00:00-05:00,307.79998779296875,316.20001220703125,300.6000061035156,310.5,203681,0.0,0.0
2021-12-09 00:00:00-05:00,307.79998779296875,313.260009765625,295.5,298.20001220703125,223931,0.0,0.0
2021-12-10 00:00:00-05:00,299.3999938964844,306.0,290.1000061035156,291.6000061035156,245910,0.0,0.0
2021-12-13 00:00:00-05:00,294.0,294.8999938964844,279.0,285.29998779296875,251971,0.0,0.0
2021-12-14 00:00:00-05:00,279.75,293.1000061035156,279.6000061035156,285.29998779296875,267935,0.0,0.0
2021-12-15 00:00:00-05:00,285.0,292.718994140625,274.20001220703125,291.29998779296875,289340,0.0,0.0
2021-12-16 00:00:00-05:00,292.5,297.0,274.79998779296875,279.6000061035156,300050,0.0,0.0
2021-12-17 00:00:00-05:00,278.3999938964844,308.70001220703125,265.8030090332031,299.3999938964844,635290,0.0,0.0
2021-12-20 00:00:00-05:00,294.3299865722656,294.6000061035156,273.0,277.5,435207,0.0,0.0
2021-12-21 00:00:00-05:00,282.29998779296875,285.6000061035156,273.8999938964844,282.6000061035156,432207,0.0,0.0
2021-12-22 00:00:00-05:00,284.70001220703125,285.0,275.1000061035156,282.0,368160,0.0,0.0
2021-12-23 00:00:00-05:00,296.1000061035156,345.0,293.70001220703125,332.70001220703125,2208365,0.0,0.0
2021-12-27 00:00:00-05:00,356.70001220703125,364.20001220703125,319.20001220703125,323.3999938964844,1243462,0.0,0.0
2021-12-28 00:00:00-05:00,320.70001220703125,340.14898681640625,314.70001220703125,316.5,533595,0.0,0.0
2021-12-29 00:00:00-05:00,312.6000061035156,314.70001220703125,292.5,296.3999938964844,554324,0.0,0.0
2021-12-30 00:00:00-05:00,294.6000061035156,311.1000061035156,292.79998779296875,305.70001220703125,407397,0.0,0.0
2021-12-31 00:00:00-05:00,302.3999938964844,318.1499938964844,295.5,296.1000061035156,352813,0.0,0.0
2022-01-03 00:00:00-05:00,300.6000061035156,309.572998046875,292.5,307.20001220703125,413330,0.0,0.0
2022-01-04 00:00:00-05:00,306.6000061035156,311.70001220703125,295.04998779296875,309.6000061035156,369597,0.0,0.0
2022-01-05 00:00:00-05:00,320.3999938964844,345.29998779296875,295.5,296.3999938964844,1206233,0.0,0.0
2022-01-06 00:00:00-05:00,307.0199890136719,324.0,289.3500061035156,306.29998779296875,867272,0.0,0.0
2022-01-07 00:00:00-05:00,306.29998779296875,322.6499938964844,303.29998779296875,318.6000061035156,477511,0.0,0.0
2022-01-10 00:00:00-05:00,309.17401123046875,311.1000061035156,293.1000061035156,297.8999938964844,673845,0.0,0.0
2022-01-11 00:00:00-05:00,301.79998779296875,327.0,297.6000061035156,322.5,666771,0.0,0.0
2022-01-12 00:00:00-05:00,321.29998779296875,330.0,312.8999938964844,313.20001220703125,427923,0.0,0.0
2022-01-13 00:00:00-05:00,332.70001220703125,343.3500061035156,305.1000061035156,306.0,1042470,0.0,0.0
2022-01-14 00:00:00-05:00,302.70001220703125,310.20001220703125,294.29998779296875,302.3999938964844,545152,0.0,0.0
2022-01-18 00:00:00-05:00,297.0,300.8999938964844,275.1000061035156,276.8999938964844,780827,0.0,0.0
2022-01-19 00:00:00-05:00,284.3999938964844,285.8999938964844,255.3000030517578,258.8999938964844,1050446,0.0,0.0
2022-01-20 00:00:00-05:00,262.95001220703125,270.1499938964844,239.39999389648438,239.6999969482422,948984,0.0,0.0
2022-01-21 00:00:00-05:00,236.6999969482422,237.3000030517578,218.39999389648438,219.0,1134121,0.0,0.0
2022-01-24 00:00:00-05:00,208.8000030517578,223.8000030517578,197.6999969482422,223.5,1002375,0.0,0.0
2022-01-25 00:00:00-05:00,218.39999389648438,226.1999969482422,208.8000030517578,223.1999969482422,652296,0.0,0.0
2022-01-26 00:00:00-05:00,230.39999389648438,249.89999389648438,226.1999969482422,229.8000030517578,811356,0.0,0.0
2022-01-27 00:00:00-05:00,231.60000610351562,235.5,207.89999389648438,209.10000610351562,790588,0.0,0.0
2022-01-28 00:00:00-05:00,211.1999969482422,225.0,202.8000030517578,224.39999389648438,593025,0.0,0.0
2022-01-31 00:00:00-05:00,225.3000030517578,243.89999389648438,225.3000030517578,240.89999389648438,478278,0.0,0.0
2022-02-01 00:00:00-05:00,249.0,253.8000030517578,237.60000610351562,251.10000610351562,418143,0.0,0.0
2022-02-02 00:00:00-05:00,249.60000610351562,250.8000030517578,233.39999389648438,236.10000610351562,471518,0.0,0.0
2022-02-03 00:00:00-05:00,230.39999389648438,237.60000610351562,221.10000610351562,221.39999389648438,448951,0.0,0.0
2022-02-04 00:00:00-05:00,225.3000030517578,234.0,218.39999389648438,230.6999969482422,328875,0.0,0.0
2022-02-07 00:00:00-05:00,234.0,238.1999969482422,222.89999389648438,225.89999389648438,475682,0.0,0.0
2022-02-08 00:00:00-05:00,227.10000610351562,242.6999969482422,219.0,232.1999969482422,581024,0.0,0.0
2022-02-09 00:00:00-05:00,233.6999969482422,245.10000610351562,231.63600158691406,242.6999969482422,342761,0.0,0.0
2022-02-10 00:00:00-05:00,235.86000061035156,251.10000610351562,235.1999969482422,237.89999389648438,365244,0.0,0.0
2022-02-11 00:00:00-05:00,236.39999389648438,244.8000030517578,231.89999389648438,233.6999969482422,313316,0.0,0.0
2022-02-14 00:00:00-05:00,230.39999389648438,250.1999969482422,228.3000030517578,240.60000610351562,406909,0.0,0.0
2022-02-15 00:00:00-05:00,246.3000030517578,258.29998779296875,243.0,255.0,328378,0.0,0.0
2022-02-16 00:00:00-05:00,251.25,257.1000061035156,245.10000610351562,253.5,266583,0.0,0.0
2022-02-17 00:00:00-05:00,250.1999969482422,257.3999938964844,241.1999969482422,242.39999389648438,254041,0.0,0.0
2022-02-18 00:00:00-05:00,242.6999969482422,244.5570068359375,234.89999389648438,237.60000610351562,277978,0.0,0.0
2022-02-22 00:00:00-05:00,233.10000610351562,242.10000610351562,220.5,221.6999969482422,347893,0.0,0.0
2022-02-23 00:00:00-05:00,225.89999389648438,227.25,204.60000610351562,204.89999389648438,446582,0.0,0.0
2022-02-24 00:00:00-05:00,193.5,241.8000030517578,192.3000030517578,241.1999969482422,886720,0.0,0.0
2022-02-25 00:00:00-05:00,241.5,243.0,228.60000610351562,237.0,521852,0.0,0.0
2022-02-28 00:00:00-05:00,235.8000030517578,240.60000610351562,228.6540069580078,237.0,467524,0.0,0.0
2022-03-01 00:00:00-05:00,233.6999969482422,234.60000610351562,219.0,229.8000030517578,467046,0.0,0.0
2022-03-02 00:00:00-05:00,230.10000610351562,234.0,221.39999389648438,226.5,339712,0.0,0.0
2022-03-03 00:00:00-05:00,226.5,227.6999969482422,215.25,216.60000610351562,260028,0.0,0.0
2022-03-04 00:00:00-05:00,213.60000610351562,219.60000610351562,198.0,199.1999969482422,661304,0.0,0.0
2022-03-07 00:00:00-05:00,202.5,207.0,193.8000030517578,199.1999969482422,488864,0.0,0.0
2022-03-08 00:00:00-05:00,198.60000610351562,234.4499969482422,198.0,226.5,753642,0.0,0.0
2022-03-09 00:00:00-05:00,232.8000030517578,241.1999969482422,229.9499969482422,236.10000610351562,365558,0.0,0.0
2022-03-10 00:00:00-05:00,232.5,241.31100463867188,226.5,238.8000030517578,299252,0.0,0.0
2022-03-11 00:00:00-05:00,240.60000610351562,246.89999389648438,223.9499969482422,225.60000610351562,389883,0.0,0.0
2022-03-14 00:00:00-04:00,219.0,220.35000610351562,204.60000610351562,206.10000610351562,435059,0.0,0.0
2022-03-15 00:00:00-04:00,208.8000030517578,220.1999969482422,199.8000030517578,219.3000030517578,495529,0.0,0.0
2022-03-16 00:00:00-04:00,222.3000030517578,244.1999969482422,220.5,244.1999969482422,583384,0.0,0.0
2022-03-17 00:00:00-04:00,235.5,258.6000061035156,235.5,258.6000061035156,375884,0.0,0.0
2022-03-18 00:00:00-04:00,256.5,268.6499938964844,256.1940002441406,266.1000061035156,353345,0.0,0.0
2022-03-21 00:00:00-04:00,265.5,273.45001220703125,259.20001220703125,265.5,295580,0.0,0.0
2022-03-22 00:00:00-04:00,264.29998779296875,283.20001220703125,263.70001220703125,276.0,313258,0.0,0.0
2022-03-23 00:00:00-04:00,274.5,284.25,270.6000061035156,274.20001220703125,293089,0.0,0.0
2022-03-24 00:00:00-04:00,322.20001220703125,327.0,280.79998779296875,289.79998779296875,2033992,0.0,0.0
2022-03-25 00:00:00-04:00,288.8999938964844,305.1000061035156,282.8999938964844,303.29998779296875,620904,0.0,0.0
2022-03-28 00:00:00-04:00,303.6000061035156,316.79998779296875,297.0,312.0,426814,0.0,0.0
2022-03-29 00:00:00-04:00,315.8999938964844,344.1000061035156,310.20001220703125,339.8999938964844,841207,0.0,0.0
2022-03-30 00:00:00-04:00,334.20001220703125,356.1000061035156,328.5,333.6000061035156,517696,0.0,0.0
2022-03-31 00:00:00-04:00,333.75,334.20001220703125,312.6000061035156,321.29998779296875,367962,0.0,0.0
2022-04-01 00:00:00-04:00,321.45001220703125,326.3999938964844,298.04998779296875,300.8999938964844,431735,0.0,0.0
2022-04-04 00:00:00-04:00,295.79998779296875,323.1000061035156,292.5,315.8999938964844,354330,0.0,0.0
2022-04-05 00:00:00-04:00,313.5,315.75,299.1000061035156,300.0,249528,0.0,0.0
2022-04-06 00:00:00-04:00,292.5,296.3999938964844,276.8999938964844,278.3999938964844,397726,0.0,0.0
2022-04-07 00:00:00-04:00,278.3999938964844,280.20001220703125,261.6000061035156,266.3999938964844,367481,0.0,0.0
2022-04-08 00:00:00-04:00,267.6000061035156,268.79998779296875,251.6999969482422,252.89999389648438,259608,0.0,0.0
2022-04-11 00:00:00-04:00,248.39999389648438,259.5,241.8000030517578,250.5,281659,0.0,0.0
2022-04-12 00:00:00-04:00,253.8000030517578,258.6000061035156,240.3000030517578,243.89999389648438,313537,0.0,0.0
2022-04-13 00:00:00-04:00,243.89999389648438,254.39999389648438,238.1999969482422,247.5,248881,0.0,0.0
2022-04-14 00:00:00-04:00,245.10000610351562,246.89999389648438,239.39999389648438,240.60000610351562,229048,0.0,0.0
2022-04-18 00:00:00-04:00,240.60000610351562,240.60000610351562,231.0,234.89999389648438,242293,0.0,0.0
2022-04-19 00:00:00-04:00,234.89999389648438,242.6999969482422,229.9499969482422,240.0,182069,0.0,0.0
2022-04-20 00:00:00-04:00,240.0,245.6999969482422,232.5,235.1999969482422,208892,0.0,0.0
2022-04-21 00:00:00-04:00,240.60000610351562,247.1999969482422,224.39999389648438,225.0,288251,0.0,0.0
2022-04-22 00:00:00-04:00,224.10000610351562,233.5500030517578,218.6999969482422,230.39999389648438,240483,0.0,0.0
2022-04-25 00:00:00-04:00,226.8000030517578,240.0,225.30299377441406,239.10000610351562,261426,0.0,0.0
2022-04-26 00:00:00-04:00,239.39999389648438,240.02999877929688,225.3000030517578,229.8000030517578,252573,0.0,0.0
2022-04-27 00:00:00-04:00,229.5,236.39999389648438,219.3000030517578,223.8000030517578,297774,0.0,0.0
2022-04-28 00:00:00-04:00,229.1999969482422,230.49899291992188,211.1999969482422,221.6999969482422,299511,0.0,0.0
2022-04-29 00:00:00-04:00,223.1999969482422,229.0500030517578,214.8000030517578,215.39999389648438,246517,0.0,0.0
2022-05-02 00:00:00-04:00,215.10000610351562,216.89999389648438,201.0,210.0,695745,0.0,0.0
2022-05-03 00:00:00-04:00,210.0,219.0,206.39999389648438,208.8000030517578,454337,0.0,0.0
2022-05-04 00:00:00-04:00,210.0,217.5,198.60000610351562,216.0,455967,0.0,0.0
2022-05-05 00:00:00-04:00,227.39999389648438,248.6999969482422,217.5,229.8000030517578,863922,0.0,0.0
2022-05-06 00:00:00-04:00,226.1999969482422,230.10000610351562,201.3000030517578,202.5,619619,0.0,0.0
2022-05-09 00:00:00-04:00,198.3000030517578,198.60000610351562,172.5,175.5,755840,0.0,0.0
2022-05-10 00:00:00-04:00,185.39999389648438,186.0,162.89999389648438,167.10000610351562,583497,0.0,0.0
2022-05-11 00:00:00-04:00,168.60000610351562,171.3000030517578,152.10000610351562,152.6999969482422,554899,0.0,0.0
2022-05-12 00:00:00-04:00,150.05999755859375,171.89999389648438,144.60000610351562,166.5,666771,0.0,0.0
2022-05-13 00:00:00-04:00,169.5,195.3000030517578,166.1999969482422,192.3000030517578,728668,0.0,0.0
2022-05-16 00:00:00-04:00,186.60000610351562,190.7969970703125,171.3000030517578,173.10000610351562,388813,0.0,0.0
2022-05-17 00:00:00-04:00,179.6999969482422,184.8000030517578,173.10000610351562,179.6999969482422,351741,0.0,0.0
2022-05-18 00:00:00-04:00,176.39999389648438,189.0,174.0,177.60000610351562,373411,0.0,0.0
2022-05-19 00:00:00-04:00,175.8000030517578,188.10000610351562,173.6999969482422,183.3000030517578,391756,0.0,0.0
2022-05-20 00:00:00-04:00,188.10000610351562,188.39999389648438,171.3000030517578,177.60000610351562,379542,0.0,0.0
2022-05-23 00:00:00-04:00,178.1999969482422,188.39999389648438,171.3000030517578,187.5,330749,0.0,0.0
2022-05-24 00:00:00-04:00,181.8000030517578,183.0,174.60000610351562,176.39999389648438,238285,0.0,0.0
2022-05-25 00:00:00-04:00,176.10000610351562,187.64999389648438,172.5,187.1999969482422,413758,0.0,0.0
2022-05-26 00:00:00-04:00,182.39999389648438,207.9600067138672,182.10000610351562,203.39999389648438,626890,0.0,0.0
2022-05-27 00:00:00-04:00,204.60000610351562,216.0,204.0,215.6999969482422,374548,0.0,0.0
2022-05-31 00:00:00-04:00,214.5,222.0,205.8000030517578,211.8000030517578,405642,0.0,0.0
2022-06-01 00:00:00-04:00,212.39999389648438,216.75,197.6999969482422,203.10000610351562,340264,0.0,0.0
2022-06-02 00:00:00-04:00,201.0,223.1999969482422,195.89999389648438,217.5,827015,0.0,0.0
2022-06-03 00:00:00-04:00,211.1999969482422,212.39999389648438,198.4499969482422,199.8000030517578,365064,0.0,0.0
2022-06-06 00:00:00-04:00,203.6999969482422,203.6999969482422,190.8000030517578,194.6999969482422,375637,0.0,0.0
2022-06-07 00:00:00-04:00,192.3000030517578,196.35000610351562,185.10000610351562,193.8000030517578,268789,0.0,0.0
2022-06-08 00:00:00-04:00,194.10000610351562,220.8000030517578,193.5,210.60000610351562,636113,0.0,0.0
2022-06-09 00:00:00-04:00,210.89999389648438,214.35000610351562,198.0,198.89999389648438,291237,0.0,0.0
2022-06-10 00:00:00-04:00,195.0,199.64999389648438,180.60000610351562,181.1999969482422,358241,0.0,0.0
2022-06-13 00:00:00-04:00,174.0,179.10000610351562,156.60000610351562,156.89999389648438,437971,0.0,0.0
2022-06-14 00:00:00-04:00,164.10000610351562,164.39999389648438,154.1999969482422,161.10000610351562,304249,0.0,0.0
2022-06-15 00:00:00-04:00,161.6999969482422,173.6999969482422,157.8000030517578,169.8000030517578,420587,0.0,0.0
2022-06-16 00:00:00-04:00,163.5,165.0,155.10000610351562,157.5,346845,0.0,0.0
2022-06-17 00:00:00-04:00,157.1999969482422,174.0,157.1999969482422,170.39999389648438,391242,0.0,0.0
2022-06-21 00:00:00-04:00,176.39999389648438,181.5,169.8000030517578,171.3000030517578,332233,0.0,0.0
2022-06-22 00:00:00-04:00,167.10000610351562,175.8000030517578,164.39999389648438,168.0,283086,0.0,0.0
2022-06-23 00:00:00-04:00,168.0,170.39999389648438,162.3000030517578,170.10000610351562,255527,0.0,0.0
2022-06-24 00:00:00-04:00,171.89999389648438,175.1999969482422,164.6999969482422,168.3000030517578,540814,0.0,0.0
2022-06-27 00:00:00-04:00,168.0,172.1999969482422,159.3000030517578,161.6999969482422,368076,0.0,0.0
2022-06-28 00:00:00-04:00,161.39999389648438,163.5,151.5,152.39999389648438,383145,0.0,0.0
2022-06-29 00:00:00-04:00,150.89999389648438,151.1999969482422,140.10000610351562,141.60000610351562,535316,0.0,0.0
2022-06-30 00:00:00-04:00,143.39999389648438,148.1999969482422,138.3000030517578,142.8000030517578,384370,0.0,0.0
2022-07-01 00:00:00-04:00,144.89999389648438,147.3000030517578,138.3000030517578,141.60000610351562,240893,0.0,0.0
2022-07-05 00:00:00-04:00,139.5,156.60000610351562,132.4499969482422,155.6999969482422,459074,0.0,0.0
2022-07-06 00:00:00-04:00,151.5,157.1999969482422,148.5,155.39999389648438,267915,0.0,0.0
2022-07-07 00:00:00-04:00,156.0,163.5,153.89999389648438,162.60000610351562,272876,0.0,0.0
2022-07-08 00:00:00-04:00,159.3000030517578,166.64999389648438,156.60000610351562,164.6999969482422,199470,0.0,0.0
2022-07-11 00:00:00-04:00,163.1999969482422,164.10000610351562,153.3000030517578,154.1999969482422,183555,0.0,0.0
2022-07-12 00:00:00-04:00,153.89999389648438,159.60000610351562,152.10299682617188,155.6999969482422,160068,0.0,0.0
2022-07-13 00:00:00-04:00,150.60000610351562,161.39999389648438,149.39999389648438,159.3000030517578,187281,0.0,0.0
2022-07-14 00:00:00-04:00,155.10000610351562,160.1999969482422,152.39999389648438,158.6999969482422,172495,0.0,0.0
2022-07-15 00:00:00-04:00,161.39999389648438,163.1999969482422,154.53599548339844,162.3000030517578,157636,0.0,0.0
2022-07-18 00:00:00-04:00,167.10000610351562,174.3000030517578,165.0,168.0,247751,0.0,0.0
2022-07-19 00:00:00-04:00,171.0,174.3000030517578,166.64100646972656,169.1999969482422,205773,0.0,0.0
2022-07-20 00:00:00-04:00,169.8000030517578,180.3000030517578,168.89999389648438,176.6999969482422,290661,0.0,0.0
2022-07-21 00:00:00-04:00,174.60000610351562,190.1999969482422,172.5,189.60000610351562,314644,0.0,0.0
2022-07-22 00:00:00-04:00,189.0,191.10000610351562,174.3000030517578,176.6999969482422,202047,0.0,0.0
2022-07-25 00:00:00-04:00,177.89999389648438,177.89999389648438,170.6999969482422,173.10000610351562,138565,0.0,0.0
2022-07-26 00:00:00-04:00,170.39999389648438,175.5,167.39999389648438,172.5,135601,0.0,0.0
2022-07-27 00:00:00-04:00,175.5,179.39999389648438,168.89999389648438,177.60000610351562,181512,0.0,0.0
2022-07-28 00:00:00-04:00,183.0,206.5500030517578,182.10000610351562,191.39999389648438,406948,0.0,0.0
2022-07-29 00:00:00-04:00,189.60000610351562,190.1999969482422,180.60000610351562,186.60000610351562,194383,0.0,0.0
2022-08-01 00:00:00-04:00,180.89999389648438,201.89999389648438,177.89999389648438,201.3000030517578,474181,0.0,0.0
2022-08-02 00:00:00-04:00,197.10000610351562,216.0,196.5,208.8000030517578,521589,0.0,0.0
2022-08-03 00:00:00-04:00,213.3000030517578,225.0,209.39999389648438,224.39999389648438,456648,0.0,0.0
2022-08-04 00:00:00-04:00,230.39999389648438,242.9550018310547,222.3000030517578,238.5,707436,0.0,0.0
2022-08-05 00:00:00-04:00,233.10000610351562,242.5500030517578,227.10000610351562,241.5,494914,0.0,0.0
2022-08-08 00:00:00-04:00,244.5,269.1000061035156,232.8000030517578,233.6999969482422,643600,0.0,0.0
2022-08-09 00:00:00-04:00,228.3000030517578,228.6510009765625,208.5,208.8000030517578,442051,0.0,0.0
2022-08-10 00:00:00-04:00,221.10000610351562,221.39999389648438,207.3000030517578,209.6999969482422,413503,0.0,0.0
2022-08-11 00:00:00-04:00,211.5,211.5,196.8000030517578,200.6999969482422,550628,0.0,0.0
2022-08-12 00:00:00-04:00,203.39999389648438,218.39999389648438,196.8000030517578,204.89999389648438,610279,0.0,0.0
2022-08-15 00:00:00-04:00,206.25,213.0,198.60000610351562,201.60000610351562,316843,0.0,0.0
2022-08-16 00:00:00-04:00,200.39999389648438,210.3000030517578,191.39999389648438,207.0,421176,0.0,0.0
2022-08-17 00:00:00-04:00,202.8000030517578,202.8000030517578,195.3000030517578,197.10000610351562,264290,0.0,0.0
2022-08-18 00:00:00-04:00,196.5,199.8000030517578,193.1999969482422,198.0,254040,0.0,0.0
2022-08-19 00:00:00-04:00,192.60000610351562,193.5,178.9499969482422,180.0,333248,0.0,0.0
2022-08-22 00:00:00-04:00,175.8000030517578,176.6999969482422,164.6999969482422,164.6999969482422,404666,0.0,0.0
2022-08-23 00:00:00-04:00,169.1999969482422,180.0,167.39999389648438,174.0,416174,0.0,0.0
2022-08-24 00:00:00-04:00,175.5,183.0,173.39999389648438,178.5,274075,0.0,0.0
2022-08-25 00:00:00-04:00,186.0,190.5,180.89999389648438,185.10000610351562,273756,0.0,0.0
2022-08-26 00:00:00-04:00,187.5,188.6999969482422,176.25,180.0,259098,0.0,0.0
2022-08-29 00:00:00-04:00,176.39999389648438,186.3000030517578,175.1999969482422,179.10000610351562,204891,0.0,0.0
2022-08-30 00:00:00-04:00,174.60000610351562,177.89999389648438,159.0,162.3000030517578,555735,0.0,0.0
2022-08-31 00:00:00-04:00,166.1999969482422,167.10000610351562,158.6999969482422,160.8000030517578,333133,0.0,0.0
2022-09-01 00:00:00-04:00,157.5,160.9499969482422,153.0,159.60000610351562,392513,0.0,0.0
2022-09-02 00:00:00-04:00,160.8000030517578,167.39999389648438,157.8000030517578,158.10000610351562,290128,0.0,0.0
2022-09-06 00:00:00-04:00,159.89999389648438,161.10000610351562,150.89999389648438,151.8000030517578,508574,0.0,0.0
2022-09-07 00:00:00-04:00,150.60000610351562,157.0500030517578,150.0,155.10000610351562,546052,0.0,0.0
2022-09-08 00:00:00-04:00,153.0,159.3000030517578,150.60000610351562,157.5,374467,0.0,0.0
2022-09-09 00:00:00-04:00,158.39999389648438,166.1999969482422,156.60000610351562,162.60000610351562,808743,0.0,0.0
2022-09-12 00:00:00-04:00,161.39999389648438,163.9499969482422,157.1999969482422,161.6999969482422,378679,0.0,0.0
2022-09-13 00:00:00-04:00,155.10000610351562,156.0,150.60000610351562,150.89999389648438,335530,0.0,0.0
2022-09-14 00:00:00-04:00,155.39999389648438,167.39999389648438,153.0,161.10000610351562,643736,0.0,0.0
2022-09-15 00:00:00-04:00,159.89999389648438,163.5,154.8000030517578,156.60000610351562,490468,0.0,0.0
2022-09-16 00:00:00-04:00,157.5,157.5,151.8000030517578,153.60000610351562,775394,0.0,0.0
2022-09-19 00:00:00-04:00,152.10000610351562,153.75,136.8000030517578,137.39999389648438,837723,0.0,0.0
2022-09-20 00:00:00-04:00,139.1999969482422,141.0,135.60000610351562,136.8000030517578,369379,0.0,0.0
2022-09-21 00:00:00-04:00,136.8000030517578,136.8000030517578,123.0,131.39999389648438,668546,0.0,0.0
2022-09-22 00:00:00-04:00,132.60000610351562,133.5,118.5,122.4000015258789,752429,0.0,0.0
2022-09-23 00:00:00-04:00,120.30000305175781,121.49700164794922,114.5999984741211,116.69999694824219,510552,0.0,0.0
2022-09-26 00:00:00-04:00,118.19999694824219,122.89199829101562,114.9000015258789,115.5,394514,0.0,0.0
2022-09-27 00:00:00-04:00,118.19999694824219,121.49700164794922,113.4000015258789,117.0,393811,0.0,0.0
2022-09-28 00:00:00-04:00,117.5999984741211,119.4000015258789,114.9000015258789,118.19999694824219,247991,0.0,0.0
2022-09-29 00:00:00-04:00,117.0,117.30000305175781,105.5999984741211,107.0999984741211,413869,0.0,0.0
2022-09-30 00:00:00-04:00,106.6500015258789,109.7969970703125,105.30000305175781,105.5999984741211,246980,0.0,0.0
2022-10-03 00:00:00-04:00,107.0999984741211,107.69999694824219,100.5,105.5999984741211,243078,0.0,0.0
2022-10-04 00:00:00-04:00,109.80000305175781,117.9000015258789,108.9000015258789,117.5999984741211,389153,0.0,0.0
2022-10-05 00:00:00-04:00,114.5999984741211,115.3499984741211,107.69999694824219,111.0,376999,0.0,0.0
2022-10-06 00:00:00-04:00,112.5,114.0,105.5999984741211,106.19999694824219,299250,0.0,0.0
2022-10-07 00:00:00-04:00,104.69999694824219,105.30000305175781,96.5999984741211,97.5,439290,0.0,0.0
2022-10-10 00:00:00-04:00,97.80000305175781,98.69999694824219,86.4000015258789,90.0,443736,0.0,0.0
2022-10-11 00:00:00-04:00,89.55000305175781,93.0,85.19999694824219,89.69999694824219,383814,0.0,0.0
2022-10-12 00:00:00-04:00,89.76000213623047,91.19999694824219,86.0999984741211,90.0,347374,0.0,0.0
2022-10-13 00:00:00-04:00,87.0,93.30000305175781,84.5999984741211,93.0,399945,0.0,0.0
2022-10-14 00:00:00-04:00,94.5,97.05000305175781,86.0999984741211,91.80000305175781,607025,0.0,0.0
2022-10-17 00:00:00-04:00,92.0999984741211,93.9000015258789,87.9000015258789,89.0999984741211,426295,0.0,0.0
2022-10-18 00:00:00-04:00,92.0999984741211,94.5,89.4000015258789,91.80000305175781,434661,0.0,0.0
2022-10-19 00:00:00-04:00,90.30000305175781,90.5999984741211,84.0,87.0,515710,0.0,0.0
2022-10-20 00:00:00-04:00,86.0999984741211,88.80000305175781,85.19999694824219,86.4000015258789,400559,0.0,0.0
2022-10-21 00:00:00-04:00,86.25,91.19999694824219,84.5999984741211,90.30000305175781,422114,0.0,0.0
2022-10-24 00:00:00-04:00,89.4000015258789,89.69999694824219,84.5999984741211,88.5,267748,0.0,0.0
2022-10-25 00:00:00-04:00,88.5,95.8499984741211,88.5,93.30000305175781,416884,0.0,0.0
2022-10-26 00:00:00-04:00,91.6500015258789,96.30000305175781,91.5,94.19999694824219,334141,0.0,0.0
2022-10-27 00:00:00-04:00,95.4000015258789,96.5999984741211,90.9000015258789,92.0999984741211,213399,0.0,0.0
2022-10-28 00:00:00-04:00,92.0999984741211,96.9000015258789,91.05000305175781,96.0,213993,0.0,0.0
2022-10-31 00:00:00-04:00,96.0,114.30000305175781,95.25,113.69999694824219,741140,0.0,0.0
2022-11-01 00:00:00-04:00,117.0,119.0999984741211,101.4000015258789,102.0,481121,0.0,0.0
2022-11-02 00:00:00-04:00,102.0,105.9000015258789,98.69999694824219,99.0,316248,0.0,0.0
2022-11-03 00:00:00-04:00,102.0,110.69999694824219,87.9000015258789,88.19999694824219,1076561,0.0,0.0
2022-11-04 00:00:00-04:00,90.9000015258789,91.80000305175781,85.5,88.80000305175781,507293,0.0,0.0
2022-11-07 00:00:00-05:00,89.96399688720703,90.75,84.5999984741211,85.80000305175781,516864,0.0,0.0
2022-11-08 00:00:00-05:00,87.5999984741211,89.4000015258789,83.69999694824219,84.5999984741211,496981,0.0,0.0
2022-11-09 00:00:00-05:00,83.4000015258789,83.69999694824219,75.5999984741211,76.80000305175781,480350,0.0,0.0
2022-11-10 00:00:00-05:00,83.69999694824219,83.69999694824219,79.19999694824219,82.19999694824219,617108,0.0,0.0
2022-11-11 00:00:00-05:00,81.9000015258789,90.0,79.19999694824219,89.0999984741211,427513,0.0,0.0
2022-11-14 00:00:00-05:00,89.0999984741211,93.9000015258789,84.9000015258789,92.4000015258789,353665,0.0,0.0
2022-11-15 00:00:00-05:00,95.40299987792969,96.0,88.80000305175781,92.4000015258789,495439,0.0,0.0
2022-11-16 00:00:00-05:00,90.0,91.5,86.55000305175781,89.69999694824219,279936,0.0,0.0
2022-11-17 00:00:00-05:00,87.0,87.5999984741211,84.30000305175781,86.0999984741211,299139,0.0,0.0
2022-11-18 00:00:00-05:00,88.19999694824219,88.19999694824219,81.30000305175781,82.19999694824219,317631,0.0,0.0
2022-11-21 00:00:00-05:00,81.30000305175781,81.30000305175781,75.0,75.9000015258789,522280,0.0,0.0
2022-11-22 00:00:00-05:00,76.19999694824219,76.5,68.0999984741211,69.0,607962,0.0,0.0
2022-11-23 00:00:00-05:00,69.0,72.9000015258789,68.4000015258789,71.4000015258789,280118,0.0,0.0
2022-11-25 00:00:00-05:00,72.5999984741211,72.9000015258789,70.5,71.69999694824219,99207,0.0,0.0
2022-11-28 00:00:00-05:00,70.6500015258789,71.69999694824219,68.69999694824219,69.30000305175781,183488,0.0,0.0
2022-11-29 00:00:00-05:00,69.5999984741211,72.0,69.30000305175781,70.5,159843,0.0,0.0
2022-11-30 00:00:00-05:00,70.80000305175781,78.5999984741211,70.80000305175781,78.5999984741211,355488,0.0,0.0
2022-12-01 00:00:00-05:00,79.80000305175781,81.0,74.0999984741211,78.0,298398,0.0,0.0
2022-12-02 00:00:00-05:00,76.49700164794922,86.8499984741211,75.30000305175781,85.5,319565,0.0,0.0
2022-12-05 00:00:00-05:00,87.30000305175781,87.5999984741211,79.19999694824219,80.0999984741211,246808,0.0,0.0
2022-12-06 00:00:00-05:00,79.80000305175781,80.0999984741211,73.80000305175781,73.80000305175781,249484,0.0,0.0
2022-12-07 00:00:00-05:00,73.5,73.80000305175781,70.80000305175781,72.30000305175781,180875,0.0,0.0
2022-12-08 00:00:00-05:00,72.9000015258789,74.4000015258789,68.4000015258789,71.4000015258789,318761,0.0,0.0
2022-12-09 00:00:00-05:00,70.80000305175781,74.0999984741211,68.69999694824219,69.5999984741211,252919,0.0,0.0
2022-12-12 00:00:00-05:00,69.5999984741211,71.69999694824219,68.0999984741211,70.19999694824219,221272,0.0,0.0
2022-12-13 00:00:00-05:00,73.19999694824219,73.5,60.29999923706055,64.80000305175781,1036421,0.0,0.0
2022-12-14 00:00:00-05:00,63.599998474121094,65.4000015258789,61.79999923706055,63.29999923706055,304110,0.0,0.0
2022-12-15 00:00:00-05:00,63.599998474121094,64.80000305175781,61.82699966430664,63.900001525878906,494152,0.0,0.0
2022-12-16 00:00:00-05:00,65.0999984741211,73.5,65.0999984741211,72.5999984741211,1087822,0.0,0.0
2022-12-19 00:00:00-05:00,70.19999694824219,72.30000305175781,65.0999984741211,69.5999984741211,388884,0.0,0.0
2022-12-20 00:00:00-05:00,68.0999984741211,71.69999694824219,67.5,67.80000305175781,206134,0.0,0.0
2022-12-21 00:00:00-05:00,68.8499984741211,74.69999694824219,66.75,73.5,297011,0.0,0.0
2022-12-22 00:00:00-05:00,72.0,77.0999984741211,66.30000305175781,74.69999694824219,391491,0.0,0.0
2022-12-23 00:00:00-05:00,74.4000015258789,81.0,70.80000305175781,78.5999984741211,315567,0.0,0.0
2022-12-27 00:00:00-05:00,76.19999694824219,77.69999694824219,70.5,71.69999694824219,288055,0.0,0.0
2022-12-28 00:00:00-05:00,70.5,73.5,67.3499984741211,67.80000305175781,287715,0.0,0.0
2022-12-29 00:00:00-05:00,68.4000015258789,71.8499984741211,68.4000015258789,71.69999694824219,289222,0.0,0.0
2022-12-30 00:00:00-05:00,68.69999694824219,69.5999984741211,63.599998474121094,64.80000305175781,509829,0.0,0.0
2023-01-03 00:00:00-05:00,66.5999984741211,68.0999984741211,63.29999923706055,66.5999984741211,332834,0.0,0.0
2023-01-04 00:00:00-05:00,66.9000015258789,69.9000015258789,64.19999694824219,69.0,403367,0.0,0.0
2023-01-05 00:00:00-05:00,67.80000305175781,68.4000015258789,63.900001525878906,64.19999694824219,317156,0.0,0.0
2023-01-06 00:00:00-05:00,64.5,64.80000305175781,63.0,63.900001525878906,231440,0.0,0.0
2023-01-09 00:00:00-05:00,66.30000305175781,69.5999984741211,65.69999694824219,68.4000015258789,290671,0.0,0.0
2023-01-10 00:00:00-05:00,68.0999984741211,71.4000015258789,65.69999694824219,71.4000015258789,257333,0.0,0.0
2023-01-11 00:00:00-05:00,71.69999694824219,73.5,69.1500015258789,71.69999694824219,361119,0.0,0.0
2023-01-12 00:00:00-05:00,72.9000015258789,76.5,69.9000015258789,75.30000305175781,286224,0.0,0.0
2023-01-13 00:00:00-05:00,75.0,77.0999984741211,72.0,76.5,281015,0.0,0.0
2023-01-17 00:00:00-05:00,77.4000015258789,79.19999694824219,74.55000305175781,78.0,262866,0.0,0.0
2023-01-18 00:00:00-05:00,78.30000305175781,81.2969970703125,73.19999694824219,74.0999984741211,340347,0.0,0.0
2023-01-19 00:00:00-05:00,72.9000015258789,72.9000015258789,68.69999694824219,71.69999694824219,301443,0.0,0.0
2023-01-20 00:00:00-05:00,72.9000015258789,76.5,72.0,75.5999984741211,321030,0.0,0.0
2023-01-23 00:00:00-05:00,78.30000305175781,83.69999694824219,75.9000015258789,82.80000305175781,518423,0.0,0.0
2023-01-24 00:00:00-05:00,81.30000305175781,81.9000015258789,76.80000305175781,78.30000305175781,399216,0.0,0.0
2023-01-25 00:00:00-05:00,77.0999984741211,81.0,74.4000015258789,80.0999984741211,306052,0.0,0.0
2023-01-26 00:00:00-05:00,82.5,82.7249984741211,73.5,75.9000015258789,691824,0.0,0.0
2023-01-27 00:00:00-05:00,74.4000015258789,86.69999694824219,72.5999984741211,83.0999984741211,1189689,0.0,0.0
2023-01-30 00:00:00-05:00,80.69999694824219,81.5999984741211,75.30000305175781,75.30000305175781,448353,0.0,0.0
2023-01-31 00:00:00-05:00,76.5,81.9000015258789,74.69999694824219,81.30000305175781,533147,0.0,0.0
2023-02-01 00:00:00-05:00,80.4000015258789,81.9000015258789,76.5,79.80000305175781,496930,0.0,0.0
2023-02-02 00:00:00-05:00,83.0999984741211,86.0999984741211,79.6500015258789,81.9000015258789,635495,0.0,0.0
2023-02-03 00:00:00-05:00,79.5,89.4000015258789,78.30000305175781,82.5,719224,0.0,0.0
2023-02-06 00:00:00-05:00,84.30000305175781,84.44999694824219,78.30000305175781,78.9000015258789,490088,0.0,0.0
2023-02-07 00:00:00-05:00,80.4000015258789,80.69999694824219,75.30000305175781,78.30000305175781,503656,0.0,0.0
2023-02-08 00:00:00-05:00,77.0999984741211,78.0,75.30000305175781,76.19999694824219,283633,0.0,0.0
2023-02-09 00:00:00-05:00,77.4000015258789,77.69999694824219,71.69999694824219,72.5999984741211,421436,0.0,0.0
2023-02-10 00:00:00-05:00,72.30000305175781,72.5999984741211,69.9000015258789,72.5999984741211,365093,0.0,0.0
2023-02-13 00:00:00-05:00,73.80000305175781,76.19999694824219,70.5,75.30000305175781,380454,0.0,0.0
2023-02-14 00:00:00-05:00,73.5,77.4000015258789,72.0,75.30000305175781,425350,0.0,0.0
2023-02-15 00:00:00-05:00,75.0,80.0999984741211,74.0999984741211,80.0999984741211,464959,0.0,0.0
2023-02-16 00:00:00-05:00,78.0,78.9000015258789,75.30000305175781,75.30000305175781,443391,0.0,0.0
2023-02-17 00:00:00-05:00,75.30000305175781,75.5999984741211,72.30000305175781,75.30000305175781,328288,0.0,0.0
2023-02-21 00:00:00-05:00,74.0999984741211,74.38800048828125,70.80000305175781,71.69999694824219,425287,0.0,0.0
2023-02-22 00:00:00-05:00,72.0,72.30000305175781,67.80000305175781,69.9000015258789,488372,0.0,0.0
2023-02-23 00:00:00-05:00,71.0999984741211,72.30000305175781,63.599998474121094,66.0,975127,0.0,0.0
2023-02-24 00:00:00-05:00,64.19999694824219,67.80000305175781,63.0,66.5999984741211,532475,0.0,0.0
2023-02-27 00:00:00-05:00,67.5,68.0999984741211,65.0999984741211,66.5999984741211,330096,0.0,0.0
2023-02-28 00:00:00-05:00,66.5999984741211,69.0,66.0,66.5999984741211,287844,0.0,0.0
2023-03-01 00:00:00-05:00,66.30000305175781,66.30000305175781,63.29999923706055,64.80000305175781,320803,0.0,0.0
2023-03-02 00:00:00-05:00,63.900001525878906,64.5,62.25,63.29999923706055,332034,0.0,0.0
2023-03-03 00:00:00-05:00,64.19999694824219,66.0,63.599998474121094,64.5,321341,0.0,0.0
2023-03-06 00:00:00-05:00,64.80000305175781,65.0999984741211,61.5,61.79999923706055,353239,0.0,0.0
2023-03-07 00:00:00-05:00,61.79999923706055,61.79999923706055,58.5,58.5,559019,0.0,0.0
2023-03-08 00:00:00-05:00,58.95000076293945,58.95000076293945,56.400001525878906,58.20000076293945,340778,0.0,0.0
2023-03-09 00:00:00-05:00,57.29999923706055,58.79999923706055,53.70000076293945,54.0,359497,0.0,0.0
2023-03-10 00:00:00-05:00,54.29999923706055,54.29999923706055,49.20000076293945,49.79999923706055,582887,0.0,0.0
2023-03-13 00:00:00-04:00,49.5,54.599998474121094,48.0,53.400001525878906,608496,0.0,0.0
2023-03-14 00:00:00-04:00,55.20000076293945,56.099998474121094,49.20000076293945,50.099998474121094,555045,0.0,0.0
2023-03-15 00:00:00-04:00,49.5,49.79999923706055,46.5,49.20000076293945,404191,0.0,0.0
2023-03-16 00:00:00-04:00,49.20000076293945,52.5,48.0,52.5,321400,0.0,0.0
2023-03-17 00:00:00-04:00,52.79999923706055,53.099998474121094,50.099998474121094,51.0,442356,0.0,0.0
2023-03-20 00:00:00-04:00,50.099998474121094,50.400001525878906,45.0,46.79999923706055,614818,0.0,0.0
2023-03-21 00:00:00-04:00,48.0,49.20000076293945,46.5,48.599998474121094,459286,0.0,0.0
2023-03-22 00:00:00-04:00,48.29999923706055,48.599998474121094,45.29999923706055,45.29999923706055,505153,0.0,0.0
2023-03-23 00:00:00-04:00,46.20000076293945,46.20000076293945,40.5,42.29999923706055,629482,0.0,0.0
2023-03-24 00:00:00-04:00,41.400001525878906,45.0,40.79999923706055,45.0,403081,0.0,0.0
2023-03-27 00:00:00-04:00,45.0,45.900001525878906,42.599998474121094,45.29999923706055,259886,0.0,0.0
2023-03-28 00:00:00-04:00,45.0,45.0,43.79999923706055,44.400001525878906,196061,0.0,0.0
2023-03-29 00:00:00-04:00,45.29999923706055,45.599998474121094,44.099998474121094,45.0,344094,0.0,0.0
2023-03-30 00:00:00-04:00,45.29999923706055,45.599998474121094,41.70000076293945,42.0,668280,0.0,0.0
2023-03-31 00:00:00-04:00,38.099998474121094,38.099998474121094,34.5,36.29999923706055,1873668,0.0,0.0
2023-04-03 00:00:00-04:00,36.60300064086914,41.70000076293945,36.0,38.70000076293945,914732,0.0,0.0
2023-04-04 00:00:00-04:00,38.70000076293945,39.900001525878906,36.29999923706055,36.599998474121094,652010,0.0,0.0
2023-04-05 00:00:00-04:00,36.599998474121094,36.599998474121094,34.5,35.099998474121094,474914,0.0,0.0
2023-04-06 00:00:00-04:00,35.54999923706055,37.5,34.79999923706055,36.599998474121094,419723,0.0,0.0
2023-04-10 00:00:00-04:00,36.900001525878906,37.20000076293945,35.099998474121094,35.70000076293945,378967,0.0,0.0
2023-04-11 00:00:00-04:00,35.70000076293945,36.0,32.400001525878906,32.70000076293945,1391421,0.0,0.0
2023-04-12 00:00:00-04:00,33.599998474121094,33.900001525878906,29.100000381469727,29.802000045776367,1666356,0.0,0.0
2023-04-13 00:00:00-04:00,30.299999237060547,30.899999618530273,28.829999923706055,29.0939998626709,806535,0.0,0.0
2023-04-14 00:00:00-04:00,28.350000381469727,28.5,24.33300018310547,24.600000381469727,1793190,0.0,0.0
2023-04-17 00:00:00-04:00,25.253999710083008,27.450000762939453,25.20599937438965,27.263999938964844,1292594,0.0,0.0
2023-04-18 00:00:00-04:00,27.827999114990234,30.0,27.299999237060547,29.34000015258789,1408389,0.0,0.0
2023-04-19 00:00:00-04:00,28.844999313354492,29.097000122070312,26.702999114990234,27.299999237060547,814189,0.0,0.0
2023-04-20 00:00:00-04:00,26.700000762939453,27.450000762939453,25.799999237060547,27.299999237060547,635336,0.0,0.0
2023-04-21 00:00:00-04:00,27.149999618530273,27.67799949645996,26.12700080871582,27.67799949645996,914788,0.0,0.0
2023-04-24 00:00:00-04:00,27.320999145507812,27.89699935913086,24.600000381469727,24.606000900268555,1086158,0.0,0.0
2023-04-25 00:00:00-04:00,25.06800079345703,25.350000381469727,24.299999237060547,24.468000411987305,714290,0.0,0.0
2023-04-26 00:00:00-04:00,24.600000381469727,25.545000076293945,23.579999923706055,24.152999877929688,591951,0.0,0.0
2023-04-27 00:00:00-04:00,24.500999450683594,26.523000717163086,23.8799991607666,26.3700008392334,775821,0.0,0.0
2023-04-28 00:00:00-04:00,26.187000274658203,28.5,26.15999984741211,26.565000534057617,579500,0.0,0.0
2023-05-01 00:00:00-04:00,26.547000885009766,26.729999542236328,24.360000610351562,25.118999481201172,535136,0.0,0.0
2023-05-02 00:00:00-04:00,25.93199920654297,28.049999237060547,25.503000259399414,25.788000106811523,773493,0.0,0.0
2023-05-03 00:00:00-04:00,27.09000015258789,28.445999145507812,26.850000381469727,27.600000381469727,1047917,0.0,0.0
2023-05-04 00:00:00-04:00,28.878000259399414,28.889999389648438,26.547000885009766,27.410999298095703,902761,0.0,0.0
2023-05-05 00:00:00-04:00,27.899999618530273,29.393999099731445,27.783000946044922,29.361000061035156,1135930,0.0,0.0
2023-05-08 00:00:00-04:00,31.200000762939453,31.200000762939453,28.799999237060547,29.547000885009766,843954,0.0,0.0
2023-05-09 00:00:00-04:00,28.992000579833984,29.010000228881836,24.93000030517578,25.69499969482422,1484035,0.0,0.0
2023-05-10 00:00:00-04:00,26.13599967956543,26.3700008392334,23.309999465942383,24.0,1467824,0.0,0.0
2023-05-11 00:00:00-04:00,24.14699935913086,25.200000762939453,23.309999465942383,24.899999618530273,1100111,0.0,0.0
2023-05-12 00:00:00-04:00,24.899999618530273,25.187999725341797,22.886999130249023,23.0310001373291,1241015,0.0,0.0
2023-05-15 00:00:00-04:00,23.385000228881836,24.450000762939453,21.426000595092773,22.731000900268555,1399674,0.0,0.0
2023-05-16 00:00:00-04:00,22.6200008392334,22.76099967956543,21.062999725341797,21.149999618530273,1136852,0.0,0.0
2023-05-17 00:00:00-04:00,21.506999969482422,22.5,21.030000686645508,22.155000686645508,1214473,0.0,0.0
2023-05-18 00:00:00-04:00,22.268999099731445,22.5,21.638999938964844,22.160999298095703,834222,0.0,0.0
2023-05-19 00:00:00-04:00,22.388999938964844,23.06399917602539,21.33300018310547,22.749000549316406,1023512,0.0,0.0
2023-05-22 00:00:00-04:00,23.240999221801758,25.04400062561035,22.743000030517578,24.378000259399414,1508725,0.0,0.0
2023-05-23 00:00:00-04:00,24.009000778198242,25.31399917602539,23.190000534057617,23.417999267578125,1320964,0.0,0.0
2023-05-24 00:00:00-04:00,23.399999618530273,23.520000457763672,22.200000762939453,23.150999069213867,922267,0.0,0.0
2023-05-25 00:00:00-04:00,23.148000717163086,23.43600082397461,17.520000457763672,18.458999633789062,2842461,0.0,0.0
2023-05-26 00:00:00-04:00,18.458999633789062,18.674999237060547,16.5,17.687999725341797,1490655,0.0,0.0
2023-05-30 00:00:00-04:00,18.14699935913086,18.735000610351562,17.100000381469727,18.299999237060547,1163089,0.0,0.0
2023-05-31 00:00:00-04:00,18.299999237060547,18.719999313354492,18.152999877929688,18.719999313354492,687659,0.0,0.0
2023-06-01 00:00:00-04:00,18.420000076293945,18.825000762939453,17.190000534057617,17.22599983215332,1288390,0.0,0.0
2023-06-02 00:00:00-04:00,18.0,18.054000854492188,16.875,17.565000534057617,1161644,0.0,0.0
2023-06-05 00:00:00-04:00,17.44499969482422,17.57699966430664,16.667999267578125,16.68000030517578,1324486,0.0,0.0
2023-06-06 00:00:00-04:00,16.69499969482422,17.097000122070312,15.630000114440918,16.26300048828125,1468815,0.0,0.0
2023-06-07 00:00:00-04:00,16.749000549316406,17.996999740600586,16.229999542236328,17.802000045776367,1382730,0.0,0.0
2023-06-08 00:00:00-04:00,17.610000610351562,19.652999877929688,17.447999954223633,18.270000457763672,1868792,0.0,0.0
2023-06-09 00:00:00-04:00,19.200000762939453,21.735000610351562,19.200000762939453,21.152999877929688,2338227,0.0,0.0
2023-06-12 00:00:00-04:00,23.12700080871582,23.996999740600586,21.93000030517578,22.98900032043457,1985410,0.0,0.0
2023-06-13 00:00:00-04:00,24.0,28.799999237060547,22.554000854492188,27.420000076293945,4285993,0.0,0.0
2023-06-14 00:00:00-04:00,31.5,35.25,29.700000762939453,32.400001525878906,4035373,0.0,0.0
2023-06-15 00:00:00-04:00,36.900001525878906,54.900001525878906,35.400001525878906,42.0,10262299,0.0,0.0
2023-06-16 00:00:00-04:00,51.0,51.599998474121094,33.900001525878906,35.70000076293945,7802012,0.0,0.0
2023-06-20 00:00:00-04:00,38.099998474121094,40.20000076293945,35.400001525878906,39.599998474121094,2393119,0.0,0.0
2023-06-21 00:00:00-04:00,40.349998474121094,47.70000076293945,37.79999923706055,43.20000076293945,3960041,0.0,0.0
2023-06-22 00:00:00-04:00,42.599998474121094,42.900001525878906,39.29999923706055,41.400001525878906,1362629,0.0,0.0
2023-06-23 00:00:00-04:00,39.0,39.900001525878906,37.20000076293945,38.70000076293945,2280568,0.0,0.0
2023-06-26 00:00:00-04:00,38.94900131225586,39.29999923706055,31.5,33.0,1686333,0.0,0.0
2023-06-27 00:00:00-04:00,33.29999923706055,33.599998474121094,30.0,33.0,1317245,0.0,0.0
2023-06-28 00:00:00-04:00,32.099998474121094,35.70000076293945,31.5,34.79999923706055,1352614,0.0,0.0
2023-06-29 00:00:00-04:00,36.0,40.20000076293945,35.70000076293945,37.79999923706055,1541846,0.0,0.0
2023-06-30 00:00:00-04:00,40.5,43.20000076293945,39.29999923706055,41.400001525878906,1946094,0.0,0.0
2023-07-03 00:00:00-04:00,42.900001525878906,45.0,40.5,41.099998474121094,1044510,0.0,0.0
2023-07-05 00:00:00-04:00,41.099998474121094,44.70000076293945,39.29999923706055,42.900001525878906,1367466,0.0,0.0
2023-07-06 00:00:00-04:00,42.599998474121094,42.900001525878906,39.0,39.0,1230392,0.0,0.0
2023-07-07 00:00:00-04:00,39.29999923706055,45.900001525878906,39.29999923706055,42.29999923706055,1646716,0.0,0.0
2023-07-10 00:00:00-04:00,43.79999923706055,44.400001525878906,40.79999923706055,44.25,1297626,0.0,0.0
2023-07-11 00:00:00-04:00,44.099998474121094,44.400001525878906,41.400001525878906,42.29999923706055,1095079,0.0,0.0
2023-07-12 00:00:00-04:00,43.20000076293945,44.099998474121094,40.5,41.400001525878906,1058315,0.0,0.0
2023-07-13 00:00:00-04:00,41.70000076293945,67.5,41.099998474121094,66.5999984741211,10560236,0.0,0.0
2023-07-14 00:00:00-04:00,82.05000305175781,88.5,59.70000076293945,67.5,13083386,0.0,0.0
2023-07-17 00:00:00-04:00,65.4000015258789,69.9000015258789,60.599998474121094,69.9000015258789,2822966,0.0,0.0
2023-07-18 00:00:00-04:00,69.0,81.9000015258789,67.80000305175781,75.5999984741211,5698858,0.0,0.0
2023-07-19 00:00:00-04:00,79.19999694824219,82.5,73.80000305175781,77.69999694824219,3614084,0.0,0.0
2023-07-20 00:00:00-04:00,75.30000305175781,83.69999694824219,72.5999984741211,73.5,3275625,0.0,0.0
2023-07-21 00:00:00-04:00,77.0999984741211,77.0999984741211,72.9000015258789,75.0,1414994,0.0,0.0
2023-07-24 00:00:00-04:00,67.80000305175781,73.19999694824219,63.900001525878906,71.4000015258789,1720402,0.0,0.0
2023-07-25 00:00:00-04:00,70.5,70.80000305175781,59.70000076293945,60.900001525878906,2072578,0.0,0.0
2023-07-26 00:00:00-04:00,61.20000076293945,68.69999694824219,60.29999923706055,67.5,1665221,0.0,0.0
2023-07-27 00:00:00-04:00,70.5,70.80000305175781,63.0,63.0,1339272,0.0,0.0
2023-07-28 00:00:00-04:00,65.0999984741211,70.19999694824219,64.19999694824219,68.0999984741211,1389005,0.0,0.0
2023-07-31 00:00:00-04:00,73.19999694824219,84.0,70.19999694824219,80.0999984741211,4860118,0.0,0.0
2023-08-01 00:00:00-04:00,96.75,98.4000015258789,88.5,93.5999984741211,7110653,0.0,0.0
2023-08-02 00:00:00-04:00,92.69999694824219,93.0,84.0,90.5999984741211,3027361,0.0,0.0
2023-08-03 00:00:00-04:00,89.0999984741211,111.30000305175781,85.80000305175781,101.8499984741211,5583049,0.0,0.0
2023-08-04 00:00:00-04:00,89.69999694824219,96.0,75.0,75.0,5767715,0.0,0.0
2023-08-07 00:00:00-04:00,82.19999694824219,82.5,62.099998474121094,71.69999694824219,5353462,0.0,0.0
2023-08-08 00:00:00-04:00,66.44999694824219,70.19999694824219,63.0,66.30000305175781,1989939,0.0,0.0
2023-08-09 00:00:00-04:00,65.4000015258789,66.0,57.0,58.20000076293945,3751982,0.0,0.0
2023-08-10 00:00:00-04:00,59.400001525878906,65.0999984741211,57.0,58.79999923706055,2532886,0.0,0.0
2023-08-11 00:00:00-04:00,57.599998474121094,59.70000076293945,54.0,58.5,1870083,0.0,0.0
2023-08-14 00:00:00-04:00,48.0,55.5,46.95000076293945,54.599998474121094,2009413,0.0,0.0
2023-08-15 00:00:00-04:00,57.0,57.303001403808594,53.400001525878906,57.29999923706055,1235630,0.0,0.0
2023-08-16 00:00:00-04:00,54.900001525878906,62.090999603271484,54.0,58.20000076293945,1567097,0.0,0.0
2023-08-17 00:00:00-04:00,59.400001525878906,60.900001525878906,56.099998474121094,56.099998474121094,999381,0.0,0.0
2023-08-18 00:00:00-04:00,52.20000076293945,59.70000076293945,51.29999923706055,58.79999923706055,1903195,0.0,0.0
2023-08-21 00:00:00-04:00,50.70000076293945,53.400001525878906,44.099998474121094,45.29999923706055,3445979,0.0,0.0
2023-08-22 00:00:00-04:00,44.400001525878906,46.20000076293945,40.20000076293945,42.599998474121094,3050614,0.0,0.0
2023-08-23 00:00:00-04:00,42.900001525878906,42.900001525878906,39.29999923706055,39.599998474121094,1295175,0.0,0.0
2023-08-24 00:00:00-04:00,39.0,39.599998474121094,35.400001525878906,36.75,1754656,0.0,0.0
2023-08-25 00:00:00-04:00,36.900001525878906,42.29999923706055,36.599998474121094,39.29999923706055,2232850,0.0,0.0
2023-08-28 00:00:00-04:00,40.5,40.5,35.099998474121094,37.20000076293945,1890588,0.0,0.0
2023-08-29 00:00:00-04:00,36.900001525878906,40.20000076293945,36.0,39.0,1295515,0.0,0.0
2023-08-30 00:00:00-04:00,38.400001525878906,39.599998474121094,36.29999923706055,38.099998474121094,1124677,0.0,0.0
2023-08-31 00:00:00-04:00,38.400001525878906,38.70000076293945,34.5,35.400001525878906,1657741,0.0,0.0
2023-09-01 00:00:00-04:00,35.400001525878906,36.900001525878906,34.5,35.400001525878906,1109327,0.0,0.0
2023-09-05 00:00:00-04:00,32.400001525878906,36.0,31.799999237060547,35.099998474121094,1554998,0.0,0.0
2023-09-06 00:00:00-04:00,34.79999923706055,35.099998474121094,33.0,33.29999923706055,1088896,0.0,0.0
2023-09-07 00:00:00-04:00,31.799999237060547,32.099998474121094,30.299999237060547,31.200000762939453,1524856,0.0,0.0
2023-09-08 00:00:00-04:00,30.899999618530273,30.899999618530273,26.399999618530273,26.402999877929688,5022830,0.0,0.0
2023-09-11 00:00:00-04:00,27.58799934387207,27.75,24.420000076293945,27.209999084472656,3696865,0.0,0.0
2023-09-12 00:00:00-04:00,26.663999557495117,27.413999557495117,24.783000946044922,27.35700035095215,3326793,0.0,0.0
2023-09-13 00:00:00-04:00,27.299999237060547,27.375,25.503000259399414,26.08799934387207,2295829,0.0,0.0
2023-09-14 00:00:00-04:00,26.114999771118164,35.70000076293945,25.649999618530273,34.5,7855679,0.0,0.0
2023-09-15 00:00:00-04:00,39.900001525878906,41.400001525878906,34.5,35.70000076293945,9061969,0.0,0.0
2023-09-18 00:00:00-04:00,37.20000076293945,48.900001525878906,36.900001525878906,47.70000076293945,10217083,0.0,0.0
2023-09-19 00:00:00-04:00,49.5,49.5,40.79999923706055,46.5,4980358,0.0,0.0
2023-09-20 00:00:00-04:00,44.400001525878906,48.29999923706055,41.400001525878906,41.849998474121094,3112215,0.0,0.0
2023-09-21 00:00:00-04:00,43.5,43.5,37.79999923706055,39.0,2997976,0.0,0.0
2023-09-22 00:00:00-04:00,37.5,39.0,35.099998474121094,37.5,2439606,0.0,0.0
2023-09-25 00:00:00-04:00,36.0,43.20000076293945,36.0,41.849998474121094,2751940,0.0,0.0
2023-09-26 00:00:00-04:00,41.099998474121094,46.20000076293945,40.20000076293945,45.0,2460295,0.0,0.0
2023-09-27 00:00:00-04:00,46.20000076293945,47.70000076293945,43.20000076293945,46.79999923706055,2381667,0.0,0.0
2023-09-28 00:00:00-04:00,47.70000076293945,50.54999923706055,45.0,49.5,2372444,0.0,0.0
2023-09-29 00:00:00-04:00,50.70000076293945,51.0,45.900001525878906,47.099998474121094,2536061,0.0,0.0
2023-10-02 00:00:00-04:00,45.900001525878906,47.25,41.400001525878906,42.29999923706055,2062950,0.0,0.0
2023-10-03 00:00:00-04:00,41.099998474121094,45.0,40.5,43.79999923706055,1296523,0.0,0.0
2023-10-04 00:00:00-04:00,45.0,45.29999923706055,39.900001525878906,42.599998474121094,1549236,0.0,0.0
2023-10-05 00:00:00-04:00,41.400001525878906,42.599998474121094,39.599998474121094,40.79999923706055,1091382,0.0,0.0
2023-10-06 00:00:00-04:00,39.0,42.29999923706055,38.44499969482422,42.0,1450564,0.0,0.0
2023-10-09 00:00:00-04:00,40.5,41.70000076293945,39.900001525878906,41.400001525878906,921238,0.0,0.0
2023-10-10 00:00:00-04:00,40.79999923706055,43.5,40.79999923706055,42.900001525878906,1157568,0.0,0.0
2023-10-11 00:00:00-04:00,43.5,44.400001525878906,41.099998474121094,41.400001525878906,1130783,0.0,0.0
2023-10-12 00:00:00-04:00,41.70000076293945,41.70000076293945,37.5,38.099998474121094,1269953,0.0,0.0
2023-10-13 00:00:00-04:00,39.0,40.20000076293945,37.5,38.70000076293945,835239,0.0,0.0
2023-10-16 00:00:00-04:00,37.79999923706055,38.099998474121094,36.0,36.599998474121094,1032123,0.0,0.0
2023-10-17 00:00:00-04:00,36.0,36.0,32.70000076293945,33.900001525878906,1839850,0.0,0.0
2023-10-18 00:00:00-04:00,32.099998474121094,32.400001525878906,30.899999618530273,31.049999237060547,1429774,0.0,0.0
2023-10-19 00:00:00-04:00,30.600000381469727,32.400001525878906,28.62299919128418,31.799999237060547,2517115,0.0,0.0
2023-10-20 00:00:00-04:00,31.799999237060547,34.20000076293945,30.299999237060547,30.600000381469727,1303607,0.0,0.0
2023-10-23 00:00:00-04:00,30.299999237060547,31.799999237060547,28.5,28.63800048828125,1720807,0.0,0.0
2023-10-24 00:00:00-04:00,32.099998474121094,34.83599853515625,30.899999618530273,31.200000762939453,2515136,0.0,0.0
2023-10-25 00:00:00-04:00,31.200000762939453,31.5,28.799999237060547,30.0,2112143,0.0,0.0
2023-10-26 00:00:00-04:00,30.0,32.70000076293945,30.0,31.5,1246659,0.0,0.0
2023-10-27 00:00:00-04:00,32.400001525878906,32.70000076293945,30.899999618530273,30.899999618530273,714746,0.0,0.0
2023-10-30 00:00:00-04:00,31.350000381469727,31.799999237060547,30.0,31.200000762939453,709540,0.0,0.0
2023-10-31 00:00:00-04:00,31.200000762939453,33.0,30.600000381469727,32.400001525878906,681231,0.0,0.0
2023-11-01 00:00:00-04:00,33.0,33.0,30.299999237060547,31.5,1092377,0.0,0.0
2023-11-02 00:00:00-04:00,30.899999618530273,35.099998474121094,30.299999237060547,34.79999923706055,2572514,0.0,0.0
2023-11-03 00:00:00-04:00,33.900001525878906,38.400001525878906,33.29999923706055,34.20000076293945,2130482,0.0,0.0
2023-11-06 00:00:00-05:00,35.400001525878906,36.29999923706055,32.25,32.849998474121094,1308740,0.0,0.0
2023-11-07 00:00:00-05:00,33.0,33.0,30.299999237060547,30.899999618530273,1303942,0.0,0.0
2023-11-08 00:00:00-05:00,30.899999618530273,31.5,29.301000595092773,30.600000381469727,1768599,0.0,0.0
2023-11-09 00:00:00-05:00,30.899999618530273,31.5,29.10300064086914,29.354999542236328,1657063,0.0,0.0
2023-11-10 00:00:00-05:00,29.336999893188477,29.658000946044922,26.100000381469727,28.97100067138672,2440228,0.0,0.0
2023-11-13 00:00:00-05:00,28.97100067138672,30.600000381469727,27.899999618530273,30.299999237060547,1245007,0.0,0.0
2023-11-14 00:00:00-05:00,31.200000762939453,32.70000076293945,30.899999618530273,32.70000076293945,1346828,0.0,0.0
2023-11-15 00:00:00-05:00,32.099998474121094,34.79999923706055,31.799999237060547,32.099998474121094,1486592,0.0,0.0
2023-11-16 00:00:00-05:00,31.799999237060547,31.799999237060547,30.299999237060547,30.600000381469727,550869,0.0,0.0
2023-11-17 00:00:00-05:00,30.899999618530273,31.5,30.0,31.200000762939453,700871,0.0,0.0
2023-11-20 00:00:00-05:00,30.299999237060547,30.600000381469727,29.106000900268555,29.615999221801758,2385178,0.0,0.0
2023-11-21 00:00:00-05:00,29.399999618530273,30.299999237060547,27.933000564575195,28.079999923706055,2093233,0.0,0.0
2023-11-22 00:00:00-05:00,28.5,29.024999618530273,27.02400016784668,28.200000762939453,2174547,0.0,0.0
2023-11-24 00:00:00-05:00,28.200000762939453,31.200000762939453,28.18199920654297,29.000999450683594,1740722,0.0,0.0
2023-11-27 00:00:00-05:00,29.655000686645508,29.700000762939453,28.332000732421875,29.138999938964844,2288392,0.0,0.0
2023-11-28 00:00:00-05:00,29.100000381469727,30.299999237060547,27.642000198364258,29.922000885009766,2224248,0.0,0.0
2023-11-29 00:00:00-05:00,30.0,31.799999237060547,29.447999954223633,30.299999237060547,1495434,0.0,0.0
2023-11-30 00:00:00-05:00,30.299999237060547,30.899999618530273,28.812000274658203,29.172000885009766,2915860,0.0,0.0
2023-12-01 00:00:00-05:00,28.884000778198242,30.600000381469727,28.298999786376953,30.600000381469727,1248694,0.0,0.0
2023-12-04 00:00:00-05:00,30.149999618530273,31.5,30.0,30.299999237060547,967643,0.0,0.0
2023-12-05 00:00:00-05:00,30.299999237060547,30.600000381469727,29.100000381469727,29.100000381469727,1352921,0.0,0.0
2023-12-06 00:00:00-05:00,29.475000381469727,30.899999618530273,29.16900062561035,29.472000122070312,1864268,0.0,0.0
2023-12-07 00:00:00-05:00,23.56800079345703,25.332000732421875,22.5,22.577999114990234,8831455,0.0,0.0
2023-12-08 00:00:00-05:00,22.70400047302246,23.100000381469727,20.402999877929688,21.437999725341797,8632258,0.0,0.0
2023-12-11 00:00:00-05:00,21.299999237060547,21.81599998474121,19.871999740600586,20.625,4698496,0.0,0.0
2023-12-12 00:00:00-05:00,20.760000228881836,22.179000854492188,20.399999618530273,21.524999618530273,2584684,0.0,0.0
2023-12-13 00:00:00-05:00,21.482999801635742,24.666000366210938,20.750999450683594,23.988000869750977,5756578,0.0,0.0
2023-12-14 00:00:00-05:00,24.711000442504883,28.5,24.711000442504883,27.329999923706055,7647561,0.0,0.0
2023-12-15 00:00:00-05:00,28.75200080871582,29.393999099731445,26.100000381469727,27.215999603271484,6324837,0.0,0.0
2023-12-18 00:00:00-05:00,27.04199981689453,29.100000381469727,24.315000534057617,24.597000122070312,6129798,0.0,0.0
2023-12-19 00:00:00-05:00,25.707000732421875,28.049999237060547,25.202999114990234,27.88800048828125,5449229,0.0,0.0
2023-12-20 00:00:00-05:00,28.5,30.0,25.316999435424805,25.59000015258789,6623253,0.0,0.0
2023-12-21 00:00:00-05:00,27.0,27.0,24.452999114990234,24.899999618530273,3918280,0.0,0.0
2023-12-22 00:00:00-05:00,25.113000869750977,27.899999618530273,24.75,26.570999145507812,4857742,0.0,0.0
2023-12-26 00:00:00-05:00,27.0,27.558000564575195,26.010000228881836,26.618999481201172,3196823,0.0,0.0
2023-12-27 00:00:00-05:00,26.922000885009766,28.799999237060547,26.100000381469727,26.76300048828125,3762760,0.0,0.0
2023-12-28 00:00:00-05:00,27.0,27.58799934387207,26.163000106811523,26.610000610351562,3015699,0.0,0.0
2023-12-29 00:00:00-05:00,26.700000762939453,27.18000030517578,25.59600067138672,26.243999481201172,2842767,0.0,0.0
2024-01-02 00:00:00-05:00,26.256000518798828,27.152999877929688,24.06599998474121,24.989999771118164,3935047,0.0,0.0
2024-01-03 00:00:00-05:00,24.75,25.125,21.972000122070312,22.20599937438965,6541401,0.0,0.0
2024-01-04 00:00:00-05:00,23.993999481201172,25.683000564575195,23.106000900268555,23.864999771118164,4989801,0.0,0.0
2024-01-05 00:00:00-05:00,24.11400032043457,24.48900032043457,22.80900001525879,23.15999984741211,2626423,0.0,0.0
2024-01-08 00:00:00-05:00,23.64299964904785,24.600000381469727,22.28700065612793,24.386999130249023,2775092,0.0,0.0
2024-01-09 00:00:00-05:00,23.88599967956543,24.0,22.59000015258789,22.78499984741211,3792028,0.0,0.0
2024-01-10 00:00:00-05:00,22.829999923706055,23.399999618530273,22.66200065612793,23.309999465942383,2755012,0.0,0.0
2024-01-11 00:00:00-05:00,23.198999404907227,23.198999404907227,21.899999618530273,22.070999145507812,3587518,0.0,0.0
2024-01-12 00:00:00-05:00,22.19700050354004,22.64699935913086,21.0,21.0,3516046,0.0,0.0
2024-01-16 00:00:00-05:00,21.21299934387207,21.323999404907227,18.93000030517578,19.14299964904785,4406946,0.0,0.0
2024-01-17 00:00:00-05:00,18.893999099731445,19.070999145507812,18.101999282836914,18.996000289916992,1881212,0.0,0.0
2024-01-18 00:00:00-05:00,19.652999877929688,20.100000381469727,17.475000381469727,18.65399932861328,3399021,0.0,0.0
2024-01-19 00:00:00-05:00,18.65399932861328,20.100000381469727,18.083999633789062,19.562999725341797,2743134,0.0,0.0
2024-01-22 00:00:00-05:00,19.200000762939453,20.639999389648438,18.902999877929688,19.551000595092773,2529602,0.0,0.0
2024-01-23 00:00:00-05:00,20.138999938964844,20.760000228881836,18.89699935913086,19.503000259399414,2208701,0.0,0.0
2024-01-24 00:00:00-05:00,20.25,21.875999450683594,20.204999923706055,20.784000396728516,4033312,0.0,0.0
2024-01-25 00:00:00-05:00,21.378000259399414,21.764999389648438,20.415000915527344,21.01799964904785,2245822,0.0,0.0
2024-01-26 00:00:00-05:00,20.76300048828125,22.350000381469727,20.760000228881836,21.22800064086914,2814326,0.0,0.0
2024-01-29 00:00:00-05:00,21.458999633789062,23.856000900268555,20.850000381469727,23.856000900268555,3917060,0.0,0.0
2024-01-30 00:00:00-05:00,23.615999221801758,23.615999221801758,22.145999908447266,22.302000045776367,2159100,0.0,0.0
2024-01-31 00:00:00-05:00,22.350000381469727,23.964000701904297,22.03499984741211,22.41900062561035,3317212,0.0,0.0
2024-02-01 00:00:00-05:00,23.190000534057617,23.489999771118164,21.014999389648438,21.893999099731445,2910447,0.0,0.0
2024-02-02 00:00:00-05:00,21.83099937438965,22.16699981689453,20.69099998474121,21.843000411987305,2139487,0.0,0.0
2024-02-05 00:00:00-05:00,21.690000534057617,21.70199966430664,19.860000610351562,20.354999542236328,2706183,0.0,0.0
2024-02-06 00:00:00-05:00,20.645999908447266,21.73200035095215,20.378999710083008,21.506999969482422,2250214,0.0,0.0
2024-02-07 00:00:00-05:00,21.600000381469727,21.729000091552734,20.190000534057617,20.579999923706055,1970000,0.0,0.0
2024-02-08 00:00:00-05:00,20.549999237060547,21.88800048828125,20.549999237060547,21.26099967956543,2212402,0.0,0.0
2024-02-09 00:00:00-05:00,21.458999633789062,21.989999771118164,20.81999969482422,21.600000381469727,2254085,0.0,0.0
2024-02-12 00:00:00-05:00,21.600000381469727,22.617000579833984,21.062999725341797,22.104000091552734,2451347,0.0,0.0
2024-02-13 00:00:00-05:00,21.516000747680664,21.516000747680664,20.402999877929688,20.5049991607666,1946751,0.0,0.0
2024-02-14 00:00:00-05:00,20.700000762939453,21.420000076293945,20.34000015258789,21.26099967956543,2178411,0.0,0.0
2024-02-15 00:00:00-05:00,21.014999389648438,22.836000442504883,20.777999877929688,22.5,3217404,0.0,0.0
2024-02-16 00:00:00-05:00,22.575000762939453,22.691999435424805,21.753000259399414,22.19700050354004,2065995,0.0,0.0
2024-02-20 00:00:00-05:00,23.12700080871582,25.350000381469727,20.399999618530273,21.165000915527344,5811005,0.0,0.0
2024-02-21 00:00:00-05:00,21.354000091552734,21.450000762939453,20.417999267578125,21.08099937438965,2550974,0.0,0.0
2024-02-22 00:00:00-05:00,21.56399917602539,21.672000885009766,20.4060001373291,21.054000854492188,2459372,0.0,0.0
2024-02-23 00:00:00-05:00,20.900999069213867,22.961999893188477,19.860000610351562,22.929000854492188,4476665,0.0,0.0
2024-02-26 00:00:00-05:00,22.815000534057617,23.549999237060547,21.31800079345703,21.68400001525879,2979634,0.0,0.0
2024-02-27 00:00:00-05:00,21.899999618530273,22.860000610351562,21.149999618530273,22.673999786376953,3699676,0.0,0.0
2024-02-28 00:00:00-05:00,22.350000381469727,23.700000762939453,21.75,23.052000045776367,4046879,0.0,0.0
2024-02-29 00:00:00-05:00,23.26799964904785,23.670000076293945,22.01460075378418,22.326000213623047,3368473,0.0,0.0
2024-03-01 00:00:00-05:00,22.27199935913086,22.667999267578125,21.812999725341797,21.957000732421875,2217763,0.0,0.0
2024-03-04 00:00:00-05:00,22.158000946044922,22.253999710083008,20.459999084472656,20.88599967956543,3374961,0.0,0.0
2024-03-05 00:00:00-05:00,20.868000030517578,20.94300079345703,19.799999237060547,20.270999908447266,2460636,0.0,0.0
2024-03-06 00:00:00-05:00,20.655000686645508,21.746999740600586,20.523000717163086,21.09000015258789,2765383,0.0,0.0
2024-03-07 00:00:00-05:00,21.117000579833984,21.25200080871582,20.309999465942383,20.594999313354492,2275305,0.0,0.0
2024-03-08 00:00:00-05:00,21.030000686645508,21.450000762939453,20.100000381469727,20.100000381469727,2728197,0.0,0.0
2024-03-11 00:00:00-04:00,20.204999923706055,20.993999481201172,19.844999313354492,19.863000869750977,2637346,0.0,0.0
2024-03-12 00:00:00-04:00,20.349000930786133,20.399999618530273,19.30500030517578,19.889999389648438,2764886,0.0,0.0
2024-03-13 00:00:00-04:00,20.024999618530273,20.597999572753906,18.965999603271484,19.14900016784668,2309258,0.0,0.0
2024-03-14 00:00:00-04:00,19.23900032043457,19.28700065612793,17.459999084472656,18.0,3196187,0.0,0.0
2024-03-15 00:00:00-04:00,18.299999237060547,19.422000885009766,18.149999618530273,19.31399917602539,2805183,0.0,0.0
2024-03-18 00:00:00-04:00,19.5,19.678499221801758,18.006000518798828,18.093000411987305,2518445,0.0,0.0
2024-03-19 00:00:00-04:00,18.0,19.094999313354492,18.0,18.572999954223633,2011390,0.0,0.0
2024-03-20 00:00:00-04:00,18.584999084472656,19.121999740600586,18.312000274658203,18.88800048828125,1910984,0.0,0.0
2024-03-21 00:00:00-04:00,18.909000396728516,20.238000869750977,18.854999542236328,19.5,2464546,0.0,0.0
2024-03-22 00:00:00-04:00,19.799999237060547,20.040000915527344,18.75,19.868999481201172,2112155,0.0,0.0
2024-03-25 00:00:00-04:00,19.80900001525879,22.992000579833984,19.799999237060547,22.308000564575195,5525754,0.0,0.0
2024-03-26 00:00:00-04:00,22.5,25.049999237060547,21.225000381469727,24.41699981689453,4050270,0.0,0.0
2024-03-27 00:00:00-04:00,24.600000381469727,28.31999969482422,23.132999420166016,27.273000717163086,6369632,0.0,0.0
2024-03-28 00:00:00-04:00,28.73699951171875,32.400001525878906,27.368999481201172,31.200000762939453,5461181,0.0,0.0
2024-04-01 00:00:00-04:00,34.20000076293945,34.5,28.986000061035156,30.899999618530273,4163233,0.0,0.0
2024-04-02 00:00:00-04:00,28.64699935913086,30.299999237060547,25.844999313354492,29.20800018310547,6305007,0.0,0.0
2024-04-03 00:00:00-04:00,27.899999618530273,28.5,26.399999618530273,26.753999710083008,4304791,0.0,0.0
2024-04-04 00:00:00-04:00,28.32900047302246,30.899999618530273,27.381000518798828,28.5,6095057,0.0,0.0
2024-04-05 00:00:00-04:00,29.100000381469727,31.200000762939453,28.799999237060547,30.600000381469727,3812388,0.0,0.0
2024-04-08 00:00:00-04:00,31.799999237060547,32.400001525878906,30.0,30.299999237060547,1585552,0.0,0.0
2024-04-09 00:00:00-04:00,30.299999237060547,30.600000381469727,29.04599952697754,30.0,1476338,0.0,0.0
2024-04-10 00:00:00-04:00,29.016000747680664,30.299999237060547,28.54800033569336,29.357999801635742,4345999,0.0,0.0
2024-04-11 00:00:00-04:00,27.75,28.179000854492188,21.360000610351562,21.510000228881836,9805284,0.0,0.0
2024-04-12 00:00:00-04:00,22.527000427246094,23.670000076293945,21.0,21.009000778198242,4479210,0.0,0.0
2024-04-15 00:00:00-04:00,21.25200080871582,21.540000915527344,19.260000228881836,19.607999801635742,4039867,0.0,0.0
2024-04-16 00:00:00-04:00,19.358999252319336,21.233999252319336,19.155000686645508,19.952999114990234,2765849,0.0,0.0
2024-04-17 00:00:00-04:00,20.381999969482422,20.636999130249023,19.200000762939453,19.302000045776367,2050443,0.0,0.0
2024-04-18 00:00:00-04:00,19.5,20.549999237060547,19.200000762939453,19.799999237060547,1503572,0.0,0.0
2024-04-19 00:00:00-04:00,19.535999298095703,20.39699935913086,19.202999114990234,19.316999435424805,1763182,0.0,0.0
2024-04-22 00:00:00-04:00,19.40999984741211,19.5,18.33300018310547,18.915000915527344,2198946,0.0,0.0
2024-04-23 00:00:00-04:00,19.02899932861328,19.775999069213867,18.716999053955078,19.05900001525879,1575478,0.0,0.0
2024-04-24 00:00:00-04:00,19.604999542236328,19.73699951171875,18.600000381469727,18.600000381469727,2693968,0.0,0.0
2024-04-25 00:00:00-04:00,18.58799934387207,18.5939998626709,18.0,18.0,1828372,0.0,0.0
2024-04-26 00:00:00-04:00,18.225000381469727,19.551000595092773,17.43600082397461,19.302000045776367,2455716,0.0,0.0
2024-04-29 00:00:00-04:00,19.5,20.549999237060547,18.996000289916992,19.593000411987305,2993203,0.0,0.0
2024-04-30 00:00:00-04:00,19.184999465942383,19.200000762939453,18.329999923706055,18.618000030517578,2626460,0.0,0.0
2024-05-01 00:00:00-04:00,18.452999114990234,19.031999588012695,18.030000686645508,18.1200008392334,2412251,0.0,0.0
2024-05-02 00:00:00-04:00,18.600000381469727,18.867000579833984,18.027000427246094,18.375,1936801,0.0,0.0
2024-05-03 00:00:00-04:00,18.849000930786133,20.06399917602539,18.49799919128418,19.725000381469727,3562129,0.0,0.0
2024-05-06 00:00:00-04:00,20.100000381469727,20.393999099731445,18.899999618530273,19.121999740600586,2970280,0.0,0.0
2024-05-07 00:00:00-04:00,18.149999618530273,18.56399917602539,17.190000534057617,18.086999893188477,5279315,0.0,0.0
2024-05-08 00:00:00-04:00,17.702999114990234,17.850000381469727,17.100000381469727,17.37299919128418,2854625,0.0,0.0
2024-05-09 00:00:00-04:00,17.549999237060547,17.79599952697754,17.190000534057617,17.280000686645508,2572282,0.0,0.0
2024-05-10 00:00:00-04:00,17.399999618530273,17.409000396728516,15.899999618530273,16.110000610351562,3786470,0.0,0.0
2024-05-13 00:00:00-04:00,16.200000762939453,17.312999725341797,16.200000762939453,16.496999740600586,3540903,0.0,0.0
2024-05-14 00:00:00-04:00,17.68199920654297,18.87299919128418,16.643999099731445,16.80900001525879,4289049,0.0,0.0
2024-05-15 00:00:00-04:00,17.100000381469727,17.145000457763672,16.41900062561035,16.770000457763672,1720285,0.0,0.0
2024-05-16 00:00:00-04:00,16.986000061035156,17.391000747680664,16.437000274658203,16.488000869750977,1774669,0.0,0.0
2024-05-17 00:00:00-04:00,16.66200065612793,16.836000442504883,16.031999588012695,16.047000885009766,1935096,0.0,0.0
2024-05-20 00:00:00-04:00,16.023000717163086,16.5,15.300000190734863,15.8100004196167,2707619,0.0,0.0
2024-05-21 00:00:00-04:00,17.142000198364258,17.393999099731445,16.079999923706055,16.136999130249023,5094762,0.0,0.0
2024-05-22 00:00:00-04:00,16.274999618530273,16.604999542236328,15.854999542236328,15.927000045776367,2618929,0.0,0.0
2024-05-23 00:00:00-04:00,15.968999862670898,16.07699966430664,15.390000343322754,15.857999801635742,2267208,0.0,0.0
2024-05-24 00:00:00-04:00,15.899999618530273,16.20599937438965,15.633000373840332,15.803999900817871,1383536,0.0,0.0
2024-05-28 00:00:00-04:00,16.21500015258789,16.229999542236328,15.354000091552734,15.432000160217285,2696208,0.0,0.0
2024-05-29 00:00:00-04:00,15.300000190734863,15.479999542236328,14.762999534606934,14.855999946594238,2427285,0.0,0.0
2024-05-30 00:00:00-04:00,15.0,15.680999755859375,14.868000030517578,15.569999694824219,2081803,0.0,0.0
2024-05-31 00:00:00-04:00,15.699000358581543,15.894000053405762,15.12600040435791,15.357000350952148,1835629,0.0,0.0
2024-06-03 00:00:00-04:00,15.366000175476074,15.899999618530273,15.246000289916992,15.899999618530273,1899321,0.0,0.0
2024-06-04 00:00:00-04:00,15.755999565124512,15.788999557495117,15.0,15.098999977111816,1561711,0.0,0.0
2024-06-05 00:00:00-04:00,15.300000190734863,16.07699966430664,15.029999732971191,16.05299949645996,1775262,0.0,0.0
2024-06-06 00:00:00-04:00,15.309000015258789,15.65999984741211,15.173999786376953,15.333000183105469,1532329,0.0,0.0
2024-06-07 00:00:00-04:00,15.09000015258789,15.234000205993652,14.852999687194824,14.876999855041504,1806504,0.0,0.0
2024-06-10 00:00:00-04:00,14.991000175476074,15.446999549865723,14.699999809265137,14.852999687194824,1785282,0.0,0.0
2024-06-11 00:00:00-04:00,14.934000015258789,15.045000076293945,14.70300006866455,14.706000328063965,1721067,0.0,0.0
2024-06-12 00:00:00-04:00,14.772000312805176,15.402000427246094,14.772000312805176,15.123000144958496,2678303,0.0,0.0
2024-06-13 00:00:00-04:00,15.300000190734863,15.300000190734863,14.732999801635742,14.786999702453613,1560782,0.0,0.0
2024-06-14 00:00:00-04:00,14.798999786376953,15.300000190734863,14.699999809265137,15.206999778747559,1414755,0.0,0.0
2024-06-17 00:00:00-04:00,15.119999885559082,15.123000144958496,14.444999694824219,14.732999801635742,1790581,0.0,0.0
2024-06-18 00:00:00-04:00,14.729999542236328,14.850000381469727,14.204999923706055,14.427000045776367,1840230,0.0,0.0
2024-06-20 00:00:00-04:00,12.675000190734863,12.779999732971191,9.630000114440918,9.887999534606934,8994304,0.0,0.0
2024-06-21 00:00:00-04:00,10.467000007629395,11.760000228881836,9.932999610900879,10.715999603271484,6445365,0.0,0.0
2024-06-24 00:00:00-04:00,10.692000389099121,11.1899995803833,10.199999809265137,10.520999908447266,4126964,0.0,0.0
2024-06-25 00:00:00-04:00,10.319999694824219,10.350099563598633,8.770000457763672,9.369999885559082,4102480,0.0,0.03333333333333333
2024-06-26 00:00:00-04:00,9.350000381469727,10.859700202941895,9.280099868774414,9.920000076293945,4574433,0.0,0.0
2024-06-27 00:00:00-04:00,9.680000305175781,9.680000305175781,8.020000457763672,8.550000190734863,7766530,0.0,0.0
2024-06-28 00:00:00-04:00,8.619999885559082,8.619999885559082,8.020099639892578,8.1899995803833,6052238,0.0,0.0
2024-07-01 00:00:00-04:00,8.020000457763672,8.15999984741211,7.349999904632568,7.400000095367432,4207026,0.0,0.0
2024-07-02 00:00:00-04:00,7.610000133514404,9.350000381469727,7.25,8.039999961853027,12040196,0.0,0.0
2024-07-03 00:00:00-04:00,8.100000381469727,8.970000267028809,8.039999961853027,8.149999618530273,4739140,0.0,0.0
2024-07-05 00:00:00-04:00,8.520000457763672,9.09000015258789,8.050000190734863,8.989999771118164,4282498,0.0,0.0
2024-07-08 00:00:00-04:00,9.210000038146973,11.9399995803833,9.149999618530273,10.489999771118164,14311493,0.0,0.0
2024-07-09 00:00:00-04:00,11.270000457763672,11.449999809265137,9.529999732971191,9.75,9121835,0.0,0.0
2024-07-10 00:00:00-04:00,9.75,9.770000457763672,8.899999618530273,9.5,4837178,0.0,0.0
2024-07-11 00:00:00-04:00,9.449999809265137,10.279999732971191,9.4399995803833,9.989999771118164,4565136,0.0,0.0
2024-07-12 00:00:00-04:00,10.0,10.34000015258789,9.729999542236328,9.979999542236328,4242132,0.0,0.0
2024-07-15 00:00:00-04:00,9.8100004196167,10.029999732971191,9.510000228881836,9.649999618530273,3002604,0.0,0.0
2024-07-16 00:00:00-04:00,9.5,10.09000015258789,9.5,9.96500015258789,3674122,0.0,0.0
2024-07-17 00:00:00-04:00,9.8100004196167,10.079999923706055,9.119999885559082,9.399999618530273,3355433,0.0,0.0
2024-07-18 00:00:00-04:00,9.420000076293945,9.619999885559082,8.609999656677246,8.729999542236328,3265350,0.0,0.0
2024-07-19 00:00:00-04:00,8.739999771118164,9.489999771118164,8.550000190734863,9.460000038146973,2449333,0.0,0.0
2024-07-22 00:00:00-04:00,9.5600004196167,9.876700401306152,9.239999771118164,9.680000305175781,2217637,0.0,0.0
2024-07-23 00:00:00-04:00,9.600000381469727,10.229999542236328,9.5,9.899999618530273,2705528,0.0,0.0
2024-07-24 00:00:00-04:00,9.699999809265137,10.09000015258789,9.270000457763672,9.699999809265137,1961311,0.0,0.0
2024-07-25 00:00:00-04:00,9.529999732971191,9.800000190734863,9.33899974822998,9.380000114440918,1477052,0.0,0.0
2024-07-26 00:00:00-04:00,9.460000038146973,9.699999809265137,9.119999885559082,9.329999923706055,1782630,0.0,0.0
2024-07-29 00:00:00-04:00,9.470000267028809,9.52970027923584,8.859999656677246,9.260000228881836,2025466,0.0,0.0
2024-07-30 00:00:00-04:00,9.140000343322754,9.319000244140625,9.010000228881836,9.140000343322754,992048,0.0,0.0
2024-07-31 00:00:00-04:00,9.220000267028809,9.352499961853027,8.869999885559082,8.979999542236328,2615857,0.0,0.0
2024-08-01 00:00:00-04:00,9.069999694824219,9.069999694824219,8.359999656677246,8.539999961853027,1953436,0.0,0.0
2024-08-02 00:00:00-04:00,8.229999542236328,8.277299880981445,7.860000133514404,7.920000076293945,1867904,0.0,0.0
2024-08-05 00:00:00-04:00,7.050000190734863,7.71999979019165,7.019999980926514,7.670000076293945,2151275,0.0,0.0
2024-08-06 00:00:00-04:00,8.0,8.045700073242188,7.520599842071533,7.610000133514404,1578158,0.0,0.0
2024-08-07 00:00:00-04:00,7.739999771118164,7.789999961853027,7.309999942779541,7.329999923706055,1126316,0.0,0.0
2024-08-08 00:00:00-04:00,7.46999979019165,7.909999847412109,7.269999980926514,7.800000190734863,1637330,0.0,0.0
2024-08-09 00:00:00-04:00,8.449999809265137,9.75,7.570000171661377,8.4399995803833,7684160,0.0,0.0
2024-08-12 00:00:00-04:00,8.470000267028809,8.5600004196167,7.880000114440918,8.020000457763672,2286992,0.0,0.0
2024-08-13 00:00:00-04:00,8.069999694824219,8.229999542236328,7.71999979019165,7.769999980926514,2345028,0.0,0.0
2024-08-14 00:00:00-04:00,7.800000190734863,7.920000076293945,7.53000020980835,7.710000038146973,2196916,0.0,0.0
2024-08-15 00:00:00-04:00,7.809999942779541,9.14009952545166,7.800000190734863,8.680000305175781,4155428,0.0,0.0
2024-08-16 00:00:00-04:00,8.5,8.739999771118164,8.079999923706055,8.130000114440918,2831640,0.0,0.0
2024-08-19 00:00:00-04:00,7.710000038146973,7.710000038146973,7.199999809265137,7.364999771118164,9011984,0.0,0.0
2024-08-20 00:00:00-04:00,7.360000133514404,7.380000114440918,7.239999771118164,7.289999961853027,2047087,0.0,0.0
2024-08-21 00:00:00-04:00,7.329999923706055,7.5,7.239999771118164,7.489999771118164,2124228,0.0,0.0
2024-08-22 00:00:00-04:00,7.5,7.5,7.230000019073486,7.289999961853027,1445873,0.0,0.0
2024-08-23 00:00:00-04:00,7.510000228881836,7.679999828338623,7.239999771118164,7.505000114440918,2935350,0.0,0.0
2024-08-26 00:00:00-04:00,7.559999942779541,7.559999942779541,7.309999942779541,7.380000114440918,1158868,0.0,0.0
2024-08-27 00:00:00-04:00,7.349999904632568,7.349999904632568,7.21999979019165,7.21999979019165,1210074,0.0,0.0
2024-08-28 00:00:00-04:00,7.199999809265137,7.210000038146973,6.46999979019165,6.510000228881836,3789563,0.0,0.0
2024-08-29 00:00:00-04:00,6.599999904632568,6.735000133514404,6.510000228881836,6.570000171661377,1415814,0.0,0.0
2024-08-30 00:00:00-04:00,6.570000171661377,6.710000038146973,6.429999828338623,6.630000114440918,2022895,0.0,0.0
2024-09-03 00:00:00-04:00,6.579999923706055,6.599999904632568,6.099999904632568,6.190000057220459,1941186,0.0,0.0
2024-09-04 00:00:00-04:00,6.210000038146973,6.269899845123291,5.880000114440918,5.909999847412109,1476469,0.0,0.0
2024-09-05 00:00:00-04:00,6.019999980926514,6.025000095367432,5.619999885559082,5.639999866485596,1885988,0.0,0.0
2024-09-06 00:00:00-04:00,5.670000076293945,5.679999828338623,5.210000038146973,5.260000228881836,2425146,0.0,0.0
2024-09-09 00:00:00-04:00,5.299900054931641,5.299900054931641,5.019999980926514,5.269999980926514,2463162,0.0,0.0
2024-09-10 00:00:00-04:00,5.300000190734863,5.300000190734863,4.849999904632568,5.130000114440918,3158285,0.0,0.0
2024-09-11 00:00:00-04:00,5.130000114440918,5.510000228881836,5.130000114440918,5.380000114440918,2905330,0.0,0.0
2024-09-12 00:00:00-04:00,5.309999942779541,5.320000171661377,5.070000171661377,5.110000133514404,1775142,0.0,0.0
2024-09-13 00:00:00-04:00,5.110000133514404,5.449999809265137,5.110000133514404,5.400000095367432,2275234,0.0,0.0
2024-09-16 00:00:00-04:00,5.5,5.5,5.090000152587891,5.460000038146973,2427992,0.0,0.0
2024-09-17 00:00:00-04:00,5.5,5.510000228881836,5.21999979019165,5.260000228881836,2025700,0.0,0.0
2024-09-18 00:00:00-04:00,5.28000020980835,5.441999912261963,5.110000133514404,5.150000095367432,2304650,0.0,0.0
2024-09-19 00:00:00-04:00,5.230000019073486,5.269999980926514,5.099699974060059,5.110000133514404,2177570,0.0,0.0
2024-09-20 00:00:00-04:00,5.130000114440918,5.150000095367432,4.945000171661377,5.03000020980835,2921482,0.0,0.0
2024-09-23 00:00:00-04:00,5.059999942779541,5.059999942779541,4.78000020980835,4.78000020980835,2345700,0.0,0.0
2024-09-24 00:00:00-04:00,4.800000190734863,4.889999866485596,4.679999828338623,4.679999828338623,2555770,0.0,0.0
2024-09-25 00:00:00-04:00,4.650000095367432,4.664999961853027,4.260000228881836,4.320000171661377,4137544,0.0,0.0
2024-09-26 00:00:00-04:00,4.389999866485596,4.400000095367432,4.099999904632568,4.179999828338623,3522349,0.0,0.0
2024-09-27 00:00:00-04:00,4.190000057220459,4.5,4.160099983215332,4.289999961853027,3748368,0.0,0.0
2024-09-30 00:00:00-04:00,4.269999980926514,4.730000019073486,4.252299785614014,4.579999923706055,4238921,0.0,0.0
2024-10-01 00:00:00-04:00,4.579999923706055,4.96999979019165,4.579999923706055,4.650000095367432,4942357,0.0,0.0
2024-10-02 00:00:00-04:00,4.860000133514404,5.949999809265137,4.849999904632568,5.559999942779541,16305384,0.0,0.0
2024-10-03 00:00:00-04:00,5.400000095367432,5.53000020980835,5.130000114440918,5.199999809265137,4248027,0.0,0.0
2024-10-04 00:00:00-04:00,5.25,5.400000095367432,4.960000038146973,5.03000020980835,3603622,0.0,0.0
2024-10-07 00:00:00-04:00,5.050000190734863,5.090000152587891,4.619999885559082,4.840000152587891,3994986,0.0,0.0
2024-10-08 00:00:00-04:00,4.730000019073486,4.739999771118164,4.449999809265137,4.5,2575183,0.0,0.0
2024-10-09 00:00:00-04:00,4.5,4.5,4.360000133514404,4.480000019073486,1869467,0.0,0.0
2024-10-10 00:00:00-04:00,4.480000019073486,4.480000019073486,4.309999942779541,4.349999904632568,1788211,0.0,0.0
2024-10-11 00:00:00-04:00,4.320000171661377,4.539899826049805,4.289999961853027,4.300000190734863,2585194,0.0,0.0
2024-10-14 00:00:00-04:00,4.28000020980835,4.300000190734863,4.150000095367432,4.239999771118164,1686740,0.0,0.0
2024-10-15 00:00:00-04:00,4.230000019073486,4.320000171661377,4.179999828338623,4.25,1601275,0.0,0.0
2024-10-16 00:00:00-04:00,4.260000228881836,4.335000038146973,4.119999885559082,4.159999847412109,3040793,0.0,0.0
2024-10-17 00:00:00-04:00,4.110000133514404,4.149099826812744,3.809999942779541,3.8399999141693115,4976835,0.0,0.0
2024-10-18 00:00:00-04:00,3.869999885559082,3.880000114440918,3.7200000286102295,3.819999933242798,3801225,0.0,0.0
2024-10-21 00:00:00-04:00,3.809999942779541,4.059000015258789,3.799999952316284,4.039999961853027,4105644,0.0,0.0
2024-10-22 00:00:00-04:00,4.059999942779541,4.360000133514404,4.019999980926514,4.269999980926514,4994908,0.0,0.0
2024-10-23 00:00:00-04:00,4.190000057220459,4.21999979019165,3.9149999618530273,3.9700000286102295,3402317,0.0,0.0
2024-10-24 00:00:00-04:00,4.019999980926514,4.289999961853027,4.010000228881836,4.21999979019165,2627550,0.0,0.0
2024-10-25 00:00:00-04:00,4.179999828338623,4.5,4.170000076293945,4.420000076293945,3650707,0.0,0.0
2024-10-28 00:00:00-04:00,4.5,5.489999771118164,4.425000190734863,5.309999942779541,10812099,0.0,0.0
2024-10-29 00:00:00-04:00,5.349999904632568,5.539999961853027,4.260000228881836,4.380000114440918,10425799,0.0,0.0
2024-10-30 00:00:00-04:00,4.420000076293945,4.429999828338623,4.164999961853027,4.230000019073486,5341028,0.0,0.0
2024-10-31 00:00:00-04:00,4.159999847412109,4.259900093078613,3.799999952316284,3.930000066757202,6485227,0.0,0.0
2024-11-01 00:00:00-04:00,3.940000057220459,3.940000057220459,3.75,3.755000114440918,4707508,0.0,0.0
2024-11-04 00:00:00-05:00,3.75,3.755000114440918,3.240000009536743,3.2899999618530273,10047762,0.0,0.0
2024-11-05 00:00:00-05:00,3.2899999618530273,3.3499999046325684,3.190000057220459,3.2100000381469727,3847277,0.0,0.0
2024-11-06 00:00:00-05:00,3.119999885559082,3.25,2.9100000858306885,3.119999885559082,4889105,0.0,0.0
2024-11-07 00:00:00-05:00,3.2100000381469727,3.3499999046325684,3.069999933242798,3.0799999237060547,3805049,0.0,0.0
2024-11-08 00:00:00-05:00,3.140000104904175,3.140000104904175,2.9800000190734863,3.0199999809265137,2966334,0.0,0.0
2024-11-11 00:00:00-05:00,3.009999990463257,3.3499999046325684,2.9600000381469727,3.25,4728170,0.0,0.0
2024-11-12 00:00:00-05:00,3.2300000190734863,3.2369000911712646,3.0299999713897705,3.109999895095825,2549447,0.0,0.0
2024-11-13 00:00:00-05:00,3.109999895095825,3.259999990463257,3.0899999141693115,3.119999885559082,2931698,0.0,0.0
2024-11-14 00:00:00-05:00,3.119999885559082,3.1700000762939453,2.1600000858306885,2.4100000858306885,19457555,0.0,0.0
2024-11-15 00:00:00-05:00,2.5299999713897705,2.569999933242798,2.319999933242798,2.3399999141693115,8605457,0.0,0.0
2024-11-18 00:00:00-05:00,2.319999933242798,2.319999933242798,1.9199999570846558,2.0199999809265137,13397982,0.0,0.0
2024-11-19 00:00:00-05:00,2.0,2.0799999237060547,1.899999976158142,1.940000057220459,6092324,0.0,0.0
2024-11-20 00:00:00-05:00,1.9199999570846558,2.069999933242798,1.875,1.909999966621399,5563835,0.0,0.0
2024-11-21 00:00:00-05:00,1.9199999570846558,2.0399999618530273,1.8300000429153442,2.0299999713897705,6427550,0.0,0.0
2024-11-22 00:00:00-05:00,2.0299999713897705,2.0692999362945557,1.9500000476837158,2.0199999809265137,5725530,0.0,0.0
2024-11-25 00:00:00-05:00,2.0299999713897705,2.234999895095825,1.9600000381469727,2.0999999046325684,11279827,0.0,0.0
2024-11-26 00:00:00-05:00,2.0899999141693115,2.0899999141693115,1.909999966621399,1.9500000476837158,7163028,0.0,0.0
2024-11-27 00:00:00-05:00,1.9500000476837158,2.0299999713897705,1.8899999856948853,1.9600000381469727,6041719,0.0,0.0
2024-11-29 00:00:00-05:00,1.9800000190734863,2.0199999809265137,1.9199999570846558,2.009999990463257,5207828,0.0,0.0
2024-12-02 00:00:00-05:00,2.0,2.0350000858306885,1.809999942779541,1.840000033378601,11675048,0.0,0.0
2024-12-03 00:00:00-05:00,1.7999999523162842,1.8200000524520874,1.6399999856948853,1.6699999570846558,13126868,0.0,0.0
2024-12-04 00:00:00-05:00,1.690000057220459,1.7599999904632568,1.649999976158142,1.7599999904632568,6919888,0.0,0.0
2024-12-05 00:00:00-05:00,1.7999999523162842,1.940000057220459,1.649999976158142,1.649999976158142,9451178,0.0,0.0
2024-12-06 00:00:00-05:00,1.7100000381469727,1.7999999523162842,1.600000023841858,1.6100000143051147,12776586,0.0,0.0
2024-12-09 00:00:00-05:00,1.5199999809265137,1.6200000047683716,1.399999976158142,1.5099999904632568,17141075,0.0,0.0
2024-12-10 00:00:00-05:00,1.5199999809265137,1.6294000148773193,1.4600000381469727,1.5700000524520874,7937863,0.0,0.0
2024-12-11 00:00:00-05:00,1.559999942779541,1.6399999856948853,1.5,1.590000033378601,4485156,0.0,0.0
2024-12-12 00:00:00-05:00,1.600000023841858,1.75,1.3200000524520874,1.5700000524520874,17572837,0.0,0.0
2024-12-13 00:00:00-05:00,1.5399999618530273,1.5800000429153442,1.4199999570846558,1.4299999475479126,12276217,0.0,0.0
2024-12-16 00:00:00-05:00,1.3899999856948853,1.409999966621399,1.159999966621399,1.1799999475479126,17477609,0.0,0.0
2024-12-17 00:00:00-05:00,1.1699999570846558,1.2699999809265137,1.149999976158142,1.2100000381469727,7007395,0.0,0.0
2024-12-18 00:00:00-05:00,1.2200000286102295,1.5449999570846558,1.190000057220459,1.25,20684288,0.0,0.0
2024-12-19 00:00:00-05:00,1.309999942779541,1.31850004196167,1.159999966621399,1.1699999570846558,10067297,0.0,0.0
2024-12-20 00:00:00-05:00,1.159999966621399,1.225000023841858,1.1200000047683716,1.1799999475479126,14348353,0.0,0.0
2024-12-23 00:00:00-05:00,1.1699999570846558,1.2000000476837158,1.1200000047683716,1.159999966621399,6795469,0.0,0.0
2024-12-24 00:00:00-05:00,1.149999976158142,1.1799999475479126,1.1200000047683716,1.149999976158142,2701914,0.0,0.0
2024-12-26 00:00:00-05:00,1.1399999856948853,1.1549999713897705,1.090000033378601,1.1399999856948853,14656551,0.0,0.0
2024-12-27 00:00:00-05:00,1.1200000047683716,1.2196999788284302,1.0800000429153442,1.149999976158142,10292285,0.0,0.0
2024-12-30 00:00:00-05:00,1.1299999952316284,1.1497999429702759,1.0800000429153442,1.1100000143051147,7122383,0.0,0.0
2024-12-31 00:00:00-05:00,1.1299999952316284,1.434999942779541,1.1100000143051147,1.190000057220459,27368304,0.0,0.0
2025-01-02 00:00:00-05:00,1.25,1.3899999856948853,1.190000057220459,1.2899999618530273,23541513,0.0,0.0
2025-01-03 00:00:00-05:00,1.3700000047683716,1.6699999570846558,1.25,1.600000023841858,41313618,0.0,0.0
2025-01-06 00:00:00-05:00,1.7699999809265137,1.7899999618530273,1.5299999713897705,1.600000023841858,28068468,0.0,0.0
2025-01-07 00:00:00-05:00,1.600000023841858,1.684999942779541,1.409999966621399,1.4199999570846558,16699354,0.0,0.0
2025-01-08 00:00:00-05:00,1.3700000047683716,1.3899999856948853,1.2100000381469727,1.2200000286102295,15694775,0.0,0.0
2025-01-10 00:00:00-05:00,1.2400000095367432,1.2899999618530273,1.1699999570846558,1.1799999475479126,10494645,0.0,0.0
2025-01-13 00:00:00-05:00,1.149999976158142,1.159999966621399,1.0700000524520874,1.1399999856948853,11022402,0.0,0.0
2025-01-14 00:00:00-05:00,1.1799999475479126,1.2181999683380127,1.090000033378601,1.1200000047683716,7184967,0.0,0.0
2025-01-15 00:00:00-05:00,1.149999976158142,1.2999999523162842,1.1349999904632568,1.2300000190734863,11514036,0.0,0.0
2025-01-16 00:00:00-05:00,1.2400000095367432,1.2799999713897705,1.1950000524520874,1.2100000381469727,6454030,0.0,0.0
2025-01-17 00:00:00-05:00,1.2300000190734863,1.399999976158142,1.2200000286102295,1.340000033378601,23987298,0.0,0.0
2025-01-21 00:00:00-05:00,1.315000057220459,1.350000023841858,1.2000000476837158,1.215000033378601,9145269,0.0,0.0
2025-01-22 00:00:00-05:00,1.2200000286102295,1.2299000024795532,1.149999976158142,1.1699999570846558,9471284,0.0,0.0
2025-01-23 00:00:00-05:00,1.1699999570846558,1.1699999570846558,0.7599999904632568,0.8450000286102295,63487188,0.0,0.0
2025-01-24 00:00:00-05:00,0.8471999764442444,0.9800000190734863,0.8457000255584717,0.9129999876022339,42012618,0.0,0.0
2025-01-27 00:00:00-05:00,0.8500999808311462,0.949999988079071,0.8500999808311462,0.8831999897956848,13415029,0.0,0.0
2025-01-28 00:00:00-05:00,0.8730000257492065,0.8939999938011169,0.8111000061035156,0.8374000191688538,12025175,0.0,0.0
2025-01-29 00:00:00-05:00,0.8083999752998352,0.8296999931335449,0.7599999904632568,0.769599974155426,12138045,0.0,0.0
2025-01-30 00:00:00-05:00,0.7620000243186951,0.8690000176429749,0.75,0.808899998664856,12497317,0.0,0.0
2025-01-31 00:00:00-05:00,0.8199999928474426,0.8199999928474426,0.7699999809265137,0.7900999784469604,7082172,0.0,0.0
2025-02-03 00:00:00-05:00,0.7509999871253967,0.7509999871253967,0.7099999785423279,0.7200999855995178,7718086,0.0,0.0
2025-02-04 00:00:00-05:00,0.729200005531311,0.8100000023841858,0.729200005531311,0.792900025844574,13893069,0.0,0.0
2025-02-05 00:00:00-05:00,0.7699999809265137,0.8580999970436096,0.7699999809265137,0.7871999740600586,7744683,0.0,0.0
2025-02-06 00:00:00-05:00,0.7946000099182129,0.8187999725341797,0.75,0.7524999976158142,11631853,0.0,0.0
2025-02-07 00:00:00-05:00,0.46230000257492065,0.5450000166893005,0.4300000071525574,0.4431000053882599,52437658,0.0,0.0
2025-02-10 00:00:00-05:00,0.47189998626708984,0.5250999927520752,0.4580000042915344,0.5013999938964844,31649912,0.0,0.0
2025-02-11 00:00:00-05:00,0.48890000581741333,0.699999988079071,0.451200008392334,0.6668999791145325,70392701,0.0,0.0
2025-02-12 00:00:00-05:00,0.6565999984741211,0.7501000165939331,0.6399999856948853,0.692300021648407,28224517,0.0,0.0
2025-02-13 00:00:00-05:00,0.6899999976158142,0.6919999718666077,0.5748999714851379,0.6036999821662903,15884515,0.0,0.0
2025-02-14 00:00:00-05:00,0.6274999976158142,0.6399999856948853,0.5390999913215637,0.5414999723434448,15096679,0.0,0.0
2025-02-18 00:00:00-05:00,0.5770999789237976,0.873989999294281,0.574999988079071,0.7659000158309937,80432496,0.0,0.0
2025-02-19 00:00:00-05:00,0.36059999465942383,0.5099999904632568,0.3499999940395355,0.46619999408721924,110504024,0.0,0.0
2025-02-20 00:00:00-05:00,0.41029998660087585,0.5320000052452087,0.4000000059604645,0.4401000142097473,37398284,0.0,0.0
2025-02-21 00:00:00-05:00,0.44200000166893005,0.49000000953674316,0.3799999952316284,0.3799999952316284,32435828,0.0,0.0
2025-02-24 00:00:00-05:00,0.31310001015663147,0.3151000142097473,0.23000000417232513,0.25679999589920044,47051037,0.0,0.0
2025-02-25 00:00:00-05:00,0.23000000417232513,0.25,0.17499999701976776,0.18299999833106995,37074204,0.0,0.0
2025-02-26 00:00:00-05:00,0.12999999523162842,0.29899999499320984,0.12999999523162842,0.2847000062465668,14906584,0.0,0.0
2025-02-27 00:00:00-05:00,0.22509999573230743,0.24889999628067017,0.18199999630451202,0.2150000035762787,7906564,0.0,0.0
2025-02-28 00:00:00-05:00,0.19110000133514404,0.2290000021457672,0.16200000047683716,0.20100000500679016,2879526,0.0,0.0
2025-03-03 00:00:00-05:00,0.18649999797344208,0.1949000060558319,0.17499999701976776,0.18150000274181366,1961481,0.0,0.0
2025-03-04 00:00:00-05:00,0.17249999940395355,0.1889999955892563,0.16200000047683716,0.1800999939441681,1938042,0.0,0.0
2025-03-05 00:00:00-05:00,0.17910000681877136,0.19099999964237213,0.15610000491142273,0.16436000168323517,1729752,0.0,0.0
2025-03-06 00:00:00-05:00,0.15489999949932098,0.1599999964237213,0.12129999697208405,0.13210000097751617,1882469,0.0,0.0
2025-03-07 00:00:00-05:00,0.12700000405311584,0.13650000095367432,0.12099999934434891,0.13650000095367432,995187,0.0,0.0
2025-03-10 00:00:00-04:00,0.1445000022649765,0.14900000393390656,0.12099999934434891,0.12999999523162842,834612,0.0,0.0
2025-03-11 00:00:00-04:00,0.12999999523162842,0.13600000739097595,0.10000000149011612,0.11500000208616257,2053195,0.0,0.0
2025-03-12 00:00:00-04:00,0.11500000208616257,0.11500000208616257,0.1005999967455864,0.10606999695301056,1229084,0.0,0.0
2025-03-13 00:00:00-04:00,0.11010000109672546,0.13600000739097595,0.11010000109672546,0.1264999955892563,938524,0.0,0.0
2025-03-14 00:00:00-04:00,0.11840000003576279,0.12999999523162842,0.10499999672174454,0.1298000067472458,1056136,0.0,0.0
2025-03-17 00:00:00-04:00,0.11999999731779099,0.13500000536441803,0.1054999977350235,0.11599999666213989,452612,0.0,0.0
2025-03-18 00:00:00-04:00,0.1145000010728836,0.125,0.10999999940395355,0.125,348798,0.0,0.0
2025-03-19 00:00:00-04:00,0.125,0.13500000536441803,0.10999999940395355,0.13199999928474426,500534,0.0,0.0
2025-03-20 00:00:00-04:00,0.13199999928474426,0.13500000536441803,0.10999999940395355,0.11249999701976776,480795,0.0,0.0
2025-03-21 00:00:00-04:00,0.11240000277757645,0.1340000033378601,0.10599999874830246,0.11999999731779099,640698,0.0,0.0
2025-03-24 00:00:00-04:00,0.11500000208616257,0.12359999865293503,0.10599999874830246,0.12359999865293503,467290,0.0,0.0
2025-03-25 00:00:00-04:00,0.10999999940395355,0.1274999976158142,0.10159999877214432,0.10559999942779541,1043628,0.0,0.0
2025-03-26 00:00:00-04:00,0.10999999940395355,0.10999999940395355,0.09650000184774399,0.10499999672174454,1074754,0.0,0.0
2025-03-27 00:00:00-04:00,0.09619999676942825,0.10899999737739563,0.09109999984502792,0.10459999740123749,857581,0.0,0.0
2025-03-28 00:00:00-04:00,0.10999999940395355,0.24400000274181366,0.09929999709129333,0.23499999940395355,10125643,0.0,0.0
2025-03-31 00:00:00-04:00,0.2199999988079071,0.23000000417232513,0.12219999730587006,0.12745000422000885,4764660,0.0,0.0
2025-04-01 00:00:00-04:00,0.12999999523162842,0.1688999980688095,0.12150000035762787,0.14399999380111694,2340729,0.0,0.0
2025-04-02 00:00:00-04:00,0.14399999380111694,0.14499999582767487,0.12999999523162842,0.13300000131130219,803011,0.0,0.0
2025-04-03 00:00:00-04:00,0.13369999825954437,0.13997000455856323,0.1289999932050705,0.13899999856948853,1120792,0.0,0.0
2025-04-04 00:00:00-04:00,0.13705000281333923,0.14399999380111694,0.12399999797344208,0.14399999380111694,1077841,0.0,0.0
2025-04-07 00:00:00-04:00,0.1379999965429306,0.1632000058889389,0.11999999731779099,0.13500000536441803,959500,0.0,0.0
2025-04-08 00:00:00-04:00,0.125,0.1509999930858612,0.11999999731779099,0.125,725925,0.0,0.0
2025-04-09 00:00:00-04:00,0.12389999628067017,0.14900000393390656,0.11999999731779099,0.13249999284744263,823693,0.0,0.0
2025-04-10 00:00:00-04:00,0.125,0.12999999523162842,0.11500000208616257,0.12099999934434891,634923,0.0,0.0
2025-04-11 00:00:00-04:00,0.12080000340938568,0.12389999628067017,0.09000000357627869,0.11500000208616257,2545434,0.0,0.0
2025-04-14 00:00:00-04:00,0.1054999977350235,0.11999999731779099,0.10119999945163727,0.10989999771118164,633496,0.0,0.0
