Date,Open,High,Low,Close,Volume,Dividends,Stock Splits
2020-04-15 00:00:00-04:00,19.0,19.149999618530273,17.940000534057617,18.399999618530273,1321700,0.0,0.0
2020-04-16 00:00:00-04:00,18.510000228881836,18.899999618530273,18.079999923706055,18.3700008392334,1443300,0.0,0.0
2020-04-17 00:00:00-04:00,18.75,19.520000457763672,18.610000610351562,19.43000030517578,2047700,0.0,0.0
2020-04-20 00:00:00-04:00,19.260000228881836,20.68000030517578,19.110000610351562,20.110000610351562,1414800,0.0,0.0
2020-04-21 00:00:00-04:00,19.739999771118164,19.950000762939453,18.969999313354492,19.020000457763672,946100,0.0,0.0
2020-04-22 00:00:00-04:00,19.610000610351562,19.8799991607666,19.209999084472656,19.5,788700,0.0,0.0
2020-04-23 00:00:00-04:00,19.649999618530273,20.100000381469727,19.34000015258789,19.389999389648438,694900,0.0,0.0
2020-04-24 00:00:00-04:00,19.540000915527344,19.829999923706055,19.25,19.600000381469727,889400,0.0,0.0
2020-04-27 00:00:00-04:00,19.899999618530273,20.299999237060547,19.670000076293945,20.09000015258789,879300,0.0,0.0
2020-04-28 00:00:00-04:00,20.299999237060547,20.299999237060547,19.760000228881836,19.889999389648438,1178400,0.0,0.0
2020-04-29 00:00:00-04:00,20.25,20.34000015258789,19.6200008392334,19.68000030517578,1205200,0.0,0.0
2020-04-30 00:00:00-04:00,19.40999984741211,20.209999084472656,19.18000030517578,19.200000762939453,1706100,0.0,0.0
2020-05-01 00:00:00-04:00,18.940000534057617,19.079999923706055,17.829999923706055,18.059999465942383,1117500,0.0,0.0
2020-05-04 00:00:00-04:00,18.010000228881836,19.079999923706055,17.6299991607666,19.06999969482422,1088000,0.0,0.0
2020-05-05 00:00:00-04:00,19.5,19.8700008392334,19.200000762939453,19.479999542236328,1064100,0.0,0.0
2020-05-06 00:00:00-04:00,19.829999923706055,19.850000381469727,19.239999771118164,19.530000686645508,701300,0.0,0.0
2020-05-07 00:00:00-04:00,19.850000381469727,20.3700008392334,19.299999237060547,19.8799991607666,1133700,0.0,0.0
2020-05-08 00:00:00-04:00,20.40999984741211,22.6299991607666,20.200000762939453,20.770000457763672,2354000,0.0,0.0
2020-05-11 00:00:00-04:00,20.360000610351562,22.979999542236328,20.350000381469727,22.670000076293945,2172500,0.0,0.0
2020-05-12 00:00:00-04:00,22.670000076293945,23.1200008392334,21.709999084472656,21.729999542236328,1770100,0.0,0.0
2020-05-13 00:00:00-04:00,21.739999771118164,21.93000030517578,21.1200008392334,21.75,1207600,0.0,0.0
2020-05-14 00:00:00-04:00,21.399999618530273,21.579999923706055,20.959999084472656,21.350000381469727,1074600,0.0,0.0
2020-05-15 00:00:00-04:00,21.229999542236328,22.09000015258789,21.18000030517578,22.020000457763672,716300,0.0,0.0
2020-05-18 00:00:00-04:00,22.75,22.790000915527344,22.270000457763672,22.6200008392334,1246400,0.0,0.0
2020-05-19 00:00:00-04:00,22.6200008392334,22.799999237060547,22.350000381469727,22.350000381469727,817900,0.0,0.0
2020-05-20 00:00:00-04:00,22.809999465942383,23.059999465942383,22.559999465942383,22.969999313354492,1273000,0.0,0.0
2020-05-21 00:00:00-04:00,22.959999084472656,23.06999969482422,22.530000686645508,22.8700008392334,1150000,0.0,0.0
2020-05-22 00:00:00-04:00,23.0,23.06999969482422,22.84000015258789,23.040000915527344,839200,0.0,0.0
2020-05-26 00:00:00-04:00,23.540000915527344,23.739999771118164,22.729999542236328,22.790000915527344,1068600,0.0,0.0
2020-05-27 00:00:00-04:00,23.0,23.0,22.09000015258789,22.850000381469727,827500,0.0,0.0
2020-05-28 00:00:00-04:00,23.0,23.350000381469727,22.100000381469727,22.209999084472656,1138400,0.0,0.0
2020-05-29 00:00:00-04:00,22.299999237060547,22.299999237060547,21.079999923706055,21.700000762939453,1481000,0.0,0.0
2020-06-01 00:00:00-04:00,21.709999084472656,21.899999618530273,21.15999984741211,21.6299991607666,1140300,0.0,0.0
2020-06-02 00:00:00-04:00,21.639999389648438,22.09000015258789,21.239999771118164,21.799999237060547,1309200,0.0,0.0
2020-06-03 00:00:00-04:00,21.959999084472656,22.739999771118164,21.889999389648438,22.6299991607666,1823100,0.0,0.0
2020-06-04 00:00:00-04:00,22.649999618530273,23.350000381469727,22.360000610351562,23.100000381469727,1803200,0.0,0.0
2020-06-05 00:00:00-04:00,23.25,23.489999771118164,22.239999771118164,22.270000457763672,1176500,0.0,0.0
2020-06-08 00:00:00-04:00,22.280000686645508,22.899999618530273,21.8799991607666,22.600000381469727,1226200,0.0,0.0
2020-06-09 00:00:00-04:00,22.59000015258789,22.760000228881836,21.989999771118164,22.15999984741211,1263400,0.0,0.0
2020-06-10 00:00:00-04:00,22.31999969482422,22.399999618530273,21.399999618530273,21.81999969482422,1107600,0.0,0.0
2020-06-11 00:00:00-04:00,21.309999465942383,21.65999984741211,20.139999389648438,20.260000228881836,1322700,0.0,0.0
2020-06-12 00:00:00-04:00,20.799999237060547,20.950000762939453,19.860000610351562,20.489999771118164,1411700,0.0,0.0
2020-06-15 00:00:00-04:00,20.209999084472656,20.93000030517578,19.809999465942383,20.739999771118164,784600,0.0,0.0
2020-06-16 00:00:00-04:00,21.1299991607666,21.31999969482422,20.739999771118164,21.299999237060547,948400,0.0,0.0
2020-06-17 00:00:00-04:00,21.5,21.8700008392334,21.329999923706055,21.709999084472656,968300,0.0,0.0
2020-06-18 00:00:00-04:00,21.68000030517578,22.190000534057617,21.3700008392334,21.979999542236328,727500,0.0,0.0
2020-06-19 00:00:00-04:00,22.239999771118164,22.979999542236328,21.90999984741211,22.81999969482422,1948500,0.0,0.0
2020-06-22 00:00:00-04:00,22.809999465942383,23.469999313354492,22.649999618530273,23.440000534057617,1458300,0.0,0.0
2020-06-23 00:00:00-04:00,23.690000534057617,23.959999084472656,22.940000534057617,22.969999313354492,980900,0.0,0.0
2020-06-24 00:00:00-04:00,22.940000534057617,23.09000015258789,22.059999465942383,22.09000015258789,1279600,0.0,0.0
2020-06-25 00:00:00-04:00,21.899999618530273,22.799999237060547,21.850000381469727,22.489999771118164,848000,0.0,0.0
2020-06-26 00:00:00-04:00,22.389999389648438,22.559999465942383,21.940000534057617,22.049999237060547,1412400,0.0,0.0
2020-06-29 00:00:00-04:00,22.350000381469727,22.920000076293945,21.809999465942383,22.420000076293945,866000,0.0,0.0
2020-06-30 00:00:00-04:00,22.260000228881836,23.329999923706055,22.149999618530273,23.15999984741211,1024100,0.0,0.0
2020-07-01 00:00:00-04:00,23.25,24.110000610351562,23.15999984741211,23.450000762939453,1534500,0.0,0.0
2020-07-02 00:00:00-04:00,23.760000228881836,24.34000015258789,23.450000762939453,23.520000457763672,1025200,0.0,0.0
2020-07-06 00:00:00-04:00,23.889999389648438,24.440000534057617,23.479999542236328,23.979999542236328,937500,0.0,0.0
2020-07-07 00:00:00-04:00,23.6299991607666,24.6299991607666,23.420000076293945,24.139999389648438,711800,0.0,0.0
2020-07-08 00:00:00-04:00,24.229999542236328,24.8799991607666,23.860000610351562,24.790000915527344,854000,0.0,0.0
2020-07-09 00:00:00-04:00,24.8799991607666,25.059999465942383,24.09000015258789,24.40999984741211,833900,0.0,0.0
2020-07-10 00:00:00-04:00,24.280000686645508,24.530000686645508,23.8799991607666,24.030000686645508,523000,0.0,0.0
2020-07-13 00:00:00-04:00,24.139999389648438,24.59000015258789,23.280000686645508,23.360000610351562,728000,0.0,0.0
2020-07-14 00:00:00-04:00,23.360000610351562,23.6299991607666,22.729999542236328,23.59000015258789,949100,0.0,0.0
2020-07-15 00:00:00-04:00,24.010000228881836,24.979999542236328,23.989999771118164,24.65999984741211,832900,0.0,0.0
2020-07-16 00:00:00-04:00,24.530000686645508,24.530000686645508,23.65999984741211,23.959999084472656,731100,0.0,0.0
2020-07-17 00:00:00-04:00,24.18000030517578,24.520000457763672,23.860000610351562,24.3700008392334,882300,0.0,0.0
2020-07-20 00:00:00-04:00,24.459999084472656,24.780000686645508,24.209999084472656,24.579999923706055,624800,0.0,0.0
2020-07-21 00:00:00-04:00,24.75,24.8700008392334,24.1299991607666,24.309999465942383,460500,0.0,0.0
2020-07-22 00:00:00-04:00,24.270000457763672,24.6299991607666,23.899999618530273,24.010000228881836,502500,0.0,0.0
2020-07-23 00:00:00-04:00,24.079999923706055,24.3700008392334,23.6299991607666,23.760000228881836,453400,0.0,0.0
2020-07-24 00:00:00-04:00,23.579999923706055,23.68000030517578,23.049999237060547,23.079999923706055,734400,0.0,0.0
2020-07-27 00:00:00-04:00,23.100000381469727,23.68000030517578,22.84000015258789,23.649999618530273,501800,0.0,0.0
2020-07-28 00:00:00-04:00,23.690000534057617,23.760000228881836,23.1200008392334,23.190000534057617,475600,0.0,0.0
2020-07-29 00:00:00-04:00,23.15999984741211,23.200000762939453,22.450000762939453,22.719999313354492,994400,0.0,0.0
2020-07-30 00:00:00-04:00,22.350000381469727,23.610000610351562,22.229999542236328,23.270000457763672,790200,0.0,0.0
2020-07-31 00:00:00-04:00,23.329999923706055,23.329999923706055,22.06999969482422,22.15999984741211,1062800,0.0,0.0
2020-08-03 00:00:00-04:00,22.360000610351562,22.450000762939453,21.959999084472656,22.079999923706055,1130400,0.0,0.0
2020-08-04 00:00:00-04:00,22.0,22.170000076293945,21.56999969482422,21.920000076293945,752400,0.0,0.0
2020-08-05 00:00:00-04:00,21.700000762939453,22.06999969482422,21.43000030517578,21.75,703800,0.0,0.0
2020-08-06 00:00:00-04:00,21.670000076293945,21.829999923706055,21.139999389648438,21.510000228881836,865500,0.0,0.0
2020-08-07 00:00:00-04:00,22.5,22.979999542236328,21.739999771118164,21.850000381469727,1260100,0.0,0.0
2020-08-10 00:00:00-04:00,21.829999923706055,22.0,21.299999237060547,21.360000610351562,724800,0.0,0.0
2020-08-11 00:00:00-04:00,21.360000610351562,21.360000610351562,20.3700008392334,20.399999618530273,740200,0.0,0.0
2020-08-12 00:00:00-04:00,20.40999984741211,20.809999465942383,20.059999465942383,20.100000381469727,675300,0.0,0.0
2020-08-13 00:00:00-04:00,20.049999237060547,20.489999771118164,19.90999984741211,20.049999237060547,688200,0.0,0.0
2020-08-14 00:00:00-04:00,19.8799991607666,19.969999313354492,19.450000762939453,19.549999237060547,754100,0.0,0.0
2020-08-17 00:00:00-04:00,19.59000015258789,20.0,19.299999237060547,19.610000610351562,867800,0.0,0.0
2020-08-18 00:00:00-04:00,19.68000030517578,19.829999923706055,19.059999465942383,19.489999771118164,634900,0.0,0.0
2020-08-19 00:00:00-04:00,19.489999771118164,19.6299991607666,19.280000686645508,19.309999465942383,791700,0.0,0.0
2020-08-20 00:00:00-04:00,19.100000381469727,19.3799991607666,18.969999313354492,19.18000030517578,661700,0.0,0.0
2020-08-21 00:00:00-04:00,19.079999923706055,19.329999923706055,18.969999313354492,19.149999618530273,909200,0.0,0.0
2020-08-24 00:00:00-04:00,19.15999984741211,19.450000762939453,18.93000030517578,19.15999984741211,928100,0.0,0.0
2020-08-25 00:00:00-04:00,19.219999313354492,19.690000534057617,18.940000534057617,19.34000015258789,839600,0.0,0.0
2020-08-26 00:00:00-04:00,19.18000030517578,19.459999084472656,19.059999465942383,19.450000762939453,997500,0.0,0.0
2020-08-27 00:00:00-04:00,19.399999618530273,19.56999969482422,19.020000457763672,19.170000076293945,1121300,0.0,0.0
2020-08-28 00:00:00-04:00,19.18000030517578,19.290000915527344,18.860000610351562,19.139999389648438,834900,0.0,0.0
2020-08-31 00:00:00-04:00,19.1299991607666,19.459999084472656,19.09000015258789,19.34000015258789,635700,0.0,0.0
2020-09-01 00:00:00-04:00,19.389999389648438,19.469999313354492,18.950000762939453,19.149999618530273,1208100,0.0,0.0
2020-09-02 00:00:00-04:00,19.200000762939453,19.40999984741211,19.059999465942383,19.200000762939453,714900,0.0,0.0
2020-09-03 00:00:00-04:00,19.059999465942383,19.56999969482422,18.850000381469727,19.149999618530273,1198300,0.0,0.0
2020-09-04 00:00:00-04:00,19.229999542236328,19.40999984741211,18.15999984741211,18.920000076293945,1512200,0.0,0.0
2020-09-08 00:00:00-04:00,18.6299991607666,18.81999969482422,18.31999969482422,18.440000534057617,1017600,0.0,0.0
2020-09-09 00:00:00-04:00,18.649999618530273,19.09000015258789,18.469999313354492,18.850000381469727,811400,0.0,0.0
2020-09-10 00:00:00-04:00,18.920000076293945,19.549999237060547,18.809999465942383,18.81999969482422,650400,0.0,0.0
2020-09-11 00:00:00-04:00,19.0,19.229999542236328,18.59000015258789,18.81999969482422,687200,0.0,0.0
2020-09-14 00:00:00-04:00,19.010000228881836,19.860000610351562,19.010000228881836,19.75,1400200,0.0,0.0
2020-09-15 00:00:00-04:00,19.90999984741211,20.40999984741211,19.81999969482422,20.010000228881836,1184100,0.0,0.0
2020-09-16 00:00:00-04:00,20.020000457763672,20.649999618530273,20.010000228881836,20.309999465942383,900600,0.0,0.0
2020-09-17 00:00:00-04:00,20.06999969482422,20.479999542236328,19.860000610351562,20.34000015258789,969500,0.0,0.0
2020-09-18 00:00:00-04:00,20.510000228881836,20.549999237060547,19.950000762939453,20.170000076293945,2004800,0.0,0.0
2020-09-21 00:00:00-04:00,19.739999771118164,19.790000915527344,18.940000534057617,19.40999984741211,1142200,0.0,0.0
2020-09-22 00:00:00-04:00,19.459999084472656,20.1299991607666,19.15999984741211,19.899999618530273,1497600,0.0,0.0
2020-09-23 00:00:00-04:00,19.84000015258789,20.100000381469727,18.899999618530273,18.90999984741211,1035500,0.0,0.0
2020-09-24 00:00:00-04:00,18.850000381469727,18.850000381469727,17.8700008392334,18.030000686645508,1145200,0.0,0.0
2020-09-25 00:00:00-04:00,17.90999984741211,18.15999984741211,17.479999542236328,17.610000610351562,1336100,0.0,0.0
2020-09-28 00:00:00-04:00,17.649999618530273,17.700000762939453,16.700000762939453,16.84000015258789,1566200,0.0,0.0
2020-09-29 00:00:00-04:00,16.81999969482422,17.260000228881836,16.600000381469727,16.889999389648438,1578600,0.0,0.0
2020-09-30 00:00:00-04:00,16.889999389648438,17.0,16.40999984741211,16.59000015258789,1479900,0.0,0.0
2020-10-01 00:00:00-04:00,16.559999465942383,16.75,16.459999084472656,16.709999084472656,1313200,0.0,0.0
2020-10-02 00:00:00-04:00,16.440000534057617,16.690000534057617,16.219999313354492,16.280000686645508,1042700,0.0,0.0
2020-10-05 00:00:00-04:00,16.530000686645508,17.299999237060547,16.5,17.280000686645508,1068100,0.0,0.0
2020-10-06 00:00:00-04:00,17.360000610351562,17.6299991607666,17.1299991607666,17.190000534057617,999600,0.0,0.0
2020-10-07 00:00:00-04:00,17.299999237060547,17.969999313354492,17.100000381469727,17.81999969482422,623500,0.0,0.0
2020-10-08 00:00:00-04:00,17.920000076293945,18.229999542236328,17.899999618530273,18.1299991607666,758000,0.0,0.0
2020-10-09 00:00:00-04:00,18.309999465942383,18.309999465942383,17.829999923706055,17.8700008392334,502000,0.0,0.0
2020-10-12 00:00:00-04:00,17.90999984741211,17.940000534057617,17.190000534057617,17.260000228881836,692200,0.0,0.0
2020-10-13 00:00:00-04:00,17.100000381469727,17.399999618530273,16.90999984741211,16.979999542236328,764700,0.0,0.0
2020-10-14 00:00:00-04:00,17.010000228881836,18.09000015258789,16.920000076293945,17.540000915527344,1622900,0.0,0.0
2020-10-15 00:00:00-04:00,17.290000915527344,17.979999542236328,17.219999313354492,17.690000534057617,920800,0.0,0.0
2020-10-16 00:00:00-04:00,17.690000534057617,17.8700008392334,17.1200008392334,17.139999389648438,1897800,0.0,0.0
2020-10-19 00:00:00-04:00,17.15999984741211,17.34000015258789,16.770000457763672,16.8700008392334,743700,0.0,0.0
2020-10-20 00:00:00-04:00,17.049999237060547,17.3700008392334,16.829999923706055,17.170000076293945,730800,0.0,0.0
2020-10-21 00:00:00-04:00,17.06999969482422,17.209999084472656,16.549999237060547,16.610000610351562,1192300,0.0,0.0
2020-10-22 00:00:00-04:00,16.6299991607666,17.479999542236328,16.56999969482422,17.18000030517578,941000,0.0,0.0
2020-10-23 00:00:00-04:00,17.34000015258789,17.56999969482422,16.850000381469727,17.540000915527344,677500,0.0,0.0
2020-10-26 00:00:00-04:00,17.260000228881836,17.579999923706055,16.90999984741211,16.969999313354492,947300,0.0,0.0
2020-10-27 00:00:00-04:00,16.559999465942383,16.959999084472656,16.3700008392334,16.479999542236328,1747200,0.0,0.0
2020-10-28 00:00:00-04:00,16.110000610351562,16.489999771118164,15.800000190734863,15.90999984741211,1314600,0.0,0.0
2020-10-29 00:00:00-04:00,15.890000343322754,16.31999969482422,15.399999618530273,16.209999084472656,1297800,0.0,0.0
2020-10-30 00:00:00-04:00,16.1200008392334,16.200000762939453,15.65999984741211,15.84000015258789,1339100,0.0,0.0
2020-11-02 00:00:00-05:00,16.200000762939453,16.25,15.609999656677246,16.1200008392334,1553800,0.0,0.0
2020-11-03 00:00:00-05:00,16.25,16.549999237060547,15.640000343322754,15.770000457763672,1364600,0.0,0.0
2020-11-04 00:00:00-05:00,15.850000381469727,17.260000228881836,15.850000381469727,16.969999313354492,1118700,0.0,0.0
2020-11-05 00:00:00-05:00,17.229999542236328,17.579999923706055,16.84000015258789,16.889999389648438,1051200,0.0,0.0
2020-11-06 00:00:00-05:00,17.329999923706055,18.989999771118164,17.18000030517578,17.420000076293945,1562400,0.0,0.0
2020-11-09 00:00:00-05:00,18.170000076293945,18.790000915527344,17.09000015258789,17.09000015258789,1415400,0.0,0.0
2020-11-10 00:00:00-05:00,17.079999923706055,17.25,16.520000457763672,16.84000015258789,1124500,0.0,0.0
2020-11-11 00:00:00-05:00,16.8799991607666,17.399999618530273,16.770000457763672,17.110000610351562,1162800,0.0,0.0
2020-11-12 00:00:00-05:00,17.200000762939453,17.649999618530273,16.989999771118164,17.139999389648438,911600,0.0,0.0
2020-11-13 00:00:00-05:00,17.25,17.5,17.139999389648438,17.270000457763672,584400,0.0,0.0
2020-11-16 00:00:00-05:00,17.459999084472656,17.479999542236328,16.700000762939453,16.950000762939453,920600,0.0,0.0
2020-11-17 00:00:00-05:00,16.93000030517578,17.65999984741211,16.729999542236328,17.559999465942383,799200,0.0,0.0
2020-11-18 00:00:00-05:00,17.559999465942383,17.639999389648438,17.06999969482422,17.110000610351562,804400,0.0,0.0
2020-11-19 00:00:00-05:00,17.049999237060547,17.3700008392334,16.899999618530273,17.270000457763672,529100,0.0,0.0
2020-11-20 00:00:00-05:00,17.34000015258789,17.34000015258789,16.719999313354492,16.760000228881836,833400,0.0,0.0
2020-11-23 00:00:00-05:00,16.84000015258789,16.850000381469727,16.200000762939453,16.530000686645508,1134200,0.0,0.0
2020-11-24 00:00:00-05:00,16.540000915527344,16.989999771118164,16.420000076293945,16.690000534057617,999600,0.0,0.0
2020-11-25 00:00:00-05:00,16.579999923706055,16.75,16.350000381469727,16.479999542236328,643600,0.0,0.0
2020-11-27 00:00:00-05:00,16.5,16.829999923706055,16.350000381469727,16.790000915527344,336600,0.0,0.0
2020-11-30 00:00:00-05:00,16.90999984741211,16.959999084472656,16.290000915527344,16.389999389648438,1004700,0.0,0.0
2020-12-01 00:00:00-05:00,16.389999389648438,16.639999389648438,16.15999984741211,16.469999313354492,1094000,0.0,0.0
2020-12-02 00:00:00-05:00,16.5,17.549999237060547,16.5,17.270000457763672,939000,0.0,0.0
2020-12-03 00:00:00-05:00,17.239999771118164,17.389999389648438,17.0,17.06999969482422,605000,0.0,0.0
2020-12-04 00:00:00-05:00,17.170000076293945,17.540000915527344,17.100000381469727,17.399999618530273,556500,0.0,0.0
2020-12-07 00:00:00-05:00,17.450000762939453,17.719999313354492,17.25,17.34000015258789,505100,0.0,0.0
2020-12-08 00:00:00-05:00,17.15999984741211,17.5,17.040000915527344,17.280000686645508,761500,0.0,0.0
2020-12-09 00:00:00-05:00,17.3700008392334,17.459999084472656,16.459999084472656,16.59000015258789,712900,0.0,0.0
2020-12-10 00:00:00-05:00,16.610000610351562,16.940000534057617,16.510000228881836,16.799999237060547,444100,0.0,0.0
2020-12-11 00:00:00-05:00,16.760000228881836,16.850000381469727,16.420000076293945,16.75,596200,0.0,0.0
2020-12-14 00:00:00-05:00,16.920000076293945,18.229999542236328,16.899999618530273,17.639999389648438,1232100,0.0,0.0
2020-12-15 00:00:00-05:00,17.860000610351562,18.489999771118164,17.350000381469727,18.43000030517578,1121200,0.0,0.0
2020-12-16 00:00:00-05:00,18.479999542236328,18.649999618530273,17.56999969482422,17.65999984741211,1163900,0.0,0.0
2020-12-17 00:00:00-05:00,17.790000915527344,19.149999618530273,17.700000762939453,19.030000686645508,1504700,0.0,0.0
2020-12-18 00:00:00-05:00,19.329999923706055,19.399999618530273,18.15999984741211,18.75,3128500,0.0,0.0
2020-12-21 00:00:00-05:00,18.649999618530273,18.799999237060547,18.34000015258789,18.649999618530273,727800,0.0,0.0
2020-12-22 00:00:00-05:00,18.950000762939453,19.459999084472656,18.610000610351562,18.729999542236328,982900,0.0,0.0
2020-12-23 00:00:00-05:00,18.889999389648438,18.899999618530273,18.350000381469727,18.510000228881836,639800,0.0,0.0
2020-12-24 00:00:00-05:00,18.520000457763672,18.540000915527344,18.25,18.450000762939453,286400,0.0,0.0
2020-12-28 00:00:00-05:00,18.600000381469727,18.809999465942383,18.15999984741211,18.670000076293945,1106300,0.0,0.0
2020-12-29 00:00:00-05:00,18.75,18.809999465942383,17.799999237060547,18.25,1118100,0.0,0.0
2020-12-30 00:00:00-05:00,18.200000762939453,18.59000015258789,17.93000030517578,17.940000534057617,817700,0.0,0.0
2020-12-31 00:00:00-05:00,17.889999389648438,17.93000030517578,16.68000030517578,17.0,1902900,0.0,0.0
2021-01-04 00:00:00-05:00,17.18000030517578,17.700000762939453,17.040000915527344,17.65999984741211,1240300,0.0,0.0
2021-01-05 00:00:00-05:00,17.559999465942383,18.0,17.3799991607666,17.979999542236328,940200,0.0,0.0
2021-01-06 00:00:00-05:00,17.6299991607666,18.06999969482422,17.3700008392334,17.530000686645508,1079300,0.0,0.0
2021-01-07 00:00:00-05:00,17.639999389648438,18.65999984741211,17.639999389648438,18.600000381469727,660800,0.0,0.0
2021-01-08 00:00:00-05:00,18.690000534057617,19.280000686645508,18.610000610351562,19.209999084472656,749500,0.0,0.0
2021-01-11 00:00:00-05:00,19.209999084472656,19.670000076293945,18.31999969482422,18.739999771118164,1151300,0.0,0.0
2021-01-12 00:00:00-05:00,18.690000534057617,19.65999984741211,18.65999984741211,19.030000686645508,963900,0.0,0.0
2021-01-13 00:00:00-05:00,19.030000686645508,19.139999389648438,18.270000457763672,18.329999923706055,700600,0.0,0.0
2021-01-14 00:00:00-05:00,18.579999923706055,18.729999542236328,17.729999542236328,17.799999237060547,1400200,0.0,0.0
2021-01-15 00:00:00-05:00,17.75,18.100000381469727,16.850000381469727,16.979999542236328,2358300,0.0,0.0
2021-01-19 00:00:00-05:00,17.1299991607666,17.290000915527344,16.729999542236328,17.219999313354492,1229700,0.0,0.0
2021-01-20 00:00:00-05:00,17.360000610351562,17.479999542236328,16.8700008392334,16.90999984741211,951900,0.0,0.0
2021-01-21 00:00:00-05:00,16.940000534057617,17.010000228881836,16.530000686645508,16.65999984741211,916300,0.0,0.0
2021-01-22 00:00:00-05:00,16.530000686645508,16.709999084472656,16.40999984741211,16.559999465942383,681300,0.0,0.0
2021-01-25 00:00:00-05:00,17.100000381469727,17.760000228881836,16.8799991607666,17.739999771118164,1235700,0.0,0.0
2021-01-26 00:00:00-05:00,17.899999618530273,18.75,17.829999923706055,18.239999771118164,1169700,0.0,0.0
2021-01-27 00:00:00-05:00,18.030000686645508,19.100000381469727,17.56999969482422,18.780000686645508,2226400,0.0,0.0
2021-01-28 00:00:00-05:00,18.84000015258789,19.06999969482422,18.25,18.440000534057617,1880400,0.0,0.0
2021-01-29 00:00:00-05:00,18.450000762939453,22.1200008392334,18.3799991607666,19.700000762939453,4357500,0.0,0.0
2021-02-01 00:00:00-05:00,22.940000534057617,23.0,20.600000381469727,20.690000534057617,2984400,0.0,0.0
2021-02-02 00:00:00-05:00,21.670000076293945,21.690000534057617,19.40999984741211,19.540000915527344,1881900,0.0,0.0
2021-02-03 00:00:00-05:00,19.510000228881836,20.329999923706055,19.25,19.899999618530273,2264800,0.0,0.0
2021-02-04 00:00:00-05:00,20.110000610351562,20.65999984741211,19.489999771118164,20.600000381469727,1991500,0.0,0.0
2021-02-05 00:00:00-05:00,20.25,20.729999542236328,19.729999542236328,20.18000030517578,1265200,0.0,0.0
2021-02-08 00:00:00-05:00,20.40999984741211,21.010000228881836,20.25,21.010000228881836,1260400,0.0,0.0
2021-02-09 00:00:00-05:00,21.149999618530273,22.6200008392334,20.93000030517578,22.610000610351562,1334900,0.0,0.0
2021-02-10 00:00:00-05:00,22.799999237060547,23.889999389648438,22.25,23.200000762939453,1572800,0.0,0.0
2021-02-11 00:00:00-05:00,23.260000228881836,23.31999969482422,22.420000076293945,22.75,903000,0.0,0.0
2021-02-12 00:00:00-05:00,22.829999923706055,23.170000076293945,22.389999389648438,22.860000610351562,1217100,0.0,0.0
2021-02-16 00:00:00-05:00,22.639999389648438,22.799999237060547,22.010000228881836,22.459999084472656,1380200,0.0,0.0
2021-02-17 00:00:00-05:00,25.0,26.75,23.809999465942383,25.459999084472656,5316400,0.0,0.0
2021-02-18 00:00:00-05:00,24.920000076293945,25.950000762939453,24.34000015258789,25.049999237060547,1327400,0.0,0.0
2021-02-19 00:00:00-05:00,25.0,25.780000686645508,24.670000076293945,24.920000076293945,1104300,0.0,0.0
2021-02-22 00:00:00-05:00,24.15999984741211,24.479999542236328,22.190000534057617,22.309999465942383,1526000,0.0,0.0
2021-02-23 00:00:00-05:00,21.760000228881836,22.739999771118164,21.200000762939453,22.530000686645508,1264200,0.0,0.0
2021-02-24 00:00:00-05:00,22.25,22.940000534057617,21.959999084472656,22.770000457763672,832700,0.0,0.0
2021-02-25 00:00:00-05:00,22.780000686645508,23.09000015258789,22.09000015258789,22.440000534057617,1092900,0.0,0.0
2021-02-26 00:00:00-05:00,22.700000762939453,23.75,22.229999542236328,22.690000534057617,1742500,0.0,0.0
2021-03-01 00:00:00-05:00,23.020000457763672,24.399999618530273,22.829999923706055,23.6200008392334,1461700,0.0,0.0
2021-03-02 00:00:00-05:00,23.59000015258789,24.5,23.420000076293945,23.739999771118164,1336200,0.0,0.0
2021-03-03 00:00:00-05:00,23.81999969482422,24.290000915527344,23.15999984741211,23.440000534057617,776200,0.0,0.0
2021-03-04 00:00:00-05:00,23.229999542236328,23.59000015258789,21.719999313354492,22.3799991607666,2152900,0.0,0.0
2021-03-05 00:00:00-05:00,22.360000610351562,22.489999771118164,20.84000015258789,22.309999465942383,1286600,0.0,0.0
2021-03-08 00:00:00-05:00,22.31999969482422,22.420000076293945,21.079999923706055,21.219999313354492,943400,0.0,0.0
2021-03-09 00:00:00-05:00,21.010000228881836,22.530000686645508,21.010000228881836,21.850000381469727,925300,0.0,0.0
2021-03-10 00:00:00-05:00,22.3799991607666,22.729999542236328,21.670000076293945,22.100000381469727,653200,0.0,0.0
2021-03-11 00:00:00-05:00,22.389999389648438,22.729999542236328,21.780000686645508,22.59000015258789,578800,0.0,0.0
2021-03-12 00:00:00-05:00,22.549999237060547,22.90999984741211,21.90999984741211,22.81999969482422,601100,0.0,0.0
2021-03-15 00:00:00-04:00,22.860000610351562,22.940000534057617,22.15999984741211,22.5,720700,0.0,0.0
2021-03-16 00:00:00-04:00,22.729999542236328,22.889999389648438,21.6299991607666,22.010000228881836,829800,0.0,0.0
2021-03-17 00:00:00-04:00,21.84000015258789,23.139999389648438,21.780000686645508,23.079999923706055,984100,0.0,0.0
2021-03-18 00:00:00-04:00,23.100000381469727,23.5,21.989999771118164,22.100000381469727,819800,0.0,0.0
2021-03-19 00:00:00-04:00,22.260000228881836,22.670000076293945,21.59000015258789,21.670000076293945,1772700,0.0,0.0
2021-03-22 00:00:00-04:00,21.530000686645508,22.6200008392334,21.469999313354492,22.3799991607666,725700,0.0,0.0
2021-03-23 00:00:00-04:00,21.8700008392334,22.190000534057617,20.31999969482422,20.6299991607666,1068400,0.0,0.0
2021-03-24 00:00:00-04:00,20.700000762939453,20.799999237060547,19.700000762939453,19.790000915527344,736200,0.0,0.0
2021-03-25 00:00:00-04:00,19.700000762939453,20.59000015258789,19.59000015258789,20.329999923706055,880900,0.0,0.0
2021-03-26 00:00:00-04:00,20.31999969482422,20.899999618530273,19.440000534057617,19.989999771118164,608200,0.0,0.0
2021-03-29 00:00:00-04:00,19.850000381469727,20.219999313354492,19.530000686645508,19.56999969482422,529300,0.0,0.0
2021-03-30 00:00:00-04:00,19.489999771118164,19.850000381469727,18.8799991607666,19.510000228881836,743000,0.0,0.0
2021-03-31 00:00:00-04:00,19.6200008392334,20.31999969482422,19.479999542236328,20.0,1197100,0.0,0.0
2021-04-01 00:00:00-04:00,20.209999084472656,20.889999389648438,19.780000686645508,20.399999618530273,791400,0.0,0.0
2021-04-05 00:00:00-04:00,20.540000915527344,20.899999618530273,19.790000915527344,20.079999923706055,480200,0.0,0.0
2021-04-06 00:00:00-04:00,20.510000228881836,20.670000076293945,20.030000686645508,20.25,697400,0.0,0.0
2021-04-07 00:00:00-04:00,19.940000534057617,20.09000015258789,19.549999237060547,19.6200008392334,632200,0.0,0.0
2021-04-08 00:00:00-04:00,19.709999084472656,20.010000228881836,19.1299991607666,19.239999771118164,777600,0.0,0.0
2021-04-09 00:00:00-04:00,19.1299991607666,19.1299991607666,18.489999771118164,18.6299991607666,836100,0.0,0.0
2021-04-12 00:00:00-04:00,18.549999237060547,19.0,18.139999389648438,18.68000030517578,645400,0.0,0.0
2021-04-13 00:00:00-04:00,18.809999465942383,18.950000762939453,18.299999237060547,18.690000534057617,642300,0.0,0.0
2021-04-14 00:00:00-04:00,18.84000015258789,20.0,18.770000457763672,19.139999389648438,1053100,0.0,0.0
2021-04-15 00:00:00-04:00,19.15999984741211,19.790000915527344,19.15999984741211,19.360000610351562,886600,0.0,0.0
2021-04-16 00:00:00-04:00,19.329999923706055,19.530000686645508,18.84000015258789,19.0,1681700,0.0,0.0
2021-04-19 00:00:00-04:00,18.940000534057617,19.420000076293945,18.520000457763672,18.799999237060547,787900,0.0,0.0
2021-04-20 00:00:00-04:00,18.81999969482422,19.239999771118164,18.68000030517578,18.809999465942383,579100,0.0,0.0
2021-04-21 00:00:00-04:00,18.760000228881836,19.799999237060547,18.670000076293945,19.729999542236328,888500,0.0,0.0
2021-04-22 00:00:00-04:00,19.729999542236328,20.440000534057617,19.459999084472656,20.100000381469727,761200,0.0,0.0
2021-04-23 00:00:00-04:00,20.170000076293945,20.530000686645508,19.6200008392334,19.68000030517578,786100,0.0,0.0
2021-04-26 00:00:00-04:00,19.649999618530273,20.440000534057617,19.639999389648438,20.389999389648438,553600,0.0,0.0
2021-04-27 00:00:00-04:00,20.56999969482422,20.56999969482422,19.860000610351562,20.09000015258789,543200,0.0,0.0
2021-04-28 00:00:00-04:00,20.09000015258789,20.65999984741211,19.989999771118164,20.25,640900,0.0,0.0
2021-04-29 00:00:00-04:00,20.200000762939453,20.280000686645508,19.84000015258789,20.09000015258789,719000,0.0,0.0
2021-04-30 00:00:00-04:00,19.93000030517578,20.18000030517578,19.56999969482422,19.610000610351562,695200,0.0,0.0
2021-05-03 00:00:00-04:00,19.829999923706055,19.899999618530273,19.049999237060547,19.65999984741211,1052500,0.0,0.0
2021-05-04 00:00:00-04:00,19.579999923706055,19.649999618530273,18.760000228881836,18.799999237060547,792300,0.0,0.0
2021-05-05 00:00:00-04:00,18.760000228881836,18.950000762939453,18.399999618530273,18.68000030517578,736600,0.0,0.0
2021-05-06 00:00:00-04:00,18.549999237060547,18.75,18.25,18.520000457763672,1443800,0.0,0.0
2021-05-07 00:00:00-04:00,18.34000015258789,20.229999542236328,18.309999465942383,20.100000381469727,2918400,0.0,0.0
2021-05-10 00:00:00-04:00,20.170000076293945,20.25,19.559999465942383,19.729999542236328,976000,0.0,0.0
2021-05-11 00:00:00-04:00,19.18000030517578,19.90999984741211,19.1299991607666,19.290000915527344,909600,0.0,0.0
2021-05-12 00:00:00-04:00,19.309999465942383,19.559999465942383,18.510000228881836,18.56999969482422,864600,0.0,0.0
2021-05-13 00:00:00-04:00,18.56999969482422,18.989999771118164,18.350000381469727,18.860000610351562,939500,0.0,0.0
2021-05-14 00:00:00-04:00,18.940000534057617,19.18000030517578,18.59000015258789,18.979999542236328,555500,0.0,0.0
2021-05-17 00:00:00-04:00,18.790000915527344,18.989999771118164,17.950000762939453,18.190000534057617,1083700,0.0,0.0
2021-05-18 00:00:00-04:00,17.90999984741211,18.3799991607666,17.709999084472656,18.1299991607666,891000,0.0,0.0
2021-05-19 00:00:00-04:00,17.8799991607666,18.489999771118164,17.59000015258789,18.459999084472656,964900,0.0,0.0
2021-05-20 00:00:00-04:00,18.190000534057617,18.649999618530273,17.979999542236328,18.149999618530273,1100600,0.0,0.0
2021-05-21 00:00:00-04:00,18.350000381469727,18.489999771118164,18.010000228881836,18.020000457763672,600800,0.0,0.0
2021-05-24 00:00:00-04:00,18.100000381469727,18.25,17.729999542236328,17.81999969482422,691200,0.0,0.0
2021-05-25 00:00:00-04:00,17.780000686645508,17.829999923706055,17.510000228881836,17.56999969482422,504100,0.0,0.0
2021-05-26 00:00:00-04:00,17.56999969482422,18.09000015258789,17.420000076293945,18.040000915527344,562400,0.0,0.0
2021-05-27 00:00:00-04:00,17.979999542236328,18.229999542236328,17.600000381469727,17.959999084472656,652700,0.0,0.0
2021-05-28 00:00:00-04:00,18.0,18.3700008392334,17.899999618530273,18.06999969482422,528200,0.0,0.0
2021-06-01 00:00:00-04:00,18.1200008392334,18.219999313354492,17.75,18.079999923706055,635300,0.0,0.0
2021-06-02 00:00:00-04:00,18.1299991607666,18.350000381469727,17.75,17.889999389648438,679300,0.0,0.0
2021-06-03 00:00:00-04:00,17.799999237060547,18.100000381469727,17.670000076293945,17.8700008392334,565200,0.0,0.0
2021-06-04 00:00:00-04:00,17.860000610351562,17.959999084472656,17.09000015258789,17.1299991607666,1076600,0.0,0.0
2021-06-07 00:00:00-04:00,16.969999313354492,17.06999969482422,15.970000267028809,16.540000915527344,2373500,0.0,0.0
2021-06-08 00:00:00-04:00,16.610000610351562,16.940000534057617,16.420000076293945,16.520000457763672,1360700,0.0,0.0
2021-06-09 00:00:00-04:00,16.68000030517578,17.170000076293945,16.59000015258789,16.809999465942383,1049000,0.0,0.0
2021-06-10 00:00:00-04:00,16.829999923706055,17.93000030517578,16.68000030517578,17.84000015258789,1327100,0.0,0.0
2021-06-11 00:00:00-04:00,17.850000381469727,17.8700008392334,17.43000030517578,17.610000610351562,673400,0.0,0.0
2021-06-14 00:00:00-04:00,17.719999313354492,18.1299991607666,17.56999969482422,17.68000030517578,831500,0.0,0.0
2021-06-15 00:00:00-04:00,17.65999984741211,17.799999237060547,17.360000610351562,17.75,780800,0.0,0.0
2021-06-16 00:00:00-04:00,17.790000915527344,17.979999542236328,17.239999771118164,17.360000610351562,850200,0.0,0.0
2021-06-17 00:00:00-04:00,17.209999084472656,17.469999313354492,17.010000228881836,17.239999771118164,662500,0.0,0.0
2021-06-18 00:00:00-04:00,17.079999923706055,17.280000686645508,16.93000030517578,17.0,1421700,0.0,0.0
2021-06-21 00:00:00-04:00,17.020000457763672,17.209999084472656,16.649999618530273,16.860000610351562,820700,0.0,0.0
2021-06-22 00:00:00-04:00,16.799999237060547,16.969999313354492,16.5,16.670000076293945,675700,0.0,0.0
2021-06-23 00:00:00-04:00,16.6299991607666,16.84000015258789,16.489999771118164,16.670000076293945,631700,0.0,0.0
2021-06-24 00:00:00-04:00,16.649999618530273,17.18000030517578,16.6299991607666,17.020000457763672,1155500,0.0,0.0
2021-06-25 00:00:00-04:00,17.010000228881836,17.309999465942383,16.610000610351562,17.270000457763672,1866200,0.0,0.0
2021-06-28 00:00:00-04:00,18.1200008392334,18.1200008392334,17.200000762939453,17.75,1962200,0.0,0.0
2021-06-29 00:00:00-04:00,17.700000762939453,17.850000381469727,17.3799991607666,17.40999984741211,667400,0.0,0.0
2021-06-30 00:00:00-04:00,17.299999237060547,17.479999542236328,17.110000610351562,17.15999984741211,564900,0.0,0.0
2021-07-01 00:00:00-04:00,17.280000686645508,17.729999542236328,17.229999542236328,17.520000457763672,794000,0.0,0.0
2021-07-02 00:00:00-04:00,17.5,17.5,16.889999389648438,17.110000610351562,492100,0.0,0.0
2021-07-06 00:00:00-04:00,17.06999969482422,17.200000762939453,16.809999465942383,16.90999984741211,735000,0.0,0.0
2021-07-07 00:00:00-04:00,16.920000076293945,17.110000610351562,16.579999923706055,16.6200008392334,525400,0.0,0.0
2021-07-08 00:00:00-04:00,16.43000030517578,17.110000610351562,16.350000381469727,16.809999465942383,974700,0.0,0.0
2021-07-09 00:00:00-04:00,16.829999923706055,17.6200008392334,16.690000534057617,17.3700008392334,922500,0.0,0.0
2021-07-12 00:00:00-04:00,17.290000915527344,17.489999771118164,17.059999465942383,17.229999542236328,751500,0.0,0.0
2021-07-13 00:00:00-04:00,17.139999389648438,17.209999084472656,16.850000381469727,17.079999923706055,655500,0.0,0.0
2021-07-14 00:00:00-04:00,17.149999618530273,17.149999618530273,16.389999389648438,16.469999313354492,1033600,0.0,0.0
2021-07-15 00:00:00-04:00,16.350000381469727,16.709999084472656,16.100000381469727,16.59000015258789,1108600,0.0,0.0
2021-07-16 00:00:00-04:00,16.709999084472656,16.729999542236328,16.079999923706055,16.110000610351562,1629300,0.0,0.0
2021-07-19 00:00:00-04:00,15.9399995803833,16.34000015258789,15.75,16.31999969482422,791900,0.0,0.0
2021-07-20 00:00:00-04:00,16.389999389648438,16.829999923706055,16.280000686645508,16.729999542236328,862300,0.0,0.0
2021-07-21 00:00:00-04:00,16.760000228881836,16.850000381469727,16.389999389648438,16.780000686645508,452100,0.0,0.0
2021-07-22 00:00:00-04:00,16.690000534057617,16.81999969482422,16.34000015258789,16.3799991607666,385600,0.0,0.0
2021-07-23 00:00:00-04:00,16.3700008392334,16.700000762939453,16.25,16.510000228881836,462300,0.0,0.0
2021-07-26 00:00:00-04:00,16.420000076293945,16.59000015258789,16.139999389648438,16.239999771118164,542600,0.0,0.0
2021-07-27 00:00:00-04:00,16.25,16.360000610351562,15.770000457763672,15.90999984741211,899000,0.0,0.0
2021-07-28 00:00:00-04:00,15.930000305175781,16.309999465942383,15.90999984741211,16.25,471400,0.0,0.0
2021-07-29 00:00:00-04:00,16.329999923706055,16.5,15.989999771118164,16.059999465942383,455800,0.0,0.0
2021-07-30 00:00:00-04:00,15.920000076293945,16.149999618530273,15.75,15.789999961853027,611200,0.0,0.0
2021-08-02 00:00:00-04:00,15.829999923706055,16.270000457763672,15.770000457763672,15.960000038146973,604600,0.0,0.0
2021-08-03 00:00:00-04:00,15.949999809265137,16.020000457763672,15.369999885559082,15.800000190734863,829300,0.0,0.0
2021-08-04 00:00:00-04:00,15.65999984741211,16.1299991607666,15.40999984741211,15.619999885559082,817600,0.0,0.0
2021-08-05 00:00:00-04:00,15.739999771118164,15.949999809265137,15.550000190734863,15.869999885559082,731800,0.0,0.0
2021-08-06 00:00:00-04:00,15.989999771118164,16.149999618530273,15.479999542236328,15.770000457763672,877700,0.0,0.0
2021-08-09 00:00:00-04:00,15.869999885559082,15.930000305175781,15.300000190734863,15.5,680000,0.0,0.0
2021-08-10 00:00:00-04:00,15.59000015258789,15.630000114440918,14.970000267028809,14.989999771118164,1046600,0.0,0.0
2021-08-11 00:00:00-04:00,15.0,15.069999694824219,14.34000015258789,14.350000381469727,1213300,0.0,0.0
2021-08-12 00:00:00-04:00,14.420000076293945,14.430000305175781,14.15999984741211,14.300000190734863,1025800,0.0,0.0
2021-08-13 00:00:00-04:00,14.279999732971191,14.470000267028809,14.1899995803833,14.289999961853027,747800,0.0,0.0
2021-08-16 00:00:00-04:00,14.319999694824219,14.319999694824219,13.680000305175781,13.770000457763672,1185800,0.0,0.0
2021-08-17 00:00:00-04:00,13.529999732971191,13.739999771118164,13.399999618530273,13.670000076293945,946900,0.0,0.0
2021-08-18 00:00:00-04:00,13.670000076293945,13.819999694824219,13.489999771118164,13.520000457763672,601900,0.0,0.0
2021-08-19 00:00:00-04:00,13.420000076293945,13.5600004196167,13.069999694824219,13.069999694824219,884400,0.0,0.0
2021-08-20 00:00:00-04:00,13.079999923706055,13.789999961853027,12.920000076293945,13.609999656677246,819000,0.0,0.0
2021-08-23 00:00:00-04:00,13.739999771118164,14.079999923706055,13.729999542236328,14.039999961853027,690800,0.0,0.0
2021-08-24 00:00:00-04:00,14.100000381469727,14.1899995803833,13.770000457763672,14.079999923706055,777000,0.0,0.0
2021-08-25 00:00:00-04:00,14.010000228881836,14.609999656677246,13.979999542236328,14.420000076293945,713300,0.0,0.0
2021-08-26 00:00:00-04:00,14.329999923706055,14.569999694824219,14.130000114440918,14.229999542236328,880200,0.0,0.0
2021-08-27 00:00:00-04:00,14.210000038146973,15.25,14.140000343322754,14.949999809265137,1435000,0.0,0.0
2021-08-30 00:00:00-04:00,15.239999771118164,15.720000267028809,14.960000038146973,15.149999618530273,1093000,0.0,0.0
2021-08-31 00:00:00-04:00,15.140000343322754,15.529999732971191,15.039999961853027,15.479999542236328,972800,0.0,0.0
2021-09-01 00:00:00-04:00,15.579999923706055,15.960000038146973,15.479999542236328,15.760000228881836,922200,0.0,0.0
2021-09-02 00:00:00-04:00,15.760000228881836,15.9399995803833,15.609999656677246,15.859999656677246,799300,0.0,0.0
2021-09-03 00:00:00-04:00,15.8100004196167,15.920000076293945,15.520000457763672,15.869999885559082,641000,0.0,0.0
2021-09-07 00:00:00-04:00,15.920000076293945,16.100000381469727,15.710000038146973,16.030000686645508,735900,0.0,0.0
2021-09-08 00:00:00-04:00,16.040000915527344,16.299999237060547,15.720000267028809,16.209999084472656,786300,0.0,0.0
2021-09-09 00:00:00-04:00,16.1299991607666,16.270000457763672,15.760000228881836,15.779999732971191,637000,0.0,0.0
2021-09-10 00:00:00-04:00,15.789999961853027,15.989999771118164,15.399999618530273,15.949999809265137,789900,0.0,0.0
2021-09-13 00:00:00-04:00,16.0,16.530000686645508,15.829999923706055,16.3700008392334,836700,0.0,0.0
2021-09-14 00:00:00-04:00,16.469999313354492,16.729999542236328,15.899999618530273,15.970000267028809,711100,0.0,0.0
2021-09-15 00:00:00-04:00,15.930000305175781,16.479999542236328,15.90999984741211,16.18000030517578,715600,0.0,0.0
2021-09-16 00:00:00-04:00,16.209999084472656,16.31999969482422,15.869999885559082,16.260000228881836,564900,0.0,0.0
2021-09-17 00:00:00-04:00,16.260000228881836,16.579999923706055,15.9399995803833,16.510000228881836,1748100,0.0,0.0
2021-09-20 00:00:00-04:00,16.3700008392334,16.65999984741211,16.18000030517578,16.34000015258789,615600,0.0,0.0
2021-09-21 00:00:00-04:00,16.760000228881836,17.84000015258789,16.68000030517578,17.719999313354492,1470900,0.0,0.0
2021-09-22 00:00:00-04:00,17.68000030517578,18.290000915527344,17.3799991607666,17.780000686645508,1064200,0.0,0.0
2021-09-23 00:00:00-04:00,17.780000686645508,18.540000915527344,17.709999084472656,18.459999084472656,1136800,0.0,0.0
2021-09-24 00:00:00-04:00,18.350000381469727,18.670000076293945,18.010000228881836,18.510000228881836,822500,0.0,0.0
2021-09-27 00:00:00-04:00,18.540000915527344,19.3700008392334,18.5,18.84000015258789,1179900,0.0,0.0
2021-09-28 00:00:00-04:00,18.780000686645508,18.920000076293945,18.350000381469727,18.420000076293945,808800,0.0,0.0
2021-09-29 00:00:00-04:00,18.5,18.520000457763672,17.899999618530273,17.93000030517578,673400,0.0,0.0
2021-09-30 00:00:00-04:00,17.940000534057617,18.290000915527344,17.8700008392334,17.959999084472656,877800,0.0,0.0
2021-10-01 00:00:00-04:00,17.920000076293945,18.549999237060547,17.760000228881836,18.40999984741211,970100,0.0,0.0
2021-10-04 00:00:00-04:00,18.399999618530273,18.690000534057617,18.049999237060547,18.110000610351562,770600,0.0,0.0
2021-10-05 00:00:00-04:00,18.1200008392334,18.399999618530273,17.1200008392334,17.139999389648438,1097300,0.0,0.0
2021-10-06 00:00:00-04:00,16.56999969482422,17.030000686645508,15.949999809265137,16.1200008392334,1607800,0.0,0.0
2021-10-07 00:00:00-04:00,16.209999084472656,17.010000228881836,16.209999084472656,16.84000015258789,922500,0.0,0.0
2021-10-08 00:00:00-04:00,16.780000686645508,17.149999618530273,16.68000030517578,17.020000457763672,570800,0.0,0.0
2021-10-11 00:00:00-04:00,17.06999969482422,17.440000534057617,16.969999313354492,17.219999313354492,579900,0.0,0.0
2021-10-12 00:00:00-04:00,17.229999542236328,17.760000228881836,17.170000076293945,17.65999984741211,504500,0.0,0.0
2021-10-13 00:00:00-04:00,17.68000030517578,17.90999984741211,17.049999237060547,17.06999969482422,644600,0.0,0.0
2021-10-14 00:00:00-04:00,17.260000228881836,17.469999313354492,16.850000381469727,17.06999969482422,1004900,0.0,0.0
2021-10-15 00:00:00-04:00,17.1299991607666,17.469999313354492,16.899999618530273,17.309999465942383,1696300,0.0,0.0
2021-10-18 00:00:00-04:00,17.219999313354492,17.25,16.270000457763672,16.329999923706055,902300,0.0,0.0
2021-10-19 00:00:00-04:00,16.309999465942383,16.729999542236328,16.229999542236328,16.65999984741211,1153900,0.0,0.0
2021-10-20 00:00:00-04:00,16.600000381469727,16.65999984741211,16.219999313354492,16.239999771118164,626000,0.0,0.0
2021-10-21 00:00:00-04:00,16.239999771118164,16.68000030517578,16.190000534057617,16.559999465942383,591000,0.0,0.0
2021-10-22 00:00:00-04:00,16.469999313354492,16.610000610351562,16.25,16.350000381469727,406800,0.0,0.0
2021-10-25 00:00:00-04:00,16.350000381469727,16.549999237060547,16.100000381469727,16.1200008392334,562500,0.0,0.0
2021-10-26 00:00:00-04:00,16.219999313354492,16.43000030517578,16.030000686645508,16.25,569800,0.0,0.0
2021-10-27 00:00:00-04:00,16.200000762939453,16.299999237060547,15.859999656677246,15.920000076293945,962900,0.0,0.0
2021-10-28 00:00:00-04:00,15.930000305175781,16.360000610351562,15.930000305175781,16.1299991607666,660000,0.0,0.0
2021-10-29 00:00:00-04:00,16.100000381469727,16.219999313354492,14.979999542236328,15.15999984741211,1856500,0.0,0.0
2021-11-01 00:00:00-04:00,15.119999885559082,16.299999237060547,14.899999618530273,16.229999542236328,1631200,0.0,0.0
2021-11-02 00:00:00-04:00,16.059999465942383,17.040000915527344,15.829999923706055,16.670000076293945,1517600,0.0,0.0
2021-11-03 00:00:00-04:00,16.579999923706055,17.139999389648438,16.579999923706055,17.020000457763672,836500,0.0,0.0
2021-11-04 00:00:00-04:00,17.790000915527344,17.790000915527344,16.579999923706055,16.649999618530273,1163500,0.0,0.0
2021-11-05 00:00:00-04:00,14.109999656677246,14.819999694824219,12.350000381469727,13.449999809265137,5447400,0.0,0.0
2021-11-08 00:00:00-05:00,13.9399995803833,14.710000038146973,13.149999618530273,14.649999618530273,2600200,0.0,0.0
2021-11-09 00:00:00-05:00,14.510000228881836,14.6899995803833,13.760000228881836,13.819999694824219,1666900,0.0,0.0
2021-11-10 00:00:00-05:00,13.729999542236328,14.100000381469727,13.569999694824219,13.579999923706055,1235700,0.0,0.0
2021-11-11 00:00:00-05:00,13.460000038146973,13.75,13.319999694824219,13.550000190734863,1261800,0.0,0.0
2021-11-12 00:00:00-05:00,13.640000343322754,13.779999732971191,13.050000190734863,13.359999656677246,1526000,0.0,0.0
2021-11-15 00:00:00-05:00,13.300000190734863,13.65999984741211,13.210000038146973,13.34000015258789,1208200,0.0,0.0
2021-11-16 00:00:00-05:00,13.279999732971191,13.520000457763672,12.84000015258789,13.289999961853027,1764600,0.0,0.0
2021-11-17 00:00:00-05:00,13.180000305175781,13.390000343322754,12.789999961853027,12.850000381469727,1583100,0.0,0.0
2021-11-18 00:00:00-05:00,12.710000038146973,12.770000457763672,11.5600004196167,11.760000228881836,2425200,0.0,0.0
2021-11-19 00:00:00-05:00,11.819999694824219,12.229999542236328,11.649999618530273,11.800000190734863,1481500,0.0,0.0
2021-11-22 00:00:00-05:00,11.850000381469727,11.960000038146973,11.350000381469727,11.520000457763672,1504300,0.0,0.0
2021-11-23 00:00:00-05:00,11.510000228881836,11.529999732971191,11.0,11.40999984741211,1414800,0.0,0.0
2021-11-24 00:00:00-05:00,11.289999961853027,11.699999809265137,11.09000015258789,11.619999885559082,1142100,0.0,0.0
2021-11-26 00:00:00-05:00,11.380000114440918,11.739999771118164,11.15999984741211,11.210000038146973,955800,0.0,0.0
2021-11-29 00:00:00-05:00,11.34000015258789,11.619999885559082,10.970000267028809,11.109999656677246,1786900,0.0,0.0
2021-11-30 00:00:00-05:00,10.989999771118164,11.319999694824219,10.779999732971191,11.260000228881836,1667600,0.0,0.0
2021-12-01 00:00:00-05:00,11.289999961853027,11.729999542236328,11.149999618530273,11.199999809265137,1787200,0.0,0.0
2021-12-02 00:00:00-05:00,11.319999694824219,11.569999694824219,11.0600004196167,11.40999984741211,1103700,0.0,0.0
2021-12-03 00:00:00-05:00,11.520000457763672,11.5600004196167,10.59000015258789,10.829999923706055,1575100,0.0,0.0
2021-12-06 00:00:00-05:00,11.319999694824219,11.970000267028809,11.270000457763672,11.859999656677246,3882700,0.0,0.0
2021-12-07 00:00:00-05:00,11.949999809265137,12.5,11.920000076293945,12.180000305175781,3926700,0.0,0.0
2021-12-08 00:00:00-05:00,12.180000305175781,12.899999618530273,11.90999984741211,12.729999542236328,2597500,0.0,0.0
2021-12-09 00:00:00-05:00,12.899999618530273,12.899999618530273,12.399999618530273,12.430000305175781,2444800,0.0,0.0
2021-12-10 00:00:00-05:00,12.449999809265137,12.899999618530273,12.270000457763672,12.359999656677246,1972000,0.0,0.0
2021-12-13 00:00:00-05:00,12.199999809265137,12.729999542236328,12.130000114440918,12.649999618530273,1746100,0.0,0.0
2021-12-14 00:00:00-05:00,12.460000038146973,12.920000076293945,12.390000343322754,12.680000305175781,1625200,0.0,0.0
2021-12-15 00:00:00-05:00,12.699999809265137,13.020000457763672,12.390000343322754,12.960000038146973,2122200,0.0,0.0
2021-12-16 00:00:00-05:00,13.029999732971191,13.6899995803833,13.020000457763672,13.220000267028809,2161100,0.0,0.0
2021-12-17 00:00:00-05:00,13.239999771118164,13.75,12.90999984741211,13.670000076293945,34976800,0.0,0.0
2021-12-20 00:00:00-05:00,13.5,14.75,13.399999618530273,14.670000076293945,3385700,0.0,0.0
2021-12-21 00:00:00-05:00,14.729999542236328,15.399999618530273,14.369999885559082,15.369999885559082,2591500,0.0,0.0
2021-12-22 00:00:00-05:00,15.199999809265137,15.8100004196167,15.199999809265137,15.729999542236328,1949200,0.0,0.0
2021-12-23 00:00:00-05:00,15.800000190734863,15.949999809265137,15.520000457763672,15.670000076293945,1320400,0.0,0.0
2021-12-27 00:00:00-05:00,15.649999618530273,15.720000267028809,15.119999885559082,15.380000114440918,1540400,0.0,0.0
2021-12-28 00:00:00-05:00,15.239999771118164,15.420000076293945,14.930000305175781,15.039999961853027,1778900,0.0,0.0
2021-12-29 00:00:00-05:00,14.869999885559082,14.90999984741211,14.170000076293945,14.199999809265137,2016500,0.0,0.0
2021-12-30 00:00:00-05:00,14.140000343322754,14.600000381469727,13.920000076293945,14.0,1644400,0.0,0.0
2021-12-31 00:00:00-05:00,13.970000267028809,14.319999694824219,13.470000267028809,13.510000228881836,1246400,0.0,0.0
2022-01-03 00:00:00-05:00,13.579999923706055,14.0600004196167,13.399999618530273,13.65999984741211,2603500,0.0,0.0
2022-01-04 00:00:00-05:00,13.539999961853027,13.84000015258789,13.270000457763672,13.720000267028809,2189200,0.0,0.0
2022-01-05 00:00:00-05:00,13.65999984741211,13.819999694824219,12.550000190734863,12.770000457763672,2001300,0.0,0.0
2022-01-06 00:00:00-05:00,12.229999542236328,12.779999732971191,12.029999732971191,12.699999809265137,2721500,0.0,0.0
2022-01-07 00:00:00-05:00,12.75,13.270000457763672,12.630000114440918,12.680000305175781,2010800,0.0,0.0
2022-01-10 00:00:00-05:00,12.65999984741211,12.680000305175781,12.270000457763672,12.539999961853027,1458000,0.0,0.0
2022-01-11 00:00:00-05:00,12.569999694824219,12.760000228881836,12.319999694824219,12.369999885559082,1865700,0.0,0.0
2022-01-12 00:00:00-05:00,12.359999656677246,12.420000076293945,11.84000015258789,12.279999732971191,2274900,0.0,0.0
2022-01-13 00:00:00-05:00,12.300000190734863,12.449999809265137,11.84000015258789,12.0,2358200,0.0,0.0
2022-01-14 00:00:00-05:00,11.829999923706055,12.140000343322754,11.5,12.100000381469727,2377200,0.0,0.0
2022-01-18 00:00:00-05:00,12.0,12.239999771118164,11.40999984741211,11.720000267028809,3425900,0.0,0.0
2022-01-19 00:00:00-05:00,11.770000457763672,12.319999694824219,11.699999809265137,12.140000343322754,2402500,0.0,0.0
2022-01-20 00:00:00-05:00,12.270000457763672,12.59000015258789,11.770000457763672,11.779999732971191,1917100,0.0,0.0
2022-01-21 00:00:00-05:00,11.579999923706055,11.899999618530273,10.90999984741211,10.949999809265137,3641300,0.0,0.0
2022-01-24 00:00:00-05:00,10.630000114440918,11.229999542236328,10.140000343322754,11.180000305175781,2470200,0.0,0.0
2022-01-25 00:00:00-05:00,11.0,11.1899995803833,10.630000114440918,10.899999618530273,2195400,0.0,0.0
2022-01-26 00:00:00-05:00,11.0,11.229999542236328,10.640000343322754,10.649999618530273,1943500,0.0,0.0
2022-01-27 00:00:00-05:00,10.869999885559082,11.09000015258789,10.289999961853027,10.359999656677246,1339500,0.0,0.0
2022-01-28 00:00:00-05:00,10.399999618530273,10.649999618530273,10.130000114440918,10.649999618530273,1194300,0.0,0.0
2022-01-31 00:00:00-05:00,10.710000038146973,11.149999618530273,10.600000381469727,11.119999885559082,2366200,0.0,0.0
2022-02-01 00:00:00-05:00,11.140000343322754,11.34000015258789,10.720000267028809,11.0600004196167,2127700,0.0,0.0
2022-02-02 00:00:00-05:00,11.170000076293945,11.170000076293945,10.479999542236328,10.510000228881836,3146300,0.0,0.0
2022-02-03 00:00:00-05:00,10.380000114440918,10.380000114440918,9.850000381469727,9.930000305175781,1971600,0.0,0.0
2022-02-04 00:00:00-05:00,9.899999618530273,10.630000114440918,9.75,10.460000038146973,2155200,0.0,0.0
2022-02-07 00:00:00-05:00,10.5,10.84000015258789,10.420000076293945,10.579999923706055,1571800,0.0,0.0
2022-02-08 00:00:00-05:00,10.5600004196167,10.6899995803833,10.1899995803833,10.670000076293945,1245700,0.0,0.0
2022-02-09 00:00:00-05:00,10.75,11.289999961853027,10.6899995803833,11.279999732971191,1575500,0.0,0.0
2022-02-10 00:00:00-05:00,11.100000381469727,11.59000015258789,10.949999809265137,11.050000190734863,1654400,0.0,0.0
2022-02-11 00:00:00-05:00,11.029999732971191,11.300000190734863,10.760000228881836,10.90999984741211,1336200,0.0,0.0
2022-02-14 00:00:00-05:00,10.880000114440918,11.119999885559082,10.8100004196167,10.859999656677246,1605300,0.0,0.0
2022-02-15 00:00:00-05:00,11.029999732971191,11.319999694824219,10.9399995803833,11.180000305175781,1433900,0.0,0.0
2022-02-16 00:00:00-05:00,11.149999618530273,11.289999961853027,10.770000457763672,11.1899995803833,1481100,0.0,0.0
2022-02-17 00:00:00-05:00,10.9399995803833,11.119999885559082,10.600000381469727,10.6899995803833,1508700,0.0,0.0
2022-02-18 00:00:00-05:00,10.579999923706055,10.770000457763672,10.329999923706055,10.550000190734863,1587200,0.0,0.0
2022-02-22 00:00:00-05:00,10.350000381469727,10.649999618530273,10.279999732971191,10.329999923706055,1609500,0.0,0.0
2022-02-23 00:00:00-05:00,10.390000343322754,10.59000015258789,9.760000228881836,9.779999732971191,1785000,0.0,0.0
2022-02-24 00:00:00-05:00,9.479999542236328,10.239999771118164,9.3100004196167,10.199999809265137,2286400,0.0,0.0
2022-02-25 00:00:00-05:00,10.239999771118164,10.34000015258789,9.859999656677246,9.979999542236328,1757500,0.0,0.0
2022-02-28 00:00:00-05:00,9.869999885559082,10.279999732971191,9.75,10.239999771118164,2188400,0.0,0.0
2022-03-01 00:00:00-05:00,10.40999984741211,11.270000457763672,10.329999923706055,10.979999542236328,2336000,0.0,0.0
2022-03-02 00:00:00-05:00,10.920000076293945,11.15999984741211,10.649999618530273,10.75,1567800,0.0,0.0
2022-03-03 00:00:00-05:00,10.8100004196167,10.920000076293945,10.270000457763672,10.600000381469727,2117600,0.0,0.0
2022-03-04 00:00:00-05:00,10.460000038146973,10.770000457763672,10.3100004196167,10.5,1672800,0.0,0.0
2022-03-07 00:00:00-05:00,10.350000381469727,10.520000457763672,9.90999984741211,10.119999885559082,1466100,0.0,0.0
2022-03-08 00:00:00-05:00,10.15999984741211,10.569999694824219,9.880000114440918,10.34000015258789,1418500,0.0,0.0
2022-03-09 00:00:00-05:00,10.869999885559082,11.390000343322754,10.729999542236328,11.050000190734863,2978300,0.0,0.0
2022-03-10 00:00:00-05:00,10.899999618530273,11.109999656677246,10.5600004196167,10.930000305175781,1745800,0.0,0.0
2022-03-11 00:00:00-05:00,10.979999542236328,11.130000114440918,10.550000190734863,10.630000114440918,1118900,0.0,0.0
2022-03-14 00:00:00-04:00,5.0,5.25,3.990000009536743,4.159999847412109,26150600,0.0,0.0
2022-03-15 00:00:00-04:00,3.950000047683716,4.489999771118164,3.880000114440918,4.480000019073486,8881800,0.0,0.0
2022-03-16 00:00:00-04:00,4.46999979019165,4.760000228881836,4.349999904632568,4.630000114440918,6878000,0.0,0.0
2022-03-17 00:00:00-04:00,4.690000057220459,5.809999942779541,4.599999904632568,5.539999961853027,9298600,0.0,0.0
2022-03-18 00:00:00-04:00,5.449999809265137,5.75,5.429999828338623,5.599999904632568,4987800,0.0,0.0
2022-03-21 00:00:00-04:00,5.550000190734863,5.78000020980835,5.46999979019165,5.690000057220459,3787300,0.0,0.0
2022-03-22 00:00:00-04:00,5.679999828338623,6.400000095367432,5.610000133514404,6.079999923706055,5451100,0.0,0.0
2022-03-23 00:00:00-04:00,6.0,6.369999885559082,5.940000057220459,6.170000076293945,2850000,0.0,0.0
2022-03-24 00:00:00-04:00,6.179999828338623,6.269999980926514,5.849999904632568,5.869999885559082,3443700,0.0,0.0
2022-03-25 00:00:00-04:00,5.880000114440918,5.960000038146973,5.550000190734863,5.619999885559082,2203300,0.0,0.0
2022-03-28 00:00:00-04:00,5.670000076293945,5.78000020980835,5.449999809265137,5.550000190734863,3160900,0.0,0.0
2022-03-29 00:00:00-04:00,5.590000152587891,5.940000057220459,5.579999923706055,5.75,3788700,0.0,0.0
2022-03-30 00:00:00-04:00,5.75,5.829999923706055,5.5,5.570000171661377,3961400,0.0,0.0
2022-03-31 00:00:00-04:00,5.679999828338623,5.679999828338623,5.349999904632568,5.389999866485596,2725800,0.0,0.0
2022-04-01 00:00:00-04:00,5.380000114440918,5.659999847412109,5.309999942779541,5.590000152587891,3673500,0.0,0.0
2022-04-04 00:00:00-04:00,5.559999942779541,5.889999866485596,5.559999942779541,5.730000019073486,3486500,0.0,0.0
2022-04-05 00:00:00-04:00,5.730000019073486,5.809999942779541,5.559999942779541,5.639999866485596,2721600,0.0,0.0
2022-04-06 00:00:00-04:00,5.590000152587891,5.860000133514404,5.480000019073486,5.739999771118164,3195400,0.0,0.0
2022-04-07 00:00:00-04:00,5.710000038146973,5.829999923706055,5.510000228881836,5.769999980926514,2515100,0.0,0.0
2022-04-08 00:00:00-04:00,5.78000020980835,5.849999904632568,5.5,5.510000228881836,2660200,0.0,0.0
2022-04-11 00:00:00-04:00,5.420000076293945,5.670000076293945,5.389999866485596,5.599999904632568,3470400,0.0,0.0
2022-04-12 00:00:00-04:00,5.659999847412109,5.960000038146973,5.630000114440918,5.710000038146973,5620700,0.0,0.0
2022-04-13 00:00:00-04:00,5.710000038146973,6.230000019073486,5.610000133514404,6.170000076293945,4421700,0.0,0.0
2022-04-14 00:00:00-04:00,6.119999885559082,6.260000228881836,5.980000019073486,6.159999847412109,9697900,0.0,0.0
2022-04-18 00:00:00-04:00,4.0,4.78000020980835,3.7799999713897705,4.739999771118164,20839200,0.0,0.0
2022-04-19 00:00:00-04:00,4.789999961853027,4.920000076293945,4.53000020980835,4.630000114440918,6206700,0.0,0.0
2022-04-20 00:00:00-04:00,4.579999923706055,4.800000190734863,4.409999847412109,4.659999847412109,4396000,0.0,0.0
2022-04-21 00:00:00-04:00,4.710000038146973,4.760000228881836,4.369999885559082,4.5,3196400,0.0,0.0
2022-04-22 00:00:00-04:00,4.550000190734863,4.639999866485596,4.400000095367432,4.559999942779541,2666100,0.0,0.0
2022-04-25 00:00:00-04:00,4.590000152587891,4.769999980926514,4.510000228881836,4.71999979019165,2727400,0.0,0.0
2022-04-26 00:00:00-04:00,4.639999866485596,4.739999771118164,4.300000190734863,4.329999923706055,3991800,0.0,0.0
2022-04-27 00:00:00-04:00,4.380000114440918,4.440000057220459,4.170000076293945,4.260000228881836,5338500,0.0,0.0
2022-04-28 00:00:00-04:00,4.289999961853027,4.289999961853027,3.869999885559082,4.210000038146973,6367800,0.0,0.0
2022-04-29 00:00:00-04:00,4.21999979019165,4.340000152587891,4.090000152587891,4.130000114440918,4358800,0.0,0.0
2022-05-02 00:00:00-04:00,4.130000114440918,4.519999980926514,4.110000133514404,4.5,4028300,0.0,0.0
2022-05-03 00:00:00-04:00,4.5,4.710000038146973,4.440000057220459,4.510000228881836,3511500,0.0,0.0
2022-05-04 00:00:00-04:00,4.5,4.679999828338623,4.269999980926514,4.659999847412109,2538400,0.0,0.0
2022-05-05 00:00:00-04:00,4.610000133514404,4.610000133514404,4.329999923706055,4.440000057220459,2207400,0.0,0.0
2022-05-06 00:00:00-04:00,4.400000095367432,4.460000038146973,4.039999961853027,4.349999904632568,4508500,0.0,0.0
2022-05-09 00:00:00-04:00,4.300000190734863,4.320000171661377,3.6700000762939453,3.7100000381469727,5037500,0.0,0.0
2022-05-10 00:00:00-04:00,3.7899999618530273,4.03000020980835,3.640000104904175,3.869999885559082,3524600,0.0,0.0
2022-05-11 00:00:00-04:00,3.819999933242798,3.9100000858306885,3.5299999713897705,3.5899999141693115,2665900,0.0,0.0
2022-05-12 00:00:00-04:00,3.5299999713897705,3.799999952316284,3.5199999809265137,3.7300000190734863,2993600,0.0,0.0
2022-05-13 00:00:00-04:00,3.759999990463257,4.059999942779541,3.759999990463257,3.990000009536743,2485700,0.0,0.0
2022-05-16 00:00:00-04:00,3.950000047683716,4.079999923706055,3.859999895095825,3.880000114440918,2958500,0.0,0.0
2022-05-17 00:00:00-04:00,4.03000020980835,4.039999961853027,3.8399999141693115,3.940000057220459,1964900,0.0,0.0
2022-05-18 00:00:00-04:00,3.8299999237060547,3.9800000190734863,3.7300000190734863,3.799999952316284,2852100,0.0,0.0
2022-05-19 00:00:00-04:00,3.799999952316284,3.9700000286102295,3.75,3.9100000858306885,2590400,0.0,0.0
2022-05-20 00:00:00-04:00,3.940000057220459,4.070000171661377,3.700000047683716,3.880000114440918,1684600,0.0,0.0
2022-05-23 00:00:00-04:00,3.9000000953674316,3.9200000762939453,3.549999952316284,3.569999933242798,4365800,0.0,0.0
2022-05-24 00:00:00-04:00,3.5399999618530273,3.549999952316284,3.299999952316284,3.390000104904175,3229800,0.0,0.0
2022-05-25 00:00:00-04:00,3.4000000953674316,3.5,3.309999942779541,3.4600000381469727,3826700,0.0,0.0
2022-05-26 00:00:00-04:00,3.4700000286102295,3.5999999046325684,3.4200000762939453,3.4600000381469727,2241300,0.0,0.0
2022-05-27 00:00:00-04:00,3.450000047683716,3.5899999141693115,3.3499999046325684,3.5399999618530273,2281800,0.0,0.0
2022-05-31 00:00:00-04:00,3.5,3.700000047683716,3.390000104904175,3.4800000190734863,4003800,0.0,0.0
2022-06-01 00:00:00-04:00,3.4700000286102295,3.7200000286102295,3.4200000762939453,3.549999952316284,4493200,0.0,0.0
2022-06-02 00:00:00-04:00,3.5299999713897705,3.7100000381469727,3.440000057220459,3.6600000858306885,2358400,0.0,0.0
2022-06-03 00:00:00-04:00,3.6500000953674316,3.7699999809265137,3.5799999237060547,3.630000114440918,2285500,0.0,0.0
2022-06-06 00:00:00-04:00,3.7100000381469727,3.759999990463257,3.4700000286102295,3.549999952316284,2049200,0.0,0.0
2022-06-07 00:00:00-04:00,3.5299999713897705,3.6600000858306885,3.490000009536743,3.640000104904175,2324000,0.0,0.0
2022-06-08 00:00:00-04:00,3.640000104904175,3.8299999237060547,3.609999895095825,3.7200000286102295,2009400,0.0,0.0
2022-06-09 00:00:00-04:00,3.700000047683716,3.75,3.5,3.509999990463257,1848100,0.0,0.0
2022-06-10 00:00:00-04:00,3.440000057220459,3.4800000190734863,3.2799999713897705,3.319999933242798,1764800,0.0,0.0
2022-06-13 00:00:00-04:00,3.2300000190734863,3.25,3.0199999809265137,3.1700000762939453,3024300,0.0,0.0
2022-06-14 00:00:00-04:00,3.2100000381469727,3.3499999046325684,3.119999885559082,3.2699999809265137,2277300,0.0,0.0
2022-06-15 00:00:00-04:00,3.2699999809265137,3.4100000858306885,3.2300000190734863,3.359999895095825,2637000,0.0,0.0
2022-06-16 00:00:00-04:00,3.2699999809265137,3.309999942779541,3.109999895095825,3.240000009536743,2144400,0.0,0.0
2022-06-17 00:00:00-04:00,3.2699999809265137,3.569999933242798,3.259999990463257,3.4700000286102295,5606200,0.0,0.0
2022-06-21 00:00:00-04:00,3.4200000762939453,3.7899999618530273,3.4200000762939453,3.6700000762939453,4569800,0.0,0.0
2022-06-22 00:00:00-04:00,3.609999895095825,3.950000047683716,3.5799999237060547,3.8399999141693115,2565000,0.0,0.0
2022-06-23 00:00:00-04:00,3.9000000953674316,4.179999828338623,3.8399999141693115,4.159999847412109,3588900,0.0,0.0
2022-06-24 00:00:00-04:00,4.199999809265137,4.260000228881836,3.9800000190734863,4.03000020980835,24401900,0.0,0.0
2022-06-27 00:00:00-04:00,4.099999904632568,4.260000228881836,3.930000066757202,4.199999809265137,3238900,0.0,0.0
2022-06-28 00:00:00-04:00,4.179999828338623,4.239999771118164,3.950000047683716,4.019999980926514,2085700,0.0,0.0
2022-06-29 00:00:00-04:00,4.019999980926514,4.059999942779541,3.880000114440918,3.9600000381469727,4177000,0.0,0.0
2022-06-30 00:00:00-04:00,3.930000066757202,3.930000066757202,3.740000009536743,3.799999952316284,2748600,0.0,0.0
2022-07-01 00:00:00-04:00,3.7300000190734863,3.8399999141693115,3.6700000762939453,3.75,2373300,0.0,0.0
2022-07-05 00:00:00-04:00,3.759999990463257,3.950000047683716,3.630000114440918,3.930000066757202,2650200,0.0,0.0
2022-07-06 00:00:00-04:00,3.9100000858306885,4.059999942779541,3.880000114440918,3.9000000953674316,1718600,0.0,0.0
2022-07-07 00:00:00-04:00,3.940000057220459,4.070000171661377,3.869999885559082,3.930000066757202,3182100,0.0,0.0
2022-07-08 00:00:00-04:00,3.880000114440918,3.930000066757202,3.75,3.8299999237060547,2359100,0.0,0.0
2022-07-11 00:00:00-04:00,3.819999933242798,3.890000104904175,3.5199999809265137,3.5299999713897705,2460600,0.0,0.0
2022-07-12 00:00:00-04:00,3.569999933242798,3.630000114440918,3.369999885559082,3.5799999237060547,2723100,0.0,0.0
2022-07-13 00:00:00-04:00,3.509999990463257,3.6600000858306885,3.4600000381469727,3.5299999713897705,2890700,0.0,0.0
2022-07-14 00:00:00-04:00,3.5199999809265137,3.5299999713897705,3.240000009536743,3.4100000858306885,7610500,0.0,0.0
2022-07-15 00:00:00-04:00,3.4600000381469727,3.5999999046325684,3.3499999046325684,3.5799999237060547,15415900,0.0,0.0
2022-07-18 00:00:00-04:00,3.6700000762939453,3.7200000286102295,3.4700000286102295,3.5,3064100,0.0,0.0
2022-07-19 00:00:00-04:00,3.559999942779541,3.799999952316284,3.559999942779541,3.759999990463257,2979400,0.0,0.0
2022-07-20 00:00:00-04:00,3.75,4.019999980926514,3.75,4.019999980926514,2937100,0.0,0.0
2022-07-21 00:00:00-04:00,4.010000228881836,4.010000228881836,3.869999885559082,3.9700000286102295,1600600,0.0,0.0
2022-07-22 00:00:00-04:00,3.940000057220459,3.950000047683716,3.619999885559082,3.680000066757202,1884100,0.0,0.0
2022-07-25 00:00:00-04:00,3.7100000381469727,3.75,3.609999895095825,3.7200000286102295,1695000,0.0,0.0
2022-07-26 00:00:00-04:00,3.700000047683716,3.9700000286102295,3.6700000762939453,3.940000057220459,1959500,0.0,0.0
2022-07-27 00:00:00-04:00,3.9800000190734863,4.119999885559082,3.869999885559082,4.119999885559082,1909200,0.0,0.0
2022-07-28 00:00:00-04:00,4.119999885559082,4.179999828338623,3.9100000858306885,4.050000190734863,1704200,0.0,0.0
2022-07-29 00:00:00-04:00,4.010000228881836,4.119999885559082,3.880000114440918,3.9600000381469727,2174700,0.0,0.0
2022-08-01 00:00:00-04:00,3.9100000858306885,3.940000057220459,3.7699999809265137,3.7699999809265137,1772800,0.0,0.0
2022-08-02 00:00:00-04:00,3.740000009536743,4.03000020980835,3.7200000286102295,4.03000020980835,1904600,0.0,0.0
2022-08-03 00:00:00-04:00,4.079999923706055,4.46999979019165,4.070000171661377,4.46999979019165,3060500,0.0,0.0
2022-08-04 00:00:00-04:00,4.429999828338623,4.550000190734863,4.320000171661377,4.420000076293945,1962500,0.0,0.0
2022-08-05 00:00:00-04:00,4.170000076293945,4.909999847412109,4.150000095367432,4.880000114440918,2410000,0.0,0.0
2022-08-08 00:00:00-04:00,4.570000171661377,4.949999809265137,4.559999942779541,4.869999885559082,3700500,0.0,0.0
2022-08-09 00:00:00-04:00,4.849999904632568,4.920000076293945,4.699999809265137,4.710000038146973,1877300,0.0,0.0
2022-08-10 00:00:00-04:00,4.840000152587891,4.869999885559082,4.650000095367432,4.849999904632568,1639500,0.0,0.0
2022-08-11 00:00:00-04:00,4.920000076293945,5.059999942779541,4.829999923706055,4.949999809265137,1934300,0.0,0.0
2022-08-12 00:00:00-04:00,4.940000057220459,5.150000095367432,4.940000057220459,5.139999866485596,1689700,0.0,0.0
2022-08-15 00:00:00-04:00,5.079999923706055,5.179999828338623,4.849999904632568,4.909999847412109,1869600,0.0,0.0
2022-08-16 00:00:00-04:00,4.880000114440918,4.880000114440918,4.670000076293945,4.679999828338623,1548900,0.0,0.0
2022-08-17 00:00:00-04:00,4.599999904632568,4.789999961853027,4.579999923706055,4.71999979019165,1438400,0.0,0.0
2022-08-18 00:00:00-04:00,4.639999866485596,4.75,4.559999942779541,4.679999828338623,1346100,0.0,0.0
2022-08-19 00:00:00-04:00,4.619999885559082,4.71999979019165,4.539999961853027,4.599999904632568,1391200,0.0,0.0
2022-08-22 00:00:00-04:00,4.539999961853027,4.650000095367432,4.489999771118164,4.539999961853027,1102900,0.0,0.0
2022-08-23 00:00:00-04:00,4.539999961853027,4.570000171661377,4.389999866485596,4.53000020980835,1304400,0.0,0.0
2022-08-24 00:00:00-04:00,4.570000171661377,4.78000020980835,4.559999942779541,4.71999979019165,960800,0.0,0.0
2022-08-25 00:00:00-04:00,4.760000228881836,4.789999961853027,4.650000095367432,4.739999771118164,1139400,0.0,0.0
2022-08-26 00:00:00-04:00,4.760000228881836,4.760000228881836,4.380000114440918,4.380000114440918,1239400,0.0,0.0
2022-08-29 00:00:00-04:00,4.329999923706055,4.400000095367432,4.260000228881836,4.28000020980835,1263200,0.0,0.0
2022-08-30 00:00:00-04:00,4.340000152587891,4.360000133514404,4.0,4.03000020980835,2519300,0.0,0.0
2022-08-31 00:00:00-04:00,4.070000171661377,4.110000133514404,3.940000057220459,3.940000057220459,2420900,0.0,0.0
2022-09-01 00:00:00-04:00,3.9000000953674316,4.03000020980835,3.7899999618530273,4.019999980926514,1628700,0.0,0.0
2022-09-02 00:00:00-04:00,4.070000171661377,4.070000171661377,3.940000057220459,4.010000228881836,1402700,0.0,0.0
2022-09-06 00:00:00-04:00,4.0,4.019999980926514,3.740000009536743,3.759999990463257,1838400,0.0,0.0
2022-09-07 00:00:00-04:00,3.690000057220459,3.880000114440918,3.630000114440918,3.799999952316284,2081500,0.0,0.0
2022-09-08 00:00:00-04:00,3.740000009536743,3.819999933242798,3.690000057220459,3.759999990463257,1322700,0.0,0.0
2022-09-09 00:00:00-04:00,3.7899999618530273,3.8499999046325684,3.700000047683716,3.740000009536743,2470600,0.0,0.0
2022-09-12 00:00:00-04:00,3.759999990463257,3.8299999237060547,3.5299999713897705,3.809999942779541,2099900,0.0,0.0
2022-09-13 00:00:00-04:00,3.7100000381469727,3.75,3.5,3.549999952316284,1662600,0.0,0.0
2022-09-14 00:00:00-04:00,3.4800000190734863,3.559999942779541,3.4100000858306885,3.549999952316284,1488400,0.0,0.0
2022-09-15 00:00:00-04:00,3.5,3.680000066757202,3.4600000381469727,3.6600000858306885,2451900,0.0,0.0
2022-09-16 00:00:00-04:00,3.619999885559082,3.619999885559082,3.4000000953674316,3.4700000286102295,4636700,0.0,0.0
2022-09-19 00:00:00-04:00,3.4200000762939453,3.569999933242798,3.390000104904175,3.549999952316284,2554000,0.0,0.0
2022-09-20 00:00:00-04:00,3.4800000190734863,3.5199999809265137,3.319999933242798,3.4000000953674316,1887300,0.0,0.0
2022-09-21 00:00:00-04:00,3.4100000858306885,3.440000057220459,3.259999990463257,3.2899999618530273,1402900,0.0,0.0
2022-09-22 00:00:00-04:00,3.2799999713897705,3.299999952316284,3.119999885559082,3.2200000286102295,1380800,0.0,0.0
2022-09-23 00:00:00-04:00,3.1600000858306885,3.200000047683716,3.069999933242798,3.140000104904175,1663600,0.0,0.0
2022-09-26 00:00:00-04:00,3.0899999141693115,3.1700000762939453,3.0299999713897705,3.0799999237060547,1650200,0.0,0.0
2022-09-27 00:00:00-04:00,3.0999999046325684,3.1700000762939453,3.0,3.049999952316284,1603300,0.0,0.0
2022-09-28 00:00:00-04:00,3.069999933242798,3.2200000286102295,3.069999933242798,3.2100000381469727,1468600,0.0,0.0
2022-09-29 00:00:00-04:00,3.190000057220459,3.200000047683716,2.9600000381469727,3.0399999618530273,2310400,0.0,0.0
2022-09-30 00:00:00-04:00,3.059999942779541,3.359999895095825,3.059999942779541,3.200000047683716,2149800,0.0,0.0
2022-10-03 00:00:00-04:00,3.25,3.2699999809265137,3.059999942779541,3.140000104904175,2080900,0.0,0.0
2022-10-04 00:00:00-04:00,3.180000066757202,3.3499999046325684,3.180000066757202,3.3499999046325684,1732100,0.0,0.0
2022-10-05 00:00:00-04:00,3.2799999713897705,3.380000114440918,3.2300000190734863,3.359999895095825,1440200,0.0,0.0
2022-10-06 00:00:00-04:00,3.359999895095825,3.430000066757202,3.2899999618530273,3.380000114440918,1428300,0.0,0.0
2022-10-07 00:00:00-04:00,3.440000057220459,3.549999952316284,3.2100000381469727,3.5299999713897705,4055100,0.0,0.0
2022-10-10 00:00:00-04:00,3.5199999809265137,3.619999885559082,3.4800000190734863,3.549999952316284,1642900,0.0,0.0
2022-10-11 00:00:00-04:00,3.5199999809265137,3.690000057220459,3.4600000381469727,3.559999942779541,1567500,0.0,0.0
2022-10-12 00:00:00-04:00,3.5,3.619999885559082,3.4800000190734863,3.5199999809265137,1575900,0.0,0.0
2022-10-13 00:00:00-04:00,3.4700000286102295,3.75,3.4200000762939453,3.619999885559082,1944900,0.0,0.0
2022-10-14 00:00:00-04:00,3.640000104904175,3.7300000190734863,3.5399999618530273,3.549999952316284,1405300,0.0,0.0
2022-10-17 00:00:00-04:00,3.609999895095825,3.690000057220459,3.5,3.630000114440918,2089900,0.0,0.0
2022-10-18 00:00:00-04:00,3.6500000953674316,3.7699999809265137,3.619999885559082,3.6500000953674316,1416000,0.0,0.0
2022-10-19 00:00:00-04:00,3.619999885559082,3.640000104904175,3.3299999237060547,3.3499999046325684,1493900,0.0,0.0
2022-10-20 00:00:00-04:00,3.319999933242798,3.4200000762939453,3.2799999713897705,3.3499999046325684,1545600,0.0,0.0
2022-10-21 00:00:00-04:00,3.380000114440918,3.5,3.25,3.490000009536743,1376700,0.0,0.0
2022-10-24 00:00:00-04:00,3.4700000286102295,3.5799999237060547,3.390000104904175,3.569999933242798,843500,0.0,0.0
2022-10-25 00:00:00-04:00,3.559999942779541,3.7300000190734863,3.5399999618530273,3.680000066757202,1452200,0.0,0.0
2022-10-26 00:00:00-04:00,3.7200000286102295,3.859999895095825,3.6700000762939453,3.759999990463257,797800,0.0,0.0
2022-10-27 00:00:00-04:00,3.8399999141693115,3.9200000762939453,3.6500000953674316,3.6600000858306885,946500,0.0,0.0
2022-10-28 00:00:00-04:00,3.700000047683716,3.7699999809265137,3.5899999141693115,3.759999990463257,1153400,0.0,0.0
2022-10-31 00:00:00-04:00,3.7100000381469727,3.880000114440918,3.690000057220459,3.759999990463257,1329900,0.0,0.0
2022-11-01 00:00:00-04:00,3.8499999046325684,3.9100000858306885,3.7899999618530273,3.809999942779541,976800,0.0,0.0
2022-11-02 00:00:00-04:00,3.7899999618530273,3.8299999237060547,3.619999885559082,3.640000104904175,985500,0.0,0.0
2022-11-03 00:00:00-04:00,3.5899999141693115,3.5899999141693115,3.490000009536743,3.559999942779541,1020200,0.0,0.0
2022-11-04 00:00:00-04:00,3.75,3.809999942779541,3.559999942779541,3.7699999809265137,1142200,0.0,0.0
2022-11-07 00:00:00-05:00,3.8299999237060547,3.8499999046325684,3.700000047683716,3.799999952316284,1107000,0.0,0.0
2022-11-08 00:00:00-05:00,3.819999933242798,3.8399999141693115,3.7100000381469727,3.7899999618530273,904700,0.0,0.0
2022-11-09 00:00:00-05:00,3.759999990463257,3.7899999618530273,3.5799999237060547,3.5799999237060547,871000,0.0,0.0
2022-11-10 00:00:00-05:00,3.6600000858306885,3.930000066757202,3.6600000858306885,3.890000104904175,1222200,0.0,0.0
2022-11-11 00:00:00-05:00,3.890000104904175,4.300000190734863,3.8399999141693115,4.28000020980835,1556600,0.0,0.0
2022-11-14 00:00:00-05:00,4.300000190734863,4.300000190734863,4.03000020980835,4.079999923706055,1149400,0.0,0.0
2022-11-15 00:00:00-05:00,4.179999828338623,4.369999885559082,3.9100000858306885,3.9200000762939453,2382300,0.0,0.0
2022-11-16 00:00:00-05:00,3.8499999046325684,3.880000114440918,3.4200000762939453,3.5199999809265137,2031600,0.0,0.0
2022-11-17 00:00:00-05:00,3.4100000858306885,3.450000047683716,3.2899999618530273,3.430000066757202,932600,0.0,0.0
2022-11-18 00:00:00-05:00,3.509999990463257,3.509999990463257,3.319999933242798,3.490000009536743,1242500,0.0,0.0
2022-11-21 00:00:00-05:00,3.430000066757202,3.5,3.309999942779541,3.359999895095825,822000,0.0,0.0
2022-11-22 00:00:00-05:00,3.369999885559082,3.440000057220459,3.259999990463257,3.430000066757202,882800,0.0,0.0
2022-11-23 00:00:00-05:00,3.4000000953674316,3.490000009536743,3.2799999713897705,3.2799999713897705,618800,0.0,0.0
2022-11-25 00:00:00-05:00,3.2699999809265137,3.299999952316284,3.2300000190734863,3.240000009536743,355100,0.0,0.0
2022-11-28 00:00:00-05:00,3.2200000286102295,3.259999990463257,3.0799999237060547,3.0999999046325684,704600,0.0,0.0
2022-11-29 00:00:00-05:00,3.109999895095825,3.140000104904175,2.9000000953674316,2.9100000858306885,2520800,0.0,0.0
2022-11-30 00:00:00-05:00,2.880000114440918,2.950000047683716,2.75,2.799999952316284,5132900,0.0,0.0
2022-12-01 00:00:00-05:00,2.799999952316284,3.0199999809265137,2.7300000190734863,2.880000114440918,14783000,0.0,0.0
2022-12-02 00:00:00-05:00,2.8399999141693115,3.0999999046325684,2.8399999141693115,3.049999952316284,2838700,0.0,0.0
2022-12-05 00:00:00-05:00,3.049999952316284,3.180000066757202,2.950000047683716,2.9700000286102295,2931600,0.0,0.0
2022-12-06 00:00:00-05:00,2.869999885559082,2.9700000286102295,2.8499999046325684,2.9100000858306885,1316400,0.0,0.0
2022-12-07 00:00:00-05:00,2.930000066757202,3.009999990463257,2.890000104904175,2.9100000858306885,973500,0.0,0.0
2022-12-08 00:00:00-05:00,2.930000066757202,2.990000009536743,2.819999933242798,2.9000000953674316,913800,0.0,0.0
2022-12-09 00:00:00-05:00,2.869999885559082,2.9200000762939453,2.7899999618530273,2.799999952316284,863700,0.0,0.0
2022-12-12 00:00:00-05:00,2.75,2.809999942779541,2.6700000762939453,2.7100000381469727,1248800,0.0,0.0
2022-12-13 00:00:00-05:00,2.8499999046325684,2.9200000762939453,2.740000009536743,2.7699999809265137,1344100,0.0,0.0
2022-12-14 00:00:00-05:00,2.7799999713897705,2.7899999618530273,2.700000047683716,2.740000009536743,1138700,0.0,0.0
2022-12-15 00:00:00-05:00,2.7100000381469727,2.759999990463257,2.640000104904175,2.700000047683716,1460200,0.0,0.0
2022-12-16 00:00:00-05:00,2.6600000858306885,2.680000066757202,2.5799999237060547,2.6600000858306885,3111800,0.0,0.0
2022-12-19 00:00:00-05:00,2.6500000953674316,2.700000047683716,2.4100000858306885,2.440000057220459,1163800,0.0,0.0
2022-12-20 00:00:00-05:00,2.4200000762939453,2.509999990463257,2.4200000762939453,2.440000057220459,1570400,0.0,0.0
2022-12-21 00:00:00-05:00,2.450000047683716,2.549999952316284,2.440000057220459,2.4800000190734863,1125400,0.0,0.0
2022-12-22 00:00:00-05:00,2.450000047683716,2.4800000190734863,2.2699999809265137,2.299999952316284,936600,0.0,0.0
2022-12-23 00:00:00-05:00,2.3299999237060547,2.3299999237060547,2.130000114440918,2.1500000953674316,1361400,0.0,0.0
2022-12-27 00:00:00-05:00,2.1500000953674316,2.200000047683716,1.9900000095367432,2.0299999713897705,1581300,0.0,0.0
2022-12-28 00:00:00-05:00,2.0399999618530273,2.109999895095825,2.0199999809265137,2.069999933242798,1414900,0.0,0.0
2022-12-29 00:00:00-05:00,2.119999885559082,2.240000009536743,2.119999885559082,2.200000047683716,1723300,0.0,0.0
2022-12-30 00:00:00-05:00,2.1500000953674316,2.2699999809265137,2.140000104904175,2.259999990463257,1512500,0.0,0.0
2023-01-03 00:00:00-05:00,2.2899999618530273,2.359999895095825,2.1500000953674316,2.190000057220459,1642200,0.0,0.0
2023-01-04 00:00:00-05:00,2.25,2.359999895095825,2.190000057220459,2.3399999141693115,1716900,0.0,0.0
2023-01-05 00:00:00-05:00,2.3399999141693115,2.4100000858306885,2.2699999809265137,2.390000104904175,1214000,0.0,0.0
2023-01-06 00:00:00-05:00,2.4200000762939453,2.4800000190734863,2.319999933242798,2.4200000762939453,1065800,0.0,0.0
2023-01-09 00:00:00-05:00,2.4800000190734863,2.4800000190734863,2.3399999141693115,2.359999895095825,1223000,0.0,0.0
2023-01-10 00:00:00-05:00,2.3499999046325684,2.450000047683716,2.3499999046325684,2.4200000762939453,1086600,0.0,0.0
2023-01-11 00:00:00-05:00,2.4200000762939453,2.430000066757202,2.2899999618530273,2.319999933242798,1046700,0.0,0.0
2023-01-12 00:00:00-05:00,2.319999933242798,2.430000066757202,2.2699999809265137,2.4100000858306885,1757600,0.0,0.0
2023-01-13 00:00:00-05:00,2.4200000762939453,2.5799999237060547,2.380000114440918,2.5199999809265137,1142500,0.0,0.0
2023-01-17 00:00:00-05:00,2.5199999809265137,2.5299999713897705,2.4100000858306885,2.490000009536743,965600,0.0,0.0
2023-01-18 00:00:00-05:00,2.509999990463257,2.5799999237060547,2.3499999046325684,2.369999885559082,720200,0.0,0.0
2023-01-19 00:00:00-05:00,2.380000114440918,2.380000114440918,2.2899999618530273,2.3399999141693115,702600,0.0,0.0
2023-01-20 00:00:00-05:00,2.380000114440918,2.380000114440918,2.2300000190734863,2.319999933242798,1039800,0.0,0.0
2023-01-23 00:00:00-05:00,2.299999952316284,2.3399999141693115,2.2200000286102295,2.240000009536743,935600,0.0,0.0
2023-01-24 00:00:00-05:00,2.240000009536743,2.3499999046325684,2.200000047683716,2.2699999809265137,1511000,0.0,0.0
2023-01-25 00:00:00-05:00,2.2200000286102295,2.3299999237060547,2.190000057220459,2.3299999237060547,1830100,0.0,0.0
2023-01-26 00:00:00-05:00,2.359999895095825,2.4700000286102295,2.319999933242798,2.4600000381469727,1601100,0.0,0.0
2023-01-27 00:00:00-05:00,2.4200000762939453,2.630000114440918,2.4000000953674316,2.609999895095825,1790000,0.0,0.0
2023-01-30 00:00:00-05:00,2.609999895095825,2.640000104904175,2.509999990463257,2.609999895095825,1302000,0.0,0.0
2023-01-31 00:00:00-05:00,2.5899999141693115,2.7699999809265137,2.5899999141693115,2.7200000286102295,2237400,0.0,0.0
2023-02-01 00:00:00-05:00,2.740000009536743,2.9600000381469727,2.700000047683716,2.950000047683716,2187800,0.0,0.0
2023-02-02 00:00:00-05:00,3.0,3.0299999713897705,2.859999895095825,3.0,2067500,0.0,0.0
2023-02-03 00:00:00-05:00,2.930000066757202,3.1500000953674316,2.890000104904175,3.0899999141693115,1509000,0.0,0.0
2023-02-06 00:00:00-05:00,3.059999942779541,3.1600000858306885,3.0299999713897705,3.0899999141693115,1240800,0.0,0.0
2023-02-07 00:00:00-05:00,3.0799999237060547,3.190000057220459,3.0399999618530273,3.1500000953674316,921400,0.0,0.0
2023-02-08 00:00:00-05:00,3.0999999046325684,3.1600000858306885,3.059999942779541,3.0799999237060547,1054200,0.0,0.0
2023-02-09 00:00:00-05:00,3.109999895095825,3.1700000762939453,2.990000009536743,3.0,1341000,0.0,0.0
2023-02-10 00:00:00-05:00,2.940000057220459,3.0299999713897705,2.869999885559082,2.930000066757202,1317900,0.0,0.0
2023-02-13 00:00:00-05:00,2.950000047683716,3.0899999141693115,2.9000000953674316,3.0799999237060547,1184300,0.0,0.0
2023-02-14 00:00:00-05:00,3.059999942779541,3.0899999141693115,2.930000066757202,3.0199999809265137,1304900,0.0,0.0
2023-02-15 00:00:00-05:00,2.990000009536743,3.109999895095825,2.9700000286102295,3.109999895095825,1666300,0.0,0.0
2023-02-16 00:00:00-05:00,3.0299999713897705,3.069999933242798,2.940000057220459,2.9800000190734863,2575900,0.0,0.0
2023-02-17 00:00:00-05:00,3.009999990463257,3.069999933242798,2.940000057220459,3.069999933242798,1221600,0.0,0.0
2023-02-21 00:00:00-05:00,3.0299999713897705,3.0799999237060547,2.8299999237060547,2.8299999237060547,2472000,0.0,0.0
2023-02-22 00:00:00-05:00,2.8499999046325684,3.059999942779541,2.8399999141693115,3.009999990463257,1674500,0.0,0.0
2023-02-23 00:00:00-05:00,3.009999990463257,3.0399999618530273,2.890000104904175,2.9600000381469727,1731900,0.0,0.0
2023-02-24 00:00:00-05:00,1.7699999809265137,1.8200000524520874,1.4600000381469727,1.4900000095367432,19501200,0.0,0.0
2023-02-27 00:00:00-05:00,1.4500000476837158,1.4700000286102295,1.3799999952316284,1.3899999856948853,4565700,0.0,0.0
2023-02-28 00:00:00-05:00,1.3799999952316284,1.4299999475479126,1.350000023841858,1.3799999952316284,2984600,0.0,0.0
2023-03-01 00:00:00-05:00,1.4199999570846558,1.5800000429153442,1.409999966621399,1.5099999904632568,4386900,0.0,0.0
2023-03-02 00:00:00-05:00,1.440000057220459,1.559999942779541,1.4299999475479126,1.5399999618530273,5001000,0.0,0.0
2023-03-03 00:00:00-05:00,1.5399999618530273,1.600000023841858,1.5099999904632568,1.5700000524520874,3636600,0.0,0.0
2023-03-06 00:00:00-05:00,1.5700000524520874,1.590000033378601,1.409999966621399,1.440000057220459,2549100,0.0,0.0
2023-03-07 00:00:00-05:00,1.4600000381469727,1.4600000381469727,1.3300000429153442,1.3300000429153442,1561400,0.0,0.0
2023-03-08 00:00:00-05:00,1.3600000143051147,1.3600000143051147,1.2300000190734863,1.2699999809265137,1707700,0.0,0.0
2023-03-09 00:00:00-05:00,1.2699999809265137,1.3300000429153442,1.2100000381469727,1.2200000286102295,1636400,0.0,0.0
2023-03-10 00:00:00-05:00,1.2300000190734863,1.2400000095367432,1.149999976158142,1.190000057220459,2220200,0.0,0.0
2023-03-13 00:00:00-04:00,1.190000057220459,1.25,1.1699999570846558,1.2000000476837158,3261900,0.0,0.0
2023-03-14 00:00:00-04:00,1.2400000095367432,1.25,1.149999976158142,1.2000000476837158,1979500,0.0,0.0
2023-03-15 00:00:00-04:00,1.190000057220459,1.2100000381469727,1.1399999856948853,1.1399999856948853,2521700,0.0,0.0
2023-03-16 00:00:00-04:00,1.1299999952316284,1.2000000476837158,1.0800000429153442,1.1200000047683716,2770700,0.0,0.0
2023-03-17 00:00:00-04:00,1.1200000047683716,1.149999976158142,0.9599999785423279,0.9800000190734863,5898000,0.0,0.0
2023-03-20 00:00:00-04:00,1.0099999904632568,1.0099999904632568,0.9200000166893005,0.9300000071525574,8536300,0.0,0.0
2023-03-21 00:00:00-04:00,0.9599999785423279,0.9599999785423279,0.8600000143051147,0.8700000047683716,5329700,0.0,0.0
2023-03-22 00:00:00-04:00,0.8700000047683716,0.8799999952316284,0.7799999713897705,0.7900000214576721,5540600,0.0,0.0
2023-03-23 00:00:00-04:00,0.8100000023841858,0.8299999833106995,0.7400000095367432,0.7400000095367432,5351200,0.0,0.0
2023-03-24 00:00:00-04:00,0.7599999904632568,0.7599999904632568,0.7099999785423279,0.7200000286102295,3838800,0.0,0.0
2023-03-27 00:00:00-04:00,0.7300000190734863,0.8100000023841858,0.7300000190734863,0.7699999809265137,6449500,0.0,0.0
2023-03-28 00:00:00-04:00,0.7699999809265137,0.7799999713897705,0.7099999785423279,0.7099999785423279,3647500,0.0,0.0
2023-03-29 00:00:00-04:00,0.7099999785423279,0.7400000095367432,0.7099999785423279,0.7300000190734863,3648200,0.0,0.0
2023-03-30 00:00:00-04:00,0.6499999761581421,0.6700000166893005,0.6000000238418579,0.6399999856948853,15689700,0.0,0.0
2023-03-31 00:00:00-04:00,0.6600000262260437,0.7099999785423279,0.6200000047683716,0.699999988079071,16154200,0.0,0.0
2023-04-03 00:00:00-04:00,0.699999988079071,0.75,0.6700000166893005,0.7300000190734863,9390700,0.0,0.0
2023-04-04 00:00:00-04:00,0.7300000190734863,0.7400000095367432,0.6700000166893005,0.6899999976158142,63939600,0.0,0.0
2023-04-05 00:00:00-04:00,0.7200000286102295,0.7699999809265137,0.6899999976158142,0.7300000190734863,9723400,0.0,0.0
2023-04-06 00:00:00-04:00,0.7300000190734863,0.8100000023841858,0.7200000286102295,0.7900000214576721,6340200,0.0,0.0
2023-04-10 00:00:00-04:00,0.7900000214576721,0.8700000047683716,0.7599999904632568,0.8399999737739563,3660700,0.0,0.0
2023-04-11 00:00:00-04:00,0.8399999737739563,0.9800000190734863,0.8399999737739563,0.9300000071525574,8940600,0.0,0.0
2023-04-12 00:00:00-04:00,0.949999988079071,1.0099999904632568,0.9300000071525574,0.9399999976158142,5494900,0.0,0.0
2023-04-13 00:00:00-04:00,0.9599999785423279,1.0499999523162842,0.9399999976158142,1.0299999713897705,2746500,0.0,0.0
2023-04-14 00:00:00-04:00,1.0700000524520874,1.090000033378601,0.9100000262260437,0.9300000071525574,7293100,0.0,0.0
2023-04-17 00:00:00-04:00,0.9300000071525574,1.0,0.9300000071525574,0.9800000190734863,3144300,0.0,0.0
2023-04-18 00:00:00-04:00,0.9800000190734863,1.0,0.9200000166893005,0.9300000071525574,1782500,0.0,0.0
2023-04-19 00:00:00-04:00,0.9300000071525574,0.9599999785423279,0.8999999761581421,0.9399999976158142,3869500,0.0,0.0
2023-04-20 00:00:00-04:00,0.9300000071525574,0.9300000071525574,0.8500000238418579,0.8600000143051147,2722800,0.0,0.0
2023-04-21 00:00:00-04:00,0.8600000143051147,0.8899999856948853,0.8199999928474426,0.8700000047683716,2628000,0.0,0.0
2023-04-24 00:00:00-04:00,0.8700000047683716,0.8799999952316284,0.7900000214576721,0.8100000023841858,3208900,0.0,0.0
2023-04-25 00:00:00-04:00,0.7900000214576721,0.8700000047683716,0.7799999713897705,0.7799999713897705,2635100,0.0,0.0
2023-04-26 00:00:00-04:00,0.7799999713897705,0.8199999928474426,0.7699999809265137,0.800000011920929,2372400,0.0,0.0
2023-04-27 00:00:00-04:00,0.800000011920929,0.8199999928474426,0.7699999809265137,0.7900000214576721,1671700,0.0,0.0
2023-04-28 00:00:00-04:00,0.7599999904632568,0.8100000023841858,0.7300000190734863,0.75,2160900,0.0,0.0
2023-05-01 00:00:00-04:00,0.75,0.7799999713897705,0.7400000095367432,0.7699999809265137,1460700,0.0,0.0
2023-05-02 00:00:00-04:00,0.7599999904632568,0.7799999713897705,0.7200000286102295,0.7599999904632568,1481000,0.0,0.0
2023-05-03 00:00:00-04:00,0.75,0.8500000238418579,0.75,0.800000011920929,2371900,0.0,0.0
2023-05-04 00:00:00-04:00,0.7599999904632568,0.8199999928474426,0.75,0.7900000214576721,2917500,0.0,0.0
2023-05-05 00:00:00-04:00,0.7900000214576721,0.8399999737739563,0.7799999713897705,0.8199999928474426,1270000,0.0,0.0
2023-05-08 00:00:00-04:00,0.7900000214576721,0.8100000023841858,0.7200000286102295,0.7699999809265137,1882600,0.0,0.0
2023-05-09 00:00:00-04:00,0.7400000095367432,0.7799999713897705,0.7300000190734863,0.7699999809265137,3045600,0.0,0.0
2023-05-10 00:00:00-04:00,0.7900000214576721,0.7900000214576721,0.7300000190734863,0.75,3929700,0.0,0.0
2023-05-11 00:00:00-04:00,0.7400000095367432,0.7699999809265137,0.7200000286102295,0.7400000095367432,3148500,0.0,0.0
2023-05-12 00:00:00-04:00,0.7400000095367432,0.75,0.7099999785423279,0.7300000190734863,2300600,0.0,0.0
2023-05-15 00:00:00-04:00,0.7300000190734863,0.7799999713897705,0.7200000286102295,0.7599999904632568,1341900,0.0,0.0
2023-05-16 00:00:00-04:00,0.7200000286102295,0.75,0.7099999785423279,0.7200000286102295,1899700,0.0,0.0
2023-05-17 00:00:00-04:00,0.7099999785423279,0.7200000286102295,0.6800000071525574,0.699999988079071,2917200,0.0,0.0
2023-05-18 00:00:00-04:00,0.7099999785423279,0.7099999785423279,0.6499999761581421,0.6700000166893005,3593400,0.0,0.0
2023-05-19 00:00:00-04:00,0.699999988079071,0.7400000095367432,0.6800000071525574,0.7200000286102295,2515900,0.0,0.0
2023-05-22 00:00:00-04:00,0.7300000190734863,0.7599999904632568,0.7200000286102295,0.7300000190734863,2445500,0.0,0.0
2023-05-23 00:00:00-04:00,0.7300000190734863,0.7400000095367432,0.6700000166893005,0.6700000166893005,3992000,0.0,0.0
2023-05-24 00:00:00-04:00,0.6899999976158142,0.6899999976158142,0.6499999761581421,0.6499999761581421,2647500,0.0,0.0
2023-05-25 00:00:00-04:00,0.6499999761581421,0.6700000166893005,0.6299999952316284,0.6399999856948853,3056100,0.0,0.0
2023-05-26 00:00:00-04:00,0.6399999856948853,0.6499999761581421,0.6200000047683716,0.6299999952316284,1653700,0.0,0.0
2023-05-30 00:00:00-04:00,0.6399999856948853,0.6499999761581421,0.6100000143051147,0.6200000047683716,3036300,0.0,0.0
2023-05-31 00:00:00-04:00,0.6299999952316284,0.6499999761581421,0.5799999833106995,0.5799999833106995,7064800,0.0,0.0
2023-06-01 00:00:00-04:00,0.6200000047683716,0.6200000047683716,0.5899999737739563,0.6000000238418579,4505000,0.0,0.0
2023-06-02 00:00:00-04:00,0.6100000143051147,0.6200000047683716,0.6000000238418579,0.6200000047683716,2678800,0.0,0.0
2023-06-05 00:00:00-04:00,0.6200000047683716,0.6200000047683716,0.6000000238418579,0.6100000143051147,2552200,0.0,0.0
2023-06-06 00:00:00-04:00,0.6100000143051147,0.6200000047683716,0.5899999737739563,0.6100000143051147,4408200,0.0,0.0
2023-06-07 00:00:00-04:00,0.6100000143051147,0.6200000047683716,0.6000000238418579,0.6000000238418579,3049800,0.0,0.0
2023-06-08 00:00:00-04:00,0.6100000143051147,0.6200000047683716,0.6000000238418579,0.6000000238418579,4547200,0.0,0.0
2023-06-09 00:00:00-04:00,0.6200000047683716,0.6200000047683716,0.5899999737739563,0.5899999737739563,3027800,0.0,0.0
2023-06-12 00:00:00-04:00,0.5899999737739563,0.5899999737739563,0.5600000023841858,0.5699999928474426,3921400,0.0,0.0
2023-06-13 00:00:00-04:00,0.5799999833106995,0.5899999737739563,0.5699999928474426,0.5799999833106995,5366100,0.0,0.0
2023-06-14 00:00:00-04:00,0.5699999928474426,0.5799999833106995,0.550000011920929,0.550000011920929,5356300,0.0,0.0
2023-06-15 00:00:00-04:00,0.550000011920929,0.5899999737739563,0.550000011920929,0.5600000023841858,4963500,0.0,0.0
2023-06-16 00:00:00-04:00,0.5799999833106995,0.5799999833106995,0.5600000023841858,0.5699999928474426,5276800,0.0,0.0
2023-06-20 00:00:00-04:00,0.5799999833106995,0.5899999737739563,0.550000011920929,0.550000011920929,5401100,0.0,0.0
2023-06-21 00:00:00-04:00,0.550000011920929,0.550000011920929,0.5199999809265137,0.5299999713897705,5621200,0.0,0.0
2023-06-22 00:00:00-04:00,0.5299999713897705,0.5699999928474426,0.5299999713897705,0.550000011920929,5203900,0.0,0.0
2023-06-23 00:00:00-04:00,0.550000011920929,0.6000000238418579,0.5400000214576721,0.5799999833106995,31196000,0.0,0.0
2023-06-26 00:00:00-04:00,0.5899999737739563,0.6100000143051147,0.5799999833106995,0.6000000238418579,5533400,0.0,0.0
2023-06-27 00:00:00-04:00,0.6000000238418579,0.6100000143051147,0.5699999928474426,0.5799999833106995,6399000,0.0,0.0
2023-06-28 00:00:00-04:00,0.5799999833106995,0.5899999737739563,0.550000011920929,0.5699999928474426,4155000,0.0,0.0
2023-06-29 00:00:00-04:00,0.5600000023841858,0.5799999833106995,0.550000011920929,0.5799999833106995,4165800,0.0,0.0
2023-06-30 00:00:00-04:00,0.5899999737739563,0.5899999737739563,0.5600000023841858,0.5799999833106995,3079200,0.0,0.0
2023-07-03 00:00:00-04:00,0.5699999928474426,0.5899999737739563,0.5699999928474426,0.5699999928474426,1351800,0.0,0.0
2023-07-05 00:00:00-04:00,0.5600000023841858,0.5899999737739563,0.5600000023841858,0.5699999928474426,1862000,0.0,0.0
2023-07-06 00:00:00-04:00,0.5799999833106995,0.5899999737739563,0.550000011920929,0.550000011920929,2372500,0.0,0.0
2023-07-07 00:00:00-04:00,0.550000011920929,0.5699999928474426,0.550000011920929,0.550000011920929,1347900,0.0,0.0
2023-07-10 00:00:00-04:00,0.5699999928474426,0.5799999833106995,0.550000011920929,0.5699999928474426,1441700,0.0,0.0
2023-07-11 00:00:00-04:00,0.5699999928474426,0.5899999737739563,0.5600000023841858,0.5799999833106995,1129200,0.0,0.0
2023-07-12 00:00:00-04:00,0.5699999928474426,0.5899999737739563,0.5699999928474426,0.5699999928474426,1688100,0.0,0.0
2023-07-13 00:00:00-04:00,0.5799999833106995,0.5899999737739563,0.5699999928474426,0.5699999928474426,1850500,0.0,0.0
2023-07-14 00:00:00-04:00,0.5699999928474426,0.5799999833106995,0.5400000214576721,0.550000011920929,2131200,0.0,0.0
2023-07-17 00:00:00-04:00,0.5600000023841858,0.5600000023841858,0.5400000214576721,0.550000011920929,1189200,0.0,0.0
2023-07-18 00:00:00-04:00,0.5600000023841858,0.5699999928474426,0.550000011920929,0.5699999928474426,1729100,0.0,0.0
2023-07-19 00:00:00-04:00,0.5699999928474426,0.5799999833106995,0.5600000023841858,0.5600000023841858,1343300,0.0,0.0
2023-07-20 00:00:00-04:00,0.5600000023841858,0.5600000023841858,0.550000011920929,0.550000011920929,1517300,0.0,0.0
2023-07-21 00:00:00-04:00,0.5600000023841858,0.5699999928474426,0.550000011920929,0.5600000023841858,1328100,0.0,0.0
2023-07-24 00:00:00-04:00,0.5600000023841858,0.5699999928474426,0.5299999713897705,0.5299999713897705,3133900,0.0,0.0
2023-07-25 00:00:00-04:00,0.5299999713897705,0.5400000214576721,0.5099999904632568,0.5199999809265137,3910500,0.0,0.0
2023-07-26 00:00:00-04:00,0.5199999809265137,0.5400000214576721,0.5099999904632568,0.5400000214576721,1931400,0.0,0.0
2023-07-27 00:00:00-04:00,0.5400000214576721,0.5400000214576721,0.5099999904632568,0.5099999904632568,1378100,0.0,0.0
2023-07-28 00:00:00-04:00,0.5099999904632568,0.550000011920929,0.5099999904632568,0.550000011920929,1502300,0.0,0.0
2023-07-31 00:00:00-04:00,0.5400000214576721,0.5699999928474426,0.5400000214576721,0.5400000214576721,1137200,0.0,0.0
2023-08-01 00:00:00-04:00,0.550000011920929,0.550000011920929,0.5099999904632568,0.5199999809265137,1785000,0.0,0.0
2023-08-02 00:00:00-04:00,0.5099999904632568,0.5299999713897705,0.5099999904632568,0.5199999809265137,1329400,0.0,0.0
2023-08-03 00:00:00-04:00,0.5199999809265137,0.5299999713897705,0.5099999904632568,0.5199999809265137,769300,0.0,0.0
2023-08-04 00:00:00-04:00,0.5199999809265137,0.550000011920929,0.5199999809265137,0.5299999713897705,881900,0.0,0.0
2023-08-07 00:00:00-04:00,0.7799999713897705,1.1200000047683716,0.6899999976158142,1.0199999809265137,171531600,0.0,0.0
2023-08-08 00:00:00-04:00,0.9300000071525574,1.0299999713897705,0.8100000023841858,1.0,39205200,0.0,0.0
2023-08-09 00:00:00-04:00,0.9200000166893005,0.9900000095367432,0.8600000143051147,0.9100000262260437,16692200,0.0,0.0
2023-08-10 00:00:00-04:00,0.8899999856948853,1.090000033378601,0.8799999952316284,1.0499999523162842,14192800,0.0,0.0
2023-08-11 00:00:00-04:00,1.0299999713897705,1.0399999618530273,0.8799999952316284,0.9300000071525574,14833100,0.0,0.0
2023-08-14 00:00:00-04:00,0.9200000166893005,0.9200000166893005,0.8199999928474426,0.8199999928474426,5649800,0.0,0.0
2023-08-15 00:00:00-04:00,0.8399999737739563,0.8899999856948853,0.8100000023841858,0.8100000023841858,7423700,0.0,0.0
2023-08-16 00:00:00-04:00,0.800000011920929,0.8399999737739563,0.75,0.7699999809265137,3602000,0.0,0.0
2023-08-17 00:00:00-04:00,0.7699999809265137,0.7900000214576721,0.6899999976158142,0.7200000286102295,3846900,0.0,0.0
2023-08-18 00:00:00-04:00,0.7200000286102295,0.8199999928474426,0.7200000286102295,0.7300000190734863,5539800,0.0,0.0
2023-08-21 00:00:00-04:00,0.7300000190734863,0.7400000095367432,0.7099999785423279,0.7099999785423279,2502400,0.0,0.0
2023-08-22 00:00:00-04:00,0.7099999785423279,0.7300000190734863,0.6600000262260437,0.6800000071525574,2951900,0.0,0.0
2023-08-23 00:00:00-04:00,0.6800000071525574,0.6899999976158142,0.6600000262260437,0.6899999976158142,1812500,0.0,0.0
2023-08-24 00:00:00-04:00,0.6899999976158142,0.699999988079071,0.6399999856948853,0.6499999761581421,2579000,0.0,0.0
2023-08-25 00:00:00-04:00,0.6399999856948853,0.6600000262260437,0.6200000047683716,0.6399999856948853,3931000,0.0,0.0
2023-08-28 00:00:00-04:00,0.6399999856948853,0.6700000166893005,0.6399999856948853,0.6499999761581421,1848900,0.0,0.0
2023-08-29 00:00:00-04:00,0.6399999856948853,0.6600000262260437,0.6200000047683716,0.6200000047683716,1702000,0.0,0.0
2023-08-30 00:00:00-04:00,0.6100000143051147,0.6200000047683716,0.5899999737739563,0.6000000238418579,1964700,0.0,0.0
2023-08-31 00:00:00-04:00,0.6100000143051147,0.6200000047683716,0.5799999833106995,0.6000000238418579,1556600,0.0,0.0
2023-09-01 00:00:00-04:00,0.5899999737739563,0.6299999952316284,0.5899999737739563,0.6000000238418579,1350400,0.0,0.0
2023-09-05 00:00:00-04:00,0.6100000143051147,0.6100000143051147,0.5799999833106995,0.5899999737739563,1419200,0.0,0.0
2023-09-06 00:00:00-04:00,0.5799999833106995,0.6000000238418579,0.5600000023841858,0.5699999928474426,1181900,0.0,0.0
2023-09-07 00:00:00-04:00,0.5699999928474426,0.6200000047683716,0.5699999928474426,0.5899999737739563,1854100,0.0,0.0
2023-09-08 00:00:00-04:00,0.5899999737739563,0.5899999737739563,0.5600000023841858,0.5799999833106995,3799000,0.0,0.0
2023-09-11 00:00:00-04:00,0.5799999833106995,0.6800000071525574,0.5699999928474426,0.6499999761581421,2909400,0.0,0.0
2023-09-12 00:00:00-04:00,0.6499999761581421,0.6800000071525574,0.6299999952316284,0.6600000262260437,2304800,0.0,0.0
2023-09-13 00:00:00-04:00,0.6600000262260437,0.699999988079071,0.6399999856948853,0.6899999976158142,3128300,0.0,0.0
2023-09-14 00:00:00-04:00,0.699999988079071,0.7099999785423279,0.6600000262260437,0.6700000166893005,895500,0.0,0.0
2023-09-15 00:00:00-04:00,0.6800000071525574,0.7300000190734863,0.6800000071525574,0.7099999785423279,3359000,0.0,0.0
2023-09-18 00:00:00-04:00,0.6899999976158142,0.7200000286102295,0.6499999761581421,0.6899999976158142,1445600,0.0,0.0
2023-09-19 00:00:00-04:00,0.6800000071525574,0.6899999976158142,0.6499999761581421,0.6800000071525574,496000,0.0,0.0
2023-09-20 00:00:00-04:00,0.6800000071525574,0.7099999785423279,0.6700000166893005,0.7099999785423279,1348500,0.0,0.0
2023-09-21 00:00:00-04:00,0.7099999785423279,0.7099999785423279,0.6600000262260437,0.6600000262260437,598500,0.0,0.0
2023-09-22 00:00:00-04:00,0.6600000262260437,0.6700000166893005,0.6100000143051147,0.6200000047683716,1111800,0.0,0.0
2023-09-25 00:00:00-04:00,0.6200000047683716,0.6200000047683716,0.5799999833106995,0.6100000143051147,935100,0.0,0.0
2023-09-26 00:00:00-04:00,0.6100000143051147,0.6299999952316284,0.6000000238418579,0.6100000143051147,382300,0.0,0.0
2023-09-27 00:00:00-04:00,0.6100000143051147,0.6200000047683716,0.5799999833106995,0.6000000238418579,484400,0.0,0.0
2023-09-28 00:00:00-04:00,0.6000000238418579,0.6100000143051147,0.5799999833106995,0.6100000143051147,452400,0.0,0.0
2023-09-29 00:00:00-04:00,0.6100000143051147,0.6200000047683716,0.5799999833106995,0.6000000238418579,1510500,0.0,0.0
2023-10-02 00:00:00-04:00,0.5799999833106995,0.6100000143051147,0.550000011920929,0.5699999928474426,1103200,0.0,0.0
2023-10-03 00:00:00-04:00,0.5699999928474426,0.5699999928474426,0.5400000214576721,0.550000011920929,1000000,0.0,0.0
2023-10-04 00:00:00-04:00,0.5299999713897705,0.5400000214576721,0.5199999809265137,0.5299999713897705,1659300,0.0,0.0
2023-10-05 00:00:00-04:00,0.5299999713897705,0.5299999713897705,0.5099999904632568,0.5299999713897705,725800,0.0,0.0
2023-10-06 00:00:00-04:00,0.5199999809265137,0.5400000214576721,0.5,0.5400000214576721,1097500,0.0,0.0
2023-10-09 00:00:00-04:00,0.5400000214576721,0.5400000214576721,0.49000000953674316,0.5099999904632568,2970800,0.0,0.0
2023-10-10 00:00:00-04:00,0.5,0.5400000214576721,0.5,0.5400000214576721,1558600,0.0,0.0
2023-10-11 00:00:00-04:00,0.550000011920929,0.550000011920929,0.5199999809265137,0.5199999809265137,812300,0.0,0.0
2023-10-12 00:00:00-04:00,0.5199999809265137,0.5299999713897705,0.49000000953674316,0.5199999809265137,1665600,0.0,0.0
2023-10-13 00:00:00-04:00,0.5400000214576721,0.550000011920929,0.5199999809265137,0.5400000214576721,1507500,0.0,0.0
2023-10-16 00:00:00-04:00,0.5199999809265137,0.5400000214576721,0.5199999809265137,0.5299999713897705,1010900,0.0,0.0
2023-10-17 00:00:00-04:00,0.5299999713897705,0.5699999928474426,0.5299999713897705,0.5600000023841858,1627800,0.0,0.0
2023-10-18 00:00:00-04:00,0.5799999833106995,0.5799999833106995,0.5299999713897705,0.550000011920929,730800,0.0,0.0
2023-10-19 00:00:00-04:00,0.5299999713897705,0.5699999928474426,0.5099999904632568,0.5400000214576721,3323500,0.0,0.0
2023-10-20 00:00:00-04:00,0.5400000214576721,0.5600000023841858,0.5,0.5199999809265137,1382000,0.0,0.0
2023-10-23 00:00:00-04:00,0.5,0.5099999904632568,0.4699999988079071,0.47999998927116394,2375700,0.0,0.0
2023-10-24 00:00:00-04:00,0.4699999988079071,0.5,0.46000000834465027,0.47999998927116394,2741000,0.0,0.0
2023-10-25 00:00:00-04:00,0.49000000953674316,0.5,0.44999998807907104,0.5,5607800,0.0,0.0
2023-10-26 00:00:00-04:00,0.49000000953674316,0.5,0.47999998927116394,0.49000000953674316,2631500,0.0,0.0
2023-10-27 00:00:00-04:00,0.49000000953674316,0.5,0.4699999988079071,0.4699999988079071,1113600,0.0,0.0
2023-10-30 00:00:00-04:00,0.47999998927116394,0.47999998927116394,0.4399999976158142,0.46000000834465027,2397100,0.0,0.0
2023-10-31 00:00:00-04:00,0.44999998807907104,0.47999998927116394,0.4399999976158142,0.4699999988079071,1685600,0.0,0.0
2023-11-01 00:00:00-04:00,0.4699999988079071,0.49000000953674316,0.46000000834465027,0.49000000953674316,792800,0.0,0.0
2023-11-02 00:00:00-04:00,0.49000000953674316,0.5,0.46000000834465027,0.49000000953674316,1716900,0.0,0.0
2023-11-03 00:00:00-04:00,0.5,0.550000011920929,0.49000000953674316,0.550000011920929,2210200,0.0,0.0
2023-11-06 00:00:00-05:00,0.5699999928474426,0.5699999928474426,0.5199999809265137,0.5299999713897705,2830700,0.0,0.0
2023-11-07 00:00:00-05:00,0.5299999713897705,0.5600000023841858,0.5199999809265137,0.550000011920929,1043700,0.0,0.0
2023-11-08 00:00:00-05:00,0.5299999713897705,0.5699999928474426,0.5,0.5,1229300,0.0,0.0
2023-11-09 00:00:00-05:00,0.5299999713897705,0.5299999713897705,0.4699999988079071,0.47999998927116394,2491400,0.0,0.0
2023-11-10 00:00:00-05:00,0.5,0.5,0.4300000071525574,0.44999998807907104,3784100,0.0,0.0
2023-11-13 00:00:00-05:00,0.44999998807907104,0.46000000834465027,0.4099999964237213,0.44999998807907104,1299300,0.0,0.0
2023-11-14 00:00:00-05:00,0.4699999988079071,0.5099999904632568,0.44999998807907104,0.5099999904632568,1409400,0.0,0.0
2023-11-15 00:00:00-05:00,0.5099999904632568,0.5400000214576721,0.49000000953674316,0.5299999713897705,1460700,0.0,0.0
2023-11-16 00:00:00-05:00,0.5400000214576721,0.5400000214576721,0.5,0.5,1319500,0.0,0.0
2023-11-17 00:00:00-05:00,0.5299999713897705,0.5299999713897705,0.4699999988079071,0.47999998927116394,1275100,0.0,0.0
2023-11-20 00:00:00-05:00,0.47999998927116394,0.5199999809265137,0.47999998927116394,0.5199999809265137,918600,0.0,0.0
2023-11-21 00:00:00-05:00,0.5099999904632568,0.5199999809265137,0.4699999988079071,0.4699999988079071,1365000,0.0,0.0
2023-11-22 00:00:00-05:00,0.46000000834465027,0.49000000953674316,0.44999998807907104,0.49000000953674316,1065800,0.0,0.0
2023-11-24 00:00:00-05:00,0.4699999988079071,0.5199999809265137,0.4699999988079071,0.5,539600,0.0,0.0
2023-11-27 00:00:00-05:00,0.49000000953674316,0.5,0.44999998807907104,0.44999998807907104,1961200,0.0,0.0
2023-11-28 00:00:00-05:00,0.46000000834465027,0.46000000834465027,0.41999998688697815,0.41999998688697815,1893300,0.0,0.0
2023-11-29 00:00:00-05:00,0.4399999976158142,0.4699999988079071,0.4300000071525574,0.4699999988079071,1862100,0.0,0.0
2023-11-30 00:00:00-05:00,0.46000000834465027,0.5,0.46000000834465027,0.49000000953674316,1411700,0.0,0.0
2023-12-01 00:00:00-05:00,0.5,0.5299999713897705,0.4699999988079071,0.5299999713897705,1130400,0.0,0.0
2023-12-04 00:00:00-05:00,0.5099999904632568,0.5299999713897705,0.5099999904632568,0.5199999809265137,1050600,0.0,0.0
2023-12-05 00:00:00-05:00,0.5,0.5299999713897705,0.5,0.5099999904632568,650100,0.0,0.0
2023-12-06 00:00:00-05:00,0.5,0.5199999809265137,0.5,0.5199999809265137,603600,0.0,0.0
2023-12-07 00:00:00-05:00,0.5199999809265137,0.5199999809265137,0.5,0.5099999904632568,482800,0.0,0.0
2023-12-08 00:00:00-05:00,0.5,0.5199999809265137,0.5,0.5099999904632568,626400,0.0,0.0
2023-12-11 00:00:00-05:00,0.49000000953674316,0.5,0.47999998927116394,0.49000000953674316,1215800,0.0,0.0
2023-12-12 00:00:00-05:00,0.5,0.5,0.46000000834465027,0.46000000834465027,1249100,0.0,0.0
2023-12-13 00:00:00-05:00,0.46000000834465027,0.5,0.46000000834465027,0.5,2005700,0.0,0.0
2023-12-14 00:00:00-05:00,0.49000000953674316,0.5400000214576721,0.47999998927116394,0.5299999713897705,2397200,0.0,0.0
2023-12-15 00:00:00-05:00,0.49000000953674316,0.5199999809265137,0.4699999988079071,0.4699999988079071,2616800,0.0,0.0
2023-12-18 00:00:00-05:00,0.49000000953674316,0.5,0.4699999988079071,0.49000000953674316,704200,0.0,0.0
2023-12-19 00:00:00-05:00,0.4699999988079071,0.49000000953674316,0.46000000834465027,0.47999998927116394,1392100,0.0,0.0
2023-12-20 00:00:00-05:00,0.4699999988079071,0.5,0.46000000834465027,0.4699999988079071,1501200,0.0,0.0
2023-12-21 00:00:00-05:00,0.46000000834465027,0.49000000953674316,0.46000000834465027,0.4699999988079071,707500,0.0,0.0
2023-12-22 00:00:00-05:00,0.4699999988079071,0.5199999809265137,0.4699999988079071,0.5099999904632568,1214400,0.0,0.0
2023-12-26 00:00:00-05:00,0.5199999809265137,0.5400000214576721,0.5099999904632568,0.5199999809265137,1149700,0.0,0.0
2023-12-27 00:00:00-05:00,0.5199999809265137,0.5400000214576721,0.5099999904632568,0.5099999904632568,1461200,0.0,0.0
2023-12-28 00:00:00-05:00,0.5099999904632568,0.5699999928474426,0.5099999904632568,0.550000011920929,1648400,0.0,0.0
2023-12-29 00:00:00-05:00,0.5600000023841858,0.5899999737739563,0.550000011920929,0.5600000023841858,1582700,0.0,0.0
2024-01-02 00:00:00-05:00,0.5600000023841858,0.6000000238418579,0.5600000023841858,0.5899999737739563,908800,0.0,0.0
2024-01-03 00:00:00-05:00,0.6000000238418579,0.6000000238418579,0.5299999713897705,0.5600000023841858,1272600,0.0,0.0
2024-01-04 00:00:00-05:00,0.5600000023841858,0.5899999737739563,0.5400000214576721,0.5600000023841858,789400,0.0,0.0
2024-01-05 00:00:00-05:00,0.550000011920929,0.5600000023841858,0.5299999713897705,0.5400000214576721,660200,0.0,0.0
2024-01-08 00:00:00-05:00,0.550000011920929,0.6000000238418579,0.5199999809265137,0.5899999737739563,1745300,0.0,0.0
2024-01-09 00:00:00-05:00,0.5899999737739563,0.5899999737739563,0.5600000023841858,0.5600000023841858,564400,0.0,0.0
2024-01-10 00:00:00-05:00,0.5799999833106995,0.5799999833106995,0.5400000214576721,0.550000011920929,606000,0.0,0.0
2024-01-11 00:00:00-05:00,0.5400000214576721,0.5799999833106995,0.5299999713897705,0.5400000214576721,845100,0.0,0.0
2024-01-12 00:00:00-05:00,0.5299999713897705,0.550000011920929,0.5199999809265137,0.5299999713897705,939500,0.0,0.0
2024-01-16 00:00:00-05:00,0.5299999713897705,0.5400000214576721,0.5,0.5199999809265137,1033600,0.0,0.0
2024-01-17 00:00:00-05:00,0.5199999809265137,0.5199999809265137,0.49000000953674316,0.49000000953674316,809800,0.0,0.0
2024-01-18 00:00:00-05:00,0.49000000953674316,0.550000011920929,0.47999998927116394,0.550000011920929,1048800,0.0,0.0
2024-01-19 00:00:00-05:00,0.550000011920929,0.550000011920929,0.5099999904632568,0.5299999713897705,360400,0.0,0.0
2024-01-22 00:00:00-05:00,0.5299999713897705,0.5600000023841858,0.5,0.5099999904632568,711800,0.0,0.0
2024-01-23 00:00:00-05:00,0.5099999904632568,0.5400000214576721,0.5,0.5099999904632568,440100,0.0,0.0
2024-01-24 00:00:00-05:00,0.5099999904632568,0.5199999809265137,0.5,0.5099999904632568,416000,0.0,0.0
2024-01-25 00:00:00-05:00,0.5199999809265137,0.5400000214576721,0.5,0.5099999904632568,348800,0.0,0.0
2024-01-26 00:00:00-05:00,0.5,0.5400000214576721,0.5,0.5099999904632568,345700,0.0,0.0
2024-01-29 00:00:00-05:00,0.5099999904632568,0.5600000023841858,0.5099999904632568,0.5600000023841858,806900,0.0,0.0
2024-01-30 00:00:00-05:00,0.5400000214576721,0.6000000238418579,0.5199999809265137,0.5600000023841858,905900,0.0,0.0
2024-01-31 00:00:00-05:00,0.5400000214576721,0.5600000023841858,0.5299999713897705,0.5400000214576721,477500,0.0,0.0
2024-02-01 00:00:00-05:00,0.550000011920929,0.5799999833106995,0.5199999809265137,0.5799999833106995,758400,0.0,0.0
2024-02-02 00:00:00-05:00,0.5600000023841858,0.5799999833106995,0.5299999713897705,0.5600000023841858,878400,0.0,0.0
2024-02-05 00:00:00-05:00,0.5600000023841858,0.5899999737739563,0.5400000214576721,0.5600000023841858,1135400,0.0,0.0
2024-02-06 00:00:00-05:00,0.5699999928474426,0.6800000071525574,0.5699999928474426,0.6800000071525574,2994200,0.0,0.0
2024-02-07 00:00:00-05:00,0.6800000071525574,0.7099999785423279,0.6499999761581421,0.6700000166893005,1703600,0.0,0.0
2024-02-08 00:00:00-05:00,0.699999988079071,0.7599999904632568,0.6499999761581421,0.6899999976158142,1784500,0.0,0.0
2024-02-09 00:00:00-05:00,0.7099999785423279,0.7400000095367432,0.6899999976158142,0.7099999785423279,1948300,0.0,0.0
2024-02-12 00:00:00-05:00,0.7300000190734863,0.7599999904632568,0.699999988079071,0.7099999785423279,1293600,0.0,0.0
2024-02-13 00:00:00-05:00,0.7200000286102295,0.7300000190734863,0.6499999761581421,0.6600000262260437,1222200,0.0,0.0
2024-02-14 00:00:00-05:00,0.6499999761581421,0.7900000214576721,0.6499999761581421,0.7699999809265137,2388300,0.0,0.0
2024-02-15 00:00:00-05:00,0.7799999713897705,0.7799999713897705,0.7300000190734863,0.7400000095367432,1936300,0.0,0.0
2024-02-16 00:00:00-05:00,0.7200000286102295,0.7300000190734863,0.6800000071525574,0.7099999785423279,1193500,0.0,0.0
2024-02-20 00:00:00-05:00,0.7300000190734863,0.7300000190734863,0.6600000262260437,0.6600000262260437,1751900,0.0,0.0
2024-02-21 00:00:00-05:00,0.6899999976158142,0.7099999785423279,0.6600000262260437,0.6899999976158142,1034800,0.0,0.0
2024-02-22 00:00:00-05:00,0.699999988079071,0.7300000190734863,0.6499999761581421,0.6600000262260437,1000000,0.0,0.0
2024-02-23 00:00:00-05:00,0.6499999761581421,0.699999988079071,0.6299999952316284,0.6800000071525574,1067600,0.0,0.0
2024-02-26 00:00:00-05:00,0.6800000071525574,0.7300000190734863,0.6700000166893005,0.6700000166893005,2171500,0.0,0.0
2024-02-27 00:00:00-05:00,0.699999988079071,0.7599999904632568,0.6700000166893005,0.75,1862400,0.0,0.0
2024-02-28 00:00:00-05:00,0.7699999809265137,0.7799999713897705,0.699999988079071,0.7200000286102295,1373000,0.0,0.0
2024-02-29 00:00:00-05:00,0.7400000095367432,0.75,0.699999988079071,0.7099999785423279,1000500,0.0,0.0
2024-03-01 00:00:00-05:00,0.7200000286102295,0.800000011920929,0.7200000286102295,0.7799999713897705,1845500,0.0,0.0
2024-03-04 00:00:00-05:00,0.9599999785423279,1.0800000429153442,0.8799999952316284,0.8999999761581421,22497600,0.0,0.0
2024-03-05 00:00:00-05:00,0.8899999856948853,0.9300000071525574,0.8399999737739563,0.8799999952316284,5749500,0.0,0.0
2024-03-06 00:00:00-05:00,0.8799999952316284,0.9300000071525574,0.8600000143051147,0.9100000262260437,2828800,0.0,0.0
2024-03-07 00:00:00-05:00,0.8999999761581421,0.9800000190734863,0.8799999952316284,0.9599999785423279,1808300,0.0,0.0
2024-03-08 00:00:00-05:00,0.949999988079071,1.0,0.8999999761581421,0.9100000262260437,1325400,0.0,0.0
2024-03-11 00:00:00-04:00,0.8999999761581421,0.9300000071525574,0.8100000023841858,0.8299999833106995,1294700,0.0,0.0
2024-03-12 00:00:00-04:00,0.8299999833106995,0.9200000166893005,0.8299999833106995,0.8899999856948853,1460300,0.0,0.0
2024-03-13 00:00:00-04:00,0.8799999952316284,0.9200000166893005,0.8299999833106995,0.8500000238418579,1471100,0.0,0.0
2024-03-14 00:00:00-04:00,0.8700000047683716,0.8899999856948853,0.8299999833106995,0.8600000143051147,1174800,0.0,0.0
2024-03-15 00:00:00-04:00,0.8399999737739563,0.8700000047683716,0.8299999833106995,0.8600000143051147,870400,0.0,0.0
2024-03-18 00:00:00-04:00,0.8299999833106995,0.8600000143051147,0.8299999833106995,0.8500000238418579,494300,0.0,0.0
2024-03-19 00:00:00-04:00,0.8299999833106995,0.9100000262260437,0.8299999833106995,0.8700000047683716,959800,0.0,0.0
2024-03-20 00:00:00-04:00,0.8700000047683716,0.9100000262260437,0.8700000047683716,0.8999999761581421,682900,0.0,0.0
2024-03-21 00:00:00-04:00,0.9100000262260437,0.9300000071525574,0.8899999856948853,0.8999999761581421,771600,0.0,0.0
2024-03-22 00:00:00-04:00,0.8999999761581421,0.9200000166893005,0.8999999761581421,0.9100000262260437,778500,0.0,0.0
2024-03-25 00:00:00-04:00,0.9200000166893005,0.9300000071525574,0.8899999856948853,0.8899999856948853,1708500,0.0,0.0
2024-03-26 00:00:00-04:00,0.8999999761581421,0.9300000071525574,0.8899999856948853,0.8999999761581421,1467800,0.0,0.0
2024-03-27 00:00:00-04:00,0.8799999952316284,0.9300000071525574,0.8399999737739563,0.8899999856948853,1241900,0.0,0.0
2024-03-28 00:00:00-04:00,0.8799999952316284,0.9399999976158142,0.8600000143051147,0.9300000071525574,1316200,0.0,0.0
2024-04-01 00:00:00-04:00,0.9300000071525574,0.949999988079071,0.8999999761581421,0.8999999761581421,1192400,0.0,0.0
2024-04-02 00:00:00-04:00,0.8999999761581421,1.0199999809265137,0.8999999761581421,0.949999988079071,3597400,0.0,0.0
2024-04-03 00:00:00-04:00,0.9800000190734863,1.1299999952316284,0.949999988079071,1.0399999618530273,3580600,0.0,0.0
2024-04-04 00:00:00-04:00,1.0800000429153442,1.3899999856948853,1.0800000429153442,1.3200000524520874,11157400,0.0,0.0
2024-04-05 00:00:00-04:00,1.3200000524520874,1.4700000286102295,1.2599999904632568,1.3200000524520874,5020000,0.0,0.0
2024-04-08 00:00:00-04:00,1.340000033378601,1.399999976158142,1.2200000286102295,1.309999942779541,3136600,0.0,0.0
2024-04-09 00:00:00-04:00,1.2999999523162842,1.340000033378601,1.2400000095367432,1.25,2079300,0.0,0.0
2024-04-10 00:00:00-04:00,1.2100000381469727,1.3899999856948853,1.159999966621399,1.2899999618530273,4903900,0.0,0.0
2024-04-11 00:00:00-04:00,1.399999976158142,1.75,1.3600000143051147,1.5800000429153442,13192900,0.0,0.0
2024-04-12 00:00:00-04:00,1.5800000429153442,1.6799999475479126,1.4800000190734863,1.6699999570846558,4830600,0.0,0.0
2024-04-15 00:00:00-04:00,1.6799999475479126,1.7000000476837158,1.5,1.5700000524520874,2847300,0.0,0.0
2024-04-16 00:00:00-04:00,1.4700000286102295,1.5800000429153442,1.4500000476837158,1.4900000095367432,1592500,0.0,0.0
2024-04-17 00:00:00-04:00,1.4800000190734863,1.5,1.2799999713897705,1.350000023841858,3261700,0.0,0.0
2024-04-18 00:00:00-04:00,1.3200000524520874,1.3600000143051147,1.2699999809265137,1.3200000524520874,3575800,0.0,0.0
2024-04-19 00:00:00-04:00,1.3300000429153442,1.3300000429153442,1.2000000476837158,1.2400000095367432,4715800,0.0,0.0
2024-04-22 00:00:00-04:00,1.309999942779541,1.409999966621399,1.2899999618530273,1.3600000143051147,1970200,0.0,0.0
2024-04-23 00:00:00-04:00,1.3899999856948853,1.4299999475479126,1.309999942779541,1.4199999570846558,1101000,0.0,0.0
2024-04-24 00:00:00-04:00,1.3700000047683716,1.4199999570846558,1.3700000047683716,1.3799999952316284,958200,0.0,0.0
2024-04-25 00:00:00-04:00,1.3600000143051147,1.3700000047683716,1.2899999618530273,1.3200000524520874,1054000,0.0,0.0
2024-04-26 00:00:00-04:00,1.3300000429153442,1.3799999952316284,1.309999942779541,1.3200000524520874,559100,0.0,0.0
2024-04-29 00:00:00-04:00,1.350000023841858,1.5299999713897705,1.350000023841858,1.4600000381469727,1607100,0.0,0.0
2024-04-30 00:00:00-04:00,1.4500000476837158,1.5199999809265137,1.399999976158142,1.4600000381469727,814400,0.0,0.0
2024-05-01 00:00:00-04:00,1.4500000476837158,1.649999976158142,1.4500000476837158,1.649999976158142,1730600,0.0,0.0
2024-05-02 00:00:00-04:00,1.7100000381469727,1.7899999618530273,1.590000033378601,1.6699999570846558,2476500,0.0,0.0
2024-05-03 00:00:00-04:00,1.7400000095367432,1.7400000095367432,1.5499999523162842,1.5700000524520874,1140500,0.0,0.0
2024-05-06 00:00:00-04:00,1.600000023841858,1.6699999570846558,1.5499999523162842,1.649999976158142,912200,0.0,0.0
2024-05-07 00:00:00-04:00,1.6399999856948853,1.6699999570846558,1.4800000190734863,1.5,1754900,0.0,0.0
2024-05-08 00:00:00-04:00,1.6399999856948853,1.7300000190734863,1.5199999809265137,1.6399999856948853,2069200,0.0,0.0
2024-05-09 00:00:00-04:00,1.6399999856948853,1.690000057220459,1.600000023841858,1.600000023841858,970000,0.0,0.0
2024-05-10 00:00:00-04:00,1.649999976158142,1.8700000047683716,1.6299999952316284,1.7599999904632568,2360200,0.0,0.0
2024-05-13 00:00:00-04:00,1.8600000143051147,1.9299999475479126,1.690000057220459,1.75,3032900,0.0,0.0
2024-05-14 00:00:00-04:00,1.7200000286102295,1.7899999618530273,1.659999966621399,1.7699999809265137,1459500,0.0,0.0
2024-05-15 00:00:00-04:00,1.7899999618530273,1.8600000143051147,1.7599999904632568,1.8300000429153442,1349200,0.0,0.0
2024-05-16 00:00:00-04:00,1.8300000429153442,1.8300000429153442,1.7899999618530273,1.7999999523162842,1451500,0.0,0.0
2024-05-17 00:00:00-04:00,1.809999942779541,1.809999942779541,1.7200000286102295,1.7599999904632568,1142500,0.0,0.0
2024-05-20 00:00:00-04:00,1.75,1.7699999809265137,1.6799999475479126,1.75,1562500,0.0,0.0
2024-05-21 00:00:00-04:00,1.7400000095367432,1.75,1.590000033378601,1.7000000476837158,1443600,0.0,0.0
2024-05-22 00:00:00-04:00,1.690000057220459,1.75,1.6799999475479126,1.75,1816700,0.0,0.0
2024-05-23 00:00:00-04:00,1.7400000095367432,1.7400000095367432,1.649999976158142,1.659999966621399,1314300,0.0,0.0
2024-05-24 00:00:00-04:00,1.6699999570846558,1.7000000476837158,1.600000023841858,1.6399999856948853,1135000,0.0,0.0
2024-05-28 00:00:00-04:00,1.7100000381469727,1.7100000381469727,1.340000033378601,1.5,2736900,0.0,0.0
2024-05-29 00:00:00-04:00,1.4900000095367432,1.5199999809265137,1.3700000047683716,1.3799999952316284,1575800,0.0,0.0
2024-05-30 00:00:00-04:00,1.3700000047683716,1.399999976158142,1.2200000286102295,1.2599999904632568,2996700,0.0,0.0
2024-05-31 00:00:00-04:00,1.2699999809265137,1.2799999713897705,1.2300000190734863,1.2699999809265137,2212000,0.0,0.0
2024-06-03 00:00:00-04:00,1.2999999523162842,1.5099999904632568,1.2899999618530273,1.409999966621399,1908900,0.0,0.0
2024-06-04 00:00:00-04:00,1.3600000143051147,1.4299999475479126,1.3200000524520874,1.399999976158142,1326700,0.0,0.0
2024-06-05 00:00:00-04:00,1.3600000143051147,1.4900000095367432,1.350000023841858,1.4199999570846558,948000,0.0,0.0
2024-06-06 00:00:00-04:00,1.4500000476837158,1.4500000476837158,1.3300000429153442,1.3899999856948853,1127000,0.0,0.0
2024-06-07 00:00:00-04:00,1.3600000143051147,1.3899999856948853,1.25,1.2599999904632568,2039400,0.0,0.0
2024-06-10 00:00:00-04:00,1.2599999904632568,1.2999999523162842,1.190000057220459,1.2100000381469727,2532600,0.0,0.0
2024-06-11 00:00:00-04:00,1.2300000190734863,1.2699999809265137,1.1699999570846558,1.2599999904632568,932500,0.0,0.0
2024-06-12 00:00:00-04:00,1.2599999904632568,1.3899999856948853,1.2599999904632568,1.2899999618530273,1292200,0.0,0.0
2024-06-13 00:00:00-04:00,1.3200000524520874,1.3200000524520874,1.2200000286102295,1.25,1119000,0.0,0.0
2024-06-14 00:00:00-04:00,1.2200000286102295,1.2400000095367432,1.1699999570846558,1.1699999570846558,952000,0.0,0.0
2024-06-17 00:00:00-04:00,1.1799999475479126,1.190000057220459,1.1299999952316284,1.1699999570846558,1392700,0.0,0.0
2024-06-18 00:00:00-04:00,1.159999966621399,1.159999966621399,1.1100000143051147,1.1399999856948853,824400,0.0,0.0
2024-06-20 00:00:00-04:00,1.1399999856948853,1.190000057220459,1.059999942779541,1.090000033378601,1274400,0.0,0.0
2024-06-21 00:00:00-04:00,1.0800000429153442,1.1699999570846558,1.0399999618530273,1.159999966621399,2580900,0.0,0.0
2024-06-24 00:00:00-04:00,1.1200000047683716,1.2400000095367432,1.090000033378601,1.1699999570846558,2201100,0.0,0.0
2024-06-25 00:00:00-04:00,1.159999966621399,1.159999966621399,1.059999942779541,1.0700000524520874,1781500,0.0,0.0
2024-06-26 00:00:00-04:00,1.0499999523162842,1.1200000047683716,1.0099999904632568,1.090000033378601,1708100,0.0,0.0
2024-06-27 00:00:00-04:00,1.090000033378601,1.190000057220459,1.0700000524520874,1.1399999856948853,2124000,0.0,0.0
2024-06-28 00:00:00-04:00,1.159999966621399,1.2999999523162842,1.1200000047683716,1.2400000095367432,25169100,0.0,0.0
2024-07-01 00:00:00-04:00,1.25,1.309999942779541,1.1299999952316284,1.2200000286102295,2353500,0.0,0.0
2024-07-02 00:00:00-04:00,1.2000000476837158,1.25,1.100000023841858,1.1699999570846558,1432900,0.0,0.0
2024-07-03 00:00:00-04:00,1.1699999570846558,1.3300000429153442,1.1699999570846558,1.2999999523162842,1445700,0.0,0.0
2024-07-05 00:00:00-04:00,1.309999942779541,1.340000033378601,1.1799999475479126,1.2899999618530273,2300700,0.0,0.0
2024-07-08 00:00:00-04:00,1.2799999713897705,1.340000033378601,1.2200000286102295,1.2400000095367432,1415000,0.0,0.0
2024-07-09 00:00:00-04:00,1.2200000286102295,1.2599999904632568,1.2000000476837158,1.2300000190734863,1118500,0.0,0.0
2024-07-10 00:00:00-04:00,1.2400000095367432,1.3300000429153442,1.2100000381469727,1.3300000429153442,1599500,0.0,0.0
2024-07-11 00:00:00-04:00,1.350000023841858,1.4199999570846558,1.3200000524520874,1.3600000143051147,1915000,0.0,0.0
2024-07-12 00:00:00-04:00,1.350000023841858,1.4600000381469727,1.3200000524520874,1.4199999570846558,2213300,0.0,0.0
2024-07-15 00:00:00-04:00,1.4500000476837158,1.4600000381469727,1.340000033378601,1.399999976158142,1865200,0.0,0.0
2024-07-16 00:00:00-04:00,1.4299999475479126,1.5,1.399999976158142,1.4700000286102295,1351200,0.0,0.0
2024-07-17 00:00:00-04:00,1.4299999475479126,1.5199999809265137,1.399999976158142,1.4500000476837158,1695700,0.0,0.0
2024-07-18 00:00:00-04:00,1.4500000476837158,1.4700000286102295,1.3200000524520874,1.350000023841858,807300,0.0,0.0
2024-07-19 00:00:00-04:00,1.3600000143051147,1.440000057220459,1.2999999523162842,1.3899999856948853,1050400,0.0,0.0
2024-07-22 00:00:00-04:00,1.3899999856948853,1.4900000095367432,1.3799999952316284,1.4600000381469727,1269400,0.0,0.0
2024-07-23 00:00:00-04:00,1.4500000476837158,1.5,1.4299999475479126,1.4800000190734863,724900,0.0,0.0
2024-07-24 00:00:00-04:00,1.4700000286102295,1.5,1.3899999856948853,1.409999966621399,942800,0.0,0.0
2024-07-25 00:00:00-04:00,1.4299999475479126,1.4299999475479126,1.3300000429153442,1.3700000047683716,1044100,0.0,0.0
2024-07-26 00:00:00-04:00,1.3700000047683716,1.409999966621399,1.309999942779541,1.3799999952316284,912300,0.0,0.0
2024-07-29 00:00:00-04:00,1.3799999952316284,1.4199999570846558,1.3200000524520874,1.3600000143051147,840700,0.0,0.0
2024-07-30 00:00:00-04:00,1.3899999856948853,1.4299999475479126,1.340000033378601,1.3899999856948853,982100,0.0,0.0
2024-07-31 00:00:00-04:00,1.3899999856948853,1.409999966621399,1.3200000524520874,1.340000033378601,768400,0.0,0.0
2024-08-01 00:00:00-04:00,1.340000033378601,1.340000033378601,1.2300000190734863,1.2699999809265137,998400,0.0,0.0
2024-08-02 00:00:00-04:00,1.2200000286102295,1.2699999809265137,1.1799999475479126,1.2000000476837158,1060200,0.0,0.0
2024-08-05 00:00:00-04:00,1.100000023841858,1.2300000190734863,1.0800000429153442,1.1699999570846558,1109900,0.0,0.0
2024-08-06 00:00:00-04:00,1.159999966621399,1.190000057220459,1.1200000047683716,1.1699999570846558,1135100,0.0,0.0
2024-08-07 00:00:00-04:00,1.1799999475479126,1.2100000381469727,1.159999966621399,1.1799999475479126,1329000,0.0,0.0
2024-08-08 00:00:00-04:00,1.1799999475479126,1.2200000286102295,1.1399999856948853,1.2100000381469727,1013200,0.0,0.0
2024-08-09 00:00:00-04:00,1.159999966621399,1.2100000381469727,1.1100000143051147,1.1100000143051147,1130100,0.0,0.0
2024-08-12 00:00:00-04:00,1.1100000143051147,1.149999976158142,1.090000033378601,1.1100000143051147,957100,0.0,0.0
2024-08-13 00:00:00-04:00,1.1299999952316284,1.190000057220459,1.0800000429153442,1.149999976158142,822000,0.0,0.0
2024-08-14 00:00:00-04:00,1.159999966621399,1.190000057220459,1.1200000047683716,1.1399999856948853,1211800,0.0,0.0
2024-08-15 00:00:00-04:00,1.149999976158142,1.25,1.1399999856948853,1.190000057220459,903100,0.0,0.0
2024-08-16 00:00:00-04:00,1.2000000476837158,1.2599999904632568,1.1699999570846558,1.25,654900,0.0,0.0
2024-08-19 00:00:00-04:00,1.25,1.3300000429153442,1.2300000190734863,1.3300000429153442,1206000,0.0,0.0
2024-08-20 00:00:00-04:00,1.340000033378601,1.340000033378601,1.2300000190734863,1.2799999713897705,1100000,0.0,0.0
2024-08-21 00:00:00-04:00,1.309999942779541,1.309999942779541,1.2400000095367432,1.2699999809265137,560300,0.0,0.0
2024-08-22 00:00:00-04:00,1.2799999713897705,1.2799999713897705,1.190000057220459,1.2100000381469727,401500,0.0,0.0
2024-08-23 00:00:00-04:00,1.2200000286102295,1.350000023841858,1.2100000381469727,1.350000023841858,1031800,0.0,0.0
2024-08-26 00:00:00-04:00,1.340000033378601,1.3799999952316284,1.2899999618530273,1.3600000143051147,1337300,0.0,0.0
2024-08-27 00:00:00-04:00,1.3600000143051147,1.3799999952316284,1.2400000095367432,1.25,487400,0.0,0.0
2024-08-28 00:00:00-04:00,1.2300000190734863,1.2799999713897705,1.2200000286102295,1.2599999904632568,874600,0.0,0.0
2024-08-29 00:00:00-04:00,1.25,1.350000023841858,1.2200000286102295,1.2699999809265137,755400,0.0,0.0
2024-08-30 00:00:00-04:00,1.2799999713897705,1.309999942779541,1.2400000095367432,1.2799999713897705,560700,0.0,0.0
2024-09-03 00:00:00-04:00,1.2699999809265137,1.309999942779541,1.2200000286102295,1.2400000095367432,578600,0.0,0.0
2024-09-04 00:00:00-04:00,1.2400000095367432,1.2899999618530273,1.2200000286102295,1.2400000095367432,1150800,0.0,0.0
2024-09-05 00:00:00-04:00,1.25,1.25,1.1200000047683716,1.1299999952316284,789900,0.0,0.0
2024-09-06 00:00:00-04:00,1.149999976158142,1.1799999475479126,1.0800000429153442,1.1200000047683716,1139100,0.0,0.0
2024-09-09 00:00:00-04:00,1.1299999952316284,1.190000057220459,1.1200000047683716,1.1799999475479126,771900,0.0,0.0
2024-09-10 00:00:00-04:00,1.159999966621399,1.2400000095367432,1.149999976158142,1.2400000095367432,571000,0.0,0.0
2024-09-11 00:00:00-04:00,1.2200000286102295,1.2599999904632568,1.2000000476837158,1.25,776400,0.0,0.0
2024-09-12 00:00:00-04:00,1.2699999809265137,1.2699999809265137,1.2100000381469727,1.25,441900,0.0,0.0
2024-09-13 00:00:00-04:00,1.2699999809265137,1.340000033378601,1.2400000095367432,1.309999942779541,748100,0.0,0.0
2024-09-16 00:00:00-04:00,1.2899999618530273,1.2999999523162842,1.2300000190734863,1.2699999809265137,583300,0.0,0.0
2024-09-17 00:00:00-04:00,1.2899999618530273,1.340000033378601,1.2400000095367432,1.2999999523162842,938200,0.0,0.0
2024-09-18 00:00:00-04:00,1.309999942779541,1.3200000524520874,1.25,1.2599999904632568,634400,0.0,0.0
2024-09-19 00:00:00-04:00,1.3300000429153442,1.3300000429153442,1.25,1.2699999809265137,501900,0.0,0.0
2024-09-20 00:00:00-04:00,1.25,1.3200000524520874,1.2300000190734863,1.2999999523162842,2400600,0.0,0.0
2024-09-23 00:00:00-04:00,1.2899999618530273,1.309999942779541,1.159999966621399,1.2000000476837158,901200,0.0,0.0
2024-09-24 00:00:00-04:00,1.2000000476837158,1.2200000286102295,1.149999976158142,1.2100000381469727,815500,0.0,0.0
2024-09-25 00:00:00-04:00,1.190000057220459,1.2000000476837158,1.1299999952316284,1.159999966621399,817500,0.0,0.0
2024-09-26 00:00:00-04:00,1.1699999570846558,1.1699999570846558,1.1100000143051147,1.1100000143051147,686400,0.0,0.0
2024-09-27 00:00:00-04:00,1.1399999856948853,1.2699999809265137,1.1299999952316284,1.1699999570846558,966200,0.0,0.0
2024-09-30 00:00:00-04:00,1.2100000381469727,1.340000033378601,1.2100000381469727,1.2999999523162842,1280000,0.0,0.0
2024-10-01 00:00:00-04:00,1.2999999523162842,1.350000023841858,1.2699999809265137,1.2999999523162842,1652200,0.0,0.0
2024-10-02 00:00:00-04:00,1.2599999904632568,1.3899999856948853,1.2599999904632568,1.3300000429153442,2302900,0.0,0.0
2024-10-03 00:00:00-04:00,1.3300000429153442,1.3300000429153442,1.2599999904632568,1.2999999523162842,1200500,0.0,0.0
2024-10-04 00:00:00-04:00,1.2899999618530273,1.3700000047683716,1.2899999618530273,1.3200000524520874,786400,0.0,0.0
2024-10-07 00:00:00-04:00,1.3600000143051147,1.4199999570846558,1.2599999904632568,1.2799999713897705,1870700,0.0,0.0
2024-10-08 00:00:00-04:00,1.2899999618530273,1.3300000429153442,1.2799999713897705,1.2999999523162842,453400,0.0,0.0
2024-10-09 00:00:00-04:00,1.2899999618530273,1.309999942779541,1.2799999713897705,1.2999999523162842,390400,0.0,0.0
2024-10-10 00:00:00-04:00,1.2599999904632568,1.2999999523162842,1.2400000095367432,1.2899999618530273,737400,0.0,0.0
2024-10-11 00:00:00-04:00,1.2799999713897705,1.3700000047683716,1.2799999713897705,1.3600000143051147,1266400,0.0,0.0
2024-10-14 00:00:00-04:00,1.3700000047683716,1.3899999856948853,1.2899999618530273,1.3200000524520874,1588300,0.0,0.0
2024-10-15 00:00:00-04:00,1.309999942779541,1.340000033378601,1.2699999809265137,1.2899999618530273,754600,0.0,0.0
2024-10-16 00:00:00-04:00,1.2899999618530273,1.3799999952316284,1.2899999618530273,1.3799999952316284,3905700,0.0,0.0
2024-10-17 00:00:00-04:00,1.409999966621399,1.4800000190734863,1.3700000047683716,1.4500000476837158,2798500,0.0,0.0
2024-10-18 00:00:00-04:00,1.440000057220459,1.4900000095367432,1.3899999856948853,1.409999966621399,1324800,0.0,0.0
2024-10-21 00:00:00-04:00,1.440000057220459,1.440000057220459,1.3799999952316284,1.3899999856948853,643600,0.0,0.0
2024-10-22 00:00:00-04:00,1.399999976158142,1.4500000476837158,1.3899999856948853,1.440000057220459,705300,0.0,0.0
2024-10-23 00:00:00-04:00,1.440000057220459,1.4700000286102295,1.3799999952316284,1.409999966621399,884000,0.0,0.0
2024-10-24 00:00:00-04:00,1.4199999570846558,1.4199999570846558,1.340000033378601,1.350000023841858,967700,0.0,0.0
2024-10-25 00:00:00-04:00,1.350000023841858,1.3799999952316284,1.2999999523162842,1.3200000524520874,1061100,0.0,0.0
2024-10-28 00:00:00-04:00,1.3799999952316284,1.399999976158142,1.3300000429153442,1.3600000143051147,968000,0.0,0.0
2024-10-29 00:00:00-04:00,1.3600000143051147,1.3799999952316284,1.25,1.2699999809265137,1931600,0.0,0.0
2024-10-30 00:00:00-04:00,1.2799999713897705,1.2999999523162842,1.2300000190734863,1.25,1434300,0.0,0.0
2024-10-31 00:00:00-04:00,1.25,1.25,1.190000057220459,1.190000057220459,1187800,0.0,0.0
2024-11-01 00:00:00-04:00,1.2100000381469727,1.2599999904632568,1.2100000381469727,1.2300000190734863,842100,0.0,0.0
2024-11-04 00:00:00-05:00,1.3700000047683716,1.4700000286102295,1.2599999904632568,1.3300000429153442,5973200,0.0,0.0
2024-11-05 00:00:00-05:00,1.340000033378601,1.409999966621399,1.340000033378601,1.399999976158142,2624200,0.0,0.0
2024-11-06 00:00:00-05:00,1.4299999475479126,1.4700000286102295,1.3600000143051147,1.3899999856948853,2386100,0.0,0.0
2024-11-07 00:00:00-05:00,1.409999966621399,1.4199999570846558,1.3300000429153442,1.3700000047683716,1865400,0.0,0.0
2024-11-08 00:00:00-05:00,1.3799999952316284,1.4299999475479126,1.3600000143051147,1.399999976158142,1658700,0.0,0.0
2024-11-11 00:00:00-05:00,1.399999976158142,1.4199999570846558,1.3600000143051147,1.3700000047683716,1302500,0.0,0.0
2024-11-12 00:00:00-05:00,1.3700000047683716,1.3799999952316284,1.2999999523162842,1.309999942779541,964600,0.0,0.0
2024-11-13 00:00:00-05:00,1.3300000429153442,1.3700000047683716,1.2799999713897705,1.2799999713897705,883400,0.0,0.0
2024-11-14 00:00:00-05:00,1.2899999618530273,1.2999999523162842,1.159999966621399,1.1699999570846558,2364700,0.0,0.0
2024-11-15 00:00:00-05:00,1.2000000476837158,1.2000000476837158,1.0399999618530273,1.0700000524520874,3766400,0.0,0.0
2024-11-18 00:00:00-05:00,1.0700000524520874,1.090000033378601,1.0199999809265137,1.0299999713897705,1390700,0.0,0.0
2024-11-19 00:00:00-05:00,1.0199999809265137,1.0399999618530273,1.0,1.0299999713897705,1502300,0.0,0.0
2024-11-20 00:00:00-05:00,1.0700000524520874,1.0700000524520874,1.0,1.0,1486200,0.0,0.0
2024-11-21 00:00:00-05:00,1.0,1.0399999618530273,0.9800000190734863,1.0099999904632568,1455300,0.0,0.0
2024-11-22 00:00:00-05:00,1.0299999713897705,1.1100000143051147,1.0099999904632568,1.0499999523162842,4632200,0.0,0.0
2024-11-25 00:00:00-05:00,1.0700000524520874,1.1200000047683716,1.0700000524520874,1.090000033378601,2480700,0.0,0.0
2024-11-26 00:00:00-05:00,1.100000023841858,1.1200000047683716,1.0700000524520874,1.0700000524520874,1367000,0.0,0.0
2024-11-27 00:00:00-05:00,1.1100000143051147,1.149999976158142,1.0800000429153442,1.1299999952316284,1675800,0.0,0.0
2024-11-29 00:00:00-05:00,1.1299999952316284,1.149999976158142,1.100000023841858,1.1399999856948853,962000,0.0,0.0
2024-12-02 00:00:00-05:00,1.149999976158142,1.2100000381469727,1.149999976158142,1.1799999475479126,1109600,0.0,0.0
2024-12-03 00:00:00-05:00,1.149999976158142,1.159999966621399,1.0700000524520874,1.0700000524520874,2058200,0.0,0.0
2024-12-04 00:00:00-05:00,1.059999942779541,1.1100000143051147,1.0099999904632568,1.0199999809265137,6098900,0.0,0.0
2024-12-05 00:00:00-05:00,1.0199999809265137,1.059999942779541,0.9700000286102295,1.0199999809265137,6829500,0.0,0.0
2024-12-06 00:00:00-05:00,1.0499999523162842,1.0700000524520874,1.0,1.0199999809265137,1428500,0.0,0.0
2024-12-09 00:00:00-05:00,1.0399999618530273,1.0499999523162842,1.0,1.0099999904632568,1165900,0.0,0.0
2024-12-10 00:00:00-05:00,1.0299999713897705,1.059999942779541,0.9900000095367432,1.0199999809265137,1857300,0.0,0.0
2024-12-11 00:00:00-05:00,1.0299999713897705,1.0499999523162842,0.9900000095367432,1.0199999809265137,1738200,0.0,0.0
2024-12-12 00:00:00-05:00,1.0199999809265137,1.0399999618530273,1.0,1.0,2159200,0.0,0.0
2024-12-13 00:00:00-05:00,1.0,1.0299999713897705,0.9900000095367432,1.0099999904632568,2058400,0.0,0.0
2024-12-16 00:00:00-05:00,1.0,1.0499999523162842,1.0,1.0,1027900,0.0,0.0
2024-12-17 00:00:00-05:00,1.0,1.0299999713897705,1.0,1.0199999809265137,1712300,0.0,0.0
2024-12-18 00:00:00-05:00,1.0199999809265137,1.0399999618530273,0.9200000166893005,0.9300000071525574,1515900,0.0,0.0
2024-12-19 00:00:00-05:00,0.9200000166893005,1.0,0.8899999856948853,0.9399999976158142,1638600,0.0,0.0
2024-12-20 00:00:00-05:00,0.9599999785423279,0.9599999785423279,0.8999999761581421,0.9300000071525574,1787400,0.0,0.0
2024-12-23 00:00:00-05:00,0.9300000071525574,0.9300000071525574,0.8700000047683716,0.8999999761581421,1711300,0.0,0.0
2024-12-24 00:00:00-05:00,0.8899999856948853,0.9100000262260437,0.8899999856948853,0.9100000262260437,505700,0.0,0.0
2024-12-26 00:00:00-05:00,0.9200000166893005,0.9599999785423279,0.8799999952316284,0.949999988079071,1090600,0.0,0.0
2024-12-27 00:00:00-05:00,0.9100000262260437,0.9599999785423279,0.8999999761581421,0.949999988079071,1098100,0.0,0.0
2024-12-30 00:00:00-05:00,0.9300000071525574,0.9599999785423279,0.9300000071525574,0.9399999976158142,704900,0.0,0.0
2024-12-31 00:00:00-05:00,0.9200000166893005,0.9599999785423279,0.9100000262260437,0.9300000071525574,1113200,0.0,0.0
2025-01-02 00:00:00-05:00,0.9599999785423279,1.0199999809265137,0.9300000071525574,0.9599999785423279,909100,0.0,0.0
2025-01-03 00:00:00-05:00,0.9599999785423279,1.159999966621399,0.9599999785423279,1.100000023841858,2795300,0.0,0.0
2025-01-06 00:00:00-05:00,1.149999976158142,1.2200000286102295,1.1299999952316284,1.1699999570846558,2656200,0.0,0.0
2025-01-07 00:00:00-05:00,1.1699999570846558,1.25,1.1399999856948853,1.190000057220459,2525700,0.0,0.0
2025-01-08 00:00:00-05:00,1.2300000190734863,1.2400000095367432,1.1200000047683716,1.1399999856948853,1843800,0.0,0.0
2025-01-10 00:00:00-05:00,1.100000023841858,1.1200000047683716,1.0199999809265137,1.0299999713897705,1651400,0.0,0.0
2025-01-13 00:00:00-05:00,1.0099999904632568,1.0099999904632568,0.9300000071525574,0.9599999785423279,1801900,0.0,0.0
2025-01-14 00:00:00-05:00,0.9900000095367432,0.9900000095367432,0.8700000047683716,0.8999999761581421,1111700,0.0,0.0
2025-01-15 00:00:00-05:00,0.9300000071525574,0.9599999785423279,0.8999999761581421,0.9100000262260437,1341800,0.0,0.0
2025-01-16 00:00:00-05:00,0.8999999761581421,0.9300000071525574,0.8799999952316284,0.8899999856948853,1103600,0.0,0.0
2025-01-17 00:00:00-05:00,0.8899999856948853,0.9399999976158142,0.8799999952316284,0.8899999856948853,1792800,0.0,0.0
2025-01-21 00:00:00-05:00,0.9100000262260437,0.9399999976158142,0.8399999737739563,0.8999999761581421,844100,0.0,0.0
2025-01-22 00:00:00-05:00,0.9200000166893005,0.9599999785423279,0.8899999856948853,0.9200000166893005,767000,0.0,0.0
2025-01-23 00:00:00-05:00,0.9200000166893005,0.9300000071525574,0.8899999856948853,0.8899999856948853,1282200,0.0,0.0
2025-01-24 00:00:00-05:00,0.8899999856948853,0.8999999761581421,0.8700000047683716,0.8799999952316284,1498400,0.0,0.0
2025-01-27 00:00:00-05:00,0.8899999856948853,0.9200000166893005,0.8600000143051147,0.8799999952316284,1343000,0.0,0.0
2025-01-28 00:00:00-05:00,0.8700000047683716,0.8799999952316284,0.8399999737739563,0.8399999737739563,1108100,0.0,0.0
2025-01-29 00:00:00-05:00,0.8199999928474426,0.8700000047683716,0.800000011920929,0.8399999737739563,1663300,0.0,0.0
2025-01-30 00:00:00-05:00,0.8600000143051147,0.8600000143051147,0.8199999928474426,0.8500000238418579,1000200,0.0,0.0
2025-01-31 00:00:00-05:00,0.8899999856948853,0.8899999856948853,0.8299999833106995,0.8299999833106995,801400,0.0,0.0
2025-02-03 00:00:00-05:00,0.8299999833106995,0.8600000143051147,0.800000011920929,0.8100000023841858,816800,0.0,0.0
2025-02-04 00:00:00-05:00,0.800000011920929,0.8199999928474426,0.7699999809265137,0.7799999713897705,1610900,0.0,0.0
2025-02-05 00:00:00-05:00,0.7599999904632568,0.8100000023841858,0.7200000286102295,0.7599999904632568,3124800,0.0,0.0
2025-02-06 00:00:00-05:00,0.75,0.7799999713897705,0.699999988079071,0.699999988079071,1714100,0.0,0.0
2025-02-07 00:00:00-05:00,0.7099999785423279,0.7200000286102295,0.6600000262260437,0.6800000071525574,3373300,0.0,0.0
2025-02-10 00:00:00-05:00,0.699999988079071,0.7200000286102295,0.6700000166893005,0.699999988079071,8412800,0.0,0.0
2025-02-11 00:00:00-05:00,0.7099999785423279,0.7099999785423279,0.6499999761581421,0.6600000262260437,4157000,0.0,0.0
2025-02-12 00:00:00-05:00,0.6600000262260437,0.7799999713897705,0.6499999761581421,0.7300000190734863,4871100,0.0,0.0
2025-02-13 00:00:00-05:00,0.8100000023841858,0.9399999976158142,0.7699999809265137,0.8899999856948853,8139800,0.0,0.0
2025-02-14 00:00:00-05:00,0.9300000071525574,1.0800000429153442,0.8999999761581421,0.9800000190734863,6886300,0.0,0.0
2025-02-18 00:00:00-05:00,1.0199999809265137,1.059999942779541,0.9800000190734863,1.059999942779541,3391500,0.0,0.0
2025-02-19 00:00:00-05:00,1.0299999713897705,1.0399999618530273,0.9700000286102295,1.0,3408900,0.0,0.0
2025-02-20 00:00:00-05:00,0.9800000190734863,0.9800000190734863,0.9200000166893005,0.9599999785423279,1652400,0.0,0.0
2025-02-21 00:00:00-05:00,0.9800000190734863,1.0,0.9200000166893005,0.9300000071525574,1218900,0.0,0.0
2025-02-24 00:00:00-05:00,0.8999999761581421,0.949999988079071,0.8299999833106995,0.8500000238418579,2306000,0.0,0.0
2025-02-25 00:00:00-05:00,0.8299999833106995,0.9200000166893005,0.800000011920929,0.8700000047683716,2801500,0.0,0.0
2025-02-26 00:00:00-05:00,0.8600000143051147,0.9100000262260437,0.7799999713897705,0.7799999713897705,2356600,0.0,0.0
2025-02-27 00:00:00-05:00,0.7699999809265137,0.8399999737739563,0.7599999904632568,0.800000011920929,1308300,0.0,0.0
2025-02-28 00:00:00-05:00,0.7900000214576721,0.8500000238418579,0.7799999713897705,0.8399999737739563,1164300,0.0,0.0
2025-03-03 00:00:00-05:00,0.8600000143051147,0.8600000143051147,0.800000011920929,0.800000011920929,1302500,0.0,0.0
2025-03-04 00:00:00-05:00,0.800000011920929,0.8700000047683716,0.7699999809265137,0.8399999737739563,1840700,0.0,0.0
2025-03-05 00:00:00-05:00,0.8500000238418579,0.8799999952316284,0.8299999833106995,0.8600000143051147,872000,0.0,0.0
2025-03-06 00:00:00-05:00,0.8500000238418579,0.9300000071525574,0.8199999928474426,0.8600000143051147,1442300,0.0,0.0
2025-03-07 00:00:00-05:00,0.8600000143051147,0.8899999856948853,0.8399999737739563,0.8799999952316284,841300,0.0,0.0
2025-03-10 00:00:00-04:00,0.8399999737739563,0.8500000238418579,0.800000011920929,0.8199999928474426,1315800,0.0,0.0
2025-03-11 00:00:00-04:00,0.8100000023841858,0.8500000238418579,0.7900000214576721,0.8199999928474426,1316900,0.0,0.0
2025-03-12 00:00:00-04:00,0.8399999737739563,0.8500000238418579,0.800000011920929,0.8199999928474426,1719800,0.0,0.0
2025-03-13 00:00:00-04:00,0.8799999952316284,0.9300000071525574,0.8100000023841858,0.8199999928474426,1398700,0.0,0.0
2025-03-14 00:00:00-04:00,0.8999999761581421,0.949999988079071,0.8399999737739563,0.8999999761581421,2538000,0.0,0.0
2025-03-17 00:00:00-04:00,0.9200000166893005,0.9599999785423279,0.8799999952316284,0.9100000262260437,2094400,0.0,0.0
2025-03-18 00:00:00-04:00,0.9100000262260437,0.9200000166893005,0.8500000238418579,0.8799999952316284,1072900,0.0,0.0
2025-03-19 00:00:00-04:00,0.8700000047683716,0.8999999761581421,0.8399999737739563,0.8999999761581421,690900,0.0,0.0
2025-03-20 00:00:00-04:00,0.8899999856948853,0.9399999976158142,0.8500000238418579,0.8700000047683716,818000,0.0,0.0
2025-03-21 00:00:00-04:00,0.8500000238418579,0.8700000047683716,0.8199999928474426,0.8600000143051147,1406300,0.0,0.0
2025-03-24 00:00:00-04:00,0.8700000047683716,0.9200000166893005,0.8199999928474426,0.8600000143051147,1585600,0.0,0.0
2025-03-25 00:00:00-04:00,0.8600000143051147,0.8899999856948853,0.8100000023841858,0.8399999737739563,1476500,0.0,0.0
2025-03-26 00:00:00-04:00,0.8199999928474426,0.8399999737739563,0.75,0.800000011920929,2250800,0.0,0.0
2025-03-27 00:00:00-04:00,0.800000011920929,0.800000011920929,0.75,0.7599999904632568,1896700,0.0,0.0
2025-03-28 00:00:00-04:00,0.7599999904632568,0.7900000214576721,0.7400000095367432,0.7400000095367432,1301600,0.0,0.0
2025-03-31 00:00:00-04:00,0.699999988079071,0.7200000286102295,0.6700000166893005,0.6800000071525574,3523500,0.0,0.0
2025-04-01 00:00:00-04:00,0.6899999976158142,0.6899999976158142,0.6399999856948853,0.6399999856948853,2224000,0.0,0.0
2025-04-02 00:00:00-04:00,0.6399999856948853,0.6700000166893005,0.6200000047683716,0.6600000262260437,2582800,0.0,0.0
2025-04-03 00:00:00-04:00,0.6399999856948853,0.6600000262260437,0.5799999833106995,0.6000000238418579,3743800,0.0,0.0
2025-04-04 00:00:00-04:00,0.5799999833106995,0.6000000238418579,0.5299999713897705,0.550000011920929,4731700,0.0,0.0
2025-04-07 00:00:00-04:00,0.5299999713897705,0.550000011920929,0.4699999988079071,0.49000000953674316,4412500,0.0,0.0
2025-04-08 00:00:00-04:00,0.5600000023841858,0.5799999833106995,0.4699999988079071,0.49000000953674316,3130000,0.0,0.0
2025-04-09 00:00:00-04:00,0.47999998927116394,0.5299999713897705,0.4300000071525574,0.5099999904632568,3632300,0.0,0.0
2025-04-10 00:00:00-04:00,0.5,0.5400000214576721,0.4699999988079071,0.5,1025500,0.0,0.0
2025-04-11 00:00:00-04:00,0.5400000214576721,0.6499999761581421,0.5299999713897705,0.6200000047683716,8022400,0.0,0.0
2025-04-14 00:00:00-04:00,0.6335999965667725,0.6534000039100647,0.5839999914169312,0.6039000153541565,2757212,0.0,0.0
