Date,Open,High,Low,Close,Volume,Dividends,Stock Splits
2020-04-27 00:00:00-04:00,116.18056913421323,116.86338154025535,115.7224858083843,116.21514892578125,4009200,0.0,0.0
2020-04-28 00:00:00-04:00,118.22035976960677,118.99823375105424,116.38802618501508,117.82278442382812,6674200,0.0,0.0
2020-04-29 00:00:00-04:00,118.2117129534184,118.39321071487869,114.86682342062039,115.26441192626953,6706800,0.0,0.0
2020-04-30 00:00:00-04:00,114.4433105370197,115.10018150557737,112.72332858455547,114.33958435058594,6783000,0.0,0.0
2020-05-01 00:00:00-04:00,113.32832812915467,114.2877128002802,111.9454399793133,112.48130798339844,4488000,0.0,0.0
2020-05-04 00:00:00-04:00,112.50725442624837,113.52714729547456,111.77259868703943,113.15548706054688,5245300,0.0,0.0
2020-05-05 00:00:00-04:00,113.77779031684571,115.23847661511986,113.0258446887768,113.80371856689453,3580000,0.0,0.0
2020-05-06 00:00:00-04:00,113.725935648482,114.28773199302378,112.95670011188196,113.03448486328125,4192200,0.0,0.0
2020-05-07 00:00:00-04:00,113.69998931884766,114.08892620232702,112.46401909372693,113.69998931884766,5528000,0.0,0.0
2020-05-08 00:00:00-04:00,115.01374489696089,116.82014973960935,114.4865152379512,116.0163345336914,4209100,0.0,0.0
2020-05-11 00:00:00-04:00,115.32491366997037,117.71905682460003,115.10019774625465,116.1460189819336,3591100,0.0,0.0
2020-05-12 00:00:00-04:00,116.47444311222982,117.87463466810237,114.83225893272224,114.90140533447266,3914600,0.0,0.0
2020-05-13 00:00:00-04:00,115.10881437505408,116.22378180489274,113.6135615741644,114.9186782836914,5168500,0.0,0.0
2020-05-14 00:00:00-04:00,114.7026017490338,115.43725743753215,112.48995676516464,115.02239227294922,5522200,0.0,0.0
2020-05-15 00:00:00-04:00,115.61877794839835,118.98094406401803,114.77174446558199,117.50296783447266,20338200,0.0,0.0
2020-05-18 00:00:00-04:00,118.2808589438637,119.2661720676432,116.73373626379554,117.1313247680664,8480300,0.0,0.0
2020-05-19 00:00:00-04:00,116.18921818010932,116.47444213932445,113.57035923170282,113.85558319091797,6640300,0.0,0.0
2020-05-20 00:00:00-04:00,114.55568752638426,114.67669044736546,112.6542074016814,113.44937133789062,8213100,0.0,0.0
2020-05-21 00:00:00-04:00,113.20735664822308,113.60494517941885,112.02325578628391,112.5418472290039,4886300,0.0,0.0
2020-05-22 00:00:00-04:00,112.02325417848036,112.90485434312,111.64295555105433,112.77519989013672,3429200,0.0,0.0
2020-05-26 00:00:00-04:00,114.03708266101505,114.13215730451442,111.84172750687539,112.14424133300781,5579300,0.0,0.0
2020-05-27 00:00:00-04:00,112.1183146398096,113.08633779554665,111.13300158819828,113.06040954589844,5686500,0.0,0.0
2020-05-28 00:00:00-04:00,113.40614099096632,114.71988292808166,112.45539454722703,114.33958435058594,4974400,0.0,0.0
2020-05-29 00:00:00-04:00,114.09756455499999,114.29636536140086,112.63689165378415,113.69998931884766,13337900,0.0,0.0
2020-06-01 00:00:00-04:00,113.7432124755415,115.7743332625501,113.38884217544916,114.9446029663086,4049200,0.0,0.0
2020-06-02 00:00:00-04:00,114.99646203039686,115.65333296195686,113.32833667094202,114.63345336914062,5327500,0.0,0.0
2020-06-03 00:00:00-04:00,115.16071536709717,116.05959232499535,114.6075572726223,114.7977066040039,5421200,0.0,0.0
2020-06-04 00:00:00-04:00,114.61737256978395,116.33328084670546,113.38923274485552,113.72894287109375,5229700,1.023,0.0
2020-06-05 00:00:00-04:00,114.10346545250765,116.29843660092688,113.90313484524447,115.35773468017578,7075700,0.0,0.0
2020-06-08 00:00:00-04:00,114.4344775801503,115.3838850763827,114.31253545486076,115.15742492675781,5613000,0.0,0.0
2020-06-09 00:00:00-04:00,114.82642828476234,115.97616637269593,114.14703457582561,115.81938934326172,6446900,0.0,0.0
2020-06-10 00:00:00-04:00,116.08941670697038,117.72693675687198,115.99360408084432,116.82978820800781,7069900,0.0,0.0
2020-06-11 00:00:00-04:00,116.90814006266356,117.70947573405574,111.02005133237948,111.35103607177734,8541000,0.0,0.0
2020-06-12 00:00:00-04:00,112.49208245156767,113.1714761111842,110.99393556783853,112.36143493652344,7039500,0.0,0.0
2020-06-15 00:00:00-04:00,111.74303218493061,114.0686648297471,110.2100433852194,113.65056610107422,5481000,0.0,0.0
2020-06-16 00:00:00-04:00,115.56677411559296,115.89776553011714,113.33696799619244,114.68704986572266,5197700,0.0,0.0
2020-06-17 00:00:00-04:00,114.87865569024926,115.8803218779169,114.53025352689285,114.76541900634766,3309700,0.0,0.0
2020-06-18 00:00:00-04:00,114.46932889385042,115.95877740752883,113.78122965055246,115.65391540527344,3417200,0.0,0.0
2020-06-19 00:00:00-04:00,117.07367551354538,117.43079651934363,114.29512257449882,114.34738159179688,8310100,0.0,0.0
2020-06-22 00:00:00-04:00,113.71150902485496,114.76543434885181,113.18889241926334,114.14701843261719,3379900,0.0,0.0
2020-06-23 00:00:00-04:00,114.64353630525845,115.56681447803099,114.0860845807148,114.41707611083984,3625600,0.0,0.0
2020-06-24 00:00:00-04:00,113.68538899758109,114.16445204418058,112.08270414253066,112.84920501708984,4853500,0.0,0.0
2020-06-25 00:00:00-04:00,112.48340009163579,114.73933625152225,111.53399251262974,114.46061706542969,4442000,0.0,0.0
2020-06-26 00:00:00-04:00,114.6957550072196,115.29676013613674,111.5426710447185,112.30045318603516,7372700,0.0,0.0
2020-06-29 00:00:00-04:00,113.38925450047242,114.4518988136406,112.73599020749343,114.17317962646484,4173900,0.0,0.0
2020-06-30 00:00:00-04:00,114.82641888909343,115.68873235250553,113.97282412039932,115.2009506225586,4626700,0.0,0.0
2020-07-01 00:00:00-04:00,115.43614994699354,116.38555749140885,114.922251913671,115.28807830810547,3633000,0.0,0.0
2020-07-02 00:00:00-04:00,116.3158508483544,116.86459697436281,115.44483200234377,115.71485900878906,2769200,0.0,0.0
2020-07-06 00:00:00-04:00,115.91520155312482,116.67298377413084,115.24451325126871,116.10682678222656,4221600,0.0,0.0
2020-07-07 00:00:00-04:00,115.20966806575166,117.25655440757717,115.12256086367695,116.34199523925781,4424500,0.0,0.0
2020-07-08 00:00:00-04:00,116.85591359332332,117.31755260545442,115.98489458315966,116.90817260742188,3798200,0.0,0.0
2020-07-09 00:00:00-04:00,115.75840845501172,116.66427556914823,114.73931791962855,115.59292602539062,4005200,0.0,0.0
2020-07-10 00:00:00-04:00,115.2967632249919,117.49173449223923,114.34735584928998,117.11720275878906,5932800,0.0,0.0
2020-07-13 00:00:00-04:00,119.1292663218558,120.26159362268388,117.12592006511295,117.50917053222656,8960000,0.0,0.0
2020-07-14 00:00:00-04:00,117.23044225719288,119.28604759790623,116.93429899141344,118.04049682617188,6766800,0.0,0.0
2020-07-15 00:00:00-04:00,117.8924356690214,118.6240884932647,116.06329031771699,116.44654083251953,5561300,0.0,0.0
2020-07-16 00:00:00-04:00,116.76881471217945,117.03012309202248,115.88909023376075,116.6120376586914,3788100,0.0,0.0
2020-07-17 00:00:00-04:00,117.28268602934025,117.63980695732947,116.3245732426706,117.2914047241211,3229300,0.0,0.0
2020-07-20 00:00:00-04:00,117.24785063176533,117.24785063176533,115.1312678663345,115.94132232666016,3620300,0.0,0.0
2020-07-21 00:00:00-04:00,116.71653270531999,118.81569144598066,116.53361288824972,117.091064453125,5435400,0.0,0.0
2020-07-22 00:00:00-04:00,118.0753064659907,118.67631156482977,116.4377868680747,118.4672622680664,3522300,0.0,0.0
2020-07-23 00:00:00-04:00,118.97248027440571,119.54735599573671,118.01436736288237,119.39928436279297,5011400,0.0,0.0
2020-07-24 00:00:00-04:00,119.32088057646703,120.75805640521124,117.92724505895671,118.51082611083984,3300000,0.0,0.0
2020-07-27 00:00:00-04:00,118.0492199975532,119.99158890926955,117.45693337685643,119.91320037841797,3607700,0.0,0.0
2020-07-28 00:00:00-04:00,120.1831792110212,120.71450125003241,119.40797295318778,119.66057586669922,3787500,0.0,0.0
2020-07-29 00:00:00-04:00,119.6605986035201,121.07164517920478,119.3644420323689,120.1396484375,3179000,0.0,0.0
2020-07-30 00:00:00-04:00,119.5386395480471,120.39223435527518,118.8766566728674,119.93059539794922,2817600,0.0,0.0
2020-07-31 00:00:00-04:00,119.55601875906606,119.93926910325999,117.76172241187658,119.90443420410156,4304100,0.0,0.0
2020-08-03 00:00:00-04:00,119.42539637386992,119.76509319749327,118.45856490806607,119.06827545166016,2819200,0.0,0.0
2020-08-04 00:00:00-04:00,119.78253676249449,119.84350118141498,118.47600826073729,119.73898315429688,2553500,0.0,0.0
2020-08-05 00:00:00-04:00,120.33126897179444,120.33126897179444,118.25825279914783,118.67633819580078,2924000,0.0,0.0
2020-08-06 00:00:00-04:00,117.82274139477855,118.71117118695416,117.82274139477855,118.33663940429688,2692900,0.0,0.0
2020-08-07 00:00:00-04:00,118.40631634797197,119.12054496470267,117.90982917466036,119.10313415527344,3692100,0.0,0.0
2020-08-10 00:00:00-04:00,118.73729573041686,119.22506415875118,117.91853588684444,118.4411392211914,3052000,0.0,0.0
2020-08-11 00:00:00-04:00,119.30345256148969,119.72153788674206,117.25655295433972,117.69206237792969,3301200,0.0,0.0
2020-08-12 00:00:00-04:00,117.883730489668,120.79293130824483,117.8053419546597,120.02644348144531,4424600,0.0,0.0
2020-08-13 00:00:00-04:00,119.41670079527876,120.73193459686732,119.41670079527876,120.2877197265625,2393500,0.0,0.0
2020-08-14 00:00:00-04:00,120.29642298611871,120.3486819945528,119.50379258301797,119.8173599243164,2461700,0.0,0.0
2020-08-17 00:00:00-04:00,119.76508647513892,120.97580209042354,119.37313066844965,120.13091278076172,2862500,0.0,0.0
2020-08-18 00:00:00-04:00,120.73192667338809,120.73192667338809,119.36442066148706,120.29641723632812,2638600,0.0,0.0
2020-08-19 00:00:00-04:00,120.80163526484456,120.8887291962156,118.54569909468458,118.85054779052734,3682200,0.0,0.0
2020-08-20 00:00:00-04:00,118.1624382534191,119.46024803017578,118.13630874722232,119.0857162475586,2263000,0.0,0.0
2020-08-21 00:00:00-04:00,118.78085112249143,119.03345406325573,117.8053141419537,118.8592529296875,4295600,0.0,0.0
2020-08-24 00:00:00-04:00,118.85925084049173,119.92188172378837,118.55438889408498,119.88704681396484,3177800,0.0,0.0
2020-08-25 00:00:00-04:00,120.42707498325194,120.53160629469926,119.06828755068648,119.59090423583984,2597400,0.0,0.0
2020-08-26 00:00:00-04:00,118.96379782663394,120.77551926455499,118.78959665371217,120.61002349853516,6019700,0.0,0.0
2020-08-27 00:00:00-04:00,120.81903060892952,121.88166137917389,120.12221287034382,120.54900360107422,4159300,0.0,0.0
2020-08-28 00:00:00-04:00,120.65353567849235,121.9078049578925,119.53863260584622,121.890380859375,3355400,0.0,0.0
2020-08-31 00:00:00-04:00,121.35035809212117,122.8310875464674,121.07162566788524,121.99490356445312,3828700,0.0,0.0
2020-09-01 00:00:00-04:00,122.16039179261553,122.3607224035731,120.64481423278505,121.23711395263672,3421700,0.0,0.0
2020-09-02 00:00:00-04:00,121.5245792754058,125.26996377759774,121.37650763459418,124.80831146240234,4918200,0.0,0.0
2020-09-03 00:00:00-04:00,125.24959831017007,126.36373719831616,121.1702275641614,122.26683044433594,6642400,1.023,0.0
2020-09-04 00:00:00-04:00,122.52122085444144,123.09144886286879,120.13501248019281,121.73165893554688,4836400,0.0,0.0
2020-09-08 00:00:00-04:00,121.33689766519745,121.61763439165424,117.91550247565488,118.91560363769531,4901500,0.0,0.0
2020-09-09 00:00:00-04:00,118.87176215364045,121.46852388105005,118.78402856138199,120.28418731689453,4282300,0.0,0.0
2020-09-10 00:00:00-04:00,119.83675892810963,120.67017437600256,117.45055017258034,118.22254943847656,6050500,0.0,0.0
2020-09-11 00:00:00-04:00,118.62610633373974,119.64375695144915,117.75759209144668,119.1436996459961,3411900,0.0,0.0
2020-09-14 00:00:00-04:00,119.77534386292288,120.62630871164438,119.13493157209881,119.89816284179688,2779000,0.0,0.0
2020-09-15 00:00:00-04:00,119.73145285981838,120.39819579852414,118.79276800817074,118.97698974609375,4080800,0.0,0.0
2020-09-16 00:00:00-04:00,119.55601209158536,119.83674880912564,118.24008884720811,118.41554260253906,3353500,0.0,0.0
2020-09-17 00:00:00-04:00,117.02066677024476,118.03831728840272,115.52928977571034,116.8539810180664,5186400,0.0,0.0
2020-09-18 00:00:00-04:00,117.30141309976027,118.24886613015778,114.05545813320416,115.33629608154297,8473000,0.0,0.0
2020-09-21 00:00:00-04:00,114.37127686282764,115.19592427791092,113.48522665420845,115.134521484375,4402700,0.0,0.0
2020-09-22 00:00:00-04:00,114.92395412917978,116.58201674872278,114.44144630100325,115.93282318115234,3951000,0.0,0.0
2020-09-23 00:00:00-04:00,116.41534248121502,116.52062544535903,113.91509630271227,114.92396545410156,5909900,0.0,0.0
2020-09-24 00:00:00-04:00,115.3099813131729,116.07321258859959,113.97650854234313,115.43280029296875,4316600,0.0,0.0
2020-09-25 00:00:00-04:00,114.82745990224076,117.40667156109394,114.49408840214693,117.1610336303711,4576000,0.0,0.0
2020-09-28 00:00:00-04:00,119.34548856580587,121.57379329761685,119.02089837022397,121.03865051269531,7487500,0.0,0.0
2020-09-29 00:00:00-04:00,121.6439259362162,122.41592499738887,120.30168554045781,120.3280029296875,4330500,0.0,0.0
2020-09-30 00:00:00-04:00,121.05617355472233,122.10890949970887,120.09992579929447,121.59131622314453,7060700,0.0,0.0
2020-10-01 00:00:00-04:00,122.32824261597796,123.56521383691874,120.61754485630728,123.52134704589844,6483900,0.0,0.0
2020-10-02 00:00:00-04:00,122.18786193819493,122.74055399962626,119.48583119580066,121.1175765991211,5130200,0.0,0.0
2020-10-05 00:00:00-04:00,121.16145781238777,121.39832777924292,120.17012453940524,121.0035400390625,4519800,0.0,0.0
2020-10-06 00:00:00-04:00,121.06496274977553,121.7843406929718,118.56470272978457,119.04721069335938,5031000,0.0,0.0
2020-10-07 00:00:00-04:00,119.25772628235208,120.64383355401225,119.09980854949863,120.1964111328125,4347300,0.0,0.0
2020-10-08 00:00:00-04:00,120.43327716328146,121.17897225044237,119.97708675515025,120.93333435058594,2977400,0.0,0.0
2020-10-09 00:00:00-04:00,121.67902388939659,122.17029972075483,120.97719553620092,121.45093536376953,3194000,0.0,0.0
2020-10-12 00:00:00-04:00,123.80204685486284,125.88121455444721,122.62649204229982,124.6881103515625,6167200,0.0,0.0
2020-10-13 00:00:00-04:00,124.76705114097079,126.32861208050952,124.49509585398819,125.92505645751953,4293200,0.0,0.0
2020-10-14 00:00:00-04:00,125.9338423706805,126.42511818240223,124.2494624220937,125.03024291992188,3641000,0.0,0.0
2020-10-15 00:00:00-04:00,123.83717904946127,124.54777560720369,123.36343908678883,124.07403564453125,3306800,0.0,0.0
2020-10-16 00:00:00-04:00,124.35473048044679,125.29342869854433,123.81081989351878,124.3371810913086,5076000,0.0,0.0
2020-10-19 00:00:00-04:00,123.99505654324355,125.03902444922835,122.1615400524663,122.53876495361328,3223200,0.0,0.0
2020-10-20 00:00:00-04:00,123.69678976762322,123.8897929218497,122.30191428720231,122.56510162353516,2750900,0.0,0.0
2020-10-21 00:00:00-04:00,122.5387758402083,123.24060430363312,122.02996392514646,122.4686050415039,2560100,0.0,0.0
2020-10-22 00:00:00-04:00,122.64404933957158,122.99495685105278,121.95098893294046,122.47736358642578,2909000,0.0,0.0
2020-10-23 00:00:00-04:00,123.01250399889173,123.28445932326903,121.97730410225515,122.4334945678711,2758400,0.0,0.0
2020-10-26 00:00:00-04:00,121.71413544715654,122.01240817804234,119.67006634503237,121.1175765991211,3431100,0.0,0.0
2020-10-27 00:00:00-04:00,121.56500608868703,122.72301168145236,121.3281361363828,122.04750061035156,3390800,0.0,0.0
2020-10-28 00:00:00-04:00,120.31927676762143,120.81056616001436,117.50320773741242,117.7049789428711,5196000,0.0,0.0
2020-10-29 00:00:00-04:00,117.34525830935091,118.98578507087767,116.02933505357483,117.54704284667969,3856500,0.0,0.0
2020-10-30 00:00:00-04:00,116.61710027954383,117.41543018374983,115.54682845904378,116.93292236328125,4303900,0.0,0.0
2020-11-02 00:00:00-05:00,118.96825301281646,119.51216375417991,117.36282480050944,118.564697265625,3126400,0.0,0.0
2020-11-03 00:00:00-05:00,119.85430609403105,121.5913347231227,119.5560333183847,120.22276306152344,3293900,0.0,0.0
2020-11-04 00:00:00-05:00,121.94225534552922,124.31091518218173,120.76670012540596,120.94215393066406,4576300,0.0,0.0
2020-11-05 00:00:00-05:00,122.24927226117134,123.05637022822582,120.59997754495477,121.10880279541016,3667800,0.0,0.0
2020-11-06 00:00:00-05:00,121.55621980068409,122.61773715535166,120.47716644008183,121.3983154296875,2867000,0.0,0.0
2020-11-09 00:00:00-05:00,124.57407125551568,126.02158151771152,121.21407885403285,121.459716796875,6111300,0.0,0.0
2020-11-10 00:00:00-05:00,120.17886713647772,124.96005140447669,119.47703885258312,124.32840728759766,5284500,0.0,0.0
2020-11-11 00:00:00-05:00,125.3285078483235,126.53916129958604,124.231905341386,126.24087524414062,4389800,0.0,0.0
2020-11-12 00:00:00-05:00,126.54797479191546,126.97784794821929,125.24081931469716,126.18828582763672,2570100,0.0,0.0
2020-11-13 00:00:00-05:00,126.1268601941773,127.10941193213205,125.68821911312415,126.95150756835938,2580400,0.0,0.0
2020-11-16 00:00:00-05:00,127.20588253767825,128.31125297377957,126.93392727543382,127.87261199951172,3399000,0.0,0.0
2020-11-17 00:00:00-05:00,126.56548583614895,128.17091360331713,126.42511749463154,127.41645050048828,2924000,0.0,0.0
2020-11-18 00:00:00-05:00,127.63577954046303,128.58324582960458,125.7145295696701,125.78471374511719,4335200,0.0,0.0
2020-11-19 00:00:00-05:00,125.34608749361414,126.06545195095524,124.87234759995586,125.73209381103516,4263500,0.0,0.0
2020-11-20 00:00:00-05:00,126.02158775533479,126.89010198739904,125.45135965685492,125.81981658935547,3469100,0.0,0.0
2020-11-23 00:00:00-05:00,125.7233161779513,126.02158892804673,124.46880899511575,125.46891021728516,3443300,0.0,0.0
2020-11-24 00:00:00-05:00,125.61807406512219,126.64449290817494,125.29348384763398,126.35498809814453,4472300,0.0,0.0
2020-11-25 00:00:00-05:00,126.72340771123457,127.1357314050681,126.0654460788956,126.46900177001953,2278300,0.0,0.0
2020-11-27 00:00:00-05:00,126.87254699215053,127.45155645462569,126.48654068383377,126.85501098632812,1596000,0.0,0.0
2020-11-30 00:00:00-05:00,126.73215710738334,126.8812934333799,125.34605001215257,126.5303726196289,4906900,0.0,0.0
2020-12-01 00:00:00-05:00,127.2322569299603,128.63591403101148,126.76729835981867,128.14463806152344,3999200,0.0,0.0
2020-12-02 00:00:00-05:00,127.97792743805259,128.90784439786623,126.2321310980397,126.87254333496094,4432900,0.0,0.0
2020-12-03 00:00:00-05:00,126.36276860305647,128.07682308683184,126.36276860305647,127.62621307373047,4757900,1.023,0.0
2020-12-04 00:00:00-05:00,127.1137108006908,128.97796336534157,127.09604987214897,128.8631134033203,3592600,0.0,0.0
2020-12-07 00:00:00-05:00,128.71291860634648,129.49043097969425,127.77637696479212,128.43902587890625,4217300,0.0,0.0
2020-12-08 00:00:00-05:00,128.40369050543978,129.13702358801683,127.48480979503834,128.57156372070312,3623800,0.0,0.0
2020-12-09 00:00:00-05:00,128.60690777324916,129.08402257332037,127.4759879620377,128.72177124023438,3842000,0.0,0.0
2020-12-10 00:00:00-05:00,129.0310526264143,129.25193570392446,127.5997345982711,127.82061767578125,3985000,0.0,0.0
2020-12-11 00:00:00-05:00,126.90168758789012,128.20048052336128,126.70730949675658,128.0856170654297,2975500,0.0,0.0
2020-12-14 00:00:00-05:00,128.33299946245643,129.41090938328733,127.2727639532398,127.43179321289062,3952400,0.0,0.0
2020-12-15 00:00:00-05:00,127.72338027063734,128.35069390540139,127.13141546461867,127.90892791748047,3183300,0.0,0.0
2020-12-16 00:00:00-05:00,127.21095140385901,128.52741912164575,127.14026721616271,128.0149688720703,4915800,0.0,0.0
2020-12-17 00:00:00-05:00,128.33301030625333,129.17236292690512,128.2711566011898,128.73944091796875,3312500,0.0,0.0
2020-12-18 00:00:00-05:00,129.28721078274782,129.967534048186,128.55387776601265,129.81732177734375,8980400,0.0,0.0
2020-12-21 00:00:00-05:00,128.11212303495859,128.69525731332877,126.76032033249915,128.4655303955078,3946900,0.0,0.0
2020-12-22 00:00:00-05:00,127.75873467099508,128.11214208409285,126.76916964738979,127.24628448486328,2653700,0.0,0.0
2020-12-23 00:00:00-05:00,127.66153500315048,128.64225599688467,127.29045320574126,127.59085083007812,2645100,0.0,0.0
2020-12-24 00:00:00-05:00,127.96195252964127,128.20934043305743,127.352313238498,128.1651611328125,883300,0.0,0.0
2020-12-28 00:00:00-05:00,128.80128719489696,130.4093218225993,128.5892346725192,129.7996826171875,2493500,0.0,0.0
2020-12-29 00:00:00-05:00,130.47995753372783,131.44301735157518,129.7377941268195,130.250244140625,3186700,0.0,0.0
2020-12-30 00:00:00-05:00,130.29445978046311,130.75390017649616,129.88802914519778,130.15309143066406,2224900,0.0,0.0
2020-12-31 00:00:00-05:00,130.3032987847003,131.16916987273396,129.56113512206753,131.02780151367188,2076800,0.0,0.0
2021-01-04 00:00:00-05:00,129.88803986775702,130.5683633109029,125.40853945193241,127.46717071533203,7486900,0.0,0.0
2021-01-05 00:00:00-05:00,127.29046042912911,128.2711679968883,126.25671613570785,127.84707641601562,4126000,0.0,0.0
2021-01-06 00:00:00-05:00,125.16999563801355,126.87521966479306,125.09931144959273,126.28324127197266,4843300,0.0,0.0
2021-01-07 00:00:00-05:00,126.17719052298364,126.47758813825241,124.71052430966837,125.87679290771484,4473200,0.0,0.0
2021-01-08 00:00:00-05:00,125.87680968168112,127.58202003231494,125.16115089279837,127.38764190673828,4312000,0.0,0.0
2021-01-11 00:00:00-05:00,127.25510794250819,127.50249581437642,125.18764637834029,125.54105377197266,3902700,0.0,0.0
2021-01-12 00:00:00-05:00,125.13465635426594,125.46155891901783,123.20854935477989,124.95793914794922,5150000,0.0,0.0
2021-01-13 00:00:00-05:00,124.6840557502263,126.55715312164995,124.5780362037493,125.98284912109375,4361600,0.0,0.0
2021-01-14 00:00:00-05:00,125.0020857256528,125.85028225638446,124.6398479034446,125.24947357177734,4724700,0.0,0.0
2021-01-15 00:00:00-05:00,124.97559429476078,125.99166414789272,124.162746501232,124.9225845336914,4309100,0.0,0.0
2021-01-19 00:00:00-05:00,125.79732418930222,125.97402794033525,124.96680172965176,125.51458740234375,5158600,0.0,0.0
2021-01-20 00:00:00-05:00,124.61335129206122,125.26716984614063,123.6237997348633,124.86958312988281,5019300,0.0,0.0
2021-01-21 00:00:00-05:00,123.95069456246145,124.39246054896931,122.58123078958945,123.34989929199219,5684100,0.0,0.0
2021-01-22 00:00:00-05:00,123.25271732847541,123.28805267751315,122.1306278833171,122.44869995117188,4014900,0.0,0.0
2021-01-25 00:00:00-05:00,121.98040946125968,123.98603060808085,121.556317932792,123.8534927368164,3829000,0.0,0.0
2021-01-26 00:00:00-05:00,124.851907900558,125.54106179934666,123.47360010298068,125.28484344482422,4242500,0.0,0.0
2021-01-27 00:00:00-05:00,124.14509398110198,125.75312891914646,121.5298464418527,121.9627685546875,6659800,0.0,0.0
2021-01-28 00:00:00-05:00,122.6607563523064,124.39247162388368,121.7153705858285,122.97882843017578,5514000,0.0,0.0
2021-01-29 00:00:00-05:00,122.02463514843605,122.33387681734108,120.16921209826936,120.66400146484375,6778100,0.0,0.0
2021-02-01 00:00:00-05:00,121.02621459960938,121.89208570225738,120.07199838227803,121.02621459960938,4185700,0.0,0.0
2021-02-02 00:00:00-05:00,121.44149168136492,123.2792401766113,120.69049744061591,122.26318359375,3581600,0.0,0.0
2021-02-03 00:00:00-05:00,121.70654906001242,122.76678490359211,121.105753691915,121.94510650634766,3609600,0.0,0.0
2021-02-04 00:00:00-05:00,121.70653287696793,123.48242734178646,121.70653287696793,123.4117431640625,3860300,0.0,0.0
2021-02-05 00:00:00-05:00,124.12743291511703,125.5675811092756,123.45593987284477,124.54269409179688,4437900,0.0,0.0
2021-02-08 00:00:00-05:00,124.74589522446219,125.29368079419788,123.25272386785541,124.04789733886719,4112200,0.0,0.0
2021-02-09 00:00:00-05:00,124.69288267141003,124.71054360565697,123.24389064703917,123.34107971191406,3179300,0.0,0.0
2021-02-10 00:00:00-05:00,124.68403915204175,124.68403915204175,120.831838857161,121.66236114501953,6966600,0.0,0.0
2021-02-11 00:00:00-05:00,121.79489702212567,122.11296909557008,118.69369093563533,119.25032043457031,7528000,0.0,0.0
2021-02-12 00:00:00-05:00,119.50653609173537,119.8069472243719,117.90734529366755,118.27842712402344,5659300,0.0,0.0
2021-02-16 00:00:00-05:00,118.8880713521927,119.10895436629282,117.86317093117707,118.72904205322266,5180100,0.0,0.0
2021-02-17 00:00:00-05:00,118.44631508229456,119.33869116102099,118.26961135278242,118.79973602294922,3353000,0.0,0.0
2021-02-18 00:00:00-05:00,118.4551332565396,119.89528114624285,118.31376491103883,119.60371398925781,3935200,0.0,0.0
2021-02-19 00:00:00-05:00,119.2856581451136,119.38284721063486,116.88244987188716,117.07682800292969,5414900,0.0,0.0
2021-02-22 00:00:00-05:00,116.66156694061853,117.15635621738812,115.53064698554658,116.61740112304688,5792900,0.0,0.0
2021-02-23 00:00:00-05:00,117.20052043110807,118.6936917449132,116.00776025878079,117.31538391113281,6264300,0.0,0.0
2021-02-24 00:00:00-05:00,116.49369520915063,116.88243794995489,115.91939134178385,116.70573425292969,4944000,0.0,0.0
2021-02-25 00:00:00-05:00,116.05195810977334,116.70576329965395,114.68248052413199,114.85918426513672,5702300,0.0,0.0
2021-02-26 00:00:00-05:00,115.36277204544506,115.6278208425301,113.59570816286461,114.14349365234375,8329000,0.0,0.0
2021-03-01 00:00:00-05:00,115.39810617957353,116.59971014637725,115.15954878307417,115.40693664550781,5287300,0.0,0.0
2021-03-02 00:00:00-05:00,115.3009228441068,116.65272568857642,115.19490332112974,115.8045425415039,5614000,0.0,0.0
2021-03-03 00:00:00-05:00,114.68246146929656,115.3274360835334,113.95795872543484,114.09932708740234,7505800,0.0,0.0
2021-03-04 00:00:00-05:00,115.10835883867387,117.33482612762307,114.28011953003815,114.73431396484375,9102800,1.023,0.0
2021-03-05 00:00:00-05:00,115.45567322780565,118.81318929844701,115.05491188212248,118.47476196289062,10186500,0.0,0.0
2021-03-08 00:00:00-05:00,118.65288570118719,119.49894051565084,117.54856667192917,117.67324829101562,8634900,0.0,0.0
2021-03-09 00:00:00-05:00,118.39462800223964,119.25849840676655,117.55747411832466,117.78012084960938,8930200,0.0,0.0
2021-03-10 00:00:00-05:00,118.02057967063814,119.75722140598212,116.25720782618644,118.964599609375,7791700,0.0,0.0
2021-03-11 00:00:00-05:00,118.75977784701477,119.8551960147644,118.53713110458638,118.64399719238281,4458900,0.0,0.0
2021-03-12 00:00:00-05:00,118.55492931113538,119.15162093126335,118.12745138418725,118.48368072509766,5275100,0.0,0.0
2021-03-15 00:00:00-04:00,118.94677188391599,119.009119483319,117.5307421208399,118.47476196289062,5389200,0.0,0.0
2021-03-16 00:00:00-04:00,118.51934799977438,119.8552288199847,118.22545258861422,119.34758758544922,5544700,0.0,0.0
2021-03-17 00:00:00-04:00,119.65926047286133,119.83737514102728,118.78648908635351,119.0002212524414,6199500,0.0,0.0
2021-03-18 00:00:00-04:00,117.87809707841102,118.51932081216174,117.0320421375475,118.02949523925781,6476700,0.0,0.0
2021-03-19 00:00:00-04:00,117.83354059717925,120.23812230592021,117.7177599614043,119.78392791748047,16114400,0.0,0.0
2021-03-22 00:00:00-04:00,120.79033559771659,123.07913743278945,120.30941094226807,122.72290802001953,7813400,0.0,0.0
2021-03-23 00:00:00-04:00,123.30174675266598,124.83355722290165,123.0612844979968,124.20124816894531,6978400,0.0,0.0
2021-03-24 00:00:00-04:00,123.800451963005,124.78010276624708,123.59562082751786,123.6223373413086,5082300,0.0,0.0
2021-03-25 00:00:00-04:00,123.95187852600368,124.90481303421605,123.20378878957834,124.35265350341797,5827600,0.0,0.0
2021-03-26 00:00:00-04:00,124.34375936389068,127.3539479364118,123.9073804072617,127.0867691040039,6785600,0.0,0.0
2021-03-29 00:00:00-04:00,127.23815571498224,129.0994928051552,126.83739429740999,128.9658966064453,6105800,0.0,0.0
2021-03-30 00:00:00-04:00,127.9595128563132,128.9124473144091,126.5701995362246,126.94424438476562,4372700,0.0,0.0
2021-03-31 00:00:00-04:00,127.63893289954565,127.64783387723337,125.72416273293136,125.97352600097656,6257900,0.0,0.0
2021-04-01 00:00:00-04:00,125.74196347951566,126.73051545766998,124.78012802055923,125.82211303710938,4823400,0.0,0.0
2021-04-05 00:00:00-04:00,126.32975516802134,128.54730781620245,125.85774520575835,127.49642181396484,5980700,0.0,0.0
2021-04-06 00:00:00-04:00,127.38954844431679,128.42263254418995,126.96207052306097,127.95062255859375,4751900,0.0,0.0
2021-04-07 00:00:00-04:00,128.24452110428473,128.33358523520744,127.37174969621188,127.71907806396484,4849200,0.0,0.0
2021-04-08 00:00:00-04:00,127.9595128563132,128.3870043311689,126.50786552277293,126.94424438476562,6725100,0.0,0.0
2021-04-09 00:00:00-04:00,126.67710531780708,127.47862821718445,126.11603113467505,126.97100067138672,4950800,0.0,0.0
2021-04-12 00:00:00-04:00,126.64146963895271,127.77251894249625,126.50788702365513,127.37175750732422,4386700,0.0,0.0
2021-04-13 00:00:00-04:00,126.525681442919,128.21779103746178,126.34755319989175,127.39845275878906,5283300,0.0,0.0
2021-04-14 00:00:00-04:00,126.97099343772564,127.10457605025162,125.78651111263902,126.56131744384766,4685300,0.0,0.0
2021-04-15 00:00:00-04:00,126.16943536917572,127.44298161051199,125.94678866027495,126.73941040039062,4777100,0.0,0.0
2021-04-16 00:00:00-04:00,127.76361574973411,128.5295211058146,126.8730287584442,128.38702392578125,6481400,0.0,0.0
2021-04-19 00:00:00-04:00,128.68089738213789,129.669449317943,127.58546578484251,128.91244506835938,6621200,0.0,0.0
2021-04-20 00:00:00-04:00,128.36028148548732,130.60455046610838,128.18215325177263,129.7674102783203,4999700,0.0,0.0
2021-04-21 00:00:00-04:00,131.22797913739782,131.62874050617805,130.212710661492,130.89845275878906,6316000,0.0,0.0
2021-04-22 00:00:00-04:00,130.23942608818132,130.6045563695375,129.47352085212808,130.08802795410156,4904400,0.0,0.0
2021-04-23 00:00:00-04:00,129.5892732948451,130.3284619291675,129.18851197459873,129.874267578125,4354700,0.0,0.0
2021-04-26 00:00:00-04:00,129.6249483685317,129.8208786074649,127.33613311793951,127.674560546875,5817700,0.0,0.0
2021-04-27 00:00:00-04:00,127.01548106491998,127.51420748291994,126.57910224380787,127.25594329833984,4693700,0.0,0.0
2021-04-28 00:00:00-04:00,127.79034374204154,127.96845843843025,126.22290179954832,126.31196594238281,4962700,0.0,0.0
2021-04-29 00:00:00-04:00,126.55237898620986,128.62743409571732,126.43659836345773,128.19105529785156,4699900,0.0,0.0
2021-04-30 00:00:00-04:00,127.63893411452469,128.45827251579792,126.90864625881302,128.38702392578125,5051100,0.0,0.0
2021-05-03 00:00:00-04:00,129.16181243661046,130.72033945630685,128.33357317185343,129.83865356445312,6109800,0.0,0.0
2021-05-04 00:00:00-04:00,130.00785305705355,130.71142421630825,127.79030069386317,128.20887756347656,6603800,0.0,0.0
2021-05-05 00:00:00-04:00,127.99516251227864,128.7521668848909,127.79923228852674,128.1465606689453,5305200,0.0,0.0
2021-05-06 00:00:00-04:00,128.66312860957052,129.9901083754464,128.2534525350397,129.6338653564453,4472200,0.0,0.0
2021-05-07 00:00:00-04:00,129.33996996175006,130.02572588270567,128.7521927616412,129.6338653564453,4181000,0.0,0.0
2021-05-10 00:00:00-04:00,130.46206946909817,131.79794971256487,130.1236421255181,130.66690063476562,5270600,0.0,0.0
2021-05-11 00:00:00-04:00,131.0676544473767,131.48623132005048,129.15289831097385,129.71395874023438,5266100,0.0,0.0
2021-05-12 00:00:00-04:00,129.02821511346806,129.79412027643315,128.1109118308707,128.44932556152344,5651700,0.0,0.0
2021-05-13 00:00:00-04:00,128.45825332445727,131.02313423547574,127.87046273659341,130.35519409179688,4849400,0.0,0.0
2021-05-14 00:00:00-04:00,131.09439076217893,131.71779888288333,130.39973405778295,130.55113220214844,4224700,0.0,0.0
2021-05-17 00:00:00-04:00,130.91626696335896,131.27249626768457,129.76741590602356,130.1770782470703,3747100,0.0,0.0
2021-05-18 00:00:00-04:00,130.59566197533198,130.8717417389967,129.42009433823102,129.58929443359375,4527300,0.0,0.0
2021-05-19 00:00:00-04:00,128.81452380145387,129.69620996503858,128.3157971757305,129.51808166503906,4432700,0.0,0.0
2021-05-20 00:00:00-04:00,129.35775070435744,131.5664024707662,129.23306907857497,131.12110900878906,3964600,0.0,0.0
2021-05-21 00:00:00-04:00,131.69108271614846,132.0829431328653,130.48879853497948,131.00534057617188,5194200,0.0,0.0
2021-05-24 00:00:00-04:00,131.48628005424715,132.1186028800794,130.92520582775379,131.67330932617188,3627800,0.0,0.0
2021-05-25 00:00:00-04:00,131.67328948305428,132.13638492504762,130.9251860973751,132.0740509033203,4649300,0.0,0.0
2021-05-26 00:00:00-04:00,131.72672252718593,132.40356373498454,131.5218777389763,132.0740509033203,4462600,0.0,0.0
2021-05-27 00:00:00-04:00,132.3055948780643,132.49262411650804,130.4175548960533,130.47988891601562,9203600,0.0,0.0
2021-05-28 00:00:00-04:00,131.2814232395277,132.25215973643574,131.13002509141825,131.75343322753906,4913700,0.0,0.0
2021-06-01 00:00:00-04:00,132.50152551522174,132.56387312466072,130.99643139337707,131.47735595703125,5530300,0.0,0.0
2021-06-02 00:00:00-04:00,131.98496155854235,132.27885683440536,131.12109127202032,132.00277709960938,4546900,0.0,0.0
2021-06-03 00:00:00-04:00,131.61256821206388,132.55450525589112,131.11916414380903,132.47377014160156,4651600,1.075,0.0
2021-06-04 00:00:00-04:00,132.7698046887337,133.2990864356851,132.2943463481086,132.6262664794922,4427400,0.0,0.0
2021-06-07 00:00:00-04:00,132.5545287511316,132.9941094877756,131.61259154034636,132.54556274414062,4724100,0.0,0.0
2021-06-08 00:00:00-04:00,132.50067661566695,132.65318083282392,130.90385164948538,131.3075408935547,5997200,0.0,0.0
2021-06-09 00:00:00-04:00,132.0970053452758,132.40201382109046,130.9935842777349,131.0653533935547,4008000,0.0,0.0
2021-06-10 00:00:00-04:00,131.25375242080662,132.7788086868444,131.0922821556247,132.4110107421875,4698200,0.0,0.0
2021-06-11 00:00:00-04:00,132.81466861993175,132.87745803421376,131.68432227727848,132.49171447753906,4364600,0.0,0.0
2021-06-14 00:00:00-04:00,132.2943200480256,133.3349513253137,131.68428962430164,133.2811279296875,3831900,0.0,0.0
2021-06-15 00:00:00-04:00,133.5771933670942,133.81941240262708,132.83261793794614,133.29013061523438,4256500,0.0,0.0
2021-06-16 00:00:00-04:00,133.54132761816825,133.90913920719086,131.64845994635462,131.9624481201172,5492100,0.0,0.0
2021-06-17 00:00:00-04:00,132.09700043879806,133.66691385657663,131.79199197431228,133.23631286621094,5316400,0.0,0.0
2021-06-18 00:00:00-04:00,132.7518636816277,132.7518636816277,130.2848570884079,130.45530700683594,10661700,0.0,0.0
2021-06-21 00:00:00-04:00,130.75133824142452,131.63946546679372,130.48220753477722,131.4779815673828,4904300,0.0,0.0
2021-06-22 00:00:00-04:00,131.63049660101592,132.3212622775661,131.23577335727296,131.67535400390625,3518000,0.0,0.0
2021-06-23 00:00:00-04:00,131.02944495184974,131.0922480532346,129.92602402780147,129.9439697265625,3901700,0.0,0.0
2021-06-24 00:00:00-04:00,129.95295247224794,130.92181500179123,129.7286791187951,130.67959594726562,3818900,0.0,0.0
2021-06-25 00:00:00-04:00,130.76031072404524,131.6843157014187,130.29383207720613,131.3434295654297,6387600,0.0,0.0
2021-06-28 00:00:00-04:00,131.65741481118587,132.402003932577,131.53182229002098,131.90859985351562,4282800,0.0,0.0
2021-06-29 00:00:00-04:00,132.27642140552598,132.50069475944804,131.33447058134144,131.81890869140625,3197700,0.0,0.0
2021-06-30 00:00:00-04:00,132.25846351059744,133.04791002395757,132.05213587680848,132.9223175048828,4943700,0.0,0.0
2021-07-01 00:00:00-04:00,132.84158718528445,133.73868055064546,132.71599466167623,132.94923400878906,3997600,0.0,0.0
2021-07-02 00:00:00-04:00,133.57721720369977,134.36666386716627,133.2722086977461,133.58619689941406,3835500,0.0,0.0
2021-07-06 00:00:00-04:00,133.72973065891057,134.04370516148487,132.563506405703,133.78355407714844,4313800,0.0,0.0
2021-07-07 00:00:00-04:00,133.9270636649528,135.19196860644618,133.66691260968497,134.3756103515625,4225000,0.0,0.0
2021-07-08 00:00:00-04:00,134.04367703289478,135.16504363940263,133.83734941009334,134.4384002685547,4216000,0.0,0.0
2021-07-09 00:00:00-04:00,134.0347142486859,134.8420927493494,133.81940692718211,134.09750366210938,4088600,0.0,0.0
2021-07-12 00:00:00-04:00,134.10647289825107,134.37558991844818,133.46953067715282,134.12440490722656,4873700,0.0,0.0
2021-07-13 00:00:00-04:00,135.5956707290163,138.07165743428112,135.23683882116683,137.21942138671875,8750800,0.0,0.0
2021-07-14 00:00:00-04:00,137.15655126021568,139.17501055492073,137.07581617368024,138.63674926757812,6390300,0.0,0.0
2021-07-15 00:00:00-04:00,138.21516394980503,139.37240822228563,137.4885069170679,139.2737274169922,4920600,0.0,0.0
2021-07-16 00:00:00-04:00,139.65947375719134,140.7001052360481,139.1481377111429,139.7850799560547,5852500,0.0,0.0
2021-07-19 00:00:00-04:00,139.93760081071122,141.32808459426005,138.83416610120275,139.76715087890625,5750200,0.0,0.0
2021-07-20 00:00:00-04:00,140.125966090568,141.1396858663989,139.55182694508787,139.7850799560547,5213500,0.0,0.0
2021-07-21 00:00:00-04:00,139.31857865160933,140.05418796787694,138.6637044392206,139.26475524902344,4905900,0.0,0.0
2021-07-22 00:00:00-04:00,139.21990966796875,139.7312457244943,138.12545476063522,139.21990966796875,3333500,0.0,0.0
2021-07-23 00:00:00-04:00,139.55182499699853,141.5523391291511,139.26476227254426,141.00511169433594,3588400,0.0,0.0
2021-07-26 00:00:00-04:00,140.65524965184304,141.2652802016095,139.97346368545195,140.9064483642578,2999800,0.0,0.0
2021-07-27 00:00:00-04:00,141.12174699800602,142.33282844701014,140.87056196523676,141.68692016601562,4043900,0.0,0.0
2021-07-28 00:00:00-04:00,141.3819437852217,141.704897998954,139.86585355099388,140.38616943359375,3556800,0.0,0.0
2021-07-29 00:00:00-04:00,141.0500106689399,141.22942663567568,140.12600543611796,140.67323303222656,3055600,0.0,0.0
2021-07-30 00:00:00-04:00,141.1755598696649,141.38190117219128,140.50273993455974,140.7987823486328,3757300,0.0,0.0
2021-08-02 00:00:00-04:00,140.84361352550243,140.94229431182043,139.50693990875038,140.2335968017578,3425900,0.0,0.0
2021-08-03 00:00:00-04:00,140.84364985719537,140.9782083784512,140.22465328230345,140.547607421875,3359900,0.0,0.0
2021-08-04 00:00:00-04:00,140.1170452954309,140.53868036362212,138.03578166618396,138.197265625,4846300,0.0,0.0
2021-08-05 00:00:00-04:00,139.03154722002094,139.21994287856052,138.0357728844502,138.4304962158203,3733500,0.0,0.0
2021-08-06 00:00:00-04:00,137.94603997851675,138.8341535810075,137.82941346968164,138.4484100341797,3430900,0.0,0.0
2021-08-09 00:00:00-04:00,138.7265206879262,138.8610792204264,137.8922304093075,138.46636962890625,2636600,0.0,0.0
2021-08-10 00:00:00-04:00,138.43045438882672,139.3275476204967,137.98190777299172,138.53810119628906,2670200,0.0,0.0
2021-08-11 00:00:00-04:00,138.78929843103776,139.96448836196356,138.5739911298272,139.0853271484375,3058000,0.0,0.0
2021-08-12 00:00:00-04:00,139.25581397902195,139.3186170917379,138.69065440737765,139.11228942871094,1958700,0.0,0.0
2021-08-13 00:00:00-04:00,139.13921474222371,140.54764449424843,138.95978508181085,140.4130859375,2113800,0.0,0.0
2021-08-16 00:00:00-04:00,140.7808601016614,141.84840343335813,140.60144416012488,141.78561401367188,3224000,0.0,0.0
2021-08-17 00:00:00-04:00,141.66001118812798,142.14443556391845,141.05896029896513,141.65103149414062,3736300,0.0,0.0
2021-08-18 00:00:00-04:00,141.45369457241614,141.92018701882492,140.1260000433946,140.19776916503906,3419200,0.0,0.0
2021-08-19 00:00:00-04:00,139.7850684381687,143.0145957321818,139.74917704472026,142.5570831298828,4745600,0.0,0.0
2021-08-20 00:00:00-04:00,142.57503535815687,143.20301163556238,141.96501846857848,142.0547332763672,3484100,0.0,0.0
2021-08-23 00:00:00-04:00,141.58822495705022,142.2072214707759,141.13071234143203,141.60617065429688,3102100,0.0,0.0
2021-08-24 00:00:00-04:00,141.51646390947425,141.51646390947425,139.65947426262701,139.84786987304688,3760800,0.0,0.0
2021-08-25 00:00:00-04:00,139.37243532826167,139.65053210038636,138.29592595386706,139.22889709472656,3346700,0.0,0.0
2021-08-26 00:00:00-04:00,139.5069773696351,139.6505155861963,138.2331064969095,138.71754455566406,3220700,0.0,0.0
2021-08-27 00:00:00-04:00,138.90592118226436,139.41727092602477,138.34076172004583,138.99563598632812,4166500,0.0,0.0
2021-08-30 00:00:00-04:00,139.21092541872235,140.09905267338036,139.05842120725606,139.94654846191406,2540300,0.0,0.0
2021-08-31 00:00:00-04:00,140.02727128562674,140.3681710746194,139.35445140012376,140.29640197753906,5291200,0.0,0.0
2021-09-01 00:00:00-04:00,140.70012243379134,141.91120397221349,140.40407997576463,141.66001892089844,4231400,0.0,0.0
2021-09-02 00:00:00-04:00,141.61934816959152,142.07096930051134,140.788366942585,141.7638702392578,2862500,1.075,0.0
2021-09-03 00:00:00-04:00,141.08646512857442,142.1884219982572,140.8154896424845,141.89035034179688,2035100,0.0,0.0
2021-09-07 00:00:00-04:00,141.33936865149218,141.59227542404804,138.810287143548,139.5780487060547,4609900,0.0,0.0
2021-09-08 00:00:00-04:00,139.69547517452645,141.58324851360197,139.3703073539175,141.55615234375,3199100,0.0,0.0
2021-09-09 00:00:00-04:00,141.70064786233516,141.78193635664562,140.36383941588767,140.6619110107422,3560400,0.0,0.0
2021-09-10 00:00:00-04:00,140.88772108659802,141.13160035107188,140.01157500902795,140.4180450439453,3851500,0.0,0.0
2021-09-13 00:00:00-04:00,140.85158611867854,142.17031196803038,140.3548001689713,140.68899536132812,3367200,0.0,0.0
2021-09-14 00:00:00-04:00,141.24904428778135,141.51097850722857,139.83998841514747,140.13804626464844,2808600,0.0,0.0
2021-09-15 00:00:00-04:00,140.201277272093,141.24904169542137,139.80384843687295,140.9238739013672,3702400,0.0,0.0
2021-09-16 00:00:00-04:00,140.35487325667282,141.0142365247023,138.9277482318061,140.5084228515625,4589900,0.0,0.0
2021-09-17 00:00:00-04:00,140.21027870225535,140.4541579481132,138.9457451725884,139.2167205810547,8127400,0.0,0.0
2021-09-20 00:00:00-04:00,139.0089892655227,139.9573964698059,137.6721944743489,138.74705505371094,5484600,0.0,0.0
2021-09-21 00:00:00-04:00,139.65028318474737,141.01417400458178,138.1689664634286,138.68380737304688,4479800,0.0,0.0
2021-09-22 00:00:00-04:00,139.65931573977014,140.0838407103634,138.60252393501133,139.10833740234375,3001000,0.0,0.0
2021-09-23 00:00:00-04:00,138.8192918196217,139.93930329378907,138.68379722419766,139.2167205810547,2712500,0.0,0.0
2021-09-24 00:00:00-04:00,138.8734967445442,139.65931309624833,138.692851049971,139.2799530029297,2366100,0.0,0.0
2021-09-27 00:00:00-04:00,138.9186796859914,139.2348062470243,137.64510463263636,137.94317626953125,4482000,0.0,0.0
2021-09-28 00:00:00-04:00,137.62702609802201,137.74445200845764,135.57667598160594,136.43475341796875,5910900,0.0,0.0
2021-09-29 00:00:00-04:00,136.69669353816695,138.34962868767929,136.10959152535187,137.56381225585938,3326500,0.0,0.0
2021-09-30 00:00:00-04:00,138.39478278758054,138.58445594762003,135.82053678512045,135.85667419433594,4949200,0.0,0.0
2021-10-01 00:00:00-04:00,136.70571127416426,136.94054928243014,135.05277640889406,136.3444061279297,4274300,0.0,0.0
2021-10-04 00:00:00-04:00,136.28120412505803,138.19607341164078,135.0166566217957,135.6669921875,5404900,0.0,0.0
2021-10-05 00:00:00-04:00,136.7147502431201,137.64508867661942,135.54957378158613,136.4708709716797,6103100,0.0,0.0
2021-10-06 00:00:00-04:00,136.24507792784678,140.1470916432184,135.45023400175572,139.96644592285156,5499200,0.0,0.0
2021-10-07 00:00:00-04:00,140.4722251100456,142.48645127534655,140.4722251100456,141.25804138183594,4605100,0.0,0.0
2021-10-08 00:00:00-04:00,141.42065039503748,141.54710376294204,140.4451470787522,140.93289184570312,4186000,0.0,0.0
2021-10-11 00:00:00-04:00,141.2580546768467,142.01677485773547,140.5986916945779,141.12257385253906,2738100,0.0,0.0
2021-10-12 00:00:00-04:00,141.10450953483922,142.57679885586998,141.09548207373243,141.7458038330078,3195400,0.0,0.0
2021-10-13 00:00:00-04:00,142.22454499125465,142.75745466434697,140.92387381582745,142.70326232910156,3599900,0.0,0.0
2021-10-14 00:00:00-04:00,143.27228256180626,144.0581126983318,143.26325510088367,143.85035705566406,3677100,0.0,0.0
2021-10-15 00:00:00-04:00,144.21165482550296,144.21165482550296,142.26967580094936,143.4438934326172,4313000,0.0,0.0
2021-10-18 00:00:00-04:00,142.8929363108693,143.34455748364852,141.62840254004124,142.7935791015625,3274200,0.0,0.0
2021-10-19 00:00:00-04:00,143.29037561548722,144.6633079400967,142.29680344983854,144.60911560058594,3125800,0.0,0.0
2021-10-20 00:00:00-04:00,145.04266328770325,146.21688114023183,144.22973687485194,145.7020263671875,3716500,0.0,0.0
2021-10-21 00:00:00-04:00,145.7742937627492,145.8104173953368,143.5974762205331,143.7781219482422,4164700,0.0,0.0
2021-10-22 00:00:00-04:00,144.13940476310393,144.94328984138124,144.04004756096253,144.49166870117188,3240300,0.0,0.0
2021-10-25 00:00:00-04:00,144.47360251910436,144.47360251910436,143.42583814775193,143.81423950195312,3281200,0.0,0.0
2021-10-26 00:00:00-04:00,143.76906183307267,145.78328811521257,143.7058420448064,145.57554626464844,3684700,0.0,0.0
2021-10-27 00:00:00-04:00,146.09942823956175,146.18071673111956,144.12132558402732,145.06973266601562,3751800,0.0,0.0
2021-10-28 00:00:00-04:00,145.28653845577597,146.08138235692624,144.9433019501796,145.98202514648438,3589600,0.0,0.0
2021-10-29 00:00:00-04:00,145.4491040223416,146.56008817360564,145.34071935852563,145.96395874023438,4558200,0.0,0.0
2021-11-01 00:00:00-04:00,145.60269852049748,145.87367404610092,144.6813872464009,145.65689086914062,3017100,0.0,0.0
2021-11-02 00:00:00-04:00,145.9187918346195,147.0568721359665,145.36781349726618,146.99365234375,3464500,0.0,0.0
2021-11-03 00:00:00-04:00,146.4607307816499,148.48399845869437,146.4607307816499,148.4027099609375,3595000,0.0,0.0
2021-11-04 00:00:00-04:00,148.33045466316062,148.6375537437126,147.54463825634107,148.4117431640625,3310100,0.0,0.0
2021-11-05 00:00:00-04:00,149.53176089713256,150.32660472453068,148.60142245949442,149.93821716308594,3754300,0.0,0.0
2021-11-08 00:00:00-05:00,149.76660165116,150.02854963296005,145.55748927897355,146.71363830566406,5766400,0.0,0.0
2021-11-09 00:00:00-05:00,146.6052447663209,148.00527298522016,146.3252418790176,147.6891326904297,3778600,0.0,0.0
2021-11-10 00:00:00-05:00,148.80015790302667,149.03499596531333,147.25560733513663,148.16787719726562,2683500,0.0,0.0
2021-11-11 00:00:00-05:00,148.104650703812,148.1136781657433,146.8220482079529,146.94850158691406,2453000,0.0,0.0
2021-11-12 00:00:00-05:00,147.23752129256,148.06850254864193,146.39751257520172,146.912353515625,3540900,0.0,0.0
2021-11-15 00:00:00-05:00,146.78589012513336,148.02334135469405,146.76783520381326,147.95108032226562,3357100,0.0,0.0
2021-11-16 00:00:00-05:00,148.37561782562017,149.02595339010847,147.43623810696647,147.5084991455078,2899400,0.0,0.0
2021-11-17 00:00:00-05:00,146.88525141276585,147.83365853902652,146.3975066582683,147.56268310546875,3332200,0.0,0.0
2021-11-18 00:00:00-05:00,147.05688599062023,147.69819412856899,146.0994512970391,147.6078643798828,3498900,0.0,0.0
2021-11-19 00:00:00-05:00,148.58335289468948,149.06207019352246,147.62591829702356,147.96011352539062,5242200,0.0,0.0
2021-11-22 00:00:00-05:00,147.40913452094628,150.66081217972504,147.3910658166244,148.2672119140625,4157200,0.0,0.0
2021-11-23 00:00:00-05:00,147.7343213960145,149.6853282436413,147.50851080112395,149.26080322265625,3878000,0.0,0.0
2021-11-24 00:00:00-05:00,149.1162805593716,149.486613241337,146.8491471570679,147.89691162109375,3309500,0.0,0.0
2021-11-26 00:00:00-05:00,146.96652810857677,147.82460534682812,145.32262087155607,145.54843139648438,3402900,0.0,0.0
2021-11-29 00:00:00-05:00,146.930426655695,148.65562279601957,145.54846700760237,148.25819396972656,5305800,0.0,0.0
2021-11-30 00:00:00-05:00,147.97820280518087,148.13175235800722,143.06456198519706,144.320068359375,7610000,0.0,0.0
2021-12-01 00:00:00-05:00,146.74977172629744,147.45429958958658,144.56392710142816,144.6632843017578,5385600,0.0,0.0
2021-12-02 00:00:00-05:00,145.6135267914126,147.03210381861663,145.34072031490865,146.05909729003906,4619800,1.075,0.0
2021-12-03 00:00:00-05:00,146.83205052346574,149.93292267442135,146.71383114291757,149.77833557128906,6465900,0.0,0.0
2021-12-06 00:00:00-05:00,150.99687473706422,152.12445466271316,150.76043594580293,151.3333282470703,5403100,0.0,0.0
2021-12-07 00:00:00-05:00,151.3333614582356,151.82441607437755,150.6422634851872,151.16058349609375,5460100,0.0,0.0
2021-12-08 00:00:00-05:00,151.07871477629584,151.5788577550359,149.15999453095932,151.4242706298828,3891900,0.0,0.0
2021-12-09 00:00:00-05:00,150.87867777943754,151.7516559933125,149.90568483194403,151.2333221435547,3644500,0.0,0.0
2021-12-10 00:00:00-05:00,152.35175867842497,153.78852641939775,151.76977803813966,153.65213012695312,5025700,0.0,0.0
2021-12-13 00:00:00-05:00,153.61578684172378,155.7345643243409,152.81557193396398,154.416015625,5411800,0.0,0.0
2021-12-14 00:00:00-05:00,153.99772040713603,154.9434339561824,153.0429045195452,154.03408813476562,4985000,0.0,0.0
2021-12-15 00:00:00-05:00,154.37966922968585,156.2074496344081,154.09777419903656,156.01649475097656,5507800,0.0,0.0
2021-12-16 00:00:00-05:00,156.01645324081136,157.82604235952215,155.51631031521993,156.24378967285156,6909900,0.0,0.0
2021-12-17 00:00:00-05:00,155.59816730629214,156.7530404087479,152.8155712547431,153.04290771484375,10159600,0.0,0.0
2021-12-20 00:00:00-05:00,152.00628435285435,154.13415071400271,151.63344915374603,154.0614013671875,5263600,0.0,0.0
2021-12-21 00:00:00-05:00,153.88859971523215,154.22506712690077,152.57005096152537,153.60670471191406,3401400,0.0,0.0
2021-12-22 00:00:00-05:00,153.64307390732398,154.57969898002514,153.01562307938488,154.56150817871094,4362900,0.0,0.0
2021-12-23 00:00:00-05:00,154.57061457664187,155.16169774605262,153.90679594456648,154.3887481689453,3241700,0.0,0.0
2021-12-27 00:00:00-05:00,154.57972423685132,156.00739017417564,154.37966701625533,155.92555236816406,2868800,0.0,0.0
2021-12-28 00:00:00-05:00,155.916442324578,157.12586006963366,155.6800035281329,156.73484802246094,2332100,0.0,0.0
2021-12-29 00:00:00-05:00,157.12587655797563,157.73515053927642,156.3438385060491,157.28956604003906,2299500,0.0,0.0
2021-12-30 00:00:00-05:00,157.8078499681685,157.8805992907494,156.6166092963749,157.0167236328125,1988900,0.0,0.0
2021-12-31 00:00:00-05:00,156.82578114073863,158.24435835388934,156.50750456384543,157.96246337890625,2914900,0.0,0.0
2022-01-03 00:00:00-05:00,156.58935634956538,157.48961375783753,155.10713201387614,157.29864501953125,5488900,0.0,0.0
2022-01-04 00:00:00-05:00,157.0076657721946,158.63538882120832,156.5893605547039,157.52598571777344,4717600,0.0,0.0
2022-01-05 00:00:00-05:00,157.64419480987877,159.4628864833312,157.52597541093914,158.0625,6564600,0.0,0.0
2022-01-06 00:00:00-05:00,158.14431649636256,159.6811129735373,157.52595419540106,158.09884643554688,4288700,0.0,0.0
2022-01-07 00:00:00-05:00,158.30800814061465,158.85362117478013,156.96218023199327,158.29891967773438,4916000,0.0,0.0
2022-01-10 00:00:00-05:00,158.62626452635226,159.89934294329166,157.88059439963484,158.3807373046875,5055900,0.0,0.0
2022-01-11 00:00:00-05:00,157.93519401443734,158.4353370496231,156.06194362403048,158.3080291748047,6452300,0.0,0.0
2022-01-12 00:00:00-05:00,158.13523864746094,158.52626458041212,157.2713628602423,158.13523864746094,5268000,0.0,0.0
2022-01-13 00:00:00-05:00,157.96249747102038,158.85365265293223,157.53510374718624,158.38987731933594,4310300,0.0,0.0
2022-01-14 00:00:00-05:00,158.74449080432012,159.99029001471038,157.68054408937866,159.7174835205078,4474500,0.0,0.0
2022-01-18 00:00:00-05:00,157.88063118363218,158.91728495766992,157.45323749932984,158.1898193359375,5789500,0.0,0.0
2022-01-19 00:00:00-05:00,158.1898099983128,160.00850169632483,157.8351656722211,159.3264923095703,6424500,0.0,0.0
2022-01-20 00:00:00-05:00,159.50835507827895,160.84509455597197,158.080675467546,158.17161560058594,6284200,0.0,0.0
2022-01-21 00:00:00-05:00,159.4356134871464,161.17246743370904,158.3262104126783,158.42623901367188,6753200,0.0,0.0
2022-01-24 00:00:00-05:00,159.58110314556492,160.499537429722,153.64307604361704,157.61691284179688,9263900,0.0,0.0
2022-01-25 00:00:00-05:00,156.48023292468775,156.84396570841807,154.35236700128118,155.80731201171875,6536900,0.0,0.0
2022-01-26 00:00:00-05:00,154.00683557810467,156.23473045183516,151.3606354487527,154.1614227294922,6841800,0.0,0.0
2022-01-27 00:00:00-05:00,155.29809600169867,157.5714608147877,153.4794041512274,154.0159149169922,6543500,0.0,0.0
2022-01-28 00:00:00-05:00,153.23384211169372,157.07128215586954,152.0517037774193,157.0167236328125,5796000,0.0,0.0
2022-01-31 00:00:00-05:00,155.28901717828322,158.32622942700212,155.12532768630945,157.7897186279297,5908000,0.0,0.0
2022-02-01 00:00:00-05:00,157.4532274600248,157.70784318650018,154.18867920766692,156.71665954589844,5952700,0.0,0.0
2022-02-02 00:00:00-05:00,157.09859373544808,159.71751438506158,156.92582966873158,159.56292724609375,5767000,0.0,0.0
2022-02-03 00:00:00-05:00,159.3810738493531,160.64506420692578,158.07161341766258,159.4720001220703,4632700,0.0,0.0
2022-02-04 00:00:00-05:00,157.40777465233194,159.03549764411673,155.67092072148546,156.8530731201172,4592400,0.0,0.0
2022-02-07 00:00:00-05:00,157.08037887948433,157.30771530110687,155.6890810891956,156.23468017578125,4813300,0.0,0.0
2022-02-08 00:00:00-05:00,156.9803759529062,156.98946441607129,154.87068695523405,156.42567443847656,3957700,0.0,0.0
2022-02-09 00:00:00-05:00,156.86218258187156,157.116798347905,155.5072520675719,156.3529510498047,6780200,0.0,0.0
2022-02-10 00:00:00-05:00,153.37027018357787,155.9073389302489,152.133559306485,153.10655212402344,7899800,0.0,0.0
2022-02-11 00:00:00-05:00,152.82465217034027,154.87068021019778,152.48819866617316,153.29751586914062,7299600,0.0,0.0
2022-02-14 00:00:00-05:00,154.06135799467177,154.29778289862173,150.1329915012273,151.5879364013672,6822500,0.0,0.0
2022-02-15 00:00:00-05:00,152.0608098056015,152.99743489431893,150.2784858852608,150.9150390625,4943800,0.0,0.0
2022-02-16 00:00:00-05:00,150.61496780943827,152.04263367567472,149.62377022019723,151.22422790527344,4161700,0.0,0.0
2022-02-17 00:00:00-05:00,150.96050191688528,152.7246351134719,150.04206758925224,151.6334228515625,5156800,0.0,0.0
2022-02-18 00:00:00-05:00,151.96079559512745,152.98836091372831,151.1514782901416,152.50640869140625,5181600,0.0,0.0
2022-02-22 00:00:00-05:00,153.28842082391972,153.62487431363897,151.16054120845058,153.08836364746094,7733900,0.0,0.0
2022-02-23 00:00:00-05:00,153.78857659225088,153.78857659225088,151.42428554028913,151.57887268066406,5812800,0.0,0.0
2022-02-24 00:00:00-05:00,150.68769808356035,151.26057650015795,145.7590316547578,148.94174194335938,8888800,0.0,0.0
2022-02-25 00:00:00-05:00,149.51466078022983,153.18842622160003,149.36916209679538,153.1156768798828,6535600,0.0,0.0
2022-02-28 00:00:00-05:00,149.1690939365678,150.23304084007884,146.77752367727228,148.89630126953125,7677000,0.0,0.0
2022-03-01 00:00:00-05:00,148.28703450925335,149.49645228002882,146.67748846863722,147.55955505371094,5107900,0.0,0.0
2022-03-02 00:00:00-05:00,148.20517525305306,150.78772788184477,147.75960468941634,149.60557556152344,5452100,0.0,0.0
2022-03-03 00:00:00-05:00,150.08614531574568,151.2028451945813,149.01521457295007,149.44541931152344,5352200,1.075,0.0
2022-03-04 00:00:00-05:00,148.2829330237203,152.4019033854903,147.29437846088217,151.7154083251953,6340300,0.0,0.0
2022-03-07 00:00:00-05:00,150.17767842695764,151.16621910419815,148.4019421571512,148.69483947753906,6319500,0.0,0.0
2022-03-08 00:00:00-05:00,148.63075694893413,150.0861230786326,144.33787240651998,144.50262451171875,6163700,0.0,0.0
2022-03-09 00:00:00-05:00,146.27835893059085,146.50719060752795,143.1570915051422,144.07241821289062,5764900,0.0,0.0
2022-03-10 00:00:00-05:00,142.59875647254813,143.0198129472474,140.3836672856346,141.42713928222656,6103700,0.0,0.0
2022-03-11 00:00:00-05:00,142.2875437048599,143.60561648928663,140.4843488493286,140.7131805419922,4762600,0.0,0.0
2022-03-14 00:00:00-04:00,142.01293032118718,144.43855442897444,141.417973559589,142.69027709960938,6075600,0.0,0.0
2022-03-15 00:00:00-04:00,143.99919941622483,145.9946048664597,143.55068431680863,145.5369415283203,6203400,0.0,0.0
2022-03-16 00:00:00-04:00,144.99690802491375,146.44312590813087,143.7429009301196,146.17767333984375,6299000,0.0,0.0
2022-03-17 00:00:00-04:00,146.29668505112025,147.94427609496205,145.81156296137496,147.3126983642578,3587600,0.0,0.0
2022-03-18 00:00:00-04:00,147.7154423171477,149.13418767281192,146.50720424638772,149.00604248046875,12123000,0.0,0.0
2022-03-21 00:00:00-04:00,148.53004788766168,149.9396446739656,147.43165878619726,148.7954864501953,5122600,0.0,0.0
2022-03-22 00:00:00-04:00,149.05182959124784,150.8184177774599,148.49347962152655,150.42481994628906,5779200,0.0,0.0
2022-03-23 00:00:00-04:00,150.34242455425584,151.28521002620357,148.859599630761,149.6376190185547,4533700,0.0,0.0
2022-03-24 00:00:00-04:00,150.16850540250314,150.78177265320514,149.4454034104151,150.54379272460938,3160300,0.0,0.0
2022-03-25 00:00:00-04:00,150.50713942876766,151.85267058816552,150.50713942876766,151.24856567382812,4146800,0.0,0.0
2022-03-28 00:00:00-04:00,151.1204514254662,151.73371866957382,149.848147806573,151.6970977783203,4308000,0.0,0.0
2022-03-29 00:00:00-04:00,153.12501949308398,154.30579892709082,152.2829204841349,153.94882202148438,4440400,0.0,0.0
2022-03-30 00:00:00-04:00,153.86644170298095,153.99458689717287,152.0540845706944,153.73829650878906,3871500,0.0,0.0
2022-03-31 00:00:00-04:00,154.11357736306363,154.96483859682982,153.1067262074914,153.20741271972656,6076200,0.0,0.0
2022-04-01 00:00:00-04:00,153.6741926117083,155.54145285543603,153.19821883712027,155.38584899902344,3239600,0.0,0.0
2022-04-04 00:00:00-04:00,154.79091426649182,155.047204650765,153.27146844060195,154.98313903808594,3759900,0.0,0.0
2022-04-05 00:00:00-04:00,154.06780929439276,156.86870698797844,154.06780929439276,155.14788818359375,4480700,0.0,0.0
2022-04-06 00:00:00-04:00,155.53229403841718,158.0769008664972,155.13871030486817,157.79315185546875,4294800,0.0,0.0
2022-04-07 00:00:00-04:00,157.46367761436446,158.6078361821412,156.31951904658771,157.9396514892578,5041600,0.0,0.0
2022-04-08 00:00:00-04:00,158.3424053298851,158.98313136600646,157.0609392908623,158.47055053710938,3883100,0.0,0.0
2022-04-11 00:00:00-04:00,158.90987229732605,160.15471719425284,157.72910697480378,157.9853973388672,3825100,0.0,0.0
2022-04-12 00:00:00-04:00,159.06549738235685,159.86182726501156,158.01287710145056,158.6261444091797,3924300,0.0,0.0
2022-04-13 00:00:00-04:00,158.88243849757075,159.1021219726512,157.1890782149269,158.35154724121094,4394000,0.0,0.0
2022-04-14 00:00:00-04:00,158.79088349399242,159.50483725430556,157.2165203387434,157.34466552734375,4834300,0.0,0.0
2022-04-18 00:00:00-04:00,156.72223913099558,157.71994188476793,155.56893251379992,155.98997497558594,3086000,0.0,0.0
2022-04-19 00:00:00-04:00,155.45909679770176,158.5071366478708,155.45909679770176,158.25999450683594,3642000,0.0,0.0
2022-04-20 00:00:00-04:00,159.01055921839648,161.0700443423164,159.01055921839648,160.6123809814453,4197600,0.0,0.0
2022-04-21 00:00:00-04:00,160.87785041212254,162.23254427596157,159.86183699763328,160.03575134277344,3701300,0.0,0.0
2022-04-22 00:00:00-04:00,160.1730558003225,160.42934620944584,157.3813060222505,157.57351684570312,5864000,0.0,0.0
2022-04-25 00:00:00-04:00,158.543732371589,159.19360646013385,156.52085436569186,159.0288543701172,7369900,0.0,0.0
2022-04-26 00:00:00-04:00,159.23941171690885,160.50256722741977,158.10440140552373,158.6261444091797,7386600,0.0,0.0
2022-04-27 00:00:00-04:00,158.7359819472964,161.72910468193783,158.5254606807754,160.04490661621094,5180300,0.0,0.0
2022-04-28 00:00:00-04:00,159.75198308486807,162.58033950585926,159.102108887221,162.4705047607422,5235800,0.0,0.0
2022-04-29 00:00:00-04:00,162.3881207475698,162.3881207475698,156.89616029227832,157.17076110839844,6505600,0.0,0.0
2022-05-02 00:00:00-04:00,158.351523364021,158.77257980274092,151.27605169319332,153.55520629882812,7692100,0.0,0.0
2022-05-03 00:00:00-04:00,154.81836725506759,154.97397112787965,152.4751329897924,153.7657470703125,5564900,0.0,0.0
2022-05-04 00:00:00-04:00,153.41793987439885,159.376712872403,153.41793987439885,159.13873291015625,6231500,0.0,0.0
2022-05-05 00:00:00-04:00,158.44306605258464,158.64443905497882,154.76344860593764,155.9625244140625,6534300,0.0,0.0
2022-05-06 00:00:00-04:00,154.9098740304289,156.33778124766954,154.43390030242367,155.98080444335938,5824600,0.0,0.0
2022-05-09 00:00:00-04:00,155.29434534317528,158.25084694132687,154.47054285847528,157.16160583496094,7269100,0.0,0.0
2022-05-10 00:00:00-04:00,158.46136398833315,159.76112630960455,156.29204403969865,156.96939086914062,5936700,0.0,0.0
2022-05-11 00:00:00-04:00,156.35612665676612,157.81149287929043,155.53232417789673,156.2096710205078,5376900,0.0,0.0
2022-05-12 00:00:00-04:00,156.7497130469994,157.42705990076098,153.92135661324386,155.9716796875,6473500,0.0,0.0
2022-05-13 00:00:00-04:00,156.24626847404278,159.4133050739368,155.11127227879334,159.01055908203125,4714600,0.0,0.0
2022-05-16 00:00:00-04:00,159.00141097921892,161.37210383650464,158.73595840851834,160.6123809814453,5317200,0.0,0.0
2022-05-17 00:00:00-04:00,160.46591601665824,160.8045824146276,157.9670781224035,159.68789672851562,5012200,0.0,0.0
2022-05-18 00:00:00-04:00,158.98313341663916,159.1478855565754,149.12505867382805,149.79324340820312,8875400,0.0,0.0
2022-05-19 00:00:00-04:00,148.74060204821797,148.99689242978954,146.15022557961098,147.55067443847656,6423800,0.0,0.0
2022-05-20 00:00:00-04:00,148.5026173766433,149.25317805108506,146.10445178731285,148.47515869140625,5768800,0.0,0.0
2022-05-23 00:00:00-04:00,150.3058212954799,152.813807810802,149.72001269699823,151.578125,4657800,0.0,0.0
2022-05-24 00:00:00-04:00,151.96256213358657,154.01288526579904,151.17538051196107,153.6101531982422,6327600,0.0,0.0
2022-05-25 00:00:00-04:00,153.63758883186148,155.13872402846027,152.82294864529462,154.66275024414062,5781000,0.0,0.0
2022-05-26 00:00:00-04:00,154.65360243591107,156.6032387724211,154.65360243591107,155.7062225341797,5193800,0.0,0.0
2022-05-27 00:00:00-04:00,156.75886712921402,157.26229967666586,155.7886229287317,157.22569274902344,6713500,0.0,0.0
2022-05-31 00:00:00-04:00,156.50256785245588,156.50256785245588,151.36758409346137,153.5460662841797,13610000,0.0,0.0
2022-06-01 00:00:00-04:00,153.93965176266775,154.12272829281142,149.94884039425628,152.39276123046875,5613900,0.0,0.0
2022-06-02 00:00:00-04:00,152.65084545111674,153.69236341881845,149.91341512448022,153.62783813476562,4677300,1.15,0.0
2022-06-03 00:00:00-04:00,152.87203667270896,153.54486877942912,151.48949685499989,151.94113159179688,4222000,0.0,0.0
2022-06-06 00:00:00-04:00,153.42507287320365,154.49422641239227,151.83053333852078,152.5771026611328,3447800,0.0,0.0
2022-06-07 00:00:00-04:00,152.70613260339817,153.79373796370368,151.36046831926654,153.51722717285156,4168300,0.0,0.0
2022-06-08 00:00:00-04:00,152.7614231977601,153.7476275256711,152.18075203008632,152.752197265625,2646800,0.0,0.0
2022-06-09 00:00:00-04:00,152.25451786194324,153.85825519655114,149.93184681743088,150.03323364257812,3522900,0.0,0.0
2022-06-10 00:00:00-04:00,148.36496697733062,151.08395931435055,146.96398926732945,149.79359436035156,5203300,0.0,0.0
2022-06-13 00:00:00-04:00,147.9593935745827,150.1161520730179,146.60450358004553,147.23126220703125,6300700,0.0,0.0
2022-06-14 00:00:00-04:00,147.4708878871874,147.51697535243608,142.73338617636827,143.89471435546875,6159200,0.0,0.0
2022-06-15 00:00:00-04:00,145.55378457419667,147.3234337833269,143.71961009210483,145.4339599609375,5940100,0.0,0.0
2022-06-16 00:00:00-04:00,144.3648183156307,146.05151865159215,142.96384063707555,144.73348999023438,7207900,0.0,0.0
2022-06-17 00:00:00-04:00,144.7335044996337,146.5400296397091,143.94084766224208,144.7611541748047,9881800,0.0,0.0
2022-06-21 00:00:00-04:00,145.78422684722247,148.3557590172117,145.02844565822707,148.12533569335938,4449600,0.0,0.0
2022-06-22 00:00:00-04:00,147.77507382107032,150.2267811312638,147.065366112557,149.34194946289062,4706500,0.0,0.0
2022-06-23 00:00:00-04:00,150.9549140905112,152.20841742931214,150.37424286282535,151.24986267089844,5810700,0.0,0.0
2022-06-24 00:00:00-04:00,152.66924544221783,153.17617946305936,151.10236997555185,153.12088012695312,5951500,0.0,0.0
2022-06-27 00:00:00-04:00,152.88124657160438,154.04258900442383,152.39275030075632,153.32366943359375,4595800,0.0,0.0
2022-06-28 00:00:00-04:00,154.06101679613423,155.25922080035284,151.0194404074779,151.16690063476562,4372900,0.0,0.0
2022-06-29 00:00:00-04:00,153.0563564606397,154.43889613344652,152.40196222464013,153.67388916015625,3653600,0.0,0.0
2022-06-30 00:00:00-04:00,154.0425871827461,154.45734630502443,152.66004739920373,153.60939025878906,6295100,0.0,0.0
2022-07-01 00:00:00-04:00,153.68312900079025,156.2454349678381,152.77985954011945,156.1256103515625,3918700,0.0,0.0
2022-07-05 00:00:00-04:00,155.42512626064814,156.12560801811748,152.38353593787957,155.77536010742188,4971600,0.0,0.0
2022-07-06 00:00:00-04:00,156.68784065783527,158.48513954671432,156.20855626616026,157.33302307128906,4209100,0.0,0.0
2022-07-07 00:00:00-04:00,156.2454647786747,157.64642858184882,156.11642826880538,157.01968383789062,5150200,0.0,0.0
2022-07-08 00:00:00-04:00,157.21323828300402,159.17643551536045,157.1948004784778,158.420654296875,3482900,0.0,0.0
2022-07-11 00:00:00-04:00,157.9874418707051,159.2685949135887,156.7062888278215,157.1210479736328,4921300,0.0,0.0
2022-07-12 00:00:00-04:00,159.45294693578307,159.74789555363114,155.64634896223612,156.22702026367188,5201600,0.0,0.0
2022-07-13 00:00:00-04:00,155.34214575855023,158.01506413309178,154.8259998831685,156.77999877929688,4533100,0.0,0.0
2022-07-14 00:00:00-04:00,155.11172306340634,157.7569917804279,154.56792751867826,157.59107971191406,4218300,0.0,0.0
2022-07-15 00:00:00-04:00,157.92289690393974,159.37917373133982,156.706269290316,157.72012329101562,4659100,0.0,0.0
2022-07-18 00:00:00-04:00,157.74779946565738,157.8307625495544,154.70622288856907,155.0841064453125,3479700,0.0,0.0
2022-07-19 00:00:00-04:00,156.9182422163665,157.37908874269945,155.42510397150212,156.7431182861328,4201600,0.0,0.0
2022-07-20 00:00:00-04:00,156.7339452946024,157.213229738767,154.34676307142647,155.0841064453125,3460700,0.0,0.0
2022-07-21 00:00:00-04:00,154.83527425147727,156.14407714888648,154.43893878923328,155.31454467773438,3088300,0.0,0.0
2022-07-22 00:00:00-04:00,155.89520268629394,157.2132314057412,155.29610767267832,156.32839965820312,3757800,0.0,0.0
2022-07-25 00:00:00-04:00,156.97356204825005,157.48049610620006,155.80300778060584,156.54959106445312,3357200,0.0,0.0
2022-07-26 00:00:00-04:00,157.21321388205953,158.52201652180025,155.98736025392614,158.37454223632812,3732100,0.0,0.0
2022-07-27 00:00:00-04:00,157.13949663292934,158.48516098243607,155.8214678935351,158.15335083007812,4479000,0.0,0.0
2022-07-28 00:00:00-04:00,158.41140432461293,161.40690719702505,157.78465970506772,161.14883422851562,3134200,0.0,0.0
2022-07-29 00:00:00-04:00,160.06124124194005,161.73871551868808,159.81238014508776,161.2594451904297,4215500,0.0,0.0
2022-08-01 00:00:00-04:00,160.88153951385897,163.77565539496513,160.88153951385897,163.09359741210938,4034600,0.0,0.0
2022-08-02 00:00:00-04:00,163.0844077369921,163.2779554458692,161.499094204072,161.74795532226562,3781100,0.0,0.0
2022-08-03 00:00:00-04:00,161.3700538012283,163.19500247462102,160.59583485662804,162.98301696777344,4401300,0.0,0.0
2022-08-04 00:00:00-04:00,162.60509380405003,162.9000423445366,160.90918188801376,162.09815979003906,3822500,0.0,0.0
2022-08-05 00:00:00-04:00,160.7341022272182,161.01982491457173,158.89992740360185,160.88157653808594,3295600,0.0,0.0
2022-08-08 00:00:00-04:00,162.02446238561515,162.19037449630298,159.74789282611957,160.23638916015625,2846100,0.0,0.0
2022-08-09 00:00:00-04:00,161.10273403505713,161.5082812575266,160.33774112275987,160.83544921875,3228800,0.0,0.0
2022-08-10 00:00:00-04:00,162.04289509838208,162.6143404378454,161.0382527874147,162.1627197265625,4041100,0.0,0.0
2022-08-11 00:00:00-04:00,162.54981746492672,163.25029925180007,160.99215366692746,161.3331756591797,2743800,0.0,0.0
2022-08-12 00:00:00-04:00,162.15348394875272,163.48995038953547,161.6465639210601,163.44386291503906,3756200,0.0,0.0
2022-08-15 00:00:00-04:00,163.8493982827838,165.31488704339563,162.955354785422,165.24114990234375,3043100,0.0,0.0
2022-08-16 00:00:00-04:00,165.70200009308456,166.5499561377576,164.65127042208516,166.19972229003906,3395700,0.0,0.0
2022-08-17 00:00:00-04:00,165.996945265552,166.89098876407374,165.64669736108158,166.1075439453125,2666200,0.0,0.0
2022-08-18 00:00:00-04:00,166.66057629092467,166.7619490446714,165.84948174957015,166.27345275878906,3010600,0.0,0.0
2022-08-19 00:00:00-04:00,165.6835343663118,166.83565065629094,165.27800124593153,166.06143188476562,3704000,0.0,0.0
2022-08-22 00:00:00-04:00,166.03381428783214,166.33797473480465,164.07982918307565,164.4761505126953,3385000,0.0,0.0
2022-08-23 00:00:00-04:00,163.89548479725616,164.85403949749215,163.40697448264874,164.40240478515625,2575000,0.0,0.0
2022-08-24 00:00:00-04:00,164.40242608613968,165.44394399447123,164.16279089601247,165.2227325439453,3340600,0.0,0.0
2022-08-25 00:00:00-04:00,165.0107374148992,165.30568599841902,163.49916108416662,165.23194885253906,3401800,0.0,0.0
2022-08-26 00:00:00-04:00,165.86791869521633,165.88634243366283,160.99215366692746,161.3331756591797,5246600,0.0,0.0
2022-08-29 00:00:00-04:00,160.88154750956176,161.5635914623935,159.64648202272207,160.8262481689453,4184500,0.0,0.0
2022-08-30 00:00:00-04:00,160.687972319973,161.01057053182873,158.83537424459058,159.44369506835938,4026300,0.0,0.0
2022-08-31 00:00:00-04:00,160.19949166144758,160.75251320294186,158.71556505782405,158.78009033203125,5597900,0.0,0.0
2022-09-01 00:00:00-04:00,158.59450029597375,160.50594592501693,157.9635437094083,160.3853302001953,4846100,1.15,0.0
2022-09-02 00:00:00-04:00,161.19258920957583,162.3524483800578,157.63877901220667,158.35325622558594,5801500,0.0,0.0
2022-09-06 00:00:00-04:00,158.65018950837512,160.14408884352252,156.93360625045804,157.28619384765625,4900100,0.0,0.0
2022-09-07 00:00:00-04:00,158.31613669989557,161.24826415306464,157.67589215668184,160.75648498535156,6074600,0.0,0.0
2022-09-08 00:00:00-04:00,160.32036040174407,160.92348146019725,158.26044954221186,160.21829223632812,3888100,0.0,0.0
2022-09-09 00:00:00-04:00,160.19971993476398,161.9627141155271,159.29039444018474,160.72862243652344,3662000,0.0,0.0
2022-09-12 00:00:00-04:00,160.72863208318603,161.86065567146431,160.29252393892622,161.35958862304688,5953300,0.0,0.0
2022-09-13 00:00:00-04:00,160.06057463863715,160.3667791760888,154.91079679683688,155.33763122558594,6926200,0.0,0.0
2022-09-14 00:00:00-04:00,155.99642231811197,156.9892686140921,155.48609558415058,156.5160369873047,5156900,0.0,0.0
2022-09-15 00:00:00-04:00,156.3768492309309,156.40468471791363,153.41688640864808,153.91795349121094,5461000,0.0,0.0
2022-09-16 00:00:00-04:00,154.36332475432806,155.11491116770077,153.3333693319635,154.92933654785156,12012600,0.0,0.0
2022-09-19 00:00:00-04:00,155.01283847125023,156.63664112472233,154.49322388748882,156.56240844726562,3720900,0.0,0.0
2022-09-20 00:00:00-04:00,155.4953581491886,156.95213387324839,154.82727814884373,156.7387237548828,3872000,0.0,0.0
2022-09-21 00:00:00-04:00,157.62949490309595,159.62444688217877,156.20054057000686,156.2933349609375,5134500,0.0,0.0
2022-09-22 00:00:00-04:00,156.25619895281676,157.6387559790584,155.93144692759475,156.44178771972656,4290600,0.0,0.0
2022-09-23 00:00:00-04:00,156.2469390921797,156.58097908055566,154.52106817864322,156.36756896972656,4565100,0.0,0.0
2022-09-26 00:00:00-04:00,156.19125511185854,157.7500988221578,155.44894251524383,156.30259704589844,5326400,0.0,0.0
2022-09-27 00:00:00-04:00,156.1077886716831,157.74086547604418,153.32412633975292,154.03858947753906,5400700,0.0,0.0
2022-09-28 00:00:00-04:00,154.8736829835345,157.38824980573352,153.32411278806615,156.5067596435547,5480900,0.0,0.0
2022-09-29 00:00:00-04:00,156.62736642598043,156.9428446844847,153.10139213897156,154.5952911376953,5167700,0.0,0.0
2022-09-30 00:00:00-04:00,155.59740992261513,156.10775072443457,151.25489037801157,151.4868621826172,5971900,0.0,0.0
2022-10-03 00:00:00-04:00,151.7281480819401,153.74166199407694,151.2642043927352,153.33338928222656,5093400,0.0,0.0
2022-10-04 00:00:00-04:00,155.31905719362555,156.56242279851816,153.61174793092792,155.0592498779297,4596800,0.0,0.0
2022-10-05 00:00:00-04:00,154.92933337037812,155.04067530831693,151.92297362010922,154.02928161621094,3538600,0.0,0.0
2022-10-06 00:00:00-04:00,153.83444815939617,154.04787245872237,150.7817047966115,151.06007385253906,4623400,0.0,0.0
2022-10-07 00:00:00-04:00,150.59610077949753,151.25489278634322,149.37128283562893,149.9558563232422,4779200,0.0,0.0
2022-10-10 00:00:00-04:00,150.3084807316323,151.28275114706577,149.5661680011382,150.15074157714844,4839200,0.0,0.0
2022-10-11 00:00:00-04:00,150.54043654754267,152.42404658254856,149.90946583834653,150.8651885986328,5222600,0.0,0.0
2022-10-12 00:00:00-04:00,156.5624261655801,158.3903653493188,154.5860357685631,157.17483520507812,9795300,0.0,0.0
2022-10-13 00:00:00-04:00,155.04998817270098,162.4174021391227,154.7901808367787,162.01841735839844,8412700,0.0,0.0
2022-10-14 00:00:00-04:00,163.2896061121226,163.54941342825668,157.73157014364295,157.91714477539062,5937900,0.0,0.0
2022-10-17 00:00:00-04:00,159.8471817588094,161.07198588239447,158.7337196032486,160.2740020751953,6401800,0.0,0.0
2022-10-18 00:00:00-04:00,162.21329019533164,164.15257156051703,160.904965497724,162.43597412109375,4547400,0.0,0.0
2022-10-19 00:00:00-04:00,162.213272781581,163.1597076813469,159.90282819075583,160.85855102539062,5200200,0.0,0.0
2022-10-20 00:00:00-04:00,161.63796798616892,161.7864333550942,158.77079957117897,159.09556579589844,4314000,0.0,0.0
2022-10-21 00:00:00-04:00,158.8542987784827,161.16474319216297,158.2790131982109,160.58016967773438,5071500,0.0,0.0
2022-10-24 00:00:00-04:00,162.20398745557765,165.14538869355582,162.0740837912594,164.8670196533203,5316500,0.0,0.0
2022-10-25 00:00:00-04:00,165.27529814188605,165.97121368761051,163.87419327353183,165.41448974609375,5220000,0.0,0.0
2022-10-26 00:00:00-04:00,166.33308602486468,167.85482075608334,165.46088378398727,166.15679931640625,5136000,0.0,0.0
2022-10-27 00:00:00-04:00,167.36301163228862,167.88262620483482,165.69282598008584,165.98046875,5424100,0.0,0.0
2022-10-28 00:00:00-04:00,166.74135902971227,169.7384312969152,166.53722267383463,169.0889129638672,6715300,0.0,0.0
2022-10-31 00:00:00-04:00,168.11463061611698,169.78483075071827,167.52078325252964,168.4857940673828,4877200,0.0,0.0
2022-11-01 00:00:00-04:00,167.8919416384211,169.62708647562005,166.9176570760951,167.72491455078125,4084500,0.0,0.0
2022-11-02 00:00:00-04:00,167.74345456346157,170.34154167410205,165.32166829424267,165.38662719726562,4970600,0.0,0.0
2022-11-03 00:00:00-04:00,164.03192101986315,165.9990376282253,163.7999491874266,164.95980834960938,3753800,0.0,0.0
2022-11-04 00:00:00-04:00,165.08971164434547,166.82485641643385,163.79994882518798,165.8876953125,3922400,0.0,0.0
2022-11-07 00:00:00-05:00,166.57432461805226,167.5949921073883,165.93408014430764,167.21456909179688,3246100,0.0,0.0
2022-11-08 00:00:00-05:00,167.42796381330385,168.97753369368144,165.90622941545013,167.67849731445312,3724700,0.0,0.0
2022-11-09 00:00:00-05:00,166.97332248953552,168.0125659286635,165.5350942938698,165.67428588867188,4723600,0.0,0.0
2022-11-10 00:00:00-05:00,169.47861230936286,169.72914584860956,165.68355659154594,168.5971221923828,6704100,0.0,0.0
2022-11-11 00:00:00-05:00,168.0682370907527,168.58785173167797,162.78855590271354,165.21034240722656,7390500,0.0,0.0
2022-11-14 00:00:00-05:00,165.78562304580026,166.2588404742002,163.77210929344287,163.9855194091797,5633000,0.0,0.0
2022-11-15 00:00:00-05:00,165.20107989223786,165.81348902403371,162.7700192373649,164.41238403320312,5153600,0.0,0.0
2022-11-16 00:00:00-05:00,165.4423183206032,166.67641020245506,164.9041419553901,165.47015380859375,4701100,0.0,0.0
2022-11-17 00:00:00-05:00,164.69070387465527,167.16816099437224,164.6350187496883,167.0475311279297,3920300,0.0,0.0
2022-11-18 00:00:00-05:00,167.21460056160262,168.7270474499344,167.03829968394982,168.2538299560547,4498100,0.0,0.0
2022-11-21 00:00:00-05:00,169.12602621980315,171.7797845282296,168.95899913938237,171.4921417236328,4397600,0.0,0.0
2022-11-22 00:00:00-05:00,172.41076362285185,173.16235018678663,171.07460343877278,171.51071166992188,4109600,0.0,0.0
2022-11-23 00:00:00-05:00,171.65916574789378,172.66128581992103,171.19522205668324,171.7333984375,2511000,0.0,0.0
2022-11-25 00:00:00-05:00,171.26943640277463,171.6591473626396,170.67558910796566,170.8333282470703,1837000,0.0,0.0
2022-11-28 00:00:00-05:00,171.10244419832105,172.11385230336202,170.27662491445847,170.6292266845703,6411400,0.0,0.0
2022-11-29 00:00:00-05:00,170.08176466320367,170.19310662142752,167.96618250632142,169.42295837402344,4375400,0.0,0.0
2022-11-30 00:00:00-05:00,168.78272615922424,172.30870139842105,167.24244371004204,172.1324005126953,7915600,0.0,0.0
2022-12-01 00:00:00-05:00,173.17809428145333,173.97172400177462,171.9456502679569,173.5702362060547,4683300,1.15,0.0
2022-12-02 00:00:00-05:00,171.79624730265635,173.95303486702974,171.6468558423027,173.37416076660156,3547700,0.0,0.0
2022-12-05 00:00:00-05:00,171.26407699590607,171.74026058232235,170.22771094725044,170.97463989257812,4083200,0.0,0.0
2022-12-06 00:00:00-05:00,171.56286828010104,172.06704676728987,168.71515523616836,169.58348083496094,5835100,0.0,0.0
2022-12-07 00:00:00-05:00,169.751529509357,170.3490812212361,168.70581757525767,170.09698486328125,4241700,0.0,0.0
2022-12-08 00:00:00-05:00,169.75152438736612,171.7775983219282,169.23800006138123,171.5908660888672,3800800,0.0,0.0
2022-12-09 00:00:00-05:00,171.99235869958707,171.99235869958707,170.9092917723042,170.9559783935547,3116100,0.0,0.0
2022-12-12 00:00:00-05:00,171.96432862665864,171.96432862665864,170.26504680407544,171.7682647705078,4691400,0.0,0.0
2022-12-13 00:00:00-05:00,174.11175872432617,174.44788238823767,170.80655456815796,171.67486572265625,5634900,0.0,0.0
2022-12-14 00:00:00-05:00,171.86160035082636,173.55155017792177,170.05026818915965,171.1986846923828,5392500,0.0,0.0
2022-12-15 00:00:00-05:00,169.91023728685988,170.5918305543679,166.5583461782173,168.29498291015625,6127800,0.0,0.0
2022-12-16 00:00:00-05:00,168.13624735699727,169.17262749521817,166.64236119941162,168.37899780273438,15708100,0.0,0.0
2022-12-19 00:00:00-05:00,168.86452293038323,171.30141614296568,168.38835363477702,169.31268310546875,4447800,0.0,0.0
2022-12-20 00:00:00-05:00,169.76085546894433,170.16232902270917,168.6591111703887,169.20997619628906,3249000,0.0,0.0
2022-12-21 00:00:00-05:00,169.50874803760664,171.49746667397247,169.36868819912056,170.39573669433594,4236900,0.0,0.0
2022-12-22 00:00:00-05:00,169.79818810982033,169.97558869367026,167.05318048904715,169.07925415039062,4304700,0.0,0.0
2022-12-23 00:00:00-05:00,168.91122336890416,170.44245048527281,168.48172640784978,170.1716766357422,2197800,0.0,0.0
2022-12-27 00:00:00-05:00,171.12401183743953,171.43212640323992,170.18100489126607,170.92794799804688,3045000,0.0,0.0
2022-12-28 00:00:00-05:00,171.88963838627734,172.30044357480156,169.59279074664886,169.69549560546875,2694300,0.0,0.0
2022-12-29 00:00:00-05:00,169.85421430363283,170.73187139320842,169.82620518347656,169.9102325439453,2549200,0.0,0.0
2022-12-30 00:00:00-05:00,169.3500428148888,169.89157623796532,167.39865046814143,168.67779541015625,3136200,0.0,0.0
2023-01-03 00:00:00-05:00,168.61244183463265,168.76183332207842,164.85907687816305,167.51071166992188,5137400,0.0,0.0
2023-01-04 00:00:00-05:00,167.5106881839124,168.56573158002834,165.77405156442222,167.09986877441406,4771300,0.0,0.0
2023-01-05 00:00:00-05:00,166.15685840203648,166.91313309619096,165.12980989963285,165.35389709472656,3647100,0.0,0.0
2023-01-06 00:00:00-05:00,166.9504682405568,169.77017146889904,166.94113661694024,169.08859252929688,3713200,0.0,0.0
2023-01-09 00:00:00-05:00,168.4723695087448,170.64783461695973,166.95047424603874,167.4359893798828,3319200,0.0,0.0
2023-01-10 00:00:00-05:00,166.93181157349431,167.62273646966855,165.34456630868064,166.05416870117188,3817300,0.0,0.0
2023-01-11 00:00:00-05:00,167.4919966157596,167.7907795236554,164.02805529195277,166.24087524414062,4369900,0.0,0.0
2023-01-12 00:00:00-05:00,165.87677426429167,166.53967581723523,163.69197725698228,164.1214599609375,4246600,0.0,0.0
2023-01-13 00:00:00-05:00,163.76664101358398,164.0747555704867,162.61822439004058,163.6172637939453,4720400,0.0,0.0
2023-01-17 00:00:00-05:00,164.4669008942114,165.77405488211704,163.85068601438573,164.38287353515625,5032600,0.0,0.0
2023-01-18 00:00:00-05:00,163.6172491577917,164.08408676344385,159.96657566237127,160.23733520507812,5032600,0.0,0.0
2023-01-19 00:00:00-05:00,159.91990733091575,160.75087779408435,158.2392889091268,158.3793487548828,4720400,0.0,0.0
2023-01-20 00:00:00-05:00,157.7444522004564,158.62210933490516,156.35328500571822,158.61277770996094,5779100,0.0,0.0
2023-01-23 00:00:00-05:00,158.73413820093347,159.4343947005354,157.52970329019033,157.90316772460938,5440400,0.0,0.0
2023-01-24 00:00:00-05:00,158.3606779764214,159.53710379819532,157.27761114235668,159.36904907226562,4125600,0.0,0.0
2023-01-25 00:00:00-05:00,159.04223894392925,160.57346578673707,158.10856369229634,160.5267791748047,3852800,0.0,0.0
2023-01-26 00:00:00-05:00,160.25603886453447,160.2840479857066,158.762152583829,158.9302215576172,4558400,0.0,0.0
2023-01-27 00:00:00-05:00,158.51005495607487,158.93953760311976,157.39897910263704,158.3699951171875,5451400,0.0,0.0
2023-01-30 00:00:00-05:00,158.5193937738104,160.08797571065838,157.92184214233373,158.23928833007812,5191500,0.0,0.0
2023-01-31 00:00:00-05:00,158.9115491386231,159.72385641883506,158.0899244800633,159.6771697998047,4665500,0.0,0.0
2023-02-01 00:00:00-05:00,159.5464430707368,160.8909378095865,158.26729819590514,160.18133544921875,4147700,0.0,0.0
2023-02-02 00:00:00-05:00,158.22063853921,159.24767292457852,157.33363551748624,158.69680786132812,5653800,0.0,0.0
2023-02-03 00:00:00-05:00,159.62114116449987,159.92924148718035,155.9704671940206,157.90316772460938,5308200,0.0,0.0
2023-02-06 00:00:00-05:00,158.48207145225464,160.94697399946838,158.34201159073018,160.4241180419922,5640000,0.0,0.0
2023-02-07 00:00:00-05:00,158.9955638049896,160.62016398889205,158.0338793661536,160.18133544921875,6044700,0.0,0.0
2023-02-08 00:00:00-05:00,159.65846986692333,159.96658441311908,158.94888179634617,159.807861328125,5687300,0.0,0.0
2023-02-09 00:00:00-05:00,163.6919780659373,164.78437657499057,160.62950964506038,161.3204345703125,9619400,0.0,0.0
2023-02-10 00:00:00-05:00,161.63785877060872,164.87771310901823,161.1990302523743,164.51358032226562,6176000,0.0,0.0
2023-02-13 00:00:00-05:00,164.56963311075458,166.40897492524826,164.36422336774208,165.9794921875,5205100,0.0,0.0
2023-02-14 00:00:00-05:00,165.35391151715598,165.49395712208323,163.1971094739886,164.11212158203125,5203000,0.0,0.0
2023-02-15 00:00:00-05:00,163.39318990365922,164.3735518924323,163.0103795823779,164.33619689941406,4125500,0.0,0.0
2023-02-16 00:00:00-05:00,163.15043449192103,165.16716240436813,162.9636880260002,163.86935424804688,4973200,0.0,0.0
2023-02-17 00:00:00-05:00,163.5425603726428,164.71898605998703,163.23444583022447,164.58827209472656,3952100,0.0,0.0
2023-02-21 00:00:00-05:00,163.93470694596152,165.64333441353148,163.08505902414865,164.49490356445312,5797300,0.0,0.0
2023-02-22 00:00:00-05:00,164.9991147368017,165.66201628020016,164.1121259727689,164.43890380859375,5299500,0.0,0.0
2023-02-23 00:00:00-05:00,164.9430945690024,165.2512091512465,163.3838584080134,164.61630249023438,3801400,0.0,0.0
2023-02-24 00:00:00-05:00,163.82268259035095,164.6349755829677,162.73026989763545,164.28952026367188,2959100,0.0,0.0
2023-02-27 00:00:00-05:00,165.23252192529694,165.4939498742154,164.00006366889153,164.24282836914062,3208500,0.0,0.0
2023-02-28 00:00:00-05:00,163.2811584058598,163.44921313930874,161.71257632655636,162.02069091796875,4317100,0.0,0.0
2023-03-01 00:00:00-05:00,160.8909422307905,161.02165620917313,157.90316973046444,159.9665985107422,5359100,0.0,0.0
2023-03-02 00:00:00-05:00,160.2767828527442,163.3317330671173,159.59059805140976,162.91815185546875,4476300,1.15,0.0
2023-03-03 00:00:00-05:00,162.6173698341088,163.04036012403088,161.04759694473503,162.75836181640625,3627100,0.0,0.0
2023-03-06 00:00:00-05:00,161.88419236302354,163.23777284482307,161.88419236302354,163.08737182617188,3611400,0.0,0.0
2023-03-07 00:00:00-05:00,163.24715964380155,163.80174723737773,161.55518412328715,162.2789764404297,4094900,0.0,0.0
2023-03-08 00:00:00-05:00,162.3165480296665,162.95574507190565,161.47056755293926,162.7207489013672,2920200,0.0,0.0
2023-03-09 00:00:00-05:00,163.20012921684162,163.8957230165306,160.92536810070507,161.48936462402344,4042100,0.0,0.0
2023-03-10 00:00:00-05:00,162.1755587551243,163.78293889920684,160.69979023803367,161.70556640625,4129900,0.0,0.0
2023-03-13 00:00:00-04:00,162.39174734670848,166.59347999288067,162.25075538261996,163.2847442626953,8265100,0.0,0.0
2023-03-14 00:00:00-04:00,162.13794663210032,163.37871882900257,161.2731625329196,163.1155242919922,6480800,0.0,0.0
2023-03-15 00:00:00-04:00,163.11555204433378,166.05770889302232,162.79596067259283,166.02951049804688,7099800,0.0,0.0
2023-03-16 00:00:00-04:00,166.01069121483837,166.37728465816068,164.79811731555003,165.91668701171875,4734400,0.0,0.0
2023-03-17 00:00:00-04:00,165.91667582475503,166.08588051035616,163.7735120939852,164.6195068359375,8854600,0.0,0.0
2023-03-20 00:00:00-04:00,165.90728968707236,167.0164646824801,164.9766997259043,166.93186950683594,4367000,0.0,0.0
2023-03-21 00:00:00-04:00,166.9976589101563,167.47704586807072,165.7004756389425,167.32664489746094,3812000,0.0,0.0
2023-03-22 00:00:00-04:00,167.16686832946598,168.60504371042484,165.8320918347277,165.91668701171875,4380800,0.0,0.0
2023-03-23 00:00:00-04:00,165.49370405424875,166.58408974901783,164.5161262767846,165.10830688476562,4655600,0.0,0.0
2023-03-24 00:00:00-04:00,165.93549935260708,168.57685408715173,165.80390206721074,168.34185791015625,3713800,0.0,0.0
2023-03-27 00:00:00-04:00,168.8024601739279,169.8082363804625,168.54866027981856,168.71786499023438,4078600,0.0,0.0
2023-03-28 00:00:00-04:00,168.56746337987204,169.62965071471646,168.56746337987204,168.6614532470703,2850000,0.0,0.0
2023-03-29 00:00:00-04:00,169.80823791508735,170.05264312756023,169.18785888603279,169.82704162597656,4496000,0.0,0.0
2023-03-30 00:00:00-04:00,170.13721265307413,170.4474092923341,169.27242854196757,169.9774169921875,2743000,0.0,0.0
2023-03-31 00:00:00-04:00,171.2276098740526,171.53780653440384,170.43802619844638,171.3592071533203,4479800,0.0,0.0
2023-04-03 00:00:00-04:00,170.9831989178485,171.79158627553525,169.57322196907123,171.5471954345703,3902300,0.0,0.0
2023-04-04 00:00:00-04:00,171.24640058147145,172.3555899522953,170.2312297580433,170.93621826171875,3306400,0.0,0.0
2023-04-05 00:00:00-04:00,172.25221144008685,173.85959172953307,172.07361203647844,172.61880493164062,3826300,0.0,0.0
2023-04-06 00:00:00-04:00,172.29919652652453,173.65277677485912,172.11120245715097,173.2955780029297,3389700,0.0,0.0
2023-04-10 00:00:00-04:00,172.79741047805953,172.86320195681594,170.7858435451727,172.20521545410156,2408100,0.0,0.0
2023-04-11 00:00:00-04:00,172.41197839703145,172.84437763596674,171.79158510148278,171.94198608398438,3586700,0.0,0.0
2023-04-12 00:00:00-04:00,171.72580978038386,172.75038967682323,171.31221421113497,171.60360717773438,3620900,0.0,0.0
2023-04-13 00:00:00-04:00,171.65999464389864,173.5305692875934,171.1806076290447,173.3143768310547,4303600,0.0,0.0
2023-04-14 00:00:00-04:00,172.33678635813996,172.97598339360792,171.94199451698088,172.49658203125,2572900,0.0,0.0
2023-04-17 00:00:00-04:00,173.1357666369674,173.66215572072238,172.46837125668938,173.38015747070312,3224400,0.0,0.0
2023-04-18 00:00:00-04:00,173.68098419200587,174.10397445583058,172.71280105855172,173.7373809814453,2438600,0.0,0.0
2023-04-19 00:00:00-04:00,174.12276822023722,174.19796871620377,173.20157290191818,173.63397216796875,2209900,0.0,0.0
2023-04-20 00:00:00-04:00,173.7467540563848,174.87473273397313,173.14516447213586,174.2073516845703,3868200,0.0,0.0
2023-04-21 00:00:00-04:00,174.8277550892165,175.1943485392119,174.01936769396667,174.28256225585938,3781800,0.0,0.0
2023-04-24 00:00:00-04:00,175.30714165618156,175.3729474679981,173.91596835506502,174.36715698242188,3540200,0.0,0.0
2023-04-25 00:00:00-04:00,175.36353316907054,178.7662729960016,175.06274554088571,178.32449340820312,6231600,0.0,0.0
2023-04-26 00:00:00-04:00,177.16831939712966,178.05190734570903,176.59492813324488,177.22471618652344,4481700,0.0,0.0
2023-04-27 00:00:00-04:00,176.8863085469864,178.55008543110733,176.25652053842714,178.30569458007812,4574500,0.0,0.0
2023-04-28 00:00:00-04:00,178.50306489326147,180.119839508236,178.25867406747278,179.43365478515625,4607500,0.0,0.0
2023-05-01 00:00:00-04:00,179.020061986027,180.78723760192682,178.8602663271677,180.17623901367188,3137800,0.0,0.0
2023-05-02 00:00:00-04:00,179.87545042742715,180.94703227862888,178.36207467464848,180.7120361328125,3712200,0.0,0.0
2023-05-03 00:00:00-04:00,181.02224269411795,181.6520306782817,180.27025211765934,180.646240234375,3389600,0.0,0.0
2023-05-04 00:00:00-04:00,181.4922479366871,182.31003003744792,180.62746373223274,181.7742462158203,4267600,0.0,0.0
2023-05-05 00:00:00-04:00,181.24786483646054,182.80822860747313,180.84366393902692,182.61083984375,4146500,0.0,0.0
2023-05-08 00:00:00-04:00,181.79302047160326,182.35701698298828,181.08803200388553,181.74603271484375,2249900,0.0,0.0
2023-05-09 00:00:00-04:00,182.22543762909396,182.9868229542179,181.14446094283647,182.48863220214844,3087600,0.0,0.0
2023-05-10 00:00:00-04:00,182.46043884270358,183.84221756088107,181.1068585193437,182.61083984375,4352900,0.0,0.0
2023-05-11 00:00:00-04:00,182.6202261799293,183.78581237021555,181.41704691261432,183.61660766601562,3690200,0.0,0.0
2023-05-12 00:00:00-04:00,183.6166207691362,184.44381195308029,183.2500272840754,184.3498077392578,2739800,0.0,0.0
2023-05-15 00:00:00-04:00,184.77280761894824,185.0642005940826,182.3570399473628,182.61083984375,2946400,0.0,0.0
2023-05-16 00:00:00-04:00,182.80819945888294,182.80819945888294,180.98462705529155,181.8212127685547,5803100,0.0,0.0
2023-05-17 00:00:00-04:00,181.70842806303537,181.97162261421312,179.38666485991027,180.533447265625,4878800,0.0,0.0
2023-05-18 00:00:00-04:00,179.83787416218138,180.20446761019474,178.98248466914097,180.06346130371094,3709400,0.0,0.0
2023-05-19 00:00:00-04:00,180.90947572757534,181.28546389957413,179.63109586253842,180.32667541503906,3883000,0.0,0.0
2023-05-22 00:00:00-04:00,179.71566902360328,179.9036630865619,175.22254350666307,175.43873596191406,5787000,0.0,0.0
2023-05-23 00:00:00-04:00,175.2977459410543,175.4293432208849,173.51176646560725,174.9029541015625,6382300,0.0,0.0
2023-05-24 00:00:00-04:00,175.09094562008656,175.5327395551698,173.3049661706147,173.79376220703125,3721000,0.0,0.0
2023-05-25 00:00:00-04:00,171.73519145306622,173.16397212685305,171.03020297062915,172.76918029785156,4712700,0.0,0.0
2023-05-26 00:00:00-04:00,172.6846110590113,173.1921965316718,171.45321894326003,172.56240844726562,4449300,0.0,0.0
2023-05-30 00:00:00-04:00,171.13360729974394,172.1017903656515,169.8552275705318,170.7106170654297,4331800,0.0,0.0
2023-05-31 00:00:00-04:00,171.88559122481573,173.53995902176518,170.56961847076812,171.4062042236328,20414600,0.0,0.0
2023-06-01 00:00:00-04:00,172.66985114793448,172.92542399084152,171.13644297693952,172.4521484375,5277400,1.265,0.0
2023-06-02 00:00:00-04:00,172.29122544858745,174.4398859240313,171.98832218110022,174.22218322753906,4288300,0.0,0.0
2023-06-05 00:00:00-04:00,174.02343669181639,176.2194278744139,173.79625921366167,174.3452606201172,4311700,0.0,0.0
2023-06-06 00:00:00-04:00,175.0930072656894,175.22552383350796,170.78619714675213,171.85580444335938,3975600,0.0,0.0
2023-06-07 00:00:00-04:00,171.05124328103315,172.02618968815517,170.09521749542355,170.48330688476562,5162700,0.0,0.0
2023-06-08 00:00:00-04:00,170.09522734477204,172.55626594680754,169.74500806462044,172.36695861816406,4036100,0.0,0.0
2023-06-09 00:00:00-04:00,171.99781502227833,173.05794768352033,171.32575735388255,172.60360717773438,3200100,0.0,0.0
2023-06-12 00:00:00-04:00,172.73611895949912,172.9632819844664,171.0323240561254,172.17764282226562,4207100,0.0,0.0
2023-06-13 00:00:00-04:00,172.39535968119122,172.45215043733498,171.40147811900377,171.83688354492188,2838700,0.0,0.0
2023-06-14 00:00:00-04:00,172.2723128657409,173.83411651827782,171.74224652168533,173.37977600097656,3559300,0.0,0.0
2023-06-15 00:00:00-04:00,174.41150118573842,176.21941726036087,173.7110626125931,175.7840118408203,4326100,0.0,0.0
2023-06-16 00:00:00-04:00,176.19102013966219,177.56351633794247,175.77453534719677,176.0963592529297,8925100,0.0,0.0
2023-06-20 00:00:00-04:00,176.56963404609905,177.8285487295029,175.33912918317242,175.40538024902344,4154800,0.0,0.0
2023-06-21 00:00:00-04:00,175.7934593042588,176.89146197078625,174.3452373767548,175.51895141601562,3832400,0.0,0.0
2023-06-22 00:00:00-04:00,176.74947800004577,177.55405219021742,175.9354434986947,177.3363494873047,3185800,0.0,0.0
2023-06-23 00:00:00-04:00,177.95159240181712,177.95159240181712,176.0111599151741,176.124755859375,7592600,0.0,0.0
2023-06-26 00:00:00-04:00,176.20996703229073,176.46552544581846,174.27899458184572,175.00784301757812,3706100,0.0,0.0
2023-06-27 00:00:00-04:00,174.79959699720843,176.63590851664202,174.12755377714203,176.26675415039062,5763000,0.0,0.0
2023-06-28 00:00:00-04:00,176.29513200181776,176.75894721308742,173.5785351264935,173.8814239501953,5193900,0.0,0.0
2023-06-29 00:00:00-04:00,173.45550224633135,174.06129441860318,171.69491648891244,174.0518341064453,5770400,0.0,0.0
2023-06-30 00:00:00-04:00,174.20326781762324,175.6041739229799,174.0518306100159,175.32020568847656,7635100,0.0,0.0
2023-07-03 00:00:00-04:00,174.44938172605347,175.71775681443881,173.663742529844,175.67990112304688,2389000,0.0,0.0
2023-07-05 00:00:00-04:00,175.11193063425546,176.71160409528926,175.08353526042114,176.60748291015625,5277100,0.0,0.0
2023-07-06 00:00:00-04:00,175.87866609156745,176.76842647954234,175.00784077061152,176.62644958496094,5592100,0.0,0.0
2023-07-07 00:00:00-04:00,175.88814153080136,175.9449322888548,173.2472557355213,173.29458618164062,6309900,0.0,0.0
2023-07-10 00:00:00-04:00,174.23165338834866,175.97330380081655,173.95714550402244,174.44935607910156,5508800,0.0,0.0
2023-07-11 00:00:00-04:00,174.52508293405546,174.85636712748462,172.66983656660696,174.14645385742188,3915200,0.0,0.0
2023-07-12 00:00:00-04:00,174.14648013743013,174.74281199610496,173.19992896783813,173.37977600097656,6080100,0.0,0.0
2023-07-13 00:00:00-04:00,175.8691846260065,178.0083847586662,173.4649369166345,177.5067138671875,8223100,0.0,0.0
2023-07-14 00:00:00-04:00,177.8191071898896,178.54795565053342,177.09025872924576,178.15040588378906,4467000,0.0,0.0
2023-07-17 00:00:00-04:00,176.38034096977017,177.0145285183918,175.50951562942888,175.7082977294922,5637400,0.0,0.0
2023-07-18 00:00:00-04:00,175.52842985482965,176.83467493185188,173.9950217683934,174.59133911132812,5684100,0.0,0.0
2023-07-19 00:00:00-04:00,175.11193165084686,176.6264189991699,174.56293034816028,176.30458068847656,4140800,0.0,0.0
2023-07-20 00:00:00-04:00,177.4783340110987,179.83525148632665,176.82521143102204,179.18212890625,5056500,0.0,0.0
2023-07-21 00:00:00-04:00,179.9488243430517,181.23613437489055,179.18212028791663,179.99615478515625,15021400,0.0,0.0
2023-07-24 00:00:00-04:00,180.4031820384477,181.1982815461231,179.9772369052805,180.71554565429688,4225800,0.0,0.0
2023-07-25 00:00:00-04:00,180.23279838676618,181.74727148057485,179.901499724533,181.13201904296875,3521600,0.0,0.0
2023-07-26 00:00:00-04:00,180.9048217584801,182.0974852572656,179.90148001349812,181.3591766357422,3898900,0.0,0.0
2023-07-27 00:00:00-04:00,181.73781105777815,182.01230452154496,178.33022132315537,178.45327758789062,4141800,0.0,0.0
2023-07-28 00:00:00-04:00,179.977225863313,181.14147967406726,179.64592720049518,180.1381378173828,5602300,0.0,0.0
2023-07-31 00:00:00-04:00,179.3241183289422,179.45663491653633,176.86309392459086,177.44049072265625,5687700,0.0,0.0
2023-08-01 00:00:00-04:00,177.46887379331153,178.5195461089415,176.43712210086494,176.83468627929688,2853900,0.0,0.0
2023-08-02 00:00:00-04:00,176.61697179528073,179.81631923497184,176.43712476975148,178.2450408935547,4285900,0.0,0.0
2023-08-03 00:00:00-04:00,178.11253397231513,179.10641560088024,176.97667544390848,177.11865234375,2857400,0.0,0.0
2023-08-04 00:00:00-04:00,177.1186512227222,177.9610811906412,174.49671486741147,174.7333526611328,4650400,0.0,0.0
2023-08-07 00:00:00-04:00,175.37697691847296,177.20382795055227,175.20660466267657,176.9009246826172,3323400,0.0,0.0
2023-08-08 00:00:00-04:00,177.19436985798683,177.45940302073967,174.19380448857316,174.58189392089844,5017900,0.0,0.0
2023-08-09 00:00:00-04:00,174.05180742068032,175.1119399488095,172.8686186372424,174.14645385742188,4413100,0.0,0.0
2023-08-10 00:00:00-04:00,174.37363686608975,175.67040719227472,173.7205143258812,173.9287567138672,3727200,0.0,0.0
2023-08-11 00:00:00-04:00,174.16540663919852,174.43043979819154,173.48388867515243,174.20326232910156,2872500,0.0,0.0
2023-08-14 00:00:00-04:00,174.53455823617065,174.9794384124135,173.34190903958438,173.8057098388672,3385600,0.0,0.0
2023-08-15 00:00:00-04:00,173.36082383972058,173.65426680566867,171.4488010647962,171.65704345703125,3331800,0.0,0.0
2023-08-16 00:00:00-04:00,171.893705786359,173.1715412559538,171.27843883294642,171.52455139160156,2633700,0.0,0.0
2023-08-17 00:00:00-04:00,171.5245387344774,171.71384607416374,168.78900651282095,168.91204833984375,4503000,0.0,0.0
2023-08-18 00:00:00-04:00,168.92152649460013,169.95326379339573,167.79512830244417,168.65647888183594,6020300,0.0,0.0
2023-08-21 00:00:00-04:00,168.23053139244118,168.4482485554765,166.81070467126403,167.58688354492188,4284100,0.0,0.0
2023-08-22 00:00:00-04:00,166.76336146801103,167.36916802153166,165.9398666545566,166.30902099609375,3491500,0.0,0.0
2023-08-23 00:00:00-04:00,167.7761907929499,168.75113731882757,166.9432211618217,168.5996856689453,4042700,0.0,0.0
2023-08-24 00:00:00-04:00,168.49553896859916,170.79566541805914,167.6341885320834,167.70989990234375,5709800,0.0,0.0
2023-08-25 00:00:00-04:00,168.54289009454956,170.10470810828247,168.3346476927185,169.8302001953125,4710700,0.0,0.0
2023-08-28 00:00:00-04:00,171.1553858146175,171.49613036300042,169.75447971399632,170.6158447265625,3189800,0.0,0.0
2023-08-29 00:00:00-04:00,170.66315836384544,171.53398360257873,169.4515741670667,171.2594757080078,4368600,0.0,0.0
2023-08-30 00:00:00-04:00,171.76116803691977,172.51839735826692,171.06071502712783,171.40147399902344,3153400,0.0,0.0
2023-08-31 00:00:00-04:00,170.94869514086352,171.22513421383354,169.53794827121277,169.5951385498047,5566700,1.265,0.0
2023-09-01 00:00:00-04:00,170.36724150116245,170.44350005651208,166.4686155822176,167.11680603027344,4800400,0.0,0.0
2023-09-05 00:00:00-04:00,167.06912633911708,167.6505850402839,165.52491619718103,166.0110626220703,5081800,0.0,0.0
2023-09-06 00:00:00-04:00,166.73552510552219,166.80225680050864,165.36290010132336,166.55441284179688,5933800,0.0,0.0
2023-09-07 00:00:00-04:00,167.62198636384048,168.77536233281302,167.0119325381877,168.146240234375,4934300,0.0,0.0
2023-09-08 00:00:00-04:00,167.58385584633783,168.86115381711357,167.39321674611966,168.0223388671875,2995000,0.0,0.0
2023-09-11 00:00:00-04:00,168.55612901970085,171.0344663365351,168.55612901970085,170.557861328125,4512700,0.0,0.0
2023-09-12 00:00:00-04:00,170.37676659311765,170.54833741759782,169.48074683461675,169.9287567138672,3331100,0.0,0.0
2023-09-13 00:00:00-04:00,169.98597162625475,171.71127970946887,169.87159106002312,171.27279663085938,3781400,0.0,0.0
2023-09-14 00:00:00-04:00,171.52063994132266,173.18875773516928,170.9391811571028,172.75027465820312,4118300,0.0,0.0
2023-09-15 00:00:00-04:00,172.9218397380883,173.3126593517815,171.20605872843748,171.42529296875,11656000,0.0,0.0
2023-09-18 00:00:00-04:00,172.5310273661245,172.5310273661245,170.08127043802548,170.98683166503906,3182600,0.0,0.0
2023-09-19 00:00:00-04:00,170.49115220445142,170.74852299364355,169.00414683548584,169.97642517089844,3369300,0.0,0.0
2023-09-20 00:00:00-04:00,170.7104014291431,171.02496252246857,169.25199107043673,170.03363037109375,3695800,0.0,0.0
2023-09-21 00:00:00-04:00,169.76674416442293,169.98597844009916,166.93570867804527,167.17401123046875,5351000,0.0,0.0
2023-09-22 00:00:00-04:00,166.75457649622987,168.13672822625477,166.21123976007266,167.0691375732422,4542300,0.0,0.0
2023-09-25 00:00:00-04:00,166.50675633377088,167.23120541873902,165.0769409858608,166.1731414794922,3553600,0.0,0.0
2023-09-26 00:00:00-04:00,164.9053364278992,165.5916488182376,163.60897019557447,164.4477996826172,5213700,0.0,0.0
2023-09-27 00:00:00-04:00,164.24765095629613,164.60987549484997,161.12112259304294,161.6358642578125,5729900,0.0,0.0
2023-09-28 00:00:00-04:00,161.97894980973263,162.21725228250267,160.31083250034237,161.56907653808594,4841600,0.0,0.0
2023-09-29 00:00:00-04:00,162.5318596843153,162.8464207835381,160.17742941772283,161.51193237304688,5194200,0.0,0.0
2023-10-02 00:00:00-04:00,161.1687769535681,161.55959661321467,159.49113229399936,161.2545623779297,3838800,0.0,0.0
2023-10-03 00:00:00-04:00,160.95905973776294,162.0457186812439,159.214683491285,159.85333251953125,4873400,0.0,0.0
2023-10-04 00:00:00-04:00,160.5682308421989,161.21642124285626,159.24326944765423,161.0067138671875,4134000,0.0,0.0
2023-10-05 00:00:00-04:00,160.8732617571778,160.9113837588706,152.38968371468312,152.6089324951172,10556400,0.0,0.0
2023-10-06 00:00:00-04:00,151.35069706145705,153.39056607408116,148.5387302024181,152.7900390625,12770700,0.0,0.0
2023-10-09 00:00:00-04:00,152.51361598216303,153.8671725786249,151.21724966452138,153.8099822998047,7244500,0.0,0.0
2023-10-10 00:00:00-04:00,156.56474221370138,157.45122053056178,154.44861485398457,156.7077178955078,11456400,0.0,0.0
2023-10-11 00:00:00-04:00,157.2891728469399,157.69906069978376,154.038737884022,155.01100158691406,7371500,0.0,0.0
2023-10-12 00:00:00-04:00,154.99197020456822,155.03961907435652,150.0638611204979,150.68345642089844,9024100,0.0,0.0
2023-10-13 00:00:00-04:00,151.19817629200406,152.7423864922428,150.55952729199197,152.51361083984375,6757100,0.0,0.0
2023-10-16 00:00:00-04:00,153.4668322638698,154.372378986274,152.32298300689442,153.5430908203125,5605000,0.0,0.0
2023-10-17 00:00:00-04:00,152.51360417613384,154.06734117302403,151.7129112449685,152.8662872314453,6411300,0.0,0.0
2023-10-18 00:00:00-04:00,153.48588674025203,155.754516774926,153.34289650546515,154.44862365722656,6650600,0.0,0.0
2023-10-19 00:00:00-04:00,154.32470708190255,155.1063463338224,152.90443336267165,153.0474090576172,6336800,0.0,0.0
2023-10-20 00:00:00-04:00,153.81950397831386,154.6392652183713,152.23718631992233,152.51361083984375,5485800,0.0,0.0
2023-10-23 00:00:00-04:00,152.13232227995204,154.03874228574176,151.6175807332838,152.58985900878906,5795800,0.0,0.0
2023-10-24 00:00:00-04:00,152.90442258427495,155.2302573569823,152.20856879837393,154.60113525390625,5265200,0.0,0.0
2023-10-25 00:00:00-04:00,154.4676961767719,155.84984788205008,153.9148325856943,154.753662109375,4534600,0.0,0.0
2023-10-26 00:00:00-04:00,155.06820177224813,155.71639216044684,153.75278181222785,153.85763549804688,5147000,0.0,0.0
2023-10-27 00:00:00-04:00,154.4390952769436,154.55347582778546,151.45554318728264,152.15138244628906,5078000,0.0,0.0
2023-10-30 00:00:00-04:00,153.75279358993453,154.97290136665572,153.21899825572302,154.6869354248047,4625900,0.0,0.0
2023-10-31 00:00:00-04:00,155.32557565501423,155.70686840416266,154.0959410829846,155.64013671875,5947400,0.0,0.0
2023-11-01 00:00:00-04:00,156.01188208717068,157.68952648471705,155.14445747899444,157.15573120117188,6682500,0.0,0.0
2023-11-02 00:00:00-04:00,157.0318120338774,159.33857836213224,156.96508035601445,159.02401733398438,5413400,0.0,0.0
2023-11-03 00:00:00-04:00,160.787482757747,160.91140473285532,158.89060384862435,158.9859161376953,4063000,0.0,0.0
2023-11-06 00:00:00-05:00,157.71814478715098,159.6626869327554,157.47984226934088,158.90011596679688,5784600,0.0,0.0
2023-11-07 00:00:00-05:00,158.9954408247313,159.8628654695876,158.3472504209951,159.35765075683594,4687200,0.0,0.0
2023-11-08 00:00:00-05:00,160.30133349119257,160.46337745545318,158.86199154170282,159.55783081054688,4926600,0.0,0.0
2023-11-09 00:00:00-05:00,159.73894781085116,160.0058454711,158.05176188762468,158.38539123535156,5639300,0.0,0.0
2023-11-10 00:00:00-05:00,159.48156883722572,159.92957871784802,157.146207157388,159.1098175048828,5552900,0.0,0.0
2023-11-13 00:00:00-05:00,159.1860833699031,160.8827961488221,158.67135632639693,159.92005920410156,5402300,0.0,0.0
2023-11-14 00:00:00-05:00,160.09162352763232,160.55870168400924,159.08122321102562,160.244140625,6238900,0.0,0.0
2023-11-15 00:00:00-05:00,160.8065290752804,160.89231448718004,158.49023568500473,159.42437744140625,5611200,0.0,0.0
2023-11-16 00:00:00-05:00,160.51104513697973,162.04571395089621,158.61415183753283,159.8628692626953,5386400,0.0,0.0
2023-11-17 00:00:00-05:00,160.18695504261188,160.37759414749107,158.0136372483602,158.95730590820312,5583100,0.0,0.0
2023-11-20 00:00:00-05:00,158.23287282983546,158.96684866190017,157.96597517178128,158.72854614257812,4886200,0.0,0.0
2023-11-21 00:00:00-05:00,159.2909216970379,160.00582918813018,158.15659948399863,159.94863891601562,3980000,0.0,0.0
2023-11-22 00:00:00-05:00,160.4729274368829,161.63584493177402,160.42526402253517,161.30221557617188,3235600,0.0,0.0
2023-11-24 00:00:00-05:00,161.04481349005715,162.0647550886036,161.04481349005715,161.44515991210938,1751700,0.0,0.0
2023-11-27 00:00:00-05:00,161.75972525760437,161.75972525760437,160.22505665961685,160.44430541992188,3664700,0.0,0.0
2023-11-28 00:00:00-05:00,160.50152388610428,161.81694395487625,160.1583676627655,160.9590606689453,4056100,0.0,0.0
2023-11-29 00:00:00-05:00,161.18783775546495,161.2068914856621,158.8524613162464,159.33860778808594,4722400,0.0,0.0
2023-11-30 00:00:00-05:00,159.5450950372219,161.7061718087271,158.30608413675108,161.63893127441406,7346700,1.265,0.0
2023-12-01 00:00:00-05:00,161.7157721470522,162.176812412802,160.76490774239053,162.02313232421875,4893900,0.0,0.0
2023-12-04 00:00:00-05:00,161.74460852219275,163.204540261575,161.54291620078152,162.4553680419922,5323300,0.0,0.0
2023-12-05 00:00:00-05:00,162.4649356938355,162.868349569033,161.0818589367236,161.30276489257812,4553800,0.0,0.0
2023-12-06 00:00:00-05:00,161.34118133609542,161.6677551786454,160.14058315893368,160.88975524902344,4726600,0.0,0.0
2023-12-07 00:00:00-05:00,161.36040308860623,161.6485495966982,160.1117779907011,160.8417510986328,4934800,0.0,0.0
2023-12-08 00:00:00-05:00,160.43833150014356,160.5151715432905,158.738295008639,159.132080078125,5114900,0.0,0.0
2023-12-11 00:00:00-05:00,160.8225439488025,161.48527654758317,159.88127899619988,161.18753051757812,6912600,0.0,0.0
2023-12-12 00:00:00-05:00,162.5898139232988,162.5898139232988,161.08187016372875,161.81182861328125,4515800,0.0,0.0
2023-12-13 00:00:00-05:00,161.87906719276427,165.25035667497178,161.47566791354328,165.21192932128906,6082100,0.0,0.0
2023-12-14 00:00:00-05:00,164.86614628918858,165.17350647680428,161.30277888042878,161.60052490234375,7119300,0.0,0.0
2023-12-15 00:00:00-05:00,160.83213001822435,161.8502349347353,159.87165146970614,160.39991760253906,17731300,0.0,0.0
2023-12-18 00:00:00-05:00,161.41803858415568,163.52148915967445,160.79373332778079,162.2344512939453,5439500,0.0,0.0
2023-12-19 00:00:00-05:00,161.3027784197546,162.1576037874764,160.69767221195204,161.3123779296875,4855900,0.0,0.0
2023-12-20 00:00:00-05:00,159.929277904363,160.85134375985024,159.12247944064893,159.14169311523438,5157800,0.0,0.0
2023-12-21 00:00:00-05:00,159.91969812144265,160.49599118417686,158.8535662144034,160.37112426757812,4374000,0.0,0.0
2023-12-22 00:00:00-05:00,160.74569402942717,161.52367932605392,160.2654547445228,161.05303955078125,3030100,0.0,0.0
2023-12-26 00:00:00-05:00,161.0242310740036,162.72428229587663,160.64004549714366,162.18641662597656,2779200,0.0,0.0
2023-12-27 00:00:00-05:00,162.22482358424958,162.79151707532623,161.70617160825682,162.70506286621094,3502500,0.0,0.0
2023-12-28 00:00:00-05:00,162.70506459756567,162.83953101171613,162.03273252681342,162.69546508789062,2911100,0.0,0.0
2023-12-29 00:00:00-05:00,162.6474310222903,163.34859090248423,162.4841514306085,163.12767028808594,3291500,0.0,0.0
2024-01-02 00:00:00-05:00,162.82033317666955,166.1531950256479,162.50337348620803,166.07635498046875,5743100,0.0,0.0
2024-01-03 00:00:00-05:00,168.08376073971294,168.27585353512444,165.87465695312855,166.11477661132812,5588200,0.0,0.0
2024-01-04 00:00:00-05:00,164.82771896969317,166.67183596455175,163.83842726915557,164.69325256347656,6283200,0.0,0.0
2024-01-05 00:00:00-05:00,164.78932334003676,164.78932334003676,160.93779470650617,162.2632598876953,5251100,0.0,0.0
2024-01-08 00:00:00-05:00,162.2632493350949,163.02202094459147,161.15869020402414,162.42652893066406,5735600,0.0,0.0
2024-01-09 00:00:00-05:00,161.1586939319994,161.25474765196304,159.37220319315182,160.56320190429688,6268800,0.0,0.0
2024-01-10 00:00:00-05:00,160.00611466748484,161.32198021843624,159.63152862731368,160.3230743408203,4394900,0.0,0.0
2024-01-11 00:00:00-05:00,160.5343785621072,160.5343785621072,158.30607602619227,159.56430053710938,4800700,0.0,0.0
2024-01-12 00:00:00-05:00,159.766018456117,160.7649244801678,159.02646043232446,160.65927124023438,3546100,0.0,0.0
2024-01-16 00:00:00-05:00,160.65925445693213,160.89937409935652,158.66145727327222,159.60272216796875,4576600,0.0,0.0
2024-01-17 00:00:00-05:00,159.42983289044003,160.14057760700564,158.90156677965547,159.86204528808594,4392300,0.0,0.0
2024-01-18 00:00:00-05:00,158.9303912550951,160.66885513396088,158.46936564189764,160.56320190429688,4709400,0.0,0.0
2024-01-19 00:00:00-05:00,160.5343855802394,160.63043929832472,159.02644186532984,159.22813415527344,6506700,0.0,0.0
2024-01-22 00:00:00-05:00,159.40103793194245,160.12139689562383,158.49818568587662,158.58462524414062,5697400,0.0,0.0
2024-01-23 00:00:00-05:00,158.0563573088552,161.29316552636644,157.86426451849894,161.01463317871094,4932700,0.0,0.0
2024-01-24 00:00:00-05:00,161.01463729489225,161.11069102039613,158.97842728472943,159.05526733398438,4984700,0.0,0.0
2024-01-25 00:00:00-05:00,159.2569664346604,160.01575279359065,158.4213546789381,159.97732543945312,5373800,0.0,0.0
2024-01-26 00:00:00-05:00,160.0157391409186,161.389216491448,160.0157391409186,161.22593688964844,4849000,0.0,0.0
2024-01-29 00:00:00-05:00,160.90897878267276,162.03273698666226,160.7745123648212,161.5044708251953,5713600,0.0,0.0
2024-01-30 00:00:00-05:00,161.04345142358102,162.993221885642,160.70729269383244,162.9163818359375,4804200,0.0,0.0
2024-01-31 00:00:00-05:00,163.24293772231593,163.6463369470056,161.24514061737233,161.86944580078125,5769200,0.0,0.0
2024-02-01 00:00:00-05:00,161.86945397056596,165.01022303185246,160.56320251508745,164.91416931152344,4920800,0.0,0.0
2024-02-02 00:00:00-05:00,164.4723459976746,165.1638917001475,163.37740107804902,164.2130126953125,5307700,0.0,0.0
2024-02-05 00:00:00-05:00,163.80962090970118,164.79891265144846,162.3689030734782,164.1649932861328,5142700,0.0,0.0
2024-02-06 00:00:00-05:00,164.67406160012467,165.03904817693694,163.22374411479038,164.64524841308594,5182700,0.0,0.0
2024-02-07 00:00:00-05:00,165.8074111611221,166.06672980870755,164.6068130142814,164.69325256347656,5769700,0.0,0.0
2024-02-08 00:00:00-05:00,164.93339333499782,167.21933718944499,164.6356473013327,166.97921752929688,9269700,0.0,0.0
2024-02-09 00:00:00-05:00,164.4339144078403,164.6164076656931,160.3710945024289,161.04342651367188,12731700,0.0,0.0
2024-02-12 00:00:00-05:00,161.22594749465912,164.30909042344294,160.59202806545255,163.8672637939453,7867500,0.0,0.0
2024-02-13 00:00:00-05:00,164.45314380346178,164.67404977347408,160.63044315487073,162.20562744140625,7302000,0.0,0.0
2024-02-14 00:00:00-05:00,161.68695306384504,161.9750995554917,159.49706317651336,160.8993682861328,5731900,0.0,0.0
2024-02-15 00:00:00-05:00,161.31237644547053,161.71577569504714,160.0925645311559,161.22593688964844,4451400,0.0,0.0
2024-02-16 00:00:00-05:00,160.60162095714495,160.7937137314078,159.13207532747293,159.74679565429688,5245300,0.0,0.0
2024-02-20 00:00:00-05:00,161.11068630213035,162.8203370446967,160.58242013881144,161.98471069335938,6117900,0.0,0.0
2024-02-21 00:00:00-05:00,163.23332404247384,163.45423000184965,161.2259274223116,162.1575927734375,4195400,0.0,0.0
2024-02-22 00:00:00-05:00,161.01463236847414,162.15760425059196,159.5355017688596,161.60052490234375,7539200,0.0,0.0
2024-02-23 00:00:00-05:00,161.30277308000151,163.52147622750925,161.16830666669014,162.8971710205078,6409800,0.0,0.0
2024-02-26 00:00:00-05:00,162.7242813652223,162.7242813652223,161.08187117943788,161.61012268066406,3837000,0.0,0.0
2024-02-27 00:00:00-05:00,161.18752465776706,161.57171023301836,160.73609854618965,161.5140838623047,3567600,0.0,0.0
2024-02-28 00:00:00-05:00,161.47565962520574,161.840646187751,159.87166210120293,160.42874145507812,5275300,0.0,0.0
2024-02-29 00:00:00-05:00,160.85941348602893,161.3142697710077,159.6012598250655,160.0174102783203,8489400,1.265,0.0
2024-03-01 00:00:00-05:00,159.55287731796693,159.68836988959418,157.99470536046212,159.29156494140625,6109200,0.0,0.0
2024-03-04 00:00:00-05:00,159.15608109780493,160.31744817081048,158.3334528562351,160.0464630126953,4303700,0.0,0.0
2024-03-05 00:00:00-05:00,159.90127676311494,160.17226188580523,156.6010471582875,156.82363891601562,6631300,0.0,0.0
2024-03-06 00:00:00-05:00,156.843004453653,158.71088207698787,156.82364415350526,157.75274658203125,5302500,0.0,0.0
2024-03-07 00:00:00-05:00,158.54635752120214,158.62376918715466,157.26884351925244,157.8592071533203,5801600,0.0,0.0
2024-03-08 00:00:00-05:00,157.09465153152203,158.91412110731457,156.87204498818036,157.8011474609375,6063100,0.0,0.0
2024-03-11 00:00:00-04:00,158.64312541549975,160.09483777995445,158.0527617965849,159.4270477294922,5404800,0.0,0.0
2024-03-12 00:00:00-04:00,159.82387023799436,160.09485539443457,158.68186347407968,159.24317932128906,6158500,0.0,0.0
2024-03-13 00:00:00-04:00,159.7851552839289,160.79166941218875,159.43674370730383,159.9787139892578,4585800,0.0,0.0
2024-03-14 00:00:00-04:00,160.90780074055212,160.90780074055212,158.9141180289206,159.47544860839844,5155300,0.0,0.0
2024-03-15 00:00:00-04:00,159.7464313674686,160.05613710363434,158.37214539029335,159.35931396484375,21881200,0.0,0.0
2024-03-18 00:00:00-04:00,161.67237682415356,166.63722327999076,161.57559008870356,165.74684143066406,10478500,0.0,0.0
2024-03-19 00:00:00-04:00,165.59199215635923,167.09208308154862,165.49520542743926,166.2694549560547,7653700,0.0,0.0
2024-03-20 00:00:00-04:00,166.7533679089276,167.52761747860382,165.61134647094917,166.32752990722656,5046700,0.0,0.0
2024-03-21 00:00:00-04:00,166.38559186381147,167.8373042326684,165.54360341550066,166.89852905273438,4343000,0.0,0.0
2024-03-22 00:00:00-04:00,167.45018433002284,167.52761076064382,166.23073650721915,166.4823760986328,4106400,0.0,0.0
2024-03-25 00:00:00-04:00,166.65656903145413,167.51791773846648,166.56946983770237,167.043701171875,3941900,0.0,0.0
2024-03-26 00:00:00-04:00,166.62753964671825,167.40178917707755,166.28881562989832,167.1695098876953,4593000,0.0,0.0
2024-03-27 00:00:00-04:00,168.39863336393825,169.06642341078074,167.479218491617,167.98248291015625,4911300,0.0,0.0
2024-03-28 00:00:00-04:00,169.13416183285074,170.15036343312056,168.7567172119027,169.37611389160156,5710400,0.0,0.0
2024-04-01 00:00:00-04:00,169.9180876327589,170.55682980211412,167.09207477860232,167.4114532470703,4815400,0.0,0.0
2024-04-02 00:00:00-04:00,167.37276342036185,168.27281801680456,165.84362459221563,165.92105102539062,5158500,0.0,0.0
2024-04-03 00:00:00-04:00,164.52740287269557,165.41778469260268,163.26924919132915,164.2176971435547,5828000,0.0,0.0
2024-04-04 00:00:00-04:00,165.4178109962004,166.25012681613816,163.87899917474303,164.18869018554688,5422600,0.0,0.0
2024-04-05 00:00:00-04:00,163.9467237241658,164.49838155575668,162.65955165228647,163.69509887695312,4412200,0.0,0.0
2024-04-08 00:00:00-04:00,163.70476067389802,164.57579696526508,163.30797051211002,164.1209259033203,3755700,0.0,0.0
2024-04-09 00:00:00-04:00,164.74999547066136,165.2242268329683,163.29828308501618,165.11776733398438,3774300,0.0,0.0
2024-04-10 00:00:00-04:00,164.11123578991882,164.16930191635575,162.36917815890868,163.5111846923828,4581500,0.0,0.0
2024-04-11 00:00:00-04:00,164.1596339086196,164.4015859759381,162.36919747101217,162.94020080566406,4241500,0.0,0.0
2024-04-12 00:00:00-04:00,162.2917631997753,163.08535826311194,161.93367888306327,162.68856811523438,5453500,0.0,0.0
2024-04-15 00:00:00-04:00,163.76284824092167,163.89834081163934,160.68521018093045,161.57559204101562,5133200,0.0,0.0
2024-04-16 00:00:00-04:00,161.65300858604041,163.08536064135774,161.51751602361284,162.10787963867188,4569700,0.0,0.0
2024-04-17 00:00:00-04:00,163.6466947744414,164.2370584024289,162.79503354949543,164.02413940429688,4069200,0.0,0.0
2024-04-18 00:00:00-04:00,164.62417747757155,167.12110958881402,164.62417747757155,166.7243194580078,5574700,0.0,0.0
2024-04-19 00:00:00-04:00,166.7340086210923,168.65995240681465,166.26946478349853,168.5244598388672,6636400,0.0,0.0
2024-04-22 00:00:00-04:00,168.79543960651486,171.4956181131582,168.4276677476757,170.77944946289062,7288700,0.0,0.0
2024-04-23 00:00:00-04:00,169.07609846066197,169.25031162494798,164.66289519984227,165.7081298828125,9145000,0.0,0.0
2024-04-24 00:00:00-04:00,163.07569261449166,172.35697032945873,162.25304968240053,171.69886779785156,10016700,0.0,0.0
2024-04-25 00:00:00-04:00,172.54085446118472,174.81520976669233,170.1600544245421,170.9923553466797,7441500,0.0,0.0
2024-04-26 00:00:00-04:00,168.8244792991251,172.82153223472034,168.72769256376358,169.9277801513672,4472100,0.0,0.0
2024-04-29 00:00:00-04:00,169.850345141959,170.64395498262843,169.38580132435683,170.46974182128906,3224500,0.0,0.0
2024-04-30 00:00:00-04:00,170.59555815446993,170.78911684390997,169.21158472818996,170.2471466064453,4465100,0.0,0.0
2024-05-01 00:00:00-04:00,169.81164490580403,170.55684663820932,168.06958707291608,169.51161193847656,4340500,0.0,0.0
2024-05-02 00:00:00-04:00,169.92777597611982,170.64395940448358,168.9309346502355,169.8019561767578,3964800,0.0,0.0
2024-05-03 00:00:00-04:00,170.14069186945883,170.8084819191434,169.36644232246834,170.4794158935547,3491900,0.0,0.0
2024-05-06 00:00:00-04:00,171.06979210680774,171.06979210680774,169.49227459841498,170.16006469726562,3576200,0.0,0.0
2024-05-07 00:00:00-04:00,171.30206178789427,172.4150353783534,170.82783042480727,172.2892303466797,3708000,0.0,0.0
2024-05-08 00:00:00-04:00,172.95702149557476,173.12154712847655,171.4859487981946,171.69886779785156,3400900,0.0,0.0
2024-05-09 00:00:00-04:00,171.553692308386,172.68602623649562,171.38916667106227,172.32794189453125,2421400,0.0,0.0
2024-05-10 00:00:00-04:00,172.22147936248925,174.36034214524022,171.89242809362983,174.0022430419922,4201600,0.0,0.0
2024-05-13 00:00:00-04:00,174.69906293929813,175.5120330975379,174.0603207138282,175.07650756835938,4408100,0.0,0.0
2024-05-14 00:00:00-04:00,175.2217029168691,175.44429470015385,172.8505754372998,174.07968139648438,3508600,0.0,0.0
2024-05-15 00:00:00-04:00,173.46995758861448,174.5926039452334,173.23767829021983,173.68287658691406,4785100,0.0,0.0
2024-05-16 00:00:00-04:00,173.84737913227573,177.5056926825797,173.6828535222714,177.21534729003906,5984700,0.0,0.0
2024-05-17 00:00:00-04:00,176.71209906981642,177.070198152613,175.97657014009357,176.32498168945312,4449100,0.0,0.0
2024-05-20 00:00:00-04:00,176.22820597805682,176.26692657906278,174.11839101828633,174.50550842285156,3221100,0.0,0.0
2024-05-21 00:00:00-04:00,175.65719485013346,175.7346212811304,174.0119238022987,175.25071716308594,3288100,0.0,0.0
2024-05-22 00:00:00-04:00,174.64099030073962,176.2669157890654,174.18611925604964,176.2281951904297,4047000,0.0,0.0
2024-05-23 00:00:00-04:00,175.49266016173254,176.03463038314828,173.2763711456663,173.4989776611328,4009000,0.0,0.0
2024-05-24 00:00:00-04:00,173.595773569036,173.64416693853482,172.14406108956902,172.2602081298828,3447400,0.0,0.0
2024-05-28 00:00:00-04:00,170.55685940690395,170.60525277735923,166.36624752791028,167.79861450195312,6178100,0.0,0.0
2024-05-29 00:00:00-04:00,166.8791589008023,167.6050150423782,165.22421516785465,165.64036560058594,5352100,0.0,0.0
2024-05-30 00:00:00-04:00,165.8339619003551,166.18237348701754,164.91453218028542,164.99195861816406,3903900,0.0,0.0
2024-05-31 00:00:00-04:00,164.42094780881823,167.40179907807644,164.06286347147548,167.33404541015625,8155600,0.0,0.0
2024-06-03 00:00:00-04:00,167.1598589680276,167.33405738214424,165.52426049787644,165.7178192138672,5032400,0.0,0.0
2024-06-04 00:00:00-04:00,165.69847130595315,168.7760947185945,165.32102664652385,168.2921905517578,4619100,0.0,0.0
2024-06-05 00:00:00-04:00,168.24379913340758,168.36961894387142,166.42432948695,167.9050750732422,5370700,0.0,0.0
2024-06-06 00:00:00-04:00,168.39863921905305,168.78575662056969,167.12112521240005,167.6243896484375,5536700,0.0,0.0
2024-06-07 00:00:00-04:00,167.28788110062763,168.27306967772302,166.55630144566862,166.83917236328125,3521100,1.355,0.0
2024-06-10 00:00:00-04:00,165.9320001801821,166.18560907090196,161.55227183012892,161.8253936767578,9432600,0.0,0.0
2024-06-11 00:00:00-04:00,160.82069305468116,161.39621362663777,159.494094842823,161.0157928466797,8284500,0.0,0.0
2024-06-12 00:00:00-04:00,160.83047363325454,161.2694184426676,158.45039881098253,159.80625915527344,6281100,0.0,0.0
2024-06-13 00:00:00-04:00,158.09921276665597,159.54285884747125,157.57246717882947,159.31851196289062,5432600,0.0,0.0
2024-06-14 00:00:00-04:00,159.123451444034,160.3524998638651,158.53818178657596,159.7867431640625,3603300,0.0,0.0
2024-06-17 00:00:00-04:00,159.47460069404102,162.32288209580142,158.7917811732971,162.05950927734375,5412200,0.0,0.0
2024-06-18 00:00:00-04:00,162.02050217956184,162.96667965769612,161.19137267512664,162.3911590576172,3519500,0.0,0.0
2024-06-20 00:00:00-04:00,161.65957816201086,163.5226711099653,161.65957816201086,162.58624267578125,4942400,0.0,0.0
2024-06-21 00:00:00-04:00,163.1032357677643,164.91755372660208,162.3618922655141,163.1715087890625,10899100,0.0,0.0
2024-06-24 00:00:00-04:00,163.38611708033858,165.4442950311594,162.98618331113997,163.95187377929688,4476900,0.0,0.0
2024-06-25 00:00:00-04:00,163.95185847473888,164.81024992186045,163.14224197511726,163.2397918701172,4220900,0.0,0.0
2024-06-26 00:00:00-04:00,161.81564592419574,162.90813331937593,160.80119546924618,162.644775390625,4778300,0.0,0.0
2024-06-27 00:00:00-04:00,162.5374668772477,163.14223452335557,161.21086873957427,162.17654418945312,4326500,0.0,0.0
2024-06-28 00:00:00-04:00,161.24014941418804,162.13755195189444,160.57684282647662,160.8792266845703,8755900,0.0,0.0
2024-07-01 00:00:00-04:00,160.98651682178183,161.9814692069418,158.58694416136748,158.8893280029297,4508000,0.0,0.0
2024-07-02 00:00:00-04:00,159.48434099204889,160.43051839538418,158.3333296509332,159.5623779296875,4650800,0.0,0.0
2024-07-03 00:00:00-04:00,158.91859345569,160.09888173951572,157.98217991846238,158.60646057128906,2879600,0.0,0.0
2024-07-05 00:00:00-04:00,158.64545912357994,160.47928990879663,158.4796362161543,160.35247802734375,4208200,0.0,0.0
2024-07-08 00:00:00-04:00,159.055160126735,159.72821575318486,157.9431597086082,158.13824462890625,5268800,0.0,0.0
2024-07-09 00:00:00-04:00,158.20653080228277,158.5674386450776,157.53347518321385,157.92364501953125,5801200,0.0,0.0
2024-07-10 00:00:00-04:00,157.86512443694195,159.7477304036346,156.71411297616578,159.5721435546875,7372300,0.0,0.0
2024-07-11 00:00:00-04:00,155.19242168846975,160.84020952733567,154.14869433775007,159.9232940673828,10258600,0.0,0.0
2024-07-12 00:00:00-04:00,160.90851773581528,163.90310947080386,160.90851773581528,162.29364013671875,6677000,0.0,0.0
2024-07-15 00:00:00-04:00,161.93269913592346,162.2155849139225,159.63066141866472,159.83551025390625,4551800,0.0,0.0
2024-07-16 00:00:00-04:00,159.39655987284848,160.9865160130797,158.8405522567501,160.71339416503906,4461700,0.0,0.0
2024-07-17 00:00:00-04:00,161.96195939812532,165.89299406689665,161.81564943453415,165.7174072265625,7671000,0.0,0.0
2024-07-18 00:00:00-04:00,164.5664049077177,168.4291370000277,164.2542571227903,166.1856231689453,6228600,0.0,0.0
2024-07-19 00:00:00-04:00,166.0978266932734,166.30267552469454,164.3322836878837,165.20042419433594,5332800,0.0,0.0
2024-07-22 00:00:00-04:00,165.10288482525124,165.54184450857107,163.2398066874446,163.5421905517578,5308400,0.0,0.0
2024-07-23 00:00:00-04:00,163.66896829770292,164.22497589297066,162.09851028829377,162.19606018066406,3344300,0.0,0.0
2024-07-24 00:00:00-04:00,162.19607754815087,164.52737733880085,160.89874123763494,164.03965759277344,5867000,0.0,0.0
2024-07-25 00:00:00-04:00,165.32725034924547,169.22900844685586,164.71271868598353,166.81967163085938,6270900,0.0,0.0
2024-07-26 00:00:00-04:00,166.53677969665014,168.5169206674948,166.53677969665014,168.50717163085938,5746300,0.0,0.0
2024-07-29 00:00:00-04:00,168.05845420125132,169.22899343391222,166.65383391330255,168.95587158203125,4152700,0.0,0.0
2024-07-30 00:00:00-04:00,168.44863418045148,169.18996277418174,167.336633847844,168.9265899658203,4994600,0.0,0.0
2024-07-31 00:00:00-04:00,169.64843756948648,170.3995301587236,168.02920441285477,168.42913818359375,6245600,0.0,0.0
2024-08-01 00:00:00-04:00,168.29256204154575,171.24814229517418,168.26330004965035,170.6628875732422,5994500,0.0,0.0
2024-08-02 00:00:00-04:00,174.44759087930476,175.5303292841107,169.57039353946269,173.667236328125,6856100,0.0,0.0
2024-08-05 00:00:00-04:00,175.11089122276195,176.4667514396045,168.90709583199492,169.76547241210938,7502300,0.0,0.0
2024-08-06 00:00:00-04:00,169.0241459107584,171.8821912255167,168.12674340705973,168.25355529785156,7287100,0.0,0.0
2024-08-07 00:00:00-04:00,167.40491682253034,170.10688831782574,167.12204592563393,167.57073974609375,5428900,0.0,0.0
2024-08-08 00:00:00-04:00,166.02955201019574,168.75102147225144,165.63936730759085,168.13648986816406,5112500,0.0,0.0
2024-08-09 00:00:00-04:00,167.86337104814567,168.5364266487657,166.2051269632124,168.156005859375,3223000,0.0,0.0
2024-08-12 00:00:00-04:00,168.00970640899786,168.6242231786057,166.51728515076704,167.2098388671875,3802300,0.0,0.0
2024-08-13 00:00:00-04:00,167.40491029530747,168.18526481649272,166.03930104625167,168.13648986816406,3894700,0.0,0.0
2024-08-14 00:00:00-04:00,167.99992719823004,170.05810497051576,167.70729239532213,169.44358825683594,3555800,0.0,0.0
2024-08-15 00:00:00-04:00,169.44359700686826,170.01910272242407,167.6097660390361,168.28282165527344,4472100,0.0,0.0
2024-08-16 00:00:00-04:00,168.28282081878933,168.53642972166557,166.90744759975178,168.38035583496094,4614600,0.0,0.0
2024-08-19 00:00:00-04:00,168.41938991289067,169.70696233055713,168.2047920292753,169.5509033203125,3521700,0.0,0.0
2024-08-20 00:00:00-04:00,169.26800966718375,171.70660833683604,168.263308206009,171.53103637695312,5330100,0.0,0.0
2024-08-21 00:00:00-04:00,171.6188354973609,172.47722705769164,170.3312481568648,170.90676879882812,4020700,0.0,0.0
2024-08-22 00:00:00-04:00,171.51152255176265,171.7553824174933,170.40927119577213,171.42373657226562,5265900,0.0,0.0
2024-08-23 00:00:00-04:00,172.29188064221847,172.34064070914738,169.40457322361692,171.550537109375,5283600,0.0,0.0
2024-08-26 00:00:00-04:00,171.98948103044512,172.49669879863922,171.41396047634095,171.6480712890625,4146700,0.0,0.0
2024-08-27 00:00:00-04:00,171.97972583280512,172.53573345970813,170.2336957786139,170.99453735351562,3520600,0.0,0.0
2024-08-28 00:00:00-04:00,171.2383932596443,171.42372913099842,169.09242951117292,169.64842224121094,3915500,0.0,0.0
2024-08-29 00:00:00-04:00,169.4923549119741,169.68745471084947,167.6878008445765,167.86337280273438,4654300,0.0,0.0
2024-08-30 00:00:00-04:00,167.83410469698177,169.29726383110727,167.04400114599787,168.63397216796875,8677300,0.0,0.0
2024-09-03 00:00:00-04:00,168.14626322155098,173.52092942675023,167.6585434789513,173.1795196533203,7032100,0.0,0.0
2024-09-04 00:00:00-04:00,173.53066969909185,175.23768871197677,171.96021161187673,174.1354522705078,6188500,0.0,0.0
2024-09-05 00:00:00-04:00,174.34029362309732,175.31573310046892,173.16002019053184,174.89630126953125,5743100,0.0,0.0
2024-09-06 00:00:00-04:00,174.39995897905558,175.5204269910896,173.96749500996117,174.30166625976562,6395300,1.355,0.0
2024-09-09 00:00:00-04:00,174.01663226630737,175.72681151252678,172.84701795581418,175.13710021972656,4666200,0.0,0.0
2024-09-10 00:00:00-04:00,175.58921567150477,176.0315179003031,174.59652521896209,174.76361083984375,4315800,0.0,0.0
2024-09-11 00:00:00-04:00,174.39994991309328,174.7046363307447,171.44151018619874,172.7683868408203,4036000,0.0,0.0
2024-09-12 00:00:00-04:00,172.76837994470372,174.64565973013262,170.96973132800798,174.21319580078125,4224900,0.0,0.0
2024-09-13 00:00:00-04:00,174.40975875831683,174.9110305628635,173.34826052189968,174.32130432128906,3290400,0.0,0.0
2024-09-16 00:00:00-04:00,175.93321470840095,176.35584037181582,173.32862283596444,174.17388916015625,4940100,0.0,0.0
2024-09-17 00:00:00-04:00,173.96748394837806,175.03880553264798,173.27947994918463,173.83970642089844,6305100,0.0,0.0
2024-09-18 00:00:00-04:00,173.82988520318386,175.00932278679372,171.44151022381354,172.20816040039062,5307900,0.0,0.0
2024-09-19 00:00:00-04:00,172.73889356571144,173.20084230448123,171.1663002000234,171.66757202148438,5504000,0.0,0.0
2024-09-20 00:00:00-04:00,169.6133921256384,170.7928297120863,167.30364831259922,168.2471923828125,12198400,0.0,0.0
2024-09-23 00:00:00-04:00,167.94249429631932,170.959903451061,167.8048935040831,169.1612548828125,5350300,0.0,0.0
2024-09-24 00:00:00-04:00,168.0604487866702,168.65999831028213,166.59597142640854,167.00877380371094,7837900,0.0,0.0
2024-09-25 00:00:00-04:00,167.48056311247257,167.84423417083926,165.86866152138865,166.49769592285156,4505100,0.0,0.0
2024-09-26 00:00:00-04:00,166.32076612290058,168.07026830074517,165.7900095086917,166.78271484375,5673600,0.0,0.0
2024-09-27 00:00:00-04:00,167.04810951488395,168.70914242150099,166.77289291184724,167.08741760253906,7545800,0.0,0.0
2024-09-30 00:00:00-04:00,167.6574692588918,168.797598677538,166.6746021733061,167.1365509033203,5054300,0.0,0.0
2024-10-01 00:00:00-04:00,168.35530192375242,168.99417454841566,166.86135470355464,168.4437713623047,7095900,0.0,0.0
2024-10-02 00:00:00-04:00,168.56171426349817,168.79760777580367,165.63277438984287,166.64512634277344,5786000,0.0,0.0
2024-10-03 00:00:00-04:00,165.25927580954485,166.21265810911467,164.30589350997502,165.64259338378906,5090300,0.0,0.0
2024-10-04 00:00:00-04:00,164.28623535536187,165.61311198444923,163.96190239900582,165.09219360351562,4390100,0.0,0.0
2024-10-07 00:00:00-04:00,164.84648697241292,165.0528806846232,163.60807970706168,164.34523010253906,5459500,0.0,0.0
2024-10-08 00:00:00-04:00,164.84647538533252,167.7262688625088,163.99138578583933,167.50021362304688,8297800,0.0,0.0
2024-10-09 00:00:00-04:00,166.4780290220199,170.3112045939171,166.20282744236377,169.58387756347656,7177500,0.0,0.0
2024-10-10 00:00:00-04:00,169.12194815474578,170.09497698002036,168.28650512544945,170.02618408203125,5292400,0.0,0.0
2024-10-11 00:00:00-04:00,171.01888245713207,172.17865848425683,169.9082377891453,171.81500244140625,4720300,0.0,0.0
2024-10-14 00:00:00-04:00,171.96244827534818,173.25000188054963,171.45135314289163,173.08291625976562,4535900,0.0,0.0
2024-10-15 00:00:00-04:00,173.33844749974045,174.3507994429932,172.1196868605233,172.88632202148438,5802300,0.0,0.0
2024-10-16 00:00:00-04:00,172.01158002747613,172.32610472427612,170.65523351527438,171.49066162109375,4400900,0.0,0.0
2024-10-17 00:00:00-04:00,171.39237381463246,172.46369538000272,170.72401637194793,171.67739868164062,4125900,0.0,0.0
2024-10-18 00:00:00-04:00,169.3480068838131,172.32609304194378,169.1710830045164,172.0607147216797,5097000,0.0,0.0
2024-10-21 00:00:00-04:00,171.47101646460933,174.45892612159864,171.36290047387888,172.01158142089844,6436300,0.0,0.0
2024-10-22 00:00:00-04:00,171.52013864105209,171.95260258081484,170.53727150426852,171.38253784179688,3790500,0.0,0.0
2024-10-23 00:00:00-04:00,170.72402783360434,170.86162864025346,169.51510538966116,169.98687744140625,3800700,0.0,0.0
2024-10-24 00:00:00-04:00,169.95739236507058,170.56676522253102,168.7582931958101,169.21041870117188,4244900,0.0,0.0
2024-10-25 00:00:00-04:00,169.51509818179244,171.01888371814576,168.66000856235772,168.84674072265625,4442600,0.0,0.0
2024-10-28 00:00:00-04:00,170.01634736885242,170.01634736885242,166.82202928238942,166.93014526367188,5186400,0.0,0.0
2024-10-29 00:00:00-04:00,166.30112019315806,166.30112019315806,164.1093306293016,164.6302490234375,5127900,0.0,0.0
2024-10-30 00:00:00-04:00,164.1388088891141,164.76784324544138,163.2345729392288,163.3623504638672,4801500,0.0,0.0
2024-10-31 00:00:00-04:00,163.2542349059523,164.63024287732543,162.9691950421494,163.2345733642578,5582400,0.0,0.0
2024-11-01 00:00:00-04:00,163.2443937572384,163.40165609329657,162.37948090364236,162.75296020507812,6339000,0.0,0.0
2024-11-04 00:00:00-05:00,162.75296196846026,163.79479871075017,162.35982112141718,163.4901123046875,4885500,0.0,0.0
2024-11-05 00:00:00-05:00,163.10678673869475,165.08235914130674,162.8315851597751,164.9742431640625,3678300,0.0,0.0
2024-11-06 00:00:00-05:00,164.50247685180562,164.54179993794347,160.79707834224067,161.8880615234375,7849300,0.0,0.0
2024-11-07 00:00:00-05:00,161.6816496500155,162.07479051952023,160.66929766354608,161.19021606445312,5333500,0.0,0.0
2024-11-08 00:00:00-05:00,161.0329586785886,162.9790465354692,160.8462115107438,162.2812042236328,4618300,0.0,0.0
2024-11-11 00:00:00-05:00,161.5931940779418,163.30337334546945,161.17055339867463,161.4457550048828,3762000,0.0,0.0
2024-11-12 00:00:00-05:00,161.27866675785805,162.17307946213742,160.35476923891997,161.52438354492188,5386600,0.0,0.0
2024-11-13 00:00:00-05:00,160.68895755264325,161.97651113398885,159.58813613410493,161.91754150390625,4145000,0.0,0.0
2024-11-14 00:00:00-05:00,161.91753149236584,164.03068975893424,161.02311883178183,162.32049560546875,5422700,0.0,0.0
2024-11-15 00:00:00-05:00,161.56371416260055,161.56371416260055,155.34216302436846,155.9023895263672,9108900,0.0,0.0
2024-11-18 00:00:00-05:00,156.6788536525891,157.11131759174063,155.05711388077097,155.6173553466797,6992000,0.0,0.0
2024-11-19 00:00:00-05:00,155.04729460269996,155.16523386282964,153.17985299628765,154.03494262695312,8248900,0.0,0.0
2024-11-20 00:00:00-05:00,153.76956574798314,156.38399601956647,153.5238489554816,156.0203399658203,5067300,0.0,0.0
2024-11-21 00:00:00-05:00,155.67632287787615,157.75017310551289,155.24385894455102,157.59291076660156,5977000,0.0,0.0
2024-11-22 00:00:00-05:00,158.1433122244198,159.2834416730042,157.15062184096172,159.22447204589844,5846300,0.0,0.0
2024-11-25 00:00:00-05:00,159.91247549854998,160.78722662492004,159.22447152230868,160.25648498535156,8580400,0.0,0.0
2024-11-26 00:00:00-05:00,160.47272754677036,160.8756916897342,159.1261893214546,159.38174438476562,4653600,0.0,0.0
2024-11-27 00:00:00-05:00,159.16550898630732,162.30085760060476,158.90995392848836,159.93214416503906,3622900,0.0,0.0
2024-11-29 00:00:00-05:00,158.6642319048616,160.78722848238473,158.1924598867549,160.64962768554688,2799300,0.0,0.0
2024-12-02 00:00:00-05:00,160.52186330381673,160.84619625183188,158.9885780172994,160.25648498535156,4967400,0.0,0.0
2024-12-03 00:00:00-05:00,160.05007912931606,160.2564878245262,158.65440961068256,158.9296112060547,4277400,0.0,0.0
2024-12-04 00:00:00-05:00,157.84845579049593,158.2710814274436,156.6788415898475,157.43563842773438,6964600,0.0,0.0
2024-12-05 00:00:00-05:00,158.17280539940242,158.25143657215406,156.10879335478216,157.7403564453125,5229600,0.0,0.0
2024-12-06 00:00:00-05:00,157.95346059591844,159.39074975221502,156.30800522730212,156.40711975097656,8359200,1.355,0.0
2024-12-09 00:00:00-05:00,156.5260923547009,160.08462623669675,155.76283634134134,158.07241821289062,8380400,0.0,0.0
2024-12-10 00:00:00-05:00,157.60652857385878,159.01408191969972,155.9709951764188,158.4391632080078,5329400,0.0,0.0
2024-12-11 00:00:00-05:00,158.80592665719934,159.10328535797845,154.89053234624865,155.3960723876953,7925900,0.0,0.0
2024-12-12 00:00:00-05:00,157.69573778007407,158.00301853208714,156.58555825665613,157.5074005126953,6849500,0.0,0.0
2024-12-13 00:00:00-05:00,156.14940975940004,158.1715397198019,155.68352761779084,156.58555603027344,4353900,0.0,0.0
2024-12-16 00:00:00-05:00,156.46661266736277,157.42811282205452,154.51387648722064,154.65264892578125,6696500,0.0,0.0
2024-12-17 00:00:00-05:00,154.3751028294991,157.11090879311422,153.87948482068802,154.77159118652344,6572600,0.0,0.0
2024-12-18 00:00:00-05:00,153.67131625503023,154.46430808202933,152.75938094775262,153.07656860351562,7620900,0.0,0.0
2024-12-19 00:00:00-05:00,151.74831455869952,152.72964363692302,150.0830453502655,150.14251708984375,9829500,0.0,0.0
2024-12-20 00:00:00-05:00,149.53786475793189,152.14482029874827,149.1909261051398,151.45094299316406,19205200,0.0,0.0
2024-12-23 00:00:00-05:00,151.07429073570714,151.07429073570714,148.39795641287247,149.96409606933594,6822200,0.0,0.0
2024-12-24 00:00:00-05:00,149.18102654775709,151.49060837509856,149.09181893266032,151.4707794189453,3399800,0.0,0.0
2024-12-26 00:00:00-05:00,151.1932267755587,151.83752412939327,150.9057749888639,151.10401916503906,5528500,0.0,0.0
2024-12-27 00:00:00-05:00,149.96409561289255,152.1249980707204,149.93435974134525,151.55007934570312,4287000,0.0,0.0
2024-12-30 00:00:00-05:00,151.32209939229153,151.74832363480198,149.7658515299641,150.3903350830078,5397000,0.0,0.0
2024-12-31 00:00:00-05:00,150.46964002116434,151.80779965459078,149.6171763870664,150.72735595703125,4274800,0.0,0.0
2025-01-02 00:00:00-05:00,151.5401683176053,152.31333120697582,148.5763671583107,148.89356994628906,4970200,0.0,0.0
2025-01-03 00:00:00-05:00,149.6370024037745,149.6370024037745,148.24926284352105,148.33847045898438,5218100,0.0,0.0
2025-01-06 00:00:00-05:00,148.2889159349176,148.63583946990553,144.81958983466944,144.98809814453125,9470600,0.0,0.0
2025-01-07 00:00:00-05:00,145.17644009238762,146.67320109889076,144.06624541945908,144.12571716308594,7473300,0.0,0.0
2025-01-08 00:00:00-05:00,144.1257135699738,145.38458757058527,143.2930789298318,145.25572204589844,6791800,0.0,0.0
2025-01-10 00:00:00-05:00,143.72922549129203,144.29423729290806,140.26980627410015,141.38990783691406,9632700,0.0,0.0
2025-01-13 00:00:00-05:00,141.53859172646395,143.86800254010322,140.89429433123374,143.23361206054688,8101400,0.0,0.0
2025-01-14 00:00:00-05:00,142.9263230579672,143.86799424480085,142.3018395300919,143.67965698242188,6996400,0.0,0.0
2025-01-15 00:00:00-05:00,144.21493842565462,144.91870755144274,142.90649957902494,143.5111541748047,7141600,0.0,0.0
2025-01-16 00:00:00-05:00,142.7875539965445,145.5035310548737,142.43070841861768,145.25572204589844,5068000,0.0,0.0
2025-01-17 00:00:00-05:00,146.42539073163752,147.31749712792657,145.8802078783223,146.95074462890625,7338900,0.0,0.0
2025-01-21 00:00:00-05:00,147.03003478446823,148.4673239310041,146.4749450554663,147.24810791015625,7456200,0.0,0.0
2025-01-22 00:00:00-05:00,146.93091721905287,148.14022642456456,146.494770931811,146.79214477539062,5905100,0.0,0.0
2025-01-23 00:00:00-05:00,147.18863922893897,147.63469240436288,145.3251107070973,147.31748962402344,4759100,0.0,0.0
2025-01-24 00:00:00-05:00,147.5157516458345,148.00144761523111,146.83179637253747,147.8131103515625,4509600,0.0,0.0
2025-01-27 00:00:00-05:00,149.5973414720186,154.10746848295705,149.57751251618407,153.2550048828125,9820600,0.0,0.0
2025-01-28 00:00:00-05:00,152.7990267153941,153.25500194046387,148.80434675741563,148.93321228027344,6349700,0.0,0.0
2025-01-29 00:00:00-05:00,149.8055035914717,150.6678740833767,148.91338210409918,149.05215454101562,4874100,0.0,0.0
2025-01-30 00:00:00-05:00,149.9541793708899,151.73840717806505,149.30988202735543,150.56874084472656,4671300,0.0,0.0
2025-01-31 00:00:00-05:00,149.4387329025451,150.36059024133135,148.95303694587471,149.36935424804688,4906700,0.0,0.0
2025-02-03 00:00:00-05:00,148.44750862952708,149.8055123325857,147.52566634302025,148.9530487060547,7196200,0.0,0.0
2025-02-04 00:00:00-05:00,144.81959437218651,146.45512782066663,141.74675653709193,142.2324676513672,12804900,0.0,0.0
2025-02-05 00:00:00-05:00,142.1333281752771,144.51228850416805,141.44937292132917,144.38343811035156,9248100,0.0,0.0
2025-02-06 00:00:00-05:00,144.9781698684315,145.61256029447387,142.69833920066296,144.07615661621094,5604900,0.0,0.0
2025-02-07 00:00:00-05:00,143.73913623491143,143.8779086789069,142.63886359856818,143.3129119873047,5872300,0.0,0.0
2025-02-10 00:00:00-05:00,143.08493041992188,143.25343873406499,141.75666261274696,143.08493041992188,8715400,0.0,0.0
2025-02-11 00:00:00-05:00,143.1047429315883,144.44291764194182,142.143242758236,144.36361694335938,6354000,0.0,0.0
2025-02-12 00:00:00-05:00,142.77763808277822,143.51115822584268,141.77649508858107,142.72808837890625,6658200,0.0,0.0
2025-02-13 00:00:00-05:00,142.96597331478503,143.66975757544472,142.3415048793365,143.3129119873047,7175300,0.0,0.0
2025-02-14 00:00:00-05:00,143.40211218546108,144.88896620495856,142.07385955805802,142.13333129882812,5001800,0.0,0.0
2025-02-18 00:00:00-05:00,141.6476171368959,142.88666212628462,140.35902244798032,142.8371124267578,8738700,0.0,0.0
2025-02-19 00:00:00-05:00,142.96596504501414,144.65106323178904,142.88666434945213,144.53211975097656,5777300,0.0,0.0
2025-02-20 00:00:00-05:00,143.83826706950128,147.88251205985955,143.7292304965359,147.79330444335938,6789800,0.0,0.0
2025-02-21 00:00:00-05:00,148.67549124907958,153.19552493325347,147.5950325273754,152.15472412109375,10604400,0.0,0.0
2025-02-24 00:00:00-05:00,151.00488718212188,154.95001731486167,150.78681405417905,152.5016632080078,7187000,0.0,0.0
2025-02-25 00:00:00-05:00,153.4334137808056,157.07126321076052,152.65034399585375,155.04913330078125,9474600,0.0,0.0
2025-02-26 00:00:00-05:00,154.20659024892106,154.24623303350057,149.81540694748912,150.18215942382812,9076500,0.0,0.0
2025-02-27 00:00:00-05:00,149.57750377830376,151.35182465783222,148.61600366482986,150.6876983642578,6731000,0.0,0.0
2025-02-28 00:00:00-05:00,152.35298005977444,153.74071962484877,151.01482044799016,152.125,8455500,0.0,0.0
2025-03-03 00:00:00-05:00,150.0235750971919,154.78149581132473,149.1810184446561,154.62290954589844,8321700,0.0,0.0
2025-03-04 00:00:00-05:00,155.96107148965876,158.74644228107823,152.6107040328389,152.83868408203125,10274200,0.0,0.0
2025-03-05 00:00:00-05:00,151.58971627507535,153.97859869747612,151.39147209739994,152.53140258789062,5578700,0.0,0.0
2025-03-06 00:00:00-05:00,152.81885860482296,153.6118504625256,151.1932321028103,153.2550048828125,8421000,0.0,0.0
2025-03-07 00:00:00-05:00,153.25,157.58999633789062,152.77000427246094,154.44000244140625,8997700,1.355,0.0
2025-03-10 00:00:00-04:00,155.8800048828125,160.0800018310547,155.3699951171875,156.25,11156900,0.0,0.0
2025-03-11 00:00:00-04:00,155.7899932861328,156.0500030517578,151.80999755859375,152.3300018310547,7981600,0.0,0.0
2025-03-12 00:00:00-04:00,147.5399932861328,149.52999877929688,146.50999450683594,148.1699981689453,8330200,0.0,0.0
2025-03-13 00:00:00-04:00,148.3699951171875,150.47999572753906,148.05999755859375,148.33999633789062,5351100,0.0,0.0
2025-03-14 00:00:00-04:00,147.1300048828125,149.16000366210938,147.0800018310547,148.58999633789062,5277500,0.0,0.0
2025-03-17 00:00:00-04:00,149.22999572753906,151.6699981689453,149.1300048828125,151.33999633789062,5449500,0.0,0.0
2025-03-18 00:00:00-04:00,150.0,151.3000030517578,148.75,148.99000549316406,8158600,0.0,0.0
2025-03-19 00:00:00-04:00,148.16000366210938,148.8800048828125,146.7899932861328,148.11000061035156,6080100,0.0,0.0
2025-03-20 00:00:00-04:00,147.55999755859375,148.07000732421875,146.63999938964844,147.14999389648438,4536400,0.0,0.0
2025-03-21 00:00:00-04:00,147.0,147.6999969482422,144.75,145.4499969482422,11574800,0.0,0.0
2025-03-24 00:00:00-04:00,145.49000549316406,146.72000122070312,144.8300018310547,146.4499969482422,5968900,0.0,0.0
2025-03-25 00:00:00-04:00,146.14999389648438,146.3000030517578,144.8300018310547,145.5399932861328,4763300,0.0,0.0
2025-03-26 00:00:00-04:00,146.0,149.3300018310547,145.75,148.63999938964844,5882200,0.0,0.0
2025-03-27 00:00:00-04:00,149.58999633789062,150.41000366210938,149.08999633789062,149.6699981689453,5397500,0.0,0.0
2025-03-28 00:00:00-04:00,150.44000244140625,151.3800048828125,147.11000061035156,149.27000427246094,8550900,0.0,0.0
2025-03-31 00:00:00-04:00,150.1999969482422,152.58999633789062,149.75,149.94000244140625,9985700,0.0,0.0
2025-04-01 00:00:00-04:00,150.49000549316406,150.7899932861328,148.6699981689453,149.6699981689453,6072800,0.0,0.0
2025-04-02 00:00:00-04:00,150.22999572753906,150.5,148.07000732421875,149.1199951171875,5866200,0.0,0.0
2025-04-03 00:00:00-04:00,151.69000244140625,154.0500030517578,150.86000061035156,151.3699951171875,8216200,0.0,0.0
2025-04-04 00:00:00-04:00,152.99000549316406,154.9199981689453,146.44000244140625,146.61000061035156,12911400,0.0,0.0
2025-04-07 00:00:00-04:00,141.32000732421875,146.10000610351562,140.6699981689453,143.19000244140625,14423200,0.0,0.0
2025-04-08 00:00:00-04:00,143.9499969482422,145.39999389648438,139.14999389648438,140.3000030517578,9488900,0.0,0.0
2025-04-09 00:00:00-04:00,140.25,145.9499969482422,138.3300018310547,145.58999633789062,14067000,0.0,0.0
2025-04-10 00:00:00-04:00,145.4199981689453,147.13999938964844,142.9199981689453,144.13999938964844,10980300,0.0,0.0
2025-04-11 00:00:00-04:00,145.14999389648438,145.2899932861328,142.1199951171875,144.42999267578125,8563300,0.0,0.0
2025-04-14 00:00:00-04:00,144.16000366210938,147.17999267578125,143.5,146.75,5393800,0.0,0.0
2025-04-15 00:00:00-04:00,145.83999633789062,145.97999572753906,142.6300048828125,142.83999633789062,5459600,0.0,0.0
2025-04-16 00:00:00-04:00,144.11000061035156,144.39999389648438,139.77000427246094,140.08999633789062,7878600,0.0,0.0
2025-04-17 00:00:00-04:00,140.33999633789062,143.57000732421875,140.07000732421875,142.83999633789062,6052200,0.0,0.0
2025-04-21 00:00:00-04:00,142.5,142.8300018310547,140.57000732421875,141.72999572753906,7412800,0.0,0.0
2025-04-22 00:00:00-04:00,142.27999877929688,144.27999877929688,141.9499969482422,143.4600067138672,7144700,0.0,0.0
2025-04-23 00:00:00-04:00,143.27000427246094,144.00999450683594,140.85000610351562,142.25999450683594,7760000,0.0,0.0
2025-04-24 00:00:00-04:00,141.4499969482422,141.85000610351562,134.52999877929688,135.30999755859375,15559700,0.0,0.0
