Date,Open,High,Low,Close,Volume,Dividends,Stock Splits
2020-04-27 00:00:00-04:00,28.612050023811047,29.335150687987216,28.59682456469198,29.17530632019043,23394057,0.0,0.0
2020-04-28 00:00:00-04:00,29.72334792138435,29.85274445155009,28.452210100593195,28.85562515258789,35666728,0.0,0.0
2020-04-29 00:00:00-04:00,29.27425587620713,29.34275972581834,28.703385362124436,29.01546287536621,26518535,0.0,0.0
2020-04-30 00:00:00-04:00,28.924122636648015,29.31231520189568,28.436978365271937,29.19814109802246,29450973,0.0,0.0
2020-05-01 00:00:00-04:00,28.809956554105057,28.878460423423263,28.459822946128043,28.65011215209961,22679867,0.0,0.0
2020-05-04 00:00:00-04:00,28.61966032769308,28.86323402769143,28.47504140807577,28.634885787963867,19893512,0.0,0.0
2020-05-05 00:00:00-04:00,29.54066511546362,29.57872111202317,29.129638929864104,29.31231689453125,24123952,0.0,0.0
2020-05-06 00:00:00-04:00,29.66245042524172,29.692898282883128,29.31231689453125,29.31231689453125,24047432,0.0,0.0
2020-05-07 00:00:00-04:00,29.527565037352975,29.58906763579273,28.359071303080245,28.412883758544922,33546080,0.360531,0.0
2020-05-08 00:00:00-04:00,28.635822885427483,28.735760752137914,28.47438550633226,28.61275863647461,19893618,0.0,0.0
2020-05-11 00:00:00-04:00,28.635821691287145,29.373818900023192,28.566635129101115,29.289255142211914,25620421,0.0,0.0
2020-05-12 00:00:00-04:00,29.30463656911886,29.396884301721972,28.70501239817544,28.720386505126953,19335314,0.0,0.0
2020-05-13 00:00:00-04:00,28.681944724056823,28.76650538398039,28.12844609056194,28.48206901550293,24596882,0.0,0.0
2020-05-14 00:00:00-04:00,28.289886471803932,29.181630931152206,28.27451236670146,29.150882720947266,22362507,0.0,0.0
2020-05-15 00:00:00-04:00,29.181628844130742,29.34306620884195,28.743445243792834,29.027881622314453,25460002,0.0,0.0
2020-05-18 00:00:00-04:00,29.473750400494804,29.565998099866142,28.92793889140162,29.26618766784668,22635177,0.0,0.0
2020-05-19 00:00:00-04:00,29.097069050060853,29.227755119775022,28.68194659333178,28.96638298034668,19476234,0.0,0.0
2020-05-20 00:00:00-04:00,29.173942214532183,29.366130880925372,28.866444675553968,28.92794418334961,17504200,0.0,0.0
2020-05-21 00:00:00-04:00,28.88181989944122,28.943319409621015,28.48207153782575,28.643508911132812,17652181,0.0,0.0
2020-05-22 00:00:00-04:00,28.528196253148334,28.85107099195282,28.412884287988668,28.828006744384766,15781226,0.0,0.0
2020-05-26 00:00:00-04:00,28.943319148645063,29.11244357283794,28.789568829135106,28.82032012939453,23260094,0.0,0.0
2020-05-27 00:00:00-04:00,28.758817672729492,28.85875552471458,28.42056885900555,28.758817672729492,25904158,0.0,0.0
2020-05-28 00:00:00-04:00,29.089379757532097,29.550627583018073,28.997128956077585,29.350751876831055,22521767,0.0,0.0
2020-05-29 00:00:00-04:00,29.419941811125327,29.542940820338867,28.889504333913603,29.358442306518555,48333067,0.0,0.0
2020-06-01 00:00:00-04:00,27.290511925514416,27.467323393407227,26.83695113238702,27.259763717651367,76884979,0.0,0.0
2020-06-02 00:00:00-04:00,27.3135731329793,27.79788208007812,27.09832333831623,27.797882080078125,42690900,0.0,0.0
2020-06-03 00:00:00-04:00,27.897819926299277,27.990070721410046,27.321260184089684,27.797882080078125,38751996,0.0,0.0
2020-06-04 00:00:00-04:00,27.451949395047954,27.89782313792429,27.444262343052632,27.682573318481445,27013388,0.0,0.0
2020-06-05 00:00:00-04:00,27.859389508330995,28.05157820435771,27.582640135131935,27.667203903198242,36705655,0.0,0.0
2020-06-08 00:00:00-04:00,27.52113734810364,28.13613553871287,27.428889628593097,28.128448486328125,30194149,0.0,0.0
2020-06-09 00:00:00-04:00,28.059255803832755,28.18225479694798,27.805567676001292,27.836318969726562,21675088,0.0,0.0
2020-06-10 00:00:00-04:00,27.95163691062583,28.020823472739142,27.59032381355661,27.613388061523438,29557217,0.0,0.0
2020-06-11 00:00:00-04:00,27.367387181474932,27.42888668484619,25.58389385647523,25.599267959594727,63166642,0.0,0.0
2020-06-12 00:00:00-04:00,26.198888830631397,26.214262932809042,25.407079295979543,25.94520378112793,37902472,0.0,0.0
2020-06-15 00:00:00-04:00,25.599271779145376,25.92214653818911,25.184149296727522,25.645397186279297,36247482,0.0,0.0
2020-06-16 00:00:00-04:00,25.82220535615038,26.106643269697514,25.15339631125163,25.676143646240234,55616945,0.0,0.0
2020-06-17 00:00:00-04:00,25.82221126545428,25.960585955311057,25.61465000339262,25.799148559570312,27509822,0.0,0.0
2020-06-18 00:00:00-04:00,25.576209064468063,25.729957836479283,25.35327218596672,25.553146362304688,32278855,0.0,0.0
2020-06-19 00:00:00-04:00,25.899078071240556,25.937516417114008,25.46089143731956,25.691516876220703,43986266,0.0,0.0
2020-06-22 00:00:00-04:00,25.62233526810113,25.645397972375022,25.299462044607385,25.453210830688477,23332503,0.0,0.0
2020-06-23 00:00:00-04:00,25.52239565733291,25.560834010316714,25.16877270074146,25.191835403442383,37690408,0.0,0.0
2020-06-24 00:00:00-04:00,25.14570624409226,25.16108034568828,24.599894728503813,24.745956420898438,30817695,0.0,0.0
2020-06-25 00:00:00-04:00,24.684464102868123,24.89202689835399,24.469215799795464,24.845901489257812,27418651,0.0,0.0
2020-06-26 00:00:00-04:00,24.792088859295852,24.815151563687817,24.300091195870603,24.630651473999023,42153992,0.0,0.0
2020-06-29 00:00:00-04:00,24.953523299901853,25.114959120701204,24.753649127836255,25.09189796447754,23956261,0.0,0.0
2020-06-30 00:00:00-04:00,25.007337301331123,25.276398049595183,24.776713361262836,25.138023376464844,25451676,0.0,0.0
2020-07-01 00:00:00-04:00,26.552514125087562,26.552514125087562,25.922143424472956,25.937519073486328,73503009,0.0,0.0
2020-07-02 00:00:00-04:00,26.614013939079303,26.790825404828066,26.16814329421782,26.52945327758789,45270881,0.0,0.0
2020-07-06 00:00:00-04:00,26.867702105340324,26.898450312830512,26.429515421457992,26.52945327758789,27150935,0.0,0.0
2020-07-07 00:00:00-04:00,26.17583362410302,26.40645757273416,26.106647057692435,26.160459518432617,25148018,0.0,0.0
2020-07-08 00:00:00-04:00,26.145076382116557,26.421825675779573,25.80682913429642,25.94520378112793,24256545,0.0,0.0
2020-07-09 00:00:00-04:00,25.92983374106305,26.04514570724608,25.445521628558193,25.722270965576172,20363702,0.0,0.0
2020-07-10 00:00:00-04:00,25.876022422718442,26.168147440070634,25.745336338393592,26.006710052490234,24459019,0.0,0.0
2020-07-13 00:00:00-04:00,26.698576528197986,27.45963481203469,26.537139173228198,27.06757354736328,56569129,0.0,0.0
2020-07-14 00:00:00-04:00,27.190575494760942,27.22901075223717,26.813888335241202,27.082950592041016,32854129,0.0,0.0
2020-07-15 00:00:00-04:00,27.66720137926901,27.674888431865796,27.267453007980357,27.459638595581055,26294454,0.0,0.0
2020-07-16 00:00:00-04:00,27.367389678955075,27.398137888000075,27.106014447604817,27.367389678955078,18421812,0.0,0.0
2020-07-17 00:00:00-04:00,27.56726256367135,27.928575659524117,27.46732470156993,27.86707305908203,23347365,0.0,0.0
2020-07-20 00:00:00-04:00,28.820319673401226,28.92025753404617,27.92088510938383,28.059261322021484,36815693,0.0,0.0
2020-07-21 00:00:00-04:00,28.397507099249015,28.505132000494562,28.074632395512367,28.205318450927734,23588520,0.0,0.0
2020-07-22 00:00:00-04:00,29.389194382544375,29.773568655110626,28.84338273004667,29.642879486083984,90705554,0.0,0.0
2020-07-23 00:00:00-04:00,30.157942311177074,30.304002491776565,29.35075542802063,29.52756690979004,59639536,0.0,0.0
2020-07-24 00:00:00-04:00,29.235438471988505,29.32768926887245,28.69731706588055,28.95100212097168,33870501,0.0,0.0
2020-07-27 00:00:00-04:00,28.720384607636706,29.020198218747435,28.6204498281603,28.858760833740234,27640307,0.0,0.0
2020-07-28 00:00:00-04:00,29.627509335629988,30.24250763565383,29.258512210152173,29.996509552001953,56393954,0.0,0.0
2020-07-29 00:00:00-04:00,30.21174723466206,30.327059176224292,29.558310838547477,30.18099594116211,37033660,0.0,0.0
2020-07-30 00:00:00-04:00,29.715247509572848,30.227579686058895,29.653146923432388,30.07232666015625,32273796,0.360531,0.0
2020-07-31 00:00:00-04:00,29.715250643402566,30.08009201559255,29.38922019095408,29.870500564575195,28472124,0.0,0.0
2020-08-03 00:00:00-04:00,29.97141269220142,30.010226729800994,29.668671938013286,29.76958656311035,31036400,0.0,0.0
2020-08-04 00:00:00-04:00,29.738535701932562,30.025752099113717,29.567758300335576,29.800636291503906,29448549,0.0,0.0
2020-08-05 00:00:00-04:00,29.8627342961932,29.909310514615914,29.598807593635946,29.847209930419922,24292697,0.0,0.0
2020-08-06 00:00:00-04:00,30.095613080411372,30.35178072810673,29.614332759612118,29.70748519897461,20922111,0.0,0.0
2020-08-07 00:00:00-04:00,29.73077094491457,29.979173281698547,29.62209414229586,29.847209930419922,23097251,0.0,0.0
2020-08-10 00:00:00-04:00,29.924837470646597,30.01022773199667,29.699721663036787,29.800636291503906,19964552,0.0,0.0
2020-08-11 00:00:00-04:00,29.932596292059888,29.948123778535987,29.24172770081761,29.334877014160156,21326847,0.0,0.0
2020-08-12 00:00:00-04:00,29.365934714341716,29.92484006901344,29.350407224773264,29.75406265258789,19957595,0.0,0.0
2020-08-13 00:00:00-04:00,29.552234964918046,29.637622108145916,29.404744108847567,29.629859924316406,15340021,0.0,0.0
2020-08-14 00:00:00-04:00,29.505657701838622,29.80063628248907,29.443557112286065,29.544471740722656,12901276,0.0,0.0
2020-08-17 00:00:00-04:00,29.528946396419705,29.816159662906173,29.45908050451986,29.76958656311035,17494187,0.0,0.0
2020-08-18 00:00:00-04:00,29.847212244545158,29.854974428033614,29.629858622455792,29.7773494720459,10846398,0.0,0.0
2020-08-19 00:00:00-04:00,29.870493940292967,29.97140855144799,29.59104289571386,29.699716567993164,15690055,0.0,0.0
2020-08-20 00:00:00-04:00,29.637618004703,30.111139242671626,29.59880709092898,30.056800842285156,21957455,0.0,0.0
2020-08-21 00:00:00-04:00,30.204288211205956,30.2741540974054,29.94036151615134,30.181001663208008,25467170,0.0,0.0
2020-08-24 00:00:00-04:00,30.289680595951225,30.305204962376525,29.917073954022854,30.149951934814453,25011947,0.0,0.0
2020-08-25 00:00:00-04:00,29.89378827862915,29.93259919582743,29.459081037183534,29.816160202026367,26221201,0.0,0.0
2020-08-26 00:00:00-04:00,29.645383726744434,29.707484310761714,29.233963066113503,29.536706924438477,24083689,0.0,0.0
2020-08-27 00:00:00-04:00,29.466840417475648,29.497892269383453,29.24948993853226,29.38921546936035,22156556,0.0,0.0
2020-08-28 00:00:00-04:00,29.396978161592067,29.544468998780644,29.032136841692818,29.428030014038086,32830519,0.0,0.0
2020-08-31 00:00:00-04:00,29.373691048696188,29.51341657926141,29.109761231836224,29.334877014160156,30032465,0.0,0.0
2020-09-01 00:00:00-04:00,29.33487307952842,29.358162745567363,28.341260770161508,28.628477096557617,36145560,0.0,0.0
2020-09-02 00:00:00-04:00,28.543093749810634,28.95451132410294,28.255877354047726,28.87688636779785,29068688,0.0,0.0
2020-09-03 00:00:00-04:00,29.008846937098387,29.101999372579005,28.02299666619036,28.255874633789062,35956788,0.0,0.0
2020-09-04 00:00:00-04:00,28.325741434251437,28.43441823878192,27.844457996887456,28.22482681274414,26872257,0.0,0.0
2020-09-08 00:00:00-04:00,28.356791044595873,28.418891631807647,27.696971135057147,27.891035079956055,26736818,0.0,0.0
2020-09-09 00:00:00-04:00,28.17048921810479,28.449943420465914,28.05405022721291,28.085102081298828,27490533,0.0,0.0
2020-09-10 00:00:00-04:00,28.100624367539407,28.193773680695376,27.61934095200616,27.67367935180664,21650741,0.0,0.0
2020-09-11 00:00:00-04:00,27.743542446306503,28.030758814060796,27.518429782863855,27.999710083007812,24109301,0.0,0.0
2020-09-14 00:00:00-04:00,28.22482683326792,29.14081436831695,28.162726247934337,28.72939682006836,29565543,0.0,0.0
2020-09-15 00:00:00-04:00,28.869121845198617,28.993323013664792,28.574143289815726,28.690582275390625,22003726,0.0,0.0
2020-09-16 00:00:00-04:00,28.938981559484645,28.96227122680448,28.50427751571094,28.550853729248047,22208412,0.0,0.0
2020-09-17 00:00:00-04:00,28.55085282298882,28.69834051988846,28.372310156580095,28.58190155029297,17894390,0.0,0.0
2020-09-18 00:00:00-04:00,28.55086245553519,28.775975167746648,28.387847218882605,28.434423446655273,31694623,0.0,0.0
2020-09-21 00:00:00-04:00,28.232585609722562,28.3179758549423,27.464089008257762,27.960893630981445,26608968,0.0,0.0
2020-09-22 00:00:00-04:00,27.797883824364376,28.20154234011437,27.743545418098275,28.13943862915039,22727297,0.0,0.0
2020-09-23 00:00:00-04:00,28.20929832565221,28.240350177747192,27.922085079563505,27.945371627807617,23102521,0.0,0.0
2020-09-24 00:00:00-04:00,27.906557154851946,27.976419919590317,27.58829206166479,27.759069442749023,20859925,0.0,0.0
2020-09-25 00:00:00-04:00,27.5882967581336,28.06181494776158,27.57277239023847,27.984189987182617,14365598,0.0,0.0
2020-09-28 00:00:00-04:00,28.069566476477437,28.39559680513366,28.069566476477437,28.248106002807617,15044269,0.0,0.0
2020-09-29 00:00:00-04:00,28.2791665173239,28.364553655614138,27.968660455479373,28.07733726501465,13512491,0.0,0.0
2020-09-30 00:00:00-04:00,28.154962903131246,28.690581599945464,28.13943541661136,28.488752365112305,22629275,0.0,0.0
2020-10-01 00:00:00-04:00,28.651769463430192,28.79149812474904,28.069574510692544,28.232589721679688,22520396,0.0,0.0
2020-10-02 00:00:00-04:00,27.99195027669127,28.457706250850254,27.968660605321457,28.240352630615234,21461759,0.0,0.0
2020-10-05 00:00:00-04:00,28.35679141977106,28.628483443106596,28.20930057250232,28.527568817138672,19400029,0.0,0.0
2020-10-06 00:00:00-04:00,28.721632817742563,28.7449224889876,28.015236676866362,28.07733726501465,25233392,0.0,0.0
2020-10-07 00:00:00-04:00,28.147199111871558,28.403363611025213,27.96865643536733,28.310211181640625,22160034,0.0,0.0
2020-10-08 00:00:00-04:00,28.411128032355293,28.861359608025566,28.341265265362328,28.63624382019043,17857395,0.0,0.0
2020-10-09 00:00:00-04:00,28.58966536726353,28.81478113750365,28.403363629475976,28.558616638183594,23667465,0.0,0.0
2020-10-12 00:00:00-04:00,28.488749126175588,28.861355701542646,28.31020958086933,28.58190155029297,19413837,0.0,0.0
2020-10-13 00:00:00-04:00,28.46546525966819,28.8225443838865,28.434416529441947,28.644004821777344,21543233,0.0,0.0
2020-10-14 00:00:00-04:00,28.729395984986205,28.954508649587716,28.387841215028057,28.612957000732422,22120298,0.0,0.0
2020-10-15 00:00:00-04:00,28.43441433629567,28.51980145893468,28.263636969915133,28.372310638427734,16089205,0.0,0.0
2020-10-16 00:00:00-04:00,28.775966450287395,29.591042386629294,28.737155539820566,29.459075927734375,42993503,0.0,0.0
2020-10-19 00:00:00-04:00,29.823925290138344,30.157717902239895,29.218440654104946,29.342641830444336,31931352,0.0,0.0
2020-10-20 00:00:00-04:00,29.396979759493682,29.41250724711214,28.993324382371544,29.102001190185547,22384852,0.0,0.0
2020-10-21 00:00:00-04:00,28.99332358074095,29.07094853227484,28.768207788079415,28.783735275268555,18984859,0.0,0.0
2020-10-22 00:00:00-04:00,28.783740518210085,29.164106283222804,28.744926474821707,29.055429458618164,19243616,0.0,0.0
2020-10-23 00:00:00-04:00,29.443551290018426,29.715243266275056,29.226197709013125,29.637615203857422,30557884,0.0,0.0
2020-10-26 00:00:00-04:00,29.396978886734388,29.513417874349173,29.094238143156534,29.435792922973633,33783124,0.0,0.0
2020-10-27 00:00:00-04:00,28.752688659278675,29.591051397184394,28.620725281303123,29.055429458618164,36851529,0.0,0.0
2020-10-28 00:00:00-04:00,28.56637961804516,28.822544124517496,27.41751418795755,27.518428802490234,33857537,0.0,0.0
2020-10-29 00:00:00-04:00,27.541716183021617,27.665917348771217,26.858606650295982,27.386463165283203,27545341,0.0,0.0
2020-10-30 00:00:00-04:00,27.35541766601246,27.58053347594109,27.04491159385419,27.541719436645508,25631067,0.0,0.0
2020-11-02 00:00:00-05:00,27.891036722592723,28.139439086069416,27.588295951967595,28.12391471862793,21430666,0.0,0.0
2020-11-03 00:00:00-05:00,28.279158378068615,28.426646062057504,28.007466432428302,28.092853546142578,21636617,0.0,0.0
2020-11-04 00:00:00-05:00,28.76820704078316,29.59104523852098,28.69058209126569,28.977798461914062,40870536,0.0,0.0
2020-11-05 00:00:00-05:00,29.213064848936593,29.252274891812434,28.53861427307129,28.53861427307129,33926995,0.360531,0.0
2020-11-06 00:00:00-05:00,28.538619095446393,28.797421188158935,28.303346185635316,28.54646110534668,23870676,0.0,0.0
2020-11-09 00:00:00-05:00,32.82843613864968,32.93038858708052,30.09926813619995,30.742347717285156,230153864,0.0,0.0
2020-11-10 00:00:00-05:00,31.722648953311044,31.793230196531624,30.162003826452853,30.334537506103516,80091668,0.0,0.0
2020-11-11 00:00:00-05:00,30.49138677606784,31.52658568754127,29.72282881406461,30.193374633789062,58980997,0.0,0.0
2020-11-12 00:00:00-05:00,30.02083959858805,30.067894809072445,29.205226460860068,29.448341369628906,46767877,0.0,0.0
2020-11-13 00:00:00-05:00,29.699304655861567,30.31885822814544,29.573826169799272,30.287487030029297,40175634,0.0,0.0
2020-11-16 00:00:00-05:00,29.69145885619696,29.762040101451156,28.899371678342288,29.27581024169922,75530167,0.0,0.0
2020-11-17 00:00:00-05:00,30.162364939479783,30.170629477955938,29.608546265562637,29.79039764404297,46984500,0.0,1.054
2020-11-18 00:00:00-05:00,30.52606688604827,30.931095519675253,30.005312632469987,30.0218448638916,63442700,0.0,0.0
2020-11-19 00:00:00-05:00,30.25329153724764,30.27809146240666,29.641614705474282,29.91438865661621,43261800,0.0,0.0
2020-11-20 00:00:00-05:00,30.335954666137695,30.840176749986483,30.121038784562256,30.335954666137695,60633800,0.0,0.0
2020-11-23 00:00:00-05:00,30.608723241639034,30.658319933233035,29.930917555857167,30.187162399291992,43673100,0.0,0.0
2020-11-24 00:00:00-05:00,29.864790003608345,30.36901196850331,29.773864317715763,30.253286361694336,42485300,0.0,0.0
2020-11-25 00:00:00-05:00,30.1954345703125,30.220234498978336,29.95572505001934,30.1954345703125,26955800,0.0,0.0
2020-11-27 00:00:00-05:00,30.402074828756827,30.79883889850041,30.37727805977302,30.7740421295166,25277000,0.0,0.0
2020-11-30 00:00:00-05:00,31.369191357729775,32.071793841325025,31.07988204144885,31.666765213012695,65425900,0.0,0.0
2020-12-01 00:00:00-05:00,32.5677585609666,33.477009407037684,32.24538471058003,32.57602310180664,72499700,0.0,0.0
2020-12-02 00:00:00-05:00,33.452205466516766,34.22920142032035,33.31168307672208,33.724979400634766,84347500,0.0,0.0
2020-12-03 00:00:00-05:00,33.87375883019906,33.91508782280037,32.66693458832062,33.138092041015625,68570100,0.0,0.0
2020-12-04 00:00:00-05:00,32.97277833505777,33.43567132656893,32.97277833505777,33.34474563598633,35368100,0.0,0.0
2020-12-07 00:00:00-05:00,33.60926068819192,34.22094070330812,33.36954803678144,34.09695053100586,48253700,0.0,0.0
2020-12-08 00:00:00-05:00,34.22093555912724,35.3533665600004,34.17960340577226,35.17978286743164,87039300,0.0,0.0
2020-12-09 00:00:00-05:00,35.60133938561298,35.609607076559,33.99775104090748,34.5928955078125,86118500,0.0,0.0
2020-12-10 00:00:00-05:00,34.56810684886741,34.898745193850544,34.26226842933862,34.49371337890625,57749200,0.0,0.0
2020-12-11 00:00:00-05:00,34.692100080574185,34.77475809751993,33.63405917510157,33.98949432373047,60737000,0.0,0.0
2020-12-14 00:00:00-05:00,34.40279020108286,34.43585466864785,32.29497926843268,32.410701751708984,94809700,0.0,0.0
2020-12-15 00:00:00-05:00,32.286713448435705,32.38590369399804,31.584107729933127,31.997404098510742,65712800,0.0,0.0
2020-12-16 00:00:00-05:00,31.55931431545407,31.79902699150809,31.19561460755243,31.27827262878418,56515300,0.0,0.0
2020-12-17 00:00:00-05:00,31.270005777611917,31.509715282754026,30.840177161920902,31.435321807861328,52036400,0.0,0.0
2020-12-18 00:00:00-05:00,31.402252363506967,31.48491035723104,30.997220626578194,31.146007537841797,60259200,0.0,0.0
2020-12-21 00:00:00-05:00,30.815375792330677,30.914569189678392,30.509537366844416,30.89803695678711,40891800,0.0,0.0
2020-12-22 00:00:00-05:00,30.757509201782103,30.85670258186945,30.253287222539697,30.3690128326416,33634400,0.0,0.0
2020-12-23 00:00:00-05:00,30.592194811017386,31.12121679412911,30.484740029017416,30.947629928588867,36182000,0.0,0.0
2020-12-24 00:00:00-05:00,30.91456393700114,31.055083162900008,30.732712559296278,30.807106018066406,14790100,0.0,0.0
2020-12-28 00:00:00-05:00,30.881505260658525,31.063356672422486,30.31942194538907,30.435144424438477,26993700,0.0,0.0
2020-12-29 00:00:00-05:00,30.501272384330374,30.74924956769872,30.410346681348422,30.625259399414062,23152100,0.0,0.0
2020-12-30 00:00:00-05:00,30.60872228485154,30.78230912340417,30.33594837261249,30.3690128326416,24889800,0.0,0.0
2020-12-31 00:00:00-05:00,30.302887811003767,30.517800522440293,29.99704939938995,30.426877975463867,30796500,0.0,0.0
2021-01-04 00:00:00-05:00,30.476471518687216,30.534332754581698,29.980517167248546,30.426877975463867,33565700,0.0,0.0
2021-01-05 00:00:00-05:00,30.35247997254243,30.88976324746007,30.25328659451423,30.740976333618164,29909400,0.0,0.0
2021-01-06 00:00:00-05:00,30.443407731524054,30.980691043016453,30.393811039133734,30.476469039916992,34962500,0.0,0.0
2021-01-07 00:00:00-05:00,30.616993616408653,30.707919315698337,30.311152054579566,30.633525848388672,27809500,0.0,0.0
2021-01-08 00:00:00-05:00,30.716182039068602,31.022020429614905,30.50126934243622,30.69138526916504,33462400,0.0,0.0
2021-01-11 00:00:00-05:00,30.76577648081391,31.26999845329459,30.70791525313912,31.220401763916016,47286900,0.0,0.0
2021-01-12 00:00:00-05:00,31.16254417184884,31.236937637995673,30.435141742102125,30.732715606689453,47831100,0.0,0.0
2021-01-13 00:00:00-05:00,30.583926960657077,30.724446192615698,30.286353112743992,30.468204498291016,31027900,0.0,0.0
2021-01-14 00:00:00-05:00,30.40207796050299,30.55086489613358,30.26155871751902,30.377281188964844,30272000,0.0,0.0
2021-01-15 00:00:00-05:00,30.319422432693347,30.402080446713985,30.08797747087467,30.335954666137695,34287800,0.0,0.0
2021-01-19 00:00:00-05:00,30.385546970916376,30.58393061093629,30.269824494738504,30.360750198364258,33451300,0.0,0.0
2021-01-20 00:00:00-05:00,30.410342108943478,30.426874339109094,30.13756504101154,30.170629501342773,35400100,0.0,0.0
2021-01-21 00:00:00-05:00,30.079703145896023,30.24502229069059,29.881322694702877,30.154096603393555,33829700,0.0,0.0
2021-01-22 00:00:00-05:00,30.021845808685367,30.443409840201404,29.963984573489178,30.21196174621582,26271200,0.0,0.0
2021-01-25 00:00:00-05:00,30.211958351028073,30.823638251334625,30.021842434862645,30.815370559692383,31728500,0.0,0.0
2021-01-26 00:00:00-05:00,30.807114973583047,31.07988896623428,30.71618925829884,30.840179443359375,27718700,0.0,0.0
2021-01-27 00:00:00-05:00,30.575661534213015,30.61699053340098,29.897852704088223,29.955717086791992,50561200,0.0,0.0
2021-01-28 00:00:00-05:00,30.039275945027367,30.356799080000044,29.947361101679757,29.964073181152344,39466700,0.39,0.0
2021-01-29 00:00:00-05:00,30.816370333695602,30.816370333695602,29.763531631776605,29.99749755859375,60251900,0.0,0.0
2021-02-01 00:00:00-05:00,30.02256162234547,30.23981226425021,29.84708958224899,29.9139347076416,40395800,0.0,0.0
2021-02-02 00:00:00-05:00,29.880515351039694,29.89722743194814,28.63549560464411,29.237117767333984,84062400,0.0,0.0
2021-02-03 00:00:00-05:00,29.237115354647127,29.487790172580706,29.061640113340697,29.11177635192871,38524200,0.0,0.0
2021-02-04 00:00:00-05:00,29.086705979910178,29.31231424246655,28.99479114840542,29.15355110168457,34284900,0.0,0.0
2021-02-05 00:00:00-05:00,29.178628921508786,29.312325591828884,29.06164752248276,29.17862892150879,31749600,0.0,0.0
2021-02-08 00:00:00-05:00,29.212051277023406,29.25382989015482,29.028224741744417,29.095069885253906,31633900,0.0,0.0
2021-02-09 00:00:00-05:00,29.07836017939633,29.295614085444424,29.044936011157528,29.22041130065918,30170200,0.0,0.0
2021-02-10 00:00:00-05:00,29.245469882505354,29.312318200809784,28.994795063870242,29.02821922302246,29039900,0.0,0.0
2021-02-11 00:00:00-05:00,29.07835537091887,29.086713005348592,28.643850818177686,28.769189834594727,30885200,0.0,0.0
2021-02-12 00:00:00-05:00,28.777543000586352,29.20369308743279,28.710697865641954,29.01150894165039,25578600,0.0,0.0
2021-02-16 00:00:00-05:00,29.120137954856176,29.128495590426542,28.877820710884095,28.9864444732666,28730300,0.0,0.0
2021-02-17 00:00:00-05:00,28.88616423958135,29.245465933189333,28.79424940807659,29.15355110168457,26389400,0.0,0.0
2021-02-18 00:00:00-05:00,29.061643676283932,29.14520408417509,28.844392990774203,28.877817153930664,24052500,0.0,0.0
2021-02-19 00:00:00-05:00,28.96137180782413,28.978083887921372,28.744121141566684,28.777542114257812,28145300,0.0,0.0
2021-02-22 00:00:00-05:00,28.68562819259885,28.719049162654134,28.44330783155519,28.627134323120117,34322500,0.0,0.0
2021-02-23 00:00:00-05:00,28.409883317060967,28.568643282214026,28.14249643495946,28.334680557250977,37624200,0.0,0.0
2021-02-24 00:00:00-05:00,28.30126188758252,28.451667436365366,28.13414425699006,28.200992584228516,30686100,0.0,0.0
2021-02-25 00:00:00-05:00,28.259479522705078,28.50179989549813,28.025516783458414,28.259479522705078,37506100,0.0,0.0
2021-02-26 00:00:00-05:00,28.276191367183277,28.326327605534942,27.87511102287965,27.98373794555664,41462800,0.0,0.0
2021-03-01 00:00:00-05:00,28.06730069916127,28.3513997309295,28.00045236815516,28.15085792541504,30407800,0.0,0.0
2021-03-02 00:00:00-05:00,28.142499315555604,28.317971377238774,27.99209378054049,28.00044822692871,27670400,0.0,0.0
2021-03-03 00:00:00-05:00,28.00044610342532,28.785897879493316,27.94195542063342,28.735761642456055,46020200,0.0,0.0
2021-03-04 00:00:00-05:00,28.627138442400877,29.32067546776946,28.276194300048267,28.57700538635254,45449600,0.0,0.0
2021-03-05 00:00:00-05:00,28.652204434897104,28.869455087052266,28.376459912446897,28.735761642456055,30589900,0.0,0.0
2021-03-08 00:00:00-05:00,28.810969927714964,29.136847562174456,28.685634092347954,28.702342987060547,24352300,0.0,0.0
2021-03-09 00:00:00-05:00,28.861100971282312,29.120130230178574,28.777540575264823,28.785898208618164,25167100,0.0,0.0
2021-03-10 00:00:00-05:00,28.944662703453183,29.36245518632636,28.84439340006465,29.186983108520508,33501800,0.0,0.0
2021-03-11 00:00:00-05:00,29.303960085005667,29.345738689506746,28.961370428091698,29.003149032592773,24557900,0.0,0.0
2021-03-12 00:00:00-05:00,28.877813533170787,29.228757639800634,28.836031740712077,29.19533348083496,16342400,0.0,0.0
2021-03-15 00:00:00-04:00,29.253828924697245,29.604776275927378,29.21205031294464,29.588064193725586,21896100,0.0,0.0
2021-03-16 00:00:00-04:00,29.638201412969334,29.96407905783924,29.504507938471324,29.93901252746582,25022400,0.0,0.0
2021-03-17 00:00:00-04:00,29.939006586846826,30.047630321913992,29.345738923195608,29.905582427978516,42540100,0.0,0.0
2021-03-18 00:00:00-04:00,29.68833226338669,30.05599168151146,29.679977816385502,29.888874053955078,24729800,0.0,0.0
2021-03-19 00:00:00-04:00,29.87216322814231,29.93065392212019,29.63820045223079,29.68833351135254,48348900,0.0,0.0
2021-03-22 00:00:00-04:00,29.646552061533736,30.089411041401238,29.546282765385207,30.081056594848633,25427500,0.0,0.0
2021-03-23 00:00:00-04:00,29.930652025856364,30.022566878427963,29.51285955962442,29.546283721923828,27970500,0.0,0.0
2021-03-24 00:00:00-04:00,29.64654962292011,30.022563436926927,29.554634780884754,29.755176544189453,22883400,0.0,0.0
2021-03-25 00:00:00-04:00,29.788600404090968,29.905581770053228,29.45436519776752,29.805309295654297,24875300,0.0,0.0
2021-03-26 00:00:00-04:00,29.813673838984688,30.323381212388632,29.780249673104844,30.28995704650879,27944500,0.0,0.0
2021-03-29 00:00:00-04:00,30.106122074512278,30.699389759215887,29.997498335590546,30.599117279052734,27004800,0.0,0.0
2021-03-30 00:00:00-04:00,30.574054033999392,30.607478197640887,30.097770858370975,30.1729736328125,26303300,0.0,0.0
2021-03-31 00:00:00-04:00,30.206399713765872,30.440362499099454,30.114484851669424,30.273244857788086,26582700,0.0,0.0
2021-04-01 00:00:00-04:00,30.33173179626465,30.457070808595653,30.09776903991716,30.33173179626465,21319900,0.0,0.0
2021-04-05 00:00:00-04:00,30.448713066052825,30.55733999718613,30.16461406828352,30.315019607543945,22096900,0.0,0.0
2021-04-06 00:00:00-04:00,30.298307224185216,30.415291788277635,30.081056551591903,30.122835159301758,20722900,0.0,0.0
2021-04-07 00:00:00-04:00,30.10612677596951,30.281602049906066,29.880518441625807,30.005857467651367,21933800,0.0,0.0
2021-04-08 00:00:00-04:00,30.04763412475586,30.20639730572186,29.972431351536077,30.04763412475586,18129400,0.0,0.0
2021-04-09 00:00:00-04:00,29.997492616367524,30.757874581364447,29.997492616367524,30.582399368286133,31686700,0.0,0.0
2021-04-12 00:00:00-04:00,30.482133090832455,30.941704092869486,30.356797283460384,30.891571044921875,29944900,0.0,0.0
2021-04-13 00:00:00-04:00,31.259238837312534,31.459780666212552,30.824734197616017,31.050342559814453,33967400,0.0,0.0
2021-04-14 00:00:00-04:00,31.05868911743164,31.234164368450813,30.88321705391589,31.05868911743164,23842900,0.0,0.0
2021-04-15 00:00:00-04:00,31.133888858393497,31.534972375291826,31.133888858393497,31.417987823486328,24945800,0.0,0.0
2021-04-16 00:00:00-04:00,31.64360544339755,32.33714257569144,31.593472379620003,32.228515625,52829500,0.0,0.0
2021-04-19 00:00:00-04:00,32.25357900404268,32.554390107319335,32.02797386408893,32.52932357788086,30905100,0.0,0.0
2021-04-20 00:00:00-04:00,32.37891035803227,32.7883483044158,32.37891035803227,32.61287307739258,26459400,0.0,0.0
2021-04-21 00:00:00-04:00,32.70478878707614,33.14764771412295,32.69643434151998,33.03066635131836,29365000,0.0,0.0
2021-04-22 00:00:00-04:00,32.988890164513776,33.005602244353085,32.18672945724675,32.2869987487793,33373600,0.0,0.0
2021-04-23 00:00:00-04:00,32.2786520348826,32.445769685805004,32.11153438396018,32.30371856689453,24375000,0.0,0.0
2021-04-26 00:00:00-04:00,32.362197912720525,32.37055554546171,32.16165935197333,32.32041931152344,19773400,0.0,0.0
2021-04-27 00:00:00-04:00,32.17836408854764,32.26192446765796,32.04467066947366,32.128231048583984,19061500,0.0,0.0
2021-04-28 00:00:00-04:00,32.20343835656549,32.537670357831885,32.186726278376725,32.429046630859375,21963300,0.0,0.0
2021-04-29 00:00:00-04:00,32.57946285122898,32.587817299316775,32.011264756138004,32.25358200073242,23569400,0.0,0.0
2021-04-30 00:00:00-04:00,32.170013944124406,32.50424913023338,32.16165949884802,32.295352935791016,28413200,0.0,0.0
2021-05-03 00:00:00-04:00,32.62124006364067,33.289707444554644,32.554391731797324,33.28135299682617,46638600,0.0,0.0
2021-05-04 00:00:00-04:00,33.423400928112486,33.56544885205509,32.947117719887196,33.381622314453125,52802200,0.0,0.0
2021-05-05 00:00:00-04:00,33.573802758861746,34.334184918034424,32.52932159584963,33.39833068847656,76627500,0.0,0.0
2021-05-06 00:00:00-04:00,32.47012655778815,33.10299025862087,32.03134067227478,33.069236755371094,54944900,0.39,0.0
2021-05-07 00:00:00-04:00,32.95110478951063,33.643035555180816,32.95110478951063,33.39833068847656,33807800,0.0,0.0
2021-05-10 00:00:00-04:00,33.609291883156054,33.989007627186204,33.5670983836753,33.634605407714844,30831900,0.0,0.0
2021-05-11 00:00:00-04:00,33.48271193250341,33.81180056952511,33.10299303635857,33.20425033569336,30568600,0.0,0.0
2021-05-12 00:00:00-04:00,33.28019531012183,33.68522774091852,33.1705012397828,33.49114990234375,26208600,0.0,0.0
2021-05-13 00:00:00-04:00,33.33083025129248,33.98900764139272,33.33083025129248,33.837120056152344,25415000,0.0,0.0
2021-05-14 00:00:00-04:00,33.95525242902218,34.022756224398286,33.68522759078294,33.76961135864258,18041100,0.0,0.0
2021-05-17 00:00:00-04:00,33.811804656342034,34.090266286809616,33.76117439109923,33.845558166503906,18095000,0.0,0.0
2021-05-18 00:00:00-04:00,33.90462298108873,34.04807056152152,33.60928783377905,33.794925689697266,15805500,0.0,0.0
2021-05-19 00:00:00-04:00,33.668354290419884,33.668354290419884,33.271758625998686,33.60928726196289,20209500,0.0,0.0
2021-05-20 00:00:00-04:00,33.52490758700904,33.963693579774954,33.516470818590015,33.85399627685547,18621100,0.0,0.0
2021-05-21 00:00:00-04:00,33.929932106933194,34.25902071956205,33.67678726790417,33.710540771484375,21144800,0.0,0.0
2021-05-24 00:00:00-04:00,33.82024239131369,33.870869434273445,33.567094300868206,33.592411041259766,16922300,0.0,0.0
2021-05-25 00:00:00-04:00,33.600843264834644,33.634596768184345,33.11143034190904,33.187374114990234,25916300,0.0,0.0
2021-05-26 00:00:00-04:00,33.15361902384685,33.1620557898246,32.723269924026624,32.84140396118164,28036500,0.0,0.0
2021-05-27 00:00:00-04:00,32.88359655036338,33.06079760125983,32.57138149621896,32.61357498168945,38471200,0.0,0.0
2021-05-28 00:00:00-04:00,32.697960432143255,32.92579176852047,32.638893406294876,32.68108367919922,16154100,0.0,0.0
2021-06-01 00:00:00-04:00,32.85828992221149,32.90892018900289,32.470134200213415,32.48701095581055,23642400,0.0,0.0
2021-06-02 00:00:00-04:00,32.605145909750185,32.84985404417276,32.52076534838962,32.731719970703125,19629000,0.0,0.0
2021-06-03 00:00:00-04:00,32.70639784239232,32.94266916934402,32.596703774466,32.883602142333984,17376300,0.0,0.0
2021-06-04 00:00:00-04:00,32.951104366303525,33.330823249638655,32.92579084705165,33.03548812866211,19375300,0.0,0.0
2021-06-07 00:00:00-04:00,32.97642214209376,33.41520484451941,32.883601610034354,32.90047836303711,24110700,0.0,0.0
2021-06-08 00:00:00-04:00,32.96797823073578,33.00173173272236,32.47012534262262,32.7823371887207,18880300,0.0,0.0
2021-06-09 00:00:00-04:00,32.90891699109799,33.61772456273964,32.89204023714084,33.592411041259766,29824000,0.0,0.0
2021-06-10 00:00:00-04:00,33.66835317894364,34.36028396280743,33.659913192921756,34.32653045654297,42613700,0.0,0.0
2021-06-11 00:00:00-04:00,34.309648856401104,34.31808562231957,33.7105386899466,33.879302978515625,21386900,0.0,0.0
2021-06-14 00:00:00-04:00,33.778046640090515,33.81180014574957,33.22956665823249,33.440521240234375,23408300,0.0,0.0
2021-06-15 00:00:00-04:00,33.508026100119615,33.61772338755048,33.23800448406793,33.406768798828125,20206900,0.0,0.0
2021-06-16 00:00:00-04:00,33.432081392500734,33.617722455481115,33.14518303103629,33.16205978393555,19177500,0.0,0.0
2021-06-17 00:00:00-04:00,33.13675229035706,33.40677394802891,32.96798794958413,33.3139533996582,19580100,0.0,0.0
2021-06-18 00:00:00-04:00,33.16206157893091,33.280195636708605,32.65577184019461,32.748592376708984,37775900,0.0,0.0
2021-06-21 00:00:00-04:00,32.807653892726265,33.31394354638761,32.807653892726265,33.26331329345703,19488100,0.0,0.0
2021-06-22 00:00:00-04:00,33.2548769120247,33.491144990611005,33.12830288768995,33.423641204833984,15975900,0.0,0.0
2021-06-23 00:00:00-04:00,33.44052322958333,33.46583675087777,32.89203999618503,32.951107025146484,22025400,0.0,0.0
2021-06-24 00:00:00-04:00,33.027046485764494,33.20424754945896,32.97641944980107,33.069236755371094,13436500,0.0,0.0
2021-06-25 00:00:00-04:00,33.01018196832574,33.254890129213145,32.81610408107752,32.89204788208008,22774300,0.0,0.0
2021-06-28 00:00:00-04:00,32.91734945772938,33.08611375633886,32.82453215145986,33.010169982910156,19225700,0.0,0.0
2021-06-29 00:00:00-04:00,33.01861049969826,33.14518131150917,32.892036468976045,32.99329376220703,14516600,0.0,0.0
2021-06-30 00:00:00-04:00,33.0270532986047,33.13675059733928,32.75703165472875,33.04393005371094,21248100,0.0,0.0
2021-07-01 00:00:00-04:00,33.05237016765075,33.44052913656311,33.001743116119044,33.38146209716797,20035900,0.0,0.0
2021-07-02 00:00:00-04:00,33.297074793897615,33.60928993360189,33.2295709926858,33.524906158447266,16592700,0.0,0.0
2021-07-06 00:00:00-04:00,33.313945991263516,33.457396775638976,32.942667099258166,33.153621673583984,18931900,0.0,0.0
2021-07-07 00:00:00-04:00,33.0945562692938,33.21269032166964,32.88360168464794,33.20425033569336,17665200,0.0,0.0
2021-07-08 00:00:00-04:00,32.90891086068123,33.17893243587137,32.84984384229033,33.11986541748047,23021200,0.0,0.0
2021-07-09 00:00:00-04:00,33.35613420014581,33.83711034236002,33.29706718049923,33.423641204833984,21578700,0.0,0.0
2021-07-12 00:00:00-04:00,33.465839931227144,33.963692950437235,33.415209664915075,33.55022048950195,24513000,0.0,0.0
2021-07-13 00:00:00-04:00,33.55865475739274,33.58396827677869,33.356136945570846,33.4573974609375,12222000,0.0,0.0
2021-07-14 00:00:00-04:00,33.51646295426508,33.77804455973352,33.465832698894765,33.710540771484375,15888600,0.0,0.0
2021-07-15 00:00:00-04:00,33.71054407590416,33.91305867941403,33.634600294860064,33.828678131103516,20250800,0.0,0.0
2021-07-16 00:00:00-04:00,33.87087550967172,34.04807662963867,33.693674389704775,34.04807662963867,24270400,0.0,0.0
2021-07-19 00:00:00-04:00,33.81179597552359,34.04806404817357,33.482707383215086,33.879302978515625,29818400,0.0,0.0
2021-07-20 00:00:00-04:00,33.96369028430507,35.195664364314965,33.92150000847958,34.63874435424805,48804100,0.0,0.0
2021-07-21 00:00:00-04:00,34.79906342486584,34.79906342486584,34.19151330058174,34.61342239379883,27530200,0.0,0.0
2021-07-22 00:00:00-04:00,34.697814225620824,35.06065642147459,34.51217635300428,34.9931526184082,18913300,0.0,0.0
2021-07-23 00:00:00-04:00,34.98470425929225,35.296919332860504,34.95095075638035,35.170345306396484,21609200,0.0,0.0
2021-07-26 00:00:00-04:00,35.11971321995462,35.3897347913413,34.92563541670238,35.2800407409668,23720000,0.0,0.0
2021-07-27 00:00:00-04:00,35.28848165783125,35.60913351866329,35.08596706492469,35.524749755859375,32544100,0.0,0.0
2021-07-28 00:00:00-04:00,35.73570774612115,36.90861801923541,35.651327194173,36.663909912109375,53822400,0.0,0.0
2021-07-29 00:00:00-04:00,36.80865500034843,36.86825700460931,36.28926332201877,36.43401336669922,29015000,0.39,0.0
2021-07-30 00:00:00-04:00,36.51064417824659,36.77459497759388,36.34886452903058,36.45104217529297,24763300,0.0,0.0
2021-08-02 00:00:00-04:00,36.86826123335126,37.58348861458314,36.82568883229129,37.43022537231445,43066900,0.0,0.0
2021-08-03 00:00:00-04:00,37.609021986997114,39.04799281814406,37.52387720620039,38.89472961425781,45643300,0.0,0.0
2021-08-04 00:00:00-04:00,38.613753614022016,38.99691169937855,38.32425675487106,38.47751998901367,43391200,0.0,0.0
2021-08-05 00:00:00-04:00,38.31573628607485,38.43494027927443,38.06029869378073,38.366825103759766,23505400,0.0,0.0
2021-08-06 00:00:00-04:00,38.392372930885486,38.579695372267196,38.000701688056125,38.375343322753906,20413000,0.0,0.0
2021-08-09 00:00:00-04:00,38.40940308731863,39.19274558415972,38.40940308731863,39.15017318725586,32374300,0.0,0.0
2021-08-10 00:00:00-04:00,39.337496829176715,41.355458386072534,39.073542763430076,41.03190231323242,81189400,0.0,0.0
2021-08-11 00:00:00-04:00,40.68280543108992,40.938246328854966,39.388584324806395,39.43115997314453,50878200,0.0,0.0
2021-08-12 00:00:00-04:00,39.592932328774886,40.35924844726774,39.456698713050116,40.22301483154297,29676400,0.0,0.0
2021-08-13 00:00:00-04:00,40.367760953571015,41.29585346022867,40.29112934300054,41.27882385253906,35379200,0.0,0.0
2021-08-16 00:00:00-04:00,41.065957217410045,41.69603968801253,40.452904353912,41.64495086669922,38045800,0.0,0.0
2021-08-17 00:00:00-04:00,41.53426109585089,42.99026168351243,41.47465909350945,42.93065643310547,68817000,0.0,0.0
2021-08-18 00:00:00-04:00,42.76889261544209,44.15677518125134,41.866342638940814,41.98554992675781,88598000,0.0,0.0
2021-08-19 00:00:00-04:00,41.29585479198291,42.538986960824374,41.09150274118297,41.551292419433594,57741600,0.0,0.0
2021-08-20 00:00:00-04:00,41.70455176071288,42.34314739388684,41.432084550403886,41.48317337036133,35157500,0.0,0.0
2021-08-23 00:00:00-04:00,42.81997327902965,43.73103626385446,42.23246312660174,42.51344680786133,88652400,0.0,0.0
2021-08-24 00:00:00-04:00,42.351663247018315,42.6156140263896,41.07447199798727,41.19367599487305,52624100,0.0,0.0
2021-08-25 00:00:00-04:00,40.904187923403406,41.108536748002855,39.95906567744946,40.452911376953125,51036800,0.0,0.0
2021-08-26 00:00:00-04:00,40.61468754775469,41.0063588011989,40.27410187202407,40.342220306396484,29029300,0.0,0.0
2021-08-27 00:00:00-04:00,40.33369912025705,40.444389939022145,39.61847188404436,39.67807388305664,32924500,0.0,0.0
2021-08-30 00:00:00-04:00,39.33749593528837,40.15489765519521,39.303436718275826,39.81431198120117,25774400,0.0,0.0
2021-08-31 00:00:00-04:00,39.78024983349105,40.1378618123805,39.10759501826732,39.22679901123047,34547800,0.0,0.0
2021-09-01 00:00:00-04:00,39.328976795931645,39.38857879756219,38.67335152993016,39.20125961303711,32900100,0.0,0.0
2021-09-02 00:00:00-04:00,39.57589699780795,39.90796618511311,39.27788702152515,39.882423400878906,26106300,0.0,0.0
2021-09-03 00:00:00-04:00,39.93351221741244,40.04419978113741,39.45669300729483,39.882423400878906,20817200,0.0,0.0
2021-09-07 00:00:00-04:00,40.01014579034891,40.44438938406062,39.626987767623696,39.80579376220703,26236900,0.0,0.0
2021-09-08 00:00:00-04:00,39.601444244384766,39.83985550034063,39.3800658439245,39.601444244384766,15839600,0.0,0.0
2021-09-09 00:00:00-04:00,39.56739394442523,39.78025919568972,39.03948578268179,39.1927490234375,21695300,0.0,0.0
2021-09-10 00:00:00-04:00,39.39709748046505,39.465212665628144,38.749985357054435,38.8181037902832,20801500,0.0,0.0
2021-09-13 00:00:00-04:00,38.945824433364066,39.022456047116584,37.63457381940567,37.9581298828125,37086200,0.0,0.0
2021-09-14 00:00:00-04:00,38.0347579221706,38.537119997334614,37.93258352073243,38.068817138671875,24100200,0.0,0.0
2021-09-15 00:00:00-04:00,37.941097561172576,38.630778787559116,37.86446595290013,38.119903564453125,28674600,0.0,0.0
2021-09-16 00:00:00-04:00,38.21357031309957,38.30723154211277,37.48982651949408,37.864471435546875,22424200,0.0,0.0
2021-09-17 00:00:00-04:00,37.60903259415933,37.855957075403076,36.876778827814945,37.37062454223633,56370500,0.0,0.0
2021-09-20 00:00:00-04:00,36.94488660195219,38.017729116265706,36.94488660195219,37.63457107543945,41873000,0.0,0.0
2021-09-21 00:00:00-04:00,37.677143773965625,38.08584460479672,37.33655812424031,37.39616012573242,23645600,0.0,0.0
2021-09-22 00:00:00-04:00,37.455766368809364,37.7963487795032,37.31953275491872,37.42170715332031,22616700,0.0,0.0
2021-09-23 00:00:00-04:00,37.70269210589516,38.077337025306,37.592004514311,37.626060485839844,19719200,0.0,0.0
2021-09-24 00:00:00-04:00,37.523883581317136,37.81338043250128,37.302505164795484,37.41319274902344,16150700,0.0,0.0
2021-09-27 00:00:00-04:00,37.39616218451149,37.574971446897315,37.04706333595349,37.09815216064453,19955900,0.0,0.0
2021-09-28 00:00:00-04:00,36.67242389335666,36.85122991837559,36.127489389642285,36.646881103515625,28512200,0.0,0.0
2021-09-29 00:00:00-04:00,36.800143724661595,37.20032816711249,36.6809397099713,37.06409454345703,18037200,0.0,0.0
2021-09-30 00:00:00-04:00,37.28547971031725,37.50685815150393,36.58728191756512,36.621337890625,21103300,0.0,0.0
2021-10-01 00:00:00-04:00,36.20412376025776,36.69796947377713,35.50592596827328,36.55322265625,38483000,0.0,0.0
2021-10-04 00:00:00-04:00,36.55321969181686,36.91083174004616,35.940166754205656,36.11897277832031,28906500,0.0,0.0
2021-10-05 00:00:00-04:00,36.21262326233223,36.43400486771565,35.99975808303695,36.033817291259766,19342600,0.0,0.0
2021-10-06 00:00:00-04:00,35.81244437575173,35.93164837458012,35.49740152391629,35.778385162353516,30483800,0.0,0.0
2021-10-07 00:00:00-04:00,36.20411510736735,36.578756705602494,35.940161079116145,36.39143753051758,19778300,0.0,0.0
2021-10-08 00:00:00-04:00,36.38293168444871,36.53619493922401,36.05086238179097,36.14452362060547,12778600,0.0,0.0
2021-10-11 00:00:00-04:00,36.14452352541602,36.28927035006357,35.7698785711447,35.81245422363281,11984200,0.0,0.0
2021-10-12 00:00:00-04:00,35.89759820222055,35.94017060565777,35.471867671716005,35.633644104003906,16222300,0.0,0.0
2021-10-13 00:00:00-04:00,35.54848927574534,35.68472287717888,34.85880484145133,35.26750564575195,28205700,0.0,0.0
2021-10-14 00:00:00-04:00,35.38671921858077,35.72730165905096,35.352660000114,35.480377197265625,17590300,0.0,0.0
2021-10-15 00:00:00-04:00,35.676209091266706,35.786896657503796,35.233449082122725,35.327110290527344,23550300,0.0,0.0
2021-10-18 00:00:00-04:00,35.29305242129623,35.50591763101688,34.94395360727698,35.1823616027832,21733000,0.0,0.0
2021-10-19 00:00:00-04:00,35.42077630265499,35.9316548515217,35.369690721414486,35.83799362182617,17159800,0.0,0.0
2021-10-20 00:00:00-04:00,35.863526560774446,36.706474148411445,35.84649695568364,36.44252014160156,22788300,0.0,0.0
2021-10-21 00:00:00-04:00,36.663907024071676,36.68944981134289,36.127485754917465,36.493614196777344,22142300,0.0,0.0
2021-10-22 00:00:00-04:00,36.459557106228246,36.77459674383774,36.29778069730784,36.749053955078125,17183000,0.0,0.0
2021-10-25 00:00:00-04:00,36.78311194665081,36.817171162572706,36.246690664110645,36.74053955078125,22846200,0.0,0.0
2021-10-26 00:00:00-04:00,36.89379834570564,37.259923504687414,36.54469629651018,37.08963394165039,29729100,0.0,0.0
2021-10-27 00:00:00-04:00,37.004494345251025,37.08964239423967,36.340355803469365,36.5872802734375,22317500,0.0,0.0
2021-10-28 00:00:00-04:00,36.570247141955726,37.18329679530803,36.561730713844014,36.766082763671875,18023400,0.0,0.0
2021-10-29 00:00:00-04:00,36.68944621130682,37.319528636051345,36.493610615957024,37.242897033691406,30307500,0.0,0.0
2021-11-01 00:00:00-04:00,37.58348729722916,37.71120774399829,36.987463959083044,37.15775680541992,32681500,0.0,0.0
2021-11-02 00:00:00-04:00,38.38387004476303,39.2012719658984,36.65540170861656,38.698909759521484,69248000,0.0,0.0
2021-11-03 00:00:00-04:00,38.75849496484611,39.15868256947929,37.87297497709253,38.162471771240234,44593100,0.0,0.0
2021-11-04 00:00:00-04:00,38.04222480802807,38.196833341183684,37.200469058945465,37.66429138183594,38172500,0.39,0.0
2021-11-05 00:00:00-04:00,41.306180142237984,41.92461432877633,39.98341958839838,41.75282669067383,173959100,0.0,0.0
2021-11-08 00:00:00-05:00,41.75282217354634,41.90743070345424,40.88529616944354,41.51232147216797,57423300,0.0,0.0
2021-11-09 00:00:00-05:00,41.51232198700858,41.555268073276444,40.49877862352064,40.62761688232422,29920400,0.0,0.0
2021-11-10 00:00:00-05:00,40.71351451370861,42.268184545340375,40.71351451370861,42.10498809814453,42696200,0.0,0.0
2021-11-11 00:00:00-05:00,42.28536389747402,43.37621159208799,41.8558964559682,43.10135269165039,42370400,0.0,0.0
2021-11-12 00:00:00-05:00,43.30749620903471,43.36762466665707,42.57740285257844,42.7148323059082,27780600,0.0,0.0
2021-11-15 00:00:00-05:00,42.714835071585334,43.03264008862938,42.40561796242818,42.646121978759766,27763200,0.0,0.0
2021-11-16 00:00:00-05:00,42.491509312938696,43.08417319709582,41.99332551270326,42.60316848754883,31297200,0.0,0.0
2021-11-17 00:00:00-05:00,42.89520207436116,43.88297838983781,42.68046837765547,43.69401168823242,36889800,0.0,0.0
2021-11-18 00:00:00-05:00,43.891569744357675,44.41552052973599,43.47069350063101,44.157840728759766,32872600,0.0,0.0
2021-11-19 00:00:00-05:00,44.63025640757382,45.38612003345788,43.53082078925272,43.63389205932617,47966200,0.0,0.0
2021-11-22 00:00:00-05:00,43.7627328629007,44.209379394420495,43.27314024262597,43.97746658325195,27287900,0.0,0.0
2021-11-23 00:00:00-05:00,43.44492604055863,44.192198438399714,43.204422055844034,43.874393463134766,24946200,0.0,0.0
2021-11-24 00:00:00-05:00,43.96029264529477,44.089134203238466,43.55659215520967,43.71120071411133,18556800,0.0,0.0
2021-11-26 00:00:00-05:00,46.41683880076906,47.189878178512224,45.73827950159709,46.38248062133789,66561300,0.0,0.0
2021-11-29 00:00:00-05:00,47.370257119562545,47.84267062009338,44.759094453598486,45.00818634033203,72660800,0.0,0.0
2021-11-30 00:00:00-05:00,44.93088026601666,46.77758810767685,44.58730503769205,46.15056610107422,64598400,0.0,0.0
2021-12-01 00:00:00-05:00,45.06831869097705,47.38744047670385,44.544367837738506,46.9665641784668,59810400,0.0,0.0
2021-12-02 00:00:00-05:00,46.227871395752516,47.310131095535404,45.3259904969843,45.55790328979492,46361700,0.0,0.0
2021-12-03 00:00:00-05:00,46.13339799217332,46.73465314655754,45.60944711873246,46.614402770996094,37574800,0.0,0.0
2021-12-06 00:00:00-05:00,46.19351360447558,46.28799695899606,44.02040955680968,44.21796417236328,53724000,0.0,0.0
2021-12-07 00:00:00-05:00,44.020413774420106,45.094082403064505,43.29032041757257,44.42411422729492,41575400,0.0,0.0
2021-12-08 00:00:00-05:00,45.30881069988412,45.59226075663999,43.831441795383505,44.14925003051758,37429200,0.0,0.0
2021-12-09 00:00:00-05:00,44.24372633483916,45.39469899978987,44.24372633483916,44.73332214355469,38325700,0.0,0.0
2021-12-10 00:00:00-05:00,43.9774678350412,45.394708463754355,43.900163562451276,45.3345832824707,26079400,0.0,0.0
2021-12-13 00:00:00-05:00,45.90148072111081,47.8684424646852,45.90148072111081,47.4132080078125,54923200,0.0,0.0
2021-12-14 00:00:00-05:00,47.04386193204379,48.05740531295479,46.65734059583597,47.70524215698242,48685700,0.0,0.0
2021-12-15 00:00:00-05:00,48.19483376910576,50.60843854106925,48.005867058261856,50.505367279052734,75202900,0.0,0.0
2021-12-16 00:00:00-05:00,50.12743905811304,52.76436882167152,49.603488268171034,52.60976028442383,75183600,0.0,0.0
2021-12-17 00:00:00-05:00,51.47596837849107,52.55822490153322,50.41947885372383,51.089447021484375,104192100,0.0,0.0
2021-12-20 00:00:00-05:00,52.05145419141369,53.004872464960826,51.39007719465965,52.412208557128906,55712200,0.0,0.0
2021-12-21 00:00:00-05:00,51.544685264892045,51.5704555416428,49.096721951064026,50.63421630859375,63877900,0.0,0.0
2021-12-22 00:00:00-05:00,50.891894456838024,52.0428673908068,50.00719252997476,51.149574279785156,62594900,0.0,0.0
2021-12-23 00:00:00-05:00,51.38148838598177,51.60481330760012,50.084498054712626,50.428070068359375,39203200,0.0,0.0
2021-12-27 00:00:00-05:00,50.54831265119351,51.00355033210765,50.0157739822911,50.848941802978516,27362600,0.0,0.0
2021-12-28 00:00:00-05:00,50.72010583793615,51.06368111295802,49.0280062913816,49.826812744140625,36901700,0.0,0.0
2021-12-29 00:00:00-05:00,49.225557138882344,49.84398799911447,49.0194113344207,49.45746994018555,26170200,0.0,0.0
2021-12-30 00:00:00-05:00,49.60348760648002,50.453834549999016,49.41452089090326,50.16179656982422,24559000,0.0,0.0
2021-12-31 00:00:00-05:00,50.273457684901004,51.364305380181854,50.19615341431964,50.7201042175293,28579600,0.0,0.0
2022-01-03 00:00:00-05:00,50.24769300044483,50.29063909128372,48.392393697645325,48.65866470336914,57219200,0.0,0.0
2022-01-04 00:00:00-05:00,48.28932890484764,48.46970447652377,46.33095478932478,46.83772659301758,66993100,0.0,0.0
2022-01-05 00:00:00-05:00,47.96292635970175,48.478286004249846,47.55922589630715,47.78255081176758,52956400,0.0,0.0
2022-01-06 00:00:00-05:00,47.37884754516792,47.78254798467727,46.80336275202409,47.10398864746094,37000400,0.0,0.0
2022-01-07 00:00:00-05:00,47.550630970738816,47.90279410707207,46.92360896100283,47.85984802246094,27703400,0.0,0.0
2022-01-10 00:00:00-05:00,47.85126554181751,48.3236791116055,47.01810086379839,48.30650329589844,34044700,0.0,0.0
2022-01-11 00:00:00-05:00,48.74455332343311,49.328629290580096,47.93715573429531,48.693016052246094,33576600,0.0,0.0
2022-01-12 00:00:00-05:00,48.392393697645325,49.096720072448505,48.014463511055745,48.65866470336914,27608500,0.0,0.0
2022-01-13 00:00:00-05:00,48.55558582006323,48.74455253478181,47.43038326825162,47.70524215698242,28117900,0.0,0.0
2022-01-14 00:00:00-05:00,47.224234249773595,47.56780947559478,46.820533850920135,47.19846725463867,27072500,0.0,0.0
2022-01-18 00:00:00-05:00,46.81195862107472,46.85490471678782,45.8928984111908,46.47697448730469,35598000,0.0,0.0
2022-01-19 00:00:00-05:00,46.08185671123436,46.80336212722765,45.91006908331663,45.98737335205078,27300400,0.0,0.0
2022-01-20 00:00:00-05:00,46.34812221809564,46.82912689808019,45.58367075061357,46.4254264831543,35105300,0.0,0.0
2022-01-21 00:00:00-05:00,46.743239435606526,47.129760826933726,45.05972768291125,45.343177795410156,41059000,0.0,0.0
2022-01-24 00:00:00-05:00,44.449876255486124,44.716147225183065,42.792131816102284,44.269500732421875,59036400,0.0,0.0
2022-01-25 00:00:00-05:00,44.114897403272344,45.386120674042445,44.01182613174413,45.128440856933594,43983200,0.0,0.0
2022-01-26 00:00:00-05:00,45.15421242096187,46.05609351031534,45.05972904726805,45.532142639160156,39644800,0.0,0.0
2022-01-27 00:00:00-05:00,45.8869840069895,47.23711145793343,45.8696742997543,46.18989562988281,36957200,0.4,0.0
2022-01-28 00:00:00-05:00,46.536078657923746,47.314995599023625,45.95621507699915,47.0207405090332,28590400,0.0,0.0
2022-01-31 00:00:00-05:00,46.73514438184273,46.85630904274254,45.34174417851616,45.601383209228516,38644600,0.0,0.0
2022-02-01 00:00:00-05:00,45.64465018782449,46.008144099294405,45.341735293444145,45.93025207519531,27883300,0.0,0.0
2022-02-02 00:00:00-05:00,45.73119277384432,46.84764395431479,45.39366178939709,46.61396789550781,32039300,0.0,0.0
2022-02-03 00:00:00-05:00,46.15527475040659,46.639933296984786,45.94756158652398,46.19854736328125,22635800,0.0,0.0
2022-02-04 00:00:00-05:00,45.886980573860065,46.24182129191083,45.549449561749434,45.86967086791992,24932200,0.0,0.0
2022-02-07 00:00:00-05:00,46.12930651008583,46.371639074192025,45.21191527218287,46.051414489746094,32358500,0.0,0.0
2022-02-08 00:00:00-05:00,43.82716576193931,44.831105458011805,43.00497300101627,44.74456024169922,67922000,0.0,0.0
2022-02-09 00:00:00-05:00,44.69263305805448,44.761871875280654,44.052190506154965,44.54550552368164,38522200,0.0,0.0
2022-02-10 00:00:00-05:00,44.17335988067782,44.458961778698786,43.61080598548572,43.79255294799805,34200600,0.0,0.0
2022-02-11 00:00:00-05:00,43.55888449739476,44.34645804804011,43.34251810104725,43.948341369628906,34997800,0.0,0.0
2022-02-14 00:00:00-05:00,43.11749510213432,43.70601196298273,41.957771088284716,43.10018539428711,42973100,0.0,0.0
2022-02-15 00:00:00-05:00,43.10018304889953,43.30789623027372,42.5895582504057,43.091529846191406,29150000,0.0,0.0
2022-02-16 00:00:00-05:00,42.91842680364251,43.948329380768826,42.7799524798147,42.99631881713867,27672600,0.0,0.0
2022-02-17 00:00:00-05:00,43.10883191131095,43.23864973785447,42.19143741688992,42.321258544921875,21231700,0.0,0.0
2022-02-18 00:00:00-05:00,42.217407796388294,42.857853745786386,41.7154395022019,42.001041412353516,26955300,0.0,0.0
2022-02-22 00:00:00-05:00,41.144230844692444,41.81063967882437,40.979790286010825,41.13557434082031,34814800,0.0,0.0
2022-02-23 00:00:00-05:00,41.18750545102711,41.680820547946254,40.48647717048929,40.564369201660156,25793000,0.0,0.0
2022-02-24 00:00:00-05:00,39.69024539595135,40.46916230692346,39.29213208802192,39.776790618896484,44227300,0.0,0.0
2022-02-25 00:00:00-05:00,39.64697186972632,41.56830284698528,39.58638955476478,41.300010681152344,31199200,0.0,0.0
2022-02-28 00:00:00-05:00,40.52109927567102,40.82401091618011,40.105676182334584,40.62495422363281,35296100,0.0,0.0
2022-03-01 00:00:00-05:00,40.40858338617903,40.79804352513652,39.32675150101317,39.59504699707031,29854500,0.0,0.0
2022-03-02 00:00:00-05:00,39.90660948874596,41.48175622762242,39.811407768019066,41.28269958496094,36516200,0.0,0.0
2022-03-03 00:00:00-05:00,41.265396745378055,42.05297024582574,41.092302979034706,41.39521789550781,30553300,0.0,0.0
2022-03-04 00:00:00-05:00,41.10961365625509,42.20875530176944,41.031721624636305,42.10490036010742,33217300,0.0,0.0
2022-03-07 00:00:00-05:00,41.7587081119721,42.26933286135939,41.1269187273893,41.52503204345703,33171300,0.0,0.0
2022-03-08 00:00:00-05:00,41.17884998032643,41.90583782923075,40.218182749290214,41.057682037353516,32913300,0.0,0.0
2022-03-09 00:00:00-05:00,41.654856695212686,42.598214250712246,41.54234525240385,42.191444396972656,24718900,0.0,0.0
2022-03-10 00:00:00-05:00,41.810642099535386,42.65879794622109,41.58561920667625,42.58090591430664,24542300,0.0,0.0
2022-03-11 00:00:00-05:00,42.52897718374626,44.05219842153198,42.355883411067545,43.506954193115234,33701900,0.0,0.0
2022-03-14 00:00:00-04:00,43.896408533020185,45.79177667361736,43.61080335076502,45.2205696105957,42314500,0.0,0.0
2022-03-15 00:00:00-04:00,45.540791942267184,45.80043092203035,44.29452285851076,45.185951232910156,30172100,0.0,0.0
2022-03-16 00:00:00-04:00,45.47155201468949,46.103341348094105,45.159983948574684,45.8004264831543,29891400,0.0,0.0
2022-03-17 00:00:00-04:00,45.800430756068394,46.9515014075487,45.68792262285491,46.942848205566406,30598600,0.0,0.0
2022-03-18 00:00:00-04:00,47.064013167279064,47.60060083408278,46.48414958579881,47.17652130126953,51815000,0.0,0.0
2022-03-21 00:00:00-04:00,46.942854014215,47.86024540633668,46.64859558807486,46.89957809448242,34592500,0.0,0.0
2022-03-22 00:00:00-04:00,46.908232955219354,47.012087895662034,45.436940876077145,45.904293060302734,32253600,0.0,0.0
2022-03-23 00:00:00-04:00,45.886981912182826,46.30240496239574,45.142681042493,45.168643951416016,29183700,0.0,0.0
2022-03-24 00:00:00-04:00,45.47155892753835,45.739851124100205,45.255192548897405,45.51483154296875,25177500,0.0,0.0
2022-03-25 00:00:00-04:00,45.64465177254616,46.086037723439496,45.44559180289059,45.67926788330078,17429600,0.0,0.0
2022-03-28 00:00:00-04:00,45.462896643622024,46.35432825530281,45.43693373796237,46.111995697021484,21863700,0.0,0.0
2022-03-29 00:00:00-04:00,46.73513843104848,46.80437725788326,45.54079508006033,45.6446533203125,39970000,0.0,0.0
2022-03-30 00:00:00-04:00,46.04276152642024,46.492803946102335,44.97823944392725,45.385005950927734,27599600,0.0,0.0
2022-03-31 00:00:00-04:00,45.004201914422424,45.76581240969868,44.779182357505285,44.805145263671875,26055200,0.0,0.0
2022-04-01 00:00:00-04:00,45.10806257191107,45.14268198552425,44.22528733370909,44.632057189941406,19073100,0.0,0.0
2022-04-04 00:00:00-04:00,44.813798334924414,44.891690354686276,43.5934922263143,44.08680725097656,20462800,0.0,0.0
2022-04-05 00:00:00-04:00,43.97430040060442,45.13402422768801,43.92237128542563,44.34645080566406,21176700,0.0,0.0
2022-04-06 00:00:00-04:00,44.27721866136039,45.94756748433997,44.27721866136039,45.757164001464844,31717500,0.0,0.0
2022-04-07 00:00:00-04:00,45.43693308159282,47.955437240341574,45.43693308159282,47.739070892333984,36305700,0.0,0.0
2022-04-08 00:00:00-04:00,47.47078535062901,48.102578124125316,47.133254305452915,47.74773406982422,24612200,0.0,0.0
2022-04-11 00:00:00-04:00,47.998714026026185,48.743014856172245,46.54473177678476,46.67455291748047,22054300,0.0,0.0
2022-04-12 00:00:00-04:00,46.12931152774244,46.67455572942886,45.566760920976776,45.964874267578125,22810700,0.0,0.0
2022-04-13 00:00:00-04:00,45.98218493061929,46.579354962943015,45.61003448538466,45.95621871948242,15777800,0.0,0.0
2022-04-14 00:00:00-04:00,46.21585858369813,46.657244531870425,45.904290478405294,45.97352600097656,17240100,0.0,0.0
2022-04-18 00:00:00-04:00,45.72254255720486,45.96487183334813,44.68398332853708,44.86573028564453,17065000,0.0,0.0
2022-04-19 00:00:00-04:00,44.70994658989311,44.90035005207664,42.728029847220824,43.42905807495117,33441500,0.0,0.0
2022-04-20 00:00:00-04:00,43.27327785779483,43.41175221488022,42.589559275284294,43.05691146850586,24751800,0.0,0.0
2022-04-21 00:00:00-04:00,43.212691218027985,43.28192673891281,42.338569243749696,42.50300979614258,19105600,0.0,0.0
2022-04-22 00:00:00-04:00,42.36453523910501,42.49435307816725,41.45579715971435,41.65485382080078,22156800,0.0,0.0
2022-04-25 00:00:00-04:00,41.41251853901438,42.57224232022496,40.78072918602863,42.364532470703125,27390600,0.0,0.0
2022-04-26 00:00:00-04:00,42.39915311780191,43.48963811336257,42.338567499975944,42.43376922607422,25366500,0.0,0.0
2022-04-27 00:00:00-04:00,42.503007958308004,43.1953796446618,41.724087747729605,43.04825210571289,25819200,0.0,0.0
2022-04-28 00:00:00-04:00,43.65407832407695,43.93968352178054,42.83188874605744,43.71466064453125,28225400,0.0,0.0
2022-04-29 00:00:00-04:00,43.160767028487584,43.56753690264739,42.407812907405706,42.4683952331543,28343300,0.0,0.0
2022-05-02 00:00:00-04:00,41.26539417501317,42.200095172663616,41.07499071374656,41.83660125732422,36228400,0.0,0.0
2022-05-03 00:00:00-04:00,42.29529340164486,43.30788964187893,41.282700462899314,42.658790588378906,33716900,0.0,0.0
2022-05-04 00:00:00-04:00,42.3126065385077,43.1607623077087,41.46445076930671,42.9790153503418,28613700,0.0,0.0
2022-05-05 00:00:00-04:00,42.80593115864086,42.88382320084177,41.152891864367916,41.93181228637695,28333000,0.0,0.0
2022-05-06 00:00:00-04:00,41.62023196903693,42.5982088130999,41.576959358553836,42.44242477416992,19891400,0.0,0.0
2022-05-09 00:00:00-04:00,41.87122142207802,42.554936651539975,41.343286943786616,42.09624099731445,25012300,0.0,0.0
2022-05-10 00:00:00-04:00,42.44243374128942,43.18673468421126,42.13951880093163,42.83189392089844,27335900,0.0,0.0
2022-05-11 00:00:00-04:00,42.468390112630274,43.48098642367376,42.43377070166547,42.79726791381836,29699500,0.0,0.0
2022-05-12 00:00:00-04:00,42.75364285045932,44.00135146930694,42.509337384977215,43.96644973754883,33468400,0.4,0.0
2022-05-13 00:00:00-04:00,43.957725405348384,44.31545983025261,43.34695842105983,43.55636215209961,22423700,0.0,0.0
2022-05-16 00:00:00-04:00,43.51274392313409,44.54232186995666,43.51274392313409,44.21076202392578,19435600,0.0,0.0
2022-05-17 00:00:00-04:00,44.45505797418981,44.95239593492077,43.783214706722475,44.79534149169922,19918200,0.0,0.0
2022-05-18 00:00:00-04:00,44.690646639006346,44.865148644663435,43.765770698326705,43.97517776489258,22276000,0.0,0.0
2022-05-19 00:00:00-04:00,43.62616449938144,44.402709694924475,43.268430083622995,44.19330596923828,19865500,0.0,0.0
2022-05-20 00:00:00-04:00,44.73427467053844,45.981983386347515,44.6121219283047,45.78130340576172,31250400,0.0,0.0
2022-05-23 00:00:00-04:00,45.877277939914656,46.85450313012257,45.79002361053124,46.139034271240234,24035800,0.0,0.0
2022-05-24 00:00:00-04:00,45.99071147965652,46.7759839370059,45.99071147965652,46.601478576660156,26729800,0.0,0.0
2022-05-25 00:00:00-04:00,46.41824618332439,47.15988975214721,46.28736634016146,46.86323165893555,24003900,0.0,0.0
2022-05-26 00:00:00-04:00,47.16861268308819,47.91897995523843,47.01155821653265,47.10753631591797,23516300,0.0,0.0
2022-05-27 00:00:00-04:00,47.04646256999965,47.47400052267158,46.69745518894913,47.03773880004883,21407500,0.0,0.0
2022-05-31 00:00:00-04:00,46.52293855803794,46.67999300638847,45.31885556348789,46.27863311767578,66058200,0.0,0.0
2022-06-01 00:00:00-04:00,46.461867485557946,46.48804212045785,45.23160971907685,45.69404602050781,17430600,0.0,0.0
2022-06-02 00:00:00-04:00,45.69404750456173,46.016883544736714,44.533593164674244,45.96453094482422,21903400,0.0,0.0
2022-06-03 00:00:00-04:00,45.77257089579793,46.70617054781012,45.77257089579793,46.41823959350586,18125000,0.0,0.0
2022-06-06 00:00:00-04:00,46.40951993978604,46.871959619973545,46.243741686685,46.47059631347656,16544400,0.0,0.0
2022-06-07 00:00:00-04:00,46.48804371023605,47.090086960821246,46.252462002843465,47.08135986328125,15091200,0.0,0.0
2022-06-08 00:00:00-04:00,47.16860889725325,47.604870529689656,46.60146744372106,46.6538200378418,12789800,0.0,0.0
2022-06-09 00:00:00-04:00,46.47932157482548,46.810881396337194,45.10946011319529,45.17926025390625,17572700,0.0,0.0
2022-06-10 00:00:00-04:00,44.769168295705626,44.82151755951627,43.582536165955084,43.5999870300293,23826000,0.0,0.0
2022-06-13 00:00:00-04:00,42.59658934021762,42.99794927919023,41.62808789691365,41.80259323120117,26989000,0.0,0.0
2022-06-14 00:00:00-04:00,41.66299007159722,42.291207950334226,41.20055375997828,41.811317443847656,23290300,0.0,0.0
2022-06-15 00:00:00-04:00,41.776415935802746,42.7361902206499,41.16564896889447,42.32610321044922,25748000,0.0,0.0
2022-06-16 00:00:00-04:00,41.61062774396379,41.88111111816346,41.0609405569943,41.427398681640625,20424500,0.0,0.0
2022-06-17 00:00:00-04:00,41.340157592795855,41.907295777883164,40.38037990290489,40.5985107421875,45047700,0.0,0.0
2022-06-21 00:00:00-04:00,41.28780985489336,42.265035197994955,40.96497710669614,41.97710418701172,19622100,0.0,0.0
2022-06-22 00:00:00-04:00,41.90730628025625,43.25972048546638,41.68045161505186,42.81473159790039,20382900,0.0,0.0
2022-06-23 00:00:00-04:00,42.95432975795414,43.77450061635606,42.736198891829,43.7047004699707,20061700,0.0,0.0
2022-06-24 00:00:00-04:00,44.19331036421171,45.05710664329216,43.88792518529851,45.01348114013672,24343200,0.0,0.0
2022-06-27 00:00:00-04:00,44.91749935628961,45.57189183524793,44.72554316403658,45.266510009765625,16154300,0.0,0.0
2022-06-28 00:00:00-04:00,45.222891977801424,45.34504472816533,43.983906948940096,44.2020378112793,16417900,0.0,0.0
2022-06-29 00:00:00-04:00,44.26310194928042,44.88259262823743,44.20202559098392,44.44633102416992,13925700,0.0,0.0
2022-06-30 00:00:00-04:00,45.10073019047994,46.14775886286488,44.577217518493676,45.74639892578125,33495700,0.0,0.0
2022-07-01 00:00:00-04:00,45.406111434662776,45.69404238086443,44.71681725762872,45.641693115234375,16143300,0.0,0.0
2022-07-05 00:00:00-04:00,45.15308412072409,45.275236859229324,43.97517890980933,45.057106018066406,18406800,0.0,0.0
2022-07-06 00:00:00-04:00,45.05710284885955,46.20883334291684,45.00475358084657,46.025604248046875,21305500,0.0,0.0
2022-07-07 00:00:00-04:00,46.200111454006624,46.71490035702246,46.06050785293855,46.61019515991211,17847600,0.0,0.0
2022-07-08 00:00:00-04:00,46.28736508093204,47.04645949675323,46.03433249952078,46.392066955566406,11322700,0.0,0.0
2022-07-11 00:00:00-04:00,46.243740405556636,46.889409188928234,46.02560955458703,46.147762298583984,12921400,0.0,0.0
2022-07-12 00:00:00-04:00,45.97325467295261,46.0517819085451,45.1181821789524,45.4061164855957,14633500,0.0,0.0
2022-07-13 00:00:00-04:00,45.249060833929896,45.641697001649064,44.9436756686317,45.187984466552734,12927300,0.0,0.0
2022-07-14 00:00:00-04:00,44.2805633600513,45.01348316259556,44.17586148209147,44.8389778137207,14023800,0.0,0.0
2022-07-15 00:00:00-04:00,44.53359301556869,45.292687405489616,44.001353234350724,45.15308380126953,19885700,0.0,0.0
2022-07-18 00:00:00-04:00,45.336308077556936,45.34503517412291,44.0798757734377,44.280555725097656,15742900,0.0,0.0
2022-07-19 00:00:00-04:00,44.53359079586121,44.94367449058571,44.15840550414293,44.8215217590332,13402100,0.0,0.0
2022-07-20 00:00:00-04:00,44.83897470404856,44.900051072657085,44.07115321929675,44.341636657714844,12774400,0.0,0.0
2022-07-21 00:00:00-04:00,44.12350636889008,44.62084442142354,43.783222788568494,44.6033935546875,15103800,0.0,0.0
2022-07-22 00:00:00-04:00,44.72554979053231,44.961131517270346,44.45506965600597,44.69937515258789,10932100,0.0,0.0
2022-07-25 00:00:00-04:00,44.79534315340846,45.2665065005512,44.79534315340846,45.170528411865234,12995800,0.0,0.0
2022-07-26 00:00:00-04:00,45.23160897480256,46.11285606219317,45.11818001141546,45.63296890258789,16632500,0.0,0.0
2022-07-27 00:00:00-04:00,45.31886003057696,45.58934345793381,44.66446754075016,45.32758712768555,19203500,0.0,0.0
2022-07-28 00:00:00-04:00,44.71208408826697,46.01344173884409,43.173320086252524,44.5977783203125,38984900,0.4,0.0
2022-07-29 00:00:00-04:00,44.45708763515597,44.5889796685806,43.33158949534609,44.41312026977539,25037900,0.0,0.0
2022-08-01 00:00:00-04:00,44.24606068179406,45.10776814357648,44.096582356186644,44.50105667114258,19709900,0.0,0.0
2022-08-02 00:00:00-04:00,44.75605230464007,45.25724946358733,43.63934886238794,43.69210433959961,17802000,0.0,0.0
2022-08-03 00:00:00-04:00,43.780032962930264,44.026234119021716,43.38435013761244,43.841583251953125,16500100,0.0,0.0
2022-08-04 00:00:00-04:00,43.87675580403453,44.00864784298101,43.27004102046747,43.841583251953125,17026300,0.0,0.0
2022-08-05 00:00:00-04:00,43.64813740252582,43.93830592472697,43.138148816256006,43.32279968261719,16376600,0.0,0.0
2022-08-08 00:00:00-04:00,43.42831667390915,43.797621783743246,43.032633825600975,43.58658981323242,16071800,0.0,0.0
2022-08-09 00:00:00-04:00,43.74485868377768,44.06140493153452,43.54262154865282,43.771236419677734,12095600,0.0,0.0
2022-08-10 00:00:00-04:00,43.90314049729585,44.0086548160193,43.41952956938702,43.92072677612305,17355100,0.0,0.0
2022-08-11 00:00:00-04:00,42.399547420624145,43.19970463145691,42.03903710264981,42.461097717285156,44048800,0.0,0.0
2022-08-12 00:00:00-04:00,42.68970588522435,44.30760632965494,42.68970588522435,44.061405181884766,25835500,0.0,0.0
2022-08-15 00:00:00-04:00,43.93830345869626,44.026231479388784,43.4283115468105,43.74485778808594,15797800,0.0,0.0
2022-08-16 00:00:00-04:00,43.419522689693835,44.12295696012598,43.40193641365314,43.841583251953125,12874800,0.0,0.0
2022-08-17 00:00:00-04:00,43.65693221763207,43.84158308399325,43.30521340664386,43.32279968261719,13607200,0.0,0.0
2022-08-18 00:00:00-04:00,43.42830917636674,43.54261828041888,42.540224140586226,42.71608352661133,18916300,0.0,0.0
2022-08-19 00:00:00-04:00,42.94471049271387,43.48108026196209,42.84798763540816,43.21729278564453,15350200,0.0,0.0
2022-08-22 00:00:00-04:00,43.27003828743733,43.43710622215203,42.85677256642075,42.997459411621094,13601200,0.0,0.0
2022-08-23 00:00:00-04:00,42.57539981317065,42.66333119668327,41.995066098944605,42.21488952636719,16248900,0.0,0.0
2022-08-24 00:00:00-04:00,42.11816793048127,42.21488741615142,41.66093482178951,41.704898834228516,15551500,0.0,0.0
2022-08-25 00:00:00-04:00,41.78403534545309,42.16213188958065,41.56421192929703,42.118167877197266,14460000,0.0,0.0
2022-08-26 00:00:00-04:00,41.8719637782036,42.17092376125836,41.063015208902,41.16852951049805,16546700,0.0,0.0
2022-08-29 00:00:00-04:00,40.78164516036622,41.05422407679581,40.55302690645295,40.649749755859375,13400500,0.0,0.0
2022-08-30 00:00:00-04:00,40.74646816034945,40.75525962104579,40.27164878100887,40.31561279296875,16303000,0.0,0.0
2022-08-31 00:00:00-04:00,40.456302432457804,40.70250695403455,39.682526376757586,39.77045440673828,26416800,0.0,0.0
2022-09-01 00:00:00-04:00,39.69132318287635,41.01905875235669,39.69132318287635,41.00147247314453,19947600,0.0,0.0
2022-09-02 00:00:00-04:00,41.09818971840092,41.150945194592154,40.03424177394008,40.18372344970703,14667700,0.0,0.0
2022-09-06 00:00:00-04:00,40.41233630319355,40.83439686265049,40.03423975642685,40.23647689819336,17153500,0.0,0.0
2022-09-07 00:00:00-04:00,40.18372062990081,40.6321589172548,39.90234692916123,40.56181716918945,15378900,0.0,0.0
2022-09-08 00:00:00-04:00,40.46509189365983,41.43231351242204,40.33319651190185,41.39714431762695,18271000,0.0,0.0
2022-09-09 00:00:00-04:00,41.50265942074184,42.19730218364936,41.41472804644022,42.065406799316406,17501700,0.0,0.0
2022-09-12 00:00:00-04:00,42.276440839213514,42.513847175999686,41.93351349379533,41.99506378173828,13744800,0.0,0.0
2022-09-13 00:00:00-04:00,41.4411126496968,41.608177243677076,40.465096114744256,40.61457443237305,16603200,0.0,0.0
2022-09-14 00:00:00-04:00,40.62337457250033,40.80802546703577,40.25406942918976,40.579410552978516,17162500,0.0,0.0
2022-09-15 00:00:00-04:00,40.54423035102106,40.70250347484884,40.18372009213314,40.39474868774414,15802000,0.0,0.0
2022-09-16 00:00:00-04:00,40.526643407672175,40.99266795668402,40.130960604624846,40.47388458251953,30629500,0.0,0.0
2022-09-19 00:00:00-04:00,40.16613295852432,40.3419923539351,39.37476735629531,39.955101013183594,16256200,0.0,0.0
2022-09-20 00:00:00-04:00,39.5682115494581,39.805621221263515,39.07580593153886,39.36597442626953,15369000,0.0,0.0
2022-09-21 00:00:00-04:00,39.40115022704809,39.5506285396493,38.600993128283825,38.61857604980469,17505200,0.0,0.0
2022-09-22 00:00:00-04:00,38.39875501005259,39.56821726365781,38.26686296505067,39.190120697021484,18508100,0.0,0.0
2022-09-23 00:00:00-04:00,39.075804951859844,39.18132259506491,38.31961530098945,38.75926208496094,18871700,0.0,0.0
2022-09-26 00:00:00-04:00,38.52185769345117,38.979090813893706,38.398753759523416,38.53944396972656,18680200,0.0,0.0
2022-09-27 00:00:00-04:00,38.88236406935685,39.198910302067645,38.4603035438221,38.7680549621582,21562700,0.0,0.0
2022-09-28 00:00:00-04:00,39.27804903159495,39.4011529704864,38.88236953928164,39.067020416259766,16532600,0.0,0.0
2022-09-29 00:00:00-04:00,39.04943233804366,39.2340832065044,38.644958048775585,38.82960891723633,13559900,0.0,0.0
2022-09-30 00:00:00-04:00,38.83840028978213,39.2252916562353,38.45151227756816,38.47789001464844,22962300,0.0,0.0
2022-10-03 00:00:00-04:00,38.75047287252742,38.93512374347056,38.24048427360266,38.8120231628418,22834300,0.0,0.0
2022-10-04 00:00:00-04:00,38.908744369975196,39.427527762411096,38.76805751885219,39.0933952331543,28198800,0.0,0.0
2022-10-05 00:00:00-04:00,38.79443359375,39.01425699885504,38.407545608291166,38.79443359375,15673400,0.0,0.0
2022-10-06 00:00:00-04:00,38.4778963099015,38.49548258891199,37.84480703672255,37.888771057128906,22068200,0.0,0.0
2022-10-07 00:00:00-04:00,37.85359204928192,37.85359204928192,36.859989257046244,37.211708068847656,20095000,0.0,0.0
2022-10-10 00:00:00-04:00,37.23808510747632,37.47549479785459,36.71051025390625,36.71051025390625,17888000,0.0,0.0
2022-10-11 00:00:00-04:00,36.6313704960818,37.43152752162249,36.44671964885829,36.8599853515625,20981200,0.0,0.0
2022-10-12 00:00:00-04:00,37.00947346178374,37.93273121322132,36.85999178254255,36.95671463012695,18803600,0.0,0.0
2022-10-13 00:00:00-04:00,36.71930242086847,37.95031490852744,36.66654694704027,37.79204177856445,23135200,0.0,0.0
2022-10-14 00:00:00-04:00,37.71290498895426,38.14376036334035,37.24688041697189,37.686527252197266,16980500,0.0,0.0
2022-10-17 00:00:00-04:00,37.97669074567404,38.52185521238124,37.97669074567404,38.381168365478516,16678400,0.0,0.0
2022-10-18 00:00:00-04:00,38.732882413137254,39.0054646366913,38.35478589675924,38.7680549621582,18442800,0.0,0.0
2022-10-19 00:00:00-04:00,38.60978342003453,38.75047026761566,37.58101147601737,37.906349182128906,23054700,0.0,0.0
2022-10-20 00:00:00-04:00,38.047041746057396,38.17014233690615,37.651358879586724,37.73049545288086,17715000,0.0,0.0
2022-10-21 00:00:00-04:00,38.08220898877851,39.708900891029245,37.800835290597185,39.52425003051758,36575700,0.0,0.0
2022-10-24 00:00:00-04:00,39.638563102300225,40.33320260229943,39.559426532143426,40.04303741455078,24972000,0.0,0.0
2022-10-25 00:00:00-04:00,39.80562428373514,40.28923512458766,39.47149175464613,40.086997985839844,23127000,0.0,0.0
2022-10-26 00:00:00-04:00,40.37716309932895,41.01905042035021,40.11337567320793,40.500267028808594,21407900,0.0,0.0
2022-10-27 00:00:00-04:00,40.28043760754268,40.5442249943244,40.166128510049774,40.21888732910156,20377700,0.0,0.0
2022-10-28 00:00:00-04:00,40.42992234806254,41.78403539831438,40.385958335623535,41.704898834228516,27854000,0.0,0.0
2022-10-31 00:00:00-04:00,41.39714977673068,41.66972868209218,40.92233036487348,40.931121826171875,29961700,0.0,0.0
2022-11-01 00:00:00-04:00,42.20609806513558,42.57539981317065,41.67852318101711,42.21488952636719,30614500,0.0,0.0
2022-11-02 00:00:00-04:00,42.00385766037753,42.35557310446268,41.28283714262805,41.38835144042969,25813100,0.0,0.0
2022-11-03 00:00:00-04:00,41.11343389498588,41.503637825419936,40.936067241884025,41.29966735839844,20124600,0.4,0.0
2022-11-04 00:00:00-04:00,42.09780988802731,42.15988770073326,41.33513575136902,41.876102447509766,24528500,0.0,0.0
2022-11-07 00:00:00-05:00,41.822900121729035,42.25744828382198,41.45929997915648,41.76082229614258,20304400,0.0,0.0
2022-11-08 00:00:00-05:00,41.716482731218235,42.34613119997087,41.45930122719661,41.991397857666016,18054500,0.0,0.0
2022-11-09 00:00:00-05:00,41.82289741458673,42.12441971205568,41.414956477713304,41.43269348144531,15348100,0.0,0.0
2022-11-10 00:00:00-05:00,42.15102783821065,42.346131516234244,41.547983181581266,42.01800537109375,20480600,0.0,0.0
2022-11-11 00:00:00-05:00,41.74308545731182,42.301789272800136,41.06909618412595,42.213104248046875,20909800,0.0,0.0
2022-11-14 00:00:00-05:00,42.558969760909996,44.18186677105173,42.50575874731982,43.66750717163086,26143000,0.0,0.0
2022-11-15 00:00:00-05:00,43.75618551028688,43.924681966129356,42.7274630060652,43.073326110839844,25440500,0.0,0.0
2022-11-16 00:00:00-05:00,43.27729739670645,43.5078750596028,42.61217498779297,42.61217498779297,15822200,0.0,0.0
2022-11-17 00:00:00-05:00,42.390470536765015,43.01125217255407,42.15102604654691,42.86049270629883,13231100,0.0,0.0
2022-11-18 00:00:00-05:00,43.13540877305324,43.303908630799555,42.45254929694595,42.77180862426758,20666500,0.0,0.0
2022-11-21 00:00:00-05:00,42.656514756181224,42.816144401034094,42.31952184636953,42.72746276855469,14736000,0.0,0.0
2022-11-22 00:00:00-05:00,42.86935628159868,43.67637133231795,42.78067464731689,43.525611877441406,16358600,0.0,0.0
2022-11-23 00:00:00-05:00,43.41919184662171,43.64976951910174,43.02898790171628,43.32164001464844,10710800,0.0,0.0
2022-11-25 00:00:00-05:00,43.39258836255082,43.64976985189795,43.31277353423576,43.640899658203125,6760200,0.0,0.0
2022-11-28 00:00:00-05:00,43.614296170789835,44.11092214881352,43.50787752656608,43.96015930175781,20704000,0.0,0.0
2022-11-29 00:00:00-05:00,43.898080372562326,44.04883983283606,43.543347056760716,43.88921356201172,17160900,0.0,0.0
2022-11-30 00:00:00-05:00,44.02223893784723,44.456787109375,43.49014231184262,44.456787109375,35572700,0.0,0.0
2022-12-01 00:00:00-05:00,44.61641499257664,45.37021907982075,44.58980779424714,45.29927444458008,23592600,0.0,0.0
2022-12-02 00:00:00-05:00,44.8381208680923,45.52098029562254,44.767172852406645,45.14850997924805,16881600,0.0,0.0
2022-12-05 00:00:00-05:00,45.14851363740709,45.25493228657056,44.651887636331175,44.98888397216797,17959800,0.0,0.0
2022-12-06 00:00:00-05:00,44.93567219859388,45.09530186114206,43.614297460041236,44.08431625366211,21787100,0.0,0.0
2022-12-07 00:00:00-05:00,44.11978462222995,45.361347753738904,44.11978462222995,44.5543327331543,15929900,0.0,0.0
2022-12-08 00:00:00-05:00,44.501125074452474,45.99986640178308,44.35923242442701,45.92005157470703,26116800,0.0,0.0
2022-12-09 00:00:00-05:00,45.89345180898664,46.860096629751474,45.787033157825604,45.86684799194336,19933500,0.0,0.0
2022-12-12 00:00:00-05:00,46.22157555101029,46.638386705595835,45.89344942026621,46.257049560546875,18532200,0.0,0.0
2022-12-13 00:00:00-05:00,47.09066784117277,47.92429013891589,46.89556755737162,47.064064025878906,29461800,0.0,0.0
2022-12-14 00:00:00-05:00,47.12613910199038,48.71356539304646,46.91330182607603,48.314491271972656,36260300,0.0,0.0
2022-12-15 00:00:00-05:00,47.95089445054867,48.27015376933045,47.35672001625081,47.54295349121094,21627100,0.0,0.0
2022-12-16 00:00:00-05:00,47.0108506754949,47.12613950768371,45.58305740356445,45.58305740356445,65689500,0.0,0.0
2022-12-19 00:00:00-05:00,45.689477183395,45.946658668166386,44.962276930790644,45.547584533691406,16081900,0.0,0.0
2022-12-20 00:00:00-05:00,45.41455602387636,45.680604303551824,45.08642992504286,45.512107849121094,12433800,0.0,0.0
2022-12-21 00:00:00-05:00,45.769288335228794,46.257044067983635,45.40568823812202,45.813629150390625,12925000,0.0,0.0
2022-12-22 00:00:00-05:00,45.591927953351664,45.8491094527948,45.18398698505499,45.7958984375,14822300,0.0,0.0
2022-12-23 00:00:00-05:00,45.72494914575085,46.07081225249208,45.441163859040735,45.964393615722656,10666500,0.0,0.0
2022-12-27 00:00:00-05:00,45.991005815080165,46.05308364643044,45.272672274185176,45.34362030029297,12033800,0.0,0.0
2022-12-28 00:00:00-05:00,45.27266419360705,45.574186484771204,45.00661590916515,45.05095672607422,10053900,0.0,0.0
2022-12-29 00:00:00-05:00,45.246066137062016,45.82250359619944,45.21946232012906,45.5209846496582,8971300,0.0,0.0
2022-12-30 00:00:00-05:00,45.48551056124519,45.58306240048438,45.00662155933712,45.44116973876953,11396200,0.0,0.0
2023-01-03 00:00:00-05:00,45.2371929704849,45.5209816587379,45.06869650266727,45.458900451660156,15603800,0.0,0.0
2023-01-04 00:00:00-05:00,44.598679768508745,44.90020209204145,43.915820289243875,44.456787109375,21808400,0.0,0.0
2023-01-05 00:00:00-05:00,44.10204821706715,44.33262587349439,43.38371481771871,44.03997039794922,20057400,0.0,0.0
2023-01-06 00:00:00-05:00,44.32375273187737,45.76041605201379,43.9512858419479,45.157371520996094,29635900,0.0,0.0
2023-01-09 00:00:00-05:00,44.385829772523074,44.57206321423884,42.84274785118229,42.913692474365234,30839100,0.0,0.0
2023-01-10 00:00:00-05:00,42.87822419491137,42.98464621837231,42.01800149468805,42.230838775634766,29212000,0.0,0.0
2023-01-11 00:00:00-05:00,42.3017894279117,42.33726343794308,41.556852132191686,42.080081939697266,23022200,0.0,0.0
2023-01-12 00:00:00-05:00,41.9204497486808,42.319523879990086,41.3085383359983,42.31065368652344,23345300,0.0,0.0
2023-01-13 00:00:00-05:00,42.12441773049024,42.709725294162816,42.115550920535114,42.43480682373047,18737500,0.0,0.0
2023-01-17 00:00:00-05:00,41.27306469418594,41.45043135222854,40.53699424735482,40.8651237487793,29391400,0.0,0.0
2023-01-18 00:00:00-05:00,40.395096716862305,40.661144980287645,39.8807371919716,39.90734100341797,33835000,0.0,0.0
2023-01-19 00:00:00-05:00,39.65903086994596,40.14678659726317,39.58808286008809,39.87186813354492,26614900,0.0,0.0
2023-01-20 00:00:00-05:00,40.15565370417449,40.288679532148784,39.66789797324762,40.0048942565918,25197600,0.0,0.0
2023-01-23 00:00:00-05:00,39.94282512458255,40.19113644894347,39.7477214365915,39.88961410522461,19398600,0.0,0.0
2023-01-24 00:00:00-05:00,39.83639519956663,39.863002395472286,39.1535391927572,39.65016174316406,18853100,0.0,0.0
2023-01-25 00:00:00-05:00,39.93395119183128,40.00489921100075,39.54374723536242,39.969425201416016,20828000,0.0,0.0
2023-01-26 00:00:00-05:00,39.55773776818375,39.64723354529281,39.0297044895321,39.60248565673828,38465500,0.41,0.0
2023-01-27 00:00:00-05:00,39.575641553059754,39.68303717910958,39.1818519008014,39.19080352783203,23798600,0.0,0.0
2023-01-30 00:00:00-05:00,39.19080020211688,39.50403884069983,38.84176188654015,38.97600555419922,24402200,0.0,0.0
2023-01-31 00:00:00-05:00,38.48377159880131,39.629333939945624,38.21528085185125,39.52193832397461,49722500,0.0,0.0
2023-02-01 00:00:00-05:00,39.29819105498407,39.5398337243305,38.85070538894506,39.351890563964844,24482300,0.0,0.0
2023-02-02 00:00:00-05:00,39.0476116064574,39.79043625425553,38.93126434329178,39.683040618896484,35279200,0.0,0.0
2023-02-03 00:00:00-05:00,39.70093245269101,39.72778050260404,39.271346583857635,39.43244171142578,23742000,0.0,0.0
2023-02-06 00:00:00-05:00,39.548786044987686,39.647233447993095,39.13710000882421,39.16394805908203,18071200,0.0,0.0
2023-02-07 00:00:00-05:00,39.21764951631542,39.289248872609726,38.70751605187673,39.01180648803711,22999500,0.0,0.0
2023-02-08 00:00:00-05:00,38.976001887384555,39.46823545058263,38.958102050571654,39.36083984375,19362300,0.0,0.0
2023-02-09 00:00:00-05:00,39.48613969267679,39.67408629315818,38.69856726931206,38.788063049316406,20809200,0.0,0.0
2023-02-10 00:00:00-05:00,38.93126073046582,39.360846646082074,38.71646606563501,39.2713508605957,18619600,0.0,0.0
2023-02-13 00:00:00-05:00,39.09235057834705,39.38768936166833,38.94020366678253,39.36979293823242,17878000,0.0,0.0
2023-02-14 00:00:00-05:00,39.459293251015986,39.55774066146351,39.002859291903754,39.12815475463867,17506900,0.0,0.0
2023-02-15 00:00:00-05:00,38.859660272703394,39.02970703998566,38.58222129710859,38.770164489746094,18994700,0.0,0.0
2023-02-16 00:00:00-05:00,38.61802085832111,38.64486891031749,38.2779307388374,38.43902587890625,17832000,0.0,0.0
2023-02-17 00:00:00-05:00,38.385324197410604,38.81491007536697,38.10788523829747,38.671714782714844,18293400,0.0,0.0
2023-02-21 00:00:00-05:00,38.31372602357843,38.421121633292735,38.14367927631549,38.21527862548828,17356600,0.0,0.0
2023-02-22 00:00:00-05:00,38.23318065158636,38.38532415622126,37.866242501181226,37.928890228271484,17394200,0.0,0.0
2023-02-23 00:00:00-05:00,37.848347776644786,38.26003387144614,37.78570004109003,37.857295989990234,21104300,0.0,0.0
2023-02-24 00:00:00-05:00,37.61565365848929,37.633553499414816,37.15026803656229,37.36506271362305,16806100,0.0,0.0
2023-02-27 00:00:00-05:00,37.08761010061386,37.34715260158699,36.45218128571658,36.49692916870117,26370300,0.0,0.0
2023-02-28 00:00:00-05:00,36.24634655993663,36.434289759765406,35.87940837329909,36.30899429321289,31086900,0.0,0.0
2023-03-01 00:00:00-05:00,36.300043416683536,36.47903497631342,35.92415363056143,35.95995330810547,21104400,0.0,0.0
2023-03-02 00:00:00-05:00,35.85255132231515,36.4969283334445,35.628808498468054,36.35373306274414,19110600,0.0,0.0
2023-03-03 00:00:00-05:00,36.613280765312325,36.854923459121565,36.46113726219819,36.82807540893555,20922000,0.0,0.0
2023-03-06 00:00:00-05:00,36.774378450411824,36.92652196410023,36.53273573980793,36.79227828979492,19434800,0.0,0.0
2023-03-07 00:00:00-05:00,36.74752996812863,36.810177698213366,35.88835475802538,36.1031494140625,23205800,0.0,0.0
2023-03-08 00:00:00-05:00,36.08524495477273,36.30898779472744,35.71830683380879,35.90625,16756100,0.0,0.0
2023-03-09 00:00:00-05:00,36.16580216215585,36.30899748136722,35.18133476933342,35.31557846069336,18585100,0.0,0.0
2023-03-10 00:00:00-05:00,35.16343389588609,35.736215155924604,35.10973437249037,35.2529296875,26328100,0.0,0.0
2023-03-13 00:00:00-04:00,35.136576199546475,36.255290466667155,35.136576199546475,35.673561096191406,35299400,0.0,0.0
2023-03-14 00:00:00-04:00,35.84360186934771,35.933101052736255,35.369268146545075,35.70935821533203,24583600,0.0,0.0
2023-03-15 00:00:00-04:00,35.58406434396694,36.27319278940522,35.31557358427489,36.0494499206543,25498400,0.0,0.0
2023-03-16 00:00:00-04:00,35.85255449756766,36.237392461791096,35.54826409362459,36.1299934387207,21095900,0.0,0.0
2023-03-17 00:00:00-04:00,36.36269246468261,36.50588776600905,35.789911259376815,35.88835525512695,57457800,0.0,0.0
2023-03-20 00:00:00-04:00,35.92415201471761,36.568532525345915,35.74515704909364,36.52378463745117,20825400,0.0,0.0
2023-03-21 00:00:00-04:00,36.56853277814064,36.61328066634473,36.07629917980571,36.3895378112793,19982000,0.0,0.0
2023-03-22 00:00:00-04:00,36.42534431782773,36.55958800761293,35.78991530965906,35.80781173706055,15444200,0.0,0.0
2023-03-23 00:00:00-04:00,35.95100168169688,36.24634390036747,35.79885817320245,35.95995330810547,16958100,0.0,0.0
2023-03-24 00:00:00-04:00,35.87940127819426,36.21053971917877,35.68250649023576,36.147891998291016,17218100,0.0,0.0
2023-03-27 00:00:00-04:00,36.282140999152844,36.35373693510708,35.772007579566136,35.995750427246094,20262800,0.0,0.0
2023-03-28 00:00:00-04:00,35.97785254569093,36.0673483240104,35.67356211974157,35.78990936279297,13537500,0.0,0.0
2023-03-29 00:00:00-04:00,35.942054511511756,36.040501920589875,35.789910998605755,36.02260208129883,14429500,0.0,0.0
2023-03-30 00:00:00-04:00,36.17474279497001,36.237393934663295,36.02259929383702,36.138946533203125,12634500,0.0,0.0
2023-03-31 00:00:00-04:00,36.291092489770946,36.54168682336418,36.04944978275885,36.514835357666016,23393600,0.0,0.0
2023-04-03 00:00:00-04:00,36.4163913587513,37.11447149348708,36.380595091211305,37.00707244873047,20817200,0.0,0.0
2023-04-04 00:00:00-04:00,37.08761393609034,37.168161499410424,36.479033105237505,36.604331970214844,19514500,0.0,0.0
2023-04-05 00:00:00-04:00,36.95337079185449,37.785694486494435,36.84597176322383,37.18606185913086,29697600,0.0,0.0
2023-04-06 00:00:00-04:00,37.5261573140069,37.678300838559835,37.02497201762653,37.141319274902344,25931800,0.0,0.0
2023-04-10 00:00:00-04:00,36.82807488223049,37.35610815062221,36.80122341838346,37.3471565246582,15137300,0.0,0.0
2023-04-11 00:00:00-04:00,37.40980422998058,37.57985098275478,37.320308454658885,37.400856018066406,15304100,0.0,0.0
2023-04-12 00:00:00-04:00,37.257665516509,37.40086082385043,36.93547522147942,37.02497100830078,17035100,0.0,0.0
2023-04-13 00:00:00-04:00,37.16816372357955,37.32031064741983,36.96232069700933,37.11446762084961,22880900,0.0,0.0
2023-04-14 00:00:00-04:00,37.15026311686765,37.3292580883736,36.63118145495002,36.86387252807617,20627500,0.0,0.0
2023-04-17 00:00:00-04:00,36.80121992504208,36.94441520046853,36.65802464961564,36.85491943359375,17608600,0.0,0.0
2023-04-18 00:00:00-04:00,36.94441678986604,36.989168089273356,36.27318826729408,36.29108810424805,18541500,0.0,0.0
2023-04-19 00:00:00-04:00,36.18369998138084,36.300047238626306,35.97785693489764,36.01365661621094,17214300,0.0,0.0
2023-04-20 00:00:00-04:00,35.870462096172446,35.968906100887054,35.610919521994745,35.664615631103516,20131600,0.0,0.0
2023-04-21 00:00:00-04:00,35.879401726192945,36.06734489120291,35.718306609314475,35.98679733276367,19227100,0.0,0.0
2023-04-24 00:00:00-04:00,35.96890222947196,35.977853856056996,35.539316332611136,35.71831130981445,17633700,0.0,0.0
2023-04-25 00:00:00-04:00,35.57511272415346,35.72725622159068,35.15447507869426,35.19922637939453,24492400,0.0,0.0
2023-04-26 00:00:00-04:00,35.04708002826709,35.07392807788059,34.36690326371373,34.57274627685547,22401400,0.0,0.0
2023-04-27 00:00:00-04:00,34.563800753079114,34.75174737568985,34.286361753972116,34.671199798583984,22434000,0.0,0.0
2023-04-28 00:00:00-04:00,34.63539564964499,34.823338833970176,34.56379629520961,34.80543899536133,21003600,0.0,0.0
2023-05-01 00:00:00-04:00,34.903884219995085,35.36926975261375,34.778588771606394,35.091827392578125,23917800,0.0,0.0
2023-05-02 00:00:00-04:00,35.16343123215608,35.906255805608204,34.57275017573143,34.95758819580078,38834100,0.0,0.0
2023-05-03 00:00:00-04:00,35.08288406210894,35.25292742086042,34.33110785313355,34.41165542602539,27721900,0.0,0.0
2023-05-04 00:00:00-04:00,34.161060307931315,34.39375480837764,34.02681663217719,34.214759826660156,23675100,0.0,0.0
2023-05-05 00:00:00-04:00,34.3490013358165,34.456396941780426,34.08945882519598,34.44744873046875,19221400,0.0,0.0
2023-05-08 00:00:00-04:00,34.483251743521414,34.66224673121509,34.322156596001655,34.60854721069336,20101700,0.0,0.0
2023-05-09 00:00:00-04:00,34.438507080078125,34.60855045661041,34.35795949876373,34.438507080078125,15987900,0.0,0.0
2023-05-10 00:00:00-04:00,34.6085471069648,34.65329841428816,34.08051718662148,34.277408599853516,15858200,0.0,0.0
2023-05-11 00:00:00-04:00,34.01505357844721,34.06028912508688,33.66223840097894,33.99696350097656,28566400,0.41,0.0
2023-05-12 00:00:00-04:00,34.024103265873535,34.123615950403526,33.68033311503933,33.78889083862305,16511600,0.0,0.0
2023-05-15 00:00:00-04:00,33.74365563555301,33.79793621784269,33.481304664300794,33.61700439453125,16650400,0.0,0.0
2023-05-16 00:00:00-04:00,33.490356473504136,33.689381843975426,33.3184731223621,33.48130798339844,25451700,0.0,0.0
2023-05-17 00:00:00-04:00,33.454164126697854,33.51748974347601,33.02897488462682,33.24609375,23206400,0.0,0.0
2023-05-18 00:00:00-04:00,33.20991291442956,33.273238543062774,32.72139796412653,33.0018424987793,27772400,0.0,0.0
2023-05-19 00:00:00-04:00,33.15563675779555,34.060292566183,33.03803053642852,33.26419448852539,33061400,0.0,0.0
2023-05-22 00:00:00-04:00,33.34560975192806,35.16396619582496,33.246097072478264,35.0554084777832,85718600,0.0,0.0
2023-05-23 00:00:00-04:00,34.87448253571982,36.31288548385555,34.37692250544393,35.860557556152344,75379500,0.0,0.0
2023-05-24 00:00:00-04:00,36.27669132357945,36.31287837895259,34.91970780597442,34.94684982299805,39326400,0.0,0.0
2023-05-25 00:00:00-04:00,34.83828813495344,34.83828813495344,34.060287162011605,34.22312545776367,30266600,0.0,0.0
2023-05-26 00:00:00-04:00,34.413103510354844,34.774963718228285,33.97886919031414,34.015052795410156,20234600,0.0,0.0
2023-05-30 00:00:00-04:00,33.79793956832893,33.79793956832893,33.39988882738635,33.48130798339844,24371100,0.0,0.0
2023-05-31 00:00:00-04:00,33.5627268204213,34.575943741383576,33.3546564128097,34.39501190185547,46166300,0.0,0.0
2023-06-01 00:00:00-04:00,34.48547609612562,34.56689525136388,34.10552233900562,34.39501190185547,20256100,0.0,0.0
2023-06-02 00:00:00-04:00,34.603085877227215,34.973994633557965,34.521666713594215,34.702598571777344,22721600,0.0,0.0
2023-06-05 00:00:00-04:00,34.8111458762095,35.29966071163916,34.802100838955084,34.96493911743164,18392200,0.0,0.0
2023-06-06 00:00:00-04:00,35.10969013424913,35.15492223056523,34.63926874038866,34.711639404296875,19508200,0.0,0.0
2023-06-07 00:00:00-04:00,34.69354156511248,35.33584967655411,34.49451967585134,35.18205642700195,25295100,0.0,0.0
2023-06-08 00:00:00-04:00,35.31775923835631,35.45345552231082,35.03731472993681,35.36299133300781,17347600,0.0,0.0
2023-06-09 00:00:00-04:00,35.53487757323987,35.81532210454771,35.16396884524583,35.25443649291992,19775100,0.0,0.0
2023-06-12 00:00:00-04:00,35.290617680524925,36.249553974172386,35.27252760321875,36.09576416015625,28334600,0.0,0.0
2023-06-13 00:00:00-04:00,35.88769266296031,36.52095239080862,35.688670740656136,36.43953323364258,26533800,0.0,0.0
2023-06-14 00:00:00-04:00,36.47572279706273,36.49381632778505,35.571066966875684,35.60725402832031,22056400,0.0,0.0
2023-06-15 00:00:00-04:00,35.65247707742152,36.03243422414229,35.5348708830809,35.960060119628906,19905900,0.0,0.0
2023-06-16 00:00:00-04:00,36.059577200764714,36.511905056366906,36.05052871109958,36.240509033203125,60325100,0.0,0.0
2023-06-20 00:00:00-04:00,35.923878763472025,36.06862354446231,35.580112065487455,35.58915710449219,26881200,0.0,0.0
2023-06-21 00:00:00-04:00,35.46250857210714,35.49869563287683,35.06445780561661,35.19111251831055,17982900,0.0,0.0
2023-06-22 00:00:00-04:00,35.227292240244424,35.27252778670817,34.74782581642032,35.037315368652344,18039800,0.0,0.0
2023-06-23 00:00:00-04:00,35.01922801426113,35.163972815896095,34.630225712806855,34.648319244384766,23492200,0.0,0.0
2023-06-26 00:00:00-04:00,33.49035553979362,33.51749410737842,32.71235105981061,33.37274932861328,56135500,0.0,0.0
2023-06-27 00:00:00-04:00,33.43607814039939,33.47226520128657,32.82091190926967,32.94756317138672,32414900,0.0,0.0
2023-06-28 00:00:00-04:00,33.01993292271817,33.05611997881571,32.594743641041106,32.8299560546875,30062000,0.0,0.0
2023-06-29 00:00:00-04:00,32.55856376511827,32.766634185029645,32.350489894218896,32.67616653442383,26284900,0.0,0.0
2023-06-30 00:00:00-04:00,32.75758051227757,33.24609539530268,32.694254892365514,33.182769775390625,30853900,0.0,0.0
2023-07-03 00:00:00-04:00,33.01993228678445,33.23705116820057,32.88423255452594,33.15563201904297,14115800,0.0,0.0
2023-07-05 00:00:00-04:00,33.092310569536586,33.49035787616253,32.920423760207676,32.98374938964844,26829400,0.0,0.0
2023-07-06 00:00:00-04:00,32.74853304890402,32.81185866412641,32.22383115021884,32.232879638671875,30177300,0.0,0.0
2023-07-07 00:00:00-04:00,32.13337286858911,32.359536807598616,31.979579595548973,32.142417907714844,22883300,0.0,0.0
2023-07-10 00:00:00-04:00,32.1786054467366,32.57665274298199,32.15146687796629,32.27811813354492,17777500,0.0,0.0
2023-07-11 00:00:00-04:00,32.241934607097015,32.60379833495871,32.2238410756051,32.5857048034668,17731300,0.0,0.0
2023-07-12 00:00:00-04:00,32.748543956059585,32.79377606042802,32.4952379598173,32.55856704711914,17229700,0.0,0.0
2023-07-13 00:00:00-04:00,32.576655468675945,32.89328708510303,32.49523630456478,32.621891021728516,16664400,0.0,0.0
2023-07-14 00:00:00-04:00,32.83900409602917,33.01089090271608,32.57665309181395,32.85709762573242,17909900,0.0,0.0
2023-07-17 00:00:00-04:00,32.67616893731548,32.67616893731548,32.368585804613126,32.44095993041992,20557300,0.0,0.0
2023-07-18 00:00:00-04:00,32.49523218056274,33.00184063195899,32.45904857409623,32.784725189208984,22817300,0.0,0.0
2023-07-19 00:00:00-04:00,32.875192080443874,33.20086872229005,32.757585859557636,32.96565628051758,18589700,0.0,0.0
2023-07-20 00:00:00-04:00,32.92947280569868,33.53559054084402,32.89328574512605,33.26419448852539,22358400,0.0,0.0
2023-07-21 00:00:00-04:00,33.291333766329416,33.861267904008585,33.291333766329416,33.834129333496094,24142000,0.0,0.0
2023-07-24 00:00:00-04:00,33.843171516938135,34.19598670777504,33.8069844586503,33.93363571166992,19414700,0.0,0.0
2023-07-25 00:00:00-04:00,33.83412960012675,34.123619191168395,33.517497987370604,33.526546478271484,21771000,0.0,0.0
2023-07-26 00:00:00-04:00,33.354655986734684,33.78889032546251,33.25514330371602,33.66223907470703,20983700,0.0,0.0
2023-07-27 00:00:00-04:00,33.707971131661715,33.8543285390148,33.095100578819356,33.11339569091797,25346300,0.41,0.0
2023-07-28 00:00:00-04:00,33.25060857506371,33.3420841487003,32.948747905653775,32.994483947753906,24054100,0.0,0.0
2023-07-31 00:00:00-04:00,33.09510349654407,33.10424930868177,32.857270507730114,32.98533630371094,40265200,0.0,0.0
2023-08-01 00:00:00-04:00,32.82068255770006,33.772004009515875,32.35416589887409,32.57370376586914,40931600,0.0,0.0
2023-08-02 00:00:00-04:00,32.59200075798031,32.829830262287196,32.27184149554708,32.335872650146484,34301600,0.0,0.0
2023-08-03 00:00:00-04:00,32.18036525413045,32.27183732332196,31.942532291135286,32.01571273803711,25676500,0.0,0.0
2023-08-04 00:00:00-04:00,31.969980686521577,32.32672668602487,31.704706767606133,32.03401184082031,25737500,0.0,0.0
2023-08-07 00:00:00-04:00,32.02486315622528,32.79324051205308,31.9242452614142,32.63773727416992,31069100,0.0,0.0
2023-08-08 00:00:00-04:00,33.26890266246168,33.26890266246168,32.37246300512271,32.60114669799805,25225500,0.0,0.0
2023-08-09 00:00:00-04:00,32.56456166333149,32.985342377303134,32.48223538118886,32.78409957885742,17210500,0.0,0.0
2023-08-10 00:00:00-04:00,32.7657961082885,33.012774891750276,32.5645533611487,32.67432403564453,18955200,0.0,0.0
2023-08-11 00:00:00-04:00,32.58284683834528,33.18657156002995,32.555405915816436,32.967037200927734,16604800,0.0,0.0
2023-08-14 00:00:00-04:00,32.76580024781692,33.396966003445925,32.76580024781692,32.994483947753906,20295500,0.0,0.0
2023-08-15 00:00:00-04:00,32.82068867028325,32.848129600229775,32.3450261110691,32.372467041015625,20484300,0.0,0.0
2023-08-16 00:00:00-04:00,32.14377447819494,32.610291095586206,32.00656637676599,32.45478439331055,22215600,0.0,0.0
2023-08-17 00:00:00-04:00,32.56455652300348,33.58906198115688,32.55541071062543,33.39696502685547,31113600,0.0,0.0
2023-08-18 00:00:00-04:00,33.34208241232415,33.70797421950676,33.223165917507636,33.534175872802734,24141400,0.0,0.0
2023-08-21 00:00:00-04:00,33.57991602357005,34.01898833960466,33.51588486223812,33.85433578491211,28496500,0.0,0.0
2023-08-22 00:00:00-04:00,33.85432905724652,33.98239484389722,32.674323969027256,33.69882583618164,18536900,0.0,0.0
2023-08-23 00:00:00-04:00,33.92751209536525,33.96410232291436,33.44270379336612,33.534175872802734,19370900,0.0,0.0
2023-08-24 00:00:00-04:00,33.36952377479307,33.51588119746793,32.98533684881015,33.07680892944336,19380800,0.0,0.0
2023-08-25 00:00:00-04:00,33.05851160494335,33.561614993657955,32.89385907926424,33.27804946899414,16421300,0.0,0.0
2023-08-28 00:00:00-04:00,33.33293190158233,33.40611235402595,32.9578908063988,33.12254333496094,15101900,0.0,0.0
2023-08-29 00:00:00-04:00,33.168279172748804,33.790299057019745,32.93044968261509,33.06766128540039,21076500,0.0,0.0
2023-08-30 00:00:00-04:00,33.09510241846677,33.159133569653285,32.76579736125838,32.8389778137207,16833000,0.0,0.0
2023-08-31 00:00:00-04:00,32.87556867066269,32.92130820390198,32.363319396972656,32.363319396972656,27919500,0.0,0.0
2023-09-01 00:00:00-04:00,32.60114378693977,32.985334171171615,32.56455356188228,32.72920608520508,17519900,0.0,0.0
2023-09-05 00:00:00-04:00,32.89386378607111,33.19572795615542,32.335874979141785,32.363319396972656,25856100,0.0,0.0
2023-09-06 00:00:00-04:00,32.25354550723653,32.27184062083137,31.338810764111507,31.43943214416504,35370200,0.0,0.0
2023-09-07 00:00:00-04:00,31.53090708610908,31.686410314423558,31.137570875219918,31.357105255126953,26777700,0.0,0.0
2023-09-08 00:00:00-04:00,31.311372929642932,31.457730363414584,31.146720380470267,31.329668045043945,19467700,0.0,0.0
2023-09-11 00:00:00-04:00,31.320521948198056,31.375403804467226,30.680206872711697,31.046098709106445,27574400,0.0,0.0
2023-09-12 00:00:00-04:00,31.073539078384968,31.293073453733367,30.872296326452282,31.238191604614258,17987200,0.0,0.0
2023-09-13 00:00:00-04:00,31.293073001325027,31.66811408577284,31.1009795533133,31.17416000366211,23853300,0.0,0.0
2023-09-14 00:00:00-04:00,31.320517867728906,31.4485801682548,31.082684890092825,31.238191604614258,23759900,0.0,0.0
2023-09-15 00:00:00-04:00,31.155862733979458,31.485164269441903,30.927179076626384,31.165008544921875,57959000,0.0,0.0
2023-09-18 00:00:00-04:00,31.21074928683422,31.21074928683422,30.58872936584357,30.771677017211914,25421900,0.0,0.0
2023-09-19 00:00:00-04:00,30.689349507353363,31.1101266458771,30.66190858206062,31.091835021972656,30323300,0.0,0.0
2023-09-20 00:00:00-04:00,31.174164305169,31.183310118006602,30.68935247830215,30.75338363647461,24651400,0.0,0.0
2023-09-21 00:00:00-04:00,30.61617604343206,30.725943246587562,30.03074630735409,30.04903793334961,26980600,0.0,0.0
2023-09-22 00:00:00-04:00,30.25942894753048,30.26857476020527,29.72888108704757,29.902679443359375,28570800,0.0,0.0
2023-09-25 00:00:00-04:00,29.902673888204706,30.16794776916504,29.64654930765581,30.16794776916504,19443700,0.0,0.0
2023-09-26 00:00:00-04:00,29.9301221437715,30.149656529739712,29.600817075383024,29.637407302856445,26015500,0.0,0.0
2023-09-27 00:00:00-04:00,29.664845915224177,29.728877063590886,29.180035907319468,29.36298179626465,26430100,0.0,0.0
2023-09-28 00:00:00-04:00,29.32639704131911,29.564226538535273,29.061123129067003,29.353837966918945,28197600,0.0,0.0
2023-09-29 00:00:00-04:00,29.59166885519739,30.396636441848678,29.54593281390231,30.341751098632812,42397800,0.0,0.0
2023-10-02 00:00:00-04:00,30.140513186300733,31.06439382434165,29.966711336284526,31.046098709106445,44620600,0.0,0.0
2023-10-03 00:00:00-04:00,30.95462279401697,31.201601584992158,30.835706304413506,31.00950813293457,31059900,0.0,0.0
2023-10-04 00:00:00-04:00,31.046096596109027,31.17416239403929,30.19539298747138,30.469816207885742,23722300,0.0,0.0
2023-10-05 00:00:00-04:00,30.597879583248037,30.89974025101825,30.23198426956187,30.616174697875977,21279400,0.0,0.0
2023-10-06 00:00:00-04:00,30.661908414408927,30.698498640889902,30.25027709008811,30.30516242980957,23750600,0.0,0.0
2023-10-09 00:00:00-04:00,30.241131725619617,30.616172829008395,29.97585781386177,30.36919403076172,17468100,0.0,0.0
2023-10-10 00:00:00-04:00,30.259428317963433,30.552143169575487,30.195393672826786,30.341751098632812,19212100,0.0,0.0
2023-10-11 00:00:00-04:00,30.4057855472198,30.488111816793282,30.021595126064796,30.286869049072266,24221200,0.0,0.0
2023-10-12 00:00:00-04:00,30.286867552022244,30.387488930909132,29.975857603388253,30.113065719604492,21809900,0.0,0.0
2023-10-13 00:00:00-04:00,30.13136127974621,30.177100808599217,29.289806988280052,29.372133255004883,32388100,0.0,0.0
2023-10-16 00:00:00-04:00,30.030743596846506,31.027801127124548,29.783764794961026,30.433225631713867,63317400,0.0,0.0
2023-10-17 00:00:00-04:00,30.18624709034694,30.360045438609486,29.45445997998334,29.957563400268555,40015800,0.0,0.0
2023-10-18 00:00:00-04:00,29.76547042597169,29.893532736204943,28.713524038593533,28.73181915283203,30307600,0.0,0.0
2023-10-19 00:00:00-04:00,28.704375048366863,28.81414398359937,28.274450353535464,28.530576705932617,26880300,0.0,0.0
2023-10-20 00:00:00-04:00,28.41166028693784,28.45739807036792,27.88111421217517,28.036619186401367,39378900,0.0,0.0
2023-10-23 00:00:00-04:00,28.146389453407377,28.713524037024914,27.92685331671174,28.210420608520508,29412100,0.0,0.0
2023-10-24 00:00:00-04:00,28.247008236413535,28.384219844319254,27.73475726631121,27.835378646850586,26923800,0.0,0.0
2023-10-25 00:00:00-04:00,27.862821520907026,28.356779156583208,27.643285375512566,28.109800338745117,28857900,0.0,0.0
2023-10-26 00:00:00-04:00,28.000032248699373,28.695230892717497,27.899410864321524,28.503135681152344,27162700,0.0,0.0
2023-10-27 00:00:00-04:00,28.411662497741947,28.475693654808495,27.4603392097052,27.542665481567383,33877100,0.0,0.0
2023-10-30 00:00:00-04:00,27.66157927013429,28.064063057960265,27.542664517561086,27.945146560668945,33063500,0.0,0.0
2023-10-31 00:00:00-04:00,27.707315251222365,28.192123531740236,27.167621631812736,27.95429229736328,42648200,0.0,0.0
2023-11-01 00:00:00-04:00,27.95429202173792,28.42995448580187,27.871965758930006,27.90855598449707,23568300,0.0,0.0
2023-11-02 00:00:00-04:00,27.908559712765143,28.03662202992158,27.634138218506493,27.899412155151367,29640900,0.0,0.0
2023-11-03 00:00:00-04:00,28.26530324073408,28.713523055929144,28.210419644614987,28.594608306884766,28062100,0.0,0.0
2023-11-06 00:00:00-05:00,28.649491365336864,28.731817630329513,28.32018630536627,28.52142906188965,27381200,0.0,0.0
2023-11-07 00:00:00-05:00,28.429957584019867,28.713524884195067,28.25615748307202,28.58546257019043,18086400,0.0,0.0
2023-11-08 00:00:00-05:00,28.28359914633987,28.631197591118283,27.94514651390569,28.19212532043457,29398300,0.0,0.0
2023-11-09 00:00:00-05:00,28.266289832813705,28.284831608483785,27.469011161410734,27.515365600585938,28737700,0.41,0.0
2023-11-10 00:00:00-05:00,27.580260914686264,27.645155363331654,26.912772883737965,27.329952239990234,33844100,0.0,0.0
2023-11-13 00:00:00-05:00,27.200159880922552,27.218701654816016,26.82006235731093,26.86641502380371,35519900,0.0,0.0
2023-11-14 00:00:00-05:00,26.968395984351904,27.543176892472875,26.875688872907563,27.12599754333496,40084300,0.0,0.0
2023-11-15 00:00:00-05:00,27.079643055136405,28.136501294528937,27.079643055136405,27.988170623779297,43614600,0.0,0.0
2023-11-16 00:00:00-05:00,28.062334421940886,28.229206859453473,27.32067934057838,27.598800659179688,32407200,0.0,0.0
2023-11-17 00:00:00-05:00,27.73786163330078,27.821297855663524,27.5709891885753,27.73786163330078,27009200,0.0,0.0
2023-11-20 00:00:00-05:00,27.71932030576255,27.94181631291337,27.589531410318173,27.793485641479492,26335700,0.0,0.0
2023-11-21 00:00:00-05:00,27.830569227228885,28.14577234646863,27.589531443796076,28.090147018432617,25988700,0.0,0.0
2023-11-22 00:00:00-05:00,28.173582801277405,28.349726134152316,27.941815909478173,28.108688354492188,19226800,0.0,0.0
2023-11-24 00:00:00-05:00,28.164313394437233,28.460976516862768,28.164313394437233,28.275562286376953,11129700,0.0,0.0
2023-11-27 00:00:00-05:00,28.50732812029333,28.50732812029333,27.83984009843374,27.941816329956055,26066700,0.0,0.0
2023-11-28 00:00:00-05:00,27.91400181187727,27.91400181187727,27.478278973606017,27.524633407592773,29497700,0.0,0.0
2023-11-29 00:00:00-05:00,27.598803759042173,28.01598313143972,27.561720205100432,27.886194229125977,26185200,0.0,0.0
2023-11-30 00:00:00-05:00,28.099418653058173,28.284832881622627,27.77494463719094,28.24774932861328,45356600,0.0,0.0
2023-12-01 00:00:00-05:00,26.857146767505984,27.255786104057666,26.23601142716196,26.801523208618164,103542800,0.0,0.0
2023-12-04 00:00:00-05:00,26.903501100841698,27.478281999648335,26.903501100841698,27.14453887939453,47410400,0.0,0.0
2023-12-05 00:00:00-05:00,27.079642349195883,27.441199896933608,26.94985345773369,26.968395233154297,39853000,0.0,0.0
2023-12-06 00:00:00-05:00,26.968394745577456,27.255785186436864,26.625378979461914,26.690275192260742,33410500,0.0,0.0
2023-12-07 00:00:00-05:00,26.718087842186975,26.792253179160607,26.421426494292444,26.54194450378418,35782900,0.0,0.0
2023-12-08 00:00:00-05:00,26.56048570279194,26.857147044238495,26.504862143330982,26.681005477905273,31881700,0.0,0.0
2023-12-11 00:00:00-05:00,26.681004878286455,26.708815773271386,26.36580176802298,26.55121421813965,37833900,0.0,0.0
2023-12-12 00:00:00-05:00,26.53267376029911,26.75516975760514,26.28236510023945,26.495590209960938,48587500,0.0,0.0
2023-12-13 00:00:00-05:00,24.36333704006848,24.780516396991995,23.88126146615405,24.715621948242188,158100700,0.0,0.0
2023-12-14 00:00:00-05:00,24.80832916669834,25.327486527141097,24.113028467300655,24.224275588989258,101889800,0.0,0.0
2023-12-15 00:00:00-05:00,24.224275198354885,25.02155388664468,24.17792252643896,24.687808990478516,138338500,0.0,0.0
2023-12-18 00:00:00-05:00,24.956657874263282,25.30894275616826,24.771243661740044,25.08644676208496,63329400,0.0,0.0
2023-12-19 00:00:00-05:00,25.290403484043225,26.18038748622512,25.2811325963237,26.10622215270996,70094700,0.0,0.0
2023-12-20 00:00:00-05:00,26.134034897934423,26.198929343933838,25.596335786200793,25.61487579345703,56184300,0.0,0.0
2023-12-21 00:00:00-05:00,25.82810189287613,26.291635656821555,25.753936561374502,26.245281219482422,51056600,0.0,0.0
2023-12-22 00:00:00-05:00,26.36580173634821,26.690275733963865,26.12476396006918,26.328718185424805,35087200,0.0,0.0
2023-12-26 00:00:00-05:00,26.356533491798714,26.449240610163383,26.189661032390553,26.33799171447754,30119100,0.0,0.0
2023-12-27 00:00:00-05:00,26.39361250833839,26.634650283494484,26.245281841817874,26.52340316772461,35000700,0.0,0.0
2023-12-28 00:00:00-05:00,26.523402752974317,26.912771188562314,26.495590090346248,26.690275192260742,30472900,0.0,0.0
2023-12-29 00:00:00-05:00,26.68100430471805,26.764440524361266,26.458508308416484,26.690275192260742,30342500,0.0,0.0
2024-01-02 00:00:00-05:00,26.773710211625502,28.071606203279,26.72735754116975,27.561717987060547,57948700,0.0,0.0
2024-01-03 00:00:00-05:00,27.812026651300094,27.849110202257524,27.265056652365242,27.561717987060547,43426500,0.0,0.0
2024-01-04 00:00:00-05:00,27.61734322694732,27.765673893830122,26.912771675133502,26.968395233154297,45558200,0.0,0.0
2024-01-05 00:00:00-05:00,26.90349939501145,27.339220485398464,26.65319074451126,27.3206787109375,33592600,0.0,0.0
2024-01-08 00:00:00-05:00,27.218704689443655,27.515366031850494,27.04256135429919,27.422658920288086,32972100,0.0,0.0
2024-01-09 00:00:00-05:00,27.441199201427953,27.682236971063585,27.18161965684166,27.25578498840332,39856900,0.0,0.0
2024-01-10 00:00:00-05:00,27.21870433064335,27.24651522597671,26.773710554657974,26.875688552856445,37413300,0.0,0.0
2024-01-11 00:00:00-05:00,26.727357516646236,26.810793737982863,26.208200181405807,26.328718185424805,46884700,0.0,0.0
2024-01-12 00:00:00-05:00,26.384340468016664,26.829334216379106,26.365800461692313,26.60683822631836,30349700,0.0,0.0
2024-01-16 00:00:00-05:00,26.514134319028777,26.625381443353785,26.16184763277021,26.254554748535156,38826000,0.0,0.0
2024-01-17 00:00:00-05:00,26.10622332649085,26.44923911457168,25.89299820407793,26.096952438354492,33312600,0.0,0.0
2024-01-18 00:00:00-05:00,25.99497575853181,26.078410213842737,25.587065528748795,26.04132843017578,50321100,0.0,0.0
2024-01-19 00:00:00-05:00,25.98570328847597,26.310175506711172,25.89299618259121,26.217470169067383,35313100,0.0,0.0
2024-01-22 00:00:00-05:00,26.25455210695025,26.532673426262093,25.89299633690993,26.245281219482422,41663900,0.0,0.0
2024-01-23 00:00:00-05:00,26.365800123003403,26.560483448715345,26.096949699982996,26.356529235839844,33466700,0.0,0.0
2024-01-24 00:00:00-05:00,26.458509574118317,26.68100558106348,26.263824462890625,26.263824462890625,42720700,0.0,0.0
2024-01-25 00:00:00-05:00,26.179134051481167,26.27323625926021,25.830958216004138,25.849777221679688,47605500,0.42,0.0
2024-01-26 00:00:00-05:00,26.00034003618602,26.263825858997272,25.746266408488033,25.849777221679688,47073800,0.0,0.0
2024-01-29 00:00:00-05:00,25.896827771427215,26.000338578816887,25.699212966682886,25.85918617248535,67082700,0.0,0.0
2024-01-30 00:00:00-05:00,26.24500614301622,26.696696400051138,25.36045001995081,25.426321029663086,86072400,0.0,0.0
2024-01-31 00:00:00-05:00,25.5674722636299,25.88741869154712,25.20047562948675,25.48278045654297,81192100,0.0,0.0
2024-02-01 00:00:00-05:00,25.50159921889419,25.71803302199666,25.153421618157456,25.68039321899414,53883000,0.0,0.0
2024-02-02 00:00:00-05:00,25.576883658297515,25.595704459459785,25.115784798924246,25.341629028320312,51663800,0.0,0.0
2024-02-05 00:00:00-05:00,25.35103672050318,25.35103672050318,24.955808912571946,25.002859115600586,42633400,0.0,0.0
2024-02-06 00:00:00-05:00,25.087552231511854,26.094441705827062,25.002860425742323,25.878007888793945,56958700,0.0,0.0
2024-02-07 00:00:00-05:00,25.92505691603265,26.019159117594242,25.689802309553766,25.934467315673828,36843000,0.0,0.0
2024-02-08 00:00:00-05:00,25.934467774020632,26.056801176667797,25.79331536660872,25.943878173828125,29048400,0.0,0.0
2024-02-09 00:00:00-05:00,25.934467315673828,25.96269851459737,25.765083711833,25.934467315673828,29062700,0.0,0.0
2024-02-12 00:00:00-05:00,25.915648966322795,26.36733739141572,25.896828166564692,26.0285701751709,30323700,0.0,0.0
2024-02-13 00:00:00-05:00,25.915646810936845,26.188541205331877,25.275754031182835,25.37926483154297,37927500,0.0,0.0
2024-02-14 00:00:00-05:00,25.416907018010065,25.567469817347654,25.322804819711532,25.511009216308594,25270200,0.0,0.0
2024-02-15 00:00:00-05:00,25.6427537253791,26.169723574608618,25.614522524672935,25.887418746948242,36111600,0.0,0.0
2024-02-16 00:00:00-05:00,25.92505775762432,26.24500417640987,25.60511133883877,25.990930557250977,35913500,0.0,0.0
2024-02-20 00:00:00-05:00,25.98151878168493,26.480257388500068,25.89682698149931,25.962697982788086,34232000,0.0,0.0
2024-02-21 00:00:00-05:00,25.972108125339332,26.0473895253319,25.746263925361617,26.037979125976562,27370600,0.0,0.0
2024-02-22 00:00:00-05:00,25.96269805541852,26.06621065479056,25.586291050679524,25.92505645751953,31957500,0.0,0.0
2024-02-23 00:00:00-05:00,26.113260727891227,26.433207129046195,26.056800126172753,26.122671127319336,33182600,0.0,0.0
2024-02-26 00:00:00-05:00,26.037980227508886,26.037980227508886,25.47336880625373,25.576881408691406,45685500,0.0,0.0
2024-02-27 00:00:00-05:00,25.520421203713184,25.595702608066606,25.228704191349706,25.303985595703125,38598400,0.0,0.0
2024-02-28 00:00:00-05:00,25.369855734639092,25.633341538312123,25.238113730227678,25.445138931274414,31010200,0.0,0.0
2024-02-29 00:00:00-05:00,25.473369801876885,25.586292808481588,24.984039764673675,24.993450164794922,54643200,0.0,0.0
2024-03-01 00:00:00-05:00,25.247523120890957,25.313394120464395,24.946397525783745,25.021678924560547,46213600,0.0,0.0
2024-03-04 00:00:00-05:00,24.74878588709414,24.89934870384092,24.09948441294253,24.36296844482422,86777700,0.0,0.0
2024-03-05 00:00:00-05:00,24.344148382975348,24.8617078187377,24.174764772769407,24.54176139831543,73646100,0.0,0.0
2024-03-06 00:00:00-05:00,25.313394166651896,25.689801161222714,25.20988336492625,25.58629035949707,84919500,0.0,0.0
2024-03-07 00:00:00-05:00,25.595702056914444,25.708623263587913,25.181653444461208,25.209884643554688,46423800,0.0,0.0
2024-03-08 00:00:00-05:00,25.294574616721416,25.689802429241293,25.266345212516566,25.614521026611328,45869300,0.0,0.0
2024-03-11 00:00:00-04:00,25.6992144369362,26.71551433345613,25.6992144369362,26.69669532775879,52600100,0.0,0.0
2024-03-12 00:00:00-04:00,26.640232142901766,26.668463342893286,26.122672707009208,26.357927322387695,48758200,0.0,0.0
2024-03-13 00:00:00-04:00,26.621412884191642,26.997819906241933,26.527310679966508,26.555540084838867,39273000,0.0,0.0
2024-03-14 00:00:00-04:00,26.583769171210548,26.612000368688847,26.13208078065843,26.47084617614746,36428000,0.0,0.0
2024-03-15 00:00:00-04:00,26.310874134299155,26.61200153606004,26.21677372827721,26.292055130004883,75719200,0.0,0.0
2024-03-18 00:00:00-04:00,26.357925801673275,26.37674660058176,25.981518797754468,26.08502960205078,36226500,0.0,0.0
2024-03-19 00:00:00-04:00,26.037979198233828,26.141491796579675,25.70862239928353,26.000337600708008,29026600,0.0,0.0
2024-03-20 00:00:00-04:00,25.85918649339053,26.10385150499819,25.60511108193063,26.066211700439453,34468000,0.0,0.0
2024-03-21 00:00:00-04:00,26.113261979232107,26.386158191173823,26.000338975533747,26.0285701751709,29633700,0.0,0.0
2024-03-22 00:00:00-04:00,25.8497762205598,26.197953837402803,25.72744461157998,25.746265411376953,28789000,0.0,0.0
2024-03-25 00:00:00-04:00,25.63334358716044,25.85918781056732,25.501601572219013,25.812137603759766,31110600,0.0,0.0
2024-03-26 00:00:00-04:00,25.83095598021053,26.000337785731602,25.699212182782798,25.962697982788086,38220300,0.0,0.0
2024-03-27 00:00:00-04:00,26.07562004531933,26.292055650061403,25.915648633977714,26.14149284362793,34247600,0.0,0.0
2024-03-28 00:00:00-04:00,26.17913318131442,26.46143979526797,26.085030976663237,26.113262176513672,40466700,0.0,0.0
2024-04-01 00:00:00-04:00,26.12267119986775,26.226183799014237,25.953287599391743,26.08502960205078,26596600,0.0,0.0
2024-04-02 00:00:00-04:00,25.943877256469026,26.113260857314117,25.793314454573427,25.92505645751953,32451500,0.0,0.0
2024-04-03 00:00:00-04:00,25.88741723292634,26.11326144081624,25.595702022091498,25.614521026611328,36828600,0.0,0.0
2024-04-04 00:00:00-04:00,25.699212265584578,25.78390406604307,25.068729859310324,25.078140258789062,41922700,0.0,0.0
2024-04-05 00:00:00-04:00,24.99344891528565,25.125192715546525,24.795835907169657,25.08755111694336,39839500,0.0,0.0
2024-04-08 00:00:00-04:00,25.03109077325148,25.238114183163365,24.95580937011532,25.012269973754883,24431400,0.0,0.0
2024-04-09 00:00:00-04:00,25.19106338587376,25.802724996303102,25.07814038640441,25.20047378540039,45193600,0.0,0.0
2024-04-10 00:00:00-04:00,24.955809232105572,25.021680235129157,24.617042022441176,24.76760482788086,44541600,0.0,0.0
2024-04-11 00:00:00-04:00,24.795836944233827,24.889939149827274,24.58881173295818,24.786426544189453,32814500,0.0,0.0
2024-04-12 00:00:00-04:00,24.70173440016026,24.76760540471798,24.306506577963685,24.33473777770996,42985600,0.0,0.0
2024-04-15 00:00:00-04:00,24.38178825378418,24.626453269757366,24.231225443162263,24.38178825378418,35660200,0.0,0.0
2024-04-16 00:00:00-04:00,24.297096242704256,24.457069451991668,24.165354233238244,24.17476463317871,28885300,0.0,0.0
2024-04-17 00:00:00-04:00,24.174765964331183,24.174765964331183,23.77012771886153,23.920690536499023,43828900,0.0,0.0
2024-04-18 00:00:00-04:00,23.85481815721508,23.95832896661067,23.741895153051406,23.892457962036133,35788400,0.0,0.0
2024-04-19 00:00:00-04:00,23.892458413250726,24.466480255126953,23.854818607718837,24.466480255126953,38337400,0.0,0.0
2024-04-22 00:00:00-04:00,24.46648038180093,24.936989619912488,24.400609375641363,24.711145401000977,35678700,0.0,0.0
2024-04-23 00:00:00-04:00,24.777015227577117,24.908757233624286,24.645273221529948,24.76760482788086,24297800,0.0,0.0
2024-04-24 00:00:00-04:00,24.701735458518037,24.78642726653527,24.504122436378054,24.720556259155273,24547800,0.0,0.0
2024-04-25 00:00:00-04:00,24.72055321225746,24.87111600909728,23.76071403626605,23.770124435424805,47661400,0.0,0.0
2024-04-26 00:00:00-04:00,23.83599591226086,24.03361070885382,23.713664310446283,23.901866912841797,46526500,0.0,0.0
2024-04-29 00:00:00-04:00,24.071251645861256,24.32532705566233,24.033611841548264,24.12771224975586,39995300,0.0,0.0
2024-04-30 00:00:00-04:00,24.13712375395837,24.30650736824269,24.080663147480372,24.10889434814453,38017700,0.0,0.0
2024-05-01 00:00:00-04:00,24.777015378150793,25.83095681748376,24.485300165194886,25.576881408691406,97388900,0.0,0.0
2024-05-02 00:00:00-04:00,25.60511108193063,26.292055912342615,25.52042107296091,26.066211700439453,69649000,0.0,0.0
2024-05-03 00:00:00-04:00,26.21677360102634,26.26382380380894,25.89682719652414,26.169721603393555,60568900,0.0,0.0
2024-05-06 00:00:00-04:00,26.329695146639015,26.659051954933254,26.310874347342153,26.49907875061035,59899700,0.0,0.0
2024-05-07 00:00:00-04:00,26.62141199522396,26.80961460253933,25.783904379922383,26.132081985473633,65606400,0.0,0.0
2024-05-08 00:00:00-04:00,26.066212229743613,26.66846347371478,25.896828618664152,26.60259246826172,39087800,0.0,0.0
2024-05-09 00:00:00-04:00,26.51662416014645,26.9846767416367,26.096331339697166,26.91781234741211,47831100,0.42,0.0
2024-05-10 00:00:00-04:00,26.975124221056383,27.01333348713469,26.669457380102237,26.75542640686035,25849800,0.0,0.0
2024-05-13 00:00:00-04:00,26.927363863599265,27.366759482253226,26.908259230983514,27.166166305541992,39609800,0.0,0.0
2024-05-14 00:00:00-04:00,27.271236200971366,27.39541448222144,26.92736194794189,27.108850479125977,23530900,0.0,0.0
2024-05-15 00:00:00-04:00,27.213927032762616,27.69153193362946,27.204374716115105,27.529146194458008,38376300,0.0,0.0
2024-05-16 00:00:00-04:00,27.57690645496063,27.729739870153868,27.38586377501007,27.624666213989258,40077800,0.0,0.0
2024-05-17 00:00:00-04:00,27.605561095398784,27.61511341141987,27.23302988016634,27.357206344604492,26106400,0.0,0.0
2024-05-20 00:00:00-04:00,27.37631078669667,27.424070544552738,27.185268111436457,27.252134323120117,22423300,0.0,0.0
2024-05-21 00:00:00-04:00,27.194821304531356,27.38586398595345,27.051540204423805,27.280790328979492,28119900,0.0,0.0
2024-05-22 00:00:00-04:00,27.19482006526129,28.302863194412527,27.1470603080412,28.274208068847656,46987500,0.0,0.0
2024-05-23 00:00:00-04:00,28.111823258709727,28.111823258709727,27.38586362944164,27.40496826171875,42031300,0.0,0.0
2024-05-24 00:00:00-04:00,27.38586312933563,27.69152995251542,27.271237159684215,27.586456298828125,22576300,0.0,0.0
2024-05-28 00:00:00-04:00,27.510041266602556,27.586457977046305,26.870050633416884,27.03243637084961,32371200,0.0,0.0
2024-05-29 00:00:00-04:00,26.89870601093765,26.90825832692459,26.44975809105949,26.57393455505371,24241700,0.0,0.0
2024-05-30 00:00:00-04:00,26.659904642381388,26.93691635131836,26.54528048979358,26.93691635131836,23330700,0.0,0.0
2024-05-31 00:00:00-04:00,27.070643530521295,27.46227936881002,26.975122194420106,27.376310348510742,78290100,0.0,0.0
2024-06-03 00:00:00-04:00,27.376312113058216,28.207345422209706,27.357207480222993,27.9971981048584,38177200,0.0,0.0
2024-06-04 00:00:00-04:00,27.987645679968214,28.398386174743234,27.863469210856678,28.16913604736328,46309500,0.0,0.0
2024-06-05 00:00:00-04:00,28.235998467446628,28.293312361726016,27.863467264220258,28.2264461517334,27346700,0.0,0.0
2024-06-06 00:00:00-04:00,28.04495711466969,28.216895150580438,27.500487882230917,27.510038375854492,35360400,0.0,0.0
2024-06-07 00:00:00-04:00,27.462280061779943,27.748842255396536,27.271237384756883,27.299894332885742,27526200,0.0,0.0
2024-06-10 00:00:00-04:00,27.080197814719845,27.080197814719845,26.392445602334526,26.8127384185791,37003200,0.0,0.0
2024-06-11 00:00:00-04:00,26.698113702323663,27.061092611948112,26.640799804552927,26.7745304107666,29573500,0.0,0.0
2024-06-12 00:00:00-04:00,26.90825973308732,26.965571810085958,26.325581180860596,26.42110252380371,32507900,0.0,0.0
2024-06-13 00:00:00-04:00,26.268269416688632,26.478414916131623,25.98170720636472,26.411550521850586,33945200,0.0,0.0
2024-06-14 00:00:00-04:00,26.507070076319575,26.956017994694697,26.201403253432858,26.296924591064453,29461900,0.0,0.0
2024-06-17 00:00:00-04:00,26.220510453205573,26.249165581958763,25.6664888269867,25.771560668945312,32194600,0.0,0.0
2024-06-18 00:00:00-04:00,25.771558183197065,26.23005841820582,25.74290305720776,26.18229866027832,29817800,0.0,0.0
2024-06-20 00:00:00-04:00,25.981706216121264,26.707664030862407,25.93394463494222,26.49751853942871,29693400,0.0,0.0
2024-06-21 00:00:00-04:00,26.526175488136136,26.640799639129778,26.32558049102022,26.49751853942871,52561600,0.0,0.0
2024-06-24 00:00:00-04:00,26.69811442086683,27.13751005075995,26.48796710055439,27.089750289916992,35414100,0.0,0.0
2024-06-25 00:00:00-04:00,27.127956344594313,27.175717924908806,26.679008421146076,26.73632049560547,26300700,0.0,0.0
2024-06-26 00:00:00-04:00,26.65990514903104,26.679009782131427,25.85752877799565,26.191852569580078,30745800,0.0,0.0
2024-06-27 00:00:00-04:00,26.14409188550237,26.58348749978606,25.85752786487046,26.55483055114746,28399600,0.0,0.0
2024-06-28 00:00:00-04:00,26.535727635903136,26.86049909818661,26.40199703136887,26.726768493652344,33189200,0.0,0.0
2024-07-01 00:00:00-04:00,26.69811320042817,27.347654299023468,26.688560884312622,26.956018447875977,26209000,0.0,0.0
2024-07-02 00:00:00-04:00,26.956019700584243,27.01333359994105,26.449759676359108,26.58348846435547,21989800,0.0,0.0
2024-07-03 00:00:00-04:00,26.669456018564247,26.793632483143085,26.382893825278927,26.45931053161621,15180100,0.0,0.0
2024-07-05 00:00:00-04:00,26.51662262982081,26.831841771486342,26.43065360737403,26.79363250732422,17268700,0.0,0.0
2024-07-08 00:00:00-04:00,26.793632633075063,26.860498845672602,26.545279702527647,26.67900848388672,25694400,0.0,0.0
2024-07-09 00:00:00-04:00,26.631246036729564,26.688559931376425,26.07722447523553,26.478412628173828,36867800,0.0,0.0
2024-07-10 00:00:00-04:00,26.583486880623333,27.137508454639537,26.55482993265219,27.080196380615234,29873600,0.0,0.0
2024-07-11 00:00:00-04:00,27.49093631621576,27.92077959579419,27.147060235018657,27.376310348510742,47322600,0.0,0.0
2024-07-12 00:00:00-04:00,27.605561581610598,27.834811704400455,27.50048974736401,27.624666213989258,28397000,0.0,0.0
2024-07-15 00:00:00-04:00,27.72973976533959,27.958989887262916,27.538697086111142,27.79660415649414,30534400,0.0,0.0
2024-07-16 00:00:00-04:00,27.892125848768536,28.23600012504237,27.815709140494572,28.178688049316406,26912100,0.0,0.0
2024-07-17 00:00:00-04:00,28.102269467096328,28.942853202057243,27.997195817006993,28.684947967529297,45395000,0.0,0.0
2024-07-18 00:00:00-04:00,28.570324684523978,29.315388976911194,28.30286528732696,28.379281997680664,47279700,0.0,0.0
2024-07-19 00:00:00-04:00,28.598980828933485,28.656292904605646,28.226447782269346,28.627635955810547,30021200,0.0,0.0
2024-07-22 00:00:00-04:00,28.761365244547967,28.875989390643362,28.064060764476174,28.274208068847656,46483200,0.0,0.0
2024-07-23 00:00:00-04:00,28.293314022686374,28.312416833316338,28.01630231649447,28.178688049316406,25528300,0.0,0.0
2024-07-24 00:00:00-04:00,28.188240029742843,28.646740273923864,27.997197350375075,28.637187957763672,29579400,0.0,0.0
2024-07-25 00:00:00-04:00,28.62763491374697,29.54463720071228,28.62763491374697,28.828229904174805,42296200,0.0,0.0
2024-07-26 00:00:00-04:00,29.206019255522747,29.91316290251548,29.07040317188868,29.806608200073242,35657100,0.42,0.0
2024-07-29 00:00:00-04:00,29.72911345491616,29.961598964872667,29.486940817757645,29.7581729888916,41713700,0.0,0.0
2024-07-30 00:00:00-04:00,30.03909256133188,30.552499190361367,28.84760369235662,30.407194137573242,89857500,0.0,0.0
2024-07-31 00:00:00-04:00,30.223146432753804,30.281267349443578,29.51600091456728,29.583810806274414,40978700,0.0,0.0
2024-08-01 00:00:00-04:00,29.758172880182265,29.845355177051292,28.973534055991593,29.690364837646484,39753100,0.0,0.0
2024-08-02 00:00:00-04:00,29.91316258771163,30.33938693588673,29.070402865953966,29.477252960205078,42364700,0.0,0.0
2024-08-05 00:00:00-04:00,28.179206605474707,29.070401933455248,27.946721108735932,28.808855056762695,37838000,0.0,0.0
2024-08-06 00:00:00-04:00,28.799169120254202,29.109149795382702,28.334198107561452,28.402006149291992,29031800,0.0,0.0
2024-08-07 00:00:00-04:00,28.702299458057954,28.87666404827158,27.8401654815912,27.94672203063965,32866100,0.0,0.0
2024-08-08 00:00:00-04:00,28.024216491066547,28.10171165724552,27.646427786897878,27.859539031982422,32094400,0.0,0.0
2024-08-09 00:00:00-04:00,27.752984003175293,27.84985342810351,27.559247000949455,27.65611457824707,25795600,0.0,0.0
2024-08-12 00:00:00-04:00,27.685176934076942,27.71423831686707,27.433317159454496,27.559247970581055,21141600,0.0,0.0
2024-08-13 00:00:00-04:00,27.656113764406758,28.043591452717276,27.423628259998775,27.94672203063965,34620700,0.0,0.0
2024-08-14 00:00:00-04:00,27.89828722397267,28.26639066926905,27.772358264874814,27.97578239440918,23677700,0.0,0.0
2024-08-15 00:00:00-04:00,28.02421883871742,28.10171401138833,27.627055847825154,27.811105728149414,28676800,0.0,0.0
2024-08-16 00:00:00-04:00,27.752984405383142,27.752984405383142,26.978032689987664,27.413942337036133,50332900,0.0,0.0
2024-08-19 00:00:00-04:00,27.46237718493463,27.985469115888797,27.3945691427397,27.898286819458008,26382500,0.0,0.0
2024-08-20 00:00:00-04:00,27.89828781481645,28.27607839537226,27.89828781481645,27.99515724182129,21301300,0.0,0.0
2024-08-21 00:00:00-04:00,28.072650486613004,28.25670220052334,28.024216700251056,28.12108612060547,16729700,0.0,0.0
2024-08-22 00:00:00-04:00,28.111399382884546,28.21795408388171,27.64642837590452,27.87891387939453,20241500,0.0,0.0
2024-08-23 00:00:00-04:00,27.917662069743546,28.03390575167548,27.743297470660963,27.99515724182129,21885300,0.0,0.0
2024-08-26 00:00:00-04:00,28.014530181884766,28.140459137739125,27.869226972012644,28.014530181884766,16506000,0.0,0.0
2024-08-27 00:00:00-04:00,28.072652008788975,28.130774772731506,27.665801899344324,27.917661666870117,16184600,0.0,0.0
2024-08-28 00:00:00-04:00,27.878914897483973,28.169521325551298,27.74329696310603,27.849853515625,19874100,0.0,0.0
2024-08-29 00:00:00-04:00,27.966096301526598,27.985468707849424,27.636741374841424,27.820791244506836,19229800,0.0,0.0
2024-08-30 00:00:00-04:00,27.820792033146397,28.14045984191655,27.77235824452055,28.101713180541992,37137600,0.0,0.0
2024-09-03 00:00:00-04:00,27.752984405383142,28.0145313021906,27.258951993957037,27.413942337036133,44499600,0.0,0.0
2024-09-04 00:00:00-04:00,27.404255853896906,27.646428485277553,27.317073558789428,27.501123428344727,23510500,0.0,0.0
2024-09-05 00:00:00-04:00,27.539871623514852,27.89828607921533,27.46237645625822,27.617366790771484,25927200,0.0,0.0
2024-09-06 00:00:00-04:00,27.665802001953125,27.86922798124524,27.39456982640447,27.665802001953125,31214500,0.0,0.0
2024-09-09 00:00:00-04:00,27.64642939760669,28.663553743918186,27.559247099622205,28.48918914794922,36558400,0.0,0.0
2024-09-10 00:00:00-04:00,28.49887439444433,28.828229310065215,28.27607602435682,28.808855056762695,32378800,0.0,0.0
2024-09-11 00:00:00-04:00,28.750733734837997,28.770107987864467,28.22763998890606,28.731359481811523,31943100,0.0,0.0
2024-09-12 00:00:00-04:00,28.65386702052384,28.779795981815035,27.85954104780695,28.24701690673828,32535900,0.0,0.0
2024-09-13 00:00:00-04:00,28.247016293703936,28.402006633912773,28.082338826278225,28.353572845458984,19987700,0.0,0.0
2024-09-16 00:00:00-04:00,28.644177625692585,29.196330911916437,28.518248674369623,29.128522872924805,29224600,0.0,0.0
2024-09-17 00:00:00-04:00,29.109149304066143,29.196331598428355,28.67323967988562,28.896038055419922,27055300,0.0,0.0
2024-09-18 00:00:00-04:00,29.060717029731816,29.196333117962098,28.799170133032877,28.818544387817383,25812800,0.0,0.0
2024-09-19 00:00:00-04:00,28.954157848724552,29.399756430181068,28.595743405887156,28.731359481811523,22653200,0.0,0.0
2024-09-20 00:00:00-04:00,28.6151202527205,28.624805532481194,28.31482484648143,28.498876571655273,56877400,0.0,0.0
2024-09-23 00:00:00-04:00,28.508562401359846,28.547309061530786,28.266389770492204,28.392318725585938,23126200,0.0,0.0
2024-09-24 00:00:00-04:00,28.334199501296222,28.66355444672858,28.237330073646,28.576372146606445,21446200,0.0,0.0
2024-09-25 00:00:00-04:00,28.673240341012804,28.779795043977508,28.004843351367935,28.02421760559082,30712700,0.0,0.0
2024-09-26 00:00:00-04:00,27.58830723133284,28.101713903067832,27.423629759088083,28.062965393066406,32310400,0.0,0.0
2024-09-27 00:00:00-04:00,28.11139880863226,28.31482292716907,28.014529388915943,28.17920684814453,25013000,0.0,0.0
2024-09-30 00:00:00-04:00,28.198580578119667,28.276075742927954,27.87891279233166,28.033903121948242,27464700,0.0,0.0
2024-10-01 00:00:00-04:00,28.14045953404257,28.16952091547849,27.636741855900702,27.772357940673828,30725100,0.0,0.0
2024-10-02 00:00:00-04:00,27.704548179241904,27.869225635232848,27.491435090529823,27.714235305786133,24957200,0.0,0.0
2024-10-03 00:00:00-04:00,27.607678545396986,27.627052798333835,27.37519305304614,27.452688217163086,25678900,0.0,0.0
2024-10-04 00:00:00-04:00,27.404255652447972,27.694862068916283,27.355820017949565,27.6851749420166,28769000,0.0,0.0
2024-10-07 00:00:00-04:00,28.45044216100873,28.90572605267425,28.198582397226552,28.285764694213867,51426600,0.0,0.0
2024-10-08 00:00:00-04:00,28.295449380100777,28.566683392551774,28.092025256485442,28.266389846801758,29126600,0.0,0.0
2024-10-09 00:00:00-04:00,28.305137129259254,29.47725365235542,28.18889529824694,29.244768142700195,44244800,0.0,0.0
2024-10-10 00:00:00-04:00,28.95416006224939,29.13821178481056,28.36326008081185,28.4213809967041,34347700,0.0,0.0
2024-10-11 00:00:00-04:00,28.440755760019265,28.518250931805532,28.043592773660823,28.24701690673828,29617600,0.0,0.0
2024-10-14 00:00:00-04:00,28.247016502464255,28.256703629752725,27.946722947044133,28.16952133178711,23594200,0.0,0.0
2024-10-15 00:00:00-04:00,28.17920745917519,28.808855929538634,28.159833205285718,28.51824951171875,29009900,0.0,0.0
2024-10-16 00:00:00-04:00,28.57637134477078,28.886352026449092,28.508563301607474,28.74104881286621,28414800,0.0,0.0
2024-10-17 00:00:00-04:00,28.55699697412161,28.60543261020599,28.305137209374603,28.353572845458984,23779200,0.0,0.0
2024-10-18 00:00:00-04:00,28.382630892974415,28.450440779941097,28.16951964825635,28.30513572692871,24244900,0.0,0.0
2024-10-21 00:00:00-04:00,28.305136901300322,28.305136901300322,27.975781970033612,28.02421760559082,23395700,0.0,0.0
2024-10-22 00:00:00-04:00,27.995155520510618,28.082337814691417,27.704549104994975,27.937034606933594,29036400,0.0,0.0
2024-10-23 00:00:00-04:00,27.966096581419343,28.198582088294973,27.772357735207695,27.956409454345703,22217600,0.0,0.0
2024-10-24 00:00:00-04:00,27.956408764657056,28.072650591411886,27.60767958913152,27.743295669555664,31473600,0.0,0.0
2024-10-25 00:00:00-04:00,27.78204636241337,27.830480152766253,27.549560842984345,27.559247970581055,26091100,0.0,0.0
2024-10-28 00:00:00-04:00,27.704549693322793,28.033904623304245,27.665801185028236,27.956409454345703,37922500,0.0,0.0
2024-10-29 00:00:00-04:00,28.101712479332928,28.25670281622496,27.15239620396161,27.568931579589844,102267000,0.0,0.0
2024-10-30 00:00:00-04:00,27.42362824347404,27.70454938256684,27.30738641515537,27.62705421447754,47104000,0.0,0.0
2024-10-31 00:00:00-04:00,27.559247400349587,27.74329727798687,27.40425705727049,27.413942337036133,37909600,0.0,0.0
2024-11-01 00:00:00-04:00,27.588306609141267,27.64642937283258,27.17176937417324,27.21051788330078,46894600,0.0,0.0
2024-11-04 00:00:00-05:00,27.220205004122167,27.258951665609906,26.861788685299913,26.890850067138672,41347800,0.0,0.0
2024-11-05 00:00:00-05:00,26.871474830688722,27.123334587863116,26.716484495139948,27.1136474609375,44175800,0.0,0.0
2024-11-06 00:00:00-05:00,27.055527418870753,27.113648334666838,26.232140079965383,26.503374099731445,65749500,0.0,0.0
2024-11-07 00:00:00-05:00,26.668050595590582,26.72617150926844,26.483998880041746,26.60024070739746,48484800,0.0,0.0
2024-11-08 00:00:00-05:00,26.669104788276282,26.708453283906262,26.27560857400244,26.285446166992188,55951300,0.42,0.0
2024-11-11 00:00:00-05:00,26.28544467407631,26.393656314488496,25.79357631049931,25.813251495361328,54329300,0.0,0.0
2024-11-12 00:00:00-05:00,25.803415191527147,26.0100008902372,25.527970095019075,25.764066696166992,53035200,0.0,0.0
2024-11-13 00:00:00-05:00,25.803415368468634,26.314958945961425,25.557481172711988,26.285446166992188,47983100,0.0,0.0
2024-11-14 00:00:00-05:00,26.305120143784205,26.413331785368165,25.41975745502421,25.596830368041992,45262200,0.0,0.0
2024-11-15 00:00:00-05:00,25.28203589466179,25.28203589466179,24.081875827047075,24.396671295166016,131074400,0.0,0.0
2024-11-18 00:00:00-05:00,24.563905872113228,24.839352836471328,24.298298376703528,24.45569610595703,64261300,0.0,0.0
2024-11-19 00:00:00-05:00,24.298299106815048,24.701631034687523,24.209762646908505,24.69179344177246,52381200,0.0,0.0
2024-11-20 00:00:00-05:00,24.662280170579734,24.691792948735614,24.24911065804222,24.534395217895508,46170800,0.0,0.0
2024-11-21 00:00:00-05:00,24.465534033527423,24.80984039827768,24.37699757506908,24.721303939819336,45048400,0.0,0.0
2024-11-22 00:00:00-05:00,24.77049161761203,25.331221263821867,24.691792752816422,25.232847213745117,41897000,0.0,0.0
2024-11-25 00:00:00-05:00,25.331220982992235,26.019837449566314,25.32138339046073,25.7443904876709,57707600,0.0,0.0
2024-11-26 00:00:00-05:00,25.734553572509686,25.813252438504282,25.193499103337956,25.35089683532715,33001000,0.0,0.0
2024-11-27 00:00:00-05:00,25.341058467670983,25.527968972316263,25.282034789062074,25.40991973876953,28242100,0.0,0.0
2024-11-29 00:00:00-05:00,25.409919953840156,25.803414275111628,25.350896274731667,25.78373908996582,22023000,0.0,0.0
2024-12-02 00:00:00-05:00,25.64601773863699,25.79357788143131,25.31154708092772,25.400083541870117,43866400,0.0,0.0
2024-12-03 00:00:00-05:00,25.409919361852147,25.47878063192924,25.104961504512634,25.144309997558594,49064300,0.0,0.0
2024-12-04 00:00:00-05:00,25.03610063527418,25.085286721451343,24.77049126672811,24.819677352905273,42541500,0.0,0.0
2024-12-05 00:00:00-05:00,24.819678343274905,25.370572287351575,24.731141883560046,25.28203582763672,43647900,0.0,0.0
2024-12-06 00:00:00-05:00,25.321383918420217,25.675529751622822,25.173823780028783,25.311546325683594,31830700,0.0,0.0
2024-12-09 00:00:00-05:00,25.34105883578975,26.010000124171192,25.163985921061844,25.67552947998047,37464800,0.0,0.0
2024-12-10 00:00:00-05:00,25.675529248660503,25.685366841204416,25.095124422872086,25.15414810180664,43280500,0.0,0.0
2024-12-11 00:00:00-05:00,24.967237487765676,25.09512431395256,24.760653674226894,24.819677352905273,39569400,0.0,0.0
2024-12-12 00:00:00-05:00,24.77049266754798,25.065612953958414,24.652443427186395,24.9574031829834,38705100,0.0,0.0
2024-12-13 00:00:00-05:00,24.92788960918657,25.242685071677393,24.849190743563863,25.163986206054688,29043600,0.0,0.0
2024-12-16 00:00:00-05:00,25.173824214908734,25.33122194875585,24.80984078268166,24.839353561401367,40194000,0.0,0.0
2024-12-17 00:00:00-05:00,25.47878098124228,26.02967302574063,25.439432487656855,26.00016212463379,71440300,0.0,0.0
2024-12-18 00:00:00-05:00,25.764066708382114,26.08869976965554,25.439433647108686,25.468944549560547,47575100,0.0,0.0
2024-12-19 00:00:00-05:00,25.282035562123,25.665692299305537,25.16398632496662,25.35089683532715,50324700,0.0,0.0
2024-12-20 00:00:00-05:00,25.28203501739482,26.059186067805797,25.28203501739482,25.93130111694336,116340100,0.0,0.0
2024-12-23 00:00:00-05:00,25.931301696447388,26.314958433937466,25.76406637153369,26.27560806274414,35350400,0.0,0.0
2024-12-24 00:00:00-05:00,26.15756033091498,26.334633246116162,25.950974637737286,26.30512046813965,19716400,0.0,0.0
2024-12-26 00:00:00-05:00,26.206746809232218,26.2854456753492,26.04934907699825,26.128047943115234,31406000,0.0,0.0
2024-12-27 00:00:00-05:00,26.000162248579944,26.413331753005565,25.99032465605446,26.18707275390625,35218300,0.0,0.0
2024-12-30 00:00:00-05:00,26.04934960944631,26.14772366318555,25.81325300626955,25.990325927734375,32859100,0.0,0.0
2024-12-31 00:00:00-05:00,25.97065061294279,26.216584807906887,25.931302117439614,26.09853744506836,27085500,0.0,0.0
2025-01-02 00:00:00-05:00,26.314959107048345,26.42317075426897,26.128048591756997,26.177236557006836,32899200,0.0,0.0
2025-01-03 00:00:00-05:00,26.265771991501797,26.403494536160274,26.088699076181502,26.157560348510742,33417000,0.0,0.0
2025-01-06 00:00:00-05:00,26.275607672685158,26.806826417935348,26.128047535558643,26.452680587768555,43951000,0.0,0.0
2025-01-07 00:00:00-05:00,26.570730561136173,27.121622630660276,26.501869286986786,26.688777923583984,35030000,0.0,0.0
2025-01-08 00:00:00-05:00,26.61007872398322,26.698615182877205,25.8034148774638,26.42317008972168,35430700,0.0,0.0
2025-01-10 00:00:00-05:00,26.433008185509383,26.610079230337803,26.255935264351955,26.285446166992188,32836900,0.0,0.0
2025-01-13 00:00:00-05:00,26.216583238701652,26.37398096395124,25.931300565310103,26.36414337158203,28359600,0.0,0.0
2025-01-14 00:00:00-05:00,26.373982154371124,26.433007711250575,25.842765276758893,25.980487823486328,25856900,0.0,0.0
2025-01-15 00:00:00-05:00,26.088699348268594,26.21658430159537,25.783739601445813,25.793577194213867,35949700,0.0,0.0
2025-01-16 00:00:00-05:00,25.646017415016967,26.137885802343963,25.53780576937975,26.059186935424805,29981100,0.0,0.0
2025-01-17 00:00:00-05:00,25.97065035843975,26.12804809156801,25.793577439588212,25.872276306152344,35380300,0.0,0.0
2025-01-21 00:00:00-05:00,26.019838418978264,26.20674705505371,25.96081286159013,26.20674705505371,39745600,0.0,0.0
2025-01-22 00:00:00-05:00,26.07886062286035,26.167397077598615,25.547641894430768,25.586992263793945,41890400,0.0,0.0
2025-01-23 00:00:00-05:00,25.58699312562423,26.04934872324148,25.429595395527762,26.010000228881836,40987000,0.0,0.0
2025-01-24 00:00:00-05:00,26.020000457763672,26.200000762939453,25.959999084472656,26.09000015258789,31300200,0.43,0.0
2025-01-27 00:00:00-05:00,26.239999771118164,26.969999313354492,26.18000030517578,26.860000610351562,50648600,0.0,0.0
2025-01-28 00:00:00-05:00,26.780000686645508,26.860000610351562,26.489999771118164,26.75,40589600,0.0,0.0
2025-01-29 00:00:00-05:00,26.799999237060547,27.06999969482422,26.56999969482422,26.6200008392334,34418200,0.0,0.0
2025-01-30 00:00:00-05:00,26.65999984741211,27.010000228881836,26.579999923706055,26.90999984741211,32289600,0.0,0.0
2025-01-31 00:00:00-05:00,26.959999084472656,27.010000228881836,26.420000076293945,26.520000457763672,37338200,0.0,0.0
2025-02-03 00:00:00-05:00,26.299999237060547,26.469999313354492,26.149999618530273,26.200000762939453,49626200,0.0,0.0
2025-02-04 00:00:00-05:00,26.100000381469727,26.920000076293945,25.600000381469727,25.8700008392334,68748300,0.0,0.0
2025-02-05 00:00:00-05:00,25.950000762939453,26.690000534057617,25.700000762939453,26.440000534057617,50426800,0.0,0.0
2025-02-06 00:00:00-05:00,26.420000076293945,26.469999313354492,25.780000686645508,25.829999923706055,45182000,0.0,0.0
2025-02-07 00:00:00-05:00,25.860000610351562,25.959999084472656,25.530000686645508,25.739999771118164,36512800,0.0,0.0
2025-02-10 00:00:00-05:00,25.780000686645508,26.1200008392334,25.510000228881836,25.8700008392334,39632700,0.0,0.0
2025-02-11 00:00:00-05:00,25.829999923706055,25.90999984741211,25.459999084472656,25.530000686645508,36593300,0.0,0.0
2025-02-12 00:00:00-05:00,25.479999542236328,25.6200008392334,25.170000076293945,25.469999313354492,31671600,0.0,0.0
2025-02-13 00:00:00-05:00,25.489999771118164,25.739999771118164,25.329999923706055,25.639999389648438,30612500,0.0,0.0
2025-02-14 00:00:00-05:00,25.729999542236328,25.829999923706055,25.469999313354492,25.530000686645508,33214600,0.0,0.0
2025-02-18 00:00:00-05:00,25.610000610351562,25.739999771118164,25.420000076293945,25.559999465942383,40499700,0.0,0.0
2025-02-19 00:00:00-05:00,25.56999969482422,25.920000076293945,25.5,25.889999389648438,37292400,0.0,0.0
2025-02-20 00:00:00-05:00,25.860000610351562,26.079999923706055,25.75,25.899999618530273,37139000,0.0,0.0
2025-02-21 00:00:00-05:00,25.889999389648438,26.56999969482422,25.850000381469727,26.299999237060547,54611500,0.0,0.0
2025-02-24 00:00:00-05:00,26.399999618530273,26.739999771118164,25.8799991607666,26.649999618530273,43823300,0.0,0.0
2025-02-25 00:00:00-05:00,26.719999313354492,27.030000686645508,26.540000915527344,26.739999771118164,43560100,0.0,0.0
2025-02-26 00:00:00-05:00,26.68000030517578,26.780000686645508,26.350000381469727,26.420000076293945,30103300,0.0,0.0
2025-02-27 00:00:00-05:00,26.290000915527344,26.5,26.010000228881836,26.100000381469727,28268300,0.0,0.0
2025-02-28 00:00:00-05:00,26.059999465942383,26.489999771118164,25.90999984741211,26.43000030517578,51531700,0.0,0.0
2025-03-03 00:00:00-05:00,26.3700008392334,26.899999618530273,25.969999313354492,26.25,54048600,0.0,0.0
2025-03-04 00:00:00-05:00,26.25,26.309999465942383,25.670000076293945,25.75,51315000,0.0,0.0
2025-03-05 00:00:00-05:00,25.700000762939453,26.18000030517578,25.65999984741211,25.940000534057617,37062400,0.0,0.0
2025-03-06 00:00:00-05:00,25.93000030517578,26.459999084472656,25.899999618530273,26.239999771118164,46998300,0.0,0.0
2025-03-07 00:00:00-05:00,26.399999618530273,26.889999389648438,26.18000030517578,26.729999542236328,54337700,0.0,0.0
2025-03-10 00:00:00-04:00,26.639999389648438,27.239999771118164,26.540000915527344,26.639999389648438,53013500,0.0,0.0
2025-03-11 00:00:00-04:00,26.56999969482422,26.6200008392334,25.8700008392334,25.989999771118164,44841400,0.0,0.0
2025-03-12 00:00:00-04:00,25.940000534057617,25.969999313354492,25.5,25.709999084472656,37331000,0.0,0.0
2025-03-13 00:00:00-04:00,25.760000228881836,26.06999969482422,25.530000686645508,25.600000381469727,36717900,0.0,0.0
2025-03-14 00:00:00-04:00,25.6200008392334,25.760000228881836,25.5,25.719999313354492,30298300,0.0,0.0
2025-03-17 00:00:00-04:00,25.739999771118164,26.149999618530273,25.59000015258789,26.049999237060547,32676900,0.0,0.0
2025-03-18 00:00:00-04:00,26.209999084472656,26.399999618530273,26.100000381469727,26.309999465942383,32958700,0.0,0.0
2025-03-19 00:00:00-04:00,26.329999923706055,26.5,26.079999923706055,26.209999084472656,42522700,0.0,0.0
2025-03-20 00:00:00-04:00,26.25,26.299999237060547,26.020000457763672,26.190000534057617,35378900,0.0,0.0
2025-03-21 00:00:00-04:00,26.1299991607666,26.520000457763672,26.010000228881836,26.280000686645508,349996500,0.0,0.0
2025-03-24 00:00:00-04:00,26.100000381469727,26.219999313354492,25.889999389648438,26.139999389648438,37944400,0.0,0.0
2025-03-25 00:00:00-04:00,26.15999984741211,26.200000762939453,25.510000228881836,25.549999237060547,47607600,0.0,0.0
2025-03-26 00:00:00-04:00,25.520000457763672,25.649999618530273,25.1299991607666,25.209999084472656,49487400,0.0,0.0
2025-03-27 00:00:00-04:00,25.200000762939453,25.229999542236328,24.829999923706055,25.010000228881836,51302000,0.0,0.0
2025-03-28 00:00:00-04:00,25.030000686645508,25.219999313354492,24.809999465942383,25.209999084472656,32352500,0.0,0.0
2025-03-31 00:00:00-04:00,24.799999237060547,25.43000030517578,24.610000610351562,25.34000015258789,53498100,0.0,0.0
2025-04-01 00:00:00-04:00,25.290000915527344,25.350000381469727,24.520000457763672,24.540000915527344,54444200,0.0,0.0
2025-04-02 00:00:00-04:00,24.5,24.739999771118164,24.309999465942383,24.700000762939453,41965000,0.0,0.0
2025-04-03 00:00:00-04:00,24.739999771118164,24.8700008392334,24.280000686645508,24.290000915527344,53501800,0.0,0.0
2025-04-04 00:00:00-04:00,23.940000534057617,24.100000381469727,22.950000762939453,22.969999313354492,80002600,0.0,0.0
2025-04-07 00:00:00-04:00,22.139999389648438,23.15999984741211,21.75,22.6299991607666,86106100,0.0,0.0
2025-04-08 00:00:00-04:00,22.899999618530273,22.989999771118164,21.440000534057617,21.84000015258789,72406000,0.0,0.0
2025-04-09 00:00:00-04:00,21.110000610351562,22.540000915527344,20.920000076293945,22.489999771118164,95954400,0.0,0.0
2025-04-10 00:00:00-04:00,22.260000228881836,22.270000457763672,21.09000015258789,21.59000015258789,72960700,0.0,0.0
2025-04-11 00:00:00-04:00,21.59000015258789,22.0,21.280000686645508,21.90999984741211,55078100,0.0,0.0
2025-04-14 00:00:00-04:00,22.079999923706055,22.229999542236328,21.8700008392334,22.1200008392334,61900900,0.0,0.0
2025-04-15 00:00:00-04:00,22.170000076293945,22.93000030517578,22.1299991607666,22.440000534057617,51814700,0.0,0.0
2025-04-16 00:00:00-04:00,22.489999771118164,22.68000030517578,21.950000762939453,22.040000915527344,37641200,0.0,0.0
2025-04-17 00:00:00-04:00,22.149999618530273,22.549999237060547,22.100000381469727,22.139999389648438,53859000,0.0,0.0
2025-04-21 00:00:00-04:00,22.1299991607666,22.170000076293945,21.8700008392334,22.040000915527344,32021000,0.0,0.0
2025-04-22 00:00:00-04:00,22.18000030517578,22.549999237060547,22.149999618530273,22.530000686645508,36052600,0.0,0.0
2025-04-23 00:00:00-04:00,22.780000686645508,23.059999465942383,22.239999771118164,22.389999389648438,50781000,0.0,0.0
2025-04-24 00:00:00-04:00,22.399999618530273,22.860000610351562,22.229999542236328,22.780000686645508,34973000,0.0,0.0
