Date,Open,High,Low,Close,Volume,Dividends,Stock Splits
2020-04-27 00:00:00-04:00,105.380191019996,105.380191019996,103.35551840508545,103.84178924560547,10635700,0.0,0.0
2020-04-28 00:00:00-04:00,103.53233219350395,104.2484869953317,102.71008538060755,103.34666442871094,9958000,0.0,0.0
2020-04-29 00:00:00-04:00,103.90367136348065,104.37226916200228,101.74638386928619,103.51465606689453,8707900,0.0,0.0
2020-04-30 00:00:00-04:00,102.48906515412467,104.57562709458969,102.25919460226366,104.213134765625,10026400,0.0,0.0
2020-05-01 00:00:00-04:00,103.97439983128373,104.6551883783539,102.84270674804398,103.28477478027344,7366400,0.0,0.0
2020-05-04 00:00:00-04:00,103.52350483131777,103.62076035333791,101.67566340378293,102.3564453125,5636000,0.0,0.0
2020-05-05 00:00:00-04:00,102.38295102472333,103.67378876930347,101.86130727951591,102.56861877441406,5425200,0.0,0.0
2020-05-06 00:00:00-04:00,102.15309054630956,102.68357088185456,99.8101284234437,99.99579620361328,7892200,0.0,0.0
2020-05-07 00:00:00-04:00,100.84455478768271,100.91528728994115,98.86409194240555,99.17353820800781,8762800,0.0,0.0
2020-05-08 00:00:00-04:00,100.36711326819528,102.8250169535235,100.25217801939168,102.51556396484375,9279900,0.0,0.0
2020-05-11 00:00:00-04:00,102.33876727282785,102.56864457831492,101.60493259270407,101.94974517822266,6947500,0.0,0.0
2020-05-12 00:00:00-04:00,101.85247695822225,102.47137628116604,100.91529484214158,101.27779388427734,6734400,0.0,0.0
2020-05-13 00:00:00-04:00,101.03907659710474,101.98510199331615,100.55280576929749,100.72078704833984,9312600,0.0,0.0
2020-05-14 00:00:00-04:00,100.38482897008905,101.18938943662896,98.36015618170683,100.62354278564453,9310000,0.0,0.0
2020-05-15 00:00:00-04:00,100.72963581828193,101.48999347695104,99.06746221897616,101.33084869384766,10694800,0.0,0.0
2020-05-18 00:00:00-04:00,102.58630811690034,103.43507794287422,101.41924876300837,102.74545288085938,10020800,0.0,0.0
2020-05-19 00:00:00-04:00,101.75521715425722,102.241494691384,99.32384295946909,99.41226196289062,8047600,0.0,0.0
2020-05-20 00:00:00-04:00,99.90739593298309,100.58817787533621,99.13819496957112,100.15495300292969,6593800,0.0,0.0
2020-05-21 00:00:00-04:00,99.73055195646313,100.08420099011875,98.5192831053816,98.68727111816406,6552700,0.0,0.0
2020-05-22 00:00:00-04:00,99.2796461564314,100.43786232013785,98.81105509005927,99.55372619628906,5571900,0.0,0.0
2020-05-26 00:00:00-04:00,100.92413750725302,100.92413750725302,98.74032025355977,99.04976654052734,10432400,0.0,0.0
2020-05-27 00:00:00-04:00,99.46531854346826,100.76499978503735,98.86410568156634,100.69426727294922,8279700,0.0,0.0
2020-05-28 00:00:00-04:00,102.14423247881494,103.43507024804337,101.58722921910685,102.61282348632812,6586700,0.0,0.0
2020-05-29 00:00:00-04:00,102.67471194124946,103.19635569237263,101.33967142898693,102.48904418945312,7868000,0.0,0.0
2020-06-01 00:00:00-04:00,102.55979258978545,103.88599680430853,101.90553373267262,103.66496276855469,5105600,0.0,0.0
2020-06-02 00:00:00-04:00,103.50581068456181,104.45183602097352,103.28477666441493,104.381103515625,6327900,0.0,0.0
2020-06-03 00:00:00-04:00,104.41646734252672,105.38017915559837,104.28384558443503,104.79664611816406,6171000,0.0,0.0
2020-06-04 00:00:00-04:00,104.32806671739344,105.06190134795133,102.17961558212508,102.60400390625,6895800,0.0,0.0
2020-06-05 00:00:00-04:00,102.7808300423927,105.06190298610619,102.60400550608063,104.61983489990234,7337800,0.0,0.0
2020-06-08 00:00:00-04:00,103.83294146008653,105.31829031664225,103.30245442562725,105.25640106201172,6926700,0.0,0.0
2020-06-09 00:00:00-04:00,105.56586635121877,105.88415593106014,104.46069607272072,104.62867736816406,5563200,0.0,0.0
2020-06-10 00:00:00-04:00,105.2121807314761,105.99906120739706,104.42530025555513,105.41553497314453,6678200,0.0,0.0
2020-06-11 00:00:00-04:00,105.04422383100349,105.71616925774136,102.559803171337,102.78968048095703,8937500,0.0,0.0
2020-06-12 00:00:00-04:00,103.08143763554504,104.37228243998962,101.90554160106244,102.22383117675781,7998500,0.0,0.0
2020-06-15 00:00:00-04:00,101.27780981055147,103.69149798786556,100.57934136584277,103.16986083984375,8786000,0.0,0.0
2020-06-16 00:00:00-04:00,104.79665660194004,105.18567866581373,103.38204011343146,104.44300079345703,8165200,0.0,0.0
2020-06-17 00:00:00-04:00,104.6728837868286,105.30946292771526,103.83295709813999,104.26618194580078,6320800,0.0,0.0
2020-06-18 00:00:00-04:00,103.85062748091752,106.0609677731525,103.77105846820022,105.45975494384766,6274400,0.0,0.0
2020-06-19 00:00:00-04:00,106.52956538179423,107.70546810842087,105.06190284518637,105.14147186279297,17506200,0.0,0.0
2020-06-22 00:00:00-04:00,105.01767654858743,105.28292005571721,103.74451850704067,104.10701751708984,5695600,0.0,0.0
2020-06-23 00:00:00-04:00,104.92043120098619,105.38018575845474,104.01861533121827,104.08934783935547,5340400,0.0,0.0
2020-06-24 00:00:00-04:00,103.63844107711303,104.29269994251835,102.80735093360929,102.9311294555664,6547800,0.0,0.0
2020-06-25 00:00:00-04:00,103.43508817424897,104.35459059636317,102.58631826431825,104.2308120727539,5489300,0.0,0.0
2020-06-26 00:00:00-04:00,103.9655604153996,104.74360449788256,101.71101741515224,101.8790054321289,23201700,0.0,0.0
2020-06-29 00:00:00-04:00,103.01070031288481,104.37227073501448,102.869235297141,104.02745819091797,6866900,0.0,0.0
2020-06-30 00:00:00-04:00,104.30154708479769,106.08749921498169,104.15124555187317,105.7161636352539,7818000,0.0,0.0
2020-07-01 00:00:00-04:00,105.78689250698042,106.44115137427389,105.12379038940064,106.07865905761719,6501200,0.0,0.0
2020-07-02 00:00:00-04:00,106.980457881077,108.36855115566746,106.56491287450274,106.87435913085938,6150900,0.0,0.0
2020-07-06 00:00:00-04:00,107.66124646692874,108.22709975852176,106.87436590286647,107.53746795654297,6023300,0.0,0.0
2020-07-07 00:00:00-04:00,107.2457316917414,108.96979471111051,106.88323258512182,108.05913543701172,6866300,0.0,0.0
2020-07-08 00:00:00-04:00,107.99723040562365,108.96093555645429,107.86460863608477,108.6514892578125,6494100,0.0,0.0
2020-07-09 00:00:00-04:00,108.58961217651081,109.61521344751536,107.69663268991881,108.28900909423828,5341000,0.0,0.0
2020-07-10 00:00:00-04:00,108.36858489717186,110.07496820829004,108.28017261717382,109.53564453125,6752600,0.0,0.0
2020-07-13 00:00:00-04:00,109.63288399962558,111.03865725826905,109.04935089537263,109.67709350585938,7681500,0.0,0.0
2020-07-14 00:00:00-04:00,109.6240321533006,111.10054455339397,109.19080735695907,110.5965805053711,6272100,0.0,0.0
2020-07-15 00:00:00-04:00,111.38345248749934,112.19685596113615,109.86273753957357,110.0749282836914,8145000,0.0,0.0
2020-07-16 00:00:00-04:00,110.58774811924714,110.97676342730773,109.55331047203582,110.30482482910156,3959300,0.0,0.0
2020-07-17 00:00:00-04:00,110.5965784660425,111.46303478817177,110.36670794307639,111.07401275634766,4868600,0.0,0.0
2020-07-20 00:00:00-04:00,110.93257182646056,111.25969790850024,110.33135893125035,110.72921752929688,4242100,0.0,0.0
2020-07-21 00:00:00-04:00,110.95023874617988,111.96699662351485,110.44628143242925,110.57890319824219,5162300,0.0,0.0
2020-07-22 00:00:00-04:00,110.95906349574818,111.7547872125312,109.81852729259622,111.52490997314453,5929200,0.0,0.0
2020-07-23 00:00:00-04:00,112.21090867735592,113.15400482907883,111.74825286814067,112.24649810791016,6664800,0.791,0.0
2020-07-24 00:00:00-04:00,112.98496357053752,113.67894053838079,111.49914039189974,112.06855773925781,6014200,0.0,0.0
2020-07-27 00:00:00-04:00,111.84612801482257,112.67356365195607,111.69487801796777,112.38885498046875,6464600,0.0,0.0
2020-07-28 00:00:00-04:00,112.4333291670152,114.29283774426334,112.36215031119944,113.77679443359375,7644400,0.0,0.0
2020-07-29 00:00:00-04:00,113.49209910263171,114.98682809802763,113.31415873022226,114.15938568115234,6702000,0.0,0.0
2020-07-30 00:00:00-04:00,116.25020522645836,117.46911085226984,115.3515840781055,116.92638397216797,10400700,0.0,0.0
2020-07-31 00:00:00-04:00,116.25021575829325,116.73956193648493,115.01351191303394,116.65947723388672,8487000,0.0,0.0
2020-08-03 00:00:00-04:00,116.0811704051835,117.3712550320026,116.0811704051835,116.81072998046875,7769400,0.0,0.0
2020-08-04 00:00:00-04:00,116.34808815310538,119.15957853545852,116.28580155783546,119.03501892089844,7773700,0.0,0.0
2020-08-05 00:00:00-04:00,118.85709233869369,119.80018861202468,118.43892496074784,118.72364044189453,5680000,0.0,0.0
2020-08-06 00:00:00-04:00,118.19870971252287,118.66135199823577,117.54920762222777,118.07415008544922,3974100,0.0,0.0
2020-08-07 00:00:00-04:00,118.23427203891129,118.90155854983357,117.84279511368027,118.82148742675781,4934900,0.0,0.0
2020-08-10 00:00:00-04:00,118.95495010431175,119.6133444089154,118.50120012301873,119.31084442138672,5812700,0.0,0.0
2020-08-11 00:00:00-04:00,119.4621006370371,119.88026799639186,118.14531195924815,118.53678894042969,5329900,0.0,0.0
2020-08-12 00:00:00-04:00,119.01724504197435,120.97461640713652,118.95495844112843,120.52086639404297,5920400,0.0,0.0
2020-08-13 00:00:00-04:00,120.18275158927919,120.88562074516834,120.04928614065643,120.80554962158203,4989500,0.0,0.0
2020-08-14 00:00:00-04:00,120.65430385285221,120.6809942283128,119.71120771730003,120.20055389404297,5845200,0.0,0.0
2020-08-17 00:00:00-04:00,120.05822657950814,120.73440555572026,119.80910729479932,120.55646514892578,5603800,0.0,0.0
2020-08-18 00:00:00-04:00,120.83226470654466,122.35368424571242,120.48527619073191,121.45506286621094,8670700,0.0,0.0
2020-08-19 00:00:00-04:00,120.59200944764493,121.28599989260225,120.55642680799562,120.7966537475586,6827700,0.0,0.0
2020-08-20 00:00:00-04:00,120.32511082025037,121.87320686634162,120.28062233681554,121.75755310058594,4352200,0.0,0.0
2020-08-21 00:00:00-04:00,121.53514345448592,122.86971671243717,120.92123758367136,122.28250122070312,5706600,0.0,0.0
2020-08-24 00:00:00-04:00,122.32698940250742,123.4747164280178,122.06896430407174,123.23448944091797,7420500,0.0,0.0
2020-08-25 00:00:00-04:00,123.67043516846994,123.80388704221697,122.60277945055665,123.72381591796875,4718300,0.0,0.0
2020-08-26 00:00:00-04:00,123.2878642597679,123.95515078143546,123.00314882738647,123.1277084350586,4746200,0.0,0.0
2020-08-27 00:00:00-04:00,123.52810955279821,124.28437323649993,122.940894003758,122.96759796142578,6156100,0.0,0.0
2020-08-28 00:00:00-04:00,123.06542824983585,123.5903570247321,121.84650904293414,123.4657974243164,4166300,0.0,0.0
2020-08-31 00:00:00-04:00,122.94976595600092,123.43020626987958,122.62057562197256,123.07432556152344,5596800,0.0,0.0
2020-09-01 00:00:00-04:00,122.65620075982945,122.97649893871707,121.95333136570623,122.94090270996094,5671800,0.0,0.0
2020-09-02 00:00:00-04:00,122.87858181713449,125.84133542397063,122.43372416282237,125.0138931274414,8384800,0.0,0.0
2020-09-03 00:00:00-04:00,125.21855855583597,126.07267779371422,121.97108898570622,123.01205444335938,7277900,0.0,0.0
2020-09-04 00:00:00-04:00,122.61169748609073,123.83950928652845,121.10807603795628,122.74516296386719,7437700,0.0,0.0
2020-09-08 00:00:00-04:00,123.24338149367492,123.35014299778105,120.14716211480008,120.94791412353516,6847500,0.0,0.0
2020-09-09 00:00:00-04:00,121.37495803421952,124.16866349721234,121.2415061713289,122.9141616821289,6002900,0.0,0.0
2020-09-10 00:00:00-04:00,122.88747862851869,123.42131326383125,121.45503638560798,121.62408447265625,5242500,0.0,0.0
2020-09-11 00:00:00-04:00,122.50490425975198,123.36792920395334,122.03335622747433,122.9052734375,4398000,0.0,0.0
2020-09-14 00:00:00-04:00,123.17218422624492,124.18645909162579,123.074315003446,123.34123229980469,4767400,0.0,0.0
2020-09-15 00:00:00-04:00,123.48357642534869,124.35550716518554,123.12769574752221,123.34123229980469,4046500,0.0,0.0
2020-09-16 00:00:00-04:00,124.17758625195579,124.71140735220365,122.4248458087168,122.51380920410156,6049900,0.0,0.0
2020-09-17 00:00:00-04:00,121.94440075062454,122.67397395611238,121.17035263220075,122.35367584228516,4648500,0.0,0.0
2020-09-18 00:00:00-04:00,121.81094570926098,122.718445694982,121.23262252026345,122.22020721435547,10192800,0.0,0.0
2020-09-21 00:00:00-04:00,121.89101473788448,122.30918207890306,119.84466651978964,121.63300323486328,7092600,0.0,0.0
2020-09-22 00:00:00-04:00,121.43728002235272,123.69715154062631,121.21485113537382,122.74516296386719,4722800,0.0,0.0
2020-09-23 00:00:00-04:00,123.1543918309281,123.1543918309281,121.0813535253051,121.27709197998047,6373700,0.0,0.0
2020-09-24 00:00:00-04:00,121.59740299648433,122.0244625903976,120.74328380865778,121.81983184814453,5708200,0.0,0.0
2020-09-25 00:00:00-04:00,120.90341560468973,122.77182322737072,120.90341560468973,122.44261932373047,4969900,0.0,0.0
2020-09-28 00:00:00-04:00,123.27898095848312,124.50679272716415,122.58500393513685,122.78963470458984,5810800,0.0,0.0
2020-09-29 00:00:00-04:00,123.12772783271784,123.15441821171105,121.58852381485781,122.12234497070312,4492100,0.0,0.0
2020-09-30 00:00:00-04:00,122.92309457745698,124.42671591818286,122.6116887275385,123.66156005859375,8727800,0.0,0.0
2020-10-01 00:00:00-04:00,124.18644154139112,124.55122800899649,122.96753613731664,123.88394165039062,5713400,0.0,0.0
2020-10-02 00:00:00-04:00,122.71844121709341,123.77720473778163,121.84652390781248,122.88748931884766,6077900,0.0,0.0
2020-10-05 00:00:00-04:00,123.4213102724517,124.24873900355509,123.0476314671813,124.01741790771484,6333900,0.0,0.0
2020-10-06 00:00:00-04:00,124.04414766415894,125.2452691578566,123.50142060362644,124.21319580078125,6042900,0.0,0.0
2020-10-07 00:00:00-04:00,124.63131849083877,125.79684333959077,123.9996146663818,125.18293762207031,4640900,0.0,0.0
2020-10-08 00:00:00-04:00,125.05841915227346,126.27732514670748,124.88047875232417,126.02820587158203,4569800,0.0,0.0
2020-10-09 00:00:00-04:00,126.19724011528945,127.79873069055571,126.07268049143434,127.15813446044922,6551700,0.0,0.0
2020-10-12 00:00:00-04:00,127.5229346124217,129.30236575709907,127.5229346124217,128.5550079345703,5791500,0.0,0.0
2020-10-13 00:00:00-04:00,127.95885875000745,128.86635856561216,127.63856070450642,128.30584716796875,4509400,0.0,0.0
2020-10-14 00:00:00-04:00,128.27916166549957,129.09771179191105,127.30048285727854,128.15460205078125,3860700,0.0,0.0
2020-10-15 00:00:00-04:00,127.28266598138369,128.4659889347301,127.13141601266724,127.9677505493164,4997100,0.0,0.0
2020-10-16 00:00:00-04:00,128.49269379334086,129.7827783815833,128.04783610250004,128.46600341796875,6806100,0.0,0.0
2020-10-19 00:00:00-04:00,128.53717530701556,129.35571178465568,125.56552935158717,126.25950622558594,6427600,0.0,0.0
2020-10-20 00:00:00-04:00,129.55146870300678,129.62264756894058,126.25061837222708,126.76665496826172,7582100,0.0,0.0
2020-10-21 00:00:00-04:00,126.7755651938157,128.42153070649755,126.75776708272187,127.45174407958984,5649700,0.0,0.0
2020-10-22 00:00:00-04:00,126.58483561959747,127.71209684892246,126.21802351869572,126.54904174804688,4502900,0.791,0.0
2020-10-23 00:00:00-04:00,126.82636962821803,127.82839315696607,126.82636962821803,127.38106536865234,4278100,0.0,0.0
2020-10-26 00:00:00-04:00,126.59379201093881,127.08585541687245,125.26074999329381,126.41486358642578,5315500,0.0,0.0
2020-10-27 00:00:00-04:00,126.9874435374014,128.23995616826392,126.72798571656028,127.36319732666016,6806700,0.0,0.0
2020-10-28 00:00:00-04:00,125.65437782564601,126.09276398949454,122.84515975336238,123.15829467773438,8192200,0.0,0.0
2020-10-29 00:00:00-04:00,122.88094111198117,124.43763297965036,121.49422232594125,123.07776641845703,5476900,0.0,0.0
2020-10-30 00:00:00-04:00,122.72882513055814,123.45350749479357,120.49218655927933,122.65726470947266,6422000,0.0,0.0
2020-11-02 00:00:00-05:00,123.9187316798104,125.25177332468412,122.96145736810749,123.9097900390625,6682800,0.0,0.0
2020-11-03 00:00:00-05:00,124.64342158241979,127.63156793428314,124.64342158241979,126.34326171875,6244200,0.0,0.0
2020-11-04 00:00:00-05:00,125.66330939340021,127.93572820954536,125.4933226751981,125.8243408203125,5820600,0.0,0.0
2020-11-05 00:00:00-05:00,127.43474251903228,128.40991382122962,126.84426656213158,127.38106536865234,5673100,0.0,0.0
2020-11-06 00:00:00-05:00,127.64050508830707,128.89303104331373,127.38106098660897,128.14151000976562,4702300,0.0,0.0
2020-11-09 00:00:00-05:00,130.75389241128715,131.44278095047449,123.10459900939021,123.4535140991211,12664700,0.0,0.0
2020-11-10 00:00:00-05:00,123.55194452677748,125.80646682268453,122.7020107808303,125.48439025878906,7854000,0.0,0.0
2020-11-11 00:00:00-05:00,126.90691153903518,127.93576009322608,125.8333138199604,127.1037368774414,5554300,0.0,0.0
2020-11-12 00:00:00-05:00,127.30052130078539,127.5331404607343,126.20905418251098,127.1752700805664,5631700,0.0,0.0
2020-11-13 00:00:00-05:00,127.2289571636663,129.2598152000037,126.93371922790229,129.0808868408203,6466800,0.0,0.0
2020-11-16 00:00:00-05:00,129.5282349722868,129.5282349722868,126.37904347932505,127.42578887939453,7976600,0.0,0.0
2020-11-17 00:00:00-05:00,126.94267271992,128.3562300967557,126.81742149166165,126.93373107910156,6396800,0.0,0.0
2020-11-18 00:00:00-05:00,127.0321443698852,127.13055702482117,124.94759533450338,124.9833755493164,6097100,0.0,0.0
2020-11-19 00:00:00-05:00,125.13544787373144,125.35911172631269,123.86503882923283,124.83126831054688,5284100,0.0,0.0
2020-11-20 00:00:00-05:00,124.83127046558582,125.56489446736929,124.02608604293614,124.62550354003906,4726900,0.0,0.0
2020-11-23 00:00:00-05:00,124.64338293704594,125.20700649307103,123.33718019257068,124.14236450195312,4770600,0.0,0.0
2020-11-24 00:00:00-05:00,124.20500886377502,125.10860588905331,123.52507568497373,123.73978424072266,7101800,0.0,0.0
2020-11-25 00:00:00-05:00,123.60563542022003,124.70605811446404,123.49826745274456,124.07084655761719,8411300,0.0,0.0
2020-11-27 00:00:00-05:00,123.99031992301009,124.25871934106506,123.04198714372914,124.00821685791016,4252200,0.0,0.0
2020-11-30 00:00:00-05:00,123.46245307100858,124.53603688918037,122.33519210963206,124.24079895019531,11640400,0.0,0.0
2020-12-01 00:00:00-05:00,124.50025561074465,124.84021539858152,123.60560016137401,124.68812561035156,7169700,0.0,0.0
2020-12-02 00:00:00-05:00,124.68813542957668,125.19809562852967,123.00619233523037,123.78453826904297,6963000,0.0,0.0
2020-12-03 00:00:00-05:00,123.54298570321437,123.77560489076728,121.26161124509929,122.87199401855469,8742500,0.0,0.0
2020-12-04 00:00:00-05:00,122.75568337106652,123.33720396756611,121.5568346630521,122.98828887939453,6617200,0.0,0.0
2020-12-07 00:00:00-05:00,122.21889600328392,123.22986114960278,122.17416049522939,123.1761703491211,6918000,0.0,0.0
2020-12-08 00:00:00-05:00,122.58567015616421,124.16025853278283,122.0578131665011,123.50716400146484,6493500,0.0,0.0
2020-12-09 00:00:00-05:00,123.31036426007063,123.49823426277821,121.89680698857218,122.03995513916016,6773400,0.0,0.0
2020-12-10 00:00:00-05:00,122.13836722119342,122.49622394464872,120.81426731141919,121.23475646972656,6800500,0.0,0.0
2020-12-11 00:00:00-05:00,120.29537705026395,122.38886751365361,120.06275789787041,122.12940979003906,6548000,0.0,0.0
2020-12-14 00:00:00-05:00,122.58571638027976,123.39984261616098,121.46739685979098,121.53897094726562,6485300,0.0,0.0
2020-12-15 00:00:00-05:00,122.02206367284856,123.05091204214368,121.88787080776123,122.25466918945312,5397000,0.0,0.0
2020-12-16 00:00:00-05:00,122.30837461955873,123.7040351888792,122.30837461955873,122.80937957763672,5382500,0.0,0.0
2020-12-17 00:00:00-05:00,123.47140446783904,124.46447264967624,123.4177273203927,123.68612670898438,7405300,0.0,0.0
2020-12-18 00:00:00-05:00,123.69505316691354,125.31439094048687,122.97038446261693,124.39288330078125,19988800,0.0,0.0
2020-12-21 00:00:00-05:00,123.42667059763131,123.84714609548331,121.86996521642433,123.03302001953125,6732400,0.0,0.0
2020-12-22 00:00:00-05:00,122.82722787727795,123.52507161453985,122.01310187796089,122.16519165039062,5023100,0.0,0.0
2020-12-23 00:00:00-05:00,122.91672411628583,123.05987227903759,121.78946305017612,121.97733306884766,6004200,0.0,0.0
2020-12-24 00:00:00-05:00,121.8520720750213,123.57876422787056,121.8520720750213,123.21195220947266,2588200,0.0,0.0
2020-12-28 00:00:00-05:00,123.59668012630218,124.70605811446404,123.41775171565997,124.07084655761719,3714700,0.0,0.0
2020-12-29 00:00:00-05:00,124.55395352750182,125.19810665059393,123.64140099456118,123.83822631835938,5139300,0.0,0.0
2020-12-30 00:00:00-05:00,123.99924132495397,124.28552394830142,123.05985044419447,123.25667572021484,3261400,0.0,0.0
2020-12-31 00:00:00-05:00,123.73981033358228,124.61656897427297,122.91672884314767,124.48237609863281,4076400,0.0,0.0
2021-01-04 00:00:00-05:00,124.9476003526444,125.1265287366159,121.98629259613024,123.30143737792969,8330900,0.0,0.0
2021-01-05 00:00:00-05:00,123.45353961305443,124.2855628253812,121.9147307835621,124.08873748779297,6856400,0.0,0.0
2021-01-06 00:00:00-05:00,124.15133462096492,126.18219256537314,123.99924483997563,125.39490509033203,10578000,0.0,0.0
2021-01-07 00:00:00-05:00,125.02810777891604,125.36808124184839,123.49824084708021,124.2229232788086,7355400,0.0,0.0
2021-01-08 00:00:00-05:00,123.88296016987944,124.41080368965224,122.5678153654551,124.16924285888672,7448500,0.0,0.0
2021-01-11 00:00:00-05:00,124.13346215211678,124.75077668865856,123.10461369212105,123.32827758789062,7239900,0.0,0.0
2021-01-12 00:00:00-05:00,123.32826834180626,123.68612508766427,121.88787241498414,122.61254119873047,6333500,0.0,0.0
2021-01-13 00:00:00-05:00,122.65727290657297,123.52508982233343,122.65727290657297,122.80040740966797,6078800,0.0,0.0
2021-01-14 00:00:00-05:00,122.95251923138457,123.14934456618062,121.02901504748718,121.4942398071289,6172800,0.0,0.0
2021-01-15 00:00:00-05:00,121.00217717664171,121.85209731748067,120.47433361722572,120.5816879272461,7757600,0.0,0.0
2021-01-19 00:00:00-05:00,121.40474641342001,121.9952223090155,119.49018422426805,119.5259780883789,9184900,0.0,0.0
2021-01-20 00:00:00-05:00,118.56868961743598,119.7049058988909,117.43247333598106,118.03189086914062,12506600,0.0,0.0
2021-01-21 00:00:00-05:00,117.59177513949165,118.79785512205878,117.46576842294905,117.9157943725586,8761600,0.791,0.0
2021-01-22 00:00:00-05:00,117.92481652619497,118.3298371782204,116.9977640677154,117.00675964355469,7202800,0.0,0.0
2021-01-25 00:00:00-05:00,116.96173130656243,119.7068921053424,116.91672596880521,119.02285766601562,9640000,0.0,0.0
2021-01-26 00:00:00-05:00,119.03186253996418,120.12992694526719,118.29381339744494,119.78790283203125,5996700,0.0,0.0
2021-01-27 00:00:00-05:00,119.15787110104,119.79691399613706,114.93662547105968,115.54866790771484,10826700,0.0,0.0
2021-01-28 00:00:00-05:00,115.06263016534956,118.49182566420319,114.70261490331895,117.33076477050781,8242000,0.0,0.0
2021-01-29 00:00:00-05:00,117.17775157372894,117.26774851775919,115.26964606239278,115.3956527709961,8344100,0.0,0.0
2021-02-01 00:00:00-05:00,116.10669711404564,116.70073467443862,115.38665283481497,116.07969665527344,6534200,0.0,0.0
2021-02-02 00:00:00-05:00,116.6467400899408,117.65479389537214,115.8276895061763,115.91768646240234,6825600,0.0,0.0
2021-02-03 00:00:00-05:00,116.06168365478516,116.28669661795213,114.98162417832395,116.06168365478516,7309400,0.0,0.0
2021-02-04 00:00:00-05:00,116.44873647371996,116.52074228443499,115.7286921002737,116.13371276855469,6613700,0.0,0.0
2021-02-05 00:00:00-05:00,116.21469375748536,117.09675448364732,116.13369238478735,116.6197280883789,5063700,0.0,0.0
2021-02-08 00:00:00-05:00,116.9437544518979,117.0967753836862,115.30566688781167,116.25971984863281,7011200,0.0,0.0
2021-02-09 00:00:00-05:00,116.52071046832768,116.95273148094998,115.41363688128878,115.80966186523438,5917800,0.0,0.0
2021-02-10 00:00:00-05:00,115.88168186377146,116.25070643802808,115.17064004035221,115.40465545654297,8594100,0.0,0.0
2021-02-11 00:00:00-05:00,115.69265003396403,116.40369863272996,115.39564503151276,115.50364685058594,6139200,0.0,0.0
2021-02-12 00:00:00-05:00,115.20664126763445,115.32365240745649,113.92856923911586,114.8646240234375,8407300,0.0,0.0
2021-02-16 00:00:00-05:00,115.17964126645694,115.35964889741096,114.29758739433997,115.13463592529297,8246000,0.0,0.0
2021-02-17 00:00:00-05:00,114.47760436481498,116.54772649975475,114.40559856413769,115.62067413330078,8845200,0.0,0.0
2021-02-18 00:00:00-05:00,115.03562703476304,116.8717405360858,114.83761452513605,116.5837173461914,6936400,0.0,0.0
2021-02-19 00:00:00-05:00,116.42172301887568,116.50272439675139,114.32459350023699,114.41460418701172,8277900,0.0,0.0
2021-02-22 00:00:00-05:00,114.11756840335104,114.52258896610456,113.74854386972427,113.92855834960938,6975500,0.0,0.0
2021-02-23 00:00:00-05:00,115.00862783768594,116.94373388132546,114.47760052591346,114.77461242675781,10145300,0.0,0.0
2021-02-24 00:00:00-05:00,114.62160638193365,115.4226588784881,114.22558822129936,114.90062713623047,7263000,0.0,0.0
2021-02-25 00:00:00-05:00,114.74760191582325,116.09768648098564,113.66754250391367,113.92855834960938,7790800,0.0,0.0
2021-02-26 00:00:00-05:00,113.89258442990895,114.24360417142768,109.64433775969545,111.18342590332031,17718800,0.0,0.0
2021-03-01 00:00:00-05:00,111.75045787209577,112.94752179460684,111.60644625825437,111.86746215820312,7740200,0.0,0.0
2021-03-02 00:00:00-05:00,111.48943325704859,112.38048273077115,111.0934082167936,111.51643371582031,10206500,0.0,0.0
2021-03-03 00:00:00-05:00,111.39942821083288,111.78645082880391,110.51738113433709,110.85040283203125,7537000,0.0,0.0
2021-03-04 00:00:00-05:00,110.7963918062072,112.29947688935619,109.39231298523941,109.94134521484375,10228100,0.0,0.0
2021-03-05 00:00:00-05:00,110.49038137274678,113.70356661971333,110.30137128373129,113.3885498046875,10490900,0.0,0.0
2021-03-08 00:00:00-05:00,113.19053305947,116.01668871395603,112.7945080114083,114.58560943603516,9224700,0.0,0.0
2021-03-09 00:00:00-05:00,114.89162751429514,116.03469041688359,113.46054140875724,113.56855010986328,8859700,0.0,0.0
2021-03-10 00:00:00-05:00,113.54156029046362,115.58467529316142,112.92952466054878,114.61261749267578,9070900,0.0,0.0
2021-03-11 00:00:00-05:00,114.42359158043278,115.07163002450609,114.05457388507766,114.2255859375,6941500,0.0,0.0
2021-03-12 00:00:00-05:00,114.89162572529737,115.9446916608433,114.89162572529737,115.33264923095703,6521900,0.0,0.0
2021-03-15 00:00:00-04:00,115.55766329570066,116.14269153926539,114.47760375866464,115.7106704711914,7172600,0.0,0.0
2021-03-16 00:00:00-04:00,115.66565155478168,116.98872879582777,115.66565155478168,116.05268096923828,6485200,0.0,0.0
2021-03-17 00:00:00-04:00,116.20570907011412,116.86274315528034,115.52167452485226,115.58467102050781,6192900,0.0,0.0
2021-03-18 00:00:00-04:00,115.39566850726257,116.14269955275961,114.34260248911535,115.83668518066406,6871300,0.0,0.0
2021-03-19 00:00:00-04:00,116.19671959101306,116.77275232611433,115.11665306255928,115.21565246582031,20262100,0.0,0.0
2021-03-22 00:00:00-04:00,115.21565852664216,117.80781283780782,115.21565852664216,117.16876983642578,8077600,0.0,0.0
2021-03-23 00:00:00-04:00,117.37576985170121,119.9679099467243,116.9977497072958,119.34688568115234,9503800,0.0,0.0
2021-03-24 00:00:00-04:00,117.8528028252405,119.83291433985072,117.5647796132304,119.31088256835938,8318000,0.0,0.0
2021-03-25 00:00:00-04:00,119.78791916792895,120.26494563633709,118.85187111681785,120.1389389038086,7517300,0.0,0.0
2021-03-26 00:00:00-04:00,119.90489857979601,122.05602177297787,119.2388553220773,121.9120101928711,10821200,0.0,0.0
2021-03-29 00:00:00-04:00,121.50700471217824,123.84714511122688,121.50700471217824,123.82014465332031,11176000,0.0,0.0
2021-03-30 00:00:00-04:00,122.95607354809498,123.30709319104264,121.63299633997683,121.9120101928711,8090600,0.0,0.0
2021-03-31 00:00:00-04:00,122.1190177646518,123.08207975233056,121.74099766866672,121.89400482177734,9202600,0.0,0.0
2021-04-01 00:00:00-04:00,121.55200679234214,121.93902250108809,120.00391648995527,120.85896301269531,9117800,0.0,0.0
2021-04-05 00:00:00-04:00,121.47102691902309,123.53214000635401,121.26400506571827,122.81209564208984,8279100,0.0,0.0
2021-04-06 00:00:00-04:00,122.4070526234833,123.32510936359583,122.08303340542602,122.8570785522461,6180600,0.0,0.0
2021-04-07 00:00:00-04:00,123.41512290071466,123.60413985903459,122.632082074182,123.07311248779297,10244500,0.0,0.0
2021-04-08 00:00:00-04:00,123.21709558438397,123.87414333814836,122.93808170190671,123.5411148071289,6190300,0.0,0.0
2021-04-09 00:00:00-04:00,122.86610378702245,123.55015215344265,122.01105706270197,122.74009704589844,5855400,0.0,0.0
2021-04-12 00:00:00-04:00,122.85710247493951,123.34312452981275,122.14606741187039,123.23512268066406,6440900,0.0,0.0
2021-04-13 00:00:00-04:00,122.42507630802665,122.75809115167085,121.36300781150995,121.60602569580078,9161200,0.0,0.0
2021-04-14 00:00:00-04:00,121.97506754637789,122.21807173130397,121.12901635342064,122.04707336425781,7584000,0.0,0.0
2021-04-15 00:00:00-04:00,122.38007764057724,123.9911647580766,122.29006694260785,123.52314758300781,7945300,0.0,0.0
2021-04-16 00:00:00-04:00,123.85614662448738,124.11715564133263,123.1991125610886,123.5321273803711,7708500,0.0,0.0
2021-04-19 00:00:00-04:00,123.25312691054339,123.37913364511404,121.85804352041582,122.95610809326172,9149400,0.0,0.0
2021-04-20 00:00:00-04:00,121.3630153387971,124.73821053221762,120.18394934862157,123.98217010498047,10040500,0.0,0.0
2021-04-21 00:00:00-04:00,124.10815947102073,124.72020192195099,122.94709852983158,123.17211151123047,8465900,0.0,0.0
2021-04-22 00:00:00-04:00,122.61953239528668,122.9999710518617,121.43292314753812,121.9492416381836,7338300,0.87,0.0
2021-04-23 00:00:00-04:00,122.22098504736262,122.35686489408948,120.6992302793199,121.3242416381836,6708300,0.0,0.0
2021-04-26 00:00:00-04:00,120.9166423720063,121.16120124283655,118.81515548625319,118.89667510986328,9910600,0.0,0.0
2021-04-27 00:00:00-04:00,118.87854846040784,119.46731962535732,118.01801762023331,118.82418823242188,8296800,0.0,0.0
2021-04-28 00:00:00-04:00,119.30429611578248,119.4311090213116,118.55247181101335,119.02348327636719,6262800,0.0,0.0
2021-04-29 00:00:00-04:00,118.94197607318699,120.46374491997462,118.94197607318699,120.02894592285156,6786800,0.0,0.0
2021-04-30 00:00:00-04:00,120.2463343795207,121.07967831512556,119.80248229380463,120.85322570800781,9188600,0.0,0.0
2021-05-03 00:00:00-04:00,121.40577891735462,122.90036069782174,121.40577891735462,122.28441619873047,8070300,0.0,0.0
2021-05-04 00:00:00-04:00,122.26628798771628,123.0362323819474,121.56882390805359,121.86772918701172,9624000,0.0,0.0
2021-05-05 00:00:00-04:00,121.71372695108076,122.25721866579424,120.80791664093725,120.88945007324219,8295900,0.0,0.0
2021-05-06 00:00:00-04:00,121.38766925913507,122.61957218465272,121.30614962518086,122.41123962402344,9771100,0.0,0.0
2021-05-07 00:00:00-04:00,122.35687328491686,123.21739042025497,122.06700731594353,122.42027282714844,6299100,0.0,0.0
2021-05-10 00:00:00-04:00,123.090585093368,125.38228449308764,122.90942576239009,124.70292663574219,8852700,0.0,0.0
2021-05-11 00:00:00-04:00,125.44569844810289,125.71743053505647,123.61595740704615,124.08698272705078,10973700,0.0,0.0
2021-05-12 00:00:00-04:00,123.63404457881957,124.09600282525152,122.7282343392192,122.77351379394531,8853700,0.0,0.0
2021-05-13 00:00:00-04:00,123.09057243227797,125.4819112912981,122.63766724063346,124.74820709228516,8753600,0.0,0.0
2021-05-14 00:00:00-04:00,124.7029225406844,125.99823866670373,124.7029225406844,125.01089477539062,5989500,0.0,0.0
2021-05-17 00:00:00-04:00,124.9746702992012,125.97106733404695,124.64857798066718,124.75727081298828,7690700,0.0,0.0
2021-05-18 00:00:00-04:00,123.60688491605558,124.84784065732879,123.32607210090536,123.48007202148438,9239100,0.0,0.0
2021-05-19 00:00:00-04:00,123.24455066807005,123.94202848869895,122.81881870938722,123.73369598388672,9806800,0.0,0.0
2021-05-20 00:00:00-04:00,123.9058019880423,125.64497016749827,123.84240244549152,125.00183868408203,8768200,0.0,0.0
2021-05-21 00:00:00-04:00,125.18299800481738,125.85330269526541,124.80255928480207,125.00183868408203,10161000,0.0,0.0
2021-05-24 00:00:00-04:00,125.0018024969067,125.7264533916368,124.75722988285249,124.965576171875,6981300,0.0,0.0
2021-05-25 00:00:00-04:00,125.04713595978228,125.43662782071306,123.86957960507259,125.3913345336914,8142400,0.0,0.0
2021-05-26 00:00:00-04:00,125.71740301039335,125.78081636451279,124.8840592091895,125.11051177978516,8122900,0.0,0.0
2021-05-27 00:00:00-04:00,125.11052516607019,125.25545814393493,121.9764289937697,122.26628112792969,33095700,0.0,0.0
2021-05-28 00:00:00-04:00,122.42029168111182,123.30799598163051,121.9583332711807,122.1485595703125,10477100,0.0,0.0
2021-06-01 00:00:00-04:00,123.00001890236247,123.19024521543739,120.00178793982083,120.36412048339844,9993900,0.0,0.0
2021-06-02 00:00:00-04:00,120.47277124908607,121.04343616737837,120.03798617025635,120.88945007324219,8254100,0.0,0.0
2021-06-03 00:00:00-04:00,120.68110412916019,123.10868295517979,120.65393092549608,123.05433654785156,11249800,0.0,0.0
2021-06-04 00:00:00-04:00,122.91849059662499,123.75183465573761,122.6467446634949,123.14494323730469,6894400,0.0,0.0
2021-06-07 00:00:00-04:00,123.51631703505088,123.95110219340239,122.90035872427949,123.57066345214844,8418000,0.0,0.0
2021-06-08 00:00:00-04:00,123.80617627376441,123.86958964504869,122.05796858991086,122.13948822021484,6911500,0.0,0.0
2021-06-09 00:00:00-04:00,122.78260966555719,123.58878041584526,122.04890541009586,122.09418487548828,6200700,0.0,0.0
2021-06-10 00:00:00-04:00,122.3025282901152,123.50725782219425,121.94019582469465,122.99999237060547,6515500,0.0,0.0
2021-06-11 00:00:00-04:00,122.96377884712756,123.07247168729388,121.28802384618072,122.15760803222656,10641400,0.0,0.0
2021-06-14 00:00:00-04:00,122.26628039833156,122.3115736813402,121.34236376848847,122.202880859375,6302000,0.0,0.0
2021-06-15 00:00:00-04:00,122.46555992069823,122.86411869710055,121.87678870564805,121.96736145019531,5543400,0.0,0.0
2021-06-16 00:00:00-04:00,122.44744563854861,122.80977809859499,120.15574638733945,120.27350616455078,8936400,0.0,0.0
2021-06-17 00:00:00-04:00,120.3097408713325,121.523523458971,120.15574094430765,121.36953735351562,7875600,0.0,0.0
2021-06-18 00:00:00-04:00,120.78076385332366,120.78983080376152,119.51263473339415,119.59415435791016,13997600,0.0,0.0
2021-06-21 00:00:00-04:00,120.1919966957211,120.70830149023615,119.92930391230381,120.53620910644531,8014800,0.0,0.0
2021-06-22 00:00:00-04:00,120.5090001898356,121.39670426453031,120.36408104146619,120.58146667480469,6550900,0.0,0.0
2021-06-23 00:00:00-04:00,120.42750576157613,120.79889139161993,119.85685453315715,120.40938568115234,5796000,0.0,0.0
2021-06-24 00:00:00-04:00,120.42751527419583,120.75360763972414,120.20106262651153,120.49092864990234,6056700,0.0,0.0
2021-06-25 00:00:00-04:00,120.7082883763812,122.77353497321373,120.42748936511613,122.2119369506836,24504900,0.0,0.0
2021-06-28 00:00:00-04:00,122.19383482940027,123.3351649417082,122.06702190820738,122.57428741455078,6065400,0.0,0.0
2021-06-29 00:00:00-04:00,122.7463634975543,123.03622946266917,121.21555551709001,121.74091339111328,5792300,0.0,0.0
2021-06-30 00:00:00-04:00,121.90398290790728,122.54710064477025,121.64129011386434,122.22100830078125,5776600,0.0,0.0
2021-07-01 00:00:00-04:00,122.67391581920533,123.31704738945159,122.21195741572507,122.50182342529297,5922300,0.0,0.0
2021-07-02 00:00:00-04:00,122.8279078032099,123.7699446300192,122.66485472801777,123.09963989257812,5572000,0.0,0.0
2021-07-06 00:00:00-04:00,122.75543880557602,123.4619698666871,122.61050581315043,123.17210388183594,6534400,0.0,0.0
2021-07-07 00:00:00-04:00,123.21739395000345,124.63045603530243,123.21739395000345,124.09603118896484,5532700,0.0,0.0
2021-07-08 00:00:00-04:00,124.08697832724413,124.4583501067698,123.09058130517384,124.07791137695312,7585200,0.0,0.0
2021-07-09 00:00:00-04:00,124.3134257306137,124.68479749457877,123.95109327341974,124.12319946289062,5948700,0.0,0.0
2021-07-12 00:00:00-04:00,124.00543226476941,124.52175080227991,123.5797002915282,124.22283172607422,6807300,0.0,0.0
2021-07-13 00:00:00-04:00,123.5434987735981,124.61236239607634,123.5434987735981,124.0688705444336,5603800,0.0,0.0
2021-07-14 00:00:00-04:00,124.10506650046183,125.21015619242918,123.5253484507059,124.98370361328125,5903600,0.0,0.0
2021-07-15 00:00:00-04:00,125.010914206711,126.14317744110052,124.73011513603404,126.05260467529297,7357100,0.0,0.0
2021-07-16 00:00:00-04:00,126.1794209310597,127.5200167658777,126.00731470344375,127.27544403076172,9346300,0.0,0.0
2021-07-19 00:00:00-04:00,127.10333566660108,128.5073308807236,125.73555296932243,127.21202850341797,9544100,0.0,0.0
2021-07-20 00:00:00-04:00,127.21201926188336,128.60696124545697,126.48736815208122,126.53266143798828,8136300,0.0,0.0
2021-07-21 00:00:00-04:00,126.7681562885056,126.99460887702438,125.89858608867215,126.08879852294922,6954700,0.0,0.0
2021-07-22 00:00:00-04:00,125.14082764959949,126.0888030042412,124.61216566964217,125.60570526123047,6013800,0.87,0.0
2021-07-23 00:00:00-04:00,125.31405928480285,127.59282825445632,124.9494618130591,127.41963958740234,7906000,0.0,0.0
2021-07-26 00:00:00-04:00,127.26465089948326,128.35847083891792,126.90005352533723,127.86624908447266,5925800,0.0,0.0
2021-07-27 00:00:00-04:00,127.74773701342001,129.08765379922087,127.61101648772483,128.38580322265625,7075400,0.0,0.0
2021-07-28 00:00:00-04:00,128.22174109567356,128.22174109567356,126.43519442492627,126.48075866699219,8520000,0.0,0.0
2021-07-29 00:00:00-04:00,127.39224483625642,127.7750762019692,126.45339350661635,127.13702392578125,5430500,0.0,0.0
2021-07-30 00:00:00-04:00,129.43403397743955,131.74925635279013,129.02385848244995,129.6436767578125,14394300,0.0,0.0
2021-08-02 00:00:00-04:00,129.22442538862308,129.82600978314923,128.34026197891671,129.32469177246094,7009500,0.0,0.0
2021-08-03 00:00:00-04:00,129.30643969762045,131.44848764070434,128.99653052115272,131.21148681640625,8455700,0.0,0.0
2021-08-04 00:00:00-04:00,130.38200882472552,131.33909435035486,129.7530804189965,129.82598876953125,6628000,0.0,0.0
2021-08-05 00:00:00-04:00,130.66460320787144,130.84690192271057,128.95096468968285,129.8898162841797,5363300,0.0,0.0
2021-08-06 00:00:00-04:00,130.3728929241454,130.45492524620033,128.72306687427155,128.89625549316406,6030100,0.0,0.0
2021-08-09 00:00:00-04:00,129.38848644249055,129.9718506843434,129.16060956819643,129.59812927246094,4743800,0.0,0.0
2021-08-10 00:00:00-04:00,129.35200208490318,129.8988981105194,129.12412526377207,129.68014526367188,5253500,0.0,0.0
2021-08-11 00:00:00-04:00,130.1085816386657,130.56433537494007,129.86247072669747,129.9991912841797,4205000,0.0,0.0
2021-08-12 00:00:00-04:00,130.48228650210424,130.48228650210424,129.75309166556224,130.29998779296875,4956100,0.0,0.0
2021-08-13 00:00:00-04:00,130.2999974042012,131.24797301523066,130.06301045569435,130.92893981933594,4888800,0.0,0.0
2021-08-16 00:00:00-04:00,130.95627549131342,131.88601699760645,130.69194444688213,131.84043884277344,6040800,0.0,0.0
2021-08-17 00:00:00-04:00,131.6216705104657,132.71549057970776,131.1568067169878,132.0592041015625,7577000,0.0,0.0
2021-08-18 00:00:00-04:00,131.89512340358476,132.05920197472855,130.5096282044251,130.6190185546875,7162000,0.0,0.0
2021-08-19 00:00:00-04:00,130.49140930926833,132.42380064409605,130.49140930926833,132.1594696044922,5787200,0.0,0.0
2021-08-20 00:00:00-04:00,132.39647015475856,133.0618667644262,131.9680604983763,132.25062561035156,5273800,0.0,0.0
2021-08-23 00:00:00-04:00,131.5213934552343,132.47847898385845,131.4667052379127,131.5760955810547,4522200,0.0,0.0
2021-08-24 00:00:00-04:00,131.26616579121048,131.39377626126984,130.32731435252433,130.50961303710938,4560400,0.0,0.0
2021-08-25 00:00:00-04:00,130.40938062080173,130.46406884373053,129.66193781810756,130.04476928710938,3861500,0.0,0.0
2021-08-26 00:00:00-04:00,129.94447447541637,130.08120891131935,128.9509348869416,129.81686401367188,4749400,0.0,0.0
2021-08-27 00:00:00-04:00,129.87153780197056,130.13588267026168,129.105875116533,129.71658325195312,4741200,0.0,0.0
2021-08-30 00:00:00-04:00,129.9809530965634,130.33644040514588,129.47962127458857,130.28173828125,3845800,0.0,0.0
2021-08-31 00:00:00-04:00,130.38199442871604,130.82863800029367,129.47961112837177,129.78952026367188,9642400,0.0,0.0
2021-09-01 00:00:00-04:00,129.73483504545757,131.430239171531,129.64367875250298,131.1112060546875,6214200,0.0,0.0
2021-09-02 00:00:00-04:00,131.2297208586982,131.92246147230236,130.87423353075013,131.21148681640625,5392500,0.0,0.0
2021-09-03 00:00:00-04:00,131.03829788937728,131.59431795578143,130.8195450163652,131.30264282226562,5466400,0.0,0.0
2021-09-07 00:00:00-04:00,131.5487421529297,131.71280679327143,130.60987682426,130.81040954589844,6520600,0.0,0.0
2021-09-08 00:00:00-04:00,130.4184903482864,132.1138947971581,130.3546781493691,131.80398559570312,6897800,0.0,0.0
2021-09-09 00:00:00-04:00,131.77660064193137,132.05916564441605,130.93800179078875,131.2479248046875,6354700,0.0,0.0
2021-09-10 00:00:00-04:00,131.31175238181396,131.67636368292384,130.63724581463393,131.3755645751953,5750000,0.0,0.0
2021-09-13 00:00:00-04:00,132.0318218684334,134.201199520121,132.0318218684334,132.78836059570312,9952500,0.0,0.0
2021-09-14 00:00:00-04:00,133.19856734089754,133.40821012731433,132.1229814852637,132.5605010986328,5831800,0.0,0.0
2021-09-15 00:00:00-04:00,132.48761082507463,132.87044227755385,131.93159073512874,132.2779541015625,6237100,0.0,0.0
2021-09-16 00:00:00-04:00,132.02271148545432,132.34174459779157,130.18147678855712,131.35731506347656,6142100,0.0,0.0
2021-09-17 00:00:00-04:00,131.5942996717335,133.33528188955313,131.4666892107073,131.56695556640625,18737400,0.0,0.0
2021-09-20 00:00:00-04:00,131.45759148194813,132.03184556470643,129.40669993895233,130.2452850341797,10238700,0.0,0.0
2021-09-21 00:00:00-04:00,130.32733087999605,131.74017020457114,130.23618848039436,130.44583129882812,6651300,0.0,0.0
2021-09-22 00:00:00-04:00,131.0929887767551,131.57608654123672,130.21793563423307,130.8924560546875,6332500,0.0,0.0
2021-09-23 00:00:00-04:00,131.31178215448244,131.8860363911208,130.79223005678756,131.43028259277344,5171200,0.0,0.0
2021-09-24 00:00:00-04:00,131.07477016622232,131.6672444275787,130.42759377636426,130.84689331054688,5009400,0.0,0.0
2021-09-27 00:00:00-04:00,130.48225183467966,130.50048587329866,128.99650453689395,129.12411499023438,5749700,0.0,0.0
2021-09-28 00:00:00-04:00,128.56811848345973,128.85979361207941,127.2099674828119,128.14881896972656,7015300,0.0,0.0
2021-09-29 00:00:00-04:00,127.85716287598021,130.05388541413618,127.77511662926413,129.45230102539062,5460000,0.0,0.0
2021-09-30 00:00:00-04:00,130.017419217413,130.10857552378377,127.18263055467669,127.42874145507812,6934900,0.0,0.0
2021-10-01 00:00:00-04:00,127.54724500593349,127.8207000530851,126.07973120017276,127.22822570800781,5587200,0.0,0.0
2021-10-04 00:00:00-04:00,127.05501240522085,127.97562984662372,125.42342032421998,126.50810241699219,5816000,0.0,0.0
2021-10-05 00:00:00-04:00,126.5172226529292,128.08501640378282,126.44430039608737,127.00032043457031,6902700,0.0,0.0
2021-10-06 00:00:00-04:00,126.69038106449584,128.75949223643872,126.35311396846285,128.69569396972656,5332900,0.0,0.0
2021-10-07 00:00:00-04:00,129.2061574389166,130.372885649142,129.2061574389166,129.72572326660156,5334600,0.0,0.0
2021-10-08 00:00:00-04:00,129.69841507194303,129.999214260067,128.5590305298838,129.18797302246094,6131800,0.0,0.0
2021-10-11 00:00:00-04:00,129.77128750397964,130.13589876248594,129.22439147896625,129.72572326660156,5995600,0.0,0.0
2021-10-12 00:00:00-04:00,129.98094533772868,130.38199686287064,129.1605804302396,129.5343017578125,6734800,0.0,0.0
2021-10-13 00:00:00-04:00,129.7986454414052,130.12678865477977,128.54988478063197,129.83511352539062,5689800,0.0,0.0
2021-10-14 00:00:00-04:00,130.19060268945734,131.5396297375284,130.17236864720664,131.30264282226562,6777800,0.0,0.0
2021-10-15 00:00:00-04:00,131.73106414779093,132.0500834188594,130.96538729852594,131.63990783691406,6923700,0.0,0.0
2021-10-18 00:00:00-04:00,130.84687218387091,130.98359271180135,129.52518941605348,129.7439422607422,9119000,0.0,0.0
2021-10-19 00:00:00-04:00,126.77244789822451,128.3584757442172,126.51722694486921,128.21263122558594,9555300,0.0,0.0
2021-10-20 00:00:00-04:00,127.7477644123919,129.3976045911165,127.47432330235468,128.71397399902344,7352700,0.0,0.0
2021-10-21 00:00:00-04:00,129.1908788201051,129.4660290241188,127.65004607446093,127.78762817382812,6545500,0.87,0.0
2021-10-22 00:00:00-04:00,127.84268106481754,129.32847287197745,127.7784872680102,129.16339111328125,5265000,0.0,0.0
2021-10-25 00:00:00-04:00,128.7781195044909,129.24586490606495,127.53078443891039,129.18167114257812,5382100,0.0,0.0
2021-10-26 00:00:00-04:00,129.88792247562046,131.31868683756747,129.53941192253185,131.0160369873047,6234900,0.0,0.0
2021-10-27 00:00:00-04:00,131.28194916980172,131.77720815711766,129.95207333867702,130.08047485351562,9643500,0.0,0.0
2021-10-28 00:00:00-04:00,130.13554352600778,131.04353495247076,129.9704618092254,130.86009216308594,4538500,0.0,0.0
2021-10-29 00:00:00-04:00,130.38318163663786,131.59382289150798,130.25478007938315,131.14442443847656,6239500,0.0,0.0
2021-11-01 00:00:00-04:00,131.48378021662657,131.88733200271983,130.68585718167395,130.82342529296875,5038900,0.0,0.0
2021-11-02 00:00:00-04:00,130.89678984667304,132.6027042730005,130.4932380907022,132.1257781982422,9954300,0.0,0.0
2021-11-03 00:00:00-04:00,132.1900143625982,133.08882547000087,131.6305473070803,133.03379821777344,7620100,0.0,0.0
2021-11-04 00:00:00-04:00,131.00685575010823,133.34561163451562,130.54827671374292,133.2814178466797,6402500,0.0,0.0
2021-11-05 00:00:00-04:00,133.39145556574167,134.24440574867305,132.80447503278418,133.94174194335938,6062700,0.0,0.0
2021-11-08 00:00:00-05:00,133.4465021264931,133.9968025785117,132.08911207149487,132.9420623779297,5854400,0.0,0.0
2021-11-09 00:00:00-05:00,133.01543410644788,133.74916336323415,132.60271577285607,133.34561157226562,4873100,0.0,0.0
2021-11-10 00:00:00-05:00,133.666602758572,135.10653344221495,133.5290206712087,134.65713500976562,7334900,0.0,0.0
2021-11-11 00:00:00-05:00,134.6938257215747,134.79471366232363,134.09767861378978,134.2719268798828,4096300,0.0,0.0
2021-11-12 00:00:00-05:00,134.58378164467666,134.89561203302154,133.88673254752734,134.41868591308594,5687400,0.0,0.0
2021-11-15 00:00:00-05:00,134.8497885855215,135.51014370487968,134.33618215818194,135.1891326904297,5510200,0.0,0.0
2021-11-16 00:00:00-05:00,135.17991928258712,136.28050610173682,134.8313947585468,134.99649047851562,7603900,0.0,0.0
2021-11-17 00:00:00-05:00,134.79470541753534,135.5376011200101,134.29026574464518,134.9139404296875,4900200,0.0,0.0
2021-11-18 00:00:00-05:00,134.8589681761898,135.8128207718551,134.37287533224134,134.93234252929688,5509300,0.0,0.0
2021-11-19 00:00:00-05:00,135.69351396202754,135.95031706477556,134.62960739651737,134.65713500976562,6274300,0.0,0.0
2021-11-22 00:00:00-05:00,134.79468082077352,136.60148277733367,134.66627929062437,135.55592346191406,6625400,0.0,0.0
2021-11-23 00:00:00-05:00,135.58346422161293,137.11511635030683,135.4367155878564,137.06008911132812,7912800,0.0,0.0
2021-11-24 00:00:00-05:00,136.44561451333163,136.54650246416324,135.44590154791936,136.3447265625,5665200,0.0,0.0
2021-11-26 00:00:00-05:00,136.2713418722396,137.31690146738327,135.10654725480165,135.2532958984375,6299800,0.0,0.0
2021-11-29 00:00:00-05:00,135.54675149923682,137.2618461825605,134.62959365596654,136.67486572265625,7113300,0.0,0.0
2021-11-30 00:00:00-05:00,135.56513896585395,136.2346604724021,132.18082327668495,132.60272216796875,11696400,0.0,0.0
2021-12-01 00:00:00-05:00,132.85034316213097,135.62015027229054,132.85034316213097,134.2719268798828,8313500,0.0,0.0
2021-12-02 00:00:00-05:00,134.83142516619995,136.16131578376147,134.76723136792202,135.0607147216797,9468800,0.0,0.0
2021-12-03 00:00:00-05:00,135.75770888595517,137.57367751057365,135.42753150014107,137.463623046875,11200800,0.0,0.0
2021-12-06 00:00:00-05:00,137.74798636299425,139.7657315171254,137.74798636299425,139.5456085205078,11935100,0.0,0.0
2021-12-07 00:00:00-05:00,139.36218555474306,139.93999969848943,138.73852469682038,139.1787567138672,7913400,0.0,0.0
2021-12-08 00:00:00-05:00,139.10537876531737,140.01337039694468,137.83052946146742,139.8024139404297,8329300,0.0,0.0
2021-12-09 00:00:00-05:00,139.6923290901269,141.4165905633756,139.04115476418812,140.61866760253906,8334300,0.0,0.0
2021-12-10 00:00:00-05:00,141.1047654250888,142.89322074550145,140.7195467455655,142.58139038085938,7172300,0.0,0.0
2021-12-13 00:00:00-05:00,142.43466183173257,145.213649874224,142.07697071719574,144.6083221435547,8944000,0.0,0.0
2021-12-14 00:00:00-05:00,144.81924787947634,145.48878332007365,143.68198087465424,145.1402587890625,8677500,0.0,0.0
2021-12-15 00:00:00-05:00,144.58078839625202,146.4151044195461,144.58078839625202,145.69972229003906,9152600,0.0,0.0
2021-12-16 00:00:00-05:00,145.58048047865395,147.95593025398898,145.2961637474625,147.76332092285156,10852900,0.0,0.0
2021-12-17 00:00:00-05:00,147.3506133643158,148.3227986429366,144.27812834704048,144.41571044921875,24349400,0.0,0.0
2021-12-20 00:00:00-05:00,143.6269482154268,145.33286265304847,143.59943459503938,144.78256225585938,9202600,0.0,0.0
2021-12-21 00:00:00-05:00,144.5899689827242,145.04854803309087,143.80121245630463,144.69085693359375,6946000,0.0,0.0
2021-12-22 00:00:00-05:00,144.70004513602274,146.3600991471281,144.241466061365,146.12164306640625,6626300,0.0,0.0
2021-12-23 00:00:00-05:00,146.28672040314464,147.5890832565207,146.2316931550012,146.83702087402344,5640900,0.0,0.0
2021-12-27 00:00:00-05:00,147.35977008129453,148.57042532508166,147.30474284198058,148.5520782470703,4548600,0.0,0.0
2021-12-28 00:00:00-05:00,148.54293175224475,149.84529457241064,148.52458467175737,149.3500213623047,5929400,0.0,0.0
2021-12-29 00:00:00-05:00,149.68938475072815,151.3127445667509,149.57014971536105,150.58819580078125,5346100,0.0,0.0
2021-12-30 00:00:00-05:00,150.7807704095251,150.95503266961353,149.13906373841095,149.2858123779297,5911500,0.0,0.0
2021-12-31 00:00:00-05:00,149.36837731027506,150.1663004248222,149.00151964707985,150.0287322998047,5327000,0.0,0.0
2022-01-03 00:00:00-05:00,148.29529112391873,149.44173871564334,146.63523725025692,149.40504455566406,9317300,0.0,0.0
2022-01-04 00:00:00-05:00,148.84558731185538,150.771624989885,148.74469935739245,149.92784118652344,9253800,0.0,0.0
2022-01-05 00:00:00-05:00,149.90029083942488,151.6245521861179,149.86359668603362,150.60650634765625,9330200,0.0,0.0
2022-01-06 00:00:00-05:00,150.72573908306885,151.51449550570266,149.13905969609993,149.34083557128906,7556000,0.0,0.0
2022-01-07 00:00:00-05:00,149.61597655287065,149.98283412441728,148.5337229257853,149.25828552246094,6098500,0.0,0.0
2022-01-10 00:00:00-05:00,149.04734930354002,149.60681627246305,146.90120283051235,147.2222137451172,8055000,0.0,0.0
2022-01-11 00:00:00-05:00,146.94706067424724,146.94706067424724,143.91126983434907,145.51629638671875,11957900,0.0,0.0
2022-01-12 00:00:00-05:00,145.14941181243722,146.15829115312548,144.75504061226252,145.8372802734375,7127500,0.0,0.0
2022-01-13 00:00:00-05:00,146.11243068612998,146.2408322392628,144.70918014306437,145.1769256591797,6551000,0.0,0.0
2022-01-14 00:00:00-05:00,144.97518356989923,147.19470443107093,144.50742399523008,146.57102966308594,10708000,0.0,0.0
2022-01-18 00:00:00-05:00,145.39705725003827,145.39705725003827,143.11332878204962,143.7461700439453,10988400,0.0,0.0
2022-01-19 00:00:00-05:00,144.55326695036558,150.5881680196818,143.96628641447535,148.57958984375,14088300,0.0,0.0
2022-01-20 00:00:00-05:00,147.64827953176686,151.5303696334106,147.64827953176686,149.38185119628906,10799100,0.87,0.0
2022-01-21 00:00:00-05:00,150.30394332085007,152.47090764101242,149.47404987541265,149.9535369873047,10900400,0.0,0.0
2022-01-24 00:00:00-05:00,150.70041262362173,151.33667069919733,146.35728291950352,148.736328125,14838100,0.0,0.0
2022-01-25 00:00:00-05:00,147.95257272120824,148.73637198724646,145.5919729570578,147.1134490966797,9369600,0.0,0.0
2022-01-26 00:00:00-05:00,145.08480386452987,147.14111957634896,144.19958602282784,145.8317108154297,10707100,0.0,0.0
2022-01-27 00:00:00-05:00,146.36652960453273,148.78246759093452,146.22821872013023,146.73538208007812,9083000,0.0,0.0
2022-01-28 00:00:00-05:00,146.25586986315446,148.41360391874875,145.0663541361829,147.9986572265625,9494200,0.0,0.0
2022-01-31 00:00:00-05:00,146.93827808114483,148.13701018349096,146.49565501814183,147.9525909423828,8950100,0.0,0.0
2022-02-01 00:00:00-05:00,148.26607113313446,148.736356271179,145.4444165859991,147.29786682128906,6284100,0.0,0.0
2022-02-02 00:00:00-05:00,147.66670738641687,150.15640178394335,147.0488953223469,149.9351043701172,7558800,0.0,0.0
2022-02-03 00:00:00-05:00,149.36338716119482,152.12971740753773,149.03142696882236,151.3551483154297,10474500,0.0,0.0
2022-02-04 00:00:00-05:00,150.4238069024456,151.67787704941637,148.83777659685663,148.94842529296875,8959900,0.0,0.0
2022-02-07 00:00:00-05:00,149.26197748677043,149.6215999113922,147.2333378076146,147.8327178955078,6430500,0.0,0.0
2022-02-08 00:00:00-05:00,148.57035403611175,148.708678973941,147.21485125301814,147.50071716308594,5048700,0.0,0.0
2022-02-09 00:00:00-05:00,147.86956074448645,148.12775041987953,146.86446421740038,147.16876220703125,8077400,0.0,0.0
2022-02-10 00:00:00-05:00,146.69850466071856,147.07657321010188,144.44855357792036,144.9280548095703,7033000,0.0,0.0
2022-02-11 00:00:00-05:00,145.70262302666737,146.2282325777739,143.4619020653006,144.11659240722656,9341400,0.0,0.0
2022-02-14 00:00:00-05:00,143.97826823738586,144.82660782790782,141.41480332442427,144.5315399169922,9472200,0.0,0.0
2022-02-15 00:00:00-05:00,145.48130261319002,146.91057596628397,143.9505965945144,144.6053009033203,6659200,0.0,0.0
2022-02-16 00:00:00-05:00,144.6145382238246,146.41265022354065,144.09815878496096,145.70262145996094,9315700,0.0,0.0
2022-02-17 00:00:00-05:00,146.0438173912886,147.88803778387347,145.09404501473017,147.3716583251953,7925500,0.0,0.0
2022-02-18 00:00:00-05:00,147.0765351878759,148.5150244406628,146.44950718344302,147.44537353515625,8063200,0.0,0.0
2022-02-22 00:00:00-05:00,147.63908354171988,148.34911242608675,144.45780575945452,145.62887573242188,8179500,0.0,0.0
2022-02-23 00:00:00-05:00,145.9700514443519,146.2466873259332,143.48035665069074,143.81231689453125,6273000,0.0,0.0
2022-02-24 00:00:00-05:00,143.51719862079923,143.83071264127437,138.83287817206767,139.9394073486328,13145100,0.0,0.0
2022-02-25 00:00:00-05:00,140.46501475878574,146.56016228145407,140.39124427204808,145.91468811035156,8888800,0.0,0.0
2022-02-28 00:00:00-05:00,144.11656481001592,144.94647224700782,141.83896606888396,143.7477264404297,8669200,0.0,0.0
2022-03-01 00:00:00-05:00,142.29082358456898,143.2959203318729,140.4742653537906,141.36871337890625,8311900,0.0,0.0
2022-03-02 00:00:00-05:00,141.04595561675262,143.0008243672876,140.71399544493704,141.81129455566406,6111300,0.0,0.0
2022-03-03 00:00:00-05:00,141.79285728577338,143.72006379050381,141.79285728577338,142.33689880371094,7451200,0.0,0.0
2022-03-04 00:00:00-05:00,141.19348610633168,143.2498016448354,140.6678906952988,143.05615234375,8639100,0.0,0.0
2022-03-07 00:00:00-05:00,142.45680824808397,142.48447042814752,139.36773348499483,140.93531799316406,8374500,0.0,0.0
2022-03-08 00:00:00-05:00,140.32669397658464,141.03672262097086,135.16288638451948,135.3565216064453,9517200,0.0,0.0
2022-03-09 00:00:00-05:00,137.23763636183355,138.7498962361947,136.29708019903504,137.18231201171875,7044100,0.0,0.0
2022-03-10 00:00:00-05:00,136.2878856681642,136.73049460920151,132.72853985625366,133.65065002441406,9221000,0.0,0.0
2022-03-11 00:00:00-05:00,134.07479891726285,134.7756115773643,131.88940254786527,132.06460571289062,7086100,0.0,0.0
2022-03-14 00:00:00-04:00,133.19880349736962,134.6649552055494,132.1844908115193,133.7520751953125,7964600,0.0,0.0
2022-03-15 00:00:00-04:00,135.55938781931215,138.81443503654165,135.4487391203457,138.5654754638672,9868400,0.0,0.0
2022-03-16 00:00:00-04:00,138.89744491694768,139.96708190912483,136.50916913242554,138.09519958496094,6908900,0.0,0.0
2022-03-17 00:00:00-04:00,138.30731278835458,138.74992174091471,136.93336353672393,138.5286102294922,6003800,0.0,0.0
2022-03-18 00:00:00-04:00,139.11873908886867,139.11873908886867,136.693599219097,138.45481872558594,15570300,0.0,0.0
2022-03-21 00:00:00-04:00,138.72223329433604,139.6258971718747,137.6157040873096,138.9804229736328,6937500,0.0,0.0
2022-03-22 00:00:00-04:00,141.4793386715613,141.63610976241296,138.79600911086936,140.05007934570312,7292100,0.0,0.0
2022-03-23 00:00:00-04:00,140.34518021653523,141.09208728365198,138.9527987747673,139.0726776123047,5531900,0.0,0.0
2022-03-24 00:00:00-04:00,139.1371900212595,139.75500208914687,138.4640535995738,139.31239318847656,4203100,0.0,0.0
2022-03-25 00:00:00-04:00,139.81955713432973,141.93118304474987,139.70889435598625,140.92608642578125,5047700,0.0,0.0
2022-03-28 00:00:00-04:00,141.6729908856035,141.91273443899848,140.74166477827524,141.89430236816406,4234000,0.0,0.0
2022-03-29 00:00:00-04:00,143.26825671312562,144.28258355728633,142.02341639014836,143.35125732421875,5643400,0.0,0.0
2022-03-30 00:00:00-04:00,140.62177564312205,142.40144119752583,140.10539629200554,142.36456298828125,5779300,0.0,0.0
2022-03-31 00:00:00-04:00,142.09716815248814,142.31846556545534,140.52956976912705,140.89842224121094,7538600,0.0,0.0
2022-04-01 00:00:00-04:00,141.56233486168617,143.35123055996556,140.21604803536505,143.01004028320312,5742600,0.0,0.0
2022-04-04 00:00:00-04:00,141.8297616683143,142.3277090348107,139.4783779427765,142.0787353515625,5992000,0.0,0.0
2022-04-05 00:00:00-04:00,141.64533401404125,145.11246294897757,141.58077955285387,142.57666015625,7653000,0.0,0.0
2022-04-06 00:00:00-04:00,142.39222867014425,145.03867994494388,141.94961979689677,144.61451721191406,8884700,0.0,0.0
2022-04-07 00:00:00-04:00,145.57351039596014,146.97512162420364,144.7436169716339,146.4864044189453,6889700,0.0,0.0
2022-04-08 00:00:00-04:00,147.26096932230925,148.02632233743807,146.541724622845,147.62982177734375,6045400,0.0,0.0
2022-04-11 00:00:00-04:00,147.4915303856474,148.65339829548566,146.27435218282358,147.06736755371094,6158400,0.0,0.0
2022-04-12 00:00:00-04:00,146.90134590470214,148.11853789204417,146.33885822636057,146.6247100830078,7221500,0.0,0.0
2022-04-13 00:00:00-04:00,146.68926653462933,147.91567457361288,146.34809032305705,147.0396728515625,5247700,0.0,0.0
2022-04-14 00:00:00-04:00,147.5191739833547,147.8142559773421,146.10834661652686,146.21900939941406,7806500,0.0,0.0
2022-04-18 00:00:00-04:00,146.13599367580719,146.5970486909999,144.33788193061204,144.82659912109375,6034500,0.0,0.0
2022-04-19 00:00:00-04:00,144.5592059215894,147.56527981566106,144.12581304415517,146.9935760498047,7897000,0.0,0.0
2022-04-20 00:00:00-04:00,147.99863407492387,151.66862741635575,147.53757914011103,150.9032745361328,10196100,0.0,0.0
2022-04-21 00:00:00-04:00,151.90755673645444,152.9090102474188,150.618619368419,150.78553771972656,9365700,0.913,0.0
2022-04-22 00:00:00-04:00,151.3697590416066,151.6293972817921,149.20918685424525,149.5244598388672,9394600,0.0,0.0
2022-04-25 00:00:00-04:00,149.94172288425148,151.4161000937902,148.17989008471457,150.72991943359375,6986800,0.0,0.0
2022-04-26 00:00:00-04:00,150.85042591571812,151.74062402359138,148.1334929001603,148.1705780029297,7769500,0.0,0.0
2022-04-27 00:00:00-04:00,148.56007764207547,149.70989998633868,147.5400602567888,147.77188110351562,6754900,0.0,0.0
2022-04-28 00:00:00-04:00,148.86607644614384,151.80557738674324,147.6884366710002,151.5273895263672,9306800,0.0,0.0
2022-04-29 00:00:00-04:00,150.65573336134133,151.10082542633415,148.55079610626976,148.87535095214844,10637000,0.0,0.0
2022-05-02 00:00:00-04:00,149.8489974890398,150.21990517546354,144.83239108705843,146.86314392089844,10351600,0.0,0.0
2022-05-03 00:00:00-04:00,146.71474040065064,147.4287523844068,143.73815527818923,144.8509063720703,10344000,0.0,0.0
2022-05-04 00:00:00-04:00,144.4985852990721,146.0935140046094,143.8680251798206,145.91732788085938,7771000,0.0,0.0
2022-05-05 00:00:00-04:00,144.93440863162198,145.85241020787726,142.0041894819146,143.22821044921875,8217100,0.0,0.0
2022-05-06 00:00:00-04:00,143.5156799290726,144.87878788837966,142.68111623910804,144.65623474121094,7304800,0.0,0.0
2022-05-09 00:00:00-04:00,142.76455896742007,145.36094117673144,141.64253982400766,144.29457092285156,8540800,0.0,0.0
2022-05-10 00:00:00-04:00,144.2389394038888,145.23112530977272,142.74601252558168,143.53419494628906,7447400,0.0,0.0
2022-05-11 00:00:00-04:00,142.82946661218608,144.5634821109331,141.27163723027437,141.51272583007812,7692200,0.0,0.0
2022-05-12 00:00:00-04:00,142.35657843152765,142.44003055748473,138.98126678364912,140.93783569335938,9600800,0.0,0.0
2022-05-13 00:00:00-04:00,141.4849112179134,142.55128153114353,139.48197555992135,142.44927978515625,5675500,0.0,0.0
2022-05-16 00:00:00-04:00,142.3101827707506,144.56347461326976,140.9748924273815,143.84019470214844,5971000,0.0,0.0
2022-05-17 00:00:00-04:00,143.8495247015535,145.3517197656373,141.93932254618113,143.43223571777344,6509100,0.0,0.0
2022-05-18 00:00:00-04:00,143.42290679953726,143.50635890100745,134.02952241092748,134.4931640625,9670700,0.0,0.0
2022-05-19 00:00:00-04:00,132.98170255192755,132.99097029128512,130.3760387211882,131.3960418701172,9694100,0.0,0.0
2022-05-20 00:00:00-04:00,131.81331473970715,132.09150255808316,129.0592822213031,131.4794921875,7786900,0.0,0.0
2022-05-23 00:00:00-04:00,132.45316920249468,135.0402980414144,131.7484388497384,134.50247192382812,7134500,0.0,0.0
2022-05-24 00:00:00-04:00,134.35407512126065,137.18229198137627,134.28917264865214,136.89483642578125,7207400,0.0,0.0
2022-05-25 00:00:00-04:00,136.4126659876378,136.44048335860703,133.06517223852552,134.6508331298828,8217800,0.0,0.0
2022-05-26 00:00:00-04:00,135.82850646972656,136.66307025273798,134.4932157362889,135.82850646972656,5702600,0.0,0.0
2022-05-27 00:00:00-04:00,136.28283277820626,137.90557861328125,135.96755984034755,137.90557861328125,6028800,0.0,0.0
2022-05-31 00:00:00-04:00,136.57957048844855,138.1559636423975,135.53174983164595,137.12667846679688,12416700,0.0,0.0
2022-06-01 00:00:00-04:00,137.23793453996228,137.34920401318993,134.18717857212977,135.04954528808594,7036000,0.0,0.0
2022-06-02 00:00:00-04:00,135.3555650504643,136.55175446401242,132.25844175251953,136.50540161132812,6479800,0.0,0.0
2022-06-03 00:00:00-04:00,135.71721169985415,136.5054083233573,134.56737508245237,135.28138732910156,4720700,0.0,0.0
2022-06-06 00:00:00-04:00,136.6537424193366,136.90411288499115,134.0758958447336,134.75282287597656,4751100,0.0,0.0
2022-06-07 00:00:00-04:00,133.22281449049058,136.47757437777736,133.00026136388098,136.25503540039062,4918600,0.0,0.0
2022-06-08 00:00:00-04:00,135.66154429876553,135.7820815015679,134.4468054872867,134.55807495117188,4369600,0.0,0.0
2022-06-09 00:00:00-04:00,134.83628215435675,136.20865762014253,131.98951533392398,132.1286163330078,4625700,0.0,0.0
2022-06-10 00:00:00-04:00,130.64496571044037,132.7406212298559,129.30967526828363,131.6278839111328,6630800,0.0,0.0
2022-06-13 00:00:00-04:00,129.35604058098048,130.2740562852753,127.62202506653503,128.1042022705078,8549500,0.0,0.0
2022-06-14 00:00:00-04:00,127.51075682481441,127.57567346542972,122.90215641475038,124.10762786865234,9980200,0.0,0.0
2022-06-15 00:00:00-04:00,124.66398534344268,125.09052779340256,120.08320298128493,122.87432098388672,12178100,0.0,0.0
2022-06-16 00:00:00-04:00,121.5019478766759,125.24818089369079,121.10322278954432,123.62543487548828,9683300,0.0,0.0
2022-06-17 00:00:00-04:00,122.92069098039819,124.49707000416916,121.87285616171437,122.73523712158203,17113300,0.0,0.0
2022-06-21 00:00:00-04:00,124.83089017529944,127.03782925507298,123.72742063541267,126.4536361694336,9017000,0.0,0.0
2022-06-22 00:00:00-04:00,125.81378071965642,129.5321954939084,125.80451298115895,128.42872619628906,8374500,0.0,0.0
2022-06-23 00:00:00-04:00,128.93878203881766,132.1193578627008,128.79968101507708,131.95245361328125,6418300,0.0,0.0
2022-06-24 00:00:00-04:00,133.7142467961122,134.67862933556304,132.71277915093788,133.8533477783203,19440600,0.0,0.0
2022-06-27 00:00:00-04:00,133.6400908660436,134.23355172841238,132.33263191014666,132.83335876464844,5618500,0.0,0.0
2022-06-28 00:00:00-04:00,133.1022532532372,133.61226195401227,130.3575023077926,130.6727752685547,6077300,0.0,0.0
2022-06-29 00:00:00-04:00,131.30334908363935,132.47172119835238,130.88606018982017,131.85971069335938,5174600,0.0,0.0
2022-06-30 00:00:00-04:00,131.38681931895613,133.9368492921474,130.96026262505413,133.3341064453125,7410100,0.0,0.0
2022-07-01 00:00:00-04:00,133.75136659940145,135.6152011938846,132.9724377673405,135.48538208007812,5937200,0.0,0.0
2022-07-05 00:00:00-04:00,134.06663274385917,135.47610744287903,132.17496672558119,134.1779022216797,5760900,0.0,0.0
2022-07-06 00:00:00-04:00,134.92900755660463,136.76503894566414,134.42828072727534,135.42974853515625,5485200,0.0,0.0
2022-07-07 00:00:00-04:00,134.72498444766956,135.55954790730286,134.08517085593704,135.38336181640625,6623400,0.0,0.0
2022-07-08 00:00:00-04:00,135.37412126505856,136.1344863662645,134.05738041235708,134.4746551513672,4294200,0.0,0.0
2022-07-11 00:00:00-04:00,134.59518947237663,135.9212121867679,134.15936511128226,135.42047119140625,5482900,0.0,0.0
2022-07-12 00:00:00-04:00,135.25355883335473,136.23647698469537,133.87190145786872,134.22427368164062,5204400,0.0,0.0
2022-07-13 00:00:00-04:00,133.90898955869875,136.27356488847613,133.72353572188146,135.1051788330078,5075600,0.0,0.0
2022-07-14 00:00:00-04:00,133.30625965209205,134.94755527080306,133.0373536853716,134.7064666748047,4867000,0.0,0.0
2022-07-15 00:00:00-04:00,134.77136768630587,135.10519028055026,133.62154531108118,134.52101135253906,6264600,0.0,0.0
2022-07-18 00:00:00-04:00,134.40045346662706,134.53954031197793,132.75915794538,132.88897705078125,6047500,0.0,0.0
2022-07-19 00:00:00-04:00,134.05739127361642,134.46538415531566,133.19501020385096,133.56591796875,5943600,0.0,0.0
2022-07-20 00:00:00-04:00,133.52879933329172,133.73280279754414,130.41312678287943,131.2569580078125,8635300,0.0,0.0
2022-07-21 00:00:00-04:00,131.22242843045365,131.93173369682322,129.68246969013856,131.38108825683594,8310200,0.913,0.0
2022-07-22 00:00:00-04:00,131.37175888925023,133.621023114715,131.2877650155384,133.4810333251953,5292700,0.0,0.0
2022-07-25 00:00:00-04:00,133.2756890247743,134.78763552929698,133.023693193662,134.38632202148438,5262100,0.0,0.0
2022-07-26 00:00:00-04:00,133.17300832444505,134.8529565849702,132.25837536524335,134.6476287841797,5375700,0.0,0.0
2022-07-27 00:00:00-04:00,134.28366112207485,136.45825915986333,133.9569993247429,135.92626953125,5500000,0.0,0.0
2022-07-28 00:00:00-04:00,136.39293497573033,138.69819511869156,135.40363581952715,138.18487548828125,7115700,0.0,0.0
2022-07-29 00:00:00-04:00,131.99708631396365,132.995727736899,129.0105184340526,129.64517211914062,18694700,0.0,0.0
2022-08-01 00:00:00-04:00,129.11315833791264,134.3396618356466,129.04783452075603,133.3690185546875,12590000,0.0,0.0
2022-08-02 00:00:00-04:00,133.56502652785903,134.13434207084092,132.31440361084225,132.48239135742188,7495000,0.0,0.0
2022-08-03 00:00:00-04:00,132.2117274440046,135.58095237997819,131.51175008257857,135.2169647216797,6811000,0.0,0.0
2022-08-04 00:00:00-04:00,135.18897611262807,136.6915948553473,134.4049905904134,135.00230407714844,6124700,0.0,0.0
2022-08-05 00:00:00-04:00,134.162336955433,135.17963404040182,133.24770379360356,135.06764221191406,4580300,0.0,0.0
2022-08-08 00:00:00-04:00,135.35696523455366,136.70092415367156,135.0769714195579,135.58096313476562,4486800,0.0,0.0
2022-08-09 00:00:00-04:00,135.86096914493797,136.2062868111522,134.852999865122,135.26364135742188,3977300,0.0,0.0
2022-08-10 00:00:00-04:00,136.1596243155118,136.72893992511618,135.69297264341242,136.5422821044922,4641300,0.0,0.0
2022-08-11 00:00:00-04:00,137.01826306091758,137.4662446831352,135.26364819903662,135.57164001464844,5954300,0.0,0.0
2022-08-12 00:00:00-04:00,136.1782679649192,136.9435691534092,135.2916328080648,136.8875732421875,5038700,0.0,0.0
2022-08-15 00:00:00-04:00,137.07426527445318,138.84755027229113,136.96227342402878,138.65155029296875,6008000,0.0,0.0
2022-08-16 00:00:00-04:00,138.46488170923752,140.55548628164922,138.46488170923752,139.93016052246094,7093000,0.0,0.0
2022-08-17 00:00:00-04:00,139.1555167068573,139.76215810738674,138.95018885783074,139.2861785888672,4834600,0.0,0.0
2022-08-18 00:00:00-04:00,138.9408261711649,139.98613531378942,138.61417863496814,139.7808074951172,3829000,0.0,0.0
2022-08-19 00:00:00-04:00,139.25819229123263,140.58348127431935,138.80086854536847,139.74349975585938,6502500,0.0,0.0
2022-08-22 00:00:00-04:00,139.04351638358938,140.11682368261074,138.91285449617817,139.37017822265625,6380700,0.0,0.0
2022-08-23 00:00:00-04:00,138.5301718624722,138.53951400773096,136.1035923547337,136.68223571777344,5268200,0.0,0.0
2022-08-24 00:00:00-04:00,136.83157200299806,137.4382133390464,135.44094521714464,136.09426879882812,5903200,0.0,0.0
2022-08-25 00:00:00-04:00,135.54361565706418,136.05693524978477,134.85298042420033,135.98226928710938,5097600,0.0,0.0
2022-08-26 00:00:00-04:00,136.26229011389347,136.75693975378772,132.5477467407566,132.7997283935547,6086600,0.0,0.0
2022-08-29 00:00:00-04:00,131.87571272812156,133.17300328893205,131.61438903537362,132.2397003173828,5272100,0.0,0.0
2022-08-30 00:00:00-04:00,132.91172086225407,132.91172086225407,130.57846270895732,130.8304443359375,5203700,0.0,0.0
2022-08-31 00:00:00-04:00,131.03577093100722,131.48376674570244,128.66518693615757,128.73985290527344,8406900,0.0,0.0
2022-09-01 00:00:00-04:00,128.63714005000193,130.43840780616335,127.6384991141281,130.326416015625,7446500,0.0,0.0
2022-09-02 00:00:00-04:00,131.0544190456045,131.73572631825738,127.44254062083681,128.01185607910156,7077800,0.0,0.0
2022-09-06 00:00:00-04:00,126.81725679393062,128.73985931082308,126.26659702443727,126.58393096923828,8217200,0.0,0.0
2022-09-07 00:00:00-04:00,126.95723254783952,128.57184308859456,126.94790464267186,128.49717712402344,6609400,0.0,0.0
2022-09-08 00:00:00-04:00,127.87184783099535,129.25314662100814,126.9852127673068,128.6651611328125,7380500,0.0,0.0
2022-09-09 00:00:00-04:00,128.74918856464936,131.67976038381664,128.14254711053076,130.62513732910156,6434300,0.0,0.0
2022-09-12 00:00:00-04:00,130.11183238317057,132.34242697332292,129.8318385107125,131.68911743164062,5818700,0.0,0.0
2022-09-13 00:00:00-04:00,131.3904308242676,131.99707224231534,128.66518703430805,128.96383666992188,6350200,0.0,0.0
2022-09-14 00:00:00-04:00,129.41182409188244,130.34512728439668,128.4878488045058,129.27182006835938,6137800,0.0,0.0
2022-09-15 00:00:00-04:00,129.52381622242666,129.62648014348773,127.5265479553925,128.273193359375,5320700,0.0,0.0
2022-09-16 00:00:00-04:00,128.2732033558244,129.78515009193586,127.96521156863916,129.0571746826172,9321500,0.0,0.0
2022-09-19 00:00:00-04:00,128.98249998011758,129.22516792751355,128.07719473270205,128.78651428222656,6056000,0.0,0.0
2022-09-20 00:00:00-04:00,128.2451839942519,128.76783145822247,127.42387269882654,128.3291778564453,5589800,0.0,0.0
2022-09-21 00:00:00-04:00,128.8705144269668,128.98250625978557,126.65859028233182,126.67724609375,6413900,0.0,0.0
2022-09-22 00:00:00-04:00,126.68659806934382,127.92789319667311,126.21994640829124,127.12525177001953,5061600,0.0,0.0
2022-09-23 00:00:00-04:00,126.63056847734569,127.39588391975978,125.0159579653512,126.53724670410156,6523600,0.0,0.0
2022-09-26 00:00:00-04:00,126.53723537639806,127.69453634141831,125.98658996799995,126.6585693359375,7396400,0.0,0.0
2022-09-27 00:00:00-04:00,126.89191777110666,127.80655098039026,122.92537890749686,123.17736053466797,7722200,0.0,0.0
2022-09-28 00:00:00-04:00,124.14800390217829,124.14800390217829,122.4400572237417,123.17736053466797,10455100,0.0,0.0
2022-09-29 00:00:00-04:00,123.0746888295159,123.0746888295159,119.70546369684982,120.11611938476562,7128500,0.0,0.0
2022-09-30 00:00:00-04:00,120.39610480884514,120.43343066829395,117.79218819921255,117.82952117919922,9431900,0.0,0.0
2022-10-03 00:00:00-04:00,118.76283245989002,120.48944908009906,118.23084991954741,119.93878936767578,8477700,0.0,0.0
2022-10-04 00:00:00-04:00,120.48944160682171,122.14137791840122,120.11611180451428,121.42274475097656,7211600,0.0,0.0
2022-10-05 00:00:00-04:00,120.5827865600586,121.41342594841363,119.54681930122672,120.5827865600586,5071100,0.0,0.0
2022-10-06 00:00:00-04:00,120.2934541911792,120.45211403325729,117.92286310401622,118.04419708251953,5530800,0.0,0.0
2022-10-07 00:00:00-04:00,118.06285185878934,118.13751782185844,115.50560314824688,115.98158264160156,6095400,0.0,0.0
2022-10-10 00:00:00-04:00,115.14161992164698,115.96292418548232,114.03098681988978,115.50560760498047,6923300,0.0,0.0
2022-10-11 00:00:00-04:00,115.44027506120086,117.31620936600098,115.35627407053938,115.94425964355469,5516200,0.0,0.0
2022-10-12 00:00:00-04:00,116.51357868372769,117.4188840094809,116.11226510688758,116.13092803955078,6823500,0.0,0.0
2022-10-13 00:00:00-04:00,115.2722912561103,118.2961919197154,114.72163861273863,117.88553619384766,6910500,0.0,0.0
2022-10-14 00:00:00-04:00,118.2961864281686,118.54817517154662,116.448242868088,116.7375717163086,5516800,0.0,0.0
2022-10-17 00:00:00-04:00,117.60553681647963,119.72413192205556,117.46553991404954,118.8468246459961,6664600,0.0,0.0
2022-10-18 00:00:00-04:00,120.70409801700806,121.39474747432952,119.14548346648854,119.80812072753906,7114200,0.0,0.0
2022-10-19 00:00:00-04:00,122.86003460236103,124.12932754388137,120.87209419808508,120.91876220703125,9993700,0.0,0.0
2022-10-20 00:00:00-04:00,120.89337564929427,121.97430003186736,119.06992260567901,119.36129760742188,8168000,0.913,0.0
2022-10-21 00:00:00-04:00,118.93833765966485,121.20355750970135,118.88194434663221,120.85578918457031,6394600,0.0,0.0
2022-10-24 00:00:00-04:00,121.71113624380669,122.6040639068981,120.63962017966782,121.59833526611328,6946000,0.0,0.0
2022-10-25 00:00:00-04:00,121.81451487924637,123.2995865517163,120.7523930418366,122.99881744384766,6776000,0.0,0.0
2022-10-26 00:00:00-04:00,122.80141887803133,124.60609078163252,122.56643720062051,123.86354064941406,6612800,0.0,0.0
2022-10-27 00:00:00-04:00,124.07035958350959,125.12307319654919,123.60039610023871,123.95757293701172,6676700,0.0,0.0
2022-10-28 00:00:00-04:00,125.17005567713059,127.36948104264324,124.93507396691398,127.09690856933594,6996400,0.0,0.0
2022-10-31 00:00:00-04:00,127.07809319452711,127.51985991253169,126.19455975851797,126.5799331665039,8346300,0.0,0.0
2022-11-01 00:00:00-04:00,126.60814945156729,128.09323566160475,125.79981175096832,126.77734375,6428300,0.0,0.0
2022-11-02 00:00:00-04:00,126.62693352708604,128.33759276254315,124.83166998368542,124.95386505126953,7318100,0.0,0.0
2022-11-03 00:00:00-04:00,123.81656794748267,124.67190487845069,123.09283455249108,124.09854888916016,5204000,0.0,0.0
2022-11-04 00:00:00-04:00,125.31106360188829,126.89013394002265,124.55911919899958,126.36377716064453,5555400,0.0,0.0
2022-11-07 00:00:00-05:00,127.21909301198896,128.9485548124768,126.94650621932587,128.3000030517578,6746800,0.0,0.0
2022-11-08 00:00:00-05:00,128.60079333479047,129.2587392349289,127.64206397050596,128.5913848876953,5266200,0.0,0.0
2022-11-09 00:00:00-05:00,128.64777509787623,129.6817003032524,128.1496150467799,128.2812042236328,5690700,0.0,0.0
2022-11-10 00:00:00-05:00,131.08220678627077,133.12184636044006,129.89788975845613,132.69886779785156,8068700,0.0,0.0
2022-11-11 00:00:00-05:00,132.71765924740887,133.12183522309888,130.75321570778064,132.50148010253906,7175200,0.0,0.0
2022-11-14 00:00:00-05:00,132.06909755441464,134.93587690344,131.8341158756772,132.5108642578125,8516200,0.0,0.0
2022-11-15 00:00:00-05:00,133.55421321856156,134.597532678118,131.30778844339093,132.0503387451172,7732400,0.0,0.0
2022-11-16 00:00:00-05:00,132.99966261434267,134.32496304788003,132.51089658752062,133.22525024414062,6193700,0.0,0.0
2022-11-17 00:00:00-05:00,132.6330735608947,133.17823283515585,131.45816504105903,132.40748596191406,5186300,0.0,0.0
2022-11-18 00:00:00-05:00,133.39441006694256,134.18394513879284,132.7834633822799,134.00537109375,5671400,0.0,0.0
2022-11-21 00:00:00-05:00,134.46592427452995,136.46797292659522,134.2497451286435,135.70663452148438,6377200,0.0,0.0
2022-11-22 00:00:00-05:00,136.69355820589763,137.03193245373905,136.13900479314657,136.8721466064453,5372900,0.0,0.0
2022-11-23 00:00:00-05:00,137.13533528640428,137.82149228133804,136.82517201621414,137.6522979736328,4296000,0.0,0.0
2022-11-25 00:00:00-05:00,137.97186958138002,138.35724306992685,137.60529864748466,137.9060821533203,2411100,0.0,0.0
2022-11-28 00:00:00-05:00,137.59589822515815,138.48882591113085,137.36091650031554,137.7932891845703,6628200,0.0,0.0
2022-11-29 00:00:00-05:00,136.9943390761468,137.2857141063682,135.84762716601082,136.7405548095703,5634200,0.0,0.0
2022-11-30 00:00:00-05:00,136.90035586144705,140.1995086669922,136.4116041690418,140.1995086669922,12396800,0.0,0.0
2022-12-01 00:00:00-05:00,140.5472818036381,141.32742292715244,139.6449599239657,140.2841033935547,6927400,0.0,0.0
2022-12-02 00:00:00-05:00,139.5509501648206,141.71278493693504,139.18437924179463,141.56239318847656,4938300,0.0,0.0
2022-12-05 00:00:00-05:00,139.77651982197705,140.67884151245912,139.36294973794583,140.13368225097656,5402500,0.0,0.0
2022-12-06 00:00:00-05:00,140.72582589985055,141.06420008368116,139.37232916452808,140.312255859375,6866700,0.0,0.0
2022-12-07 00:00:00-05:00,140.05849451827604,141.39318892195956,140.05849451827604,141.21461486816406,6175500,0.0,0.0
2022-12-08 00:00:00-05:00,140.48147183185364,142.28612964378772,140.05849328009245,142.229736328125,5187100,0.0,0.0
2022-12-09 00:00:00-05:00,141.64695947283482,142.8218679195938,141.19579864507972,141.85374450683594,5868200,0.0,0.0
2022-12-12 00:00:00-05:00,142.13574507713182,143.39524366428458,141.96655077946346,143.31065368652344,6142400,0.0,0.0
2022-12-13 00:00:00-05:00,144.19419521994953,144.9649278523651,141.73157688598513,143.094482421875,7680600,0.0,0.0
2022-12-14 00:00:00-05:00,143.61140228317808,145.1622900309453,143.0286522857926,143.6584014892578,7385600,0.0,0.0
2022-12-15 00:00:00-05:00,142.60571991247116,142.8688983146263,140.74466854233185,142.03236389160156,7117200,0.0,0.0
2022-12-16 00:00:00-05:00,141.32740727741015,141.99476167760358,140.0679086911733,141.40260314941406,19966400,0.0,0.0
2022-12-19 00:00:00-05:00,141.19581028832002,142.28612885893642,140.2746860059039,141.364990234375,5881800,0.0,0.0
2022-12-20 00:00:00-05:00,140.34988592846554,141.83495774944728,140.3028867169329,141.42140197753906,5646100,0.0,0.0
2022-12-21 00:00:00-05:00,141.69395861877405,143.46102551143295,141.6657619634354,142.71847534179688,5024700,0.0,0.0
2022-12-22 00:00:00-05:00,142.05113477054624,143.25423986701614,141.81615308229595,143.04745483398438,5904900,0.0,0.0
2022-12-23 00:00:00-05:00,143.16022415761165,143.73357998135273,142.5586716820589,143.45159912109375,3401800,0.0,0.0
2022-12-27 00:00:00-05:00,143.52682788151535,145.0495191391836,143.48923711786165,144.7017364501953,4215100,0.0,0.0
2022-12-28 00:00:00-05:00,145.01190629857774,145.35967462687077,142.7748759136457,142.83128356933594,4197500,0.0,0.0
2022-12-29 00:00:00-05:00,143.63020116544925,144.03437711683875,143.00045197806904,143.4234161376953,3809100,0.0,0.0
2022-12-30 00:00:00-05:00,143.27302340702508,143.50800508761822,141.4025784084755,142.45529174804688,4532000,0.0,0.0
2023-01-03 00:00:00-05:00,141.88194207489911,142.59629559409618,140.1618743767216,142.46470642089844,6447300,0.0,0.0
2023-01-04 00:00:00-05:00,142.8594792376137,144.1753710183834,142.14512569192894,143.08505249023438,7313400,0.0,0.0
2023-01-05 00:00:00-05:00,143.06626664453205,143.3200365579234,141.1112171506956,141.30859375,5373800,0.0,0.0
2023-01-06 00:00:00-05:00,142.72788204390937,145.18109142339958,142.6338836324999,144.67352294921875,7882200,0.0,0.0
2023-01-09 00:00:00-05:00,144.22235434223987,145.5006552208304,142.8688576070095,142.9064483642578,5727000,0.0,0.0
2023-01-10 00:00:00-05:00,142.96286333867096,143.52681077915116,141.87254487474115,142.76547241210938,4716400,0.0,0.0
2023-01-11 00:00:00-05:00,143.1696415017675,143.39521473028145,140.37805806176152,141.60935974121094,8691300,0.0,0.0
2023-01-12 00:00:00-05:00,142.58691669969213,142.61511336106818,140.53788281491484,140.81045532226562,7801600,0.0,0.0
2023-01-13 00:00:00-05:00,140.62243591092843,141.9759326705175,140.44384754096274,141.81614685058594,5535800,0.0,0.0
2023-01-17 00:00:00-05:00,141.7315689545168,142.99108188289975,141.36499804233904,141.40260314941406,9611800,0.0,0.0
2023-01-18 00:00:00-05:00,140.6694471325884,140.9232170400838,137.266902392896,137.61468505859375,10461200,0.0,0.0
2023-01-19 00:00:00-05:00,135.54617513165525,138.29852927817433,134.53414991107763,134.7043914794922,12683700,0.913,0.0
2023-01-20 00:00:00-05:00,134.6098288616212,135.3948509576052,132.55737579035835,135.224609375,8603300,0.0,0.0
2023-01-23 00:00:00-05:00,135.59346848725792,135.9150455138433,133.06811754528965,133.4086151123047,7473100,0.0,0.0
2023-01-24 00:00:00-05:00,133.06809990233836,134.66654620133465,132.23576941951384,134.1368865966797,6822500,0.0,0.0
2023-01-25 00:00:00-05:00,132.7843637109034,134.07068621590432,131.21429083541895,134.0423126220703,6902600,0.0,0.0
2023-01-26 00:00:00-05:00,134.05173865980754,134.06120614393976,133.11538138770743,133.50315856933594,5398600,0.0,0.0
2023-01-27 00:00:00-05:00,133.42751752401986,133.70180037833634,131.7439360259778,132.95460510253906,6870800,0.0,0.0
2023-01-30 00:00:00-05:00,133.323493612825,134.42063960541108,132.6803251309634,133.3707733154297,6369300,0.0,0.0
2023-01-31 00:00:00-05:00,133.57884242223636,134.75167045724967,133.13430357852158,134.6665496826172,9373400,0.0,0.0
2023-02-01 00:00:00-05:00,134.3828119406146,136.2933823992787,133.6923637613699,135.43267822265625,7207900,0.0,0.0
2023-02-02 00:00:00-05:00,134.46791076660156,134.97866424319278,133.55992703599233,134.46791076660156,6444300,0.0,0.0
2023-02-03 00:00:00-05:00,135.0448674680151,135.6123681363301,133.52208892124938,134.8840789794922,5993100,0.0,0.0
2023-02-06 00:00:00-05:00,134.31657774199428,134.9124519979858,133.37075292023832,133.7396240234375,6108100,0.0,0.0
2023-02-07 00:00:00-05:00,132.38709308250642,133.16266188257944,131.2615593066622,132.43438720703125,6278300,0.0,0.0
2023-02-08 00:00:00-05:00,131.52640270845163,131.9803946002035,130.91162232237392,131.06295776367188,7123800,0.0,0.0
2023-02-09 00:00:00-05:00,131.35615100868807,131.78176927631867,129.57799579122414,129.6252899169922,6547400,0.0,0.0
2023-02-10 00:00:00-05:00,129.5307316831394,130.8076012140761,128.471412294723,130.76976013183594,8108900,0.0,0.0
2023-02-13 00:00:00-05:00,131.41290278833415,132.84109307083708,131.22374071077914,132.481689453125,5081600,0.0,0.0
2023-02-14 00:00:00-05:00,132.54792245259614,132.64251073082724,131.1102643299242,131.73451232910156,5253500,0.0,0.0
2023-02-15 00:00:00-05:00,131.57367640577706,131.77230594565322,130.5900250543757,131.4318084716797,5530300,0.0,0.0
2023-02-16 00:00:00-05:00,129.94689019909111,130.7130061047299,129.15240069932818,129.71043395996094,7595700,0.0,0.0
2023-02-17 00:00:00-05:00,129.19020763201235,132.4533003476066,129.19020763201235,132.4249267578125,8034700,0.0,0.0
2023-02-21 00:00:00-05:00,131.34670204303546,133.2572724227398,131.34670204303546,132.3303680419922,6899500,0.0,0.0
2023-02-22 00:00:00-05:00,132.39657943467594,133.90990520725558,132.3020055939798,132.88841247558594,6126300,0.0,0.0
2023-02-23 00:00:00-05:00,132.63302537278028,133.4937295194194,131.56425301992877,132.46278381347656,5835400,0.0,0.0
2023-02-24 00:00:00-05:00,131.40345220928927,131.8763646800901,130.5995096682138,131.715576171875,5260700,0.0,0.0
2023-02-27 00:00:00-05:00,132.0466048639373,132.8600147936083,131.0251123174568,131.60206604003906,5820900,0.0,0.0
2023-02-28 00:00:00-05:00,130.94944956751235,131.08186447122017,129.84283620820935,130.107666015625,6709900,0.0,0.0
2023-03-01 00:00:00-05:00,130.5711110695327,130.83594084789348,129.11453285640772,130.20223999023438,7101800,0.0,0.0
2023-03-02 00:00:00-05:00,130.52385356795935,132.82220145335708,130.31577090769974,132.3492889404297,5924600,0.0,0.0
2023-03-03 00:00:00-05:00,133.54102906599041,133.58832320065088,132.38712145456392,133.31402587890625,5259400,0.0,0.0
2023-03-06 00:00:00-05:00,133.10590931843697,133.49370091884757,132.3587141368941,132.7465057373047,4943100,0.0,0.0
2023-03-07 00:00:00-05:00,132.82217875770652,133.00188779105474,129.89958339092098,130.107666015625,5606800,0.0,0.0
2023-03-08 00:00:00-05:00,129.7671688463713,130.23062822670246,129.1996825855423,130.1265869140625,5518800,0.0,0.0
2023-03-09 00:00:00-05:00,130.6656855953868,131.05347721299833,128.72675637161032,129.17129516601562,4467200,0.0,0.0
2023-03-10 00:00:00-05:00,129.5307025425374,130.51436840946607,128.96321632590102,129.75770568847656,5928000,0.0,0.0
2023-03-13 00:00:00-04:00,129.61582170868797,133.6639650511422,129.61582170868797,130.65623474121094,8337100,0.0,0.0
2023-03-14 00:00:00-04:00,130.79810652124868,132.51951460151423,129.95632301830048,132.2736053466797,9219700,0.0,0.0
2023-03-15 00:00:00-04:00,131.28993687840304,134.44898821539812,131.28993687840304,134.14633178710938,8823500,0.0,0.0
2023-03-16 00:00:00-04:00,134.25037981280306,135.36644619419792,133.93825588441084,135.14891052246094,7063400,0.0,0.0
2023-03-17 00:00:00-04:00,134.7800697337265,135.62185345161976,133.86261827991478,135.186767578125,16018800,0.0,0.0
2023-03-20 00:00:00-04:00,135.7258788549127,137.52294046759084,135.47050208017862,137.267578125,8379200,0.0,0.0
2023-03-21 00:00:00-04:00,137.05946558187455,137.3621219918523,135.10160145629266,136.27442932128906,7753200,0.0,0.0
2023-03-22 00:00:00-04:00,136.23659548936914,137.85396221958305,136.03798036679777,136.18931579589844,5729100,0.0,0.0
2023-03-23 00:00:00-04:00,136.42581594094818,137.25813220484804,135.43269671173869,136.00018310546875,5788400,0.0,0.0
2023-03-24 00:00:00-04:00,136.4825439386237,138.80926524670235,136.4825439386237,138.7714385986328,6144800,0.0,0.0
2023-03-27 00:00:00-04:00,138.93221428173283,139.43350030719603,137.96746887538345,138.0431365966797,5917200,0.0,0.0
2023-03-28 00:00:00-04:00,138.6106477683487,138.8660245430105,137.90127906373294,138.43093872070312,4213800,0.0,0.0
2023-03-29 00:00:00-04:00,139.1119288896127,139.3105440378489,138.33634553935744,138.85655212402344,4987700,0.0,0.0
2023-03-30 00:00:00-04:00,138.96059748478586,139.54700432521446,138.37419064435727,139.46188354492188,4117700,0.0,0.0
2023-03-31 00:00:00-04:00,139.7361889959903,140.6347198486328,139.57540047980322,140.6347198486328,7685900,0.0,0.0
2023-04-03 00:00:00-04:00,140.38878567682968,141.93995239748884,139.1213837501936,141.4102783203125,5721700,0.0,0.0
2023-04-04 00:00:00-04:00,141.94937961954187,143.4910785738937,141.94937961954187,142.09124755859375,6714300,0.0,0.0
2023-04-05 00:00:00-04:00,143.13167487135348,144.09642024984265,142.9614188953181,143.06546020507812,6094800,0.0,0.0
2023-04-06 00:00:00-04:00,143.64242048363516,144.67338057539973,143.21680217235595,143.9734649658203,5399700,0.0,0.0
2023-04-10 00:00:00-04:00,143.43433003369555,143.45325057133965,141.41026547002494,142.78172302246094,4891800,0.0,0.0
2023-04-11 00:00:00-04:00,143.06547213227495,143.23572812250436,142.3655709283955,142.49798583984375,6311800,0.0,0.0
2023-04-12 00:00:00-04:00,142.16692137186666,144.1531591966831,141.80750333465545,142.88575744628906,6137900,0.0,0.0
2023-04-13 00:00:00-04:00,142.72497407160716,143.64242539482757,141.70349586246928,143.5478515625,5489500,0.0,0.0
2023-04-14 00:00:00-04:00,143.15060931859563,143.37759806584285,142.35610540680102,142.81956481933594,4478800,0.0,0.0
2023-04-17 00:00:00-04:00,142.98033090367684,143.26408122538095,142.19529460088992,142.86683654785156,4296400,0.0,0.0
2023-04-18 00:00:00-04:00,142.80065359552322,143.3776074193203,141.96833741441404,143.01820373535156,4158400,0.0,0.0
2023-04-19 00:00:00-04:00,142.98035515066456,143.67080331925789,142.5452837581265,143.04656982421875,3837600,0.0,0.0
2023-04-20 00:00:00-04:00,143.11411984124894,144.05635412596615,143.11411984124894,143.5709686279297,5370900,0.941,0.0
2023-04-21 00:00:00-04:00,147.46359960617255,150.48063415743007,147.04482883798562,148.53907775878906,14876900,0.0,0.0
2023-04-24 00:00:00-04:00,147.73012460427654,149.66216925221883,147.73012460427654,148.80560302734375,8109800,0.0,0.0
2023-04-25 00:00:00-04:00,148.957832857405,150.31883784353184,148.2725742461031,148.8436279296875,8341800,0.0,0.0
2023-04-26 00:00:00-04:00,147.8062456325638,148.47246532889855,146.8925625329474,147.12098693847656,4843700,0.0,0.0
2023-04-27 00:00:00-04:00,147.80624281982233,149.05302848262977,147.53022818641463,148.91978454589844,4805600,0.0,0.0
2023-04-28 00:00:00-04:00,148.73892599646305,149.7763260854334,148.24401380294145,148.8341064453125,5754000,0.0,0.0
2023-05-01 00:00:00-04:00,148.5010175867162,149.80490575298447,148.28211993980625,149.0149688720703,3844600,0.0,0.0
2023-05-02 00:00:00-04:00,149.03396625999932,149.3575565527047,148.1583613090036,148.88168334960938,5262900,0.0,0.0
2023-05-03 00:00:00-04:00,149.08158004724487,149.96671189659662,147.92996032384096,148.6913604736328,5775000,0.0,0.0
2023-05-04 00:00:00-04:00,148.5676603443523,149.043533677265,147.60638691746757,148.00611877441406,4892600,0.0,0.0
2023-05-05 00:00:00-04:00,147.90138693324286,148.76747965542123,147.22565511187125,148.50099182128906,3988200,0.0,0.0
2023-05-08 00:00:00-04:00,147.8538341290565,148.21548794710455,147.3969853233642,147.80624389648438,4950700,0.0,0.0
2023-05-09 00:00:00-04:00,148.329705788322,148.45342296465708,146.16923705116506,146.29296875,4472100,0.0,0.0
2023-05-10 00:00:00-04:00,146.04547378035213,146.87350297605278,145.0842151997074,146.5974884033203,4754900,0.0,0.0
2023-05-11 00:00:00-04:00,147.3398868532545,147.416028322937,145.98840844201663,146.94015502929688,3495300,0.0,0.0
2023-05-12 00:00:00-04:00,147.2351924849899,148.52005617230813,146.94015336986504,148.4344024658203,5252200,0.0,0.0
2023-05-15 00:00:00-04:00,149.05303312962647,149.18627707051192,147.1780911969881,148.4819793701172,5414900,0.0,0.0
2023-05-16 00:00:00-04:00,148.3487538170719,149.34809075883086,147.45410959344963,148.22503662109375,5591500,0.0,0.0
2023-05-17 00:00:00-04:00,148.71990142251062,149.00542827424695,146.4737791233498,147.5968475341797,4286900,0.0,0.0
2023-05-18 00:00:00-04:00,145.91226779668355,146.2358581527869,144.28478925583994,145.16990661621094,6997600,0.0,0.0
2023-05-19 00:00:00-04:00,145.1128177029772,145.92180819132471,144.51321264637843,145.77903747558594,4752700,0.0,0.0
2023-05-22 00:00:00-04:00,145.14137012996977,145.23655060790824,141.64846152265696,141.96253967285156,7876200,0.0,0.0
2023-05-23 00:00:00-04:00,141.61036272593935,141.69603095250375,139.97337202131732,140.43020629882812,6116000,0.0,0.0
2023-05-24 00:00:00-04:00,140.46825351314777,141.0488194221127,139.0406338539715,139.26905822753906,5755400,0.0,0.0
2023-05-25 00:00:00-04:00,138.4696006230287,139.15485925052624,137.38461021657406,138.37442016601562,6510300,0.0,0.0
2023-05-26 00:00:00-04:00,138.31731169258504,138.96449230016563,137.74625802030957,138.38392639160156,4716400,0.0,0.0
2023-05-30 00:00:00-04:00,136.9182676329547,137.08957505162584,135.4811354827107,136.2710723876953,5561000,0.0,0.0
2023-05-31 00:00:00-04:00,136.25202699999667,137.0324515472215,135.05281716334846,135.62387084960938,19854800,0.0,0.0
2023-06-01 00:00:00-04:00,136.33769653665993,137.165711407693,135.5762963740145,137.01344299316406,6091100,0.0,0.0
2023-06-02 00:00:00-04:00,137.5368855791882,139.60217380293912,137.42268064298983,139.4499053955078,6123500,0.0,0.0
2023-06-05 00:00:00-04:00,139.00258088073738,140.71572750558798,138.69801502631984,138.89788818359375,4753700,0.0,0.0
2023-06-06 00:00:00-04:00,139.0216293752933,139.2500392592123,136.62322393664215,137.5178680419922,4635900,0.0,0.0
2023-06-07 00:00:00-04:00,137.06102403305084,138.1174633507044,136.54708725371972,137.8129119873047,6194400,0.0,0.0
2023-06-08 00:00:00-04:00,138.32685219129846,139.5736379572571,137.92712034803318,139.373779296875,4863700,0.0,0.0
2023-06-09 00:00:00-04:00,138.65041927165296,139.69734620137388,137.74626302643875,139.4879608154297,5569500,0.0,0.0
2023-06-12 00:00:00-04:00,139.90675202186034,139.91626425988397,137.57497572599615,138.3934783935547,5354000,0.0,0.0
2023-06-13 00:00:00-04:00,137.5369002187383,138.65044203269724,137.3180025602253,138.06036376953125,5321200,0.0,0.0
2023-06-14 00:00:00-04:00,138.2982818712979,139.8020430870412,137.84144761667307,139.35472106933594,5693300,0.0,0.0
2023-06-15 00:00:00-04:00,140.06853924876052,141.7816859582794,139.46893426980392,141.28677368164062,5863000,0.0,0.0
2023-06-16 00:00:00-04:00,141.7340491721086,142.84759053691874,141.71501018089523,142.32412719726562,11243900,0.0,0.0
2023-06-20 00:00:00-04:00,142.52406166070742,143.0284862263208,140.96319772659203,141.0107879638672,5340700,0.0,0.0
2023-06-21 00:00:00-04:00,141.10595058635175,142.38130211172566,140.73476998036634,142.22901916503906,4649700,0.0,0.0
2023-06-22 00:00:00-04:00,143.0951086025646,143.80891855996518,142.26707917667946,142.7144012451172,6666800,0.0,0.0
2023-06-23 00:00:00-04:00,142.99991505194268,143.26640291652905,140.8204219046115,141.29629516601562,13843300,0.0,0.0
2023-06-26 00:00:00-04:00,140.95368608700812,141.78170103360821,139.6402710496412,141.43907165527344,4353100,0.0,0.0
2023-06-27 00:00:00-04:00,141.27725983045713,142.92377729128506,141.2296695985835,142.78102111816406,5445400,0.0,0.0
2023-06-28 00:00:00-04:00,142.12431570811825,143.04751103416157,140.82042756664467,142.75247192382812,6733300,0.0,0.0
2023-06-29 00:00:00-04:00,141.3153097348038,142.47644157304055,140.00190950069054,142.17189025878906,7343000,0.0,0.0
2023-06-30 00:00:00-04:00,142.6001903507383,144.7321078960112,142.56211235533158,144.41802978515625,7055600,0.0,0.0
2023-07-03 00:00:00-04:00,144.17058697413867,145.16992392004695,143.20932802907572,145.14137268066406,3996100,0.0,0.0
2023-07-05 00:00:00-04:00,144.31333964065172,145.1032910505981,144.13250546551333,144.89390563964844,8279800,0.0,0.0
2023-07-06 00:00:00-04:00,143.90410255190935,144.84633704192723,143.48533166745693,144.65599060058594,7958300,0.0,0.0
2023-07-07 00:00:00-04:00,144.38948978453396,144.58934844721946,141.57231332774185,141.61990356445312,9163500,0.0,0.0
2023-07-10 00:00:00-04:00,141.75312815817702,143.066542995062,141.56278175982393,141.67698669433594,5529200,0.0,0.0
2023-07-11 00:00:00-04:00,141.55326079826747,141.85782666610675,139.86867985521852,140.93463134765625,5150300,0.0,0.0
2023-07-12 00:00:00-04:00,140.88704132313651,142.19092945580792,140.51586074772274,141.66748046875,6764600,0.0,0.0
2023-07-13 00:00:00-04:00,141.81023976941455,142.30515205504412,141.04883960440756,141.7626495361328,5561400,0.0,0.0
2023-07-14 00:00:00-04:00,142.06720917787717,143.3615850448477,141.5532579169847,142.8095703125,6128500,0.0,0.0
2023-07-17 00:00:00-04:00,142.4288618852497,142.91426190817637,141.78168121801343,141.80072021484375,4625300,0.0,0.0
2023-07-18 00:00:00-04:00,141.46757958907403,143.21878942117172,141.22013076143972,142.0671844482422,5355200,0.0,0.0
2023-07-19 00:00:00-04:00,142.33371117418758,143.5424334584919,141.67700367702616,143.03799438476562,6203600,0.0,0.0
2023-07-20 00:00:00-04:00,143.23048440672133,144.37977321097384,141.8800631200746,144.1977996826172,6445400,0.941,0.0
2023-07-21 00:00:00-04:00,144.76288482850782,147.17640188436326,144.33190329346272,146.46766662597656,9938100,0.0,0.0
2023-07-24 00:00:00-04:00,146.38147311020094,147.44456868982445,145.86429819141208,146.9369659423828,5549500,0.0,0.0
2023-07-25 00:00:00-04:00,146.99442764667847,147.35837475253535,146.00795328354192,147.28175354003906,5883800,0.0,0.0
2023-07-26 00:00:00-04:00,146.64962590501108,148.2969452859922,146.42934907325218,147.4349822998047,7013800,0.0,0.0
2023-07-27 00:00:00-04:00,147.64568840388762,148.0670977306752,145.5003384738786,145.68231201171875,7191600,0.0,0.0
2023-07-28 00:00:00-04:00,148.12456284825396,150.82539100056604,148.06710059603472,149.8006134033203,9397300,0.0,0.0
2023-07-31 00:00:00-04:00,149.7910475448323,151.01695781010946,148.50767501930827,149.69528198242188,7955200,0.0,0.0
2023-08-01 00:00:00-04:00,149.2930090905428,150.52849134202302,149.2834223059416,149.64736938476562,5718800,0.0,0.0
2023-08-02 00:00:00-04:00,149.37919588429156,151.06481851771002,149.37919588429156,149.97299194335938,5636000,0.0,0.0
2023-08-03 00:00:00-04:00,150.13582849474386,151.03610949929222,149.60908139182942,150.36569213867188,5792700,0.0,0.0
2023-08-04 00:00:00-04:00,150.77749517219598,151.06482103634193,148.59384198708767,148.71835327148438,4782800,0.0,0.0
2023-08-07 00:00:00-04:00,149.0918834895673,150.50933934599917,148.91949672678575,150.2890625,4107400,0.0,0.0
2023-08-08 00:00:00-04:00,150.63384732311644,150.9690632842579,149.91553993267152,150.45187377929688,4625500,0.0,0.0
2023-08-09 00:00:00-04:00,150.66259589051845,151.40963449393925,150.14542093968979,150.26034545898438,4293200,0.0,0.0
2023-08-10 00:00:00-04:00,150.52848048895441,151.68735606407577,149.21637712527144,149.51327514648438,4307800,0.0,0.0
2023-08-11 00:00:00-04:00,149.8197775236419,150.8062665683106,149.2068223957137,150.38485717773438,3861200,0.0,0.0
2023-08-14 00:00:00-04:00,150.4902047155999,150.87329617806003,148.92907850876992,149.20681762695312,4297600,0.0,0.0
2023-08-15 00:00:00-04:00,149.2068124507948,149.37921383272285,147.93302680600286,148.2490692138672,6921100,0.0,0.0
2023-08-16 00:00:00-04:00,148.22033008970104,149.14934214852275,146.41019605412086,146.73583984375,6356800,0.0,0.0
2023-08-17 00:00:00-04:00,146.73583532868764,147.07103666481353,145.3758271871457,145.68231201171875,6419500,0.0,0.0
2023-08-18 00:00:00-04:00,145.2130398722027,146.42937800037768,144.78205829396853,146.0941619873047,5448200,0.0,0.0
2023-08-21 00:00:00-04:00,145.6631749685882,146.32402018373318,144.86824627602275,145.35670471191406,4504700,0.0,0.0
2023-08-22 00:00:00-04:00,145.0214606097328,145.720608991233,144.55216122269835,145.4141387939453,4196000,0.0,0.0
2023-08-23 00:00:00-04:00,146.02710090793343,146.99441623937818,146.02710090793343,146.77413940429688,4522500,0.0,0.0
2023-08-24 00:00:00-04:00,146.1037487736233,148.14373214099928,146.0366997254073,146.0941619873047,4088900,0.0,0.0
2023-08-25 00:00:00-04:00,146.9177964235806,147.56906937842203,146.01753011959548,147.0518798828125,3541500,0.0,0.0
2023-08-28 00:00:00-04:00,147.21471911285607,147.846818541447,146.58260507026313,147.28175354003906,3614700,0.0,0.0
2023-08-29 00:00:00-04:00,147.44455638705472,147.53074976399387,145.60569127568172,147.36793518066406,4034600,0.0,0.0
2023-08-30 00:00:00-04:00,147.5882385887011,148.32569035871688,147.21471931103008,147.53076171875,3712200,0.0,0.0
2023-08-31 00:00:00-04:00,147.60738003977656,148.60344117005477,147.32964093679615,147.81808471679688,5451400,0.0,0.0
2023-09-01 00:00:00-04:00,148.35441525808267,148.71836234914932,147.07104288242857,147.98089599609375,4126300,0.0,0.0
2023-09-05 00:00:00-04:00,147.30092936070434,148.30656279559742,145.9600799095124,145.99839782714844,5097000,0.0,0.0
2023-09-06 00:00:00-04:00,145.85471521428187,146.0079576438508,145.13640776643018,145.7110595703125,3877400,0.0,0.0
2023-09-07 00:00:00-04:00,146.04628360067346,147.6744443159958,145.9313444651661,147.09979248046875,4824800,0.0,0.0
2023-09-08 00:00:00-04:00,146.9369660744491,146.9752839878765,145.91218840729752,146.46766662597656,3384700,0.0,0.0
2023-09-11 00:00:00-04:00,146.85076085748287,148.54597034700132,146.61132506686164,148.21075439453125,4288500,0.0,0.0
2023-09-12 00:00:00-04:00,148.44060838016412,148.5938361695759,145.16512873073808,145.60568237304688,4537800,0.0,0.0
2023-09-13 00:00:00-04:00,145.55778475609694,147.09975165231177,145.25131457914696,146.62088012695312,4040600,0.0,0.0
2023-09-14 00:00:00-04:00,147.34879744162336,148.37357506826228,146.8890701826811,148.22991943359375,4606800,0.0,0.0
2023-09-15 00:00:00-04:00,147.52118186873804,148.75667876334182,146.75498439662735,146.98484802246094,10255600,0.0,0.0
2023-09-18 00:00:00-04:00,147.9234356762002,147.95216680334406,147.0231547216889,147.54034423828125,3536500,0.0,0.0
2023-09-19 00:00:00-04:00,147.2530306477137,147.5499287289906,145.32797189833585,147.109375,4704200,0.0,0.0
2023-09-20 00:00:00-04:00,147.27217390125261,148.2394892587166,146.8794956873707,146.98484802246094,5446400,0.0,0.0
2023-09-21 00:00:00-04:00,146.96570090765306,147.2147235092032,145.64402514112763,145.7110595703125,5096400,0.0,0.0
2023-09-22 00:00:00-04:00,145.9983575096537,146.8603204363857,144.98315218270272,145.17469787597656,6327000,0.0,0.0
2023-09-25 00:00:00-04:00,144.7916103034474,144.88739046927435,143.6806392954631,144.29359436035156,5527000,0.0,0.0
2023-09-26 00:00:00-04:00,143.6423074755332,144.00625453363497,142.50259083695133,143.0102081298828,6366500,0.0,0.0
2023-09-27 00:00:00-04:00,143.1059839067446,143.37415082747137,140.43388687021667,141.11387634277344,5403700,0.0,0.0
2023-09-28 00:00:00-04:00,141.5735828891908,141.72681066862864,139.5239987584707,140.15611267089844,6237100,0.0,0.0
2023-09-29 00:00:00-04:00,140.34768476525855,140.5679762275264,138.70037987483155,139.69642639160156,6675100,0.0,0.0
2023-10-02 00:00:00-04:00,138.66205506906456,139.44741148366978,137.81923640246404,139.0547332763672,5153800,0.0,0.0
2023-10-03 00:00:00-04:00,139.03557145143006,140.299799425238,138.88232903993807,139.34205627441406,4670600,0.0,0.0
2023-10-04 00:00:00-04:00,139.437841205689,140.12741753926693,138.80572713090882,139.80178833007812,4727800,0.0,0.0
2023-10-05 00:00:00-04:00,139.52401211203355,139.9166903025483,137.61811263699929,137.7234649658203,5205700,0.0,0.0
2023-10-06 00:00:00-04:00,137.53193586590567,138.45136119752055,135.47277912018086,138.001220703125,7406300,0.0,0.0
2023-10-09 00:00:00-04:00,137.30206298828125,137.8862869131473,135.6164402510617,137.30206298828125,5062200,0.0,0.0
2023-10-10 00:00:00-04:00,137.89585091775393,139.08345765269317,137.64684296652487,138.66204833984375,5988900,0.0,0.0
2023-10-11 00:00:00-04:00,139.00682973386427,139.40908007287922,136.5358508393442,136.95726013183594,5469100,0.0,0.0
2023-10-12 00:00:00-04:00,136.75614608319555,137.84797275450234,135.67390619691878,137.26376342773438,5965600,0.0,0.0
2023-10-13 00:00:00-04:00,137.13925189141264,138.90149588162777,137.13925189141264,138.57586669921875,7078900,0.0,0.0
2023-10-16 00:00:00-04:00,139.69640475661168,140.84569351766248,139.31331337426124,139.8975372314453,6509800,0.0,0.0
2023-10-17 00:00:00-04:00,139.9358579170678,140.6158620113587,139.10262601919138,140.0795135498047,6160100,0.0,0.0
2023-10-18 00:00:00-04:00,143.71893193048018,144.90653867421534,142.48344972138509,143.69020080566406,10508500,0.0,0.0
2023-10-19 00:00:00-04:00,144.19232885714015,144.83806507742034,141.85031627912016,142.88157653808594,8146000,0.941,0.0
2023-10-20 00:00:00-04:00,143.65263095197307,144.45257690490644,142.5635456042309,142.6888427734375,7283900,0.0,0.0
2023-10-23 00:00:00-04:00,142.50572517528386,144.08633724984185,142.21658577132695,142.78521728515625,5981800,0.0,0.0
2023-10-24 00:00:00-04:00,142.75629061052194,144.63568919611316,142.70811296985715,144.47183227539062,6322000,0.0,0.0
2023-10-25 00:00:00-04:00,144.22125654948945,145.7151311063716,143.72008259940048,145.14649963378906,6172900,0.0,0.0
2023-10-26 00:00:00-04:00,145.5802236395611,145.89827553890427,144.31766333704982,144.37548828125,7582100,0.0,0.0
2023-10-27 00:00:00-04:00,143.58514131252798,144.52001690886442,140.98291648721818,141.8310546875,8131800,0.0,0.0
2023-10-30 00:00:00-04:00,142.54427366106466,144.13453306795265,142.19730930922015,143.8550262451172,5412800,0.0,0.0
2023-10-31 00:00:00-04:00,144.04778584348267,144.81880461173134,143.25747248791535,144.59713745117188,6762100,0.0,0.0
2023-11-01 00:00:00-04:00,145.22359801527335,145.22359801527335,143.80684289981193,144.19235229492188,5896900,0.0,0.0
2023-11-02 00:00:00-04:00,144.12486376103442,146.1584572086464,143.5176872677233,145.95606994628906,5859200,0.0,0.0
2023-11-03 00:00:00-04:00,146.29341395233902,146.77530808378077,144.20199518663085,144.63571166992188,6587700,0.0,0.0
2023-11-06 00:00:00-05:00,144.91516805077785,145.77293880491757,144.6645884584829,145.4741668701172,6480800,0.0,0.0
2023-11-07 00:00:00-05:00,145.45492323017956,145.77297512246852,144.6838896767132,145.13687133789062,6003800,0.0,0.0
2023-11-08 00:00:00-05:00,145.493460819236,145.72476055565045,144.09595628261403,144.57785034179688,4832600,0.0,0.0
2023-11-09 00:00:00-05:00,144.3176367608619,144.90554809570312,143.72007813293573,144.90554809570312,6581500,0.0,0.0
2023-11-10 00:00:00-05:00,145.37780348597758,145.95608226829663,144.49112013766467,145.9271697998047,5387200,0.0,0.0
2023-11-13 00:00:00-05:00,145.96571250486738,147.36320238235072,145.96571250486738,146.93914794921875,6297500,0.0,0.0
2023-11-14 00:00:00-05:00,147.02588675136337,147.9414825621285,146.18738105190795,146.6114501953125,7982600,0.0,0.0
2023-11-15 00:00:00-05:00,146.55363723907513,146.87168912262842,144.93448005688543,145.9368133544922,7672600,0.0,0.0
2023-11-16 00:00:00-05:00,146.4861673269492,147.3535707860508,145.83078373271937,147.29574584960938,7590500,0.0,0.0
2023-11-17 00:00:00-05:00,147.18971649257733,147.30536635597537,145.4259825445624,145.59947204589844,8495600,0.0,0.0
2023-11-20 00:00:00-05:00,144.77062050015925,145.56091911417633,144.2405340909919,144.8284454345703,6856500,0.0,0.0
2023-11-21 00:00:00-05:00,144.42366675573228,144.5778616900318,143.44059868008898,144.19235229492188,7310400,0.0,0.0
2023-11-22 00:00:00-05:00,144.66460149175967,145.994619086059,144.66460149175967,145.55128479003906,4372700,0.0,0.0
2023-11-24 00:00:00-05:00,145.7055002387732,146.24523401076695,145.56093788410442,145.8982696533203,2132500,0.0,0.0
2023-11-27 00:00:00-05:00,146.03318042061852,146.1488302893073,145.28142686166206,145.76332092285156,6021300,0.0,0.0
2023-11-28 00:00:00-05:00,145.6765659637196,147.23791269165585,145.6765659637196,146.77528381347656,6110400,0.0,0.0
2023-11-29 00:00:00-05:00,146.77530127154688,146.92951091594898,145.5223883529428,145.65731811523438,5342700,0.0,0.0
2023-11-30 00:00:00-05:00,145.43561955241,148.0667716746154,144.64532095143304,147.96075439453125,9771300,0.0,0.0
2023-12-01 00:00:00-05:00,147.77764856986883,147.93185821355712,146.71747565231317,147.1319122314453,5684600,0.0,0.0
2023-12-04 00:00:00-05:00,146.2741273003095,147.00660097831562,146.16811001870758,146.55361938476562,6578300,0.0,0.0
2023-12-05 00:00:00-05:00,146.63074207168094,147.08372372044374,140.8865576973381,141.445556640625,11895800,0.0,0.0
2023-12-06 00:00:00-05:00,141.68650292656264,141.8310799853467,140.36611775253462,141.33953857421875,7610000,0.0,0.0
2023-12-07 00:00:00-05:00,141.26244904226766,141.77325563168998,140.73236257034597,141.19497680664062,6119600,0.0,0.0
2023-12-08 00:00:00-05:00,140.63598094020392,140.944400241974,139.28668326056427,139.89385986328125,6384000,0.0,0.0
2023-12-11 00:00:00-05:00,139.55651336456347,140.5877589366077,139.41193633250884,140.53958129882812,8471200,0.0,0.0
2023-12-12 00:00:00-05:00,140.57815335471804,140.9347502977239,139.82639970358917,140.65525817871094,6069200,0.0,0.0
2023-12-13 00:00:00-05:00,140.578141035039,143.2671035197749,140.1829843615459,143.19964599609375,9055500,0.0,0.0
2023-12-14 00:00:00-05:00,143.08396701349565,143.17070440039942,139.15171037191556,139.42156982421875,10565200,0.0,0.0
2023-12-15 00:00:00-05:00,137.99519513319882,139.0264556238588,137.33982617954854,138.74696350097656,14549700,0.0,0.0
2023-12-18 00:00:00-05:00,138.94933111392828,142.1491147225328,138.93005123383415,140.8769073486328,8421800,0.0,0.0
2023-12-19 00:00:00-05:00,140.39501328995667,141.04074956383394,140.1251537935972,140.8769073486328,5233600,0.0,0.0
2023-12-20 00:00:00-05:00,140.29865290008226,140.78054699172574,138.63128875450255,138.69876098632812,7663800,0.0,0.0
2023-12-21 00:00:00-05:00,139.28668139201966,139.54689362987543,137.94701631869142,139.0360870361328,6104700,0.0,0.0
2023-12-22 00:00:00-05:00,139.2673809771381,140.35646624025694,139.06497900462668,140.01913452148438,4412800,0.0,0.0
2023-12-26 00:00:00-05:00,139.83603229174776,140.87692535628958,139.72038240887915,140.65525817871094,3634900,0.0,0.0
2023-12-27 00:00:00-05:00,140.37571741086262,141.0118210253142,140.09622535943035,140.7708740234375,4569400,0.0,0.0
2023-12-28 00:00:00-05:00,140.71306198662046,140.72269457333232,139.78781894390838,140.4528350830078,5023000,0.0,0.0
2023-12-29 00:00:00-05:00,140.71306613270275,141.63830920267694,140.45283922142255,141.23350524902344,5300900,0.0,0.0
2024-01-02 00:00:00-05:00,141.0600308698765,143.99958759876426,141.01183852227382,143.35385131835938,7238400,0.0,0.0
2024-01-03 00:00:00-05:00,142.9683290060108,143.79718739377864,141.85033123530255,142.48643493652344,7697500,0.0,0.0
2024-01-04 00:00:00-05:00,142.68884102624276,143.8646637661577,142.41898151605642,143.26710510253906,7067400,0.0,0.0
2024-01-05 00:00:00-05:00,143.33456194497404,143.47912427196798,141.24314361244194,142.08163452148438,5294200,0.0,0.0
2024-01-08 00:00:00-05:00,142.5539256518992,143.52734650425228,142.3033312912747,143.30567932128906,8255300,0.0,0.0
2024-01-09 00:00:00-05:00,143.19002391724902,143.9899552040151,142.68884992155645,143.89358520507812,9786800,0.0,0.0
2024-01-10 00:00:00-05:00,143.9417749799992,144.56823143371557,143.8550228643958,144.51040649414062,8591100,0.0,0.0
2024-01-11 00:00:00-05:00,144.6164190914568,145.33926022516326,143.88393066397364,145.05975341796875,6659400,0.0,0.0
2024-01-12 00:00:00-05:00,145.4838166587367,145.82114838992425,144.46220358426916,145.14649963378906,5684700,0.0,0.0
2024-01-16 00:00:00-05:00,144.71279381153323,146.01391377719273,143.4887933736437,144.36582946777344,8120100,0.0,0.0
2024-01-17 00:00:00-05:00,143.7586528671846,145.14651024194683,143.6140758120063,144.51040649414062,6541400,0.0,0.0
2024-01-18 00:00:00-05:00,143.7645770743809,143.92945405991873,142.4940431041454,143.6772918701172,6526200,0.941,0.0
2024-01-19 00:00:00-05:00,143.7839585331545,144.142807521938,142.87227373007713,143.12445068359375,7738600,0.0,0.0
2024-01-22 00:00:00-05:00,142.542512630343,143.74516281203282,141.8732965937219,143.40570068359375,11084100,0.0,0.0
2024-01-23 00:00:00-05:00,148.49755264928018,151.6884346901379,148.28417897855954,149.34133911132812,19101600,0.0,0.0
2024-01-24 00:00:00-05:00,149.29284001984314,149.58380545700703,147.50827371060936,147.53736877441406,11592700,0.0,0.0
2024-01-25 00:00:00-05:00,147.80893211095946,150.97073382635605,147.4791781894509,150.9319305419922,10352500,0.0,0.0
2024-01-26 00:00:00-05:00,151.11621877649952,151.45568094029352,150.66037635043,151.436279296875,8356600,0.0,0.0
2024-01-29 00:00:00-05:00,151.95999752799776,152.5904251144537,150.71855879663215,151.45567321777344,8987400,0.0,0.0
2024-01-30 00:00:00-05:00,151.63022529128537,153.16262927756716,151.1259010419637,152.74559020996094,7794700,0.0,0.0
2024-01-31 00:00:00-05:00,153.23055812523887,153.72518905255194,151.97941107509678,152.40615844726562,8870000,0.0,0.0
2024-02-01 00:00:00-05:00,152.0473019202142,154.5010843898821,151.9018117964593,154.3846893310547,7601100,0.0,0.0
2024-02-02 00:00:00-05:00,154.18102461349216,154.79205057812482,152.78440229382755,153.32752990722656,7937700,0.0,0.0
2024-02-05 00:00:00-05:00,153.40512066428525,154.21011865706845,152.81349634665509,153.4439239501953,6931900,0.0,0.0
2024-02-06 00:00:00-05:00,153.54089809840016,154.27801251806545,153.1141507605133,154.17132568359375,6185400,0.0,0.0
2024-02-07 00:00:00-05:00,154.30709020969047,155.01509468650218,153.9579346815573,154.32647705078125,7209300,0.0,0.0
2024-02-08 00:00:00-05:00,154.01614545829244,154.30711090394425,153.01717544087785,153.8609619140625,6121600,0.0,0.0
2024-02-09 00:00:00-05:00,153.49241055584284,153.57000233091986,152.2315849084154,152.67771911621094,5978000,0.0,0.0
2024-02-12 00:00:00-05:00,152.61949811735246,152.8619668157596,150.80583698898386,152.3770294189453,5482000,0.0,0.0
2024-02-13 00:00:00-05:00,152.9977734540041,154.18102207764113,150.79615317243451,151.56236267089844,6046800,0.0,0.0
2024-02-14 00:00:00-05:00,151.45568295466896,151.45568295466896,150.24333920944866,150.941650390625,5727300,0.0,0.0
2024-02-15 00:00:00-05:00,151.59147208067313,152.67772739239822,151.44598194484794,152.2800750732422,6249200,0.0,0.0
2024-02-16 00:00:00-05:00,152.3091721884698,153.67669956837292,151.95032315368968,152.7650146484375,6617600,0.0,0.0
2024-02-20 00:00:00-05:00,153.91914187796291,154.97630195486553,153.36632088694049,153.73486328125,6622100,0.0,0.0
2024-02-21 00:00:00-05:00,154.3943766128861,155.5679168701172,154.3943766128861,155.5679168701172,7121000,0.0,0.0
2024-02-22 00:00:00-05:00,154.65626048644236,156.2371465347887,153.85126253094776,155.72311401367188,6619500,0.0,0.0
2024-02-23 00:00:00-05:00,155.76191597172345,156.86757277365274,155.335168644818,156.178955078125,5486500,0.0,0.0
2024-02-26 00:00:00-05:00,156.17896795354616,156.3147498597448,155.24789625364622,155.39337158203125,4531900,0.0,0.0
2024-02-27 00:00:00-05:00,154.60777021109524,154.98602085178302,154.1713294409351,154.50108337402344,3868200,0.0,0.0
2024-02-28 00:00:00-05:00,154.2780118222171,155.2963686568066,153.86095790784802,155.22848510742188,3802900,0.0,0.0
2024-02-29 00:00:00-05:00,155.11209852191863,155.28668371394323,153.41481730610786,154.1519317626953,8348100,0.0,0.0
2024-03-01 00:00:00-05:00,153.28873333832777,154.23920661166417,152.86198600769438,154.06463623046875,4819800,0.0,0.0
2024-03-04 00:00:00-05:00,152.9880702614999,154.94720688118565,152.92017191571935,154.75323486328125,3841600,0.0,0.0
2024-03-05 00:00:00-05:00,154.65627446214177,155.17030702970973,153.99675176467912,154.52049255371094,4481600,0.0,0.0
2024-03-06 00:00:00-05:00,154.86961148122117,155.17028512090351,154.1228184898519,154.762939453125,5405700,0.0,0.0
2024-03-07 00:00:00-05:00,155.1315117842595,156.0625983468522,154.66597590252255,155.7813262939453,4783900,0.0,0.0
2024-03-08 00:00:00-05:00,155.03451747854797,156.39233649591986,153.52150011746838,155.5194549560547,5080200,0.0,0.0
2024-03-11 00:00:00-04:00,156.47960833943205,157.72104699200182,155.97528406121788,156.68328857421875,5170900,0.0,0.0
2024-03-12 00:00:00-04:00,156.94516207551206,157.62407153986598,156.3729246420914,157.0518341064453,4229100,0.0,0.0
2024-03-13 00:00:00-04:00,157.4882973374237,157.82774468661827,156.46992569160574,157.41070556640625,5410500,0.0,0.0
2024-03-14 00:00:00-04:00,157.35252422401567,157.72106665803045,156.27596238960191,156.6348114013672,5848100,0.0,0.0
2024-03-15 00:00:00-04:00,155.8589099200387,156.63481288175336,155.47096583874043,156.5184326171875,10956900,0.0,0.0
2024-03-18 00:00:00-04:00,156.61540172194088,157.818051979481,156.14986589284547,156.35354614257812,6086300,0.0,0.0
2024-03-19 00:00:00-04:00,156.92576943746266,157.28461843225645,156.31474348492864,156.95486450195312,6148100,0.0,0.0
2024-03-20 00:00:00-04:00,157.12943323009623,157.50768386359624,156.60570727567972,157.11004638671875,4870300,0.0,0.0
2024-03-21 00:00:00-04:00,157.20703011172486,157.56589391351395,156.26625020823465,156.9839630126953,5211500,0.0,0.0
2024-03-22 00:00:00-04:00,157.31371926528274,157.51739952330192,156.60571467152445,156.7899932861328,6393200,0.0,0.0
2024-03-25 00:00:00-04:00,156.31473104146582,156.78997505550677,154.9181088606334,155.3642578125,7145600,0.0,0.0
2024-03-26 00:00:00-04:00,155.52913083530217,156.2856320309551,155.3157571853369,155.71340942382812,5842700,0.0,0.0
2024-03-27 00:00:00-04:00,156.49900592836505,157.83743795315144,156.47960428766962,157.7113494873047,6599700,0.0,0.0
2024-03-28 00:00:00-04:00,157.91504896861517,158.22540126199934,156.82877894397683,157.36221313476562,7191500,0.0,0.0
2024-04-01 00:00:00-04:00,156.90637018808164,157.18764221460265,154.98602190683403,155.74252319335938,5971900,0.0,0.0
2024-04-02 00:00:00-04:00,154.8308120874737,155.8685852244177,154.8308120874737,155.73280334472656,6771200,0.0,0.0
2024-04-03 00:00:00-04:00,155.7910033944289,156.03347210926847,150.99011100131298,151.44595336914062,9601800,0.0,0.0
2024-04-04 00:00:00-04:00,152.1539882122499,152.3479602441099,150.72827083944685,150.76705932617188,6801700,0.0,0.0
2024-04-05 00:00:00-04:00,150.61188028401324,152.3285631554902,150.02996417103515,151.39749145507812,5120800,0.0,0.0
2024-04-08 00:00:00-04:00,151.271380372579,151.97938486386997,150.9416264779082,151.33926391601562,5476800,0.0,0.0
2024-04-09 00:00:00-04:00,151.5623621554935,152.027897986436,151.00952633196655,151.94061279296875,4613800,0.0,0.0
2024-04-10 00:00:00-04:00,150.96101577968236,152.8328819518028,150.96101577968236,152.5031280517578,7784900,0.0,0.0
2024-04-11 00:00:00-04:00,152.80381755926587,152.8523142717394,151.0774411488634,151.14532470703125,8209800,0.0,0.0
2024-04-12 00:00:00-04:00,150.54399370355694,151.2713999294925,150.07845786271108,150.6506805419922,6770500,0.0,0.0
2024-04-15 00:00:00-04:00,151.7078392197662,152.09579808260364,150.65067906687935,150.76705932617188,5754000,0.0,0.0
2024-04-16 00:00:00-04:00,151.15500503464645,152.21216509553327,150.98041986178364,151.25198364257812,6103300,0.0,0.0
2024-04-17 00:00:00-04:00,151.59146160608628,152.38675139032716,151.0483339877525,152.23158264160156,6621900,0.0,0.0
2024-04-18 00:00:00-04:00,152.60933918751917,153.86856495314666,152.23841705128604,153.5366668701172,7819300,1.007,0.0
2024-04-19 00:00:00-04:00,151.28178080677196,154.40541772929055,149.8566284427521,154.3663787841797,12028400,0.0,0.0
2024-04-22 00:00:00-04:00,154.64947079920847,157.44122489454207,153.49763559569396,156.70912170410156,8926300,0.0,0.0
2024-04-23 00:00:00-04:00,157.8219225970111,158.23191350302585,156.59199456300084,157.64622497558594,7707300,0.0,0.0
2024-04-24 00:00:00-04:00,157.35333894911915,158.9737305362514,155.61581564545776,158.71994018554688,7217600,0.0,0.0
2024-04-25 00:00:00-04:00,159.08113381049012,160.39892542851624,158.21237200810063,158.67115783691406,7094600,0.0,0.0
2024-04-26 00:00:00-04:00,158.6223407923767,159.4227806768965,156.66030981604354,157.4412078857422,5659800,0.0,0.0
2024-04-29 00:00:00-04:00,157.32408592377328,157.9292864337744,156.58222675362103,157.80239868164062,4621000,0.0,0.0
2024-04-30 00:00:00-04:00,157.97810110973512,159.45207837634698,157.7438376250012,159.30564880371094,8106100,0.0,0.0
2024-05-01 00:00:00-04:00,159.38373801124465,160.32083661313075,158.34903459114096,159.50086975097656,7543000,0.0,0.0
2024-05-02 00:00:00-04:00,159.63751466792502,160.56485717655113,158.7589969062195,159.93035888671875,5647500,0.0,0.0
2024-05-03 00:00:00-04:00,159.63752386812266,160.7796178767067,158.2904642155191,160.53558349609375,5581500,0.0,0.0
2024-05-06 00:00:00-04:00,160.84792012971613,161.0431446314479,159.36418710614032,160.5160369873047,5472400,0.0,0.0
2024-05-07 00:00:00-04:00,161.04316409584777,162.0778674852922,160.66247105832244,161.80455017089844,6433000,0.0,0.0
2024-05-08 00:00:00-04:00,162.0192857000663,162.39997870019158,160.9943384244443,161.13101196289062,4579400,0.0,0.0
2024-05-09 00:00:00-04:00,161.11151416612617,162.3609691049343,161.11151416612617,162.077880859375,4671100,0.0,0.0
2024-05-10 00:00:00-04:00,162.12667151011334,163.36637028811097,161.74597848627798,162.86854553222656,4879400,0.0,0.0
2024-05-13 00:00:00-04:00,162.8685517668045,163.64944986992538,161.4141014945902,161.91192626953125,5725500,0.0,0.0
2024-05-14 00:00:00-04:00,161.58004271150568,162.107165314034,160.03774364046865,161.80455017089844,6009800,0.0,0.0
2024-05-15 00:00:00-04:00,161.36528957694233,162.70259320085412,161.17982106668492,162.53665161132812,5102700,0.0,0.0
2024-05-16 00:00:00-04:00,162.94663076283726,164.32298825510784,162.61474757729982,163.8544464111328,6793600,0.0,0.0
2024-05-17 00:00:00-04:00,163.6689618865447,163.99108902735233,162.89781986679938,163.63967895507812,4700800,0.0,0.0
2024-05-20 00:00:00-04:00,163.55182900393058,163.8739561424599,162.80995502622363,163.3175506591797,3804600,0.0,0.0
2024-05-21 00:00:00-04:00,163.75683119331475,164.51821729616842,163.29804534996998,164.332763671875,5147100,0.0,0.0
2024-05-22 00:00:00-04:00,164.0008580684335,164.41083403621082,163.62993594216434,163.80563354492188,4536700,0.0,0.0
2024-05-23 00:00:00-04:00,163.29803595187445,164.09847585195885,161.37505877843944,161.54100036621094,4729800,0.0,0.0
2024-05-24 00:00:00-04:00,161.89240706161988,162.34142196152825,161.20909890968608,161.3848114013672,3818300,0.0,0.0
2024-05-28 00:00:00-04:00,160.5648478287212,160.8283942050842,158.38805068166883,159.2177734375,6466200,0.0,0.0
2024-05-29 00:00:00-04:00,158.76875527855506,158.8566189717721,157.568110347799,157.79261779785156,4360400,0.0,0.0
2024-05-30 00:00:00-04:00,157.7926086447102,158.81755591892954,157.62666706997757,158.70042419433594,4756500,0.0,0.0
2024-05-31 00:00:00-04:00,158.56378284241984,160.83818507591562,158.10499701149666,160.61366271972656,10341400,0.0,0.0
2024-06-03 00:00:00-04:00,160.01821860316613,162.2731088154725,159.7253892590662,160.72103881835938,5828400,0.0,0.0
2024-06-04 00:00:00-04:00,160.85770784302485,163.13211022838527,160.47701477648593,163.0247344970703,6277000,0.0,0.0
2024-06-05 00:00:00-04:00,163.02473021059583,163.02473021059583,161.04317213498518,162.087646484375,5243300,0.0,0.0
2024-06-06 00:00:00-04:00,161.87287264513014,164.55725059157447,161.14076956882712,164.4498748779297,6302000,0.0,0.0
2024-06-07 00:00:00-04:00,164.38155280974968,164.93795834694706,162.858780657996,163.0735321044922,4558200,0.0,0.0
2024-06-10 00:00:00-04:00,162.80020764639647,163.71777926031385,162.11691438965244,163.3566131591797,4110600,0.0,0.0
2024-06-11 00:00:00-04:00,162.9856804833068,163.5030321696426,162.05835283202617,163.48350524902344,3947700,0.0,0.0
2024-06-12 00:00:00-04:00,163.5030342525558,163.63969290927832,160.3013043853336,161.23838806152344,5474500,0.0,0.0
2024-06-13 00:00:00-04:00,160.5453320489876,163.01495867445772,160.5453320489876,162.4390411376953,4902200,0.0,0.0
2024-06-14 00:00:00-04:00,162.02906895690205,162.94662569520312,161.30672184495316,162.80996704101562,3695000,0.0,0.0
2024-06-17 00:00:00-04:00,161.89240042170815,164.68415409658215,161.45312665785983,163.50302124023438,6759400,0.0,0.0
2024-06-18 00:00:00-04:00,163.04424579858085,164.62558378582602,162.95639699810638,164.53773498535156,5112600,0.0,0.0
2024-06-20 00:00:00-04:00,164.35226911363586,164.75248907067558,162.87830682377015,163.66897583007812,8483600,0.0,0.0
2024-06-21 00:00:00-04:00,163.4835022568908,164.85010367637113,163.19065803166816,164.24488830566406,14682000,0.0,0.0
2024-06-24 00:00:00-04:00,164.73295912855335,165.36745744032302,163.48350432019848,164.43035888671875,7565200,0.0,0.0
2024-06-25 00:00:00-04:00,164.6060690661086,164.8793863706737,161.94120300458502,162.86854553222656,8324000,0.0,0.0
2024-06-26 00:00:00-04:00,162.0876219407669,163.8056184418144,161.70692894188292,163.45420837402344,5164000,0.0,0.0
2024-06-27 00:00:00-04:00,163.49327747496523,164.08872195390265,161.55075846129276,162.64402770996094,5007000,0.0,0.0
2024-06-28 00:00:00-04:00,162.03883422924287,163.24925016026793,160.65272068765515,160.98460388183594,9253100,0.0,0.0
2024-07-01 00:00:00-04:00,161.63859153361335,162.24380686138338,158.32948628111689,158.8370819091797,7638600,0.0,0.0
2024-07-02 00:00:00-04:00,158.7004284301946,160.1255807663724,157.8511936148739,159.98892211914062,5449200,0.0,0.0
2024-07-03 00:00:00-04:00,159.31540803639493,160.29154553705504,159.09088568707622,159.9206085205078,2980500,0.0,0.0
2024-07-05 00:00:00-04:00,160.09630800619823,161.6776609042667,159.59848323708349,161.26768493652344,6509200,0.0,0.0
2024-07-08 00:00:00-04:00,161.99001172363893,162.69283190036427,161.66788456808348,162.54641723632812,5144500,0.0,0.0
2024-07-09 00:00:00-04:00,162.65380959951764,162.7806973564417,161.1993592443263,161.7069549560547,4393100,0.0,0.0
2024-07-10 00:00:00-04:00,161.94120000787703,162.93686439589715,161.58978992355674,162.81973266601562,5037100,0.0,0.0
2024-07-11 00:00:00-04:00,162.33167201897638,162.65379918687404,160.8479388229657,161.5897979736328,5831500,0.0,0.0
2024-07-12 00:00:00-04:00,162.25358429610807,163.6396978258473,162.05835976559268,162.63427734375,4684600,0.0,0.0
2024-07-15 00:00:00-04:00,162.49760922204715,162.64402388773996,160.53557822838326,160.6527099609375,5752500,0.0,0.0
2024-07-16 00:00:00-04:00,160.9748269461239,163.08328736689666,160.6819827385707,162.9661407470703,6378300,0.0,0.0
2024-07-17 00:00:00-04:00,163.74705387584405,166.109304668987,163.33707794262173,165.396728515625,7982300,0.0,0.0
2024-07-18 00:00:00-04:00,164.77200333694228,166.84140994955004,164.264407696136,164.42059326171875,5926300,0.0,0.0
2024-07-19 00:00:00-04:00,164.9479402993134,165.99868142002893,164.123056898783,164.93812561035156,6597100,1.007,0.0
2024-07-22 00:00:00-04:00,164.90865053473397,165.66480113924612,164.68279281597347,165.222900390625,6383000,0.0,0.0
2024-07-23 00:00:00-04:00,165.0854207041946,165.3898408885496,163.32763238924574,163.62222290039062,4863400,0.0,0.0
2024-07-24 00:00:00-04:00,163.32763490850837,165.25236287088012,162.60094333987357,164.97740173339844,5907000,0.0,0.0
2024-07-25 00:00:00-04:00,165.2916513110262,167.0297952876282,163.86772722777874,163.89718627929688,7338300,0.0,0.0
2024-07-26 00:00:00-04:00,164.24089250336084,166.27365693037538,164.02484947292672,166.0674285888672,5581600,0.0,0.0
2024-07-29 00:00:00-04:00,165.81210961357326,167.47169107546472,165.08541806775273,166.87266540527344,6797800,0.0,0.0
2024-07-30 00:00:00-04:00,158.87913338588828,159.45852973336392,155.19660186403212,158.79075622558594,15746300,0.0,0.0
2024-07-31 00:00:00-04:00,157.91676393792326,159.9298840978095,156.3455595329393,157.86766052246094,9660900,0.0,0.0
2024-08-01 00:00:00-04:00,157.98551125708607,163.31780951024942,157.78909759580785,162.70896911621094,12532700,0.0,0.0
2024-08-02 00:00:00-04:00,164.42748745964923,167.28513547495228,162.1786798520741,167.01998901367188,11899000,0.0,0.0
2024-08-05 00:00:00-04:00,167.80558657375636,167.80558657375636,163.67132495207383,165.03631591796875,10338800,0.0,0.0
2024-08-06 00:00:00-04:00,164.8791814133524,167.26546928497032,164.83009298759328,165.06576538085938,7454900,0.0,0.0
2024-08-07 00:00:00-04:00,165.53716562492656,168.6304861369019,164.98722832602806,166.96107482910156,8385500,0.0,0.0
2024-08-08 00:00:00-04:00,166.3718520050577,168.47334926390232,165.95941029828535,167.79576110839844,6386900,0.0,0.0
2024-08-09 00:00:00-04:00,167.05925324348217,168.17874214660318,166.59770812704772,167.47169494628906,5377300,0.0,0.0
2024-08-12 00:00:00-04:00,166.35220535530146,166.597707438166,163.2097816914871,163.80880737304688,7208100,0.0,0.0
2024-08-13 00:00:00-04:00,164.3292700392365,164.7810004632668,163.46511289974498,164.28016662597656,3770000,0.0,0.0
2024-08-14 00:00:00-04:00,163.50437844978117,166.42094423708542,162.83662001251983,165.76300048828125,5476600,0.0,0.0
2024-08-15 00:00:00-04:00,166.41112002397864,166.62714804747262,163.74987114719434,164.89881896972656,9491400,0.0,0.0
2024-08-16 00:00:00-04:00,164.80065197148704,165.32111520924317,163.798999237731,164.869384765625,5640800,0.0,0.0
2024-08-19 00:00:00-04:00,165.15414416311273,166.19508551928394,165.14432947471516,165.38983154296875,3885300,0.0,0.0
2024-08-20 00:00:00-04:00,165.733561997847,167.49135044219696,165.08543285709982,167.34405517578125,4513600,0.0,0.0
2024-08-21 00:00:00-04:00,167.1280003109657,168.79741147741936,166.54861899168753,167.09854125976562,4082000,0.0,0.0
2024-08-22 00:00:00-04:00,167.80559148309234,168.15911508812587,166.09689156138728,167.08871459960938,4097300,0.0,0.0
2024-08-23 00:00:00-04:00,166.99051487479562,167.04943297547777,165.2228969330438,166.1263427734375,4771300,0.0,0.0
2024-08-26 00:00:00-04:00,165.664802990362,167.89396610469151,165.664802990362,167.28512573242188,6472400,0.0,0.0
2024-08-27 00:00:00-04:00,167.75646984057178,168.02161626160103,166.03795541644075,166.20489501953125,4456400,0.0,0.0
2024-08-28 00:00:00-04:00,166.37184940369244,168.11982303165001,165.54696600304555,166.01832580566406,5644800,0.0,0.0
2024-08-29 00:00:00-04:00,166.69592507856441,167.53063820815478,165.9005006759655,166.97088623046875,4413200,0.0,0.0
2024-08-30 00:00:00-04:00,167.09855864381373,168.78761434820714,166.63701348131903,168.45372009277344,7301600,0.0,0.0
2024-09-03 00:00:00-04:00,167.9528819997435,171.85145623419706,167.9136082599634,171.38009643554688,10101400,0.0,0.0
2024-09-04 00:00:00-04:00,170.50611187956912,172.83346683689888,170.50611187956912,172.73526000976562,7517500,0.0,0.0
2024-09-05 00:00:00-04:00,172.8236520692352,173.37357433871196,171.52739387610455,172.31300354003906,6061900,0.0,0.0
2024-09-06 00:00:00-04:00,172.59778679379934,173.85475631650158,172.18534507393693,172.43084716796875,5785700,0.0,0.0
2024-09-09 00:00:00-04:00,172.38173124660935,173.65834503981262,171.51757412760486,172.8923797607422,6450200,0.0,0.0
2024-09-10 00:00:00-04:00,172.74508215980657,174.73855779287814,172.74508215980657,174.59124755859375,6396300,0.0,0.0
2024-09-11 00:00:00-04:00,173.42268377259154,173.81548112606566,170.50611772105754,170.7908935546875,6828200,0.0,0.0
2024-09-12 00:00:00-04:00,170.7712401480584,171.46847264544837,169.33751639797208,170.34898376464844,4839800,0.0,0.0
2024-09-13 00:00:00-04:00,170.2507959890484,171.39974404914398,169.69105897814723,170.94802856445312,3918000,0.0,0.0
2024-09-16 00:00:00-04:00,171.5666978714677,174.119910776189,171.18371518654655,174.05117797851562,6892300,0.0,0.0
2024-09-17 00:00:00-04:00,173.4521281619388,173.78600738259286,172.20497344448717,172.7156219482422,4757100,0.0,0.0
2024-09-18 00:00:00-04:00,171.90056780542682,172.73526592762397,169.4651912485184,170.7908935546875,5102900,0.0,0.0
2024-09-19 00:00:00-04:00,169.76962278172616,170.04458394437071,167.31460169792868,168.45372009277344,8692000,0.0,0.0
2024-09-20 00:00:00-04:00,168.42426080961235,171.39974516039032,168.41444611962393,171.08551025390625,28647500,0.0,0.0
2024-09-23 00:00:00-04:00,170.87925760538343,172.03803518249507,169.48480762796652,170.64358520507812,10265000,0.0,0.0
2024-09-24 00:00:00-04:00,169.76959958181894,171.36044823175882,169.51426783407032,170.1231231689453,5422400,0.0,0.0
2024-09-25 00:00:00-04:00,170.93818360676235,171.5371942555562,168.96433743044875,169.16073608398438,8916500,0.0,0.0
2024-09-26 00:00:00-04:00,168.41443282648947,171.46847940889413,168.27695225620553,170.0936737060547,4957200,0.0,0.0
2024-09-27 00:00:00-04:00,169.8972583720531,171.31135278631723,169.47500197615216,170.42755126953125,4599500,0.0,0.0
2024-09-30 00:00:00-04:00,170.60431028435553,170.8694567404072,169.602672533509,170.08384704589844,6296600,0.0,0.0
2024-10-01 00:00:00-04:00,170.1231256863097,170.86944661050555,169.10182864871774,169.9267120361328,7130600,0.0,0.0
2024-10-02 00:00:00-04:00,168.91526620137535,169.34735231202538,168.00200554553203,168.82688903808594,6212700,0.0,0.0
2024-10-03 00:00:00-04:00,168.28676027259883,168.28676027259883,166.71555595797696,167.0592498779297,4794300,0.0,0.0
2024-10-04 00:00:00-04:00,165.81212419871784,167.02980502380075,165.23272785515266,165.84158325195312,6002800,0.0,0.0
2024-10-07 00:00:00-04:00,166.1165255125621,166.52896719520828,163.86771814296455,164.11322021484375,6325300,0.0,0.0
2024-10-08 00:00:00-04:00,163.8481081319485,165.55679316426148,163.27854145975778,165.13453674316406,7473000,0.0,0.0
2024-10-09 00:00:00-04:00,165.3505767349636,166.7548415336953,164.97740875353446,166.2245635986328,8758800,0.0,0.0
2024-10-10 00:00:00-04:00,165.76301357811536,166.73519226114885,165.34074219299566,165.91030883789062,6932300,0.0,0.0
2024-10-11 00:00:00-04:00,166.41113171764343,168.32604488975758,165.92994226033994,168.0117950439453,7036500,0.0,0.0
2024-10-14 00:00:00-04:00,167.94308231916213,169.73032983190177,167.66812116335603,169.40626525878906,5909000,0.0,0.0
2024-10-15 00:00:00-04:00,169.77943108834288,171.763092245062,169.71069829239573,170.44720458984375,7172200,0.0,0.0
2024-10-16 00:00:00-04:00,168.78760603691032,169.48482359919166,167.81541234126502,169.2786102294922,6117000,0.0,0.0
2024-10-17 00:00:00-04:00,169.0821825801997,170.5551950361119,168.6697408906552,169.18038940429688,7045600,0.0,0.0
2024-10-18 00:00:00-04:00,168.21927948523683,170.10594674358416,166.40176420238998,169.1873016357422,8372500,1.007,0.0
2024-10-21 00:00:00-04:00,168.89097549861756,169.3848665376832,166.3918880467342,167.46856689453125,5522500,0.0,0.0
2024-10-22 00:00:00-04:00,166.51043392065523,168.64403177717483,166.51043392065523,167.62661743164062,7511400,0.0,0.0
2024-10-23 00:00:00-04:00,167.47843964546254,168.09085965693652,166.66845117783578,167.50807189941406,4837800,0.0,0.0
2024-10-24 00:00:00-04:00,167.3500235200801,167.88343423705817,166.8660049172455,167.54757690429688,5861200,0.0,0.0
2024-10-25 00:00:00-04:00,166.85614781343926,167.33027899347854,165.98689475640185,166.16470336914062,4877900,0.0,0.0
2024-10-28 00:00:00-04:00,167.21174648612802,167.58710849337365,166.32274865801358,167.23150634765625,5753800,0.0,0.0
2024-10-29 00:00:00-04:00,166.79688713079003,166.79688713079003,164.79169066009155,165.12753295898438,5681000,0.0,0.0
2024-10-30 00:00:00-04:00,165.04849761713038,165.27569833866323,163.93231415997795,164.12986755371094,5518100,0.0,0.0
2024-10-31 00:00:00-04:00,163.7347501247769,164.99910996571276,163.07293794806503,163.16183471679688,6056500,0.0,0.0
2024-11-01 00:00:00-04:00,163.29025049983835,164.31755228636263,162.97416807715575,163.08282470703125,5454800,0.0,0.0
2024-11-04 00:00:00-05:00,163.6952444918707,164.23852764034754,162.56917354428148,163.0630645751953,5130200,0.0,0.0
2024-11-05 00:00:00-05:00,162.32222016568056,164.28791179954536,162.32222016568056,163.7347412109375,4397400,0.0,0.0
2024-11-06 00:00:00-05:00,163.58657405972667,164.01131307574377,157.85743557004471,159.08229064941406,11473700,0.0,0.0
2024-11-07 00:00:00-05:00,159.9811864580772,161.94686307908242,159.50704022491882,161.41346740722656,9056700,0.0,0.0
2024-11-08 00:00:00-05:00,162.01601626752452,165.70043909845498,161.9271044279193,165.6609344482422,7506200,0.0,0.0
2024-11-11 00:00:00-05:00,164.95961470982937,166.46104775858655,163.75451931274728,164.00146484375,6364400,0.0,0.0
2024-11-12 00:00:00-05:00,164.11011938617497,165.01887711998583,163.5470914202999,163.81378173828125,6507500,0.0,0.0
2024-11-13 00:00:00-05:00,164.03107266252533,164.7620367514356,163.6557106881718,164.5447235107422,5412300,0.0,0.0
2024-11-14 00:00:00-05:00,164.67314547466978,165.98688228394218,164.47557701483703,165.0386199951172,7444300,0.0,0.0
2024-11-15 00:00:00-05:00,165.8881246129363,168.48599630157614,164.84107802169453,167.46856689453125,9939400,0.0,0.0
2024-11-18 00:00:00-05:00,167.0438258557568,169.35523227382163,166.7672480829469,168.66378784179688,6681000,0.0,0.0
2024-11-19 00:00:00-05:00,168.60450811874506,169.07863924759428,167.58709388790356,168.67364501953125,5683700,0.0,0.0
2024-11-20 00:00:00-05:00,167.93282519764162,168.97988685825268,167.4389341599859,168.8020782470703,7081100,0.0,0.0
2024-11-21 00:00:00-05:00,169.56267964417,171.39006749373846,168.14027100237823,170.6393585205078,6240400,0.0,0.0
2024-11-22 00:00:00-05:00,172.0222250132582,175.23251643379885,171.75553473195635,174.12620544433594,10609800,0.0,0.0
2024-11-25 00:00:00-05:00,175.31155301662847,176.6351924110921,174.73863762220407,175.22265625,19357000,0.0,0.0
2024-11-26 00:00:00-05:00,175.03496579738365,177.26736274343705,175.03496579738365,177.1191864013672,6276700,0.0,0.0
2024-11-27 00:00:00-05:00,177.80077428825993,178.22551334766095,176.54628682718797,177.16859436035156,5522900,0.0,0.0
2024-11-29 00:00:00-05:00,176.51665341072064,177.43529857613336,176.10178674879043,177.06980895996094,3823700,0.0,0.0
2024-12-02 00:00:00-05:00,176.93150967154918,177.95881140748295,175.83507103220379,177.50442504882812,5728200,0.0,0.0
2024-12-03 00:00:00-05:00,176.58580944758305,177.4254151854132,173.0594201316206,173.2767333984375,8127300,0.0,0.0
2024-12-04 00:00:00-05:00,172.04198727916122,173.01000940847973,171.3406705072314,172.9705047607422,6823500,0.0,0.0
2024-12-05 00:00:00-05:00,172.72356927507366,174.30402657861072,172.3185750185931,173.8792724609375,5022200,0.0,0.0
2024-12-06 00:00:00-05:00,173.22733923469633,174.58061093887673,171.62713708189324,171.6962890625,5741200,0.0,0.0
2024-12-09 00:00:00-05:00,171.518477770838,171.63700679590295,168.34769069912662,168.7032928466797,7164300,0.0,0.0
2024-12-10 00:00:00-05:00,168.337804248812,170.81713160767322,167.8537856496138,170.17507934570312,6219900,0.0,0.0
2024-12-11 00:00:00-05:00,170.89616861982742,171.27153062544218,168.31805684266723,168.54525756835938,5237500,0.0,0.0
2024-12-12 00:00:00-05:00,169.33547358099204,169.72072305902003,167.94271231271438,168.7625732421875,4072800,0.0,0.0
2024-12-13 00:00:00-05:00,168.68355104759897,169.69107792322754,168.0414836482796,168.97000122070312,3884500,0.0,0.0
2024-12-16 00:00:00-05:00,169.3552212395317,170.66897311096068,169.00950658222334,169.04901123046875,5943600,0.0,0.0
2024-12-17 00:00:00-05:00,168.5847589020991,169.84911870709035,167.94270660525555,168.24891662597656,6069200,0.0,0.0
2024-12-18 00:00:00-05:00,167.68587523249766,168.47610388626495,166.9549261624582,167.01419067382812,7517100,0.0,0.0
2024-12-19 00:00:00-05:00,166.94503990298864,168.02173379930758,165.3053331445839,167.1228485107422,8585200,0.0,0.0
2024-12-20 00:00:00-05:00,166.80675389985012,167.79453597317874,165.45349728254456,166.00665283203125,21999300,0.0,0.0
2024-12-23 00:00:00-05:00,166.0066381596649,166.61905816784574,164.327411797895,166.0560302734375,6983900,0.0,0.0
2024-12-24 00:00:00-05:00,165.57202074087155,167.11295831187323,165.37446734732018,166.8759002685547,2460800,0.0,0.0
2024-12-26 00:00:00-05:00,166.25359086996446,168.21928253349327,166.01653282934106,168.08099365234375,3629400,0.0,0.0
2024-12-27 00:00:00-05:00,167.35003782654616,168.67366219354568,167.19198907671858,167.4586944580078,4367900,0.0,0.0
2024-12-30 00:00:00-05:00,166.60918981610558,166.9153998276249,164.6731455170479,165.04849243164062,4354500,0.0,0.0
2024-12-31 00:00:00-05:00,165.31520389111114,166.02640817031946,164.55460749511047,165.60165405273438,3957600,0.0,0.0
2025-01-02 00:00:00-05:00,166.03627756798048,166.64871267490818,163.88291998039043,163.95205688476562,5401700,0.0,0.0
2025-01-03 00:00:00-05:00,164.21876836543473,164.46571388177372,162.24320423472273,163.11245727539062,5256600,0.0,0.0
2025-01-06 00:00:00-05:00,160.82079199838554,161.50236401958674,158.47975337978824,158.63780212402344,8731700,0.0,0.0
2025-01-07 00:00:00-05:00,159.48730290217546,160.6232462768669,158.77609859150232,159.32925415039062,8447400,0.0,0.0
2025-01-08 00:00:00-05:00,159.02303764007178,160.41579887544418,158.60817098779512,160.11947631835938,4974800,0.0,0.0
2025-01-10 00:00:00-05:00,158.19328094099802,159.24034251959344,155.54603242125276,156.62271118164062,8501500,0.0,0.0
2025-01-13 00:00:00-05:00,157.40308577504283,158.1340348925368,156.47456817701212,156.89930725097656,6772200,0.0,0.0
2025-01-14 00:00:00-05:00,156.90917419762354,158.11426942397108,156.37576348570872,157.78829956054688,5982200,0.0,0.0
2025-01-15 00:00:00-05:00,158.6279194152537,159.1810749643107,157.39319182455208,157.69940185546875,8059200,0.0,0.0
2025-01-16 00:00:00-05:00,157.66976370909643,158.61804109516865,157.1956325522392,158.5390167236328,5774400,0.0,0.0
2025-01-17 00:00:00-05:00,157.78831469014983,159.7737512424459,157.65002580201516,159.1613311767578,7262700,0.0,0.0
2025-01-21 00:00:00-05:00,158.99340119532292,160.36641760561974,158.99340119532292,159.74411010742188,13914700,0.0,0.0
2025-01-22 00:00:00-05:00,165.05838484425388,166.08567153358896,162.43088100158144,162.7272186279297,14356700,0.0,0.0
2025-01-23 00:00:00-05:00,161.87772548049745,164.44594974016488,161.3245699498724,164.11997985839844,7614300,0.0,0.0
2025-01-24 00:00:00-05:00,164.88223719912853,164.88223719912853,162.18901822532212,163.1033172607422,6199800,1.007,0.0
2025-01-27 00:00:00-05:00,165.68721881627565,168.88727305654075,165.08099698406977,168.6090087890625,9170800,0.0,0.0
2025-01-28 00:00:00-05:00,167.86365886351376,168.53943919672227,165.0810009574888,165.16050720214844,6716300,0.0,0.0
2025-01-29 00:00:00-05:00,165.68722642022453,166.25368757492163,164.85243357947832,165.20025634765625,4850300,0.0,0.0
2025-01-30 00:00:00-05:00,166.4424985453589,166.5617654867159,164.90209737943576,166.37294006347656,4136500,0.0,0.0
2025-01-31 00:00:00-05:00,164.97167880962513,165.58783323936123,164.18657929961512,164.9617462158203,5464700,0.0,0.0
2025-02-03 00:00:00-05:00,164.4449564806379,168.33073866055767,164.2064377607049,167.71456909179688,8668600,0.0,0.0
2025-02-04 00:00:00-05:00,168.24128831179027,168.24128831179027,165.24993989354346,167.08848571777344,6410900,0.0,0.0
2025-02-05 00:00:00-05:00,167.0487288996629,168.09222749540515,165.57790130463246,167.96302795410156,7536800,0.0,0.0
2025-02-06 00:00:00-05:00,168.32080194684804,168.87733049894229,166.9891064594417,167.83384704589844,4957900,0.0,0.0
2025-02-07 00:00:00-05:00,168.0425309365361,168.072343881756,166.83008728337674,166.92947387695312,4535600,0.0,0.0
2025-02-10 00:00:00-05:00,166.65121524818304,167.43631477263403,165.36919790330947,166.49220275878906,7062900,0.0,0.0
2025-02-11 00:00:00-05:00,166.65120543365896,168.51956416334139,165.46857475537124,168.3804168701172,5438100,0.0,0.0
2025-02-12 00:00:00-05:00,167.30711903410176,169.02639786167657,166.92946818849882,168.5294952392578,6037400,0.0,0.0
2025-02-13 00:00:00-05:00,168.57919778826863,170.31835706220295,168.09222773243144,169.96058654785156,6328300,0.0,0.0
2025-02-14 00:00:00-05:00,168.73818579024334,168.94689156386335,161.29459421411775,161.8809356689453,13179500,0.0,0.0
2025-02-18 00:00:00-05:00,162.33809554403112,164.73315469958632,161.19521039466062,164.4051971435547,7075300,0.0,0.0
2025-02-19 00:00:00-05:00,165.07106522396248,165.8362843812595,164.21639206545868,165.45864868164062,7910700,0.0,0.0
2025-02-20 00:00:00-05:00,162.13933199616932,166.7406554832822,161.79150923250592,166.1741943359375,6162600,0.0,0.0
2025-02-21 00:00:00-05:00,166.4027658922785,169.49350105677584,164.89217755366394,169.17547607421875,9813700,0.0,0.0
2025-02-24 00:00:00-05:00,169.1655412113643,171.90843840993693,168.73819704231775,169.48355102539062,8564100,0.0,0.0
2025-02-25 00:00:00-05:00,170.21896647781904,172.87242474530285,169.74194419128372,171.58047485351562,7314900,0.0,0.0
2025-02-26 00:00:00-05:00,171.2127707440376,171.58047384146212,169.59286330097945,170.2388458251953,5519000,0.0,0.0
2025-02-27 00:00:00-05:00,169.79163655297396,172.0177506540573,169.57299818029398,170.90469360351562,5467000,0.0,0.0
2025-02-28 00:00:00-05:00,172.50472338454878,173.56808715528004,170.7854444855542,172.7631072998047,10240100,0.0,0.0
2025-03-03 00:00:00-05:00,172.50473031336983,175.19793425494368,172.43515666169958,174.5022735595703,7615300,0.0,0.0
2025-03-04 00:00:00-05:00,175.6550851603997,178.875019761938,171.83887648290153,172.10719299316406,12117600,0.0,0.0
2025-03-05 00:00:00-05:00,172.30595935793605,174.78052472904596,171.94818886082484,173.52833557128906,6989100,0.0,0.0
2025-03-06 00:00:00-05:00,173.80660441514866,174.75071639613654,171.76930056295478,173.57803344726562,6702500,0.0,0.0
2025-03-07 00:00:00-05:00,173.0115527518845,177.7818209962848,172.97180721406474,174.8600311279297,9566700,0.0,0.0
2025-03-10 00:00:00-04:00,175.6650240009935,178.87502612290947,174.74079232646974,175.16812133789062,11047000,0.0,0.0
2025-03-11 00:00:00-04:00,174.74078057061345,174.89979305153244,171.25252956944243,172.0475616455078,11032300,0.0,0.0
2025-03-12 00:00:00-04:00,168.6487587368148,170.76556890799736,166.7307217598258,167.32699584960938,10158800,0.0,0.0
2025-03-13 00:00:00-04:00,166.66113771167173,168.24128442277768,166.24374132558324,167.54562377929688,6609000,0.0,0.0
2025-03-14 00:00:00-04:00,166.75058104136866,167.5456282971844,165.58783068499747,166.92947387695312,6790500,0.0,0.0
2025-03-17 00:00:00-04:00,167.3269853305219,170.0301368275497,167.08848177530837,168.7083740234375,9931700,0.0,0.0
2025-03-18 00:00:00-04:00,169.01647796229406,169.20528823501147,166.5418972576608,166.6710968017578,6099900,0.0,0.0
2025-03-19 00:00:00-04:00,166.83009623091115,167.70464977563958,166.074809637724,167.52577209472656,7569200,0.0,0.0
2025-03-20 00:00:00-04:00,167.84378045480906,168.16180543713014,165.0014966234439,166.5120849609375,8789200,0.0,0.0
2025-03-21 00:00:00-04:00,166.1046190249336,167.09842433564023,163.10332274060525,165.65740966796875,16027300,0.0,0.0
2025-03-24 00:00:00-04:00,165.3990072456044,165.836283999777,164.33564347001675,164.62384033203125,6102100,0.0,0.0
2025-03-25 00:00:00-04:00,164.2760217736625,164.3455802603669,161.19521922824353,161.84120178222656,8366700,0.0,0.0
2025-03-26 00:00:00-04:00,162.33809373128614,165.78659916358595,161.98032323454348,165.54808044433594,7756000,0.0,0.0
2025-03-27 00:00:00-04:00,166.83009374212688,167.98291154947728,165.58783709565424,167.66490173339844,6211700,0.0,0.0
2025-03-28 00:00:00-04:00,168.33074846041,168.65870603281164,166.58164140760138,166.98910522460938,5479100,0.0,0.0
2025-03-31 00:00:00-04:00,167.05866804305404,170.0798293208736,167.05866804305404,169.36428833007812,11520100,0.0,0.0
2025-04-01 00:00:00-04:00,169.51338098588525,169.9904032942637,168.01272524512387,169.50343322753906,7021100,0.0,0.0
2025-04-02 00:00:00-04:00,169.01647324337566,169.82145310339453,167.26736622480098,168.4499969482422,6274500,0.0,0.0
2025-04-03 00:00:00-04:00,173.15069591990587,173.71717222874,169.67237731472508,171.3220977783203,9393300,0.0,0.0
2025-04-04 00:00:00-04:00,170.70593337532532,172.5245988167794,162.4573467028761,162.73561096191406,13454200,0.0,0.0
2025-04-07 00:00:00-04:00,162.6461714034476,163.67972219465994,158.20386070781106,159.23741149902344,15708000,0.0,0.0
2025-04-08 00:00:00-04:00,161.30452825010713,162.2685205590286,155.73922792972826,157.4088134765625,11541100,0.0,0.0
2025-04-09 00:00:00-04:00,156.38520268023169,163.65984959386805,155.71935494866398,161.31448364257812,10670200,0.0,0.0
2025-04-10 00:00:00-04:00,161.89086834613667,164.0474390723574,159.75419313507481,162.54678344726562,10581600,0.0,0.0
2025-04-11 00:00:00-04:00,162.3579585274394,166.9791620296036,161.612604591374,165.87603759765625,8602800,0.0,0.0
2025-04-14 00:00:00-04:00,166.0052261043195,169.05621557081128,164.75303691966593,168.08229064941406,9877300,0.0,0.0
2025-04-15 00:00:00-04:00,168.0922240591028,169.10590968832386,167.2375509137331,167.42637634277344,8765000,0.0,0.0
2025-04-16 00:00:00-04:00,168.2412975786608,168.62888105064098,164.76297892499974,165.35926818847656,5897500,0.0,0.0
2025-04-17 00:00:00-04:00,166.49219564463755,170.58666850385003,166.31331797491194,169.572998046875,7208000,0.0,0.0
2025-04-21 00:00:00-04:00,169.88999938964844,169.9499969482422,164.27999877929688,165.75,8062400,1.057,0.0
2025-04-22 00:00:00-04:00,165.86000061035156,168.77000427246094,164.5399932861328,167.8800048828125,7907400,0.0,0.0
2025-04-23 00:00:00-04:00,166.39999389648438,166.61000061035156,163.11000061035156,165.72999572753906,9309200,0.0,0.0
2025-04-24 00:00:00-04:00,160.5,160.9600067138672,156.5800018310547,159.52999877929688,20064700,0.0,0.0
