Date,Open,High,Low,Close,Volume,Dividends,Stock Splits
2020-04-15 00:00:00-04:00,48.11199951171875,50.04399871826172,47.71099853515625,49.71699905395508,26843000,0.0,0.0
2020-04-16 00:00:00-04:00,50.849998474121094,52.91299819946289,50.20100021362305,52.643001556396484,37049000,0.0,0.0
2020-04-17 00:00:00-04:00,54.04999923706055,59.18299865722656,53.900001525878906,59.03900146484375,61417000,0.0,0.0
2020-04-20 00:00:00-04:00,58.5,64.49500274658203,58.400001525878906,62.9900016784668,68305000,0.0,0.0
2020-04-21 00:00:00-04:00,64.69999694824219,66.5739974975586,55.60100173950195,58.5,110507000,0.0,0.0
2020-04-22 00:00:00-04:00,61.5989990234375,63.5,60.31999969482422,62.65599822998047,50241000,0.0,0.0
2020-04-23 00:00:00-04:00,63.130001068115234,63.98400115966797,61.03900146484375,62.04899978637695,43839000,0.0,0.0
2020-04-24 00:00:00-04:00,62.400001525878906,65.1989974975586,60.560001373291016,64.31900024414062,54456000,0.0,0.0
2020-04-27 00:00:00-04:00,66.26000213623047,66.26000213623047,62.30400085449219,62.858001708984375,40300000,0.0,0.0
2020-04-28 00:00:00-04:00,63.400001525878906,63.97600173950195,61.0099983215332,63.3650016784668,36857000,0.0,0.0
2020-04-29 00:00:00-04:00,63.70000076293945,64.55500030517578,62.112998962402344,63.999000549316406,24039000,0.0,0.0
2020-04-30 00:00:00-04:00,62.5,64.5979995727539,62.29999923706055,63.229000091552734,24460000,0.0,0.0
2020-05-01 00:00:00-04:00,61.5,62.7859992980957,59.50299835205078,61.36399841308594,25212000,0.0,0.0
2020-05-04 00:00:00-04:00,62.06399917602539,65.88999938964844,61.70100021362305,65.88899993896484,27598000,0.0,0.0
2020-05-05 00:00:00-04:00,67.0,70.46900177001953,66.19999694824219,68.61100006103516,51437000,0.0,0.0
2020-05-06 00:00:00-04:00,67.28800201416016,73.92400360107422,66.9000015258789,73.35299682617188,69252000,0.0,0.0
2020-05-07 00:00:00-04:00,71.99400329589844,73.87100219726562,71.5,72.2760009765625,46034000,0.0,0.0
2020-05-08 00:00:00-04:00,70.55500030517578,72.0999984741211,70.30000305175781,70.89700317382812,40787000,0.0,0.0
2020-05-11 00:00:00-04:00,70.69599914550781,75.25,70.37799835205078,75.03399658203125,36738000,0.0,0.0
2020-05-12 00:00:00-04:00,76.9000015258789,77.09500122070312,73.3949966430664,74.22799682617188,36961000,0.0,0.0
2020-05-13 00:00:00-04:00,75.0,76.85900115966797,71.72899627685547,75.43800354003906,43696000,0.0,0.0
2020-05-14 00:00:00-04:00,74.98899841308594,75.80899810791016,73.30000305175781,75.42900085449219,28475000,0.0,0.0
2020-05-15 00:00:00-04:00,75.43000030517578,77.47899627685547,75.125,76.69999694824219,30235000,0.0,0.0
2020-05-18 00:00:00-04:00,77.0,77.072998046875,73.30000305175781,73.802001953125,36674000,0.0,0.0
2020-05-19 00:00:00-04:00,74.54199981689453,76.5,71.31900024414062,75.3010025024414,52644000,0.0,0.0
2020-05-20 00:00:00-04:00,76.80000305175781,77.80000305175781,75.17400360107422,77.80000305175781,32390000,0.0,0.0
2020-05-21 00:00:00-04:00,79.18599700927734,80.98699951171875,78.20700073242188,80.23500061035156,41365000,0.0,0.0
2020-05-22 00:00:00-04:00,80.46299743652344,82.63800048828125,79.36399841308594,82.51699829101562,27736000,0.0,0.0
2020-05-26 00:00:00-04:00,84.19999694824219,84.4000015258789,74.23699951171875,76.78900146484375,64651000,0.0,0.0
2020-05-27 00:00:00-04:00,75.5009994506836,75.69999694824219,68.5,75.0,68596000,0.0,0.0
2020-05-28 00:00:00-04:00,72.8010025024414,77.04000091552734,72.78250122070312,74.44300079345703,37530000,0.0,0.0
2020-05-29 00:00:00-04:00,75.61499786376953,76.93900299072266,73.80000305175781,75.77999877929688,33026000,0.0,0.0
2020-06-01 00:00:00-04:00,75.47200012207031,75.92500305175781,73.9520034790039,75.80000305175781,18433000,0.0,0.0
2020-06-02 00:00:00-04:00,76.44300079345703,78.43000030517578,74.4000015258789,77.94999694824219,26644000,0.0,0.0
2020-06-03 00:00:00-04:00,77.79299926757812,77.90799713134766,75.83789825439453,76.2020034790039,18920000,0.0,0.0
2020-06-04 00:00:00-04:00,76.39099884033203,77.72200012207031,72.60350036621094,73.51899719238281,27672000,0.0,0.0
2020-06-05 00:00:00-04:00,72.11000061035156,74.08599853515625,70.2020034790039,72.7770004272461,24773000,0.0,0.0
2020-06-08 00:00:00-04:00,71.5,73.11499786376953,70.8010025024414,73.06700134277344,18895000,0.0,0.0
2020-06-09 00:00:00-04:00,74.39099884033203,75.4800033569336,73.32499694824219,74.16999816894531,15170000,0.0,0.0
2020-06-10 00:00:00-04:00,75.69999694824219,75.8499984741211,73.2509994506836,74.36399841308594,14921000,0.0,0.0
2020-06-11 00:00:00-04:00,73.33399963378906,76.552001953125,72.4000015258789,72.51200103759766,22880000,0.0,0.0
2020-06-12 00:00:00-04:00,73.93399810791016,74.5,71.322998046875,74.25800323486328,21233000,0.0,0.0
2020-06-15 00:00:00-04:00,77.69999694824219,80.73899841308594,76.98650360107422,80.5469970703125,40607000,0.0,0.0
2020-06-16 00:00:00-04:00,80.9000015258789,81.6780014038086,78.75,80.57599639892578,26388000,0.0,0.0
2020-06-17 00:00:00-04:00,81.30000305175781,82.74939727783203,81.05899810791016,81.73600006103516,18431000,0.0,0.0
2020-06-18 00:00:00-04:00,83.25,86.97000122070312,83.05000305175781,86.35600280761719,30858000,0.0,0.0
2020-06-19 00:00:00-04:00,87.5999984741211,89.55599975585938,86.5999984741211,88.0999984741211,40203000,0.0,0.0
2020-06-22 00:00:00-04:00,89.51200103759766,90.98699951171875,89.21099853515625,90.48100280761719,23956000,0.0,0.0
2020-06-23 00:00:00-04:00,91.91899871826172,92.80000305175781,90.72599792480469,91.13400268554688,24304000,0.0,0.0
2020-06-24 00:00:00-04:00,91.0009994506836,92.4000015258789,86.80000305175781,89.69999694824219,34200000,0.0,0.0
2020-06-25 00:00:00-04:00,88.65599822998047,91.76000213623047,87.32450103759766,91.63200378417969,24192000,0.0,0.0
2020-06-26 00:00:00-04:00,91.5999984741211,92.70449829101562,89.4000015258789,91.0,27208000,0.0,0.0
2020-06-29 00:00:00-04:00,91.39900207519531,92.30000305175781,87.64299774169922,92.24199676513672,27405000,0.0,0.0
2020-06-30 00:00:00-04:00,92.55000305175781,95.8759994506836,92.19999694824219,94.91999816894531,27491000,0.0,0.0
2020-07-01 00:00:00-04:00,94.8010025024414,101.78900146484375,94.8010025024414,101.66400146484375,34483000,0.0,0.0
2020-07-02 00:00:00-04:00,103.4990005493164,105.94400024414062,102.19999694824219,102.99700164794922,34594000,0.0,0.0
2020-07-06 00:00:00-04:00,105.2490005493164,105.9000015258789,98.36479949951172,98.677001953125,43507000,0.0,0.0
2020-07-07 00:00:00-04:00,98.5,104.0,97.30000305175781,101.39900207519531,32909000,0.0,0.0
2020-07-08 00:00:00-04:00,102.72599792480469,103.53019714355469,100.25450134277344,101.7300033569336,20572000,0.0,0.0
2020-07-09 00:00:00-04:00,102.5009994506836,105.2249984741211,101.29399871826172,104.00199890136719,28653000,0.0,0.0
2020-07-10 00:00:00-04:00,104.00199890136719,104.48500061035156,101.81300354003906,103.18599700927734,17084000,0.0,0.0
2020-07-13 00:00:00-04:00,104.30000305175781,107.49759674072266,93.51399993896484,96.875,39009000,0.0,0.0
2020-07-14 00:00:00-04:00,97.0,99.80000305175781,90.17400360107422,97.44100189208984,35915000,0.0,0.0
2020-07-15 00:00:00-04:00,97.4000015258789,98.0,93.4000015258789,95.94499969482422,23385000,0.0,0.0
2020-07-16 00:00:00-04:00,94.20099639892578,95.28209686279297,91.54000091552734,92.54900360107422,20861000,0.0,0.0
2020-07-17 00:00:00-04:00,93.22000122070312,94.09700012207031,90.6050033569336,92.81300354003906,20398000,0.0,0.0
2020-07-20 00:00:00-04:00,92.9000015258789,101.18099975585938,91.82099914550781,100.93900299072266,31615000,0.0,0.0
2020-07-21 00:00:00-04:00,102.22200012207031,102.49800109863281,94.82099914550781,95.28299713134766,30326000,0.0,0.0
2020-07-22 00:00:00-04:00,96.4729995727539,98.05699920654297,94.0,95.73300170898438,21821000,0.0,0.0
2020-07-23 00:00:00-04:00,96.68199920654297,97.9990005493164,91.11199951171875,92.84100341796875,30173000,0.0,0.0
2020-07-24 00:00:00-04:00,90.5999984741211,94.18399810791016,88.31800079345703,92.98100280761719,24188000,0.0,0.0
2020-07-27 00:00:00-04:00,94.75700378417969,97.74600219726562,93.51399993896484,97.63899993896484,26899000,0.0,0.0
2020-07-28 00:00:00-04:00,100.70899963378906,101.4905014038086,97.51699829101562,98.5,38474000,0.0,0.0
2020-07-29 00:00:00-04:00,110.73799896240234,110.79199981689453,103.80000305175781,105.35900115966797,64923000,0.0,0.0
2020-07-30 00:00:00-04:00,104.83000183105469,106.21299743652344,100.30049896240234,104.88400268554688,27839000,0.0,0.0
2020-07-31 00:00:00-04:00,106.5,106.7677001953125,101.21099853515625,102.4000015258789,23325000,0.0,0.0
2020-08-03 00:00:00-04:00,103.19999694824219,108.92500305175781,102.89600372314453,108.30500030517578,26466000,0.0,0.0
2020-08-04 00:00:00-04:00,107.4010009765625,108.28780364990234,105.4000015258789,108.0,16184000,0.0,0.0
2020-08-05 00:00:00-04:00,107.89900207519531,110.5,107.01100158691406,109.46499633789062,15516000,0.0,0.0
2020-08-06 00:00:00-04:00,109.33000183105469,109.97100067138672,106.87570190429688,108.81300354003906,12872000,0.0,0.0
2020-08-07 00:00:00-04:00,108.0,109.28700256347656,103.0271987915039,105.31199645996094,16345000,0.0,0.0
2020-08-10 00:00:00-04:00,105.5,106.4000015258789,98.74099731445312,100.55599975585938,24052000,0.0,0.0
2020-08-11 00:00:00-04:00,99.95899963378906,101.5,96.4739990234375,97.1989974975586,22709000,0.0,0.0
2020-08-12 00:00:00-04:00,98.39299774169922,100.78600311279297,98.0,99.0999984741211,17039000,0.0,0.0
2020-08-13 00:00:00-04:00,100.5,102.39749908447266,98.69999694824219,99.98999786376953,14018000,0.0,0.0
2020-08-14 00:00:00-04:00,100.2300033569336,100.69999694824219,97.8499984741211,98.79000091552734,15991000,0.0,0.0
2020-08-17 00:00:00-04:00,99.9000015258789,101.96399688720703,99.55139923095703,101.2959976196289,12691000,0.0,0.0
2020-08-18 00:00:00-04:00,102.0999984741211,102.697998046875,99.31700134277344,102.47100067138672,12876000,0.0,0.0
2020-08-19 00:00:00-04:00,102.1989974975586,104.2959976196289,100.30000305175781,100.91100311279297,12322000,0.0,0.0
2020-08-20 00:00:00-04:00,100.41000366210938,104.36000061035156,99.91889953613281,103.96199798583984,13324000,0.0,0.0
2020-08-21 00:00:00-04:00,103.60199737548828,104.697998046875,101.5,102.11199951171875,12874000,0.0,0.0
2020-08-24 00:00:00-04:00,103.19999694824219,103.38310241699219,98.88800048828125,99.93199920654297,18207000,0.0,0.0
2020-08-25 00:00:00-04:00,99.0999984741211,103.87999725341797,99.0999984741211,103.71900177001953,16919000,0.0,0.0
2020-08-26 00:00:00-04:00,104.9000015258789,111.5989990234375,104.62100219726562,108.93299865722656,28068000,0.0,0.0
2020-08-27 00:00:00-04:00,108.177001953125,108.93299865722656,104.93299865722656,105.3499984741211,15537000,0.0,0.0
2020-08-28 00:00:00-04:00,106.70500183105469,107.9020004272461,103.94499969482422,104.20600128173828,13375000,0.0,0.0
2020-08-31 00:00:00-04:00,104.85099792480469,107.39199829101562,103.5,106.64199829101562,11264000,0.0,0.0
2020-09-01 00:00:00-04:00,107.5,114.69100189208984,107.39399719238281,113.43199920654297,20827000,0.0,0.0
2020-09-02 00:00:00-04:00,114.19999694824219,114.5,106.25,107.45899963378906,27065000,0.0,0.0
2020-09-03 00:00:00-04:00,104.43599700927734,105.87000274658203,99.38600158691406,101.56999969482422,29317000,0.0,0.0
2020-09-04 00:00:00-04:00,99.61900329589844,101.89800262451172,89.64800262451172,97.302001953125,34701000,0.0,0.0
2020-09-08 00:00:00-04:00,92.09100341796875,95.4000015258789,90.63600158691406,91.73999786376953,21049000,0.0,0.0
2020-09-09 00:00:00-04:00,95.5,97.0,93.19999694824219,94.93099975585938,18105000,0.0,0.0
2020-09-10 00:00:00-04:00,97.0,97.5,92.54499816894531,93.41699981689453,17211000,0.0,0.0
2020-09-11 00:00:00-04:00,94.80000305175781,94.80000305175781,89.75,91.44999694824219,16423000,0.0,0.0
2020-09-14 00:00:00-04:00,92.77300262451172,94.68800354003906,91.91300201416016,93.18299865722656,16620000,0.0,0.0
2020-09-15 00:00:00-04:00,93.18299865722656,95.30000305175781,92.30000305175781,92.93900299072266,18332000,0.0,0.0
2020-09-16 00:00:00-04:00,93.80000305175781,93.9000015258789,88.4540023803711,88.51799774169922,36321000,0.0,0.0
2020-09-17 00:00:00-04:00,85.88600158691406,87.46600341796875,83.94000244140625,87.07599639892578,37588000,0.0,0.0
2020-09-18 00:00:00-04:00,88.39900207519531,90.83699798583984,86.68460083007812,90.13400268554688,24375000,0.0,0.0
2020-09-21 00:00:00-04:00,88.30599975585938,92.91100311279297,88.0999984741211,92.78900146484375,22292000,0.0,0.0
2020-09-22 00:00:00-04:00,94.03500366210938,95.68599700927734,90.47200012207031,95.42500305175781,24901000,0.0,0.0
2020-09-23 00:00:00-04:00,94.697998046875,95.39700317382812,91.06999969482422,91.88099670410156,18302000,0.0,0.0
2020-09-24 00:00:00-04:00,90.95500183105469,92.69999694824219,89.41799926757812,90.86100006103516,16441000,0.0,0.0
2020-09-25 00:00:00-04:00,91.97100067138672,96.125,91.11900329589844,96.09200286865234,19808000,0.0,0.0
2020-09-28 00:00:00-04:00,97.0009994506836,98.37200164794922,95.0999984741211,96.6500015258789,18709000,0.0,0.0
2020-09-29 00:00:00-04:00,96.95800018310547,103.0,96.14029693603516,102.56999969482422,31176000,0.0,0.0
2020-09-30 00:00:00-04:00,103.76899719238281,104.30000305175781,101.43499755859375,102.2969970703125,19313000,0.0,0.0
2020-10-01 00:00:00-04:00,103.06300354003906,106.34100341796875,102.61499786376953,105.44300079345703,17544000,0.0,0.0
2020-10-02 00:00:00-04:00,102.05000305175781,105.4000015258789,101.70099639892578,102.89900207519531,13282000,0.0,0.0
2020-10-05 00:00:00-04:00,103.5989990234375,106.58899688720703,101.43800354003906,106.5530014038086,15686000,0.0,0.0
2020-10-06 00:00:00-04:00,106.80000305175781,108.19999694824219,103.0009994506836,104.125,14524000,0.0,0.0
2020-10-07 00:00:00-04:00,105.91799926757812,107.7948989868164,104.81600189208984,107.34300231933594,12525000,0.0,0.0
2020-10-08 00:00:00-04:00,108.10700225830078,108.677001953125,105.62300109863281,106.9209976196289,10788000,0.0,0.0
2020-10-09 00:00:00-04:00,107.25800323486328,109.88770294189453,107.0,109.5999984741211,11277000,0.0,0.0
2020-10-12 00:00:00-04:00,110.51300048828125,113.0,108.52999877929688,109.0,13238000,0.0,0.0
2020-10-13 00:00:00-04:00,109.5989990234375,110.98860168457031,108.6364974975586,110.65899658203125,11218000,0.0,0.0
2020-10-14 00:00:00-04:00,111.0999984741211,111.43299865722656,106.65899658203125,108.21199798583984,11995000,0.0,0.0
2020-10-15 00:00:00-04:00,105.80000305175781,108.2750015258789,104.40299987792969,107.83000183105469,10577000,0.0,0.0
2020-10-16 00:00:00-04:00,108.60099792480469,110.3499984741211,106.38099670410156,106.72100067138672,10615000,0.0,0.0
2020-10-19 00:00:00-04:00,107.0780029296875,109.0199966430664,105.48100280761719,106.9000015258789,9751000,0.0,0.0
2020-10-20 00:00:00-04:00,106.80000305175781,107.841796875,104.60399627685547,105.64900207519531,8932000,0.0,0.0
2020-10-21 00:00:00-04:00,105.49400329589844,106.89600372314453,101.802001953125,102.20099639892578,9944000,0.0,0.0
2020-10-22 00:00:00-04:00,102.67500305175781,103.3915023803711,99.05000305175781,100.70700073242188,9814000,0.0,0.0
2020-10-23 00:00:00-04:00,100.1500015258789,102.69599914550781,99.62699890136719,102.62200164794922,10336000,0.0,0.0
2020-10-26 00:00:00-04:00,101.9000015258789,104.43879699707031,100.80599975585938,103.80500030517578,14135000,0.0,0.0
2020-10-27 00:00:00-04:00,106.69300079345703,108.80000305175781,105.7416000366211,108.28900146484375,16831000,0.0,0.0
2020-10-28 00:00:00-04:00,105.81900024414062,106.70899963378906,101.68299865722656,102.6709976196289,16774000,0.0,0.0
2020-10-29 00:00:00-04:00,105.25800323486328,105.45600128173828,97.5,97.69999694824219,34668000,0.0,0.0
2020-10-30 00:00:00-04:00,97.38999938964844,98.72959899902344,90.62200164794922,92.54299926757812,26758000,0.0,0.0
2020-11-02 00:00:00-05:00,93.45700073242188,95.42859649658203,89.88819885253906,91.4990005493164,15234000,0.0,0.0
2020-11-03 00:00:00-05:00,92.30000305175781,95.29100036621094,91.05400085449219,94.1719970703125,11108000,0.0,0.0
2020-11-04 00:00:00-05:00,97.5999984741211,100.26699829101562,95.5,99.5999984741211,15923000,0.0,0.0
2020-11-05 00:00:00-05:00,102.69999694824219,103.87969970703125,100.3010025024414,103.6500015258789,12611000,0.0,0.0
2020-11-06 00:00:00-05:00,103.0999984741211,104.50800323486328,100.30789947509766,104.5,11536000,0.0,0.0
2020-11-09 00:00:00-05:00,99.0,99.1718978881836,90.0,90.26000213623047,39158000,0.0,0.0
2020-11-10 00:00:00-05:00,91.19999694824219,92.4000015258789,87.5,88.57599639892578,29365000,0.0,0.0
2020-11-11 00:00:00-05:00,90.4000015258789,94.81600189208984,89.86029815673828,94.71800231933594,17331000,0.0,0.0
2020-11-12 00:00:00-05:00,94.5999984741211,95.47899627685547,92.1729965209961,92.58000183105469,12230000,0.0,0.0
2020-11-13 00:00:00-05:00,93.4540023803711,93.69100189208984,90.84010314941406,91.83000183105469,8678000,0.0,0.0
2020-11-16 00:00:00-05:00,89.01100158691406,91.93900299072266,88.0,91.9219970703125,15217000,0.0,0.0
2020-11-17 00:00:00-05:00,92.5,92.9800033569336,90.51699829101562,91.4020004272461,7602000,0.0,0.0
2020-11-18 00:00:00-05:00,91.5,93.5999984741211,90.51499938964844,93.14299774169922,10000000,0.0,0.0
2020-11-19 00:00:00-05:00,94.5989990234375,98.1500015258789,93.72699737548828,96.677001953125,18982000,0.0,0.0
2020-11-20 00:00:00-05:00,97.5999984741211,99.80000305175781,97.30000305175781,98.85099792480469,16837000,0.0,0.0
2020-11-23 00:00:00-05:00,98.8499984741211,98.96900177001953,96.31900024414062,98.0009994506836,12007000,0.0,0.0
2020-11-24 00:00:00-05:00,97.80000305175781,98.01000213623047,96.30000305175781,97.1240005493164,8597000,0.0,0.0
2020-11-25 00:00:00-05:00,97.64199829101562,102.11100006103516,97.5,101.9520034790039,15917000,0.0,0.0
2020-11-27 00:00:00-05:00,102.8239974975586,104.4000015258789,100.9260025024414,103.43900299072266,11854000,0.0,0.0
2020-11-30 00:00:00-05:00,104.5,109.47000122070312,103.5,109.03800201416016,26049000,0.0,0.0
2020-12-01 00:00:00-05:00,108.03800201416016,108.77300262451172,105.0999984741211,106.90599822998047,17298000,0.0,0.0
2020-12-02 00:00:00-05:00,105.0999984741211,108.33699798583984,103.60099792480469,107.94400024414062,12523000,0.0,0.0
2020-12-03 00:00:00-05:00,108.19999694824219,111.2406997680664,106.12999725341797,106.26799774169922,15156000,0.0,0.0
2020-12-04 00:00:00-05:00,106.80000305175781,107.927001953125,105.11100006103516,105.38899993896484,8527000,0.0,0.0
2020-12-07 00:00:00-05:00,105.8010025024414,108.80000305175781,105.60369873046875,108.44000244140625,9347000,0.0,0.0
2020-12-08 00:00:00-05:00,108.89700317382812,110.69999694824219,108.30000305175781,110.20899963378906,10871000,0.0,0.0
2020-12-09 00:00:00-05:00,110.0,110.29399871826172,102.84200286865234,103.81900024414062,14300000,0.0,0.0
2020-12-10 00:00:00-05:00,101.75,107.30000305175781,101.69999694824219,106.73699951171875,9805000,0.0,0.0
2020-12-11 00:00:00-05:00,106.49800109863281,107.5,103.80000305175781,105.78700256347656,7389000,0.0,0.0
2020-12-14 00:00:00-05:00,105.0,107.927001953125,103.91600036621094,105.91699981689453,11319000,0.0,0.0
2020-12-15 00:00:00-05:00,105.41899871826172,108.62100219726562,105.06600189208984,107.41000366210938,8042000,0.0,0.0
2020-12-16 00:00:00-05:00,107.26100158691406,116.4166030883789,107.16899871826172,115.73100280761719,30927000,0.0,0.0
2020-12-17 00:00:00-05:00,116.30000305175781,120.68949890136719,115.04309844970703,118.0,22951000,0.0,0.0
2020-12-18 00:00:00-05:00,118.18399810791016,118.4229965209961,116.11199951171875,117.09600067138672,11146000,0.0,0.0
2020-12-21 00:00:00-05:00,116.49800109863281,120.51899719238281,114.5,119.72599792480469,15173000,0.0,0.0
2020-12-22 00:00:00-05:00,120.3949966430664,128.51849365234375,120.0165023803711,127.70800018310547,24992000,0.0,0.0
2020-12-23 00:00:00-05:00,127.5,127.62200164794922,119.73999786376953,119.7959976196289,21284000,0.0,0.0
2020-12-24 00:00:00-05:00,121.5999984741211,123.89800262451172,120.95469665527344,122.552001953125,9255000,0.0,0.0
2020-12-28 00:00:00-05:00,122.98600006103516,123.15399932861328,113.72200012207031,114.70600128173828,18963000,0.0,0.0
2020-12-29 00:00:00-05:00,116.80000305175781,120.04519653320312,114.63300323486328,117.16100311279297,14220000,0.0,0.0
2020-12-30 00:00:00-05:00,117.81300354003906,118.06099700927734,114.27899932861328,116.30000305175781,7909000,0.0,0.0
2020-12-31 00:00:00-05:00,116.34600067138672,116.34600067138672,112.82499694824219,113.19499969482422,8184000,0.0,0.0
2021-01-04 00:00:00-05:00,113.79900360107422,114.2874984741211,107.78600311279297,109.23999786376953,16449000,0.0,0.0
2021-01-05 00:00:00-05:00,109.43699645996094,111.8740005493164,108.55899810791016,111.8740005493164,9055000,0.0,0.0
2021-01-06 00:00:00-05:00,109.75,110.9000015258789,107.6050033569336,108.73100280761719,12687000,0.0,0.0
2021-01-07 00:00:00-05:00,110.19999694824219,116.1709976196289,110.19999694824219,115.9530029296875,13765000,0.0,0.0
2021-01-08 00:00:00-05:00,117.19999694824219,119.48899841308594,115.15399932861328,118.89199829101562,13781000,0.0,0.0
2021-01-11 00:00:00-05:00,117.05000305175781,121.76899719238281,116.0,117.76399993896484,11108000,0.0,0.0
2021-01-12 00:00:00-05:00,118.80000305175781,120.5790023803711,116.54280090332031,118.8239974975586,9022000,0.0,0.0
2021-01-13 00:00:00-05:00,119.19999694824219,120.1969985961914,116.94999694824219,119.98200225830078,6938000,0.0,0.0
2021-01-14 00:00:00-05:00,122.89900207519531,123.01000213623047,117.06500244140625,117.88600158691406,11838000,0.0,0.0
2021-01-15 00:00:00-05:00,119.01599884033203,119.30000305175781,114.69999694824219,117.0469970703125,8933000,0.0,0.0
2021-01-19 00:00:00-05:00,118.69000244140625,119.06600189208984,115.01699829101562,117.39700317382812,7765000,0.0,0.0
2021-01-20 00:00:00-05:00,118.07099914550781,121.63200378417969,117.53459930419922,120.0979995727539,8119000,0.0,0.0
2021-01-21 00:00:00-05:00,121.4000015258789,121.625,118.0999984741211,119.81500244140625,7011000,0.0,0.0
2021-01-22 00:00:00-05:00,118.75199890136719,120.16100311279297,117.7155990600586,119.66999816894531,6247000,0.0,0.0
2021-01-25 00:00:00-05:00,120.61599731445312,124.74500274658203,116.55000305175781,120.59200286865234,14883000,0.0,0.0
2021-01-26 00:00:00-05:00,120.81700134277344,121.61389923095703,115.74400329589844,115.97699737548828,9855000,0.0,0.0
2021-01-27 00:00:00-05:00,114.99199676513672,114.99199676513672,108.0999984741211,109.20800018310547,16102000,0.0,0.0
2021-01-28 00:00:00-05:00,111.02400207519531,113.86599731445312,109.05699920654297,112.05699920654297,7744000,0.0,0.0
2021-01-29 00:00:00-05:00,112.0,112.48100280761719,108.0999984741211,109.85900115966797,10061000,0.0,0.0
2021-02-01 00:00:00-05:00,110.5999984741211,114.9010009765625,109.96800231933594,114.49299621582031,10833000,0.0,0.0
2021-02-02 00:00:00-05:00,116.64600372314453,123.8270034790039,116.12300109863281,123.53500366210938,17418000,0.0,0.0
2021-02-03 00:00:00-05:00,123.53500366210938,124.5999984741211,119.51599884033203,122.41600036621094,11629000,0.0,0.0
2021-02-04 00:00:00-05:00,124.12699890136719,128.1649932861328,123.34230041503906,126.08699798583984,14237000,0.0,0.0
2021-02-05 00:00:00-05:00,126.14900207519531,129.67750549316406,125.25849914550781,128.77499389648438,10475000,0.0,0.0
2021-02-08 00:00:00-05:00,130.38600158691406,134.82550048828125,129.30099487304688,134.50900268554688,12466000,0.0,0.0
2021-02-09 00:00:00-05:00,136.55299377441406,145.3489990234375,135.5989990234375,143.2989959716797,21341000,0.0,0.0
2021-02-10 00:00:00-05:00,144.80099487304688,149.97500610351562,140.81500244140625,146.24200439453125,20917000,0.0,0.0
2021-02-11 00:00:00-05:00,147.56300354003906,148.19700622558594,143.80299377441406,146.33099365234375,9224000,0.0,0.0
2021-02-12 00:00:00-05:00,145.6999969482422,147.3000030517578,143.13900756835938,145.5489959716797,10125000,0.0,0.0
2021-02-16 00:00:00-05:00,146.85299682617188,149.22799682617188,142.8000030517578,147.39999389648438,15742000,0.0,0.0
2021-02-17 00:00:00-05:00,138.41600036621094,145.96209716796875,134.5,142.5,36524000,0.0,0.0
2021-02-18 00:00:00-05:00,139.3090057373047,141.5,137.5240020751953,138.45700073242188,12521000,0.0,0.0
2021-02-19 00:00:00-05:00,139.6959991455078,143.86399841308594,137.6510009765625,143.50100708007812,13248000,0.0,0.0
2021-02-22 00:00:00-05:00,139.7779998779297,141.47999572753906,136.05580139160156,138.1300048828125,13880000,0.0,0.0
2021-02-23 00:00:00-05:00,126.97799682617188,132.21400451660156,120.54399871826172,130.0240020751953,34488000,0.0,0.0
2021-02-24 00:00:00-05:00,130.53399658203125,132.0,126.35299682617188,130.11500549316406,11156000,0.0,0.0
2021-02-25 00:00:00-05:00,130.13699340820312,132.11900329589844,122.62100219726562,124.51000213623047,18641000,0.0,0.0
2021-02-26 00:00:00-05:00,125.46800231933594,129.8000030517578,123.69999694824219,128.0970001220703,13237000,0.0,0.0
2021-03-01 00:00:00-05:00,131.5,133.0,128.10000610351562,130.99400329589844,12698000,0.0,0.0
2021-03-02 00:00:00-05:00,131.7790069580078,131.7790069580078,125.5,130.906005859375,12761000,0.0,0.0
2021-03-03 00:00:00-05:00,128.83399963378906,129.99899291992188,121.83499908447266,122.02999877929688,11563000,0.0,0.0
2021-03-04 00:00:00-05:00,119.99199676513672,122.02999877929688,111.36100006103516,114.94400024414062,27452000,0.0,0.0
2021-03-05 00:00:00-05:00,115.49700164794922,115.49700164794922,102.15699768066406,113.10099792480469,39430000,0.0,0.0
2021-03-08 00:00:00-05:00,112.60399627685547,116.4000015258789,107.08200073242188,107.24299621582031,24598000,0.0,0.0
2021-03-09 00:00:00-05:00,112.36799621582031,114.78900146484375,110.1510009765625,113.0739974975586,18584000,0.0,0.0
2021-03-10 00:00:00-05:00,116.96399688720703,116.99700164794922,107.95099639892578,108.79000091552734,20534000,0.0,0.0
2021-03-11 00:00:00-05:00,111.94999694824219,115.81500244140625,108.69159698486328,114.2239990234375,16604000,0.0,0.0
2021-03-12 00:00:00-05:00,112.197998046875,114.62650299072266,109.3031005859375,114.06300354003906,10884000,0.0,0.0
2021-03-15 00:00:00-04:00,113.7239990234375,115.91400146484375,111.0,115.9000015258789,7090000,0.0,0.0
2021-03-16 00:00:00-04:00,118.31199645996094,119.0,112.4000015258789,114.31700134277344,10698000,0.0,0.0
2021-03-17 00:00:00-04:00,112.22799682617188,117.86499786376953,109.80000305175781,116.91699981689453,9168000,0.0,0.0
2021-03-18 00:00:00-04:00,114.5,114.80000305175781,110.6259994506836,111.70999908447266,10418000,0.0,0.0
2021-03-19 00:00:00-04:00,111.89800262451172,113.73600006103516,110.43599700927734,112.09500122070312,8113000,0.0,0.0
2021-03-22 00:00:00-04:00,112.31400299072266,116.08300018310547,112.03800201416016,116.0,9041000,0.0,0.0
2021-03-23 00:00:00-04:00,116.5,116.84700012207031,114.2300033569336,116.19999694824219,8967000,0.0,0.0
2021-03-24 00:00:00-04:00,117.68099975585938,118.5,110.23500061035156,110.60099792480469,10708000,0.0,0.0
2021-03-25 00:00:00-04:00,109.00800323486328,110.39900207519531,105.125,106.16799926757812,17682000,0.0,0.0
2021-03-26 00:00:00-04:00,105.26000213623047,108.49800109863281,100.51399993896484,106.52100372314453,28402000,0.0,0.0
2021-03-29 00:00:00-04:00,105.36000061035156,107.58280181884766,102.86000061035156,103.99099731445312,10552000,0.0,0.0
2021-03-30 00:00:00-04:00,102.84600067138672,107.418701171875,101.27999877929688,104.86799621582031,15133000,0.0,0.0
2021-03-31 00:00:00-04:00,106.8010025024414,111.94999694824219,106.5,110.6500015258789,13838000,0.0,0.0
2021-04-01 00:00:00-04:00,115.0,117.89800262451172,113.7020034790039,115.54100036621094,11602000,0.0,0.0
2021-04-05 00:00:00-04:00,117.50800323486328,117.7968978881836,113.59010314941406,114.59500122070312,7347000,0.0,0.0
2021-04-06 00:00:00-04:00,114.4000015258789,117.97000122070312,114.4000015258789,115.61399841308594,7102000,0.0,0.0
2021-04-07 00:00:00-04:00,115.0,117.49849700927734,114.37899780273438,115.9469985961914,6646000,0.0,0.0
2021-04-08 00:00:00-04:00,118.25499725341797,122.44599914550781,117.99800109863281,122.26899719238281,15816000,0.0,0.0
2021-04-09 00:00:00-04:00,121.19999694824219,123.44999694824219,119.01599884033203,122.7300033569336,12388000,0.0,0.0
2021-04-12 00:00:00-04:00,122.0,122.5999984741211,118.7354965209961,120.19999694824219,10305000,0.0,0.0
2021-04-13 00:00:00-04:00,121.50499725341797,124.82099914550781,121.50499725341797,124.15399932861328,10923000,0.0,0.0
2021-04-14 00:00:00-04:00,124.80000305175781,125.0,117.60199737548828,117.98600006103516,13165000,0.0,0.0
2021-04-15 00:00:00-04:00,120.0,122.1969985961914,118.69999694824219,120.83399963378906,9545000,0.0,0.0
2021-04-16 00:00:00-04:00,121.0999984741211,121.91899871826172,118.78199768066406,120.77999877929688,7345000,0.0,0.0
2021-04-19 00:00:00-04:00,119.19999694824219,120.23400115966797,114.31500244140625,114.5780029296875,9309000,0.0,0.0
2021-04-20 00:00:00-04:00,113.8010025024414,115.81819915771484,110.72100067138672,112.3010025024414,8610000,0.0,0.0
2021-04-21 00:00:00-04:00,111.60900115966797,114.98139953613281,111.00499725341797,114.20600128173828,6237000,0.0,0.0
2021-04-22 00:00:00-04:00,115.72000122070312,115.72000122070312,109.19999694824219,109.66400146484375,10819000,0.0,0.0
2021-04-23 00:00:00-04:00,110.38500213623047,110.96029663085938,108.72599792480469,109.90299987792969,11936000,0.0,0.0
2021-04-26 00:00:00-04:00,111.16899871826172,116.5999984741211,110.72899627685547,116.5999984741211,14914000,0.0,0.0
2021-04-27 00:00:00-04:00,116.5999984741211,116.91000366210938,113.44290161132812,115.68900299072266,12861000,0.0,0.0
2021-04-28 00:00:00-04:00,121.6780014038086,130.16099548339844,119.2750015258789,128.8800048828125,39021000,0.0,0.0
2021-04-29 00:00:00-04:00,129.9499969482422,130.0,122.81300354003906,123.30699920654297,16526000,0.0,0.0
2021-04-30 00:00:00-04:00,121.58499908447266,122.73750305175781,117.55500030517578,118.2509994506836,15854000,0.0,0.0
2021-05-03 00:00:00-04:00,118.6729965209961,119.43599700927734,111.91699981689453,112.20099639892578,13983000,0.0,0.0
2021-05-04 00:00:00-04:00,111.5,114.4000015258789,107.2040023803711,114.29399871826172,20933000,0.0,0.0
2021-05-05 00:00:00-04:00,115.0999984741211,115.78399658203125,110.98500061035156,112.03500366210938,12660000,0.0,0.0
2021-05-06 00:00:00-04:00,111.3010025024414,112.58000183105469,106.71600341796875,109.09300231933594,22406000,0.0,0.0
2021-05-07 00:00:00-04:00,111.81999969482422,112.85890197753906,109.30500030517578,110.86000061035156,15599000,0.0,0.0
2021-05-10 00:00:00-04:00,109.9000015258789,110.23699951171875,106.00499725341797,108.02400207519531,13905000,0.0,0.0
2021-05-11 00:00:00-04:00,104.0,112.15899658203125,103.17500305175781,111.0199966430664,19243000,0.0,0.0
2021-05-12 00:00:00-04:00,108.2979965209961,110.58599853515625,105.56700134277344,108.38999938964844,13861000,0.0,0.0
2021-05-13 00:00:00-04:00,110.2300033569336,110.9000015258789,102.50749969482422,104.7770004272461,15549000,0.0,0.0
2021-05-14 00:00:00-04:00,106.70099639892578,108.80999755859375,104.4000015258789,108.5009994506836,10558000,0.0,0.0
2021-05-17 00:00:00-04:00,107.6520004272461,111.46299743652344,107.01000213623047,109.63899993896484,10860000,0.0,0.0
2021-05-18 00:00:00-04:00,110.5,115.25700378417969,109.13500213623047,113.33599853515625,19158000,0.0,0.0
2021-05-19 00:00:00-04:00,110.5999984741211,117.25900268554688,110.20099639892578,117.03900146484375,19420000,0.0,0.0
2021-05-20 00:00:00-04:00,118.0,122.42050170898438,117.0,121.48999786376953,15517000,0.0,0.0
2021-05-21 00:00:00-04:00,122.39900207519531,124.5999984741211,119.19999694824219,122.41200256347656,16825000,0.0,0.0
2021-05-24 00:00:00-04:00,122.4800033569336,127.82599639892578,121.5999984741211,126.14299774169922,13985000,0.0,0.0
2021-05-25 00:00:00-04:00,126.69999694824219,128.0989990234375,123.19550323486328,124.0,14564000,0.0,0.0
2021-05-26 00:00:00-04:00,124.8489990234375,126.80000305175781,123.19999694824219,123.88300323486328,11206000,0.0,0.0
2021-05-27 00:00:00-04:00,123.19200134277344,125.72200012207031,121.45950317382812,124.08399963378906,10401000,0.0,0.0
2021-05-28 00:00:00-04:00,124.84100341796875,127.17900085449219,124.16600036621094,124.28700256347656,8817000,0.0,0.0
2021-06-01 00:00:00-04:00,125.41699981689453,127.89299774169922,124.45899963378906,125.15599822998047,11748000,0.0,0.0
2021-06-02 00:00:00-04:00,125.80000305175781,126.58280181884766,121.80000305175781,122.95899963378906,9914000,0.0,0.0
2021-06-03 00:00:00-04:00,122.3010025024414,122.82150268554688,119.55000305175781,119.9000015258789,8098000,0.0,0.0
2021-06-04 00:00:00-04:00,120.99700164794922,122.43699645996094,120.2239990234375,120.5739974975586,6260000,0.0,0.0
2021-06-07 00:00:00-04:00,120.91200256347656,123.12000274658203,118.25,123.05500030517578,6860000,0.0,0.0
2021-06-08 00:00:00-04:00,124.4000015258789,125.2239990234375,121.0,123.0739974975586,7119000,0.0,0.0
2021-06-09 00:00:00-04:00,122.75,124.27899932861328,121.4988021850586,121.55599975585938,5163000,0.0,0.0
2021-06-10 00:00:00-04:00,121.5,123.70600128173828,119.80999755859375,123.11000061035156,9893000,0.0,0.0
2021-06-11 00:00:00-04:00,123.8239974975586,125.0,122.80000305175781,124.7020034790039,8850000,0.0,0.0
2021-06-14 00:00:00-04:00,124.69999694824219,131.0919952392578,124.53459930419922,130.66400146484375,14477000,0.0,0.0
2021-06-15 00:00:00-04:00,130.89999389648438,135.0,128.60000610351562,132.10800170898438,17222000,0.0,0.0
2021-06-16 00:00:00-04:00,132.42799377441406,137.6999969482422,131.82650756835938,136.6300048828125,23230000,0.0,0.0
2021-06-17 00:00:00-04:00,135.2310028076172,146.10000610351562,135.10000610351562,144.927001953125,31473000,0.0,0.0
2021-06-18 00:00:00-04:00,143.5019989013672,148.54949951171875,143.45199584960938,146.68699645996094,25490000,0.0,0.0
2021-06-21 00:00:00-04:00,147.3260040283203,155.22300720214844,145.25,148.0229949951172,32540000,0.0,0.0
2021-06-22 00:00:00-04:00,148.0,151.63600158691406,146.69700622558594,150.843994140625,21680000,0.0,0.0
2021-06-23 00:00:00-04:00,151.09300231933594,153.4958038330078,149.42999267578125,150.05299377441406,13716000,0.0,0.0
2021-06-24 00:00:00-04:00,151.33900451660156,152.97999572753906,147.36599731445312,147.8990020751953,13401000,0.0,0.0
2021-06-25 00:00:00-04:00,148.9949951171875,148.9949951171875,142.9029998779297,147.35400390625,18024000,0.0,0.0
2021-06-28 00:00:00-04:00,148.3780059814453,152.3144989013672,147.8000030517578,149.49899291992188,12812000,0.0,0.0
2021-06-29 00:00:00-04:00,149.71400451660156,151.2969970703125,147.3249969482422,148.2989959716797,10581000,0.0,0.0
2021-06-30 00:00:00-04:00,147.85800170898438,149.17990112304688,145.4040069580078,146.09800720214844,10441000,0.0,0.0
2021-07-01 00:00:00-04:00,146.09800720214844,146.94850158691406,144.1999969482422,145.8000030517578,7634000,0.0,0.0
2021-07-02 00:00:00-04:00,146.9980010986328,149.8000030517578,144.90199279785156,146.47500610351562,10431000,0.0,0.0
2021-07-06 00:00:00-04:00,146.80599975585938,154.10000610351562,146.76100158691406,153.80299377441406,19334000,0.0,0.0
2021-07-07 00:00:00-04:00,155.1009979248047,158.7740020751953,150.83700561523438,152.02200317382812,16647000,0.0,0.0
2021-07-08 00:00:00-04:00,147.5,149.9499969482422,145.23199462890625,146.33399963378906,16595000,0.0,0.0
2021-07-09 00:00:00-04:00,147.25,149.69200134277344,145.78799438476562,149.49899291992188,12576000,0.0,0.0
2021-07-12 00:00:00-04:00,150.29299926757812,153.01800537109375,147.60000610351562,149.4739990234375,11842000,0.0,0.0
2021-07-13 00:00:00-04:00,149.25900268554688,153.2270050048828,149.07400512695312,151.64700317382812,11928000,0.0,0.0
2021-07-14 00:00:00-04:00,153.5,155.0,145.89999389648438,146.3000030517578,14591000,0.0,0.0
2021-07-15 00:00:00-04:00,147.60000610351562,148.11070251464844,142.0019989013672,144.14999389648438,11672000,0.0,0.0
2021-07-16 00:00:00-04:00,145.427001953125,146.3813934326172,142.60000610351562,144.26300048828125,9597000,0.0,0.0
2021-07-19 00:00:00-04:00,141.51600646972656,147.53700256347656,139.30099487304688,147.2010040283203,14301000,0.0,0.0
2021-07-20 00:00:00-04:00,147.73500061035156,153.3520050048828,145.81610107421875,152.47799682617188,12863000,0.0,0.0
2021-07-21 00:00:00-04:00,151.75100708007812,156.93600463867188,151.56399536132812,156.93600463867188,13495000,0.0,0.0
2021-07-22 00:00:00-04:00,156.42599487304688,160.2570037841797,156.42599487304688,159.40899658203125,18516000,0.0,0.0
2021-07-23 00:00:00-04:00,160.8000030517578,165.0,159.59300231933594,164.33200073242188,14018000,0.0,0.0
2021-07-26 00:00:00-04:00,164.92300415039062,165.0,157.67100524902344,158.22799682617188,14330000,0.0,0.0
2021-07-27 00:00:00-04:00,158.2030029296875,160.24200439453125,151.30349731445312,155.50999450683594,17331000,0.0,0.0
2021-07-28 00:00:00-04:00,157.6999969482422,158.31500244140625,149.70249938964844,153.8000030517578,22118000,0.0,0.0
2021-07-29 00:00:00-04:00,152.80599975585938,156.02149963378906,151.0,152.5,17606000,0.0,0.0
2021-07-30 00:00:00-04:00,149.9949951171875,152.98699951171875,149.02000427246094,149.9929962158203,10310000,0.0,0.0
2021-08-02 00:00:00-04:00,150.38299560546875,155.5,149.3050994873047,153.86700439453125,14319000,0.0,0.0
2021-08-03 00:00:00-04:00,154.21400451660156,155.97500610351562,149.89999389648438,152.25599670410156,16119000,0.0,0.0
2021-08-04 00:00:00-04:00,152.4080047607422,155.8249969482422,151.7010040283203,155.552001953125,6691000,0.0,0.0
2021-08-05 00:00:00-04:00,155.3209991455078,157.60000610351562,153.38499450683594,154.55499267578125,8228000,0.0,0.0
2021-08-06 00:00:00-04:00,153.29100036621094,155.0989990234375,150.127197265625,152.50599670410156,6929000,0.0,0.0
2021-08-09 00:00:00-04:00,152.5800018310547,155.19900512695312,151.00799560546875,154.99899291992188,10938000,0.0,0.0
2021-08-10 00:00:00-04:00,155.6999969482422,158.33700561523438,151.44349670410156,152.593994140625,12075000,0.0,0.0
2021-08-11 00:00:00-04:00,153.625,153.74349975585938,148.0800018310547,148.5229949951172,9219000,0.0,0.0
2021-08-12 00:00:00-04:00,148.2530059814453,151.39999389648438,145.593994140625,150.32000732421875,10821000,0.0,0.0
2021-08-13 00:00:00-04:00,150.0,150.4980010986328,147.5,149.8000030517578,6226000,0.0,0.0
2021-08-16 00:00:00-04:00,149.14599609375,153.4600067138672,146.87100219726562,148.89999389648438,12804000,0.0,0.0
2021-08-17 00:00:00-04:00,148.5679931640625,149.32650756835938,145.80799865722656,148.18699645996094,11452000,0.0,0.0
2021-08-18 00:00:00-04:00,147.45799255371094,151.39999389648438,147.1199951171875,148.91799926757812,8204000,0.0,0.0
2021-08-19 00:00:00-04:00,147.2010040283203,149.9550018310547,146.31100463867188,146.61099243164062,6250000,0.0,0.0
2021-08-20 00:00:00-04:00,147.75999450683594,148.5800018310547,143.75,145.07000732421875,7835000,0.0,0.0
2021-08-23 00:00:00-04:00,145.62100219726562,148.81500244140625,145.3079071044922,148.14100646972656,8694000,0.0,0.0
2021-08-24 00:00:00-04:00,151.00100708007812,156.1999969482422,151.0,153.8509979248047,13568000,0.0,0.0
2021-08-25 00:00:00-04:00,154.14500427246094,155.5970001220703,151.16000366210938,155.2239990234375,8031000,0.0,0.0
2021-08-26 00:00:00-04:00,154.8990020751953,155.69000244140625,151.41900634765625,151.55799865722656,6271000,0.0,0.0
2021-08-27 00:00:00-04:00,151.6999969482422,153.8990020751953,151.11399841308594,153.14199829101562,5210000,0.0,0.0
2021-08-30 00:00:00-04:00,154.093994140625,156.0,152.80099487304688,154.89999389648438,6600000,0.0,0.0
2021-08-31 00:00:00-04:00,155.42300415039062,155.42300415039062,152.12899780273438,152.47799682617188,5201000,0.0,0.0
2021-09-01 00:00:00-04:00,152.76499938964844,155.2239990234375,152.3280029296875,153.9029998779297,5750000,0.0,0.0
2021-09-02 00:00:00-04:00,154.24000549316406,158.8000030517578,153.84019470214844,154.25999450683594,9417000,0.0,0.0
2021-09-03 00:00:00-04:00,154.5,156.80299377441406,154.10000610351562,155.4250030517578,6015000,0.0,0.0
2021-09-07 00:00:00-04:00,155.4739990234375,156.37660217285156,152.6894989013672,153.6699981689453,6118000,0.0,0.0
2021-09-08 00:00:00-04:00,153.6999969482422,153.79400634765625,147.5749969482422,147.781005859375,10681000,0.0,0.0
2021-09-09 00:00:00-04:00,149.10000610351562,151.93099975585938,148.59300231933594,150.4080047607422,6623000,0.0,0.0
2021-09-10 00:00:00-04:00,151.5,151.77099609375,147.9499969482422,148.41000366210938,5024000,0.0,0.0
2021-09-13 00:00:00-04:00,149.1999969482422,149.53900146484375,143.23599243164062,147.68699645996094,9754000,0.0,0.0
2021-09-14 00:00:00-04:00,147.54100036621094,149.1439971923828,144.3000030517578,145.1280059814453,7795000,0.0,0.0
2021-09-15 00:00:00-04:00,145.5,147.76400756835938,143.31100463867188,147.49400329589844,6501000,0.0,0.0
2021-09-16 00:00:00-04:00,146.89999389648438,147.92999267578125,145.10000610351562,147.5970001220703,7566000,0.0,0.0
2021-09-17 00:00:00-04:00,146.66600036621094,148.74600219726562,145.22109985351562,148.62899780273438,5468000,0.0,0.0
2021-09-20 00:00:00-04:00,144.0030059814453,146.4803009033203,140.11199951171875,143.4530029296875,12677000,0.0,0.0
2021-09-21 00:00:00-04:00,144.5,144.86700439453125,142.343994140625,143.71499633789062,7709000,0.0,0.0
2021-09-22 00:00:00-04:00,144.5,147.47300720214844,142.9040069580078,146.58999633789062,5932000,0.0,0.0
2021-09-23 00:00:00-04:00,147.39999389648438,148.49600219726562,145.60000610351562,147.66000366210938,6196000,0.0,0.0
2021-09-24 00:00:00-04:00,147.343994140625,147.59500122070312,142.8000030517578,144.39999389648438,8684000,0.0,0.0
2021-09-27 00:00:00-04:00,143.60000610351562,145.1699981689453,141.42599487304688,144.38099670410156,7652000,0.0,0.0
2021-09-28 00:00:00-04:00,142.0,142.55499267578125,135.89999389648438,136.93099975585938,13280000,0.0,0.0
2021-09-29 00:00:00-04:00,138.10000610351562,139.2989959716797,134.11399841308594,134.65499877929688,10059000,0.0,0.0
2021-09-30 00:00:00-04:00,134.69500732421875,137.69900512695312,134.69500732421875,135.5780029296875,7658000,0.0,0.0
2021-10-01 00:00:00-04:00,136.24600219726562,136.98300170898438,133.9250030517578,135.0760040283203,7294000,0.0,0.0
2021-10-04 00:00:00-04:00,132.6320037841797,133.89999389648438,128.58999633789062,131.49000549316406,11739000,0.0,0.0
2021-10-05 00:00:00-04:00,131.24600219726562,135.60000610351562,131.24600219726562,131.80799865722656,7878000,0.0,0.0
2021-10-06 00:00:00-04:00,131.1719970703125,135.89999389648438,130.53700256347656,134.98800659179688,8602000,0.0,0.0
2021-10-07 00:00:00-04:00,137.2989959716797,140.64599609375,136.51699829101562,139.85000610351562,11086000,0.0,0.0
2021-10-08 00:00:00-04:00,141.7779998779297,142.89999389648438,137.23570251464844,137.80299377441406,8904000,0.0,0.0
2021-10-11 00:00:00-04:00,136.89999389648438,138.5489959716797,135.3000030517578,135.7010040283203,6229000,0.0,0.0
2021-10-12 00:00:00-04:00,136.99400329589844,137.8990020751953,135.10000610351562,135.7220001220703,5998000,0.0,0.0
2021-10-13 00:00:00-04:00,137.6999969482422,139.9510040283203,136.8679962158203,139.89700317382812,6402000,0.0,0.0
2021-10-14 00:00:00-04:00,141.31500244140625,142.6999969482422,140.17080688476562,140.6750030517578,6224000,0.0,0.0
2021-10-15 00:00:00-04:00,141.4810028076172,142.98699951171875,139.7050018310547,142.45799255371094,7320000,0.0,0.0
2021-10-18 00:00:00-04:00,142.5030059814453,146.6020050048828,141.8000030517578,146.51100158691406,8406000,0.0,0.0
2021-10-19 00:00:00-04:00,147.98500061035156,150.197998046875,147.0,148.57400512695312,7261000,0.0,0.0
2021-10-20 00:00:00-04:00,149.7949981689453,150.23159790039062,146.20199584960938,148.7469940185547,7125000,0.0,0.0
2021-10-21 00:00:00-04:00,147.22000122070312,150.6719970703125,147.22000122070312,149.67100524902344,6267000,0.0,0.0
2021-10-22 00:00:00-04:00,147.0,147.2949981689453,140.447998046875,142.5850067138672,15291000,0.0,0.0
2021-10-25 00:00:00-04:00,142.88800048828125,143.89999389648438,139.50100708007812,142.51600646972656,8001000,0.0,0.0
2021-10-26 00:00:00-04:00,142.8000030517578,143.01499938964844,135.77099609375,136.3699951171875,12910000,0.0,0.0
2021-10-27 00:00:00-04:00,136.39999389648438,137.9167022705078,133.61099243164062,136.11199951171875,14520000,0.0,0.0
2021-10-28 00:00:00-04:00,135.00399780273438,150.4709930419922,132.85400390625,145.6999969482422,37595000,0.0,0.0
2021-10-29 00:00:00-04:00,143.5,148.81700134277344,141.98199462890625,146.67300415039062,12632000,0.0,0.0
2021-11-01 00:00:00-04:00,146.50999450683594,153.17599487304688,146.0,152.76199340820312,15488000,0.0,0.0
2021-11-02 00:00:00-04:00,152.3000030517578,153.40199279785156,147.1020050048828,147.66400146484375,9064000,0.0,0.0
2021-11-03 00:00:00-04:00,149.5330047607422,149.71800231933594,145.2050018310547,149.53399658203125,7089000,0.0,0.0
2021-11-04 00:00:00-04:00,151.5290069580078,154.92100524902344,149.5500030517578,154.05599975585938,9932000,0.0,0.0
2021-11-05 00:00:00-04:00,153.5,154.99989318847656,151.01800537109375,152.80599975585938,6538000,0.0,0.0
2021-11-08 00:00:00-05:00,154.0,156.43299865722656,152.20010375976562,153.3769989013672,7644000,0.0,0.0
2021-11-09 00:00:00-05:00,154.60000610351562,156.3050994873047,151.9810028076172,155.48500061035156,5945000,0.0,0.0
2021-11-10 00:00:00-05:00,153.74000549316406,154.48699951171875,147.0,147.39999389648438,6922000,0.0,0.0
2021-11-11 00:00:00-05:00,150.0500030517578,151.1999969482422,149.0,149.03399658203125,5458000,0.0,0.0
2021-11-12 00:00:00-05:00,152.0970001220703,167.47850036621094,151.00100708007812,166.95199584960938,28396000,0.0,0.0
2021-11-15 00:00:00-05:00,165.33999633789062,170.43899536132812,163.25100708007812,165.64999389648438,14730000,0.0,0.0
2021-11-16 00:00:00-05:00,163.0,171.4510040283203,162.8509979248047,167.53199768066406,9160000,0.0,0.0
2021-11-17 00:00:00-05:00,165.80999755859375,167.67880249023438,163.56520080566406,163.781005859375,6078000,0.0,0.0
2021-11-18 00:00:00-05:00,164.60000610351562,169.7550048828125,163.7209930419922,168.1300048828125,9685000,0.0,0.0
2021-11-19 00:00:00-05:00,171.8000030517578,176.2917938232422,168.50950622558594,169.05999755859375,15061000,0.0,0.0
2021-11-22 00:00:00-05:00,170.1009979248047,170.35000610351562,158.052001953125,159.50100708007812,13559000,0.0,0.0
2021-11-23 00:00:00-05:00,158.80099487304688,161.36399841308594,153.21200561523438,157.30599975585938,10588000,0.0,0.0
2021-11-24 00:00:00-05:00,155.54100036621094,164.20199584960938,154.12399291992188,162.8699951171875,9714000,0.0,0.0
2021-11-26 00:00:00-05:00,165.0,166.1269989013672,157.6230010986328,157.6699981689453,7558000,0.0,0.0
2021-11-29 00:00:00-05:00,157.73199462890625,158.3470001220703,152.4709930419922,156.70199584960938,11188000,0.0,0.0
2021-11-30 00:00:00-05:00,160.0500030517578,162.99380493164062,151.66400146484375,152.1790008544922,16144000,0.0,0.0
2021-12-01 00:00:00-05:00,154.66000366210938,155.8000030517578,145.79800415039062,145.9709930419922,14490000,0.0,0.0
2021-12-02 00:00:00-05:00,145.74899291992188,148.48300170898438,143.10000610351562,144.71499633789062,11223000,0.0,0.0
2021-12-03 00:00:00-05:00,146.59800720214844,146.75450134277344,135.7030029296875,141.0,14152000,0.0,0.0
2021-12-06 00:00:00-05:00,137.31199645996094,143.08599853515625,134.0,142.81199645996094,12083000,0.0,0.0
2021-12-07 00:00:00-05:00,147.14100646972656,153.5989990234375,146.66209411621094,152.05099487304688,14649000,0.0,0.0
2021-12-08 00:00:00-05:00,150.86000061035156,153.49400329589844,149.1999969482422,152.0290069580078,7767000,0.0,0.0
2021-12-09 00:00:00-05:00,151.5,153.3979949951172,148.21200561523438,149.4949951171875,7961000,0.0,0.0
2021-12-10 00:00:00-05:00,150.8489990234375,153.14999389648438,144.20530700683594,146.1580047607422,7941000,0.0,0.0
2021-12-13 00:00:00-05:00,144.75999450683594,147.03900146484375,137.1009979248047,139.71499633789062,12730000,0.0,0.0
2021-12-14 00:00:00-05:00,136.8000030517578,140.2550048828125,132.89999389648438,135.42799377441406,12079000,0.0,0.0
2021-12-15 00:00:00-05:00,135.1999969482422,137.64199829101562,128.8939971923828,136.80799865722656,15768000,0.0,0.0
2021-12-16 00:00:00-05:00,142.8000030517578,142.8000030517578,129.79150390625,132.68800354003906,14065000,0.0,0.0
2021-12-17 00:00:00-05:00,130.53700256347656,135.20700073242188,128.00100708007812,132.33999633789062,12093000,0.0,0.0
2021-12-20 00:00:00-05:00,130.74000549316406,132.0,127.18890380859375,128.2169952392578,10738000,0.0,0.0
2021-12-21 00:00:00-05:00,131.2519989013672,137.12899780273438,130.4705047607422,137.01100158691406,12592000,0.0,0.0
2021-12-22 00:00:00-05:00,135.94900512695312,139.23500061035156,135.13600158691406,138.56300354003906,8331000,0.0,0.0
2021-12-23 00:00:00-05:00,139.0,144.36099243164062,138.08299255371094,143.93299865722656,10960000,0.0,0.0
2021-12-27 00:00:00-05:00,144.36099243164062,145.6999969482422,139.61500549316406,140.0590057373047,7207000,0.0,0.0
2021-12-28 00:00:00-05:00,140.8179931640625,141.49899291992188,136.41700744628906,137.56199645996094,5830000,0.0,0.0
2021-12-29 00:00:00-05:00,136.8990020751953,140.0789031982422,135.13699340820312,139.20799255371094,6410000,0.0,0.0
2021-12-30 00:00:00-05:00,138.8090057373047,143.28799438476562,138.8090057373047,139.82400512695312,5688000,0.0,0.0
2021-12-31 00:00:00-05:00,139.99099731445312,140.36520385742188,137.70399475097656,137.73899841308594,4713000,0.0,0.0
2022-01-03 00:00:00-05:00,139.19000244140625,139.36700439453125,133.4185028076172,136.31399536132812,7156000,0.0,0.0
2022-01-04 00:00:00-05:00,135.64999389648438,137.0,121.12449645996094,122.18599700927734,29443000,0.0,0.0
2022-01-05 00:00:00-05:00,121.3499984741211,122.87899780273438,117.375,119.0009994506836,21152000,0.0,0.0
2022-01-06 00:00:00-05:00,117.24400329589844,119.7760009765625,113.85800170898438,116.89299774169922,18043000,0.0,0.0
2022-01-07 00:00:00-05:00,116.9000015258789,118.23699951171875,112.13999938964844,114.447998046875,12887000,0.0,0.0
2022-01-10 00:00:00-05:00,111.70099639892578,113.322998046875,106.4020004272461,113.11699676513672,21126000,0.0,0.0
2022-01-11 00:00:00-05:00,109.69999694824219,116.5979995727539,108.60099792480469,115.73100280761719,12626000,0.0,0.0
2022-01-12 00:00:00-05:00,118.51599884033203,119.12000274658203,115.69999694824219,116.8759994506836,11329000,0.0,0.0
2022-01-13 00:00:00-05:00,117.0,117.80500030517578,106.1500015258789,106.43599700927734,22801000,0.0,0.0
2022-01-14 00:00:00-05:00,105.30000305175781,111.197998046875,104.86009979248047,110.29100036621094,22203000,0.0,0.0
2022-01-18 00:00:00-05:00,108.72100067138672,108.83399963378906,102.90599822998047,105.46600341796875,21871000,0.0,0.0
2022-01-19 00:00:00-05:00,106.82099914550781,112.2490005493164,103.02449798583984,103.09500122070312,19601000,0.0,0.0
2022-01-20 00:00:00-05:00,104.99700164794922,108.44400024414062,102.26699829101562,102.3949966430664,14176000,0.0,0.0
2022-01-21 00:00:00-05:00,100.46900177001953,101.36399841308594,86.875,88.21199798583984,53351000,0.0,0.0
2022-01-24 00:00:00-05:00,83.4000015258789,96.39900207519531,78.0,93.8489990234375,77556000,0.0,0.0
2022-01-25 00:00:00-05:00,91.0,93.89900207519531,84.0999984741211,89.23899841308594,46759000,0.0,0.0
2022-01-26 00:00:00-05:00,93.70099639892578,95.0,85.2300033569336,86.89199829101562,33160000,0.0,0.0
2022-01-27 00:00:00-05:00,90.46900177001953,90.66500091552734,81.31199645996094,81.57599639892578,21541000,0.0,0.0
2022-01-28 00:00:00-05:00,82.50299835205078,87.43399810791016,79.25150299072266,87.2229995727539,26570000,0.0,0.0
2022-01-31 00:00:00-05:00,88.19000244140625,96.82099914550781,87.5,96.42400360107422,25004000,0.0,0.0
2022-02-01 00:00:00-05:00,98.43000030517578,98.8499984741211,93.78510284423828,98.41999816894531,17521000,0.0,0.0
2022-02-02 00:00:00-05:00,98.3499984741211,98.51100158691406,86.49299621582031,88.58799743652344,31831000,0.0,0.0
2022-02-03 00:00:00-05:00,83.0,85.74220275878906,80.5999984741211,80.94400024414062,30260000,0.0,0.0
2022-02-04 00:00:00-05:00,83.0,89.26219940185547,81.08650207519531,87.5999984741211,29425000,0.0,0.0
2022-02-07 00:00:00-05:00,88.15599822998047,90.80000305175781,85.54889678955078,86.68900299072266,16540000,0.0,0.0
2022-02-08 00:00:00-05:00,85.9000015258789,88.05000305175781,85.19999694824219,87.80000305175781,11550000,0.0,0.0
2022-02-09 00:00:00-05:00,90.51899719238281,92.56300354003906,88.4010009765625,92.49700164794922,14855000,0.0,0.0
2022-02-10 00:00:00-05:00,90.0,93.25399780273438,88.5,89.33399963378906,19135000,0.0,0.0
2022-02-11 00:00:00-05:00,89.21499633789062,90.5989990234375,83.5009994506836,85.4000015258789,13525000,0.0,0.0
2022-02-14 00:00:00-05:00,84.63700103759766,87.11299896240234,83.5510025024414,84.74500274658203,15799000,0.0,0.0
2022-02-15 00:00:00-05:00,86.44300079345703,89.13480377197266,84.31400299072266,88.94999694824219,17269000,0.0,0.0
2022-02-16 00:00:00-05:00,79.98500061035156,80.0,72.0,74.68499755859375,99250000,0.0,0.0
2022-02-17 00:00:00-05:00,72.71199798583984,73.2239990234375,65.5,66.0,70505000,0.0,0.0
2022-02-18 00:00:00-05:00,66.27799987792969,68.3479995727539,64.04199981689453,65.68800354003906,39739000,0.0,0.0
2022-02-22 00:00:00-05:00,63.202999114990234,66.1989974975586,62.426998138427734,62.61600112915039,31565000,0.0,0.0
2022-02-23 00:00:00-05:00,63.47999954223633,65.98999786376953,62.50199890136719,62.6609992980957,24329000,0.0,0.0
2022-02-24 00:00:00-05:00,58.50299835205078,66.87899780273438,58.50299835205078,66.39800262451172,35520000,0.0,0.0
2022-02-25 00:00:00-05:00,67.72799682617188,68.46499633789062,64.2959976196289,67.69499969482422,22754000,0.0,0.0
2022-02-28 00:00:00-05:00,68.97599792480469,70.40699768066406,66.7490005493164,69.4260025024414,17032000,0.0,0.0
2022-03-01 00:00:00-05:00,68.8949966430664,71.11750030517578,67.06099700927734,67.34400177001953,16118000,0.0,0.0
2022-03-02 00:00:00-05:00,67.13500213623047,67.7979965209961,63.54100036621094,65.98300170898438,22121000,0.0,0.0
2022-03-03 00:00:00-05:00,66.49099731445312,66.6259994506836,63.220001220703125,64.07499694824219,15530000,0.0,0.0
2022-03-04 00:00:00-05:00,64.0979995727539,65.09400177001953,59.1510009765625,60.08399963378906,28135000,0.0,0.0
2022-03-07 00:00:00-05:00,59.900001525878906,60.606998443603516,55.736698150634766,56.08000183105469,27626000,0.0,0.0
2022-03-08 00:00:00-05:00,55.25600051879883,55.499000549316406,51.119998931884766,51.494998931884766,52423000,0.0,0.0
2022-03-09 00:00:00-05:00,54.499000549316406,59.4900016784668,53.40700149536133,58.76499938964844,39836000,0.0,0.0
2022-03-10 00:00:00-05:00,56.720001220703125,57.198001861572266,54.525001525878906,55.31800079345703,29826000,0.0,0.0
2022-03-11 00:00:00-05:00,56.89799880981445,58.05400085449219,54.2239990234375,54.4370002746582,27361000,0.0,0.0
2022-03-14 00:00:00-04:00,54.14099884033203,55.3224983215332,51.00199890136719,51.255001068115234,24949000,0.0,0.0
2022-03-15 00:00:00-04:00,51.858001708984375,56.29999923706055,51.3650016784668,55.34299850463867,26554000,0.0,0.0
2022-03-16 00:00:00-04:00,57.45800018310547,62.38600158691406,56.70000076293945,62.237998962402344,31596000,0.0,0.0
2022-03-17 00:00:00-04:00,61.22200012207031,65.77799987792969,60.46099853515625,65.73799896240234,30356000,0.0,0.0
2022-03-18 00:00:00-04:00,64.98799896240234,78.0,64.7300033569336,78.0,46309000,0.0,0.0
2022-03-21 00:00:00-04:00,69.9000015258789,71.30500030517578,65.3030014038086,68.34500122070312,66699000,0.0,0.0
2022-03-22 00:00:00-04:00,68.91699981689453,73.37799835205078,67.09500122070312,72.70099639892578,44498000,0.0,0.0
2022-03-23 00:00:00-04:00,71.5,73.9489974975586,69.5,70.35900115966797,33973000,0.0,0.0
2022-03-24 00:00:00-04:00,71.03199768066406,71.18099975585938,68.03720092773438,70.5,24119000,0.0,0.0
2022-03-25 00:00:00-04:00,70.5,70.68499755859375,66.5999984741211,67.9530029296875,22331000,0.0,0.0
2022-03-28 00:00:00-04:00,68.49700164794922,71.66000366210938,67.06600189208984,70.16000366210938,24524000,0.0,0.0
2022-03-29 00:00:00-04:00,71.68299865722656,75.87799835205078,70.24400329589844,74.39800262451172,29475000,0.0,0.0
2022-03-30 00:00:00-04:00,72.5719985961914,73.77999877929688,69.19999694824219,70.55999755859375,31929000,0.0,0.0
2022-03-31 00:00:00-04:00,70.85099792480469,70.86399841308594,67.52300262451172,67.59600067138672,22227000,0.0,0.0
2022-04-01 00:00:00-04:00,68.75599670410156,71.68769836425781,67.85099792480469,69.30000305175781,29412000,0.0,0.0
2022-04-04 00:00:00-04:00,69.63899993896484,73.08899688720703,69.19999694824219,72.72899627685547,19590000,0.0,0.0
2022-04-05 00:00:00-04:00,72.9000015258789,74.13400268554688,69.20099639892578,70.29199981689453,23784000,0.0,0.0
2022-04-06 00:00:00-04:00,68.46299743652344,68.54399871826172,63.84400177001953,65.65799713134766,33372000,0.0,0.0
2022-04-07 00:00:00-04:00,65.5999984741211,66.90499877929688,62.04499816894531,64.39700317382812,29001000,0.0,0.0
2022-04-08 00:00:00-04:00,63.93000030517578,64.1729965209961,60.00600051879883,60.31800079345703,41833000,0.0,0.0
2022-04-11 00:00:00-04:00,61.45100021362305,62.89799880981445,59.36800003051758,61.737998962402344,39027000,0.0,0.0
2022-04-12 00:00:00-04:00,62.75600051879883,64.43699645996094,59.02399826049805,59.10599899291992,36801000,0.0,0.0
2022-04-13 00:00:00-04:00,59.09700012207031,62.20000076293945,57.89500045776367,60.47800064086914,28847000,0.0,0.0
2022-04-14 00:00:00-04:00,60.24100112915039,60.70000076293945,57.9010009765625,57.95100021362305,22825000,0.0,0.0
2022-04-18 00:00:00-04:00,57.5,58.6890983581543,55.599998474121094,58.099998474121094,23199000,0.0,0.0
2022-04-19 00:00:00-04:00,57.75,61.400001525878906,57.599998474121094,60.5629997253418,21425000,0.0,0.0
2022-04-20 00:00:00-04:00,59.29800033569336,59.400001525878906,52.5,52.5,51187000,0.0,0.0
2022-04-21 00:00:00-04:00,53.500999450683594,53.77450180053711,47.25740051269531,48.099998474121094,59355000,0.0,0.0
2022-04-22 00:00:00-04:00,48.0,49.270999908447266,45.40299987792969,45.99700164794922,44860000,0.0,0.0
2022-04-25 00:00:00-04:00,46.198001861572266,47.584999084472656,45.3390007019043,45.92100143432617,40069000,0.0,0.0
2022-04-26 00:00:00-04:00,45.50600051879883,45.85300064086914,42.79999923706055,42.808998107910156,37412000,0.0,0.0
2022-04-27 00:00:00-04:00,42.39899826049805,43.99700164794922,41.332000732421875,41.619998931884766,31913000,0.0,0.0
2022-04-28 00:00:00-04:00,42.88100051879883,45.2130012512207,41.117000579833984,44.327999114990234,41856000,0.0,0.0
2022-04-29 00:00:00-04:00,42.20000076293945,46.3380012512207,42.14899826049805,42.68199920654297,39769000,0.0,0.0
2022-05-02 00:00:00-04:00,42.1150016784668,45.41400146484375,42.1150016784668,45.29800033569336,33719000,0.0,0.0
2022-05-03 00:00:00-04:00,45.17499923706055,47.53499984741211,44.94499969482422,46.52000045776367,37363000,0.0,0.0
2022-05-04 00:00:00-04:00,45.76599884033203,48.79899978637695,43.90999984741211,48.54899978637695,44708000,0.0,0.0
2022-05-05 00:00:00-04:00,40.763999938964844,42.487998962402344,39.58599853515625,41.308998107910156,113608000,0.0,0.0
2022-05-06 00:00:00-04:00,40.10599899291992,40.14899826049805,35.51300048828125,37.749000549316406,102696000,0.0,0.0
2022-05-09 00:00:00-04:00,36.20000076293945,37.17100143432617,33.729000091552734,34.00400161743164,64127000,0.0,0.0
2022-05-10 00:00:00-04:00,35.4900016784668,36.61000061035156,31.799999237060547,33.53900146484375,60862000,0.0,0.0
2022-05-11 00:00:00-04:00,33.194000244140625,34.599998474121094,31.524999618530273,31.858999252319336,63287000,0.0,0.0
2022-05-12 00:00:00-04:00,31.361000061035156,38.5,30.805999755859375,35.35100173950195,94274000,0.0,0.0
2022-05-13 00:00:00-04:00,37.21799850463867,40.862998962402344,37.21799850463867,40.24800109863281,61514000,0.0,0.0
2022-05-16 00:00:00-04:00,39.7760009765625,39.82400131225586,35.69499969482422,35.994998931884766,54134000,0.0,0.0
2022-05-17 00:00:00-04:00,37.40079879760742,38.49700164794922,34.63819885253906,37.263999938964844,47196000,0.0,0.0
2022-05-18 00:00:00-04:00,36.305999755859375,37.972999572753906,35.50199890136719,36.0620002746582,42404000,0.0,0.0
2022-05-19 00:00:00-04:00,36.215999603271484,41.369998931884766,36.04999923706055,39.132999420166016,76018000,0.0,0.0
2022-05-20 00:00:00-04:00,40.069000244140625,40.39899826049805,34.000999450683594,36.3849983215332,56643000,0.0,0.0
2022-05-23 00:00:00-04:00,36.20100021362305,36.87900161743164,34.20000076293945,36.8489990234375,40429000,0.0,0.0
2022-05-24 00:00:00-04:00,35.64099884033203,35.64099884033203,31.899999618530273,32.48400115966797,44375000,0.0,0.0
2022-05-25 00:00:00-04:00,32.948001861572266,33.67499923706055,31.799999237060547,33.31100082397461,37994000,0.0,0.0
2022-05-26 00:00:00-04:00,32.972999572753906,35.71269989013672,32.53499984741211,35.13199996948242,30734000,0.0,0.0
2022-05-27 00:00:00-04:00,35.676998138427734,37.18149948120117,35.563499450683594,36.90399932861328,31135000,0.0,0.0
2022-05-31 00:00:00-04:00,37.441001892089844,38.7400016784668,36.220001220703125,37.512001037597656,36062000,0.0,0.0
2022-06-01 00:00:00-04:00,37.9640007019043,39.29399871826172,35.1879997253418,36.15299987792969,38709000,0.0,0.0
2022-06-02 00:00:00-04:00,36.24700164794922,40.099998474121094,36.20100021362305,39.887001037597656,40150000,0.0,0.0
2022-06-03 00:00:00-04:00,37.9900016784668,38.55039978027344,34.82699966430664,35.36600112915039,50216000,0.0,0.0
2022-06-06 00:00:00-04:00,36.70000076293945,37.45600128173828,35.452999114990234,36.0620002746582,37865000,0.0,0.0
2022-06-07 00:00:00-04:00,35.4109992980957,38.13199996948242,35.0,38.07400131225586,47707000,0.0,0.0
2022-06-08 00:00:00-04:00,38.099998474121094,39.60499954223633,37.70899963378906,39.14699935913086,35180000,0.0,0.0
2022-06-09 00:00:00-04:00,38.520999908447266,39.75199890136719,37.10499954223633,37.138999938964844,33993000,0.0,0.0
2022-06-10 00:00:00-04:00,35.5,36.28099822998047,33.930999755859375,34.84299850463867,40240000,0.0,0.0
2022-06-13 00:00:00-04:00,33.141998291015625,34.013999938964844,31.163999557495117,31.29400062561035,40666000,0.0,0.0
2022-06-14 00:00:00-04:00,31.660999298095703,32.07699966430664,29.76409912109375,30.354000091552734,38194000,0.0,0.0
2022-06-15 00:00:00-04:00,30.56999969482422,33.09749984741211,30.479799270629883,32.60300064086914,47767000,0.0,0.0
2022-06-16 00:00:00-04:00,31.481000900268555,31.930999755859375,29.957000732421875,30.523000717163086,40943000,0.0,0.0
2022-06-17 00:00:00-04:00,30.690000534057617,32.58599853515625,30.631000518798828,31.68899917602539,37008000,0.0,0.0
2022-06-21 00:00:00-04:00,32.400001525878906,33.68199920654297,32.1609992980957,32.82500076293945,31601000,0.0,0.0
2022-06-22 00:00:00-04:00,32.4379997253418,34.82500076293945,32.25299835205078,33.854000091552734,34586000,0.0,0.0
2022-06-23 00:00:00-04:00,33.849998474121094,36.527000427246094,33.2130012512207,36.382999420166016,43753000,0.0,0.0
2022-06-24 00:00:00-04:00,36.45100021362305,38.78969955444336,36.382999420166016,38.52299880981445,46653000,0.0,0.0
2022-06-27 00:00:00-04:00,39.24800109863281,39.5,35.82899856567383,37.32099914550781,58165000,0.0,0.0
2022-06-28 00:00:00-04:00,37.13199996948242,38.04899978637695,34.65599822998047,35.0260009765625,44122000,0.0,0.0
2022-06-29 00:00:00-04:00,34.400001525878906,34.97999954223633,32.470001220703125,33.04999923706055,30879400,0.0,10.0
2022-06-30 00:00:00-04:00,32.650001525878906,33.34000015258789,30.860000610351562,31.239999771118164,26019600,0.0,0.0
2022-07-01 00:00:00-04:00,32.08000183105469,33.060001373291016,30.700000762939453,31.40999984741211,20371600,0.0,0.0
2022-07-05 00:00:00-04:00,30.84000015258789,34.279998779296875,29.719999313354492,34.0,29111300,0.0,0.0
2022-07-06 00:00:00-04:00,34.13999938964844,35.310001373291016,32.75,33.040000915527344,25782300,0.0,0.0
2022-07-07 00:00:00-04:00,32.84000015258789,35.47999954223633,32.29999923706055,35.33000183105469,23042300,0.0,0.0
2022-07-08 00:00:00-04:00,34.25,36.75,34.099998474121094,35.56999969482422,22067200,0.0,0.0
2022-07-11 00:00:00-04:00,34.7599983215332,35.099998474121094,32.040000915527344,32.31999969482422,22534000,0.0,0.0
2022-07-12 00:00:00-04:00,32.56999969482422,33.47999954223633,31.700000762939453,32.380001068115234,21445000,0.0,0.0
2022-07-13 00:00:00-04:00,31.350000381469727,33.209999084472656,30.280000686645508,32.150001525878906,26325800,0.0,0.0
2022-07-14 00:00:00-04:00,31.84000015258789,32.25,30.3799991607666,30.670000076293945,24247400,0.0,0.0
2022-07-15 00:00:00-04:00,31.290000915527344,31.84000015258789,30.020000457763672,31.270000457763672,22398700,0.0,0.0
2022-07-18 00:00:00-04:00,31.920000076293945,34.20000076293945,31.829999923706055,32.540000915527344,28950700,0.0,0.0
2022-07-19 00:00:00-04:00,34.02000045776367,34.380001068115234,32.040000915527344,34.369998931884766,27254900,0.0,0.0
2022-07-20 00:00:00-04:00,34.189998626708984,38.84000015258789,33.95000076293945,38.4900016784668,42330800,0.0,0.0
2022-07-21 00:00:00-04:00,37.970001220703125,40.68000030517578,37.849998474121094,40.400001525878906,39578500,0.0,0.0
2022-07-22 00:00:00-04:00,39.400001525878906,39.85900115966797,36.76499938964844,37.349998474121094,28254400,0.0,0.0
2022-07-25 00:00:00-04:00,37.04999923706055,37.43000030517578,35.709999084472656,36.709999084472656,19770500,0.0,0.0
2022-07-26 00:00:00-04:00,31.809999465942383,31.950000762939453,30.549999237060547,31.549999237060547,65071900,0.0,0.0
2022-07-27 00:00:00-04:00,31.459999084472656,35.47999954223633,31.309999465942383,35.2400016784668,79941500,0.0,0.0
2022-07-28 00:00:00-04:00,34.70000076293945,36.15999984741211,33.599998474121094,35.90999984741211,33198400,0.0,0.0
2022-07-29 00:00:00-04:00,35.209999084472656,36.64899826049805,33.75,34.83000183105469,31716800,0.0,0.0
2022-08-01 00:00:00-04:00,34.900001525878906,37.41999816894531,34.04999923706055,36.439998626708984,26421500,0.0,0.0
2022-08-02 00:00:00-04:00,35.70000076293945,38.97999954223633,35.54999923706055,37.7400016784668,29707000,0.0,0.0
2022-08-03 00:00:00-04:00,38.29999923706055,42.150001525878906,38.29999923706055,41.93000030517578,38072800,0.0,0.0
2022-08-04 00:00:00-04:00,41.95000076293945,42.59000015258789,40.17499923706055,41.02000045776367,31569700,0.0,0.0
2022-08-05 00:00:00-04:00,39.27000045776367,42.54999923706055,39.040000915527344,40.810001373291016,28771500,0.0,0.0
2022-08-08 00:00:00-04:00,41.40999984741211,42.45000076293945,39.27000045776367,39.77000045776367,29845900,0.0,0.0
2022-08-09 00:00:00-04:00,38.75,38.84000015258789,36.310001373291016,36.75,34712100,0.0,0.0
2022-08-10 00:00:00-04:00,39.439998626708984,40.869998931884766,37.970001220703125,40.61000061035156,39813100,0.0,0.0
2022-08-11 00:00:00-04:00,42.81999969482422,45.43000030517578,39.65999984741211,40.41999816894531,55567200,0.0,0.0
2022-08-12 00:00:00-04:00,41.29999923706055,41.529998779296875,39.61000061035156,40.7599983215332,29889600,0.0,0.0
2022-08-15 00:00:00-04:00,40.13999938964844,41.099998474121094,38.86000061035156,39.84000015258789,28841600,0.0,0.0
2022-08-16 00:00:00-04:00,39.93000030517578,40.38999938964844,37.630001068115234,39.58000183105469,30792100,0.0,0.0
2022-08-17 00:00:00-04:00,38.75,39.01499938964844,37.099998474121094,37.29999923706055,29058800,0.0,0.0
2022-08-18 00:00:00-04:00,37.290000915527344,37.380001068115234,36.0099983215332,36.86000061035156,20334700,0.0,0.0
2022-08-19 00:00:00-04:00,36.09000015258789,36.439998626708984,34.11000061035156,34.20000076293945,28335200,0.0,0.0
2022-08-22 00:00:00-04:00,33.38999938964844,33.97999954223633,32.56999969482422,33.18000030517578,23788800,0.0,0.0
2022-08-23 00:00:00-04:00,33.04999923706055,33.79999923706055,32.380001068115234,32.470001220703125,20640400,0.0,0.0
2022-08-24 00:00:00-04:00,32.68000030517578,34.26499938964844,32.40999984741211,33.290000915527344,23435800,0.0,0.0
2022-08-25 00:00:00-04:00,33.7400016784668,34.709999084472656,33.290000915527344,34.34000015258789,23870600,0.0,0.0
2022-08-26 00:00:00-04:00,34.369998931884766,34.59000015258789,31.799999237060547,32.41999816894531,30300000,0.0,0.0
2022-08-29 00:00:00-04:00,31.760000228881836,33.20000076293945,31.760000228881836,31.940000534057617,21041800,0.0,0.0
2022-08-30 00:00:00-04:00,32.470001220703125,32.90999984741211,30.530000686645508,31.360000610351562,33550300,0.0,0.0
2022-08-31 00:00:00-04:00,31.979999542236328,33.349998474121094,31.34000015258789,31.649999618530273,26208600,0.0,0.0
2022-09-01 00:00:00-04:00,30.940000534057617,31.360000610351562,29.820999145507812,31.270000457763672,28553500,0.0,0.0
2022-09-02 00:00:00-04:00,31.799999237060547,31.989999771118164,29.860000610351562,30.110000610351562,31478500,0.0,0.0
2022-09-06 00:00:00-04:00,30.149999618530273,30.360000610351562,29.06999969482422,29.84000015258789,25659500,0.0,0.0
2022-09-07 00:00:00-04:00,29.959999084472656,31.097999572753906,29.3700008392334,30.979999542236328,22289300,0.0,0.0
2022-09-08 00:00:00-04:00,30.420000076293945,32.029998779296875,29.889999389648438,31.940000534057617,30419400,0.0,0.0
2022-09-09 00:00:00-04:00,32.439998626708984,34.900001525878906,32.34000015258789,34.810001373291016,40584300,0.0,0.0
2022-09-12 00:00:00-04:00,34.75,35.810001373291016,34.599998474121094,35.15999984741211,24260600,0.0,0.0
2022-09-13 00:00:00-04:00,32.75,33.52000045776367,32.400001525878906,32.70000076293945,29833300,0.0,0.0
2022-09-14 00:00:00-04:00,32.58000183105469,33.72999954223633,31.889999389648438,33.689998626708984,22981700,0.0,0.0
2022-09-15 00:00:00-04:00,33.15999984741211,34.72999954223633,32.939998626708984,33.849998474121094,23235200,0.0,0.0
2022-09-16 00:00:00-04:00,32.43000030517578,32.83000183105469,31.219999313354492,31.729999542236328,31975500,0.0,0.0
2022-09-19 00:00:00-04:00,31.170000076293945,33.029998779296875,31.139999389648438,32.939998626708984,25049700,0.0,0.0
2022-09-20 00:00:00-04:00,32.310001373291016,32.38999938964844,30.790000915527344,30.950000762939453,26104100,0.0,0.0
2022-09-21 00:00:00-04:00,31.040000915527344,32.43000030517578,30.5,30.549999237060547,28911800,0.0,0.0
2022-09-22 00:00:00-04:00,30.209999084472656,30.569000244140625,28.31999969482422,28.56999969482422,34457100,0.0,0.0
2022-09-23 00:00:00-04:00,28.40999984741211,28.90999984741211,27.649999618530273,28.760000228881836,27542900,0.0,0.0
2022-09-26 00:00:00-04:00,28.670000076293945,29.940000534057617,28.239999771118164,28.25,25033100,0.0,0.0
2022-09-27 00:00:00-04:00,29.030000686645508,29.399999618530273,27.65999984741211,27.850000381469727,23308500,0.0,0.0
2022-09-28 00:00:00-04:00,27.940000534057617,29.3700008392334,27.65999984741211,29.239999771118164,24820600,0.0,0.0
2022-09-29 00:00:00-04:00,28.31999969482422,28.600000381469727,26.510000228881836,26.770000457763672,32086900,0.0,0.0
2022-09-30 00:00:00-04:00,26.56999969482422,28.139999389648438,26.3799991607666,26.940000534057617,24803900,0.0,0.0
2022-10-03 00:00:00-04:00,27.299999237060547,28.219999313354492,26.479999542236328,27.760000228881836,26422900,0.0,0.0
2022-10-04 00:00:00-04:00,29.079999923706055,31.844999313354492,29.0,31.530000686645508,43031000,0.0,0.0
2022-10-05 00:00:00-04:00,30.420000076293945,31.25,30.1200008392334,30.829999923706055,24091900,0.0,0.0
2022-10-06 00:00:00-04:00,30.549999237060547,31.079999923706055,29.780000686645508,30.059999465942383,36022000,0.0,0.0
2022-10-07 00:00:00-04:00,29.079999923706055,29.190000534057617,27.010000228881836,27.209999084472656,29793400,0.0,0.0
2022-10-10 00:00:00-04:00,27.280000686645508,27.280000686645508,26.010000228881836,26.450000762939453,21516600,0.0,0.0
2022-10-11 00:00:00-04:00,26.399999618530273,26.579999923706055,24.950000762939453,25.670000076293945,32098000,0.0,0.0
2022-10-12 00:00:00-04:00,25.65999984741211,26.450000762939453,25.2549991607666,25.989999771118164,20772500,0.0,0.0
2022-10-13 00:00:00-04:00,24.110000610351562,26.559999465942383,23.6299991607666,26.239999771118164,34677500,0.0,0.0
2022-10-14 00:00:00-04:00,26.989999771118164,27.389999389648438,25.979999542236328,26.059999465942383,30443800,0.0,0.0
2022-10-17 00:00:00-04:00,27.450000762939453,27.9950008392334,27.06999969482422,27.760000228881836,22387300,0.0,0.0
2022-10-18 00:00:00-04:00,29.25,29.719999313354492,28.329999923706055,28.729999542236328,22754300,0.0,0.0
2022-10-19 00:00:00-04:00,28.450000762939453,28.6299991607666,27.84000015258789,28.350000381469727,22677700,0.0,0.0
2022-10-20 00:00:00-04:00,28.5,30.81999969482422,28.3799991607666,29.729999542236328,37547100,0.0,0.0
2022-10-21 00:00:00-04:00,29.030000686645508,29.75,28.03499984741211,29.75,32835900,0.0,0.0
2022-10-24 00:00:00-04:00,29.31999969482422,29.389999389648438,27.829999923706055,28.75,24463900,0.0,0.0
2022-10-25 00:00:00-04:00,29.15999984741211,30.15999984741211,29.149999618530273,29.829999923706055,19598800,0.0,0.0
2022-10-26 00:00:00-04:00,29.200000762939453,30.8700008392334,28.549999237060547,29.059999465942383,29275000,0.0,0.0
2022-10-27 00:00:00-04:00,31.030000686645508,34.599998474121094,30.899999618530273,34.099998474121094,85884000,0.0,0.0
2022-10-28 00:00:00-04:00,33.84000015258789,34.779998779296875,32.58000183105469,34.189998626708984,39189500,0.0,0.0
2022-10-31 00:00:00-04:00,34.06999969482422,36.15999984741211,33.900001525878906,34.22999954223633,46021100,0.0,0.0
2022-11-01 00:00:00-04:00,35.380001068115234,36.400001525878906,34.720001220703125,34.790000915527344,32527700,0.0,0.0
2022-11-02 00:00:00-04:00,34.93000030517578,36.060001373291016,33.505001068115234,33.5099983215332,34905000,0.0,0.0
2022-11-03 00:00:00-04:00,32.91999816894531,35.15599822998047,32.83000183105469,33.7400016784668,23395000,0.0,0.0
2022-11-04 00:00:00-04:00,34.72999954223633,35.0,31.329999923706055,32.150001525878906,30310900,0.0,0.0
2022-11-07 00:00:00-05:00,32.61000061035156,32.93000030517578,31.459999084472656,32.2400016784668,16129000,0.0,0.0
2022-11-08 00:00:00-05:00,32.56999969482422,33.25,31.65999984741211,32.79999923706055,18576000,0.0,0.0
2022-11-09 00:00:00-05:00,32.029998779296875,32.38999938964844,30.440000534057617,30.899999618530273,17640800,0.0,0.0
2022-11-10 00:00:00-05:00,33.900001525878906,36.599998474121094,33.45000076293945,36.5099983215332,32449100,0.0,0.0
2022-11-11 00:00:00-05:00,36.61000061035156,40.92100143432617,36.130001068115234,39.439998626708984,39173400,0.0,0.0
2022-11-14 00:00:00-05:00,39.04999923706055,39.310001373291016,37.91999816894531,38.400001525878906,17931100,0.0,0.0
2022-11-15 00:00:00-05:00,40.40999984741211,41.72999954223633,39.959999084472656,40.02000045776367,26589100,0.0,0.0
2022-11-16 00:00:00-05:00,39.06999969482422,39.779998779296875,37.86000061035156,38.5099983215332,17334200,0.0,0.0
2022-11-17 00:00:00-05:00,37.47999954223633,38.27000045776367,36.84000015258789,37.720001220703125,16916600,0.0,0.0
2022-11-18 00:00:00-05:00,38.290000915527344,38.369998931884766,36.08000183105469,36.59000015258789,14746300,0.0,0.0
2022-11-21 00:00:00-05:00,35.77000045776367,36.090999603271484,34.65999984741211,35.209999084472656,15565600,0.0,0.0
2022-11-22 00:00:00-05:00,35.119998931884766,35.380001068115234,34.380001068115234,35.279998779296875,12669100,0.0,0.0
2022-11-23 00:00:00-05:00,35.369998931884766,37.040000915527344,35.150001525878906,36.77000045776367,15970700,0.0,0.0
2022-11-25 00:00:00-05:00,36.72999954223633,37.0099983215332,36.040000915527344,36.790000915527344,9401500,0.0,0.0
2022-11-28 00:00:00-05:00,38.79999923706055,40.150001525878906,37.5369987487793,38.029998779296875,42560300,0.0,0.0
2022-11-29 00:00:00-05:00,38.47999954223633,39.959999084472656,36.72999954223633,37.150001525878906,29118200,0.0,0.0
2022-11-30 00:00:00-05:00,37.41999816894531,40.900001525878906,37.09000015258789,40.880001068115234,30671800,0.0,0.0
2022-12-01 00:00:00-05:00,41.45000076293945,43.7400016784668,41.29999923706055,43.400001525878906,33691900,0.0,0.0
2022-12-02 00:00:00-05:00,42.150001525878906,45.060001373291016,42.0099983215332,43.060001373291016,30820900,0.0,0.0
2022-12-05 00:00:00-05:00,42.77000045776367,43.70000076293945,40.40999984741211,40.790000915527344,22014000,0.0,0.0
2022-12-06 00:00:00-05:00,40.56999969482422,40.849998474121094,38.56999969482422,38.970001220703125,19295200,0.0,0.0
2022-12-07 00:00:00-05:00,38.08000183105469,38.9900016784668,37.720001220703125,38.4900016784668,23536600,0.0,0.0
2022-12-08 00:00:00-05:00,38.06999969482422,39.150001525878906,36.560001373291016,38.63999938964844,24816600,0.0,0.0
2022-12-09 00:00:00-05:00,38.45000076293945,40.35499954223633,38.32500076293945,38.380001068115234,21469400,0.0,0.0
2022-12-12 00:00:00-05:00,37.91999816894531,38.68000030517578,37.4900016784668,38.380001068115234,20040700,0.0,0.0
2022-12-13 00:00:00-05:00,41.810001373291016,42.70000076293945,38.566001892089844,38.779998779296875,26830000,0.0,0.0
2022-12-14 00:00:00-05:00,38.400001525878906,39.45000076293945,37.694000244140625,38.2400016784668,21245500,0.0,0.0
2022-12-15 00:00:00-05:00,37.290000915527344,37.79999923706055,36.04999923706055,36.38999938964844,17448200,0.0,0.0
2022-12-16 00:00:00-05:00,36.09000015258789,37.11000061035156,35.650001525878906,36.09000015258789,16908800,0.0,0.0
2022-12-19 00:00:00-05:00,36.099998474121094,36.29999923706055,35.22200012207031,35.5,14397600,0.0,0.0
2022-12-20 00:00:00-05:00,34.900001525878906,37.099998474121094,34.779998779296875,35.9900016784668,16742400,0.0,0.0
2022-12-21 00:00:00-05:00,36.18000030517578,36.939998626708984,35.290000915527344,36.189998626708984,13260500,0.0,0.0
2022-12-22 00:00:00-05:00,35.599998474121094,35.599998474121094,33.38999938964844,34.68000030517578,16498400,0.0,0.0
2022-12-23 00:00:00-05:00,34.20000076293945,34.54999923706055,33.10499954223633,33.709999084472656,13112800,0.0,0.0
2022-12-27 00:00:00-05:00,33.060001373291016,33.6349983215332,32.349998474121094,33.38999938964844,12400900,0.0,0.0
2022-12-28 00:00:00-05:00,33.209999084472656,33.70000076293945,32.39500045776367,32.63999938964844,13332100,0.0,0.0
2022-12-29 00:00:00-05:00,33.18000030517578,35.380001068115234,32.93000030517578,35.099998474121094,17645700,0.0,0.0
2022-12-30 00:00:00-05:00,34.31999969482422,35.145999908447266,34.150001525878906,34.709999084472656,13272900,0.0,0.0
2023-01-03 00:00:00-05:00,35.689998626708984,36.47999954223633,34.650001525878906,35.68000030517578,18847000,0.0,0.0
2023-01-04 00:00:00-05:00,36.290000915527344,37.77000045776367,35.709999084472656,37.540000915527344,20072500,0.0,0.0
2023-01-05 00:00:00-05:00,36.54999923706055,36.790000915527344,35.36000061035156,35.95000076293945,16462100,0.0,0.0
2023-01-06 00:00:00-05:00,36.11000061035156,37.25,34.970001220703125,36.849998474121094,15951900,0.0,0.0
2023-01-09 00:00:00-05:00,37.70000076293945,38.4900016784668,37.15999984741211,37.189998626708984,17446600,0.0,0.0
2023-01-10 00:00:00-05:00,36.970001220703125,37.400001525878906,36.040000915527344,36.5,20460400,0.0,0.0
2023-01-11 00:00:00-05:00,36.63999938964844,37.349998474121094,35.779998779296875,36.439998626708984,19921800,0.0,0.0
2023-01-12 00:00:00-05:00,37.290000915527344,37.400001525878906,35.599998474121094,36.7599983215332,19977600,0.0,0.0
2023-01-13 00:00:00-05:00,35.79999923706055,39.06999969482422,35.66999816894531,38.88999938964844,24097400,0.0,0.0
2023-01-17 00:00:00-05:00,39.189998626708984,40.29999923706055,38.04999923706055,39.97999954223633,20077200,0.0,0.0
2023-01-18 00:00:00-05:00,40.380001068115234,41.029998779296875,39.095001220703125,39.16999816894531,19447800,0.0,0.0
2023-01-19 00:00:00-05:00,38.41999816894531,39.470001220703125,37.90999984741211,38.060001373291016,15311900,0.0,0.0
2023-01-20 00:00:00-05:00,38.58000183105469,40.47999954223633,38.13999938964844,40.47999954223633,15073100,0.0,0.0
2023-01-23 00:00:00-05:00,42.11000061035156,44.11000061035156,41.900001525878906,44.040000915527344,29496300,0.0,0.0
2023-01-24 00:00:00-05:00,45.5,45.5,42.0,42.689998626708984,16032500,0.0,0.0
2023-01-25 00:00:00-05:00,44.959999084472656,48.27000045776367,44.34000015258789,47.33000183105469,59097900,0.0,0.0
2023-01-26 00:00:00-05:00,48.70000076293945,49.08000183105469,46.439998626708984,48.33000183105469,28958200,0.0,0.0
2023-01-27 00:00:00-05:00,47.75,50.16999816894531,47.619998931884766,50.08000183105469,24480200,0.0,0.0
2023-01-30 00:00:00-05:00,49.58000183105469,49.650001525878906,47.04999923706055,47.189998626708984,18872900,0.0,0.0
2023-01-31 00:00:00-05:00,47.880001068115234,49.744998931884766,47.72999954223633,49.27000045776367,21531600,0.0,0.0
2023-02-01 00:00:00-05:00,49.369998931884766,50.84000015258789,48.279998779296875,50.2599983215332,26964600,0.0,0.0
2023-02-02 00:00:00-05:00,52.7400016784668,54.4900016784668,52.33000183105469,53.630001068115234,26663500,0.0,0.0
2023-02-03 00:00:00-05:00,51.27000045776367,54.665000915527344,51.0,52.93000030517578,21572000,0.0,0.0
2023-02-06 00:00:00-05:00,51.66999816894531,52.88999938964844,51.400001525878906,51.56999969482422,13585900,0.0,0.0
2023-02-07 00:00:00-05:00,51.61000061035156,51.79999923706055,49.34000015258789,51.349998474121094,20441200,0.0,0.0
2023-02-08 00:00:00-05:00,51.11000061035156,51.720001220703125,49.7599983215332,49.79999923706055,13116400,0.0,0.0
2023-02-09 00:00:00-05:00,50.720001220703125,51.2599983215332,49.39500045776367,49.63999938964844,17396400,0.0,0.0
2023-02-10 00:00:00-05:00,48.86000061035156,49.150001525878906,47.32600021362305,48.29999923706055,14714100,0.0,0.0
2023-02-13 00:00:00-05:00,48.380001068115234,49.119998931884766,47.91999816894531,48.70000076293945,11358400,0.0,0.0
2023-02-14 00:00:00-05:00,48.75,50.72999954223633,47.939998626708984,50.11000061035156,18465400,0.0,0.0
2023-02-15 00:00:00-05:00,51.0,53.70000076293945,50.209999084472656,53.38999938964844,36098100,0.0,0.0
2023-02-16 00:00:00-05:00,45.540000915527344,46.91999816894531,44.30500030517578,44.90999984741211,66831900,0.0,0.0
2023-02-17 00:00:00-05:00,44.13999938964844,45.029998779296875,42.91999816894531,43.61000061035156,26415300,0.0,0.0
2023-02-21 00:00:00-05:00,42.130001068115234,42.849998474121094,41.13999938964844,41.41999816894531,24483300,0.0,0.0
2023-02-22 00:00:00-05:00,42.029998779296875,42.92499923706055,41.02000045776367,42.029998779296875,20094700,0.0,0.0
2023-02-23 00:00:00-05:00,42.689998626708984,42.81999969482422,40.939998626708984,42.380001068115234,20430900,0.0,0.0
2023-02-24 00:00:00-05:00,40.45000076293945,41.09000015258789,39.869998931884766,40.75,20981600,0.0,0.0
2023-02-27 00:00:00-05:00,40.939998626708984,41.04999923706055,39.7400016784668,40.47999954223633,18491800,0.0,0.0
2023-02-28 00:00:00-05:00,40.5099983215332,41.35900115966797,40.40999984741211,41.13999938964844,13054900,0.0,0.0
2023-03-01 00:00:00-05:00,41.13999938964844,41.45000076293945,40.0,40.099998474121094,13484800,0.0,0.0
2023-03-02 00:00:00-05:00,39.119998931884766,41.40999984741211,39.02000045776367,41.18000030517578,16917000,0.0,0.0
2023-03-03 00:00:00-05:00,41.310001373291016,43.48899841308594,41.220001220703125,43.400001525878906,16948500,0.0,0.0
2023-03-06 00:00:00-05:00,43.709999084472656,44.05500030517578,43.16999816894531,43.47999954223633,14875100,0.0,0.0
2023-03-07 00:00:00-05:00,43.119998931884766,43.68000030517578,42.220001220703125,42.459999084472656,13295700,0.0,0.0
2023-03-08 00:00:00-05:00,42.380001068115234,43.81999969482422,42.025001525878906,43.70000076293945,13779400,0.0,0.0
2023-03-09 00:00:00-05:00,43.72999954223633,45.97999954223633,42.7400016784668,43.0,24116800,0.0,0.0
2023-03-10 00:00:00-05:00,42.13999938964844,42.6349983215332,40.52000045776367,41.459999084472656,22080900,0.0,0.0
2023-03-13 00:00:00-04:00,40.52000045776367,42.76499938964844,39.790000915527344,41.779998779296875,18922300,0.0,0.0
2023-03-14 00:00:00-04:00,42.959999084472656,44.209999084472656,42.86000061035156,43.79999923706055,16867700,0.0,0.0
2023-03-15 00:00:00-04:00,42.630001068115234,43.560001373291016,42.09000015258789,43.540000915527344,17052200,0.0,0.0
2023-03-16 00:00:00-04:00,43.4900016784668,44.849998474121094,42.02000045776367,44.66999816894531,15374500,0.0,0.0
2023-03-17 00:00:00-04:00,44.22999954223633,45.380001068115234,43.75,44.68000030517578,17938000,0.0,0.0
2023-03-20 00:00:00-04:00,44.11000061035156,44.2400016784668,42.779998779296875,43.880001068115234,15361600,0.0,0.0
2023-03-21 00:00:00-04:00,44.099998474121094,46.04999923706055,44.099998474121094,45.7400016784668,14747400,0.0,0.0
2023-03-22 00:00:00-04:00,45.709999084472656,47.31999969482422,44.720001220703125,44.959999084472656,17080900,0.0,0.0
2023-03-23 00:00:00-04:00,45.81999969482422,46.94200134277344,45.119998931884766,45.790000915527344,15348800,0.0,0.0
2023-03-24 00:00:00-04:00,45.20000076293945,45.57899856567383,44.23500061035156,44.97999954223633,11154500,0.0,0.0
2023-03-27 00:00:00-04:00,45.36000061035156,45.880001068115234,44.25,45.06999969482422,10729600,0.0,0.0
2023-03-28 00:00:00-04:00,44.97999954223633,45.38999938964844,44.0,44.310001373291016,8872500,0.0,0.0
2023-03-29 00:00:00-04:00,44.75,46.72999954223633,44.75,46.70000076293945,14238100,0.0,0.0
2023-03-30 00:00:00-04:00,47.2400016784668,47.31999969482422,46.02000045776367,46.5099983215332,12119100,0.0,0.0
2023-03-31 00:00:00-04:00,46.4900016784668,48.1349983215332,45.95000076293945,47.939998626708984,13503600,0.0,0.0
2023-04-03 00:00:00-04:00,47.25,47.7599983215332,46.58000183105469,47.68000030517578,10349800,0.0,0.0
2023-04-04 00:00:00-04:00,47.779998779296875,48.2599983215332,47.31999969482422,47.59000015258789,11378400,0.0,0.0
2023-04-05 00:00:00-04:00,47.34000015258789,47.41999816894531,45.18000030517578,45.189998626708984,12283100,0.0,0.0
2023-04-06 00:00:00-04:00,44.68000030517578,45.630001068115234,43.5,45.349998474121094,11908500,0.0,0.0
2023-04-10 00:00:00-04:00,44.689998626708984,45.61000061035156,44.04899978637695,45.349998474121094,9589600,0.0,0.0
2023-04-11 00:00:00-04:00,45.09000015258789,45.54999923706055,44.18000030517578,44.779998779296875,9268300,0.0,0.0
2023-04-12 00:00:00-04:00,47.13999938964844,48.75,45.220001220703125,45.29999923706055,30890300,0.0,0.0
2023-04-13 00:00:00-04:00,45.75,46.720001220703125,45.630001068115234,45.72999954223633,12856300,0.0,0.0
2023-04-14 00:00:00-04:00,45.5099983215332,46.474998474121094,45.106998443603516,46.38999938964844,9819500,0.0,0.0
2023-04-17 00:00:00-04:00,46.11000061035156,48.81999969482422,45.90999984741211,48.52000045776367,17277700,0.0,0.0
2023-04-18 00:00:00-04:00,48.970001220703125,49.86000061035156,48.630001068115234,49.20000076293945,13933400,0.0,0.0
2023-04-19 00:00:00-04:00,48.41999816894531,49.400001525878906,48.310001373291016,49.04999923706055,10237300,0.0,0.0
2023-04-20 00:00:00-04:00,48.400001525878906,48.7400016784668,47.63999938964844,48.0,12161900,0.0,0.0
2023-04-21 00:00:00-04:00,48.22999954223633,48.9900016784668,47.849998474121094,48.939998626708984,12149000,0.0,0.0
2023-04-24 00:00:00-04:00,48.849998474121094,49.45500183105469,47.540000915527344,48.02000045776367,10039700,0.0,0.0
2023-04-25 00:00:00-04:00,47.5,47.5,46.279998779296875,46.459999084472656,9376800,0.0,0.0
2023-04-26 00:00:00-04:00,47.22999954223633,47.42499923706055,46.16999816894531,46.369998931884766,8126500,0.0,0.0
2023-04-27 00:00:00-04:00,47.43000030517578,47.619998931884766,46.34000015258789,47.59000015258789,11479500,0.0,0.0
2023-04-28 00:00:00-04:00,46.939998626708984,48.869998931884766,46.91999816894531,48.45000076293945,10411800,0.0,0.0
2023-05-01 00:00:00-04:00,48.130001068115234,48.91999816894531,47.1349983215332,47.279998779296875,9577300,0.0,0.0
2023-05-02 00:00:00-04:00,46.869998931884766,47.630001068115234,46.08000183105469,46.779998779296875,11255000,0.0,0.0
2023-05-03 00:00:00-04:00,46.79999923706055,47.970001220703125,46.189998626708984,46.27000045776367,15472700,0.0,0.0
2023-05-04 00:00:00-04:00,54.869998931884766,59.81999969482422,53.880001068115234,57.29999923706055,88927300,0.0,0.0
2023-05-05 00:00:00-04:00,57.29999923706055,62.53900146484375,57.02000045776367,62.029998779296875,43079500,0.0,0.0
2023-05-08 00:00:00-04:00,61.599998474121094,65.12999725341797,61.290000915527344,64.37999725341797,37097600,0.0,0.0
2023-05-09 00:00:00-04:00,63.47999954223633,63.93000030517578,62.36000061035156,63.88999938964844,20442800,0.0,0.0
2023-05-10 00:00:00-04:00,64.30999755859375,65.54000091552734,63.15999984741211,63.16999816894531,17461200,0.0,0.0
2023-05-11 00:00:00-04:00,62.400001525878906,63.0890007019043,61.58000183105469,62.900001525878906,15715100,0.0,0.0
2023-05-12 00:00:00-04:00,62.400001525878906,62.709999084472656,61.0099983215332,61.33000183105469,13654600,0.0,0.0
2023-05-15 00:00:00-04:00,60.7599983215332,62.31999969482422,60.70000076293945,61.58000183105469,10652900,0.0,0.0
2023-05-16 00:00:00-04:00,61.20000076293945,62.0,60.119998931884766,60.119998931884766,11089600,0.0,0.0
2023-05-17 00:00:00-04:00,60.47999954223633,61.08000183105469,59.41999816894531,60.7599983215332,10665600,0.0,0.0
2023-05-18 00:00:00-04:00,60.790000915527344,61.97999954223633,60.0099983215332,60.849998474121094,12967300,0.0,0.0
2023-05-19 00:00:00-04:00,60.70000076293945,61.04999923706055,59.790000915527344,60.20000076293945,11249200,0.0,0.0
2023-05-22 00:00:00-04:00,60.209999084472656,64.0459976196289,60.16999816894531,62.060001373291016,17253600,0.0,0.0
2023-05-23 00:00:00-04:00,61.279998779296875,62.040000915527344,57.974998474121094,58.33000183105469,20317600,0.0,0.0
2023-05-24 00:00:00-04:00,57.75,59.84000015258789,57.0099983215332,58.970001220703125,17906400,0.0,0.0
2023-05-25 00:00:00-04:00,59.470001220703125,59.58000183105469,57.43000030517578,57.709999084472656,11529500,0.0,0.0
2023-05-26 00:00:00-04:00,58.0,59.91999816894531,57.79499816894531,59.2599983215332,13636000,0.0,0.0
2023-05-30 00:00:00-04:00,60.599998474121094,61.4900016784668,57.7400016784668,58.189998626708984,12758600,0.0,0.0
2023-05-31 00:00:00-04:00,58.15999984741211,59.11000061035156,56.72999954223633,57.189998626708984,13151600,0.0,0.0
2023-06-01 00:00:00-04:00,56.41999816894531,58.59000015258789,55.41999816894531,57.939998626708984,17356600,0.0,0.0
2023-06-02 00:00:00-04:00,59.029998779296875,59.779998779296875,57.93000030517578,58.290000915527344,12240200,0.0,0.0
2023-06-05 00:00:00-04:00,58.040000915527344,60.849998474121094,57.939998626708984,59.91999816894531,14562400,0.0,0.0
2023-06-06 00:00:00-04:00,61.900001525878906,64.05999755859375,60.720001220703125,63.65999984741211,29211000,0.0,0.0
2023-06-07 00:00:00-04:00,64.01000213623047,64.81999969482422,59.32500076293945,59.560001373291016,18023900,0.0,0.0
2023-06-08 00:00:00-04:00,59.279998779296875,61.119998931884766,58.07600021362305,59.279998779296875,13235100,0.0,0.0
2023-06-09 00:00:00-04:00,59.79999923706055,62.29999923706055,59.599998474121094,61.36000061035156,12933200,0.0,0.0
2023-06-12 00:00:00-04:00,62.099998474121094,65.62000274658203,61.93000030517578,65.01000213623047,23168300,0.0,0.0
2023-06-13 00:00:00-04:00,66.0,66.5,63.29999923706055,63.84000015258789,16201900,0.0,0.0
2023-06-14 00:00:00-04:00,63.97999954223633,66.55999755859375,63.849998474121094,65.87999725341797,16711900,0.0,0.0
2023-06-15 00:00:00-04:00,65.33000183105469,66.33999633789062,63.81999969482422,66.0999984741211,11963300,0.0,0.0
2023-06-16 00:00:00-04:00,66.98999786376953,67.36000061035156,64.51000213623047,64.70999908447266,13552000,0.0,0.0
2023-06-20 00:00:00-04:00,65.0,66.56999969482422,63.31999969482422,64.26000213623047,12884400,0.0,0.0
2023-06-21 00:00:00-04:00,64.16000366210938,64.8499984741211,61.849998474121094,63.16999816894531,12508600,0.0,0.0
2023-06-22 00:00:00-04:00,62.650001525878906,64.05999755859375,62.04999923706055,63.47999954223633,11134600,0.0,0.0
2023-06-23 00:00:00-04:00,62.029998779296875,63.91999816894531,61.58000183105469,63.790000915527344,8603100,0.0,0.0
2023-06-26 00:00:00-04:00,63.369998931884766,64.94000244140625,63.119998931884766,63.25,8599300,0.0,0.0
2023-06-27 00:00:00-04:00,63.45000076293945,64.54000091552734,62.779998779296875,63.79999923706055,9592500,0.0,0.0
2023-06-28 00:00:00-04:00,63.79999923706055,66.30500030517578,63.290000915527344,64.62000274658203,10721700,0.0,0.0
2023-06-29 00:00:00-04:00,64.77999877929688,64.80999755859375,63.16999816894531,63.7599983215332,8527900,0.0,0.0
2023-06-30 00:00:00-04:00,64.47000122070312,65.3499984741211,64.19999694824219,64.5999984741211,10873300,0.0,0.0
2023-07-03 00:00:00-04:00,65.04000091552734,66.41999816894531,64.37000274658203,64.8499984741211,7509500,0.0,0.0
2023-07-05 00:00:00-04:00,64.62999725341797,64.7300033569336,63.06999969482422,64.44000244140625,12541100,0.0,0.0
2023-07-06 00:00:00-04:00,63.04999923706055,63.29999923706055,61.439998626708984,61.83000183105469,13301200,0.0,0.0
2023-07-07 00:00:00-04:00,62.11000061035156,63.33000183105469,61.599998474121094,61.66999816894531,7961300,0.0,0.0
2023-07-10 00:00:00-04:00,61.25,62.040000915527344,60.5099983215332,61.88999938964844,8457600,0.0,0.0
2023-07-11 00:00:00-04:00,62.25,63.279998779296875,62.11000061035156,63.150001525878906,8330100,0.0,0.0
2023-07-12 00:00:00-04:00,64.37000274658203,65.94999694824219,63.70000076293945,65.94000244140625,14865500,0.0,0.0
2023-07-13 00:00:00-04:00,67.0199966430664,70.5,66.80999755859375,70.37000274658203,22978300,0.0,0.0
2023-07-14 00:00:00-04:00,70.61000061035156,71.43000030517578,68.41999816894531,68.44999694824219,12088500,0.0,0.0
2023-07-17 00:00:00-04:00,68.5999984741211,69.88999938964844,67.87000274658203,68.68000030517578,9671300,0.0,0.0
2023-07-18 00:00:00-04:00,68.45999908447266,68.45999908447266,65.25,67.26000213623047,14982000,0.0,0.0
2023-07-19 00:00:00-04:00,67.87999725341797,69.12999725341797,67.41000366210938,68.2300033569336,9139300,0.0,0.0
2023-07-20 00:00:00-04:00,67.2699966430664,68.26799774169922,65.0250015258789,65.44000244140625,10732300,0.0,0.0
2023-07-21 00:00:00-04:00,66.26000213623047,66.63500213623047,65.19000244140625,65.56999969482422,7394600,0.0,0.0
2023-07-24 00:00:00-04:00,67.0,67.69999694824219,65.51000213623047,66.16999816894531,10457300,0.0,0.0
2023-07-25 00:00:00-04:00,65.91000366210938,66.4800033569336,64.85399627685547,64.98999786376953,8531200,0.0,0.0
2023-07-26 00:00:00-04:00,64.5,65.9000015258789,63.90999984741211,64.68000030517578,8663000,0.0,0.0
2023-07-27 00:00:00-04:00,66.31999969482422,67.79000091552734,63.525001525878906,63.959999084472656,12823800,0.0,0.0
2023-07-28 00:00:00-04:00,65.01000213623047,66.26000213623047,64.87000274658203,66.04000091552734,7783200,0.0,0.0
2023-07-31 00:00:00-04:00,66.94999694824219,68.30999755859375,66.76000213623047,67.58000183105469,9079000,0.0,0.0
2023-08-01 00:00:00-04:00,66.7699966430664,67.63999938964844,65.58999633789062,67.44999694824219,9900400,0.0,0.0
2023-08-02 00:00:00-04:00,65.63999938964844,66.18099975585938,61.9900016784668,62.43000030517578,25987400,0.0,0.0
2023-08-03 00:00:00-04:00,61.880001068115234,64.25,58.33000183105469,59.040000915527344,35450300,0.0,0.0
2023-08-04 00:00:00-04:00,60.25,61.18000030517578,57.66999816894531,57.93000030517578,17041900,0.0,0.0
2023-08-07 00:00:00-04:00,57.61000061035156,58.058998107910156,56.5099983215332,57.56999969482422,10887400,0.0,0.0
2023-08-08 00:00:00-04:00,56.45000076293945,57.310001373291016,55.72999954223633,56.189998626708984,12202300,0.0,0.0
2023-08-09 00:00:00-04:00,56.099998474121094,57.064998626708984,55.09000015258789,55.20000076293945,9709000,0.0,0.0
2023-08-10 00:00:00-04:00,56.29999923706055,57.20000076293945,55.380001068115234,56.470001220703125,11696400,0.0,0.0
2023-08-11 00:00:00-04:00,55.59000015258789,55.94200134277344,54.709999084472656,55.27000045776367,8671900,0.0,0.0
2023-08-14 00:00:00-04:00,54.540000915527344,55.9900016784668,54.37699890136719,55.97999954223633,6531000,0.0,0.0
2023-08-15 00:00:00-04:00,55.689998626708984,56.20000076293945,54.77000045776367,55.34000015258789,9741000,0.0,0.0
2023-08-16 00:00:00-04:00,55.15999984741211,55.94499969482422,54.349998474121094,55.34000015258789,8530700,0.0,0.0
2023-08-17 00:00:00-04:00,55.689998626708984,55.970001220703125,52.775001525878906,53.220001220703125,13873200,0.0,0.0
2023-08-18 00:00:00-04:00,51.470001220703125,53.25,51.20000076293945,53.13999938964844,12142800,0.0,0.0
2023-08-21 00:00:00-04:00,53.40999984741211,54.27000045776367,52.89899826049805,53.93000030517578,7606800,0.0,0.0
2023-08-22 00:00:00-04:00,54.70000076293945,55.084999084472656,53.84000015258789,53.959999084472656,6627500,0.0,0.0
2023-08-23 00:00:00-04:00,54.189998626708984,57.005001068115234,54.11000061035156,56.72999954223633,13232000,0.0,0.0
2023-08-24 00:00:00-04:00,57.099998474121094,57.16999816894531,54.93199920654297,55.459999084472656,8956200,0.0,0.0
2023-08-25 00:00:00-04:00,55.43000030517578,56.63999938964844,54.06800079345703,55.540000915527344,8956000,0.0,0.0
2023-08-28 00:00:00-04:00,56.2400016784668,56.724998474121094,55.75,56.310001373291016,7511900,0.0,0.0
2023-08-29 00:00:00-04:00,56.279998779296875,59.14899826049805,56.0099983215332,58.79999923706055,9897800,0.0,0.0
2023-08-30 00:00:00-04:00,58.59000015258789,60.02899932861328,58.369998931884766,60.0099983215332,7972400,0.0,0.0
2023-08-31 00:00:00-04:00,64.70999908447266,66.8499984741211,63.279998779296875,66.48999786376953,30505800,0.0,0.0
2023-09-01 00:00:00-04:00,66.68000030517578,67.5999984741211,65.88999938964844,66.70999908447266,13840600,0.0,0.0
2023-09-05 00:00:00-04:00,66.23999786376953,66.48999786376953,65.2699966430664,65.80000305175781,8858400,0.0,0.0
2023-09-06 00:00:00-04:00,65.04000091552734,66.26000213623047,65.0,65.81999969482422,8222700,0.0,0.0
2023-09-07 00:00:00-04:00,64.76000213623047,65.70999908447266,63.57099914550781,64.77999877929688,8711900,0.0,0.0
2023-09-08 00:00:00-04:00,64.33999633789062,64.82499694824219,62.78499984741211,63.0099983215332,9043500,0.0,0.0
2023-09-11 00:00:00-04:00,63.38999938964844,64.76000213623047,62.810001373291016,64.55999755859375,7924300,0.0,0.0
2023-09-12 00:00:00-04:00,63.72999954223633,64.91999816894531,62.90999984741211,62.93000030517578,7179900,0.0,0.0
2023-09-13 00:00:00-04:00,62.34000015258789,63.2599983215332,61.72200012207031,62.619998931884766,6920300,0.0,0.0
2023-09-14 00:00:00-04:00,63.08000183105469,63.8380012512207,62.650001525878906,63.400001525878906,7116800,0.0,0.0
2023-09-15 00:00:00-04:00,63.310001373291016,63.4900016784668,61.91999816894531,62.380001068115234,8571100,0.0,0.0
2023-09-18 00:00:00-04:00,62.040000915527344,62.41999816894531,59.37099838256836,59.5,11516400,0.0,0.0
2023-09-19 00:00:00-04:00,59.16999816894531,59.22999954223633,56.880001068115234,58.33000183105469,13471600,0.0,0.0
2023-09-20 00:00:00-04:00,58.619998931884766,58.70000076293945,56.834999084472656,56.970001220703125,8228600,0.0,0.0
2023-09-21 00:00:00-04:00,55.369998931884766,55.9900016784668,53.68000030517578,53.70000076293945,11303200,0.0,0.0
2023-09-22 00:00:00-04:00,54.7400016784668,55.27000045776367,52.88999938964844,53.08000183105469,9870000,0.0,0.0
2023-09-25 00:00:00-04:00,52.709999084472656,53.625,52.29999923706055,53.58000183105469,8314700,0.0,0.0
2023-09-26 00:00:00-04:00,52.900001525878906,53.630001068115234,51.369998931884766,51.5099983215332,10456000,0.0,0.0
2023-09-27 00:00:00-04:00,51.880001068115234,52.494998931884766,51.029998779296875,51.849998474121094,9041700,0.0,0.0
2023-09-28 00:00:00-04:00,51.25,53.880001068115234,50.59000015258789,53.20000076293945,13608000,0.0,0.0
2023-09-29 00:00:00-04:00,54.2599983215332,55.59000015258789,54.10200119018555,54.56999969482422,13696200,0.0,0.0
2023-10-02 00:00:00-04:00,54.220001220703125,55.209999084472656,53.5099983215332,54.0,8265300,0.0,0.0
2023-10-03 00:00:00-04:00,53.0,53.678001403808594,51.02000045776367,51.380001068115234,11280200,0.0,0.0
2023-10-04 00:00:00-04:00,52.15999984741211,52.75,51.150001525878906,52.58000183105469,10956700,0.0,0.0
2023-10-05 00:00:00-04:00,52.0099983215332,52.54999923706055,51.11199951171875,52.189998626708984,9268600,0.0,0.0
2023-10-06 00:00:00-04:00,51.43000030517578,53.90999984741211,51.20000076293945,53.650001525878906,12442400,0.0,0.0
2023-10-09 00:00:00-04:00,52.40999984741211,53.93000030517578,52.060001373291016,53.5099983215332,9709400,0.0,0.0
2023-10-10 00:00:00-04:00,53.72999954223633,55.5890007019043,53.560001373291016,55.08000183105469,9834000,0.0,0.0
2023-10-11 00:00:00-04:00,55.5099983215332,55.63800048828125,53.709999084472656,54.2400016784668,8505700,0.0,0.0
2023-10-12 00:00:00-04:00,54.5,55.029998779296875,52.91999816894531,53.33000183105469,10730800,0.0,0.0
2023-10-13 00:00:00-04:00,53.400001525878906,54.189998626708984,50.689998626708984,51.54999923706055,14373400,0.0,0.0
2023-10-16 00:00:00-04:00,51.91999816894531,53.59000015258789,51.04999923706055,53.279998779296875,10339500,0.0,0.0
2023-10-17 00:00:00-04:00,52.59000015258789,54.459999084472656,52.4900016784668,54.16999816894531,7962000,0.0,0.0
2023-10-18 00:00:00-04:00,54.58000183105469,56.19599914550781,52.43000030517578,52.84000015258789,15420800,0.0,0.0
2023-10-19 00:00:00-04:00,53.130001068115234,53.31800079345703,51.540000915527344,51.83000183105469,10438100,0.0,0.0
2023-10-20 00:00:00-04:00,51.56999969482422,52.45000076293945,50.619998931884766,51.13999938964844,8373000,0.0,0.0
2023-10-23 00:00:00-04:00,50.529998779296875,51.97999954223633,49.63999938964844,51.0,8851700,0.0,0.0
2023-10-24 00:00:00-04:00,51.5,52.880001068115234,51.255001068115234,52.349998474121094,7618800,0.0,0.0
2023-10-25 00:00:00-04:00,50.849998474121094,51.08000183105469,48.349998474121094,48.4900016784668,12658800,0.0,0.0
2023-10-26 00:00:00-04:00,48.84000015258789,49.36000061035156,45.810001373291016,46.689998626708984,17931300,0.0,0.0
2023-10-27 00:00:00-04:00,48.130001068115234,48.18000030517578,46.060001373291016,46.400001525878906,12207700,0.0,0.0
2023-10-30 00:00:00-04:00,47.09000015258789,47.849998474121094,46.25,46.91999816894531,10496200,0.0,0.0
2023-10-31 00:00:00-04:00,46.650001525878906,47.625,45.5,47.189998626708984,12046900,0.0,0.0
2023-11-01 00:00:00-04:00,47.54999923706055,48.86000061035156,47.15999984741211,48.790000915527344,19173700,0.0,0.0
2023-11-02 00:00:00-04:00,57.63999938964844,60.150001525878906,55.50699996948242,59.70000076293945,43602900,0.0,0.0
2023-11-03 00:00:00-04:00,59.86000061035156,61.84000015258789,58.95000076293945,61.470001220703125,22370000,0.0,0.0
2023-11-06 00:00:00-05:00,61.59000015258789,61.779998779296875,59.709999084472656,60.43000030517578,13284900,0.0,0.0
2023-11-07 00:00:00-05:00,60.70000076293945,62.34000015258789,60.025001525878906,61.689998626708984,11180400,0.0,0.0
2023-11-08 00:00:00-05:00,61.869998931884766,63.09000015258789,60.70399856567383,62.7400016784668,11987600,0.0,0.0
2023-11-09 00:00:00-05:00,62.52000045776367,63.34000015258789,60.334999084472656,60.369998931884766,13118300,0.0,0.0
2023-11-10 00:00:00-05:00,60.27000045776367,61.630001068115234,59.88999938964844,61.34000015258789,9322100,0.0,0.0
2023-11-13 00:00:00-05:00,61.22999954223633,62.40999984741211,60.2400016784668,62.34000015258789,8784100,0.0,0.0
2023-11-14 00:00:00-05:00,64.26000213623047,66.16999816894531,63.97999954223633,65.5199966430664,13168400,0.0,0.0
2023-11-15 00:00:00-05:00,65.81999969482422,68.3499984741211,65.76000213623047,67.8499984741211,13514500,0.0,0.0
2023-11-16 00:00:00-05:00,67.05999755859375,68.25499725341797,66.69000244140625,67.27999877929688,9160900,0.0,0.0
2023-11-17 00:00:00-05:00,66.93000030517578,68.88999938964844,66.80000305175781,68.33999633789062,9331700,0.0,0.0
2023-11-20 00:00:00-05:00,67.7300033569336,70.16000366210938,67.7300033569336,69.51000213623047,10277000,0.0,0.0
2023-11-21 00:00:00-05:00,69.0,69.91000366210938,68.16200256347656,69.7300033569336,8209100,0.0,0.0
2023-11-22 00:00:00-05:00,70.26000213623047,71.58000183105469,69.1500015258789,70.95999908447266,10215200,0.0,0.0
2023-11-24 00:00:00-05:00,70.5,71.20999908447266,70.2300033569336,70.3499984741211,5062800,0.0,0.0
2023-11-27 00:00:00-05:00,71.80999755859375,74.47000122070312,71.0790023803711,73.79000091552734,24288900,0.0,0.0
2023-11-28 00:00:00-05:00,72.41999816894531,74.22000122070312,72.19999694824219,73.51000213623047,12632000,0.0,0.0
2023-11-29 00:00:00-05:00,74.33999633789062,75.05999755859375,73.0,73.33000183105469,9815600,0.0,0.0
2023-11-30 00:00:00-05:00,73.36000061035156,73.83999633789062,72.12000274658203,72.81999969482422,7322300,0.0,0.0
2023-12-01 00:00:00-05:00,72.5,73.98999786376953,71.73999786376953,73.86000061035156,8839800,0.0,0.0
2023-12-04 00:00:00-05:00,73.0,73.66000366210938,71.37000274658203,72.5199966430664,9569200,0.0,0.0
2023-12-05 00:00:00-05:00,71.80000305175781,75.47000122070312,71.1500015258789,74.72000122070312,15768000,0.0,0.0
2023-12-06 00:00:00-05:00,73.7699966430664,74.18000030517578,71.06500244140625,71.13999938964844,13428600,0.0,0.0
2023-12-07 00:00:00-05:00,70.86000061035156,72.27999877929688,70.04000091552734,71.86000061035156,8471200,0.0,0.0
2023-12-08 00:00:00-05:00,71.26000213623047,73.0199966430664,71.23999786376953,72.5199966430664,7456600,0.0,0.0
2023-12-11 00:00:00-05:00,72.43000030517578,73.625,72.18000030517578,72.80999755859375,7101400,0.0,0.0
2023-12-12 00:00:00-05:00,72.0,72.625,71.06999969482422,72.5,6415900,0.0,0.0
2023-12-13 00:00:00-05:00,72.52999877929688,74.08999633789062,71.1500015258789,73.86000061035156,10910200,0.0,0.0
2023-12-14 00:00:00-05:00,75.30999755859375,77.63999938964844,74.8499984741211,77.54000091552734,13242200,0.0,0.0
2023-12-15 00:00:00-05:00,77.70999908447266,77.94999694824219,76.3499984741211,76.81999969482422,10416900,0.0,0.0
2023-12-18 00:00:00-05:00,75.75,77.47000122070312,75.62999725341797,77.12999725341797,9501600,0.0,0.0
2023-12-19 00:00:00-05:00,77.19999694824219,79.98999786376953,77.18000030517578,78.3499984741211,12464500,0.0,0.0
2023-12-20 00:00:00-05:00,78.0999984741211,78.69999694824219,75.1500015258789,75.41999816894531,9983300,0.0,0.0
2023-12-21 00:00:00-05:00,76.69999694824219,77.30000305175781,75.5,76.13999938964844,7496300,0.0,0.0
2023-12-22 00:00:00-05:00,76.44999694824219,77.16999816894531,76.15499877929688,76.83000183105469,6076700,0.0,0.0
2023-12-26 00:00:00-05:00,76.83000183105469,78.46499633789062,76.44000244140625,78.20999908447266,5251800,0.0,0.0
2023-12-27 00:00:00-05:00,78.19000244140625,78.68000030517578,77.33999633789062,78.33999633789062,6050200,0.0,0.0
2023-12-28 00:00:00-05:00,78.29000091552734,79.19999694824219,77.4800033569336,79.11000061035156,7608400,0.0,0.0
2023-12-29 00:00:00-05:00,79.12000274658203,79.7300033569336,77.25,77.9000015258789,9518700,0.0,0.0
2024-01-02 00:00:00-05:00,76.44000244140625,76.62999725341797,72.91000366210938,73.83000183105469,13134800,0.0,0.0
2024-01-03 00:00:00-05:00,72.08000183105469,72.98999786376953,71.18000030517578,71.81999969482422,9649900,0.0,0.0
2024-01-04 00:00:00-05:00,71.62999725341797,74.0199966430664,70.61499786376953,73.41999816894531,11927400,0.0,0.0
2024-01-05 00:00:00-05:00,73.31999969482422,75.9469985961914,73.0,74.51000213623047,9830200,0.0,0.0
2024-01-08 00:00:00-05:00,74.77999877929688,77.9000015258789,74.72000122070312,77.69000244140625,8232000,0.0,0.0
2024-01-09 00:00:00-05:00,77.25,80.23999786376953,76.91999816894531,80.11000061035156,10835000,0.0,0.0
2024-01-10 00:00:00-05:00,80.69000244140625,81.30000305175781,79.37100219726562,81.0999984741211,9866700,0.0,0.0
2024-01-11 00:00:00-05:00,81.1500015258789,82.6500015258789,79.12999725341797,81.30000305175781,10641200,0.0,0.0
2024-01-12 00:00:00-05:00,81.11000061035156,83.19000244140625,81.0,81.4000015258789,9252600,0.0,0.0
2024-01-16 00:00:00-05:00,80.27999877929688,82.13999938964844,79.62000274658203,81.31999969482422,11659700,0.0,0.0
2024-01-17 00:00:00-05:00,80.02999877929688,80.44000244140625,77.52999877929688,80.31999969482422,15898400,0.0,0.0
2024-01-18 00:00:00-05:00,80.0,81.01000213623047,77.20999908447266,77.5199966430664,11221200,0.0,0.0
2024-01-19 00:00:00-05:00,77.30999755859375,80.1780014038086,76.30999755859375,80.01000213623047,10241200,0.0,0.0
2024-01-22 00:00:00-05:00,80.91000366210938,82.83000183105469,79.69000244140625,80.26000213623047,9011700,0.0,0.0
2024-01-23 00:00:00-05:00,80.69999694824219,81.62000274658203,79.52999877929688,81.13999938964844,5700500,0.0,0.0
2024-01-24 00:00:00-05:00,82.27999877929688,83.36000061035156,80.66999816894531,80.7300033569336,7675800,0.0,0.0
2024-01-25 00:00:00-05:00,81.2699966430664,81.69999694824219,79.13999938964844,80.48999786376953,6926800,0.0,0.0
2024-01-26 00:00:00-05:00,80.51000213623047,82.83999633789062,80.4749984741211,81.55000305175781,6839200,0.0,0.0
2024-01-29 00:00:00-05:00,81.73999786376953,83.57499694824219,81.47000122070312,83.54000091552734,6479000,0.0,0.0
2024-01-30 00:00:00-05:00,82.77999877929688,83.25,81.68000030517578,82.33000183105469,5529000,0.0,0.0
2024-01-31 00:00:00-05:00,81.30000305175781,82.22000122070312,79.95999908447266,80.06999969482422,6749700,0.0,0.0
2024-02-01 00:00:00-05:00,79.37000274658203,79.58000183105469,75.81999969482422,76.72000122070312,14190000,0.0,0.0
2024-02-02 00:00:00-05:00,81.0,83.02999877929688,79.33000183105469,82.93000030517578,17644900,0.0,0.0
2024-02-05 00:00:00-05:00,82.44000244140625,82.80000305175781,80.02999877929688,81.4000015258789,8558300,0.0,0.0
2024-02-06 00:00:00-05:00,81.4000015258789,82.03800201416016,79.7699966430664,81.55999755859375,5548000,0.0,0.0
2024-02-07 00:00:00-05:00,82.0999984741211,85.45999908447266,81.80000305175781,85.16999816894531,13242600,0.0,0.0
2024-02-08 00:00:00-05:00,85.02999877929688,91.44000244140625,84.9000015258789,87.87000274658203,20834800,0.0,0.0
2024-02-09 00:00:00-05:00,90.0,91.20999908447266,88.91999816894531,90.72000122070312,11356900,0.0,0.0
2024-02-12 00:00:00-05:00,91.4000015258789,91.56999969482422,88.9800033569336,89.12000274658203,17188800,0.0,0.0
2024-02-13 00:00:00-05:00,77.80000305175781,83.48999786376953,77.01000213623047,77.18000030517578,40164900,0.0,0.0
2024-02-14 00:00:00-05:00,79.11000061035156,80.69999694824219,77.4800033569336,80.66999816894531,18016700,0.0,0.0
2024-02-15 00:00:00-05:00,80.23999786376953,84.05000305175781,79.5999984741211,84.0,15483200,0.0,0.0
2024-02-16 00:00:00-05:00,82.25,83.66999816894531,80.3499984741211,81.29000091552734,13691800,0.0,0.0
2024-02-20 00:00:00-05:00,79.94999694824219,80.58000183105469,77.72000122070312,78.62000274658203,10349300,0.0,0.0
2024-02-21 00:00:00-05:00,77.0,78.05999755859375,74.66999816894531,75.58999633789062,10553400,0.0,0.0
2024-02-22 00:00:00-05:00,78.27999877929688,78.83000183105469,74.87000274658203,75.02999877929688,11326800,0.0,0.0
2024-02-23 00:00:00-05:00,75.05000305175781,76.80000305175781,73.8499984741211,76.23999786376953,10235600,0.0,0.0
2024-02-26 00:00:00-05:00,76.30999755859375,78.25,76.20999908447266,77.55999755859375,8935200,0.0,0.0
2024-02-27 00:00:00-05:00,77.55999755859375,77.62999725341797,75.9000015258789,76.62999725341797,7449300,0.0,0.0
2024-02-28 00:00:00-05:00,75.55999755859375,76.19000244140625,74.72699737548828,75.55999755859375,5208500,0.0,0.0
2024-02-29 00:00:00-05:00,76.2699966430664,77.13999938964844,75.02999877929688,76.37000274658203,6693400,0.0,0.0
2024-03-01 00:00:00-05:00,77.11000061035156,78.66000366210938,76.30999755859375,76.58999633789062,7791000,0.0,0.0
2024-03-04 00:00:00-05:00,76.47000122070312,76.52999877929688,73.98999786376953,75.7699966430664,7395000,0.0,0.0
2024-03-05 00:00:00-05:00,74.80000305175781,74.93000030517578,72.63999938964844,73.47000122070312,8691200,0.0,0.0
2024-03-06 00:00:00-05:00,74.18000030517578,74.8499984741211,72.91500091552734,74.01000213623047,5757300,0.0,0.0
2024-03-07 00:00:00-05:00,74.26000213623047,75.95999908447266,73.19999694824219,75.33000183105469,7592500,0.0,0.0
2024-03-08 00:00:00-05:00,76.08000183105469,79.58000183105469,76.08000183105469,76.16000366210938,10437000,0.0,0.0
2024-03-11 00:00:00-04:00,75.5999984741211,76.29000091552734,74.44000244140625,74.97000122070312,5191200,0.0,0.0
2024-03-12 00:00:00-04:00,75.94999694824219,76.69000244140625,74.58100128173828,76.36000061035156,5667100,0.0,0.0
2024-03-13 00:00:00-04:00,76.19000244140625,79.4000015258789,76.0999984741211,78.68000030517578,10975300,0.0,0.0
2024-03-14 00:00:00-04:00,78.52999877929688,79.80000305175781,77.36000061035156,78.41999816894531,7244200,0.0,0.0
2024-03-15 00:00:00-04:00,78.2300033569336,79.06999969482422,76.76000213623047,77.1500015258789,5818900,0.0,0.0
2024-03-18 00:00:00-04:00,78.0,78.0,76.26000213623047,77.5199966430664,5440700,0.0,0.0
2024-03-19 00:00:00-04:00,76.7300033569336,78.52999877929688,75.30000305175781,77.52999877929688,5736500,0.0,0.0
2024-03-20 00:00:00-04:00,77.52999877929688,81.62000274658203,77.28500366210938,81.33000183105469,6793700,0.0,0.0
2024-03-21 00:00:00-04:00,81.66000366210938,83.38999938964844,79.55999755859375,79.58999633789062,11345900,0.0,0.0
2024-03-22 00:00:00-04:00,78.88999938964844,80.37000274658203,78.37999725341797,78.72000122070312,4559100,0.0,0.0
2024-03-25 00:00:00-04:00,78.0999984741211,79.55999755859375,77.73500061035156,78.41999816894531,4596000,0.0,0.0
2024-03-26 00:00:00-04:00,79.04000091552734,79.75,77.75,78.52999877929688,4442200,0.0,0.0
2024-03-27 00:00:00-04:00,79.3499984741211,79.37999725341797,77.45999908447266,78.62000274658203,4399700,0.0,0.0
2024-03-28 00:00:00-04:00,78.80000305175781,79.19499969482422,77.0,77.16999816894531,4261000,0.0,0.0
2024-04-01 00:00:00-04:00,77.3499984741211,78.62999725341797,76.27999877929688,78.19000244140625,6588400,0.0,0.0
2024-04-02 00:00:00-04:00,76.61000061035156,78.5999984741211,75.94999694824219,78.12000274658203,6692400,0.0,0.0
2024-04-03 00:00:00-04:00,78.27999877929688,79.29000091552734,75.12999725341797,75.63999938964844,9874100,0.0,0.0
2024-04-04 00:00:00-04:00,75.61000061035156,77.06999969482422,74.55999755859375,74.80999755859375,8530700,0.0,0.0
2024-04-05 00:00:00-04:00,74.5999984741211,75.99199676513672,73.69000244140625,75.27999877929688,6587200,0.0,0.0
2024-04-08 00:00:00-04:00,75.20999908447266,75.45999908447266,73.31999969482422,74.37999725341797,7051900,0.0,0.0
2024-04-09 00:00:00-04:00,74.36000061035156,75.08000183105469,73.5,74.91999816894531,4362300,0.0,0.0
2024-04-10 00:00:00-04:00,72.80000305175781,73.12000274658203,71.58999633789062,71.9800033569336,8018300,0.0,0.0
2024-04-11 00:00:00-04:00,71.9800033569336,72.2699966430664,70.48999786376953,71.56999969482422,11728000,0.0,0.0
2024-04-12 00:00:00-04:00,70.88999938964844,71.19000244140625,69.19000244140625,70.0,11013500,0.0,0.0
2024-04-15 00:00:00-04:00,70.0,70.41000366210938,68.38999938964844,68.56999969482422,8733200,0.0,0.0
2024-04-16 00:00:00-04:00,68.47000122070312,69.33999633789062,68.01499938964844,68.69999694824219,9249200,0.0,0.0
2024-04-17 00:00:00-04:00,69.5,71.0,68.97000122070312,69.41000366210938,8373200,0.0,0.0
2024-04-18 00:00:00-04:00,69.33000183105469,70.94999694824219,68.1500015258789,69.51000213623047,7360500,0.0,0.0
2024-04-19 00:00:00-04:00,71.0,71.62999725341797,68.79000091552734,69.66999816894531,10289300,0.0,0.0
2024-04-22 00:00:00-04:00,70.05000305175781,71.2699966430664,69.31999969482422,70.55000305175781,5908200,0.0,0.0
2024-04-23 00:00:00-04:00,71.27999877929688,74.58999633789062,71.22000122070312,74.01000213623047,9517500,0.0,0.0
2024-04-24 00:00:00-04:00,74.4000015258789,74.71600341796875,71.6500015258789,72.26000213623047,6086500,0.0,0.0
2024-04-25 00:00:00-04:00,70.43000030517578,71.36000061035156,69.56900024414062,70.55000305175781,6770500,0.0,0.0
2024-04-26 00:00:00-04:00,71.31999969482422,71.83000183105469,70.73500061035156,71.33000183105469,4611800,0.0,0.0
2024-04-29 00:00:00-04:00,73.80999755859375,74.04000091552734,71.37999725341797,72.4800033569336,9918000,0.0,0.0
2024-04-30 00:00:00-04:00,72.4000015258789,74.4800033569336,70.18000030517578,70.19999694824219,8246200,0.0,0.0
2024-05-01 00:00:00-04:00,70.20999908447266,72.08000183105469,68.87999725341797,70.4000015258789,7432900,0.0,0.0
2024-05-02 00:00:00-04:00,71.98999786376953,72.72000122070312,70.2300033569336,72.0,5387100,0.0,0.0
2024-05-03 00:00:00-04:00,73.77999877929688,74.87999725341797,73.05999755859375,74.45999908447266,7346400,0.0,0.0
2024-05-06 00:00:00-04:00,75.0,77.80000305175781,74.41999816894531,77.37000274658203,11042600,0.0,0.0
2024-05-07 00:00:00-04:00,76.52999877929688,77.82499694824219,75.29499816894531,77.05000305175781,11383800,0.0,0.0
2024-05-08 00:00:00-04:00,63.66999816894531,64.19999694824219,60.63999938964844,62.72999954223633,58311600,0.0,0.0
2024-05-09 00:00:00-04:00,63.56999969482422,63.79999923706055,61.61000061035156,62.45000076293945,19819700,0.0,0.0
2024-05-10 00:00:00-04:00,62.720001220703125,62.7400016784668,58.650001525878906,58.939998626708984,30675600,0.0,0.0
2024-05-13 00:00:00-04:00,59.06999969482422,59.47999954223633,58.2599983215332,58.779998779296875,12847600,0.0,0.0
2024-05-14 00:00:00-04:00,58.65999984741211,58.77000045776367,56.91999816894531,58.029998779296875,20334800,0.0,0.0
2024-05-15 00:00:00-04:00,59.16999816894531,59.66999816894531,58.349998474121094,58.77000045776367,11174300,0.0,0.0
2024-05-16 00:00:00-04:00,58.650001525878906,58.9900016784668,57.779998779296875,57.810001373291016,9636000,0.0,0.0
2024-05-17 00:00:00-04:00,57.95000076293945,58.59000015258789,57.040000915527344,58.529998779296875,12303900,0.0,0.0
2024-05-20 00:00:00-04:00,58.869998931884766,59.209999084472656,58.29999923706055,58.90999984741211,7786100,0.0,0.0
2024-05-21 00:00:00-04:00,58.5,58.619998931884766,57.0099983215332,57.02000045776367,13778700,0.0,0.0
2024-05-22 00:00:00-04:00,58.880001068115234,60.11000061035156,58.209999084472656,58.70000076293945,18624500,0.0,0.0
2024-05-23 00:00:00-04:00,58.61000061035156,59.08000183105469,57.47999954223633,57.63999938964844,11415500,0.0,0.0
2024-05-24 00:00:00-04:00,57.11000061035156,58.060001373291016,56.90999984741211,56.970001220703125,8507100,0.0,0.0
2024-05-28 00:00:00-04:00,57.0099983215332,58.220001220703125,56.310001373291016,58.189998626708984,10785200,0.0,0.0
2024-05-29 00:00:00-04:00,57.54999923706055,58.56999969482422,57.2599983215332,58.369998931884766,7784000,0.0,0.0
2024-05-30 00:00:00-04:00,58.40999984741211,58.779998779296875,57.90999984741211,58.540000915527344,9829800,0.0,0.0
2024-05-31 00:00:00-04:00,58.79999923706055,59.22999954223633,57.75,59.150001525878906,12261100,0.0,0.0
2024-06-03 00:00:00-04:00,59.40999984741211,59.939998626708984,58.380001068115234,59.70000076293945,8640300,0.0,0.0
2024-06-04 00:00:00-04:00,59.459999084472656,60.685001373291016,59.209999084472656,60.68000030517578,11589700,0.0,0.0
2024-06-05 00:00:00-04:00,61.18000030517578,61.70000076293945,60.279998779296875,61.25,11092500,0.0,0.0
2024-06-06 00:00:00-04:00,60.150001525878906,61.47999954223633,60.150001525878906,61.459999084472656,7391300,0.0,0.0
2024-06-07 00:00:00-04:00,61.275001525878906,61.939998626708984,60.65999984741211,61.59000015258789,7099200,0.0,0.0
2024-06-10 00:00:00-04:00,61.380001068115234,63.7400016784668,61.27000045776367,63.0099983215332,10629100,0.0,0.0
2024-06-11 00:00:00-04:00,63.869998931884766,64.69000244140625,63.22999954223633,63.81999969482422,11760200,0.0,0.0
2024-06-12 00:00:00-04:00,64.62000274658203,66.51000213623047,64.22000122070312,65.47000122070312,13945200,0.0,0.0
2024-06-13 00:00:00-04:00,65.5999984741211,65.79000091552734,64.12999725341797,64.69000244140625,9163400,0.0,0.0
2024-06-14 00:00:00-04:00,65.86000061035156,68.20999908447266,65.43000030517578,67.66000366210938,17915800,0.0,0.0
2024-06-17 00:00:00-04:00,67.25,67.33000183105469,64.75,66.5199966430664,12112100,0.0,0.0
2024-06-18 00:00:00-04:00,65.9000015258789,66.11000061035156,63.970001220703125,64.25,11280600,0.0,0.0
2024-06-20 00:00:00-04:00,64.37999725341797,64.87000274658203,63.150001525878906,63.880001068115234,7405100,0.0,0.0
2024-06-21 00:00:00-04:00,63.810001373291016,65.19000244140625,63.40999984741211,65.02999877929688,8199700,0.0,0.0
2024-06-24 00:00:00-04:00,65.62000274658203,65.81999969482422,63.40999984741211,64.30999755859375,10464500,0.0,0.0
2024-06-25 00:00:00-04:00,64.4800033569336,65.48999786376953,64.05999755859375,64.77999877929688,6484600,0.0,0.0
2024-06-26 00:00:00-04:00,65.19999694824219,65.52999877929688,64.44000244140625,65.44999694824219,6978900,0.0,0.0
2024-06-27 00:00:00-04:00,65.29000091552734,66.83999633789062,65.16000366210938,66.37000274658203,7716300,0.0,0.0
2024-06-28 00:00:00-04:00,66.5999984741211,67.18000030517578,65.45999908447266,66.05000305175781,6650600,0.0,0.0
2024-07-01 00:00:00-04:00,65.95999908447266,65.97000122070312,63.04999923706055,64.62999725341797,8395400,0.0,0.0
2024-07-02 00:00:00-04:00,64.87999725341797,66.12999725341797,64.33999633789062,66.05999755859375,6762900,0.0,0.0
2024-07-03 00:00:00-04:00,66.26000213623047,67.22000122070312,66.26000213623047,66.7300033569336,3931000,0.0,0.0
2024-07-05 00:00:00-04:00,66.94499969482422,68.04299926757812,66.36000061035156,67.62999725341797,6441500,0.0,0.0
2024-07-08 00:00:00-04:00,67.52999877929688,67.79299926757812,66.94000244140625,67.33999633789062,4606000,0.0,0.0
2024-07-09 00:00:00-04:00,67.04000091552734,67.5199966430664,65.72200012207031,66.12999725341797,6523000,0.0,0.0
2024-07-10 00:00:00-04:00,66.30000305175781,66.33000183105469,64.61000061035156,65.61000061035156,7121000,0.0,0.0
2024-07-11 00:00:00-04:00,65.6500015258789,66.16999816894531,64.79000091552734,65.30999755859375,7238500,0.0,0.0
2024-07-12 00:00:00-04:00,65.8499984741211,65.98500061035156,64.62999725341797,64.88999938964844,7778500,0.0,0.0
2024-07-15 00:00:00-04:00,65.02999877929688,65.2300033569336,63.93000030517578,64.20999908447266,7073300,0.0,0.0
2024-07-16 00:00:00-04:00,67.26000213623047,70.04000091552734,66.83000183105469,69.72000122070312,21416800,0.0,0.0
2024-07-17 00:00:00-04:00,68.16999816894531,68.4000015258789,63.70000076293945,64.80999755859375,14176000,0.0,0.0
2024-07-18 00:00:00-04:00,65.9000015258789,66.08999633789062,62.720001220703125,63.11000061035156,7904800,0.0,0.0
2024-07-19 00:00:00-04:00,62.5099983215332,64.18000030517578,62.45000076293945,63.15999984741211,6686100,0.0,0.0
2024-07-22 00:00:00-04:00,63.459999084472656,63.779998779296875,61.439998626708984,62.689998626708984,9143800,0.0,0.0
2024-07-23 00:00:00-04:00,63.0,63.63999938964844,62.650001525878906,62.65999984741211,5392700,0.0,0.0
2024-07-24 00:00:00-04:00,62.099998474121094,62.52000045776367,59.15999984741211,59.27000045776367,8255600,0.0,0.0
2024-07-25 00:00:00-04:00,59.27000045776367,60.974998474121094,58.040000915527344,59.439998626708984,6873300,0.0,0.0
2024-07-26 00:00:00-04:00,61.41999816894531,61.52000045776367,59.810001373291016,59.939998626708984,5256400,0.0,0.0
2024-07-29 00:00:00-04:00,60.150001525878906,60.56999969482422,59.52000045776367,59.869998931884766,5046000,0.0,0.0
2024-07-30 00:00:00-04:00,59.83000183105469,61.02000045776367,58.93000030517578,59.20000076293945,6669800,0.0,0.0
2024-07-31 00:00:00-04:00,60.31999969482422,61.880001068115234,60.130001068115234,61.20000076293945,8649400,0.0,0.0
2024-08-01 00:00:00-04:00,61.599998474121094,62.0,57.25,58.16999816894531,9598300,0.0,0.0
2024-08-02 00:00:00-04:00,54.61000061035156,55.18000030517578,52.54499816894531,54.43000030517578,18357900,0.0,0.0
2024-08-05 00:00:00-04:00,48.58599853515625,53.36000061035156,48.560001373291016,52.2599983215332,16525200,0.0,0.0
2024-08-06 00:00:00-04:00,53.13999938964844,54.88999938964844,52.34000015258789,54.220001220703125,18567200,0.0,0.0
2024-08-07 00:00:00-04:00,64.5,67.77999877929688,63.54999923706055,63.88999938964844,49976600,0.0,0.0
2024-08-08 00:00:00-04:00,64.23999786376953,68.77999877929688,63.90999984741211,68.55000305175781,19891500,0.0,0.0
2024-08-09 00:00:00-04:00,68.16000366210938,69.32499694824219,67.41500091552734,69.30000305175781,10931200,0.0,0.0
2024-08-12 00:00:00-04:00,69.08999633789062,70.73300170898438,68.05000305175781,68.30999755859375,11134000,0.0,0.0
2024-08-13 00:00:00-04:00,68.83999633789062,70.06999969482422,68.68000030517578,69.9000015258789,10545500,0.0,0.0
2024-08-14 00:00:00-04:00,70.33999633789062,71.76000213623047,69.94000244140625,71.58999633789062,9032300,0.0,0.0
2024-08-15 00:00:00-04:00,73.0199966430664,74.91000366210938,73.01000213623047,74.8499984741211,10849700,0.0,0.0
2024-08-16 00:00:00-04:00,74.33000183105469,75.3550033569336,74.1050033569336,74.55000305175781,5403600,0.0,0.0
2024-08-19 00:00:00-04:00,74.55000305175781,75.16999816894531,73.91999816894531,75.16000366210938,6246700,0.0,0.0
2024-08-20 00:00:00-04:00,75.0,75.68000030517578,74.16000366210938,74.87000274658203,8513000,0.0,0.0
2024-08-21 00:00:00-04:00,75.0,76.19999694824219,74.87000274658203,76.13999938964844,5760500,0.0,0.0
2024-08-22 00:00:00-04:00,76.04000091552734,76.30000305175781,74.2300033569336,74.30000305175781,4772900,0.0,0.0
2024-08-23 00:00:00-04:00,75.0,76.44000244140625,74.69000244140625,76.13999938964844,5405600,0.0,0.0
2024-08-26 00:00:00-04:00,76.11000061035156,76.83000183105469,74.91999816894531,74.94999694824219,4047000,0.0,0.0
2024-08-27 00:00:00-04:00,74.47000122070312,74.87000274658203,72.86000061035156,74.52999877929688,4389800,0.0,0.0
2024-08-28 00:00:00-04:00,74.2300033569336,74.37000274658203,71.76000213623047,72.52999877929688,5551700,0.0,0.0
2024-08-29 00:00:00-04:00,72.9000015258789,74.33999633789062,72.87000274658203,73.2699966430664,3620100,0.0,0.0
2024-08-30 00:00:00-04:00,73.55000305175781,74.33000183105469,73.12000274658203,74.06999969482422,3019300,0.0,0.0
2024-09-03 00:00:00-04:00,73.1500015258789,73.22000122070312,70.81999969482422,71.26000213623047,5773600,0.0,0.0
2024-09-04 00:00:00-04:00,70.86000061035156,71.75,69.62000274658203,70.22000122070312,4612800,0.0,0.0
2024-09-05 00:00:00-04:00,70.0,70.93000030517578,69.30500030517578,70.11000061035156,3296200,0.0,0.0
2024-09-06 00:00:00-04:00,70.37999725341797,70.55899810791016,65.86000061035156,67.01000213623047,7380400,0.0,0.0
2024-09-09 00:00:00-04:00,68.4800033569336,69.48999786376953,67.13999938964844,68.12999725341797,4298600,0.0,0.0
2024-09-10 00:00:00-04:00,68.79000091552734,68.9000015258789,66.94999694824219,68.16999816894531,4530300,0.0,0.0
2024-09-11 00:00:00-04:00,68.55000305175781,71.76000213623047,68.0999984741211,71.5199966430664,7063300,0.0,0.0
2024-09-12 00:00:00-04:00,70.72000122070312,71.9800033569336,69.62999725341797,71.30999755859375,6187700,0.0,0.0
2024-09-13 00:00:00-04:00,71.83000183105469,73.44000244140625,71.76000213623047,72.44999694824219,5655600,0.0,0.0
2024-09-16 00:00:00-04:00,72.0999984741211,73.69999694824219,71.47000122070312,73.58000183105469,4184700,0.0,0.0
2024-09-17 00:00:00-04:00,75.5,75.76000213623047,73.66000366210938,74.44999694824219,8177400,0.0,0.0
2024-09-18 00:00:00-04:00,74.83000183105469,76.97000122070312,74.58999633789062,75.22000122070312,7039400,0.0,0.0
2024-09-19 00:00:00-04:00,77.4000015258789,79.30999755859375,76.63999938964844,78.68000030517578,9864300,0.0,0.0
2024-09-20 00:00:00-04:00,78.61000061035156,79.5199966430664,77.30999755859375,78.72000122070312,5612900,0.0,0.0
2024-09-23 00:00:00-04:00,79.0,80.80000305175781,78.8499984741211,80.11000061035156,7896200,0.0,0.0
2024-09-24 00:00:00-04:00,80.7699966430664,81.06999969482422,78.77999877929688,80.33000183105469,5398200,0.0,0.0
2024-09-25 00:00:00-04:00,80.12999725341797,80.91000366210938,79.01000213623047,79.26000213623047,5021900,0.0,0.0
2024-09-26 00:00:00-04:00,80.44000244140625,81.08999633789062,78.7699966430664,80.75,5729700,0.0,0.0
2024-09-27 00:00:00-04:00,80.81999969482422,81.1500015258789,79.19000244140625,79.20999908447266,3973600,0.0,0.0
2024-09-30 00:00:00-04:00,79.06999969482422,80.36000061035156,78.5,80.13999938964844,4462800,0.0,0.0
2024-10-01 00:00:00-04:00,80.0,80.23999786376953,77.7699966430664,78.44999694824219,5656200,0.0,0.0
2024-10-02 00:00:00-04:00,78.51000213623047,79.30500030517578,77.93000030517578,79.0999984741211,3110500,0.0,0.0
2024-10-03 00:00:00-04:00,78.5,79.31999969482422,77.69000244140625,78.13999938964844,4625400,0.0,0.0
2024-10-04 00:00:00-04:00,79.80999755859375,82.63999938964844,79.5,82.43000030517578,7737900,0.0,0.0
2024-10-07 00:00:00-04:00,81.8499984741211,82.0999984741211,80.30000305175781,80.86000061035156,5495800,0.0,0.0
2024-10-08 00:00:00-04:00,81.0,83.13999938964844,80.5999984741211,82.58000183105469,5723800,0.0,0.0
2024-10-09 00:00:00-04:00,82.62999725341797,84.11900329589844,82.62999725341797,83.41000366210938,4741400,0.0,0.0
2024-10-10 00:00:00-04:00,82.36000061035156,83.65499877929688,82.2959976196289,82.70999908447266,3937200,0.0,0.0
2024-10-11 00:00:00-04:00,81.97000122070312,84.19999694824219,81.88999938964844,83.23999786376953,3775000,0.0,0.0
2024-10-14 00:00:00-04:00,83.83999633789062,84.37000274658203,82.66000366210938,83.68000030517578,3759800,0.0,0.0
2024-10-15 00:00:00-04:00,83.5999984741211,83.7699966430664,80.45999908447266,81.93000030517578,6484700,0.0,0.0
2024-10-16 00:00:00-04:00,81.94999694824219,82.2699966430664,80.33999633789062,81.8499984741211,4929300,0.0,0.0
2024-10-17 00:00:00-04:00,82.88999938964844,83.18000030517578,81.13999938964844,81.62999725341797,3519800,0.0,0.0
2024-10-18 00:00:00-04:00,82.25,82.9489974975586,82.02999877929688,82.68000030517578,3862200,0.0,0.0
2024-10-21 00:00:00-04:00,82.02999877929688,83.25499725341797,81.29000091552734,82.66000366210938,5437900,0.0,0.0
2024-10-22 00:00:00-04:00,81.5,82.54499816894531,81.16000366210938,81.61000061035156,4624800,0.0,0.0
2024-10-23 00:00:00-04:00,81.2300033569336,81.91000366210938,79.12000274658203,79.66000366210938,4832300,0.0,0.0
2024-10-24 00:00:00-04:00,80.0,80.38999938964844,78.83999633789062,79.81999969482422,3981400,0.0,0.0
2024-10-25 00:00:00-04:00,80.0999984741211,80.97000122070312,78.77999877929688,79.05000305175781,3834500,0.0,0.0
2024-10-28 00:00:00-04:00,79.61499786376953,80.18000030517578,79.31500244140625,79.87000274658203,3327700,0.0,0.0
2024-10-29 00:00:00-04:00,79.3949966430664,80.80000305175781,79.20999908447266,80.38999938964844,5131300,0.0,0.0
2024-10-30 00:00:00-04:00,80.02999877929688,80.51499938964844,79.27999877929688,80.01000213623047,3712300,0.0,0.0
2024-10-31 00:00:00-04:00,79.75,80.38999938964844,77.12000274658203,78.20999908447266,4637000,0.0,0.0
2024-11-01 00:00:00-04:00,79.05000305175781,79.88999938964844,77.94000244140625,78.98999786376953,6189900,0.0,0.0
2024-11-04 00:00:00-05:00,78.70999908447266,79.05999755859375,77.69999694824219,78.44000244140625,3584500,0.0,0.0
2024-11-05 00:00:00-05:00,78.55000305175781,80.04000091552734,78.2300033569336,79.56999969482422,4652300,0.0,0.0
2024-11-06 00:00:00-05:00,81.55000305175781,82.12000274658203,80.12999725341797,81.91999816894531,5169800,0.0,0.0
2024-11-07 00:00:00-05:00,82.16000366210938,85.83999633789062,82.0999984741211,85.55000305175781,6623700,0.0,0.0
2024-11-08 00:00:00-05:00,85.5999984741211,87.26000213623047,85.25,87.12000274658203,7439000,0.0,0.0
2024-11-11 00:00:00-05:00,88.94999694824219,92.16000366210938,88.70999908447266,89.98999786376953,20014100,0.0,0.0
2024-11-12 00:00:00-05:00,107.5199966430664,114.51000213623047,106.0,108.91999816894531,63946200,0.0,0.0
2024-11-13 00:00:00-05:00,107.5,115.62000274658203,106.18000030517578,115.08999633789062,20642000,0.0,0.0
2024-11-14 00:00:00-05:00,115.29000091552734,115.29000091552734,109.0,109.08000183105469,13147900,0.0,0.0
2024-11-15 00:00:00-05:00,107.0999984741211,108.78900146484375,105.25,108.48999786376953,10764200,0.0,0.0
2024-11-18 00:00:00-05:00,108.9000015258789,109.11000061035156,105.76000213623047,105.87999725341797,6689800,0.0,0.0
2024-11-19 00:00:00-05:00,104.30999755859375,105.37999725341797,103.2699966430664,104.58999633789062,9038100,0.0,0.0
2024-11-20 00:00:00-05:00,104.83000183105469,105.06999969482422,102.58000183105469,103.94000244140625,7632600,0.0,0.0
2024-11-21 00:00:00-05:00,103.73999786376953,108.20999908447266,103.26000213623047,106.4800033569336,10624700,0.0,0.0
2024-11-22 00:00:00-05:00,107.01000213623047,107.5,105.33000183105469,106.95999908447266,7059900,0.0,0.0
2024-11-25 00:00:00-05:00,109.30000305175781,112.44999694824219,108.62999725341797,111.0,10139300,0.0,0.0
2024-11-26 00:00:00-05:00,109.69999694824219,113.9000015258789,109.08000183105469,112.08000183105469,8029000,0.0,0.0
2024-11-27 00:00:00-05:00,111.44000244140625,112.58999633789062,110.94400024414062,112.54000091552734,4665600,0.0,0.0
2024-11-29 00:00:00-05:00,113.16000366210938,116.3499984741211,112.52999877929688,115.5999984741211,6178300,0.0,0.0
2024-12-02 00:00:00-05:00,115.22000122070312,115.99299621582031,111.12000274658203,112.9800033569336,9839600,0.0,0.0
2024-12-03 00:00:00-05:00,112.75,113.79000091552734,111.04000091552734,111.86000061035156,8263400,0.0,0.0
2024-12-04 00:00:00-05:00,112.33000183105469,115.79000091552734,112.30000305175781,113.43000030517578,7736700,0.0,0.0
2024-12-05 00:00:00-05:00,113.43000030517578,115.45999908447266,112.94000244140625,114.08999633789062,5291000,0.0,0.0
2024-12-06 00:00:00-05:00,116.72000122070312,120.72000122070312,116.4000015258789,118.37000274658203,10136400,0.0,0.0
2024-12-09 00:00:00-05:00,118.58999633789062,118.94000244140625,114.08000183105469,115.29000091552734,6325700,0.0,0.0
2024-12-10 00:00:00-05:00,114.77999877929688,116.6500015258789,112.68499755859375,113.44999694824219,5139800,0.0,0.0
2024-12-11 00:00:00-05:00,115.36000061035156,117.86000061035156,114.16000366210938,117.37000274658203,6459000,0.0,0.0
2024-12-12 00:00:00-05:00,116.22000122070312,118.31999969482422,115.1500015258789,115.30999755859375,6059300,0.0,0.0
2024-12-13 00:00:00-05:00,115.5199966430664,116.5,113.44000244140625,114.62999725341797,4667200,0.0,0.0
2024-12-16 00:00:00-05:00,115.7249984741211,117.0,114.69000244140625,115.94000244140625,5178900,0.0,0.0
2024-12-17 00:00:00-05:00,115.13999938964844,119.8499984741211,114.94999694824219,119.48999786376953,8038100,0.0,0.0
2024-12-18 00:00:00-05:00,118.80500030517578,120.0989990234375,109.51000213623047,109.69999694824219,8810400,0.0,0.0
2024-12-19 00:00:00-05:00,111.30000305175781,111.44000244140625,105.70999908447266,107.06999969482422,10550200,0.0,0.0
2024-12-20 00:00:00-05:00,105.30000305175781,109.95999908447266,104.5,108.94999694824219,6709500,0.0,0.0
2024-12-23 00:00:00-05:00,108.52999877929688,110.08399963378906,107.47000122070312,109.25,4097200,0.0,0.0
2024-12-24 00:00:00-05:00,109.625,110.36000061035156,108.51000213623047,110.18000030517578,1848500,0.0,0.0
2024-12-26 00:00:00-05:00,109.77999877929688,110.62000274658203,108.88800048828125,109.95999908447266,2222300,0.0,0.0
2024-12-27 00:00:00-05:00,109.44000244140625,109.80000305175781,106.5199966430664,108.18000030517578,3966400,0.0,0.0
2024-12-30 00:00:00-05:00,105.06999969482422,107.19000244140625,104.54000091552734,106.69000244140625,4096800,0.0,0.0
2024-12-31 00:00:00-05:00,106.75,107.30999755859375,105.45999908447266,106.33000183105469,3768700,0.0,0.0
2025-01-02 00:00:00-05:00,107.5,108.31999969482422,104.91000366210938,107.52999877929688,4433700,0.0,0.0
2025-01-03 00:00:00-05:00,108.87000274658203,109.69000244140625,107.54000091552734,109.25,2957900,0.0,0.0
2025-01-06 00:00:00-05:00,112.23999786376953,114.29000091552734,111.5,114.23999786376953,7073800,0.0,0.0
2025-01-07 00:00:00-05:00,114.9000015258789,115.37000274658203,106.08000183105469,106.77999877929688,6152200,0.0,0.0
2025-01-08 00:00:00-05:00,106.4800033569336,108.02999877929688,105.0199966430664,107.63999938964844,5185500,0.0,0.0
2025-01-10 00:00:00-05:00,103.94000244140625,104.49500274658203,99.79100036621094,103.70999908447266,8971700,0.0,0.0
2025-01-13 00:00:00-05:00,101.0,102.13999938964844,99.05000305175781,101.76000213623047,8081400,0.0,0.0
2025-01-14 00:00:00-05:00,103.11000061035156,103.36000061035156,100.75,101.61000061035156,5096700,0.0,0.0
2025-01-15 00:00:00-05:00,104.48999786376953,104.83000183105469,102.83100128173828,104.23999786376953,6234900,0.0,0.0
2025-01-16 00:00:00-05:00,104.38999938964844,105.62000274658203,103.13500213623047,103.5,4105900,0.0,0.0
2025-01-17 00:00:00-05:00,105.5,105.80000305175781,103.04000091552734,103.3499984741211,5583600,0.0,0.0
2025-01-21 00:00:00-05:00,104.13999938964844,106.83000183105469,103.80000305175781,106.27999877929688,5068900,0.0,0.0
2025-01-22 00:00:00-05:00,107.33999633789062,107.79000091552734,105.75,106.37000274658203,3426800,0.0,0.0
2025-01-23 00:00:00-05:00,106.05999755859375,106.47899627685547,105.04000091552734,106.0999984741211,4358500,0.0,0.0
2025-01-24 00:00:00-05:00,106.44999694824219,109.38999938964844,106.16000366210938,107.68000030517578,5950500,0.0,0.0
2025-01-27 00:00:00-05:00,104.44999694824219,108.38999938964844,102.5199966430664,107.37999725341797,5333100,0.0,0.0
2025-01-28 00:00:00-05:00,109.0,117.94000244140625,109.0,117.44999694824219,13963900,0.0,0.0
2025-01-29 00:00:00-05:00,116.69999694824219,118.4000015258789,114.7699966430664,116.58999633789062,9269300,0.0,0.0
2025-01-30 00:00:00-05:00,116.58999633789062,119.83000183105469,115.80000305175781,119.18000030517578,6284700,0.0,0.0
2025-01-31 00:00:00-05:00,119.61000061035156,122.0,116.54000091552734,116.80000305175781,7756300,0.0,0.0
2025-02-03 00:00:00-05:00,111.87000274658203,115.79000091552734,110.55000305175781,114.38999938964844,8572400,0.0,0.0
2025-02-04 00:00:00-05:00,116.30000305175781,120.4800033569336,116.12999725341797,119.19999694824219,7362300,0.0,0.0
2025-02-05 00:00:00-05:00,119.2699966430664,121.91000366210938,118.55000305175781,121.7300033569336,6058900,0.0,0.0
2025-02-06 00:00:00-05:00,122.01000213623047,122.80999755859375,116.87000274658203,118.58000183105469,7207100,0.0,0.0
2025-02-07 00:00:00-05:00,118.11000061035156,119.66000366210938,116.5199966430664,117.41000366210938,5835800,0.0,0.0
2025-02-10 00:00:00-05:00,121.45999908447266,123.41000366210938,119.13999938964844,119.9000015258789,13060700,0.0,0.0
2025-02-11 00:00:00-05:00,122.27999877929688,125.94999694824219,114.69999694824219,123.58999633789062,34842700,0.0,0.0
2025-02-12 00:00:00-05:00,119.05000305175781,122.48999786376953,116.69999694824219,120.48999786376953,13307400,0.0,0.0
2025-02-13 00:00:00-05:00,121.0,128.0,120.0999984741211,127.6500015258789,10940300,0.0,0.0
2025-02-14 00:00:00-05:00,125.76000213623047,128.57000732421875,123.87999725341797,128.35000610351562,8511300,0.0,0.0
2025-02-18 00:00:00-05:00,129.0800018310547,129.3800048828125,124.19000244140625,129.30999755859375,7251900,0.0,0.0
2025-02-19 00:00:00-05:00,129.0500030517578,129.0500030517578,124.4000015258789,127.66000366210938,7766900,0.0,0.0
2025-02-20 00:00:00-05:00,126.9000015258789,126.94999694824219,120.80000305175781,123.47000122070312,8855900,0.0,0.0
2025-02-21 00:00:00-05:00,125.19999694824219,125.5,115.30000305175781,115.55999755859375,10064100,0.0,0.0
2025-02-24 00:00:00-05:00,115.55999755859375,117.02999877929688,109.80999755859375,115.4800033569336,8545000,0.0,0.0
2025-02-25 00:00:00-05:00,113.29000091552734,115.0,107.0,110.94999694824219,9977700,0.0,0.0
2025-02-26 00:00:00-05:00,111.87999725341797,114.80000305175781,110.83999633789062,113.2300033569336,4905900,0.0,0.0
2025-02-27 00:00:00-05:00,114.8499984741211,115.58999633789062,110.1500015258789,110.83000183105469,5790100,0.0,0.0
2025-02-28 00:00:00-05:00,109.0,112.08999633789062,107.58000183105469,112.0,6271700,0.0,0.0
2025-03-03 00:00:00-05:00,112.88999938964844,115.20899963378906,104.80999755859375,106.58000183105469,7795200,0.0,0.0
2025-03-04 00:00:00-05:00,103.61000061035156,104.19300079345703,97.8499984741211,101.7300033569336,13995300,0.0,0.0
2025-03-05 00:00:00-05:00,102.76000213623047,106.6500015258789,101.58999633789062,106.1500015258789,8409400,0.0,0.0
2025-03-06 00:00:00-05:00,103.51000213623047,109.44999694824219,101.36000061035156,102.48999786376953,12036200,0.0,0.0
2025-03-07 00:00:00-05:00,100.8499984741211,103.5,95.36000061035156,100.12999725341797,13894500,0.0,0.0
2025-03-10 00:00:00-04:00,96.06999969482422,96.18699645996094,91.69000244140625,92.75,16385300,0.0,0.0
2025-03-11 00:00:00-04:00,92.75,95.10900115966797,91.1500015258789,92.94999694824219,12127100,0.0,0.0
2025-03-12 00:00:00-04:00,96.66999816894531,99.13500213623047,95.29000091552734,96.52999877929688,8531900,0.0,0.0
2025-03-13 00:00:00-04:00,95.16999816894531,95.52999877929688,89.0999984741211,90.58999633789062,11076400,0.0,0.0
2025-03-14 00:00:00-04:00,94.61000061035156,95.83000183105469,93.05999755859375,94.8499984741211,7065100,0.0,0.0
2025-03-17 00:00:00-04:00,95.0199966430664,98.43000030517578,94.58100128173828,96.58999633789062,5771600,0.0,0.0
2025-03-18 00:00:00-04:00,95.9000015258789,96.12000274658203,92.91000366210938,94.01000213623047,5372000,0.0,0.0
2025-03-19 00:00:00-04:00,99.625,103.16999816894531,97.6500015258789,101.54000091552734,17808900,0.0,0.0
2025-03-20 00:00:00-04:00,98.45999908447266,104.19000244140625,98.45999908447266,101.8499984741211,8604000,0.0,0.0
2025-03-21 00:00:00-04:00,100.2699966430664,104.43000030517578,99.19999694824219,104.20999908447266,8696400,0.0,0.0
2025-03-24 00:00:00-04:00,106.94999694824219,110.68000030517578,106.79499816894531,109.27999877929688,10099200,0.0,0.0
2025-03-25 00:00:00-04:00,109.98999786376953,111.0,108.75,109.81999969482422,5752900,0.0,0.0
2025-03-26 00:00:00-04:00,109.16999816894531,109.41999816894531,103.05000305175781,104.27999877929688,7271700,0.0,0.0
2025-03-27 00:00:00-04:00,102.31999969482422,103.70999908447266,99.7300033569336,102.5199966430664,7639500,0.0,0.0
2025-03-28 00:00:00-04:00,99.1500015258789,100.26000213623047,95.86100006103516,96.68000030517578,13202800,0.0,0.0
2025-03-31 00:00:00-04:00,92.72000122070312,96.11000061035156,89.23500061035156,95.4800033569336,15801900,0.0,0.0
2025-04-01 00:00:00-04:00,95.80000305175781,99.54000091552734,93.95999908447266,97.63999938964844,10309400,0.0,0.0
2025-04-02 00:00:00-04:00,95.0250015258789,101.44999694824219,94.6500015258789,100.6500015258789,7892000,0.0,0.0
2025-04-03 00:00:00-04:00,87.32499694824219,87.69999694824219,81.25,82.29000091552734,28920200,0.0,0.0
2025-04-04 00:00:00-04:00,77.4800033569336,78.2699966430664,69.83999633789062,76.88999938964844,29707500,0.0,0.0
2025-04-07 00:00:00-04:00,70.29499816894531,83.47000122070312,69.98999786376953,78.81999969482422,22525900,0.0,0.0
2025-04-08 00:00:00-04:00,83.93000030517578,86.36000061035156,75.2300033569336,77.08999633789062,18606200,0.0,0.0
2025-04-09 00:00:00-04:00,75.37999725341797,94.13999938964844,74.66999816894531,91.4000015258789,26917500,0.0,0.0
2025-04-10 00:00:00-04:00,87.23999786376953,87.39700317382812,81.38700103759766,84.62999725341797,16133700,0.0,0.0
2025-04-11 00:00:00-04:00,84.7249984741211,85.20999908447266,78.0,83.70999908447266,18094600,0.0,0.0
2025-04-14 00:00:00-04:00,87.05999755859375,88.26499938964844,81.91500091552734,82.7699966430664,9922332,0.0,0.0
