Date,Open,High,Low,Close,Volume,Dividends,Stock Splits,Capital Gains
2020-04-27 00:00:00-04:00,31.065949562757424,31.38124590877609,30.991760522504496,31.279237747192383,2105100,0.0,0.0,0.0
2020-04-28 00:00:00-04:00,31.68726489978341,31.733634815842915,31.084494903817056,31.130861282348633,3569300,0.0,0.0,0.0
2020-04-29 00:00:00-04:00,31.761462700533293,32.11385364217139,31.631635389805812,31.93765640258789,4308200,0.0,0.0,0.0
2020-04-30 00:00:00-04:00,31.78000257677096,31.826368957319424,31.427611717052077,31.631628036499023,3578500,0.0,0.0,0.0
2020-05-01 00:00:00-04:00,31.05667998832154,31.149412757937853,30.667194573370526,30.797021865844727,3567500,0.0,0.0,0.0
2020-05-04 00:00:00-04:00,30.58373245857437,30.90830421447754,30.41681064983063,30.90830421447754,2055000,0.0,0.0,0.0
2020-05-05 00:00:00-04:00,31.205051585884025,31.50180066557656,31.13086254719686,31.177228927612305,1985400,0.0,0.0,0.0
2020-05-06 00:00:00-04:00,31.362702931617164,31.41834471940533,30.954673767089844,30.954673767089844,2463200,0.0,0.0,0.0
2020-05-07 00:00:00-04:00,31.325603485107422,31.557438924843332,31.279237104665853,31.325603485107422,2480500,0.0,0.0,0.0
2020-05-08 00:00:00-04:00,31.70580867948546,31.891277710787374,31.575981418832384,31.854183197021484,2331600,0.0,0.0,0.0
2020-05-11 00:00:00-04:00,31.62235327215525,32.02111052042089,31.575986890676766,31.87273597717285,2160100,0.0,0.0,0.0
2020-05-12 00:00:00-04:00,32.00256382300636,32.03965834385262,31.214324711428517,31.223596572875977,4328000,0.0,0.0,0.0
2020-05-13 00:00:00-04:00,31.140140723425414,31.269968015180183,30.379717159166194,30.676469802856445,4560100,0.0,0.0,0.0
2020-05-14 00:00:00-04:00,30.38899336719944,31.04740524291992,30.10151611528712,31.047405242919922,4289100,0.0,0.0,0.0
2020-05-15 00:00:00-04:00,30.7599283936821,31.17723294626658,30.639376496568765,31.1586856842041,3216200,0.0,0.0,0.0
2020-05-18 00:00:00-04:00,31.891278262481737,32.3085827057482,31.88200640264364,32.132389068603516,2406800,0.0,0.0,0.0
2020-05-19 00:00:00-04:00,32.06747936896612,32.262220287191894,31.798549412828784,31.80782127380371,3542500,0.0,0.0,0.0
2020-05-20 00:00:00-04:00,32.22512668525771,32.44769026779777,32.19730756401325,32.33640670776367,2026000,0.0,0.0,0.0
2020-05-21 00:00:00-04:00,32.336411589619075,32.41987250348075,31.99329607153384,32.104576110839844,3188100,0.0,0.0,0.0
2020-05-22 00:00:00-04:00,32.09530723632697,32.19731542249154,31.93765725656471,32.178768157958984,2313100,0.0,0.0,0.0
2020-05-26 00:00:00-04:00,32.89280859839994,32.91135585541883,32.54041779009609,32.60533142089844,3994800,0.0,0.0,0.0
2020-05-27 00:00:00-04:00,32.92062573444422,33.069000244140625,32.34567495156159,33.069000244140625,3847400,0.0,0.0,0.0
2020-05-28 00:00:00-04:00,33.20811116594213,33.42139935565989,32.929905795631086,33.01336669921875,3920300,0.0,0.0,0.0
2020-05-29 00:00:00-04:00,32.948464886703185,33.226670356907306,32.642443822019956,33.133934020996094,3920200,0.0,0.0,0.0
2020-06-01 00:00:00-04:00,33.0875600308285,33.35649003697859,33.022646379347954,33.29157638549805,2170300,0.0,0.0,0.0
2020-06-02 00:00:00-04:00,33.40285281690338,33.56977462768555,33.245202867818755,33.56977462768555,2065500,0.0,0.0,0.0
2020-06-03 00:00:00-04:00,33.7923366013373,34.1169083796227,33.77378933936141,34.01490020751953,2429900,0.0,0.0,0.0
2020-06-04 00:00:00-04:00,33.9036233395471,34.09836430218864,33.68105971257903,33.91289520263672,2524100,0.0,0.0,0.0
2020-06-05 00:00:00-04:00,34.58984693951965,34.99787957792612,34.56202781872942,34.78458786010742,2804000,0.0,0.0,0.0
2020-06-08 00:00:00-04:00,34.905149275076475,35.22972106933594,34.830963761050306,35.22972106933594,2016400,0.0,0.0,0.0
2020-06-09 00:00:00-04:00,34.91441091253435,35.127699045386464,34.803127379068414,34.960777282714844,2734500,0.0,0.0,0.0
2020-06-10 00:00:00-04:00,35.01642182277824,35.127705376300334,34.68258177479575,34.75676727294922,3587200,0.0,0.0,0.0
2020-06-11 00:00:00-04:00,33.92216655969441,33.99635206815488,32.68880020159232,32.744441986083984,4935500,0.0,0.0,0.0
2020-06-12 00:00:00-04:00,33.58832310570113,33.67178401411647,32.53115395745916,33.1617431640625,7187500,0.0,0.0,0.0
2020-06-15 00:00:00-04:00,32.45696888484394,33.57905181728447,32.33641343847786,33.458499908447266,4998500,0.0,0.0,0.0
2020-06-16 00:00:00-04:00,34.38584307736361,34.38584307736361,33.532686597368446,34.098365783691406,5930500,0.0,0.0,0.0
2020-06-17 00:00:00-04:00,34.23745725073507,34.25600451107201,33.87579451798519,33.94070816040039,2372600,0.0,0.0,0.0
2020-06-18 00:00:00-04:00,33.79233321297788,34.024168658137654,33.7274195713354,33.97780227661133,1621500,0.0,0.0,0.0
2020-06-19 00:00:00-04:00,34.38584333038183,34.395115193942516,33.625419629831896,33.7830696105957,3070000,0.0,0.0,0.0
2020-06-22 00:00:00-04:00,33.697356535788394,34.04206527512974,33.57624611226453,34.004798889160156,3148400,0.168,0.0,0.0
2020-06-23 00:00:00-04:00,34.31223402707516,34.42402960755643,34.11658731883614,34.14453887939453,1843100,0.0,0.0,0.0
2020-06-24 00:00:00-04:00,33.91163697437544,33.98616619348699,33.06384622771196,33.287437438964844,2982000,0.0,0.0,0.0
2020-06-25 00:00:00-04:00,33.20357705116695,33.66008122526352,32.97066755607862,33.63212966918945,2399700,0.0,0.0,0.0
2020-06-26 00:00:00-04:00,33.5017097226146,33.52034291358727,32.7750330442695,32.8309326171875,3963700,0.0,0.0,0.0
2020-06-29 00:00:00-04:00,32.970674961379835,33.31538009643555,32.71913222371724,33.31538009643555,2988400,0.0,0.0,0.0
2020-06-30 00:00:00-04:00,33.27811404808328,33.93957624572233,33.25948085962506,33.771881103515625,2905600,0.0,0.0,0.0
2020-07-01 00:00:00-04:00,33.892995009608164,34.12590453417188,33.827780627043715,33.99547576904297,4180200,0.0,0.0,0.0
2020-07-02 00:00:00-04:00,34.39607872492026,34.54514424038983,34.097954801816094,34.15385437011719,1878000,0.0,0.0,0.0
2020-07-06 00:00:00-04:00,34.63831428653611,34.722161880554054,34.5358334989677,34.6942138671875,2742400,0.0,0.0,0.0
2020-07-07 00:00:00-04:00,34.526506826094064,34.75009796410354,34.302912134167535,34.33086013793945,2004800,0.0,0.0,0.0
2020-07-08 00:00:00-04:00,34.42403750997938,34.610365889500216,34.228394310745706,34.60104751586914,1767200,0.0,0.0,0.0
2020-07-09 00:00:00-04:00,34.68489298001333,34.69421135307245,34.004797457336764,34.39608383178711,3238600,0.0,0.0,0.0
2020-07-10 00:00:00-04:00,34.377447677981245,34.787367166940165,34.237700539924816,34.768733978271484,3710800,0.0,0.0,0.0
2020-07-13 00:00:00-04:00,35.048223910861644,35.30908499242886,34.386761720653716,34.44266128540039,4002200,0.0,0.0,0.0
2020-07-14 00:00:00-04:00,34.27497179538935,34.945748913342314,34.15385782876426,34.91780090332031,4758200,0.0,0.0,0.0
2020-07-15 00:00:00-04:00,35.299767065846105,35.346348260096256,34.936428775210686,35.215919494628906,3182600,0.0,0.0,0.0
2020-07-16 00:00:00-04:00,34.992337998118984,35.16003318683521,34.92712359738693,35.10413360595703,3052200,0.0,0.0,0.0
2020-07-17 00:00:00-04:00,35.234558711223634,35.299773105114525,34.992334327331456,35.19729232788086,2499900,0.0,0.0,0.0
2020-07-20 00:00:00-04:00,35.18797152029871,35.57925781705033,35.094805577797864,35.4860954284668,1974300,0.0,0.0,0.0
2020-07-21 00:00:00-04:00,35.72831608911292,35.77490083252116,35.45814376849666,35.579254150390625,2321400,0.0,0.0,0.0
2020-07-22 00:00:00-04:00,35.53268582850093,35.80286180087411,35.52337100879624,35.7749137878418,1983500,0.0,0.0,0.0
2020-07-23 00:00:00-04:00,35.737644688853905,35.81217390258971,35.18797796612018,35.337039947509766,4221000,0.0,0.0,0.0
2020-07-24 00:00:00-04:00,35.13207847394018,35.23455925274889,34.94575010828053,35.11344528198242,2013100,0.0,0.0,0.0
2020-07-27 00:00:00-04:00,35.1972874570626,35.3929341655784,35.10412506551598,35.36498260498047,1964200,0.0,0.0,0.0
2020-07-28 00:00:00-04:00,35.290458219883995,35.42088700742054,35.113444676297604,35.15071105957031,1944700,0.0,0.0,0.0
2020-07-29 00:00:00-04:00,35.25319672455569,35.644483141418185,35.25319672455569,35.56995391845703,1764000,0.0,0.0,0.0
2020-07-30 00:00:00-04:00,35.225236300636006,35.495408636849014,34.98300841503064,35.46746063232422,4836700,0.0,0.0,0.0
2020-07-31 00:00:00-04:00,35.67242599398257,35.737640380859375,35.16934053471792,35.737640380859375,2882500,0.0,0.0,0.0
2020-08-03 00:00:00-04:00,35.93328482895357,36.07303197950663,35.8773852579488,35.97986602783203,2187200,0.0,0.0,0.0
2020-08-04 00:00:00-04:00,35.8867009748894,36.12892532348633,35.8867009748894,36.12892532348633,1493300,0.0,0.0,0.0
2020-08-05 00:00:00-04:00,36.28730941256544,36.3804718130825,36.25004303079151,36.35252380371094,3890800,0.0,0.0,0.0
2020-08-06 00:00:00-04:00,36.27798407087027,36.63200752187631,36.25003606686774,36.585426330566406,1765600,0.0,0.0,0.0
2020-08-07 00:00:00-04:00,36.48294785206477,36.63200980590081,36.37115227516707,36.61337661743164,2092900,0.0,0.0,0.0
2020-08-10 00:00:00-04:00,36.65995575647056,36.74380332292263,36.44567943196352,36.72517013549805,2267000,0.0,0.0,0.0
2020-08-11 00:00:00-04:00,36.88355899998815,36.9394585752175,36.343207101191595,36.41773986816406,3576800,0.0,0.0,0.0
2020-08-12 00:00:00-04:00,36.72517542437956,37.02330291218984,36.71586060628437,36.92082214355469,1795300,0.0,0.0,0.0
2020-08-13 00:00:00-04:00,36.84628838022339,37.02330190447249,36.762440803978436,36.86492156982422,2767000,0.0,0.0,0.0
2020-08-14 00:00:00-04:00,36.80901912508079,36.930133071064596,36.73448992641808,36.874237060546875,1560000,0.0,0.0,0.0
2020-08-17 00:00:00-04:00,36.99534827645055,37.0232998362491,36.9394522646881,36.976715087890625,1905300,0.0,0.0,0.0
2020-08-18 00:00:00-04:00,37.032618872540795,37.107151635271705,36.84629051963125,37.06988525390625,2084400,0.0,0.0,0.0
2020-08-19 00:00:00-04:00,37.12578012690737,37.172364879136175,36.84628938312271,36.92082214355469,2349000,0.0,0.0,0.0
2020-08-20 00:00:00-04:00,36.69722914639655,37.08851904927792,36.69722914639655,37.03261947631836,972500,0.0,0.0,0.0
2020-08-21 00:00:00-04:00,37.00467479845665,37.18168479788874,36.95809003983726,37.16305160522461,1332800,0.0,0.0,0.0
2020-08-24 00:00:00-04:00,37.43321625035612,37.53569700206559,37.34005386912044,37.5263786315918,1204900,0.0,0.0,0.0
2020-08-25 00:00:00-04:00,37.591603993189096,37.67545158236758,37.47049357297868,37.65681838989258,1494000,0.0,0.0,0.0
2020-08-26 00:00:00-04:00,37.740661027892266,38.07605134060652,37.67544663974423,38.04810333251953,823100,0.0,0.0,0.0
2020-08-27 00:00:00-04:00,38.15989745162629,38.29964459452348,37.93630628769176,38.12263107299805,1682200,0.0,0.0,0.0
2020-08-28 00:00:00-04:00,38.25305894531729,38.40212088856113,38.113311818687485,38.383487701416016,1963800,0.0,0.0,0.0
2020-08-31 00:00:00-04:00,38.33690984030195,38.45802023638875,38.22511070772086,38.243743896484375,2030200,0.0,0.0,0.0
2020-09-01 00:00:00-04:00,38.33690462679674,38.60707694233307,38.23442387949263,38.588443756103516,2301800,0.0,0.0,0.0
2020-09-02 00:00:00-04:00,38.81205217229269,39.259238138307765,38.69093819589752,39.15675735473633,2073700,0.0,0.0,0.0
2020-09-03 00:00:00-04:00,38.96111389878187,39.01701347687688,37.507756853574385,37.796566009521484,5568300,0.0,0.0,0.0
2020-09-04 00:00:00-04:00,37.880414507076466,38.066742884604984,36.65065219087374,37.48912811279297,6967200,0.0,0.0,0.0
2020-09-08 00:00:00-04:00,36.84629362520478,36.99535560931249,36.43637405738809,36.47364044189453,4997700,0.0,0.0,0.0
2020-09-09 00:00:00-04:00,36.95808943605416,37.47980816037223,36.846293835813874,37.2003173828125,4518800,0.0,0.0,0.0
2020-09-10 00:00:00-04:00,37.423902264128046,37.48912020333381,36.43636811323793,36.538848876953125,6477300,0.0,0.0,0.0
2020-09-11 00:00:00-04:00,36.7624315054107,36.87423061473757,36.231398174816285,36.57610321044922,6597400,0.0,0.0,0.0
2020-09-14 00:00:00-04:00,36.94876969040811,37.256211992474796,36.883555302803224,37.05125045776367,2097500,0.0,0.0,0.0
2020-09-15 00:00:00-04:00,37.34937875881793,37.44254116517954,37.11646918899589,37.23758316040039,1259800,0.0,0.0,0.0
2020-09-16 00:00:00-04:00,37.37732178893633,37.545016941174104,37.060564674033586,37.08851623535156,1948700,0.0,0.0,0.0
2020-09-17 00:00:00-04:00,36.52021470901063,36.95808220508067,36.445681954154324,36.75312423706055,3093500,0.0,0.0,0.0
2020-09-18 00:00:00-04:00,36.85560448125271,36.85560448125271,36.054395147368496,36.34320068359375,3504400,0.0,0.0,0.0
2020-09-21 00:00:00-04:00,35.80076492261947,35.9410514831543,35.361207263705516,35.9410514831543,3739500,0.15,0.0,0.0
2020-09-22 00:00:00-04:00,36.09069884070539,36.36191769700084,35.81947998440994,36.296451568603516,1681700,0.0,0.0,0.0
2020-09-23 00:00:00-04:00,36.37126308090603,36.39931896959301,35.39861850655059,35.46408462524414,2603100,0.0,0.0,0.0
2020-09-24 00:00:00-04:00,35.29574957411922,35.91300416598921,35.14611220541244,35.54825973510742,3505800,0.0,0.0,0.0
2020-09-25 00:00:00-04:00,35.45473221360311,36.212273281877316,35.35185586965573,36.11874771118164,2789000,0.0,0.0,0.0
2020-09-28 00:00:00-04:00,36.614419321451976,36.80146330205334,36.502188651928854,36.726646423339844,3184800,0.0,0.0,0.0
2020-09-29 00:00:00-04:00,36.707943769840746,36.78276422119972,36.4460793253553,36.530250549316406,2261500,0.0,0.0,0.0
2020-09-30 00:00:00-04:00,36.61442009625113,37.166208413026176,36.58636064445896,36.80146408081055,3560400,0.0,0.0,0.0
2020-10-01 00:00:00-04:00,37.11009590914661,37.23167736249702,36.82017200273736,37.02592468261719,3494200,0.0,0.0,0.0
2020-10-02 00:00:00-04:00,36.4367267677772,36.90434390874242,36.39931654026742,36.67988967895508,3514900,0.0,0.0,0.0
2020-10-05 00:00:00-04:00,36.92304717112799,37.3532540630123,36.92304717112799,37.33454895019531,3033200,0.0,0.0,0.0
2020-10-06 00:00:00-04:00,37.362606737394756,37.59641528572935,36.754703084670695,36.80146408081055,3443200,0.0,0.0,0.0
2020-10-07 00:00:00-04:00,37.1475109590336,37.54030768874613,37.1475109590336,37.43743133544922,2700400,0.0,0.0,0.0
2020-10-08 00:00:00-04:00,37.68993766574697,37.78346322662414,37.577710560329706,37.77410888671875,1744300,0.0,0.0,0.0
2020-10-09 00:00:00-04:00,37.98922237754887,38.1669192064179,37.90505113430468,38.12950897216797,3607700,0.0,0.0,0.0
2020-10-12 00:00:00-04:00,38.400716829386916,38.905740576686505,38.37265737791146,38.71869659423828,1947000,0.0,0.0,0.0
2020-10-13 00:00:00-04:00,38.69999029849859,38.71869540969821,38.39136131515756,38.47553253173828,2100800,0.0,0.0,0.0
2020-10-14 00:00:00-04:00,38.55971652135709,38.67194365809528,38.15756541643918,38.25109100341797,2203900,0.0,0.0,0.0
2020-10-15 00:00:00-04:00,37.75540791204158,38.241730178991396,37.71800125122679,38.194969177246094,3271000,0.0,0.0,0.0
2020-10-16 00:00:00-04:00,38.35395991329645,38.541007500674205,38.14821077805331,38.16691589355469,1701100,0.0,0.0,0.0
2020-10-19 00:00:00-04:00,38.307198485717855,38.39136972072738,37.49354559238305,37.57771682739258,2384000,0.0,0.0,0.0
2020-10-20 00:00:00-04:00,37.75540637594166,38.11079639649108,37.643179262791804,37.746055603027344,3859800,0.0,0.0,0.0
2020-10-21 00:00:00-04:00,37.72736259211643,37.97987635343415,37.6338405624299,37.65254211425781,2238100,0.0,0.0,0.0
2020-10-22 00:00:00-04:00,37.68059196859969,37.94245643905507,37.44678338636857,37.8863410949707,2049100,0.0,0.0,0.0
2020-10-23 00:00:00-04:00,38.01727365189007,38.026624424621176,37.71799897759741,38.00791931152344,1935600,0.0,0.0,0.0
2020-10-26 00:00:00-04:00,37.615128544309954,37.68994544081033,36.89499763135888,37.30649948120117,2962200,0.0,0.0,0.0
2020-10-27 00:00:00-04:00,37.3345605510417,37.38132513143292,37.14751650002317,37.166221618652344,1710000,0.0,0.0,0.0
2020-10-28 00:00:00-04:00,36.51155385363341,36.577019979846945,35.838183906709865,35.884944915771484,3939900,0.0,0.0,0.0
2020-10-29 00:00:00-04:00,35.95040323883174,36.633123812326346,35.725949016999955,36.26838302612305,3701500,0.0,0.0,0.0
2020-10-30 00:00:00-04:00,36.062633371716664,36.221621479138896,35.464080464739084,35.894290924072266,4269200,0.0,0.0,0.0
2020-11-02 00:00:00-05:00,36.26838353549781,36.520897214331676,35.96910885709522,36.30579376220703,3363100,0.0,0.0,0.0
2020-11-03 00:00:00-05:00,36.68924065195014,37.175562909320426,36.623774537269114,36.932403564453125,2928300,0.0,0.0,0.0
2020-11-04 00:00:00-05:00,37.47483516916682,38.232376176954766,37.33454860814243,37.7647590637207,4642500,0.0,0.0,0.0
2020-11-05 00:00:00-05:00,38.39135491986482,38.69998385179395,38.34459393347286,38.50358200073242,3745600,0.0,0.0,0.0
2020-11-06 00:00:00-05:00,38.46619249710457,38.6251806352273,38.21367877687773,38.48489761352539,2059300,0.0,0.0,0.0
2020-11-09 00:00:00-05:00,40.0093203730843,40.03737982678667,38.92444877766246,38.98056411743164,5753700,0.0,0.0,0.0
2020-11-10 00:00:00-05:00,38.85898164716538,39.036678434628534,38.54100186540737,38.90574264526367,3273000,0.0,0.0,0.0
2020-11-11 00:00:00-05:00,39.15825539056625,39.2985419491806,39.02732317193172,39.21437072753906,1939500,0.0,0.0,0.0
2020-11-12 00:00:00-05:00,39.06472874964935,39.17695584260967,38.615816810173115,38.84027099609375,2337200,0.0,0.0,0.0
2020-11-13 00:00:00-05:00,39.04602628452385,39.4481772598112,38.989910950424964,39.36400604248047,1606300,0.0,0.0,0.0
2020-11-16 00:00:00-05:00,39.69134032738811,39.84097766484004,39.53235221718599,39.831626892089844,1970300,0.0,0.0,0.0
2020-11-17 00:00:00-05:00,39.5697563383051,39.7755054157846,39.392059574748046,39.64457321166992,2306700,0.0,0.0,0.0
2020-11-18 00:00:00-05:00,39.66328387531613,39.73810432679182,39.15825653076172,39.15825653076172,2228900,0.0,0.0,0.0
2020-11-19 00:00:00-05:00,39.10214799473491,39.37336323468335,38.94315630601335,39.33595657348633,1686100,0.0,0.0,0.0
2020-11-20 00:00:00-05:00,39.307902426975055,39.317256769264546,39.055388699702696,39.06474304199219,1127600,0.0,0.0,0.0
2020-11-23 00:00:00-05:00,39.27984072322737,39.429478068991386,39.00862191914394,39.298545837402344,1982300,0.0,0.0,0.0
2020-11-24 00:00:00-05:00,39.57911328549077,39.990615072295014,39.4949420600495,39.91579818725586,4920000,0.0,0.0,0.0
2020-11-25 00:00:00-05:00,39.93450661002577,39.93450661002577,39.74745903047285,39.87839126586914,1372400,0.0,0.0,0.0
2020-11-27 00:00:00-05:00,39.99997279053165,40.028028678836094,39.86904055492977,39.962562561035156,661900,0.0,0.0,0.0
2020-11-30 00:00:00-05:00,39.88774649713665,39.91580238602311,39.48559544079646,39.78487014770508,1702700,0.0,0.0,0.0
2020-12-01 00:00:00-05:00,40.1963687299801,40.42082652584362,40.112197502485735,40.24312973022461,2408200,0.0,0.0,0.0
2020-12-02 00:00:00-05:00,40.11219921470554,40.33665702015021,40.03738232464784,40.308597564697266,1659900,0.0,0.0,0.0
2020-12-03 00:00:00-05:00,40.308597564697266,40.47694002687182,40.187019672399025,40.308597564697266,2168200,0.0,0.0,0.0
2020-12-04 00:00:00-05:00,40.374062293909326,40.66398620605469,40.374062293909326,40.66398620605469,1756600,0.0,0.0,0.0
2020-12-07 00:00:00-05:00,40.57981420805332,40.635929548330516,40.43017686828306,40.589168548583984,1626200,0.0,0.0,0.0
2020-12-08 00:00:00-05:00,40.42082427636721,40.75750916760768,40.41146993625751,40.692039489746094,800600,0.0,0.0,0.0
2020-12-09 00:00:00-05:00,40.77621137964694,40.79491649253691,40.23377737637963,40.346004486083984,2066700,0.0,0.0,0.0
2020-12-10 00:00:00-05:00,40.17765988323316,40.43952788201498,40.06543277954684,40.32729721069336,1353400,0.0,0.0,0.0
2020-12-11 00:00:00-05:00,40.121548550301185,40.29924176370111,39.943851769265926,40.28053665161133,1118800,0.0,0.0,0.0
2020-12-14 00:00:00-05:00,40.54240260465469,40.65463328139849,40.0747854877953,40.09349060058594,5525100,0.0,0.0,0.0
2020-12-15 00:00:00-05:00,40.40211675108474,40.63592529296875,40.23377431551743,40.63592529296875,1384200,0.0,0.0,0.0
2020-12-16 00:00:00-05:00,40.673346521696494,40.80427876975884,40.551765048080235,40.68269729614258,1124800,0.0,0.0,0.0
2020-12-17 00:00:00-05:00,40.87908821289507,40.94455432498683,40.79491698768629,40.935203552246094,1238800,0.0,0.0,0.0
2020-12-18 00:00:00-05:00,41.00067336019647,41.00067336019647,40.533056193026184,40.76686477661133,1770600,0.0,0.0,0.0
2020-12-21 00:00:00-05:00,40.30762503094218,40.720846237315264,39.978929600883134,40.645713806152344,2675000,0.181,0.0,0.0
2020-12-22 00:00:00-05:00,40.673888177305145,40.673888177305145,40.420321608875675,40.55179977416992,1858900,0.0,0.0,0.0
2020-12-23 00:00:00-05:00,40.67389403072994,40.81476197845567,40.561195373535156,40.561195373535156,2127500,0.0,0.0,0.0
2020-12-24 00:00:00-05:00,40.61754525150627,40.7490234375,40.570589268295926,40.7490234375,483800,0.0,0.0,0.0
2020-12-28 00:00:00-05:00,41.05894336529342,41.14346557629062,40.97442115429623,41.08711624145508,966000,0.0,0.0,0.0
2020-12-29 00:00:00-05:00,41.27493989846737,41.284329662135285,40.94624084990022,41.00259017944336,1635800,0.0,0.0,0.0
2020-12-30 00:00:00-05:00,41.115281021251604,41.18102010769171,41.021369064197614,41.06832504272461,858100,0.0,0.0,0.0
2020-12-31 00:00:00-05:00,41.068324282759754,41.3500637312197,40.99319543500912,41.284324645996094,1663300,0.0,0.0,0.0
2021-01-04 00:00:00-05:00,41.443989409802256,41.443989409802256,40.288854880713494,40.720855712890625,3208100,0.0,0.0,0.0
2021-01-05 00:00:00-05:00,40.65511160354039,41.11528525601775,40.65511160354039,41.00259017944336,1929300,0.0,0.0,0.0
2021-01-06 00:00:00-05:00,40.814760339287716,41.6130263410549,40.75841459546506,41.22798156738281,3306300,0.0,0.0,0.0
2021-01-07 00:00:00-05:00,41.51911893582172,41.94173000989107,41.50972917084791,41.83842468261719,1535100,0.0,0.0,0.0
2021-01-08 00:00:00-05:00,42.03563290916943,42.12015510572487,41.64119838025179,42.101375579833984,2278000,0.0,0.0,0.0
2021-01-11 00:00:00-05:00,41.71632661979184,42.01685276731453,41.70693685698406,41.82902526855469,3002500,0.0,0.0,0.0
2021-01-12 00:00:00-05:00,41.829034917643376,41.94173000989107,41.55668516074175,41.83842468261719,1769600,0.0,0.0,0.0
2021-01-13 00:00:00-05:00,41.819633991983274,42.05441748141954,41.725722029213465,41.92293930053711,1363900,0.0,0.0,0.0
2021-01-14 00:00:00-05:00,42.03563136512314,42.082590925660284,41.74450215185715,41.79145812988281,1756100,0.0,0.0,0.0
2021-01-15 00:00:00-05:00,41.575465660136494,41.688160745301175,41.26554969779342,41.47216033935547,1795300,0.0,0.0,0.0
2021-01-19 00:00:00-05:00,41.76328525956971,41.87598032333359,41.60363063526868,41.79145812988281,1916200,0.0,0.0,0.0
2021-01-20 00:00:00-05:00,42.082589520424825,42.48641736648143,42.03562996145577,42.39250183105469,2706900,0.0,0.0,0.0
2021-01-21 00:00:00-05:00,42.48642211197378,42.50520163864533,42.3173777118357,42.43007278442383,1729500,0.0,0.0,0.0
2021-01-22 00:00:00-05:00,42.204675152760075,42.4112857521531,42.16711252037979,42.261024475097656,1105700,0.0,0.0,0.0
2021-01-25 00:00:00-05:00,42.36433190334775,42.48642031662433,41.791459636255645,42.43946075439453,2272300,0.0,0.0,0.0
2021-01-26 00:00:00-05:00,42.55215778598719,42.59911376391911,42.354936946654774,42.36433029174805,1621500,0.0,0.0,0.0
2021-01-27 00:00:00-05:00,41.969893825179355,41.97928717063735,41.07771946229764,41.359458923339844,3592300,0.0,0.0,0.0
2021-01-28 00:00:00-05:00,41.55667258832528,42.17650078193544,41.50971661263734,41.69754409790039,3434900,0.0,0.0,0.0
2021-01-29 00:00:00-05:00,41.47215666730072,41.58485174248708,40.67389421242025,40.89928436279297,4629200,0.0,0.0,0.0
2021-02-01 00:00:00-05:00,41.25614281296335,41.66936034209856,41.02135939316843,41.54727554321289,2136800,0.0,0.0,0.0
2021-02-02 00:00:00-05:00,41.9135500905748,42.317377984337135,41.9135500905748,42.11076736450195,2603200,0.0,0.0,0.0
2021-02-03 00:00:00-05:00,42.2422426460365,42.36433105687366,42.026242277639405,42.14833068847656,2275200,0.0,0.0,0.0
2021-02-04 00:00:00-05:00,42.27040803837885,42.655452728271484,42.27040803837885,42.655452728271484,1953000,0.0,0.0,0.0
2021-02-05 00:00:00-05:00,42.89024011882444,42.89024011882444,42.683633113187945,42.824501037597656,1111600,0.0,0.0,0.0
2021-02-08 00:00:00-05:00,42.99355279224634,43.14381408691406,42.899640826520965,43.14381408691406,1317600,0.0,0.0,0.0
2021-02-09 00:00:00-05:00,43.040503590910525,43.16258840498429,42.97476092927934,43.087459564208984,1860300,0.0,0.0,0.0
2021-02-10 00:00:00-05:00,43.31285687555241,43.32225022128167,42.79633391830669,43.06868362426758,1976700,0.0,0.0,0.0
2021-02-11 00:00:00-05:00,43.20016341585641,43.24711939871909,42.852684843658274,43.14381408691406,1372200,0.0,0.0,0.0
2021-02-12 00:00:00-05:00,43.0311128995469,43.387984767135805,43.0311128995469,43.36920166015625,1541900,0.0,0.0,0.0
2021-02-16 00:00:00-05:00,43.49129859436815,43.528861233183214,43.24712173825399,43.3222541809082,1770600,0.0,0.0,0.0
2021-02-17 00:00:00-05:00,43.115642217921106,43.35981548400134,43.00294713992346,43.350425720214844,1965400,0.0,0.0,0.0
2021-02-18 00:00:00-05:00,43.040503190816565,43.22832708226443,42.8151095055636,43.1531982421875,1957600,0.0,0.0,0.0
2021-02-19 00:00:00-05:00,43.31285507253205,43.322248417870284,43.02172585225518,43.07807159423828,2042400,0.0,0.0,0.0
2021-02-22 00:00:00-05:00,42.758766174316406,43.031115870556896,42.72120354027519,42.758766174316406,3084000,0.0,0.0,0.0
2021-02-23 00:00:00-05:00,42.4958216502121,42.95599897477408,41.98868833314688,42.77756118774414,5589900,0.0,0.0,0.0
2021-02-24 00:00:00-05:00,42.64607739108063,43.31286171184171,42.55216541837224,43.275299072265625,3406700,0.0,0.0,0.0
2021-02-25 00:00:00-05:00,43.1062459262668,43.27529030891972,42.05441341586832,42.24224090576172,6156000,0.0,0.0,0.0
2021-02-26 00:00:00-05:00,42.4676371861001,42.58033225386733,41.77267650609363,42.01685333251953,7005900,0.0,0.0,0.0
2021-03-01 00:00:00-05:00,42.59911150218472,43.17198371706817,42.58971815759018,43.0123291015625,2104300,0.0,0.0,0.0
2021-03-02 00:00:00-05:00,43.06867865218534,43.07806841431887,42.65545746808389,42.693023681640625,4114200,0.0,0.0,0.0
2021-03-03 00:00:00-05:00,42.617900568181874,42.72120587809947,42.11076736450195,42.11076736450195,6202800,0.0,0.0,0.0
2021-03-04 00:00:00-05:00,42.09198578652444,42.392508381302335,41.077722924777014,41.59424591064453,8076300,0.0,0.0,0.0
2021-03-05 00:00:00-05:00,42.0168570882554,42.486424092188685,41.16224528439731,42.354942321777344,8263300,0.0,0.0,0.0
2021-03-08 00:00:00-05:00,42.48641224535851,42.80571786229905,42.12954041877533,42.16710662841797,5318200,0.0,0.0,0.0
2021-03-09 00:00:00-05:00,42.59911466819444,43.06868162250432,42.56154845204688,42.73998260498047,4359500,0.0,0.0,0.0
2021-03-10 00:00:00-05:00,43.04989375397001,43.22832788717235,42.88084938251047,43.02172088623047,5140500,0.0,0.0,0.0
2021-03-11 00:00:00-05:00,43.31285665751575,43.69790143270734,43.275294022322974,43.472511291503906,2378000,0.0,0.0,0.0
2021-03-12 00:00:00-05:00,43.29406710348667,43.5382438997035,43.209544917490256,43.52885055541992,3879200,0.0,0.0,0.0
2021-03-15 00:00:00-04:00,43.55702563747341,43.81998194897465,43.30345908744962,43.79180908203125,2956400,0.0,0.0,0.0
2021-03-16 00:00:00-04:00,43.866942612904886,43.942075042804035,43.63215914323722,43.74485778808594,3060000,0.0,0.0,0.0
2021-03-17 00:00:00-04:00,43.58521372550789,43.97025856574999,43.434952411816155,43.876346588134766,4077900,0.0,0.0,0.0
2021-03-18 00:00:00-04:00,43.57581260532599,43.81998583300383,43.171984758291934,43.21894073486328,4134300,0.0,0.0,0.0
2021-03-19 00:00:00-04:00,43.21894542258237,43.378596476743695,42.90902949507615,43.17198944091797,4767600,0.0,0.0,0.0
2021-03-22 00:00:00-04:00,43.22195336283495,43.66501490084508,43.22195336283495,43.5047607421875,2994800,0.173,0.0,0.0
2021-03-23 00:00:00-04:00,43.42933675540128,43.59901971440577,43.071116775720164,43.17481231689453,3207200,0.0,0.0,0.0
2021-03-24 00:00:00-04:00,43.325648388607895,43.52361067487926,42.93914905043969,42.948577880859375,3572100,0.0,0.0,0.0
2021-03-25 00:00:00-04:00,42.778888902344654,43.27850896325844,42.54321851949179,43.184242248535156,5363100,0.0,0.0,0.0
2021-03-26 00:00:00-04:00,43.335070202982834,43.91953173279677,43.25965395601609,43.872398376464844,3990100,0.0,0.0,0.0
2021-03-29 00:00:00-04:00,43.72156259358663,43.95723293417899,43.533025601903944,43.84410858154297,3480800,0.0,0.0,0.0
2021-03-30 00:00:00-04:00,43.72157104744505,43.81583776349149,43.55188808172569,43.74042510986328,3065200,0.0,0.0,0.0
2021-03-31 00:00:00-04:00,43.825268042256724,44.108071795794565,43.81583921271339,43.93838882446289,3843500,0.0,0.0,0.0
2021-04-01 00:00:00-04:00,44.13634384045399,44.40029348758139,44.12691860850411,44.38144302368164,2672800,0.0,0.0,0.0
2021-04-05 00:00:00-04:00,44.711386624679065,45.08846068664321,44.711386624679065,45.031898498535156,3230800,0.0,0.0,0.0
2021-04-06 00:00:00-04:00,44.9753314560678,45.126160345364966,44.93762333473241,44.98476028442383,2400300,0.0,0.0,0.0
2021-04-07 00:00:00-04:00,44.984769104086766,45.09788989422688,44.92820691099417,45.069610595703125,1976500,0.0,0.0,0.0
2021-04-08 00:00:00-04:00,45.201583953633936,45.27699661254883,45.09788840108663,45.27699661254883,2199700,0.0,0.0,0.0
2021-04-09 00:00:00-04:00,45.248713604157906,45.616358826824545,45.23928837108336,45.60693359375,2455100,0.0,0.0,0.0
2021-04-12 00:00:00-04:00,45.540946174094174,45.64463812209285,45.46552992531914,45.60693359375,1804900,0.0,0.0,0.0
2021-04-13 00:00:00-04:00,45.61635235294989,45.82374341160362,45.55979377044007,45.72947311401367,2563500,0.0,0.0,0.0
2021-04-14 00:00:00-04:00,45.757762495255406,45.87088327237329,45.53151734497496,45.60693359375,3655700,0.0,0.0,0.0
2021-04-15 00:00:00-04:00,45.86145184087992,46.115972655984166,45.852023013035065,46.09712219238281,2603900,0.0,0.0,0.0
2021-04-16 00:00:00-04:00,46.257388185881574,46.30452154907888,46.07827996731378,46.247962951660156,2020000,0.0,0.0,0.0
2021-04-19 00:00:00-04:00,46.13482821933077,46.18196516800306,45.861453335670724,46.00285339355469,3275700,0.0,0.0,0.0
2021-04-20 00:00:00-04:00,45.87088447711252,45.94630072786827,45.50323924479016,45.691776275634766,3091800,0.0,0.0,0.0
2021-04-21 00:00:00-04:00,45.58808375120361,46.12541198730469,45.58808375120361,46.12541198730469,1492100,0.0,0.0,0.0
2021-04-22 00:00:00-04:00,46.10655375414757,46.18197000308359,45.569225566634785,45.68234634399414,2834800,0.0,0.0,0.0
2021-04-23 00:00:00-04:00,45.76718362004197,46.3422198791772,45.74832955954064,46.19139099121094,1308400,0.0,0.0,0.0
2021-04-26 00:00:00-04:00,46.24796112180492,46.35165307831824,46.2196782281695,46.266815185546875,1481700,0.0,0.0,0.0
2021-04-27 00:00:00-04:00,46.32337378072779,46.34222784446975,46.14426556924663,46.266815185546875,2252700,0.0,0.0,0.0
2021-04-28 00:00:00-04:00,46.295097198298976,46.42707205618792,46.219680938908056,46.257389068603516,1354600,0.0,0.0,0.0
2021-04-29 00:00:00-04:00,46.59675766281025,46.615611728717695,46.15369610409859,46.54019546508789,2095000,0.0,0.0,0.0
2021-04-30 00:00:00-04:00,46.27623644566399,46.37993198931796,46.1442616068479,46.229103088378906,1991000,0.0,0.0,0.0
2021-05-03 00:00:00-04:00,46.48363073016087,46.53076409068783,46.29509369200813,46.332801818847656,1648000,0.0,0.0,0.0
2021-05-04 00:00:00-04:00,46.10655107943777,46.16311326285853,45.63521033906485,46.059417724609375,2934500,0.0,0.0,0.0
2021-05-05 00:00:00-04:00,46.27624369180987,46.28566892632487,45.99343990777201,46.07828140258789,1940200,0.0,0.0,0.0
2021-05-06 00:00:00-04:00,46.09712788049457,46.45534426982893,45.85202867090304,46.445919036865234,2604600,0.0,0.0,0.0
2021-05-07 00:00:00-04:00,46.549610670792354,46.86069367709651,46.46476919706498,46.77585220336914,2468700,0.0,0.0,0.0
2021-05-10 00:00:00-04:00,46.81356673632579,46.841846032760294,46.3139466537438,46.32337188720703,1943200,0.0,0.0,0.0
2021-05-11 00:00:00-04:00,45.7954658178369,46.021707348350496,45.44667109789163,45.92744064331055,4380500,0.0,0.0,0.0
2021-05-12 00:00:00-04:00,45.57865458645947,45.720058266940164,44.87164337614596,44.947059631347656,4716400,0.0,0.0,0.0
2021-05-13 00:00:00-04:00,45.12616358724335,45.70119989276346,45.11673835425457,45.45610427856445,3709100,0.0,0.0,0.0
2021-05-14 00:00:00-04:00,45.79547122753137,46.27623723369758,45.79547122753137,46.163116455078125,1751600,0.0,0.0,0.0
2021-05-17 00:00:00-04:00,46.021712312312644,46.144261918918374,45.8237500527497,46.049991607666016,1979300,0.0,0.0,0.0
2021-05-18 00:00:00-04:00,46.09713147912302,46.115981946522,45.64464114855978,45.67292404174805,1534500,0.0,0.0,0.0
2021-05-19 00:00:00-04:00,45.10731536729719,45.55980572234443,44.91878191474679,45.550376892089844,4209400,0.0,0.0,0.0
2021-05-20 00:00:00-04:00,45.65405776844285,46.172531788330026,45.625778478862586,46.031131744384766,1924300,0.0,0.0,0.0
2021-05-21 00:00:00-04:00,46.219671528212466,46.34222112674804,45.93686780516796,45.98400115966797,2287500,0.0,0.0,0.0
2021-05-24 00:00:00-04:00,46.25738201318974,46.587319107588385,46.22910271825403,46.445919036865234,1203800,0.0,0.0,0.0
2021-05-25 00:00:00-04:00,46.59675056354717,46.625029860077156,46.29509274707788,46.361080169677734,1990300,0.0,0.0,0.0
2021-05-26 00:00:00-04:00,46.436487278328755,46.51190352145904,46.30451244889516,46.45534133911133,1148900,0.0,0.0,0.0
2021-05-27 00:00:00-04:00,46.577889105203724,46.62502245728515,46.45533951295663,46.47419357299805,1314000,0.0,0.0,0.0
2021-05-28 00:00:00-04:00,46.662745095463634,46.69102439630212,46.530770230156854,46.54019546508789,1939100,0.0,0.0,0.0
2021-06-01 00:00:00-04:00,46.84184364922227,46.84184364922227,46.46477319711833,46.521331787109375,1899600,0.0,0.0,0.0
2021-06-02 00:00:00-04:00,46.596744537353516,46.68158601201605,46.47419494149777,46.596744537353516,1328300,0.0,0.0,0.0
2021-06-03 00:00:00-04:00,46.313943099383316,46.549613474370545,46.14426014170895,46.43648910522461,1756900,0.0,0.0,0.0
2021-06-04 00:00:00-04:00,46.653309227353795,46.87012554180484,46.634455165743546,46.84184265136719,1237700,0.0,0.0,0.0
2021-06-07 00:00:00-04:00,46.851277190059925,46.851277190059925,46.69101944486412,46.7852897644043,1032200,0.0,0.0,0.0
2021-06-08 00:00:00-04:00,46.907826305366385,46.907826305366385,46.59674330386815,46.804134368896484,1142700,0.0,0.0,0.0
2021-06-09 00:00:00-04:00,46.88897934342861,46.90782980888978,46.70986755714663,46.728721618652344,2124200,0.0,0.0,0.0
2021-06-10 00:00:00-04:00,46.87013363430143,47.05866709086661,46.72872994583237,46.95497512817383,1114900,0.0,0.0,0.0
2021-06-11 00:00:00-04:00,47.030379364801476,47.0398081935674,46.87012523622599,47.02095413208008,1098000,0.0,0.0,0.0
2021-06-14 00:00:00-04:00,47.04923456805856,47.14350128173828,46.89840566854422,47.14350128173828,1246800,0.0,0.0,0.0
2021-06-15 00:00:00-04:00,47.171786792502694,47.171786792502694,46.94554163264369,47.05866241455078,1242900,0.0,0.0,0.0
2021-06-16 00:00:00-04:00,47.07751197771192,47.07751197771192,46.54018381995687,46.794708251953125,2054800,0.0,0.0,0.0
2021-06-17 00:00:00-04:00,46.747572910808124,46.8795477374853,46.48362325745377,46.77585220336914,1508400,0.0,0.0,0.0
2021-06-18 00:00:00-04:00,46.39878956826609,46.445922929123675,46.1254110408292,46.153690338134766,2206200,0.0,0.0,0.0
2021-06-21 00:00:00-04:00,46.358953691783256,46.822450241444585,46.254906833374335,46.803531646728516,2741700,0.167,0.0,0.0
2021-06-22 00:00:00-04:00,46.81298438556902,47.144050713075984,46.71839142888678,47.049461364746094,1428700,0.0,0.0,0.0
2021-06-23 00:00:00-04:00,47.05891488787561,47.15350422822902,46.99270162795782,47.002159118652344,1110500,0.0,0.0,0.0
2021-06-24 00:00:00-04:00,47.229183995384325,47.32377334656911,47.21972289525437,47.26702117919922,1028400,0.0,0.0,0.0
2021-06-25 00:00:00-04:00,47.371070803748665,47.484578744859846,47.32377252062931,47.418365478515625,942000,0.0,0.0,0.0
2021-06-28 00:00:00-04:00,47.49404519058409,47.55080097601611,47.361618632929094,47.54133987426758,1127800,0.0,0.0,0.0
2021-06-29 00:00:00-04:00,47.59809032936132,47.645385007748445,47.50350097258706,47.56025314331055,810600,0.0,0.0,0.0
2021-06-30 00:00:00-04:00,47.51296241641041,47.67376866632354,47.51296241641041,47.6075553894043,1831700,0.0,0.0,0.0
2021-07-01 00:00:00-04:00,47.702138470553805,47.87240219116211,47.683219878447055,47.87240219116211,1471600,0.0,0.0,0.0
2021-07-02 00:00:00-04:00,48.00482636993375,48.26967942971582,47.96698918757851,48.23184585571289,2292600,0.0,0.0,0.0
2021-07-06 00:00:00-04:00,48.2223808421336,48.25075692242083,47.81564018570734,48.13724899291992,1269100,0.0,0.0,0.0
2021-07-07 00:00:00-04:00,48.222389304476614,48.34535835455393,47.985912304979365,48.31698226928711,1299600,0.0,0.0,0.0
2021-07-08 00:00:00-04:00,47.664300374659106,48.014285301058635,47.550792432542146,47.92915344238281,1845700,0.0,0.0,0.0
2021-07-09 00:00:00-04:00,48.08049986217415,48.45886085380388,48.07103876258086,48.430484771728516,1298800,0.0,0.0,0.0
2021-07-12 00:00:00-04:00,48.41156616247652,48.6291245444601,48.373728980822264,48.619667053222656,1327200,0.0,0.0,0.0
2021-07-13 00:00:00-04:00,48.52506793059477,48.68587412800759,48.41156000841336,48.45885467529297,1747600,0.0,0.0,0.0
2021-07-14 00:00:00-04:00,48.648051550344555,48.704807332643455,48.36427985555581,48.515625,1283200,0.0,0.0,0.0
2021-07-15 00:00:00-04:00,48.34535894434748,48.430490809539165,48.12780053515821,48.35481643676758,1731900,0.0,0.0,0.0
2021-07-16 00:00:00-04:00,48.47778578188957,48.48724327436694,47.9196999085542,47.97645568847656,2453500,0.0,0.0,0.0
2021-07-19 00:00:00-04:00,47.39945688103008,47.44675156576905,46.92650281693416,47.248111724853516,3032500,0.0,0.0,0.0
2021-07-20 00:00:00-04:00,47.35215575691123,48.0899628418941,47.24810529962336,47.93861770629883,4570300,0.0,0.0,0.0
2021-07-21 00:00:00-04:00,48.061578236163975,48.345349864053645,48.061578236163975,48.32643127441406,3974700,0.0,0.0,0.0
2021-07-22 00:00:00-04:00,48.35481336117037,48.45886381293685,48.23184792576677,48.439945220947266,990500,0.0,0.0,0.0
2021-07-23 00:00:00-04:00,48.66696768633399,48.960196859185466,48.58183582136199,48.92236328125,1376800,0.0,0.0,0.0
2021-07-26 00:00:00-04:00,48.86560292667741,49.04532413219035,48.84668433530463,49.02640914916992,1438900,0.0,0.0,0.0
2021-07-27 00:00:00-04:00,48.9223631987151,48.9223631987151,48.48724277384078,48.8277702331543,3433700,0.0,0.0,0.0
2021-07-28 00:00:00-04:00,48.90344229580981,48.969655564398664,48.63858561310188,48.8088493347168,1884700,0.0,0.0,0.0
2021-07-29 00:00:00-04:00,48.922357046932994,49.13045432829403,48.922357046932994,48.99802780151367,1291400,0.0,0.0,0.0
2021-07-30 00:00:00-04:00,48.70480189945037,48.9318177866158,48.68588330746118,48.77101516723633,1320500,0.0,0.0,0.0
2021-08-02 00:00:00-04:00,48.979101718999296,49.0263999927738,48.62911686484842,48.666954040527344,1608400,0.0,0.0,0.0
2021-08-03 00:00:00-04:00,48.761554566868504,49.06424482509327,48.49670149300996,49.045326232910156,1347800,0.0,0.0,0.0
2021-08-04 00:00:00-04:00,48.91290209798268,48.979115369698896,48.7993941476624,48.8277702331543,2115300,0.0,0.0,0.0
2021-08-05 00:00:00-04:00,48.96965390903508,49.13991762489442,48.93181672587692,49.11153793334961,1956000,0.0,0.0,0.0
2021-08-06 00:00:00-04:00,49.17775022998577,49.25342098090535,49.13991305034995,49.21558380126953,1011100,0.0,0.0,0.0
2021-08-09 00:00:00-04:00,49.18720712440734,49.23450179420271,49.09261778481658,49.17774963378906,1095200,0.0,0.0,0.0
2021-08-10 00:00:00-04:00,49.23451232910156,49.319644196290035,49.13992296927116,49.23451232910156,4482700,0.0,0.0,0.0
2021-08-11 00:00:00-04:00,49.36693809754974,49.36693809754974,49.225054060042055,49.33856201171875,884200,0.0,0.0,0.0
2021-08-12 00:00:00-04:00,49.33855586958278,49.51827707139352,49.23450542335203,49.508819580078125,941600,0.0,0.0,0.0
2021-08-13 00:00:00-04:00,49.56557905173673,49.60341262817383,49.508823274552256,49.60341262817383,885800,0.0,0.0,0.0
2021-08-16 00:00:00-04:00,49.423689146798,49.72637939453125,49.253425431404,49.72637939453125,1197700,0.0,0.0,0.0
2021-08-17 00:00:00-04:00,49.41423783358618,49.48990860080459,49.03587317243562,49.366939544677734,2158500,0.0,0.0,0.0
2021-08-18 00:00:00-04:00,49.272342123920396,49.44260583275225,48.80884567024432,48.856143951416016,4645100,0.0,0.0,0.0
2021-08-19 00:00:00-04:00,48.50616144878568,49.05478982490585,48.496703956389986,48.92236328125,2765100,0.0,0.0,0.0
2021-08-20 00:00:00-04:00,48.96964944866328,49.348010420724954,48.90343618834369,49.310176849365234,1179900,0.0,0.0,0.0
2021-08-23 00:00:00-04:00,49.48990241296762,49.849348435283005,49.48990241296762,49.72637939453125,896800,0.0,0.0,0.0
2021-08-24 00:00:00-04:00,49.83042972784756,49.88718550229767,49.75475536191408,49.82096862792969,1259200,0.0,0.0,0.0
2021-08-25 00:00:00-04:00,49.858809711831995,49.99123625422422,49.80205754129398,49.915565490722656,955800,0.0,0.0,0.0
2021-08-26 00:00:00-04:00,49.91556479195399,49.925022284127046,49.62233201765285,49.64125061035156,1541000,0.0,0.0,0.0
2021-08-27 00:00:00-04:00,49.73584258779269,50.123664709545906,49.7263814874546,50.07636642456055,2052400,0.0,0.0,0.0
2021-08-30 00:00:00-04:00,50.142581959828235,50.388520062798726,50.13312446741523,50.28446960449219,1181600,0.0,0.0,0.0
2021-08-31 00:00:00-04:00,50.303385950680564,50.3223045430142,50.15204082036401,50.21825408935547,1647100,0.0,0.0,0.0
2021-09-01 00:00:00-04:00,50.35067529202006,50.397969963666384,50.22770625905788,50.23716735839844,1867100,0.0,0.0,0.0
2021-09-02 00:00:00-04:00,50.42635877929965,50.50202954595794,50.26555253657747,50.407440185546875,1172700,0.0,0.0,0.0
2021-09-03 00:00:00-04:00,50.303388073714956,50.44527571802927,50.2277137011866,50.379058837890625,2370000,0.0,0.0,0.0
2021-09-07 00:00:00-04:00,50.34122313534784,50.35068062733839,50.13312222803037,50.21825408935547,2476000,0.0,0.0,0.0
2021-09-08 00:00:00-04:00,50.133122938711054,50.22771229336759,49.92502202844358,50.1614990234375,2397500,0.0,0.0,0.0
2021-09-09 00:00:00-04:00,50.12366489002792,50.33176218963216,49.906102881698985,49.93448257446289,1673500,0.0,0.0,0.0
2021-09-10 00:00:00-04:00,50.14257994301532,50.20879682065379,49.52774192702423,49.55611801147461,2349200,0.0,0.0,0.0
2021-09-13 00:00:00-04:00,49.877723120132664,49.92501779344906,49.38585057926712,49.65070724487305,2134800,0.0,0.0,0.0
2021-09-14 00:00:00-04:00,49.83989436832799,49.85881296252499,49.291269570026316,49.40477752685547,3154900,0.0,0.0,0.0
2021-09-15 00:00:00-04:00,49.46152477453297,49.86826545870062,49.31963714671551,49.7925910949707,2263600,0.0,0.0,0.0
2021-09-16 00:00:00-04:00,49.75476627512161,49.85881674692638,49.38586268116153,49.7358512878418,1291700,0.0,0.0,0.0
2021-09-17 00:00:00-04:00,49.62233614285671,49.688549418630345,49.206137893943456,49.26289367675781,1550700,0.0,0.0,0.0
2021-09-20 00:00:00-04:00,48.51719118945671,48.70693454826353,47.85309124315962,48.42232131958008,2803900,0.154,0.0,0.0
2021-09-21 00:00:00-04:00,48.71643018378025,48.84925309580916,48.32745784618848,48.39386749267578,1775100,0.0,0.0,0.0
2021-09-22 00:00:00-04:00,48.66898695034686,49.09590861866775,48.545653219708896,48.85873031616211,1946900,0.0,0.0,0.0
2021-09-23 00:00:00-04:00,49.086423323732205,49.63667510638134,49.05795946633308,49.4564208984375,1649200,0.0,0.0,0.0
2021-09-24 00:00:00-04:00,49.257192200246884,49.60821872269987,49.23822111924498,49.54180908203125,2450700,0.0,0.0,0.0
2021-09-27 00:00:00-04:00,49.39002007377832,49.541814070455764,49.30463572445635,49.399505615234375,1324200,0.0,0.0,0.0
2021-09-28 00:00:00-04:00,49.04848000021765,49.086429402079936,48.31797030011233,48.40335464477539,2223700,0.0,0.0,0.0
2021-09-29 00:00:00-04:00,48.564632981350115,48.75437636694725,48.40335345597769,48.46027755737305,3852400,0.0,0.0,0.0
2021-09-30 00:00:00-04:00,48.65002652756356,48.735410886282644,47.86259621409179,47.8720817565918,4511900,0.0,0.0,0.0
2021-10-01 00:00:00-04:00,48.09976747975851,48.64053379873299,47.66336020813949,48.45079040527344,3806600,0.0,0.0,0.0
2021-10-04 00:00:00-04:00,48.31797317998467,48.40335752973686,47.57797789483528,47.8436164855957,4162100,0.0,0.0,0.0
2021-10-05 00:00:00-04:00,48.02386185975214,48.59309195935213,47.91001728745362,48.327449798583984,3545200,0.0,0.0,0.0
2021-10-06 00:00:00-04:00,47.90053895970864,48.555149872801856,47.71079556460714,48.5172004699707,3907500,0.0,0.0,0.0
2021-10-07 00:00:00-04:00,48.915651027101816,49.276159416247815,48.88718717181408,48.92513656616211,1910300,0.0,0.0,0.0
2021-10-08 00:00:00-04:00,49.03898452320707,49.076933920180856,48.782831522214536,48.85873031616211,1577300,0.0,0.0,0.0
2021-10-11 00:00:00-04:00,48.792326591544345,49.124374807654114,48.49822415795131,48.507713317871094,1828700,0.0,0.0,0.0
2021-10-12 00:00:00-04:00,48.621543341991945,48.65949273219745,48.28949522532639,48.38436508178711,3808100,0.0,0.0,0.0
2021-10-13 00:00:00-04:00,48.49821774822008,48.650011715387684,48.15668041732956,48.53616714477539,2708700,0.0,0.0,0.0
2021-10-14 00:00:00-04:00,48.98206246244197,49.39000941908064,48.93462752728589,49.36154556274414,3071900,0.0,0.0,0.0
2021-10-15 00:00:00-04:00,49.636678034374484,49.788472012927,49.55129369524782,49.75052261352539,1263700,0.0,0.0,0.0
2021-10-18 00:00:00-04:00,49.541814187032244,49.9307865306244,49.465915378987745,49.91181182861328,2994100,0.0,0.0,0.0
2021-10-19 00:00:00-04:00,50.10154851945067,50.300777435302734,50.025649721571476,50.300777435302734,1710600,0.0,0.0,0.0
2021-10-20 00:00:00-04:00,50.319754197719384,50.509497581142355,50.319754197719384,50.462059020996094,1665900,0.0,0.0,0.0
2021-10-21 00:00:00-04:00,50.41462632840718,50.64231912248069,50.357705844179435,50.62334442138672,1706600,0.0,0.0,0.0
2021-10-22 00:00:00-04:00,50.575904846191406,50.72769882198699,50.319751833463755,50.575904846191406,1450100,0.0,0.0,0.0
2021-10-25 00:00:00-04:00,50.68026416105643,50.87000755015442,50.48103523107789,50.832061767578125,3011700,0.0,0.0,0.0
2021-10-26 00:00:00-04:00,51.01232064151927,51.164114642807995,50.84155193768764,50.87950134277344,1825300,0.0,0.0,0.0
2021-10-27 00:00:00-04:00,50.945912159957636,51.002832649836634,50.65180969238281,50.65180969238281,2183600,0.0,0.0,0.0
2021-10-28 00:00:00-04:00,50.832064255725115,51.145137786865234,50.822575095325966,51.145137786865234,1751800,0.0,0.0,0.0
2021-10-29 00:00:00-04:00,50.860522919827105,51.277955488072664,50.832062677621835,51.22103500366211,2399800,0.0,0.0,0.0
2021-11-01 00:00:00-04:00,51.37282039335948,51.40128063080014,51.126152938695164,51.344356536865234,1840700,0.0,0.0,0.0
2021-11-02 00:00:00-04:00,51.34436221495087,51.57205499681705,51.33487667443953,51.524620056152344,2237000,0.0,0.0,0.0
2021-11-03 00:00:00-04:00,51.48667057327906,51.8946175766373,51.429746473140476,51.866153717041016,2563100,0.0,0.0,0.0
2021-11-04 00:00:00-04:00,51.92307888584415,52.112822271157356,51.8851294849707,52.0843620300293,2510500,0.0,0.0,0.0
2021-11-05 00:00:00-04:00,52.36897314380584,52.51127796264522,52.10333096767529,52.26461410522461,3405100,0.0,0.0,0.0
2021-11-08 00:00:00-05:00,52.41641655055615,52.463851497831726,52.24564784512048,52.31205749511719,1925700,0.0,0.0,0.0
2021-11-09 00:00:00-05:00,52.35000263953884,52.38795204189221,51.98000501422895,52.16025924682617,3720200,0.0,0.0,0.0
2021-11-10 00:00:00-05:00,51.94205348004041,52.150771565363435,51.553081169518244,51.74282455444336,2826300,0.0,0.0,0.0
2021-11-11 00:00:00-05:00,51.90410750714136,51.90410750714136,51.74282797168878,51.761802673339844,1631300,0.0,0.0,0.0
2021-11-12 00:00:00-05:00,51.9041028073488,52.20769076816802,51.78077268636559,52.14128112792969,1085500,0.0,0.0,0.0
2021-11-15 00:00:00-05:00,52.29307853600878,52.30256769612423,52.027439957643566,52.16025924682617,2039400,0.0,0.0,0.0
2021-11-16 00:00:00-05:00,52.13179105773569,52.50178862664399,52.122301899066755,52.34999465942383,2228400,0.0,0.0,0.0
2021-11-17 00:00:00-05:00,52.33102634756836,52.350001048168245,52.16974682105051,52.23615646362305,1684500,0.0,0.0,0.0
2021-11-18 00:00:00-05:00,52.36896978754801,52.44486496225421,52.036917993429064,52.416404724121094,2155100,0.0,0.0,0.0
2021-11-19 00:00:00-05:00,52.406930609622925,52.53974990860487,52.28359685240207,52.331031799316406,1601600,0.0,0.0,0.0
2021-11-22 00:00:00-05:00,52.53974400999445,52.83384281927772,52.15077169847943,52.16974639892578,1799200,0.0,0.0,0.0
2021-11-23 00:00:00-05:00,52.14128637147281,52.34051531222309,51.828212838730124,52.25513458251953,2776000,0.0,0.0,0.0
2021-11-24 00:00:00-05:00,52.01795527398057,52.387952905389035,51.91359622531577,52.37846374511719,2513700,0.0,0.0,0.0
2021-11-26 00:00:00-05:00,51.60051979228242,51.75231378724102,51.08821370215177,51.23052215576172,2659700,0.0,0.0,0.0
2021-11-29 00:00:00-05:00,51.780769776335624,52.05589386226673,51.52461677021734,51.8471794128418,1876700,0.0,0.0,0.0
2021-11-30 00:00:00-05:00,51.55307743521151,51.77128104540064,50.80359310952681,50.87000274658203,3890700,0.0,0.0,0.0
2021-12-01 00:00:00-05:00,51.4866733201093,51.84718540211247,50.243857543683774,50.28180694580078,3335200,0.0,0.0,0.0
2021-12-02 00:00:00-05:00,50.29129091640863,51.211543984212184,50.2533451345307,51.040775299072266,5303400,0.0,0.0,0.0
2021-12-03 00:00:00-05:00,51.24000246046391,51.35385065933849,50.09206026471644,50.604366302490234,5979900,0.0,0.0,0.0
2021-12-06 00:00:00-05:00,50.88898395138189,51.410775574546,50.61385620894934,51.18308639526367,4411000,0.0,0.0,0.0
2021-12-07 00:00:00-05:00,51.83769498913372,52.312051646968484,51.81872028853384,52.23615646362305,2898300,0.0,0.0,0.0
2021-12-08 00:00:00-05:00,52.31204408274062,52.444863348680265,52.093840485974965,52.406917572021484,2688700,0.0,0.0,0.0
2021-12-09 00:00:00-05:00,52.255131510558805,52.34051223524302,52.017953180069455,52.04641342163086,3473700,0.0,0.0,0.0
2021-12-10 00:00:00-05:00,52.36898044385289,52.53974914550781,52.05590328446739,52.53974914550781,2933600,0.0,0.0,0.0
2021-12-13 00:00:00-05:00,52.444876344876356,52.50180045255106,52.03692928751049,52.07487869262695,2311700,0.0,0.0,0.0
2021-12-14 00:00:00-05:00,51.67641790714511,51.96103119149864,51.35385521979663,51.69539260864258,2577000,0.0,0.0,0.0
2021-12-15 00:00:00-05:00,51.714366273146865,52.54923508544867,51.42026743288758,52.520774841308594,3538600,0.0,0.0,0.0
2021-12-16 00:00:00-05:00,52.73898307428706,52.757957778380984,51.86616478124056,52.055908203125,3366800,0.0,0.0,0.0
2021-12-17 00:00:00-05:00,51.68590159234346,52.03692450980591,51.296929273248836,51.515132904052734,5473000,0.0,0.0,0.0
2021-12-20 00:00:00-05:00,50.87996679012784,50.99423857815469,50.51810188996905,50.96567153930664,4484400,0.203,0.0,0.0
2021-12-21 00:00:00-05:00,51.365622936018994,51.870330279202626,51.09898756178694,51.86080551147461,4269700,0.0,0.0,0.0
2021-12-22 00:00:00-05:00,51.822706842650135,52.38454818725586,51.813185708817585,52.38454818725586,2494000,0.0,0.0,0.0
2021-12-23 00:00:00-05:00,52.48929821571892,52.87020895202982,52.48929821571892,52.70832061767578,2626700,0.0,0.0,0.0
2021-12-27 00:00:00-05:00,52.86069490092035,53.451107025146484,52.86069490092035,53.451107025146484,2393900,0.0,0.0,0.0
2021-12-28 00:00:00-05:00,53.49871732497923,53.612989110335754,53.30826192762865,53.39396667480469,3144400,0.0,0.0,0.0
2021-12-29 00:00:00-05:00,53.432058537042366,53.584422128556284,53.298740848547,53.479671478271484,1859000,0.0,0.0,0.0
2021-12-30 00:00:00-05:00,53.50824311475533,53.64156444734233,53.260653619506364,53.32731246948242,2228300,0.0,0.0,0.0
2021-12-31 00:00:00-05:00,53.25112164262226,53.393964091883866,53.155895764870785,53.16542053222656,2645900,0.0,0.0,0.0
2022-01-03 00:00:00-05:00,53.32731671580831,53.50824737548828,53.06068129467252,53.50824737548828,3422000,0.0,0.0,0.0
2022-01-04 00:00:00-05:00,53.660602458297944,53.74630720612368,53.251124622312176,53.489192962646484,2883100,0.0,0.0,0.0
2022-01-05 00:00:00-05:00,53.43205414945927,53.52728002409802,52.43216793521532,52.45121383666992,3652000,0.0,0.0,0.0
2022-01-06 00:00:00-05:00,52.40360641479492,52.717858394703335,52.127449877080295,52.40360641479492,4308600,0.0,0.0,0.0
2022-01-07 00:00:00-05:00,52.41311836464777,52.53691126648533,52.0322076274894,52.203617095947266,3464700,0.0,0.0,0.0
2022-01-10 00:00:00-05:00,51.822713876123366,52.15601172764319,51.13707953546871,52.117919921875,6008700,0.0,0.0,0.0
2022-01-11 00:00:00-05:00,52.10839034856369,52.603572845458984,51.74652551763368,52.603572845458984,6481300,0.0,0.0,0.0
2022-01-12 00:00:00-05:00,52.79402418649123,52.98447955044312,52.517867723026605,52.76545715332031,3360300,0.0,0.0,0.0
2022-01-13 00:00:00-05:00,52.8702128050861,52.9463927783197,51.89889362607644,52.03221130371094,4013000,0.0,0.0,0.0
2022-01-14 00:00:00-05:00,51.62273694185813,52.07030657455453,51.50846515808004,52.0226936340332,4151500,0.0,0.0,0.0
2022-01-18 00:00:00-05:00,51.48941985761586,51.498944625412236,50.99423727860598,51.1085090637207,6872900,0.0,0.0,0.0
2022-01-19 00:00:00-05:00,51.29895692155338,51.46084525658911,50.556184978516804,50.603797912597656,4901700,0.0,0.0,0.0
2022-01-20 00:00:00-05:00,50.79426620008155,51.37515358845375,49.97531044812303,50.041969299316406,5698500,0.0,0.0,0.0
2022-01-21 00:00:00-05:00,49.889599142159234,50.17528041443009,49.051597595214844,49.051597595214844,9519400,0.0,0.0,0.0
2022-01-24 00:00:00-05:00,48.36596424852476,49.30871282938873,47.12800962183844,49.2420539855957,18033100,0.0,0.0,0.0
2022-01-25 00:00:00-05:00,48.50880408223734,49.24205501187727,47.84221563041433,48.670692443847656,10486300,0.0,0.0,0.0
2022-01-26 00:00:00-05:00,49.375370500502264,49.71818947908694,48.03266525613524,48.53737258911133,9382400,0.0,0.0,0.0
2022-01-27 00:00:00-05:00,49.080168810265235,49.44203006393029,48.09932479997703,48.2993049621582,10306700,0.0,0.0,0.0
2022-01-28 00:00:00-05:00,48.44214066092558,49.49916458129883,47.91839108426913,49.49916458129883,6808800,0.0,0.0,0.0
2022-01-31 00:00:00-05:00,49.41346166787527,50.422872688170244,49.25157694820684,50.38478088378906,9717700,0.0,0.0,0.0
2022-02-01 00:00:00-05:00,50.48952972690123,50.80377802024044,50.06100602449842,50.765689849853516,6749300,0.0,0.0,0.0
2022-02-02 00:00:00-05:00,51.022805082326194,51.308486345377496,50.746644953901715,51.2132568359375,4513500,0.0,0.0,0.0
2022-02-03 00:00:00-05:00,50.518106026489036,50.72760734888818,49.92769750193276,50.041969299316406,5351800,0.0,0.0,0.0
2022-02-04 00:00:00-05:00,50.01339738366701,50.69903536641436,49.71819133384311,50.270511627197266,4477700,0.0,0.0,0.0
2022-02-07 00:00:00-05:00,50.35621886318764,50.499057694894745,49.93721623852337,50.07053756713867,3321700,0.0,0.0,0.0
2022-02-08 00:00:00-05:00,50.04196318872366,50.60380460348666,49.87055369726142,50.499053955078125,4226200,0.0,0.0,0.0
2022-02-09 00:00:00-05:00,50.98471415584917,51.27991655860687,50.96566825363344,51.232303619384766,5797900,0.0,0.0,0.0
2022-02-10 00:00:00-05:00,50.55619119608626,51.25135029053498,50.0895756663863,50.31812286376953,5123400,0.0,0.0,0.0
2022-02-11 00:00:00-05:00,50.318124486467575,50.5752387295774,49.165874592728215,49.337284088134766,5862500,0.0,0.0,0.0
2022-02-14 00:00:00-05:00,49.25157193719284,49.451548440896204,48.7468646620787,49.17538833618164,6618900,0.0,0.0,0.0
2022-02-15 00:00:00-05:00,49.6705785182426,49.97530570409531,49.64201147976722,49.93721389770508,3363800,0.0,0.0,0.0
2022-02-16 00:00:00-05:00,49.73722983237485,50.16575350779561,49.49916152743377,50.022911071777344,4252800,0.0,0.0,0.0
2022-02-17 00:00:00-05:00,49.661055518043405,49.69914369036873,48.88019167954023,48.96589279174805,4989700,0.0,0.0,0.0
2022-02-18 00:00:00-05:00,48.97541366415005,49.12777723923679,48.36595936380307,48.62307357788086,5619000,0.0,0.0,0.0
2022-02-22 00:00:00-05:00,48.38500103327423,48.7659081213619,47.699363189029015,48.10884094238281,6146500,0.0,0.0,0.0
2022-02-23 00:00:00-05:00,48.45167085131523,48.518329697661855,47.194670273586496,47.25180435180664,13954000,0.0,0.0,0.0
2022-02-24 00:00:00-05:00,46.01384310147728,48.013615471341346,45.985276066449956,47.946956634521484,17030200,0.0,0.0,0.0
2022-02-25 00:00:00-05:00,48.11837184097504,49.0325570297069,47.92792007459738,49.00398635864258,9471300,0.0,0.0,0.0
2022-02-28 00:00:00-05:00,48.413576618654176,49.070643913710846,48.24216712731165,48.889713287353516,12255900,0.0,0.0,0.0
2022-03-01 00:00:00-05:00,48.73735060166024,48.95637303740375,47.85173609086041,48.146942138671875,12446600,0.0,0.0,0.0
2022-03-02 00:00:00-05:00,48.4231004202521,49.22301021302213,48.33739566986121,49.03255844116211,7741500,0.0,0.0,0.0
2022-03-03 00:00:00-05:00,49.346808204510445,49.39442114885875,48.59451133284896,48.813533782958984,6436100,0.0,0.0,0.0
2022-03-04 00:00:00-05:00,48.375486575744596,48.527850169973924,47.91839579305661,48.423099517822266,5526800,0.0,0.0,0.0
2022-03-07 00:00:00-05:00,48.34692395706972,48.35644509330186,46.96612671477214,46.994693756103516,6213200,0.0,0.0,0.0
2022-03-08 00:00:00-05:00,46.99469321656466,47.842219636893105,46.48998945145165,46.64235305786133,8524900,0.0,0.0,0.0
2022-03-09 00:00:00-05:00,47.59461958220824,48.09932327389901,47.35655125478665,47.84221267700195,6298900,0.0,0.0,0.0
2022-03-10 00:00:00-05:00,47.33750144491433,47.756503991473224,47.08991200319379,47.670799255371094,4553400,0.0,0.0,0.0
2022-03-11 00:00:00-05:00,47.956483362285645,48.01361743467657,46.9946853071829,47.061344146728516,5614500,0.0,0.0,0.0
2022-03-14 00:00:00-04:00,47.11848947896848,47.53748848574193,46.57569390758484,46.718536376953125,6662900,0.0,0.0,0.0
2022-03-15 00:00:00-04:00,47.004213976279964,47.804123749864296,46.861371518176306,47.737464904785156,5058300,0.0,0.0,0.0
2022-03-16 00:00:00-04:00,48.14694321663464,48.784964635132866,47.575577011236376,48.76591873168945,6244600,0.0,0.0,0.0
2022-03-17 00:00:00-04:00,48.556416007843346,49.41345977783203,48.51832420491916,49.41345977783203,4968500,0.0,0.0,0.0
2022-03-18 00:00:00-04:00,49.23253277449691,49.97530482283561,49.12778212508822,49.91816711425781,3931400,0.0,0.0,0.0
2022-03-21 00:00:00-04:00,49.89619550350235,50.154131474107075,49.51407097405576,49.91530227661133,5058700,0.167,0.0,0.0
2022-03-22 00:00:00-04:00,50.09680813766745,50.61268004780819,50.09680813766745,50.498043060302734,3238900,0.0,0.0,0.0
2022-03-23 00:00:00-04:00,50.201894480151424,50.38340699495505,49.86753507537241,49.8770866394043,4123600,0.0,0.0,0.0
2022-03-24 00:00:00-04:00,50.096808939845715,50.60312929423687,49.97262038649461,50.584022521972656,3678700,0.0,0.0,0.0
2022-03-25 00:00:00-04:00,50.698663408188104,50.889727501271885,50.38341075220766,50.87062072753906,4832000,0.0,0.0,0.0
2022-03-28 00:00:00-04:00,50.784633900883264,51.21452713012695,50.564911504657346,51.21452713012695,3015400,0.0,0.0,0.0
2022-03-29 00:00:00-04:00,51.663531979729946,51.91191273313986,51.36738247306363,51.87369918823242,4204100,0.0,0.0,0.0
2022-03-30 00:00:00-04:00,51.73040017737965,51.80682361750806,51.28140016730191,51.52022933959961,2724000,0.0,0.0,0.0
2022-03-31 00:00:00-04:00,51.45335838896689,51.53933703831129,50.736870859178254,50.755977630615234,3738200,0.0,0.0,0.0
2022-04-01 00:00:00-04:00,50.94704548766358,50.94704548766358,50.46938709896654,50.89927673339844,3016800,0.0,0.0,0.0
2022-04-04 00:00:00-04:00,50.927935143223664,51.329166412353516,50.82284972200088,51.329166412353516,2357000,0.0,0.0,0.0
2022-04-05 00:00:00-04:00,51.13810130679275,51.43425079295212,50.545805978717965,50.66999816894531,4880600,0.0,0.0,0.0
2022-04-06 00:00:00-04:00,50.21144701323667,50.43116941670557,49.82931887592485,50.18278503417969,3910400,0.0,0.0,0.0
2022-04-07 00:00:00-04:00,50.07771236239618,50.63179793812645,49.83888312683898,50.421627044677734,5717400,0.0,0.0,0.0
2022-04-08 00:00:00-04:00,50.31653065032627,50.62223535803107,50.10636344684965,50.287872314453125,4071400,0.0,0.0,0.0
2022-04-11 00:00:00-04:00,49.90575179925182,49.991730457992894,49.3612178643954,49.437644958496094,2229400,0.0,0.0,0.0
2022-04-12 00:00:00-04:00,49.76245399588718,50.06815509102525,49.06507314483819,49.24658203125,3704900,0.0,0.0,0.0
2022-04-13 00:00:00-04:00,49.22747222658429,49.88664313334256,49.19881388950586,49.829322814941406,3680400,0.0,0.0,0.0
2022-04-14 00:00:00-04:00,49.81977220260498,49.96306753497948,49.179708056416935,49.20836639404297,3571800,0.0,0.0,0.0
2022-04-18 00:00:00-04:00,49.09373233329721,49.408988643001706,48.95043699235891,49.189266204833984,3628100,0.0,0.0,0.0
2022-04-19 00:00:00-04:00,49.17971202506488,50.08726378031738,49.17971202506488,49.99173355102539,3031200,0.0,0.0,0.0
2022-04-20 00:00:00-04:00,50.173235904830086,50.278321329901296,49.829321293413095,49.9439582824707,3804600,0.0,0.0,0.0
2022-04-21 00:00:00-04:00,50.373851213678094,50.555360082172875,49.112833409649575,49.22747039794922,4810400,0.0,0.0,0.0
2022-04-22 00:00:00-04:00,49.09372571687616,49.11283248860847,47.804049601019805,47.861366271972656,4639400,0.0,0.0,0.0
2022-04-25 00:00:00-04:00,47.584331233125724,48.15751985679152,47.05890407648028,48.14796829223633,5581600,0.0,0.0,0.0
2022-04-26 00:00:00-04:00,47.83271055112991,47.861368888172855,46.753201576832645,46.772308349609375,6541900,0.0,0.0,0.0
2022-04-27 00:00:00-04:00,46.87739242360146,47.50790133004268,46.6385632371579,46.88694763183594,8893300,0.0,0.0,0.0
2022-04-28 00:00:00-04:00,47.460146797737856,48.26261318878154,46.9251679889604,48.08110427856445,8407300,0.0,0.0,0.0
2022-04-29 00:00:00-04:00,47.60344113850165,47.842270354783324,46.20867574579072,46.28510284423828,7286900,0.0,0.0,0.0
2022-05-02 00:00:00-04:00,46.28509954758355,46.724544399623674,45.51129163001728,46.58124542236328,7379000,0.0,0.0,0.0
2022-05-03 00:00:00-04:00,46.60990685327815,47.05890326451297,46.447501104686914,46.781864166259766,7337300,0.0,0.0,0.0
2022-05-04 00:00:00-04:00,46.87740178920166,48.26261207617322,46.485721990950594,48.205291748046875,10007500,0.0,0.0,0.0
2022-05-05 00:00:00-04:00,47.70851826018939,47.70851826018939,46.00805557295612,46.485713958740234,10974100,0.0,0.0,0.0
2022-05-06 00:00:00-04:00,46.199121657940964,46.600352970147846,45.58771948072414,46.237335205078125,9168900,0.0,0.0,0.0
2022-05-09 00:00:00-04:00,45.50173752030865,45.65458805352245,44.555972340630404,44.756587982177734,7835100,0.0,0.0,0.0
2022-05-10 00:00:00-04:00,45.453973848403784,45.616375950718826,44.355358100793474,44.85212326049805,10032200,0.0,0.0,0.0
2022-05-11 00:00:00-04:00,44.699274603986495,45.3871002320158,44.04010366997603,44.10697555541992,12263900,0.0,0.0,0.0
2022-05-12 00:00:00-04:00,43.75351270568681,44.46044880569502,43.27585426207834,44.09742736816406,10549100,0.0,0.0,0.0
2022-05-13 00:00:00-04:00,44.54641703888496,45.29156287024842,44.45088318598973,45.11005401611328,9365900,0.0,0.0,0.0
2022-05-16 00:00:00-04:00,44.918990417652395,45.37754198354527,44.68016124931795,44.97631072998047,3769600,0.0,0.0,0.0
2022-05-17 00:00:00-04:00,45.683244423197415,45.883860056109064,45.23424440685267,45.855201721191406,6517100,0.0,0.0,0.0
2022-05-18 00:00:00-04:00,45.31066980854308,45.35843491304556,43.88724637120828,44.049652099609375,5406700,0.0,0.0,0.0
2022-05-19 00:00:00-04:00,43.66752429347541,44.26937481847756,43.50512220813414,43.77260971069336,9740400,0.0,0.0,0.0
2022-05-20 00:00:00-04:00,44.183404486077144,44.24072480923038,42.75998077051753,43.78217315673828,8109000,0.0,0.0,0.0
2022-05-23 00:00:00-04:00,44.126079113651805,44.689716138639845,43.86814315534431,44.6132926940918,5138600,0.0,0.0,0.0
2022-05-24 00:00:00-04:00,44.09741755444196,44.39356703550031,43.48601546576762,44.26937484741211,5017900,0.0,0.0,0.0
2022-05-25 00:00:00-04:00,44.05920639872493,44.88077936646222,44.040099626888704,44.67060852050781,6187500,0.0,0.0,0.0
2022-05-26 00:00:00-04:00,44.794809715739305,45.731019858358316,44.78525815002409,45.54951095581055,2596700,0.0,0.0,0.0
2022-05-27 00:00:00-04:00,45.84565982923844,46.67678451538086,45.81699784403023,46.67678451538086,2828100,0.0,0.0,0.0
2022-05-31 00:00:00-04:00,46.447504032632516,46.800973889512406,46.07493104576763,46.40929412841797,8262000,0.0,0.0,0.0
2022-06-01 00:00:00-04:00,46.629016131551815,46.772311470572475,45.731015972346434,46.04627227783203,8033400,0.0,0.0,0.0
2022-06-02 00:00:00-04:00,45.988952157404135,46.90605545043945,45.7310161729421,46.90605545043945,3740300,0.0,0.0,0.0
2022-06-03 00:00:00-04:00,46.34242001777153,46.51437734686672,46.02716734392679,46.15135955810547,2770700,0.0,0.0,0.0
2022-06-06 00:00:00-04:00,46.62900919923204,46.82006962285469,46.14179564395991,46.27553939819336,2484600,0.0,0.0,0.0
2022-06-07 00:00:00-04:00,45.86475002776434,46.772301559563935,45.80743336199924,46.71498489379883,2510400,0.0,0.0,0.0
2022-06-08 00:00:00-04:00,46.495269712969915,46.72454736227542,46.1226967215625,46.208675384521484,2534100,0.0,0.0,0.0
2022-06-09 00:00:00-04:00,45.99850376109161,46.256436081091586,45.11961044097302,45.12916564941406,3129400,0.0,0.0,0.0
2022-06-10 00:00:00-04:00,44.384017786620596,44.46044488008733,43.80127395379212,43.810829162597656,6356200,0.0,0.0,0.0
2022-06-13 00:00:00-04:00,42.67399251037078,42.88416333708651,41.93840190535325,42.11035919189453,15161000,0.0,0.0,0.0
2022-06-14 00:00:00-04:00,42.33963449371021,42.454271473643,41.6327021991735,41.99571990966797,7616900,0.0,0.0,0.0
2022-06-15 00:00:00-04:00,42.40651481119726,43.123002455840364,41.804664169308566,42.57847213745117,7524100,0.0,0.0,0.0
2022-06-16 00:00:00-04:00,41.63270310554936,41.661361440095504,40.906660380266146,41.231468200683594,9913000,0.0,0.0,0.0
2022-06-17 00:00:00-04:00,41.23146692097076,41.66136014703995,40.86844556959635,41.279232025146484,7268600,0.0,0.0,0.0
2022-06-21 00:00:00-04:00,41.93562535207189,42.48261146730361,41.93562535207189,42.31947326660156,4581500,0.194,0.0,0.0
2022-06-22 00:00:00-04:00,41.810866628720525,42.722511234519374,41.762886104347814,42.242698669433594,5261200,0.0,0.0,0.0
2022-06-23 00:00:00-04:00,42.50180533679981,42.741711661355225,42.06997322046407,42.664939880371094,6394800,0.0,0.0,0.0
2022-06-24 00:00:00-04:00,43.03918909924563,43.99881430690488,43.029594457868086,43.989219665527344,4205000,0.0,0.0,0.0
2022-06-27 00:00:00-04:00,44.11397290810057,44.15235513510878,43.70133376715453,43.85487365722656,3264700,0.0,0.0,0.0
2022-06-28 00:00:00-04:00,44.02760599413404,44.33468577081162,42.93363383213521,42.96242141723633,5681400,0.0,0.0,0.0
2022-06-29 00:00:00-04:00,43.010404354168415,43.12555836170019,42.69372991828605,42.92403793334961,4269100,0.0,0.0,0.0
2022-06-30 00:00:00-04:00,42.4442224409009,42.93363334615831,42.03158330928373,42.549781799316406,7669700,0.0,0.0,0.0
2022-07-01 00:00:00-04:00,42.48260318172532,43.058376771564006,42.175523445720785,42.99120330810547,6358200,0.0,0.0,0.0
2022-07-05 00:00:00-04:00,42.40582978479596,43.08716635471188,42.07955712026747,43.07756805419922,5421800,0.0,0.0,0.0
2022-07-06 00:00:00-04:00,43.096769099512024,43.5286011868177,42.8280752054906,43.250308990478516,5248700,0.0,0.0,0.0
2022-07-07 00:00:00-04:00,43.4614326343072,43.979631197747935,43.45183433090265,43.89326477050781,2187600,0.0,0.0,0.0
2022-07-08 00:00:00-04:00,43.6917271902524,44.07557867307592,43.51899438904972,43.86445999145508,2766800,0.0,0.0,0.0
2022-07-11 00:00:00-04:00,43.53819730025866,43.64375666524399,43.269503397154075,43.34627151489258,2964600,0.0,0.0,0.0
2022-07-12 00:00:00-04:00,43.279096363199976,43.56698686044092,42.76090152166171,42.952823638916016,4614800,0.0,0.0,0.0
2022-07-13 00:00:00-04:00,42.32907838369946,43.08718335340794,42.26190489632585,42.751312255859375,6808500,0.0,0.0,0.0
2022-07-14 00:00:00-04:00,42.165931704000776,42.703323155942755,41.86845022260342,42.64574432373047,6136400,0.0,0.0,0.0
2022-07-15 00:00:00-04:00,43.14474942437491,43.45182920485105,42.9336343632224,43.43263626098633,2412500,0.0,0.0,0.0
2022-07-18 00:00:00-04:00,43.826074424308494,43.89325154585998,42.952815772287984,43.07756805419922,2255800,0.0,0.0,0.0
2022-07-19 00:00:00-04:00,43.56698405107167,44.31549051000013,43.48061763960458,44.257911682128906,2720500,0.0,0.0,0.0
2022-07-20 00:00:00-04:00,44.257915701721714,44.70894074264392,44.12356875183335,44.55540084838867,10748200,0.0,0.0,0.0
2022-07-21 00:00:00-04:00,44.46903680071393,44.996829986572266,44.19074458357189,44.996829986572266,4180000,0.0,0.0,0.0
2022-07-22 00:00:00-04:00,45.016018103537185,45.150365046180504,44.31549214498302,44.59378433227539,3426900,0.0,0.0,0.0
2022-07-25 00:00:00-04:00,44.66095853812993,44.728132010556386,44.36347340261301,44.64176559448242,2279700,0.0,0.0,0.0
2022-07-26 00:00:00-04:00,44.42105148201053,44.44983906665491,43.99881405026831,44.11397171020508,3269800,0.0,0.0,0.0
2022-07-27 00:00:00-04:00,44.48822921511198,45.447854509102555,44.45944162770986,45.246334075927734,3149000,0.0,0.0,0.0
2022-07-28 00:00:00-04:00,45.323096068325164,45.89887336328387,44.920055256465616,45.82210159301758,2225900,0.0,0.0,0.0
2022-07-29 00:00:00-04:00,45.99483493443272,46.59939981972331,45.89887388119654,46.474647521972656,3087000,0.0,0.0,0.0
2022-08-01 00:00:00-04:00,46.157972986022,46.647383912710595,46.081204869699754,46.3594970703125,2775400,0.0,0.0,0.0
2022-08-02 00:00:00-04:00,46.14837169524118,46.58979836736342,45.90846541769484,46.04281234741211,2757900,0.0,0.0,0.0
2022-08-03 00:00:00-04:00,46.31151334296842,46.8968853360899,46.2635328122017,46.77213668823242,2368900,0.0,0.0,0.0
2022-08-04 00:00:00-04:00,46.752946674834284,46.82971479673781,46.54182793340944,46.72415542602539,2533600,0.0,0.0,0.0
2022-08-05 00:00:00-04:00,46.234741035053865,46.72414826160108,46.21554809235091,46.65697479248047,1495200,0.0,0.0,0.0
2022-08-08 00:00:00-04:00,46.83931615097037,47.117604729263206,46.47465748130486,46.61860275268555,2638100,0.0,0.0,0.0
2022-08-09 00:00:00-04:00,46.5130326705816,46.57060783733927,46.292319323091775,46.426666259765625,3350400,0.0,0.0,0.0
2022-08-10 00:00:00-04:00,47.26154301256478,47.39588996029275,47.03123134454557,47.386295318603516,3762100,0.0,0.0,0.0
2022-08-11 00:00:00-04:00,47.71256352345211,47.94287150896014,47.309519057793935,47.3958854675293,1947800,0.0,0.0,0.0
2022-08-12 00:00:00-04:00,47.62620116786669,48.20197484132854,47.51104350463053,48.173187255859375,1490600,0.0,0.0,0.0
2022-08-15 00:00:00-04:00,47.914089717320806,48.45148118292645,47.914089717320806,48.38430404663086,1751300,0.0,0.0,0.0
2022-08-16 00:00:00-04:00,48.27874495705975,48.71057336697058,48.1731855997288,48.49945831298828,1729200,0.0,0.0,0.0
2022-08-17 00:00:00-04:00,48.07722373650901,48.46107530218438,47.91408920053887,48.153995513916016,2061500,0.0,0.0,0.0
2022-08-18 00:00:00-04:00,48.17318438921806,48.365110155844334,48.010046206347894,48.278743743896484,1503900,0.0,0.0,0.0
2022-08-19 00:00:00-04:00,47.97166609098979,47.99085537388465,47.52064106868738,47.64539337158203,2451200,0.0,0.0,0.0
2022-08-22 00:00:00-04:00,47.06962107629088,47.06962107629088,46.53223324149679,46.66658020019531,2083100,0.0,0.0,0.0
2022-08-23 00:00:00-04:00,46.599403852411655,46.8680977532692,46.46505324130303,46.532230377197266,1486800,0.0,0.0,0.0
2022-08-24 00:00:00-04:00,46.503437515800655,46.839308540892496,46.41707109914043,46.676170349121094,1916000,0.0,0.0,0.0
2022-08-25 00:00:00-04:00,46.83930969027336,47.33831525870189,46.73375032724504,47.319122314453125,1566500,0.0,0.0,0.0
2022-08-26 00:00:00-04:00,47.30952877731324,47.38630056204127,45.726149154439575,45.745338439941406,2890400,0.0,0.0,0.0
2022-08-29 00:00:00-04:00,45.39986926969778,45.78371715109051,45.27511696942233,45.43825149536133,1359900,0.0,0.0,0.0
2022-08-30 00:00:00-04:00,45.58219861976723,45.591793261409144,44.680152217557605,44.92965316772461,10522600,0.0,0.0,0.0
2022-08-31 00:00:00-04:00,45.1119791595168,45.25592440416586,44.57459138894354,44.59378433227539,2584900,0.0,0.0,0.0
2022-09-01 00:00:00-04:00,44.33468794333287,44.75692174178523,44.018009848983695,44.72813415527344,2929400,0.0,0.0,0.0
2022-09-02 00:00:00-04:00,45.16956357388407,45.31350883632927,44.04680370525984,44.26751708984375,2221800,0.0,0.0,0.0
2022-09-06 00:00:00-04:00,44.35388358424278,44.45944295544296,43.8260867282419,44.08518600463867,2880800,0.0,0.0,0.0
2022-09-07 00:00:00-04:00,44.05638922294578,44.968033821361416,44.027601640691174,44.89126205444336,3682300,0.0,0.0,0.0
2022-09-08 00:00:00-04:00,44.59378270518671,45.21753686765463,44.469030408421325,45.15996170043945,3013900,0.0,0.0,0.0
2022-09-09 00:00:00-04:00,45.45743943689058,45.975637863467426,45.419057215450195,45.879676818847656,1673000,0.0,0.0,0.0
2022-09-12 00:00:00-04:00,46.1387837024513,46.45545813088526,46.0907995114851,46.3594970703125,2169900,0.0,0.0,0.0
2022-09-13 00:00:00-04:00,45.34229347857562,45.467045787210736,44.21953368289912,44.37307357788086,3074700,0.0,0.0,0.0
2022-09-14 00:00:00-04:00,44.50741838459178,44.69934415924432,44.133165137393135,44.526611328125,3150600,0.0,0.0,0.0
2022-09-15 00:00:00-04:00,44.34427807419563,44.670550777297514,43.8740637924979,44.01800537109375,2597800,0.0,0.0,0.0
2022-09-16 00:00:00-04:00,43.52859978660798,43.74931314398001,43.29828812722693,43.691734313964844,3679800,0.0,0.0,0.0
2022-09-19 00:00:00-04:00,43.32841607590205,44.01264953613281,43.30914142791852,44.01264953613281,2504200,0.193,0.0,0.0
2022-09-20 00:00:00-04:00,43.62716783486993,43.74281204711654,43.19349744361611,43.50188446044922,3007300,0.0,0.0,0.0
2022-09-21 00:00:00-04:00,43.73318065165065,44.0993879707275,42.75983105176809,42.76947021484375,4193000,0.0,0.0,0.0
2022-09-22 00:00:00-04:00,42.67309702361341,42.779105760008946,42.31652519086228,42.40325927734375,4079700,0.0,0.0,0.0
2022-09-23 00:00:00-04:00,41.98886701523131,41.98886701523131,41.16007538075812,41.66120529174805,5733600,0.0,0.0,0.0
2022-09-26 00:00:00-04:00,41.49737547763963,41.93104226188132,41.12152529435898,41.27572250366211,4914200,0.0,0.0,0.0
2022-09-27 00:00:00-04:00,41.70938698758387,41.95995376261859,40.89023457778917,41.160072326660156,6505300,0.0,0.0,0.0
2022-09-28 00:00:00-04:00,41.294987431835025,42.171963711882036,41.07333449031361,41.96958541870117,6684300,0.0,0.0,0.0
2022-09-29 00:00:00-04:00,41.55518711185596,41.584100920718456,40.75530947441246,41.111881256103516,5423700,0.0,0.0,0.0
2022-09-30 00:00:00-04:00,41.00587339409658,41.44917925913775,40.44692331997145,40.4661979675293,6767200,0.0,0.0,0.0
2022-10-03 00:00:00-04:00,40.90950121713701,41.74792811285383,40.697483783818534,41.516639709472656,4036500,0.0,0.0,0.0
2022-10-04 00:00:00-04:00,42.2008762574959,42.82728576660156,42.181601609733136,42.82728576660156,5586100,0.0,0.0,0.0
2022-10-05 00:00:00-04:00,42.297251244307134,42.98148478444819,42.02741349355035,42.711647033691406,3956300,0.0,0.0,0.0
2022-10-06 00:00:00-04:00,42.557447251150336,42.89474439000584,42.22978559786367,42.297245025634766,5052900,0.0,0.0,0.0
2022-10-07 00:00:00-04:00,41.79611468688616,41.834663981194126,40.890228328227295,41.111881256103516,3524700,0.0,0.0,0.0
2022-10-10 00:00:00-04:00,41.22752425581105,41.256438063827076,40.524016198469916,40.79385757446289,3120300,0.0,0.0,0.0
2022-10-11 00:00:00-04:00,40.59147733992589,41.121517276636794,40.30236498138022,40.53365707397461,8575600,0.0,0.0,0.0
2022-10-12 00:00:00-04:00,40.5818391103303,40.75530724898092,40.3698216794767,40.40837097167969,4139700,0.0,0.0,0.0
2022-10-13 00:00:00-04:00,39.56031380573891,41.63229277351921,39.435030416084736,41.46846008300781,9170100,0.0,0.0,0.0
2022-10-14 00:00:00-04:00,41.76721236533107,41.9406805458948,40.446930036608215,40.524024963378906,6746000,0.0,0.0,0.0
2022-10-17 00:00:00-04:00,41.24680123261478,41.680471614725825,41.237165746907046,41.574462890625,4990600,0.0,0.0,0.0
2022-10-18 00:00:00-04:00,42.489995031074145,42.52854433241488,41.641928782896514,42.06596374511719,4216800,0.0,0.0,0.0
2022-10-19 00:00:00-04:00,41.79611823441849,42.12377991132106,41.41063628740941,41.767208099365234,3185100,0.0,0.0,0.0
2022-10-20 00:00:00-04:00,41.709380929656646,42.210510730677704,41.31425985065622,41.4106330871582,3964000,0.0,0.0,0.0
2022-10-21 00:00:00-04:00,41.352815180249365,42.46108366605183,41.198621655606416,42.41289520263672,4362000,0.0,0.0,0.0
2022-10-24 00:00:00-04:00,42.58636222387424,43.048942785273375,42.27797518294148,42.904388427734375,3722400,0.0,0.0,0.0
2022-10-25 00:00:00-04:00,42.92366183880783,43.64644463443824,42.91402267615858,43.617530822753906,5189700,0.0,0.0,0.0
2022-10-26 00:00:00-04:00,43.222407092733654,43.906644225152974,43.21277160693088,43.27059555053711,3242300,0.0,0.0,0.0
2022-10-27 00:00:00-04:00,43.39588333047764,43.60790082026236,42.98148751476962,43.05858612060547,4890500,0.0,0.0,0.0
2022-10-28 00:00:00-04:00,43.020028316075525,44.12829666023488,43.020028316075525,44.070472717285156,12275800,0.0,0.0,0.0
2022-10-31 00:00:00-04:00,43.800630878417095,43.99337366050426,43.65607287278603,43.7717170715332,3363900,0.0,0.0,0.0
2022-11-01 00:00:00-04:00,44.18611818191691,44.22466747831162,43.434425283536214,43.578983306884766,3463800,0.0,0.0,0.0
2022-11-02 00:00:00-04:00,43.49224944886793,44.02228941006405,42.47071514680281,42.48035430908203,5009400,0.0,0.0,0.0
2022-11-03 00:00:00-04:00,42.085229885786546,42.3839814224683,41.78648202536808,42.04668426513672,3176600,0.0,0.0,0.0
2022-11-04 00:00:00-04:00,42.69236507705981,42.91401800242816,41.92139758093882,42.64418029785156,4173600,0.0,0.0,0.0
2022-11-07 00:00:00-05:00,42.7887431159769,43.11640479815041,42.54781551662177,43.02967071533203,2917900,0.0,0.0,0.0
2022-11-08 00:00:00-05:00,43.18386235008734,43.627168231280045,42.798376737411694,43.28986740112305,5464500,0.0,0.0,0.0
2022-11-09 00:00:00-05:00,43.02002802072525,43.17422152460278,42.326155415144804,42.37434387207031,4132000,0.0,0.0,0.0
2022-11-10 00:00:00-05:00,43.94519181352227,44.754708678962785,43.69462873252886,44.70652389526367,4861000,0.0,0.0,0.0
2022-11-11 00:00:00-05:00,44.812528478905755,45.255834329942346,44.60051103873043,45.14019012451172,3312600,0.0,0.0,0.0
2022-11-14 00:00:00-05:00,44.94745174244895,45.34257285302206,44.7450734440181,44.78362274169922,3106200,0.0,0.0,0.0
2022-11-15 00:00:00-05:00,45.45821407612996,45.58349744721134,44.70652120216795,45.16910171508789,5291900,0.0,0.0,0.0
2022-11-16 00:00:00-05:00,44.95708809711582,45.06309314472311,44.735431487425046,44.802894592285156,6677500,0.0,0.0,0.0
2022-11-17 00:00:00-05:00,44.24394990172114,44.75471530178912,44.20540059855196,44.687255859375,3419200,0.0,0.0,0.0
2022-11-18 00:00:00-05:00,45.05345452845004,45.0630900134673,44.5330501072087,44.889625549316406,2262600,0.0,0.0,0.0
2022-11-21 00:00:00-05:00,44.72579854399599,44.84144276012653,44.49450643547155,44.70652389526367,2272600,0.0,0.0,0.0
2022-11-22 00:00:00-05:00,44.92817828689153,45.33293857076696,44.773984768335055,45.323299407958984,4163400,0.0,0.0,0.0
2022-11-23 00:00:00-05:00,45.26547797041055,45.660599081302166,45.25583880785082,45.5931396484375,2448900,0.0,0.0,0.0
2022-11-25 00:00:00-05:00,45.52568021557284,45.660599081302166,45.506405566716744,45.5931396484375,999700,0.0,0.0,0.0
2022-11-28 00:00:00-05:00,45.226925929866184,45.419668730474726,44.77398089987558,44.87998962402344,2438000,0.0,0.0,0.0
2022-11-29 00:00:00-05:00,44.879992749493084,45.01491161643595,44.56197023116539,44.79325866699219,2127600,0.0,0.0,0.0
2022-11-30 00:00:00-05:00,44.82216741127641,46.1809988774414,44.59087898262802,46.16172790527344,4382700,0.0,0.0,0.0
2022-12-01 00:00:00-05:00,46.33519165512464,46.47011050503972,45.87260748932588,46.15208435058594,4925900,0.0,0.0,0.0
2022-12-02 00:00:00-05:00,45.5642222524547,46.20991007141555,45.5642222524547,46.1135368347168,3225800,0.0,0.0,0.0
2022-12-05 00:00:00-05:00,45.785878493164496,45.88225173683183,45.13055881754337,45.29438781738281,2663600,0.0,0.0,0.0
2022-12-06 00:00:00-05:00,45.24619846246746,45.31365788808751,44.378857738405436,44.61978530883789,2523100,0.0,0.0,0.0
2022-12-07 00:00:00-05:00,44.504149620354134,44.83181132589161,44.42705101845653,44.561973571777344,3517200,0.0,0.0,0.0
2022-12-08 00:00:00-05:00,44.764346428701806,45.014909501787464,44.58123910965533,44.89926528930664,2297400,0.0,0.0,0.0
2022-12-09 00:00:00-05:00,44.76434510660724,45.05345746740211,44.5523276597682,44.58123779296875,3295300,0.0,0.0,0.0
2022-12-12 00:00:00-05:00,44.66797391815102,45.2076530456543,44.581239838306985,45.2076530456543,3928000,0.0,0.0,0.0
2022-12-13 00:00:00-05:00,46.47974547192936,46.49902011831129,45.22692286720671,45.55458450317383,5759100,0.0,0.0,0.0
2022-12-14 00:00:00-05:00,45.50640042125972,45.96898091271153,44.90889740307105,45.275108337402344,4619500,0.0,0.0,0.0
2022-12-15 00:00:00-05:00,44.67761537074069,44.78362410445793,43.95483256041058,44.14757537841797,3309300,0.0,0.0,0.0
2022-12-16 00:00:00-05:00,43.83918904915209,43.993382570799184,43.376604807947274,43.646446228027344,4407200,0.0,0.0,0.0
2022-12-19 00:00:00-05:00,43.62417722216342,43.68226297558602,43.06265698479151,43.26596450805664,5871200,0.207,0.0,0.0
2022-12-20 00:00:00-05:00,43.16914941653136,43.50799526477508,43.0142479297424,43.32405090332031,2782100,0.0,0.0,0.0
2022-12-21 00:00:00-05:00,43.63385773511252,44.088882508539456,43.56608855947146,43.943660736083984,2666400,0.0,0.0,0.0
2022-12-22 00:00:00-05:00,43.61449072940676,43.64353729721533,42.665718661181565,43.32405090332031,3333100,0.0,0.0,0.0
2022-12-23 00:00:00-05:00,43.227242169327866,43.595130920410156,43.02393095166939,43.595130920410156,3709400,0.0,0.0,0.0
2022-12-27 00:00:00-05:00,43.55640798790475,43.604814013404756,43.21755842311868,43.41118621826172,3679600,0.0,0.0,0.0
2022-12-28 00:00:00-05:00,43.41117963233512,43.63385027036811,42.859342900439785,42.88838577270508,4024700,0.0,0.0,0.0
2022-12-29 00:00:00-05:00,43.20787782173273,43.74035147775368,43.15947179721135,43.64353942871094,2789600,0.0,0.0,0.0
2022-12-30 00:00:00-05:00,43.324051751313284,43.546722412109375,43.08201794264673,43.546722412109375,4135400,0.0,0.0,0.0
2023-01-03 00:00:00-05:00,43.75003516906351,43.982389278217,43.01425392750678,43.35309982299805,3688300,0.0,0.0,0.0
2023-01-04 00:00:00-05:00,43.60481180357298,43.92429451019648,43.2562825286071,43.69194412231445,4335600,0.0,0.0,0.0
2023-01-05 00:00:00-05:00,43.449907836092954,43.459587562893184,43.120741727745944,43.18851089477539,4449300,0.0,0.0,0.0
2023-01-06 00:00:00-05:00,43.546729992429945,44.301874425114335,43.188520927328824,44.16633605957031,2160500,0.0,0.0,0.0
2023-01-09 00:00:00-05:00,44.41804540269152,44.81498069941068,44.12760557221408,44.14696502685547,4251700,0.0,0.0,0.0
2023-01-10 00:00:00-05:00,44.06951823654299,44.466453552246094,43.97270249299163,44.466453552246094,2303400,0.0,0.0,0.0
2023-01-11 00:00:00-05:00,44.63103027003102,45.0279655456543,44.55358137615318,45.0279655456543,8119200,0.0,0.0,0.0
2023-01-12 00:00:00-05:00,45.153828176915596,45.35713569624829,44.66008081665863,45.19255447387695,3996900,0.0,0.0,0.0
2023-01-13 00:00:00-05:00,44.81498640604973,45.424909019775676,44.78593983410329,45.376502990722656,3308800,0.0,0.0,0.0
2023-01-17 00:00:00-05:00,45.3474568679197,45.541084663423604,45.20223509800603,45.27000427246094,4826600,0.0,0.0,0.0
2023-01-18 00:00:00-05:00,45.42490684064593,45.5507654646607,44.543903858828756,44.5826301574707,2881800,0.0,0.0,0.0
2023-01-19 00:00:00-05:00,44.31154911680376,44.51485662506304,44.08887846111844,44.23409652709961,2679100,0.0,0.0,0.0
2023-01-20 00:00:00-05:00,44.418049372421436,45.086061411535404,44.21473814908836,45.07638168334961,2104400,0.0,0.0,0.0
2023-01-23 00:00:00-05:00,45.15382556029751,45.841200672385625,45.05701351664723,45.59916687011719,6499900,0.0,0.0,0.0
2023-01-24 00:00:00-05:00,45.395864740800704,45.65726172139652,45.27000611463016,45.57012939453125,2569900,0.0,0.0,0.0
2023-01-25 00:00:00-05:00,45.06669688261442,45.60885397300298,44.80529991188118,45.579811096191406,3059700,0.0,0.0,0.0
2023-01-26 00:00:00-05:00,45.87992917699203,46.092920115053026,45.541083314752186,46.08323669433594,3078900,0.0,0.0,0.0
2023-01-27 00:00:00-05:00,45.947699871277145,46.46081408513326,45.93802014338237,46.19941711425781,2440600,0.0,0.0,0.0
2023-01-30 00:00:00-05:00,45.86056209166888,46.112279304703016,45.570122278519385,45.608848571777344,3541900,0.0,0.0,0.0
2023-01-31 00:00:00-05:00,45.65725714395251,46.27686309814453,45.62821426895689,46.27686309814453,1816400,0.0,0.0,0.0
2023-02-01 00:00:00-05:00,46.112286128484556,47.09010117252002,45.802483122860856,46.7706184387207,5041700,0.0,0.0,0.0
2023-02-02 00:00:00-05:00,47.21595651225594,47.61289181641299,47.002965575781424,47.42894744873047,3861100,0.0,0.0,0.0
2023-02-03 00:00:00-05:00,46.83838413099125,47.467669823600616,46.79965783488342,46.954559326171875,3762100,0.0,0.0,0.0
2023-02-06 00:00:00-05:00,46.63507131265129,46.82869909336147,46.47049009959043,46.673797607421875,1697900,0.0,0.0,0.0
2023-02-07 00:00:00-05:00,46.557620545202475,47.41926025693543,46.402719065488036,47.283721923828125,3085800,0.0,0.0,0.0
2023-02-08 00:00:00-05:00,47.022333725132896,47.186918655316205,46.673804407703095,46.76093673706055,2426600,0.0,0.0,0.0
2023-02-09 00:00:00-05:00,47.186917498879694,47.19659722717406,46.209098749705234,46.35432052612305,2121600,0.0,0.0,0.0
2023-02-10 00:00:00-05:00,46.189727189435246,46.48985041591677,46.11227829775317,46.441444396972656,2516900,0.0,0.0,0.0
2023-02-13 00:00:00-05:00,46.53825930566943,47.00296376385568,46.480169863467616,46.98360061645508,2212900,0.0,0.0,0.0
2023-02-14 00:00:00-05:00,46.81902149157692,47.244999673962276,46.509218505634315,46.9932861328125,2769600,0.0,0.0,0.0
2023-02-15 00:00:00-05:00,46.722209356064866,47.13850784301758,46.625397300414875,47.13850784301758,1935100,0.0,0.0,0.0
2023-02-16 00:00:00-05:00,46.54794209049821,47.00296312220114,46.470489501953125,46.470489501953125,6181300,0.0,0.0,0.0
2023-02-17 00:00:00-05:00,46.22846189943716,46.383363404149335,45.9961077957973,46.35432052612305,1643800,0.0,0.0,0.0
2023-02-21 00:00:00-05:00,45.87993632187185,45.996111536568485,45.39586861863515,45.42491149902344,7466400,0.0,0.0,0.0
2023-02-22 00:00:00-05:00,45.48299056618774,45.65725519500836,45.20223047607199,45.35713195800781,2514100,0.0,0.0,0.0
2023-02-23 00:00:00-05:00,45.71534403166543,45.78311319829556,45.115097565594866,45.608848571777344,2708800,0.0,0.0,0.0
2023-02-24 00:00:00-05:00,45.02796879564766,45.22159658403169,44.81498155225382,45.134464263916016,9703400,0.0,0.0,0.0
2023-02-27 00:00:00-05:00,45.51204403393301,45.676628974193534,45.1731981174312,45.279693603515625,1631800,0.0,0.0,0.0
2023-02-28 00:00:00-05:00,45.2312835733755,45.44427083357378,45.105424947024346,45.11510467529297,2116300,0.0,0.0,0.0
2023-03-01 00:00:00-05:00,45.02797400500083,45.15383263598265,44.785940164805254,44.94084167480469,2441000,0.0,0.0,0.0
2023-03-02 00:00:00-05:00,44.71817329257719,45.37650566733228,44.669767260668856,45.279693603515625,1991200,0.0,0.0,0.0
2023-03-03 00:00:00-05:00,45.492682125258185,46.04451898420461,45.434592674211025,46.015472412109375,2112600,0.0,0.0,0.0
2023-03-06 00:00:00-05:00,46.11228644051224,46.38336314898149,45.99610754275985,46.02515411376953,2269700,0.0,0.0,0.0
2023-03-07 00:00:00-05:00,46.025151335141246,46.06387763205406,45.2603235902564,45.33777618408203,3780400,0.0,0.0,0.0
2023-03-08 00:00:00-05:00,45.33777708045209,45.50235830587106,45.15382901305087,45.415225982666016,3068700,0.0,0.0,0.0
2023-03-09 00:00:00-05:00,45.49267166203074,45.695979154220495,44.46644708842048,44.56325912475586,2957000,0.0,0.0,0.0
2023-03-10 00:00:00-05:00,44.505180983559185,44.756894536919845,43.75003293719105,43.943660736083984,4708800,0.0,0.0,0.0
2023-03-13 00:00:00-04:00,43.45959390256045,44.43741264344055,43.324055548729895,43.856529235839844,6428500,0.0,0.0,0.0
2023-03-14 00:00:00-04:00,44.44708628912105,44.78593212732678,44.05983073704939,44.592308044433594,4334500,0.0,0.0,0.0
2023-03-15 00:00:00-04:00,43.93397994675297,44.33091526298044,43.68226270632989,44.321231842041016,9771800,0.0,0.0,0.0
2023-03-16 00:00:00-04:00,44.04047166498754,45.12478204978659,43.97269880361634,45.086055755615234,7509200,0.0,0.0,0.0
2023-03-17 00:00:00-04:00,44.95052061799386,45.066695815632656,44.39868381278087,44.57294845581055,4319600,0.0,0.0,0.0
2023-03-20 00:00:00-04:00,44.66334427463025,45.04242320210684,44.58558259315758,44.99382400512695,4612300,0.183,0.0,0.0
2023-03-21 00:00:00-04:00,45.40205718643204,45.63533849973036,45.20765670999688,45.567298889160156,2325400,0.0,0.0,0.0
2023-03-22 00:00:00-04:00,45.57701839197168,45.98525977355226,44.80913853005355,44.82857894897461,2990700,0.0,0.0,0.0
2023-03-23 00:00:00-04:00,45.159065802877436,45.62562480718972,44.61474881845378,44.945228576660156,5527700,0.0,0.0,0.0
2023-03-24 00:00:00-04:00,44.770262006087684,45.22709887933332,44.507821908922324,45.21738052368164,3234000,0.0,0.0,0.0
2023-03-27 00:00:00-04:00,45.49926113871976,45.58674117129796,45.2076585582052,45.314579010009766,3218200,0.0,0.0,0.0
2023-03-28 00:00:00-04:00,45.23681862065062,45.30485823036209,44.993818955143745,45.22709655761719,2477500,0.0,0.0,0.0
2023-03-29 00:00:00-04:00,45.69366174634618,45.897784311396926,45.56730457260185,45.868621826171875,4857600,0.0,0.0,0.0
2023-03-30 00:00:00-04:00,46.189380598041474,46.199098953979814,45.91722213719665,46.14078140258789,2313300,0.0,0.0,0.0
2023-03-31 00:00:00-04:00,46.24771108702628,46.821186898861164,46.237989021266756,46.80175018310547,3094000,0.0,0.0,0.0
2023-04-03 00:00:00-04:00,46.73370394452294,47.00586242118997,46.6753826818595,46.97670364379883,3298600,0.0,0.0,0.0
2023-04-04 00:00:00-04:00,47.03501775276543,47.07389859169261,46.549018389818265,46.71426010131836,2414800,0.0,0.0,0.0
2023-04-05 00:00:00-04:00,46.6170577515843,46.69481942901761,46.383780135046074,46.568458557128906,3019400,0.0,0.0,0.0
2023-04-06 00:00:00-04:00,46.490702371306725,46.78230125710784,46.36434149456987,46.772579193115234,1996000,0.0,0.0,0.0
2023-04-10 00:00:00-04:00,46.47126199769647,46.8211784362793,46.39350031720184,46.8211784362793,2415000,0.0,0.0,0.0
2023-04-11 00:00:00-04:00,46.869783665607876,46.996140840858374,46.733704425872766,46.81146240234375,2467600,0.0,0.0,0.0
2023-04-12 00:00:00-04:00,47.0641849055646,47.09334739389143,46.56846709858706,46.6462287902832,4762300,0.0,0.0,0.0
2023-04-13 00:00:00-04:00,46.75314016346875,47.29746081893189,46.71426302998511,47.239139556884766,19475700,0.0,0.0,0.0
2023-04-14 00:00:00-04:00,47.17110134044963,47.433541465640225,46.8697840806199,47.15166091918945,3197700,0.0,0.0,0.0
2023-04-17 00:00:00-04:00,47.112781709039076,47.30717849731445,46.986420830355236,47.30717849731445,4148900,0.0,0.0,0.0
2023-04-18 00:00:00-04:00,47.48213945181495,47.511301936900814,47.180822199683035,47.336341857910156,2827300,0.0,0.0,0.0
2023-04-19 00:00:00-04:00,47.11278026988874,47.4335379270498,47.11278026988874,47.3460578918457,1865900,0.0,0.0,0.0
2023-04-20 00:00:00-04:00,46.98641828229736,47.268298801043855,46.87949782981553,47.07389831542969,2702900,0.0,0.0,0.0
2023-04-21 00:00:00-04:00,47.10306327446392,47.161384540169166,46.87950398441584,47.11278533935547,2154800,0.0,0.0,0.0
2023-04-24 00:00:00-04:00,47.07390453782378,47.200265426357944,46.928103227370414,47.16138458251953,1820500,0.0,0.0,0.0
2023-04-25 00:00:00-04:00,46.93782505927015,46.98642425988624,46.403226436730485,46.41294479370117,2751600,0.0,0.0,0.0
2023-04-26 00:00:00-04:00,46.490703973610785,46.60734279037499,46.15050217188357,46.22826385498047,3562900,0.0,0.0,0.0
2023-04-27 00:00:00-04:00,46.51986544893686,47.161384540169166,46.49070667002491,47.11278533935547,2263500,0.0,0.0,0.0
2023-04-28 00:00:00-04:00,47.03501740758501,47.530738830566406,47.02529905186497,47.530738830566406,2733800,0.0,0.0,0.0
2023-05-01 00:00:00-04:00,47.49186092834705,47.71542020253906,47.4529800873012,47.50157928466797,4359200,0.0,0.0,0.0
2023-05-02 00:00:00-04:00,47.38493823957135,47.40437865917945,46.607339994652,46.95726013183594,3803500,0.0,0.0,0.0
2023-05-03 00:00:00-04:00,46.99613670847432,47.29745764702196,46.60733944454408,46.61705780029297,4056200,0.0,0.0,0.0
2023-05-04 00:00:00-04:00,46.49070479070338,46.53930398955253,46.15050298299699,46.30602264404297,4064100,0.0,0.0,0.0
2023-05-05 00:00:00-04:00,46.723982775109164,47.278021803440005,46.704542353848986,47.15166091918945,2618300,0.0,0.0,0.0
2023-05-08 00:00:00-04:00,47.180816650390625,47.22941584264277,46.996134528799494,47.180816650390625,2297200,0.0,0.0,0.0
2023-05-09 00:00:00-04:00,46.986422000302156,47.09334246124453,46.937822802023206,46.97670364379883,2748500,0.0,0.0,0.0
2023-05-10 00:00:00-04:00,47.28773709807376,47.3752171272799,46.723976085882924,47.180816650390625,3606700,0.0,0.0,0.0
2023-05-11 00:00:00-04:00,47.08361744166049,47.13222034477003,46.85033982141073,47.103057861328125,2378700,0.0,0.0,0.0
2023-05-12 00:00:00-04:00,47.2391401011706,47.25858052207696,46.74342234564232,47.02530288696289,4788300,0.0,0.0,0.0
2023-05-15 00:00:00-04:00,47.12249997328081,47.23913878759448,46.89894070089584,47.20998001098633,1786000,0.0,0.0,0.0
2023-05-16 00:00:00-04:00,47.07390344823933,47.18082391237947,46.889225006103516,46.889225006103516,1926600,0.0,0.0,0.0
2023-05-17 00:00:00-04:00,47.12250189637051,47.530743324950436,46.93782345718031,47.462703704833984,3038700,0.0,0.0,0.0
2023-05-18 00:00:00-04:00,47.43354171891593,47.958421972099764,47.40438294081058,47.90010070800781,3806300,0.0,0.0,0.0
2023-05-19 00:00:00-04:00,48.00701507868318,48.08477675426987,47.69597579209797,47.8612174987793,2692300,0.0,0.0,0.0
2023-05-22 00:00:00-04:00,47.83206032000501,48.045901243697834,47.7057031449876,47.870941162109375,4361900,0.0,0.0,0.0
2023-05-23 00:00:00-04:00,47.67653995156914,47.783460411828,47.27802059561956,47.336341857910156,3672300,0.0,0.0,0.0
2023-05-24 00:00:00-04:00,47.1224965810105,47.17109577448587,46.840616067820285,46.99613571166992,5546500,0.0,0.0,0.0
2023-05-25 00:00:00-04:00,47.394657135009766,47.55989884961937,47.1419390929892,47.394657135009766,3108800,0.0,0.0,0.0
2023-05-26 00:00:00-04:00,47.46270515560869,48.094502177127836,47.46270515560869,48.02646255493164,2254500,0.0,0.0,0.0
2023-05-30 00:00:00-04:00,48.240300381111766,48.29861793473671,47.86122145102531,48.00701904296875,3133100,0.0,0.0,0.0
2023-05-31 00:00:00-04:00,47.79317397203244,47.909816484908085,47.569614717508585,47.764015197753906,2465600,0.0,0.0,0.0
2023-06-01 00:00:00-04:00,47.793180716312264,48.3375013962342,47.63766105174618,48.19170379638672,2753300,0.0,0.0,0.0
2023-06-02 00:00:00-04:00,48.51245866008039,49.008176403332854,48.45413739880555,48.92070007324219,2685300,0.0,0.0,0.0
2023-06-05 00:00:00-04:00,48.949851001383365,49.10537063196607,48.73601011887696,48.823490142822266,3001800,0.0,0.0,0.0
2023-06-06 00:00:00-04:00,48.77490098335182,48.98874190983154,48.697139298129656,48.910980224609375,2400000,0.0,0.0,0.0
2023-06-07 00:00:00-04:00,48.969293587859994,49.10537280716264,48.70685350439891,48.76517105102539,3592600,0.0,0.0,0.0
2023-06-08 00:00:00-04:00,48.76517828580653,49.10538009241597,48.67770195288885,49.027618408203125,2295200,0.0,0.0,0.0
2023-06-09 00:00:00-04:00,49.153979486983935,49.36782041154024,49.01790024695037,49.124820709228516,3151900,0.0,0.0,0.0
2023-06-12 00:00:00-04:00,49.251176185269074,49.591377981495015,49.173418211310704,49.571937561035156,3877500,0.0,0.0,0.0
2023-06-13 00:00:00-04:00,49.75661112929613,49.98989244412743,49.68857151827882,49.90241241455078,2489400,0.0,0.0,0.0
2023-06-14 00:00:00-04:00,49.94129871505614,50.18429841180998,49.56221978138113,49.96073913574219,5230800,0.0,0.0,0.0
2023-06-15 00:00:00-04:00,49.86353477682674,50.73833512872302,49.86353477682674,50.57309341430664,2805200,0.0,0.0,0.0
2023-06-16 00:00:00-04:00,50.82581117517673,50.84525159345777,50.36897061527409,50.42729187011719,3153400,0.0,0.0,0.0
2023-06-20 00:00:00-04:00,50.18626483210025,50.29360528961607,49.91303728383902,50.166748046875,3440000,0.203,0.0,0.0
2023-06-21 00:00:00-04:00,50.0398997788571,50.127723466898956,49.83497908090837,49.90328598022461,2079700,0.0,0.0,0.0
2023-06-22 00:00:00-04:00,49.776423035195194,50.088687896728516,49.74714971667029,50.088687896728516,1963800,0.0,0.0,0.0
2023-06-23 00:00:00-04:00,49.659329884992246,49.903284151452176,49.62029630897145,49.71788024902344,2685100,0.0,0.0,0.0
2023-06-26 00:00:00-04:00,49.63980823789431,49.864245694374354,49.47392113971414,49.51295471191406,2072200,0.0,0.0,0.0
2023-06-27 00:00:00-04:00,49.61054208218226,50.11796742669863,49.55199171542954,50.03014373779297,3025100,0.0,0.0,0.0
2023-06-28 00:00:00-04:00,49.90328107886658,50.18626890392351,49.84473444088684,50.06917190551758,2628300,0.0,0.0,0.0
2023-06-29 00:00:00-04:00,50.0301439615305,50.28385477369986,49.9813538502418,50.254581451416016,4965500,0.0,0.0,0.0
2023-06-30 00:00:00-04:00,50.63514207305978,50.96691999238241,50.61562528692947,50.849822998046875,2206000,0.0,0.0,0.0
2023-07-03 00:00:00-04:00,50.83030976627517,50.95716702376964,50.781519658760864,50.94740676879883,1803100,0.0,0.0,0.0
2023-07-05 00:00:00-04:00,50.70345802853621,50.92789552549235,50.70345802853621,50.859588623046875,4211800,0.0,0.0,0.0
2023-07-06 00:00:00-04:00,50.41070778880821,50.48877493824258,50.147236743137064,50.44974136352539,4599500,0.0,0.0,0.0
2023-07-07 00:00:00-04:00,50.3228821424267,50.781517321333126,50.293608823754866,50.31312561035156,2812100,0.0,0.0,0.0
2023-07-10 00:00:00-04:00,50.26433374484205,50.45949789598141,50.20578710521284,50.44974136352539,2147600,0.0,0.0,0.0
2023-07-11 00:00:00-04:00,50.54731931344369,50.82055060177714,50.41070553050015,50.781517028808594,3769300,0.0,0.0,0.0
2023-07-12 00:00:00-04:00,51.21087423998877,51.33773148862414,51.04498714153557,51.17184066772461,3801200,0.0,0.0,0.0
2023-07-13 00:00:00-04:00,51.396281770133996,51.669513072917226,51.33773513003135,51.59144592285156,2546300,0.0,0.0,0.0
2023-07-14 00:00:00-04:00,51.689020870353744,51.78660106851746,51.45482318333648,51.53289031982422,2283900,0.0,0.0,0.0
2023-07-17 00:00:00-04:00,51.52313493375808,51.854912850281,51.52313493375808,51.737815856933594,2188000,0.0,0.0,0.0
2023-07-18 00:00:00-04:00,51.698784500406525,52.18669300311604,51.64023414000066,52.09886932373047,3011300,0.0,0.0,0.0
2023-07-19 00:00:00-04:00,52.20620873901474,52.37209583982239,52.137901847806134,52.215965270996094,2784300,0.0,0.0,0.0
2023-07-20 00:00:00-04:00,52.09887210470489,52.21596910932065,51.796371199243595,51.893951416015625,6377500,0.0,0.0,0.0
2023-07-21 00:00:00-04:00,52.08911557200635,52.108632359850084,51.88419116087042,51.893951416015625,3563900,0.0,0.0,0.0
2023-07-24 00:00:00-04:00,52.030565445165664,52.20621281411168,51.95250201588225,52.11838912963867,3454000,0.0,0.0,0.0
2023-07-25 00:00:00-04:00,52.069594922205134,52.411129378022586,52.069594922205134,52.2647590637207,2708400,0.0,0.0,0.0
2023-07-26 00:00:00-04:00,52.137904067122726,52.430648430827276,52.03056359852686,52.255001068115234,3918400,0.0,0.0,0.0
2023-07-27 00:00:00-04:00,52.66485003757039,52.713640148043396,51.81588648106335,51.932987213134766,2848400,0.0,0.0,0.0
2023-07-28 00:00:00-04:00,52.32330452746418,52.52822891880698,52.21596406591469,52.43064498901367,2598200,0.0,0.0,0.0
2023-07-31 00:00:00-04:00,52.48920360891853,52.5672670425944,52.3330730191199,52.50872039794922,3035900,0.0,0.0,0.0
2023-08-01 00:00:00-04:00,52.362339687988836,52.459919898296306,52.264759477681366,52.3916130065918,2567300,0.0,0.0,0.0
2023-08-02 00:00:00-04:00,52.02080459644167,52.030561128375126,51.56216942419544,51.66950988769531,3621600,0.0,0.0,0.0
2023-08-03 00:00:00-04:00,51.406040730840516,51.728058410637296,51.327973582740384,51.48410415649414,2917600,0.0,0.0,0.0
2023-08-04 00:00:00-04:00,51.7085481416502,51.97201547461608,51.20112281890522,51.2791862487793,4541100,0.0,0.0,0.0
2023-08-07 00:00:00-04:00,51.4743432816026,51.737814300543214,51.40603639400091,51.72805404663086,2906800,0.0,0.0,0.0
2023-08-08 00:00:00-04:00,51.40603993653419,51.542653721152014,51.10353532599013,51.50362014770508,2467400,0.0,0.0,0.0
2023-08-09 00:00:00-04:00,51.52313617389308,51.53289642833396,51.064504721224054,51.15232467651367,3015500,0.0,0.0,0.0
2023-08-10 00:00:00-04:00,51.435312496157074,51.825640779971856,51.0254711483533,51.15232467651367,4014800,0.0,0.0,0.0
2023-08-11 00:00:00-04:00,50.927892693632245,51.25967065382467,50.87910258351947,51.11330032348633,2875100,0.0,0.0,0.0
2023-08-14 00:00:00-04:00,51.03522934957183,51.4353141784668,50.99619577542439,51.4353141784668,2643400,0.0,0.0,0.0
2023-08-15 00:00:00-04:00,51.201116136434926,51.24014598505467,50.752237514068845,50.84006118774414,4282800,0.0,0.0,0.0
2023-08-16 00:00:00-04:00,50.75223922364287,50.96692014929088,50.43022155761719,50.43022155761719,3990300,0.0,0.0,0.0
2023-08-17 00:00:00-04:00,50.60587051419512,50.644904087812584,50.000865012910246,50.06917190551758,4770900,0.0,0.0,0.0
2023-08-18 00:00:00-04:00,49.71787406488748,50.20578253711906,49.68859702529015,50.09844207763672,3585000,0.0,0.0,0.0
2023-08-21 00:00:00-04:00,50.196023845778775,50.498528448060405,49.95206960206834,50.43022155761719,2999200,0.0,0.0,0.0
2023-08-22 00:00:00-04:00,50.6058691991442,50.6156257310718,50.21554091800559,50.28384780883789,3185300,0.0,0.0,0.0
2023-08-23 00:00:00-04:00,50.400948084388716,50.90836963399148,50.39118783010039,50.849822998046875,3488800,0.0,0.0,0.0
2023-08-24 00:00:00-04:00,51.01570853848515,51.08401542663201,50.127715270129784,50.14723205566406,4788800,0.0,0.0,0.0
2023-08-25 00:00:00-04:00,50.33264423309879,50.644905385144554,49.92279914450963,50.498531341552734,3987200,0.0,0.0,0.0
2023-08-28 00:00:00-04:00,50.74248567657404,50.879099465496445,50.59611163275915,50.820552825927734,3237800,0.0,0.0,0.0
2023-08-29 00:00:00-04:00,50.81078861827078,51.57192465302482,50.78151530076371,51.56216812133789,3287300,0.0,0.0,0.0
2023-08-30 00:00:00-04:00,51.59144784167155,51.83540211103015,51.50362415580459,51.77685546875,2743700,0.0,0.0,0.0
2023-08-31 00:00:00-04:00,51.82564730811038,51.96226110791999,51.669516719407,51.68903350830078,2139800,0.0,0.0,0.0
2023-09-01 00:00:00-04:00,52.01104485192151,52.059834956959826,51.610960034693136,51.79636764526367,2235000,0.0,0.0,0.0
2023-09-05 00:00:00-04:00,51.71830015352623,51.7670902582384,51.5524130530156,51.57192611694336,2224800,0.0,0.0,0.0
2023-09-06 00:00:00-04:00,51.45483228112591,51.47434906869863,50.937650439011946,51.220638275146484,2861500,0.0,0.0,0.0
2023-09-07 00:00:00-04:00,50.840059992392746,51.13280804605812,50.81078667600466,51.05474090576172,2109800,0.0,0.0,0.0
2023-09-08 00:00:00-04:00,51.0645017979125,51.30845603071939,51.005951441958224,51.132808685302734,2110700,0.0,0.0,0.0
2023-09-11 00:00:00-04:00,51.435314050154815,51.493864411229914,51.24014990235099,51.48410415649414,2770300,0.0,0.0,0.0
2023-09-12 00:00:00-04:00,51.29869791635998,51.464588737259504,51.11329403177469,51.17184066772461,2546500,0.0,0.0,0.0
2023-09-13 00:00:00-04:00,51.210878686309684,51.367009266475854,51.07426489397012,51.24991226196289,2076100,0.0,0.0,0.0
2023-09-14 00:00:00-04:00,51.523132716130284,51.767086946530945,51.376762411357575,51.69878005981445,2591200,0.0,0.0,0.0
2023-09-15 00:00:00-04:00,51.503620445984566,51.53289748746255,51.01571194241155,51.03522872924805,3245500,0.0,0.0,0.0
2023-09-18 00:00:00-04:00,51.013680932326324,51.23897130962483,50.97449902238069,51.092041015625,2211100,0.198,0.0,0.0
2023-09-19 00:00:00-04:00,50.99409866333008,51.05286780166626,50.67085345610817,50.99409866333008,2360600,0.0,0.0,0.0
2023-09-20 00:00:00-04:00,51.14101641741659,51.18019832727232,50.49452985116738,50.52391815185547,4087200,0.0,0.0,0.0
2023-09-21 00:00:00-04:00,50.19087729752919,50.22026186039891,49.67172635507887,49.701114654541016,3473900,0.0,0.0,0.0
2023-09-22 00:00:00-04:00,49.81866261461148,49.994977486150326,49.52480574091105,49.56398391723633,3767300,0.0,0.0,0.0
2023-09-25 00:00:00-04:00,49.42684645482554,49.779476165771484,49.37787093643694,49.779476165771484,3867200,0.0,0.0,0.0
2023-09-26 00:00:00-04:00,49.43664711267754,49.50521359033399,48.95667803248965,49.06442642211914,4398800,0.0,0.0,0.0
2023-09-27 00:00:00-04:00,49.19176448284886,49.260330958714356,48.633435329891185,49.07421875,4515600,0.0,0.0,0.0
2023-09-28 00:00:00-04:00,48.995859452340405,49.54439500467516,48.93708658497115,49.368080139160156,3973800,0.0,0.0,0.0
2023-09-29 00:00:00-04:00,49.73050564001518,49.73050564001518,49.06442806060115,49.2309455871582,5607000,0.0,0.0,0.0
2023-10-02 00:00:00-04:00,49.14278690190242,49.368081029250156,48.88811194522946,49.21135711669922,6314000,0.0,0.0,0.0
2023-10-03 00:00:00-04:00,48.96647538702455,49.13299290804888,48.39834887309803,48.55507278442383,5737100,0.0,0.0,0.0
2023-10-04 00:00:00-04:00,48.604046711777464,48.98606099956611,48.44732280559256,48.92729187011719,14001000,0.0,0.0,0.0
2023-10-05 00:00:00-04:00,48.87831622367892,48.99585821886554,48.515889155581796,48.89790344238281,6258600,0.0,0.0,0.0
2023-10-06 00:00:00-04:00,48.60404802697302,49.65213987855636,48.447324116547264,49.45623779296875,5760700,0.0,0.0,0.0
2023-10-09 00:00:00-04:00,49.26032894498581,49.85783998446726,49.18196512629003,49.779476165771484,3493100,0.0,0.0,0.0
2023-10-10 00:00:00-04:00,49.8676329928063,50.35739564397768,49.81865747500766,50.053741455078125,5461700,0.0,0.0,0.0
2023-10-11 00:00:00-04:00,50.16149161804545,50.288830958119306,49.8872257193565,50.24964904785156,3416000,0.0,0.0,0.0
2023-10-12 00:00:00-04:00,50.347609493910326,50.37699406162425,49.67173454374567,49.96559143066406,3304200,0.0,0.0,0.0
2023-10-13 00:00:00-04:00,50.122315998618156,50.26924631226707,49.51501125961597,49.69132614135742,5738600,0.0,0.0,0.0
2023-10-16 00:00:00-04:00,49.96558695232052,50.34760498132706,49.94599973332884,50.21046829223633,3386900,0.0,0.0,0.0
2023-10-17 00:00:00-04:00,49.838252665111895,50.46514831403523,49.81866170900894,50.23006057739258,5173000,0.0,0.0,0.0
2023-10-18 00:00:00-04:00,49.99497237479407,50.122307973870306,49.42684590534317,49.54439163208008,4206100,0.0,0.0,0.0
2023-10-19 00:00:00-04:00,49.62275446960158,49.848044853472295,49.03504074964255,49.132991790771484,8260400,0.0,0.0,0.0
2023-10-20 00:00:00-04:00,49.05462891653887,49.123195388749814,48.50609340225883,48.52568435668945,6762700,0.0,0.0,0.0
2023-10-23 00:00:00-04:00,48.32978084987175,48.87831639026661,48.124081423445936,48.447322845458984,5767300,0.0,0.0,0.0
2023-10-24 00:00:00-04:00,48.67261291660352,48.927291598108525,48.457119882167724,48.809749603271484,5197300,0.0,0.0,0.0
2023-10-25 00:00:00-04:00,48.574661286243526,48.594252241243545,48.03592310181716,48.09469223022461,9269700,0.0,0.0,0.0
2023-10-26 00:00:00-04:00,47.96735772601001,48.06530876666046,47.40902857379854,47.51677322387695,9993700,0.0,0.0,0.0
2023-10-27 00:00:00-04:00,47.722477183024246,47.7518617483905,47.14455706573386,47.3012809753418,7374800,0.0,0.0,0.0
2023-10-30 00:00:00-04:00,47.62452377177124,47.99674446900133,47.47759720412797,47.85961151123047,5981800,0.0,0.0,0.0
2023-10-31 00:00:00-04:00,47.937972345590076,48.20244465537285,47.72247929570971,48.18285369873047,5101700,0.0,0.0,0.0
2023-11-01 00:00:00-04:00,48.27100613599718,48.78035974616766,48.222030617759984,48.70199966430664,6312200,0.0,0.0,0.0
2023-11-02 00:00:00-04:00,49.13299047757057,49.632546752524604,49.13299047757057,49.62275314331055,4909800,0.0,0.0,0.0
2023-11-03 00:00:00-04:00,49.87742792724105,50.2594459440447,49.87742792724105,50.073333740234375,3857200,0.0,0.0,0.0
2023-11-06 00:00:00-05:00,50.17128873986247,50.23005786840901,49.95579197094484,50.16149139404297,14489100,0.0,0.0,0.0
2023-11-07 00:00:00-05:00,50.181082748105304,50.406373128041224,50.05374340758756,50.30842208862305,4694300,0.0,0.0,0.0
2023-11-08 00:00:00-05:00,50.38678608611822,50.465149913012986,50.092929208448716,50.36719512939453,5329400,0.0,0.0,0.0
2023-11-09 00:00:00-05:00,50.48474124203559,50.504332198903754,49.92641204936825,49.97538757324219,6712200,0.0,0.0,0.0
2023-11-10 00:00:00-05:00,50.210465961370545,50.7883860462074,50.03415484248115,50.768798828125,4322200,0.0,0.0,0.0
2023-11-13 00:00:00-05:00,50.592487602161185,50.827571601940384,50.504330168095784,50.71002960205078,5495400,0.0,0.0,0.0
2023-11-14 00:00:00-05:00,51.40549158251962,51.84627875159713,51.38590062649475,51.69934844970703,5141100,0.0,0.0,0.0
2023-11-15 00:00:00-05:00,51.83648295529143,51.993210608176796,51.69934999560964,51.807098388671875,4501200,0.0,0.0,0.0
2023-11-16 00:00:00-05:00,51.72873338688778,51.885457288298426,51.61118765838538,51.87565994262695,4371900,0.0,0.0,0.0
2023-11-17 00:00:00-05:00,51.89525608874875,51.99321087229971,51.758123128370336,51.92464065551758,5041100,0.0,0.0,0.0
2023-11-20 00:00:00-05:00,51.895255800916495,52.42420041937916,51.895255800916495,52.31645202636719,5636900,0.0,0.0,0.0
2023-11-21 00:00:00-05:00,52.20869960277224,52.25767512219865,52.06177304449304,52.22829055786133,5161000,0.0,0.0,0.0
2023-11-22 00:00:00-05:00,52.414398193359375,52.56132848589621,52.28706259219285,52.414398193359375,6132500,0.0,0.0,0.0
2023-11-24 00:00:00-05:00,52.41440080446154,52.46338006214217,52.37522262954688,52.424198150634766,2060200,0.0,0.0,0.0
2023-11-27 00:00:00-05:00,52.37522245600404,52.47317349785525,52.306655979389646,52.36542510986328,4214000,0.0,0.0,0.0
2023-11-28 00:00:00-05:00,52.296857479862894,52.5613297709396,52.23808835068539,52.404605865478516,7626800,0.0,0.0,0.0
2023-11-29 00:00:00-05:00,52.64948836246161,52.796418661831154,52.326243198485706,52.36542510986328,4395200,0.0,0.0,0.0
2023-11-30 00:00:00-05:00,52.47316897968408,52.61030192110511,52.21849405084394,52.58091735839844,6441700,0.0,0.0,0.0
2023-12-01 00:00:00-05:00,52.51235800155743,52.943347838208815,52.43399417493377,52.884578704833984,6519200,0.0,0.0,0.0
2023-12-04 00:00:00-05:00,52.49276258955194,52.63969288370406,52.33603868619956,52.62010192871094,6274900,0.0,0.0,0.0
2023-12-05 00:00:00-05:00,52.43399220124124,52.70826184750722,52.4046076356599,52.60051345825195,5847500,0.0,0.0,0.0
2023-12-06 00:00:00-05:00,52.85518657771273,52.85518657771273,52.33603934196422,52.375221252441406,4809700,0.0,0.0,0.0
2023-12-07 00:00:00-05:00,52.629898463549324,52.864986199942464,52.561331985558155,52.77682876586914,4760500,0.0,0.0,0.0
2023-12-08 00:00:00-05:00,52.708264093565866,53.07068745201981,52.66908218005924,53.00212097167969,6538400,0.0,0.0,0.0
2023-12-11 00:00:00-05:00,52.95314345177222,53.24700031880771,52.92375514945372,53.22740936279297,4934300,0.0,0.0,0.0
2023-12-12 00:00:00-05:00,53.17843065617254,53.472287505608804,53.06088492712397,53.462493896484375,5194100,0.0,0.0,0.0
2023-12-13 00:00:00-05:00,53.501673897433314,54.23631791441902,53.46249572300452,54.197139739990234,11079600,0.0,0.0,0.0
2023-12-14 00:00:00-05:00,54.44201514040238,54.5791480774263,54.06979449948582,54.393035888671875,9955200,0.0,0.0,0.0
2023-12-15 00:00:00-05:00,54.30488586425781,54.432225210237306,54.18734386459593,54.30488586425781,8322600,0.0,0.0,0.0
2023-12-18 00:00:00-05:00,54.473051248310945,54.70907984327146,54.46321844298008,54.61073303222656,4619200,0.221,0.0,0.0
2023-12-19 00:00:00-05:00,54.66974524893399,54.93527603149414,54.65007588523907,54.93527603149414,4763000,0.0,0.0,0.0
2023-12-20 00:00:00-05:00,54.83692813510882,55.053287379952536,54.10918045043945,54.10918045043945,6741600,0.0,0.0,0.0
2023-12-21 00:00:00-05:00,54.53206381896418,54.70908434185368,54.2370308646642,54.689414978027344,6504000,0.0,0.0,0.0
2023-12-22 00:00:00-05:00,54.80742420508905,54.994277523193446,54.56156279895557,54.76808547973633,6121000,0.0,0.0,0.0
2023-12-26 00:00:00-05:00,54.82709173702338,55.13196122100597,54.82709173702338,55.004112243652344,3998200,0.0,0.0,0.0
2023-12-27 00:00:00-05:00,55.004115106246985,55.14179689600221,54.935274211369375,55.122127532958984,6311800,0.0,0.0,0.0
2023-12-28 00:00:00-05:00,55.151634216308594,55.24014072390651,55.09262612636253,55.151634216308594,4220100,0.0,0.0,0.0
2023-12-29 00:00:00-05:00,55.112298804335246,55.18113970430561,54.758257746460444,54.97461700439453,6690000,0.0,0.0,0.0
2024-01-02 00:00:00-05:00,54.610732168213374,54.787752673746255,54.4140460523299,54.67957305908203,7246100,0.0,0.0,0.0
2024-01-03 00:00:00-05:00,54.4238871832872,54.50256089136668,54.158356384366904,54.23703384399414,7046200,0.0,0.0,0.0
2024-01-04 00:00:00-05:00,54.17802143117281,54.482890935608,54.02067027600731,54.06000900268555,6804900,0.0,0.0,0.0
2024-01-05 00:00:00-05:00,54.06001116055454,54.42388501798408,53.96166433993331,54.148521423339844,8020900,0.0,0.0,0.0
2024-01-08 00:00:00-05:00,54.1780201950592,54.915604421484105,54.1780201950592,54.89593505859375,9688200,0.0,0.0,0.0
2024-01-09 00:00:00-05:00,54.60089918328193,54.935270831349094,54.53205829263992,54.827091217041016,5023300,0.0,0.0,0.0
2024-01-10 00:00:00-05:00,54.83692514054443,55.23030488213338,54.81725952985751,55.131961822509766,5849700,0.0,0.0,0.0
2024-01-11 00:00:00-05:00,55.240142295972404,55.30898694530911,54.630407022033936,55.11229705810547,9806600,0.0,0.0,0.0
2024-01-12 00:00:00-05:00,55.269646644653264,55.35815690379863,54.97461369801786,55.151634216308594,5032800,0.0,0.0,0.0
2024-01-16 00:00:00-05:00,54.96477360114921,55.13196130279,54.72874875965861,54.95494079589844,7232100,0.0,0.0,0.0
2024-01-17 00:00:00-05:00,54.59106210549386,54.68940891372024,54.35503726884482,54.65007019042969,6808500,0.0,0.0,0.0
2024-01-18 00:00:00-05:00,54.83692514054443,55.181133352321574,54.65007182664066,55.131961822509766,6348800,0.0,0.0,0.0
2024-01-19 00:00:00-05:00,55.259809813857785,55.8400428983743,55.17129955515027,55.82037353515625,7146700,0.0,0.0,0.0
2024-01-22 00:00:00-05:00,55.97772606839489,56.13508097801583,55.849880831649166,55.92855453491211,7179200,0.0,0.0,0.0
2024-01-23 00:00:00-05:00,55.997395238332864,56.11541142014021,55.85971344443848,56.076072692871094,7286400,0.0,0.0,0.0
2024-01-24 00:00:00-05:00,56.420276303247945,56.538292483226364,56.10557399306709,56.14491271972656,6662900,0.0,0.0,0.0
2024-01-25 00:00:00-05:00,56.39077438747453,56.479284647082416,56.144912972068994,56.46944808959961,10246300,0.0,0.0,0.0
2024-01-26 00:00:00-05:00,56.390774557569266,56.587464440796474,56.28259493421693,56.3711051940918,6315000,0.0,0.0,0.0
2024-01-29 00:00:00-05:00,56.43011643759607,56.84316183905967,56.36127553735214,56.81365966796875,6094900,0.0,0.0,0.0
2024-01-30 00:00:00-05:00,56.754651662137505,56.862831291701994,56.69564731986429,56.764488220214844,5837000,0.0,0.0,0.0
2024-01-31 00:00:00-05:00,56.50878386275287,56.577624755344345,55.859709910070904,55.87937927246094,13454200,0.0,0.0,0.0
2024-02-01 00:00:00-05:00,56.056401053243455,56.60713195800781,55.96789079625539,56.60713195800781,10490600,0.0,0.0,0.0
2024-02-02 00:00:00-05:00,56.6366355668256,57.38405261586239,56.597296840153284,57.1873664855957,11666800,0.0,0.0,0.0
2024-02-05 00:00:00-05:00,57.12836249626856,57.16770122576462,56.715313339655395,56.99068069458008,8284000,0.0,0.0,0.0
2024-02-06 00:00:00-05:00,57.09885927533161,57.177532981329826,56.92183874740106,57.15786361694336,6945700,0.0,0.0,0.0
2024-02-07 00:00:00-05:00,57.40371980357713,57.66925057123039,57.31520954769271,57.620079040527344,11355800,0.0,0.0,0.0
2024-02-08 00:00:00-05:00,57.62991557525156,57.688923666841994,57.52173970132376,57.669254302978516,4562200,0.0,0.0,0.0
2024-02-09 00:00:00-05:00,57.718425385151214,58.03312770140885,57.66925385165112,57.96428680419922,6915900,0.0,0.0,0.0
2024-02-12 00:00:00-05:00,57.98396077033649,58.249491574170314,57.86594833025962,57.94462203979492,4828100,0.0,0.0,0.0
2024-02-13 00:00:00-05:00,57.18736493852336,57.36438545221246,56.764483017104666,57.177528381347656,52263600,0.0,0.0,0.0
2024-02-14 00:00:00-05:00,57.48240166960803,57.73809589983414,57.19720151745565,57.69875717163086,11589300,0.0,0.0,0.0
2024-02-15 00:00:00-05:00,57.76760281932381,58.09213795373612,57.70859472599991,58.052799224853516,5874000,0.0,0.0,0.0
2024-02-16 00:00:00-05:00,58.03312719448829,58.170812739252405,57.698755517441846,57.78726577758789,7139900,0.0,0.0,0.0
2024-02-20 00:00:00-05:00,57.570904658468564,57.65941490996928,57.197194290849225,57.45288848876953,8596100,0.0,0.0,0.0
2024-02-21 00:00:00-05:00,57.30537916684925,57.53157121889168,57.09885647822975,57.51190185546875,7940400,0.0,0.0,0.0
2024-02-22 00:00:00-05:00,58.2888269040884,58.819888480773436,58.19048008347213,58.692039489746094,8120600,0.0,0.0,0.0
2024-02-23 00:00:00-05:00,58.89856061120619,59.016573041243326,58.66253575113193,58.73137664794922,7685400,0.0,0.0,0.0
2024-02-26 00:00:00-05:00,58.81004828902503,58.84938701484077,58.51501534850173,58.544517517089844,5873200,0.0,0.0,0.0
2024-02-27 00:00:00-05:00,58.623200160342165,58.67237169619275,58.39700809419134,58.65270233154297,5360900,0.0,0.0,0.0
2024-02-28 00:00:00-05:00,58.446174454097864,58.633027774401576,58.41667228550975,58.544517517089844,4821700,0.0,0.0,0.0
2024-02-29 00:00:00-05:00,58.78054654875438,58.967399870419634,58.456007685730754,58.77070999145508,6920700,0.0,0.0,0.0
2024-03-01 00:00:00-05:00,58.888726134229856,59.38044895557084,58.83955460240524,59.34111022949219,14546500,0.0,0.0,0.0
2024-03-04 00:00:00-05:00,59.24276803341938,59.48862944769038,59.232931475981964,59.27227020263672,6196600,0.0,0.0,0.0
2024-03-05 00:00:00-05:00,59.02640962126289,59.08541771207766,58.40683779812419,58.68220138549805,6899100,0.0,0.0,0.0
2024-03-06 00:00:00-05:00,59.07558155319292,59.24276926918931,58.81005077005573,58.95756912231445,7806100,0.0,0.0,0.0
2024-03-07 00:00:00-05:00,59.35094726126384,59.67548614720012,59.25260419061218,59.56730651855469,7194300,0.0,0.0,0.0
2024-03-08 00:00:00-05:00,59.645986815206534,59.95085259966557,59.13459457007297,59.2132682800293,8635200,0.0,0.0,0.0
2024-03-11 00:00:00-04:00,59.065748467400745,59.2132630674134,58.829719855213966,59.154258728027344,6256300,0.0,0.0,0.0
2024-03-12 00:00:00-04:00,59.40995049795971,59.85250178280999,59.09524819574338,59.783660888671875,6495000,0.0,0.0,0.0
2024-03-13 00:00:00-04:00,59.81316237613866,59.842664544277,59.52796224564373,59.70498275756836,4970500,0.0,0.0,0.0
2024-03-14 00:00:00-04:00,59.813167946731504,59.83283731117137,59.21326546173245,59.56730651855469,16510500,0.0,0.0,0.0
2024-03-15 00:00:00-04:00,59.20343253167295,59.38045305971446,58.99690983280708,59.14442443847656,9481700,0.0,0.0,0.0
2024-03-18 00:00:00-04:00,59.64964329654729,59.81739069126479,59.47202619379305,59.511497497558594,7053200,0.202,0.0,0.0
2024-03-19 00:00:00-04:00,59.42268920055387,59.876597903228564,59.31414499682933,59.84699630737305,7255500,0.0,0.0,0.0
2024-03-20 00:00:00-04:00,59.85686305603118,60.419315969992546,59.77792421129156,60.379844665527344,8687100,0.0,0.0,0.0
2024-03-21 00:00:00-04:00,60.7449496473888,60.823888493508306,60.56733253838137,60.6068000793457,8742000,0.0,0.0,0.0
2024-03-22 00:00:00-04:00,60.59693385927518,60.65614081673839,60.45878805605186,60.50812530517578,6254300,0.0,0.0,0.0
2024-03-25 00:00:00-04:00,60.340373486100184,60.45878362816364,60.30090218401551,60.310768127441406,6328600,0.0,0.0,0.0
2024-03-26 00:00:00-04:00,60.49825911379199,60.52786071030721,60.16276055125319,60.17262649536133,7638500,0.0,0.0,0.0
2024-03-27 00:00:00-04:00,60.52786155825168,60.71534461245924,60.29103749023978,60.70547866821289,8520000,0.0,0.0,0.0
2024-03-28 00:00:00-04:00,60.7153434753418,60.883094637914894,60.666006226652335,60.7153434753418,7002500,0.0,0.0,0.0
2024-04-01 00:00:00-04:00,60.80415284093072,60.863359798663474,60.45878833130007,60.6068000793457,9674100,0.0,0.0,0.0
2024-04-02 00:00:00-04:00,60.13315342397018,60.23183168310665,59.94567037789693,60.221961975097656,19937700,0.0,0.0,0.0
2024-04-03 00:00:00-04:00,60.073954991738276,60.45879082238047,60.073954991738276,60.28117370605469,7849600,0.0,0.0,0.0
2024-04-04 00:00:00-04:00,60.74494681346965,60.79428406051648,59.50162710842193,59.55096435546875,12314200,0.0,0.0,0.0
2024-04-05 00:00:00-04:00,59.69898213016375,60.38971490764843,59.64964488124145,60.17262649536133,10708400,0.0,0.0,0.0
2024-04-08 00:00:00-04:00,60.25156847236848,60.3699786213769,60.10355296296487,60.21209716796875,6292600,0.0,0.0,0.0
2024-04-09 00:00:00-04:00,60.40945088763641,60.42918654015051,59.68911650973037,60.271305084228516,10724400,0.0,0.0,0.0
2024-04-10 00:00:00-04:00,59.580570499724,59.89633340201107,59.43255499244349,59.67924499511719,12403500,0.0,0.0,0.0
2024-04-11 00:00:00-04:00,59.84699560501016,60.29103459439464,59.43255444694312,60.123287200927734,7670900,0.0,0.0,0.0
2024-04-12 00:00:00-04:00,59.708846510929625,59.856862018011896,59.08719041524181,59.27467346191406,8081200,0.0,0.0,0.0
2024-04-15 00:00:00-04:00,59.7877887753101,59.80752442708716,58.44579456799503,58.534603118896484,13541100,0.0,0.0,0.0
2024-04-16 00:00:00-04:00,58.583943910420125,58.78129667593944,58.28791664423661,58.43593215942383,10809100,0.0,0.0,0.0
2024-04-17 00:00:00-04:00,58.72208947679428,58.741825129684564,57.922816237787714,58.100433349609375,10650100,0.0,0.0,0.0
2024-04-18 00:00:00-04:00,58.24844700824783,58.505006740035654,57.863611174757125,57.98202133178711,12696200,0.0,0.0,0.0
2024-04-19 00:00:00-04:00,57.95242056117384,58.08070042889966,57.32089469574066,57.468910217285156,10443000,0.0,0.0,0.0
2024-04-22 00:00:00-04:00,57.774800400059675,58.3076517325443,57.508374733817355,58.00175476074219,7407800,0.0,0.0,0.0
2024-04-23 00:00:00-04:00,58.2385771014328,58.74182305771618,58.16950420084863,58.69248580932617,8348800,0.0,0.0,0.0
2024-04-24 00:00:00-04:00,58.791166298023015,58.87997108997559,58.3964607675651,58.672752380371094,6281800,0.0,0.0,0.0
2024-04-25 00:00:00-04:00,57.93268129186329,58.524739576900735,57.73532853018415,58.445796966552734,9818200,0.0,0.0,0.0
2024-04-26 00:00:00-04:00,58.76156230642263,59.176003499484395,58.70235911040738,58.99838638305664,5171900,0.0,0.0,0.0
2024-04-29 00:00:00-04:00,59.21546668240456,59.27467363825175,58.879968127651956,59.20560073852539,4201400,0.0,0.0,0.0
2024-04-30 00:00:00-04:00,59.02798158131382,59.13652578116154,58.268175946570395,58.278045654296875,4933700,0.0,0.0,0.0
2024-05-01 00:00:00-04:00,58.19910848454956,58.97864984335789,58.02149137079093,58.06096267700195,9695300,0.0,0.0,0.0
2024-05-02 00:00:00-04:00,58.514872688271076,58.71222545946041,57.98202133531719,58.623416900634766,5751900,0.0,0.0,0.0
2024-05-03 00:00:00-04:00,59.33387756347656,59.47202335587314,59.02798062017662,59.33387756347656,8827800,0.0,0.0,0.0
2024-05-06 00:00:00-04:00,59.63976919549053,59.95553207397461,59.58056600839378,59.95553207397461,5648300,0.0,0.0,0.0
2024-05-07 00:00:00-04:00,60.06408264527468,60.19236250458576,59.93580655015444,60.034481048583984,5605600,0.0,0.0,0.0
2024-05-08 00:00:00-04:00,59.81739104911399,60.09368641293499,59.797655397113154,60.01474380493164,8113000,0.0,0.0,0.0
2024-05-09 00:00:00-04:00,60.0542158141664,60.379844665527344,59.975273205236,60.379844665527344,5818500,0.0,0.0,0.0
2024-05-10 00:00:00-04:00,60.567334035203245,60.66600853633891,60.31077430954502,60.45878982543945,4816200,0.0,0.0,0.0
2024-05-13 00:00:00-04:00,60.64627174262464,60.65614145106714,60.33050882790033,60.46865463256836,5103500,0.0,0.0,0.0
2024-05-14 00:00:00-04:00,60.468651254098035,60.794283859071285,60.419314007214695,60.735076904296875,7144300,0.0,0.0,0.0
2024-05-15 00:00:00-04:00,61.03110607441856,61.524486087192166,60.96203317376552,61.4948844909668,5214200,0.0,0.0,0.0
2024-05-16 00:00:00-04:00,61.49488752964895,61.69224029734845,61.356741721516585,61.366607666015625,5331100,0.0,0.0,0.0
2024-05-17 00:00:00-04:00,61.376472298180126,61.45541114021622,61.198855198360604,61.4455451965332,3846400,0.0,0.0,0.0
2024-05-20 00:00:00-04:00,61.47515310458254,61.702107474504125,61.41594990802363,61.52449035644531,5773600,0.0,0.0,0.0
2024-05-21 00:00:00-04:00,61.425809475913304,61.69223512534303,61.40607382437881,61.68236541748047,4932400,0.0,0.0,0.0
2024-05-22 00:00:00-04:00,61.593558987845206,61.672501596700556,61.23832854056846,61.4948844909668,4438100,0.0,0.0,0.0
2024-05-23 00:00:00-04:00,61.859982498719766,61.8698522065794,60.902827866820296,61.04097366333008,6956600,0.0,0.0,0.0
2024-05-24 00:00:00-04:00,61.25806373975887,61.54422128426635,61.14951953548088,61.46528244018555,4404000,0.0,0.0,0.0
2024-05-28 00:00:00-04:00,61.56395630419799,61.57382601222596,61.17912050330256,61.50475311279297,5396000,0.0,0.0,0.0
2024-05-29 00:00:00-04:00,61.02124341512731,61.20872647496465,60.98177210857493,61.06071472167969,5585400,0.0,0.0,0.0
2024-05-30 00:00:00-04:00,60.87322287693068,60.96203142725327,60.508122731911456,60.6660041809082,4341100,0.0,0.0,0.0
2024-05-31 00:00:00-04:00,60.78441519162626,61.22845794955833,60.16275909471207,61.198856353759766,9370900,0.0,0.0,0.0
2024-06-03 00:00:00-04:00,61.406077104712764,61.41594681310258,60.66600707149227,61.24819564819336,6276700,0.0,0.0,0.0
2024-06-04 00:00:00-04:00,61.11991339475344,61.41594440780052,60.92256440497632,61.33700180053711,4095900,0.0,0.0,0.0
2024-06-05 00:00:00-04:00,61.60342891820505,62.06720733642578,61.366604854975726,62.06720733642578,7035100,0.0,0.0,0.0
2024-06-06 00:00:00-04:00,62.096811157855726,62.14614840824074,61.83038548874753,62.0474739074707,7864000,0.0,0.0,0.0
2024-06-07 00:00:00-04:00,61.9487892818955,62.31389317847747,61.81064348932525,61.96852493286133,3959000,0.0,0.0,0.0
2024-06-10 00:00:00-04:00,61.889594303499464,62.20535723246091,61.82052139805109,62.16588592529297,3608000,0.0,0.0,0.0
2024-06-11 00:00:00-04:00,61.9981370722886,62.3336318828299,61.761312998987215,62.313899993896484,5850500,0.0,0.0,0.0
2024-06-12 00:00:00-04:00,62.88621538657744,63.15264104267913,62.718467990619374,62.817142486572266,5489300,0.0,0.0,0.0
2024-06-13 00:00:00-04:00,63.044096484885216,63.06383213680321,62.62965908717953,62.95528793334961,4105800,0.0,0.0,0.0
2024-06-14 00:00:00-04:00,62.787541042255,63.01449539484733,62.659261185853865,62.984893798828125,3134300,0.0,0.0,0.0
2024-06-17 00:00:00-04:00,62.935553638026384,63.655891773892684,62.86648073691988,63.51774597167969,5729100,0.0,0.0,0.0
2024-06-18 00:00:00-04:00,63.517741810596775,63.68548919824025,63.458531093254706,63.655887603759766,4013800,0.0,0.0,0.0
2024-06-20 00:00:00-04:00,63.77429651061224,63.85323911794468,63.28091650735655,63.49800491333008,6214500,0.0,0.0,0.0
2024-06-21 00:00:00-04:00,63.39933185752473,63.54734736753768,63.241446639275836,63.34999084472656,4396000,0.0,0.0,0.0
2024-06-24 00:00:00-04:00,63.392570027757415,63.68963290598794,63.18463281215658,63.204437255859375,6305900,0.223,0.0,0.0
2024-06-25 00:00:00-04:00,63.35296219126503,63.4915932912186,63.17472598292168,63.45198440551758,6045900,0.0,0.0,0.0
2024-06-26 00:00:00-04:00,63.323259455658956,63.6104144429642,63.23414134861626,63.53120422363281,5800300,0.0,0.0,0.0
2024-06-27 00:00:00-04:00,63.51139796915662,63.68963418876022,63.42228363666629,63.610416412353516,4445400,0.0,0.0,0.0
2024-06-28 00:00:00-04:00,63.729240828731236,64.08571325536286,63.23414107558983,63.37276840209961,5948200,0.0,0.0,0.0
2024-07-01 00:00:00-04:00,63.541099276606985,63.57080405248155,63.184630634178376,63.51139450073242,5417600,0.0,0.0,0.0
2024-07-02 00:00:00-04:00,63.32325202870154,63.947078704833984,63.313347919463205,63.947078704833984,6867500,0.0,0.0,0.0
2024-07-03 00:00:00-04:00,63.9074787976612,64.26395123408555,63.89757468703194,64.2243423461914,2845700,0.0,0.0,0.0
2024-07-05 00:00:00-04:00,64.26395108419295,64.64022418637528,64.1748291979833,64.61051940917969,5047400,0.0,0.0,0.0
2024-07-08 00:00:00-04:00,64.69963312489705,64.77885089974649,64.54120512982098,64.6798324584961,4716100,0.0,0.0,0.0
2024-07-09 00:00:00-04:00,64.77885267367337,64.88777522841842,64.68973834049453,64.7293472290039,4013000,0.0,0.0,0.0
2024-07-10 00:00:00-04:00,64.87786675335028,65.40267882482864,64.83826542212788,65.34326171875,5536900,0.0,0.0,0.0
2024-07-11 00:00:00-04:00,65.4026736597641,65.49178797991064,64.72933776282098,64.80854797363281,6084100,0.0,0.0,0.0
2024-07-12 00:00:00-04:00,64.94718163460156,65.6403258179709,64.89767619233261,65.20463562011719,6781200,0.0,0.0,0.0
2024-07-15 00:00:00-04:00,65.46208367175848,65.7789471811235,65.17492493598674,65.38286590576172,5424200,0.0,0.0,0.0
2024-07-16 00:00:00-04:00,65.55120318951597,65.81856128229597,65.45218475148071,65.78885650634766,3017000,0.0,0.0,0.0
2024-07-17 00:00:00-04:00,65.08581193735226,65.27394469213878,64.81845386033764,64.85806274414062,8705600,0.0,0.0,0.0
2024-07-18 00:00:00-04:00,65.04620969612621,65.16502880504696,64.09561905164578,64.35306549072266,5962900,0.0,0.0,0.0
2024-07-19 00:00:00-04:00,64.32336443037744,64.52140888106071,63.808463967847594,63.93718719482422,4101200,0.0,0.0,0.0
2024-07-22 00:00:00-04:00,64.40257956714692,64.66993012131636,64.16493379070486,64.60061645507812,7539600,0.0,0.0,0.0
2024-07-23 00:00:00-04:00,64.59071997622164,64.8283657529481,64.43228442198863,64.47189331054688,3282000,0.0,0.0,0.0
2024-07-24 00:00:00-04:00,63.90747745911375,63.94708634617828,62.917277946368806,63.01629638671875,6636500,0.0,0.0,0.0
2024-07-25 00:00:00-04:00,63.03609652075889,63.74903755262297,62.59050601502439,62.69942855834961,8745900,0.0,0.0,0.0
2024-07-26 00:00:00-04:00,63.16483006163957,63.7292435017089,63.06580784047122,63.38267517089844,5726800,0.0,0.0,0.0
2024-07-29 00:00:00-04:00,63.59061288684562,63.70943199149119,63.20443568750223,63.442081451416016,4681200,0.0,0.0,0.0
2024-07-30 00:00:00-04:00,63.620322230593594,63.7292447874205,62.71924077499594,63.11532211303711,4979300,0.0,0.0,0.0
2024-07-31 00:00:00-04:00,63.92727308240421,64.45207757401997,63.76884510126651,64.08570861816406,6645300,0.0,0.0,0.0
2024-08-01 00:00:00-04:00,64.36296915817887,64.62042315010599,62.81825653855047,63.2341423034668,7354600,0.0,0.0,0.0
2024-08-02 00:00:00-04:00,62.3924670136831,62.53109811258228,61.560699306844135,62.07560348510742,9757100,0.0,0.0,0.0
2024-08-05 00:00:00-04:00,59.57040409332881,60.97648940239578,59.431776762289424,60.24374008178711,23782300,0.0,0.0,0.0
2024-08-06 00:00:00-04:00,60.47148445064445,61.68942940830503,60.31305267836287,60.79825210571289,12407400,0.0,0.0,0.0
2024-08-07 00:00:00-04:00,61.56070106876636,61.90727315996667,60.332855804721376,60.392269134521484,8647900,0.0,0.0,0.0
2024-08-08 00:00:00-04:00,61.01609158975282,61.867663756549824,60.76854171695422,61.808250427246094,5015200,0.0,0.0,0.0
2024-08-09 00:00:00-04:00,61.70923426169979,62.243942913191916,61.560702821625945,62.045902252197266,5176000,0.0,0.0,0.0
2024-08-12 00:00:00-04:00,62.2241378528471,62.382569624610795,61.837960645255045,62.11521530151367,5901900,0.0,0.0,0.0
2024-08-13 00:00:00-04:00,62.48158885292013,63.15492483572968,62.471688519633865,63.1351203918457,4140900,0.0,0.0,0.0
2024-08-14 00:00:00-04:00,63.234141959303074,63.471787728837754,62.907374304553635,63.333160400390625,4395700,0.0,0.0,0.0
2024-08-15 00:00:00-04:00,63.986697110177126,64.44218799284607,63.9371841112384,64.41248321533203,4412300,0.0,0.0,0.0
2024-08-16 00:00:00-04:00,64.22434165830528,64.640223644805,64.20453343725892,64.55110931396484,5463700,0.0,0.0,0.0
2024-08-19 00:00:00-04:00,64.60061683237997,65.17493438720703,64.51150249867736,65.17493438720703,4093500,0.0,0.0,0.0
2024-08-20 00:00:00-04:00,65.12541907517662,65.32346351185546,64.9075815267641,65.06600952148438,3628700,0.0,0.0,0.0
2024-08-21 00:00:00-04:00,65.18483842027656,65.46209308651798,64.98679397680193,65.30365753173828,4390100,0.0,0.0,0.0
2024-08-22 00:00:00-04:00,65.52150405121502,65.59081771926589,64.64022703401545,64.77885437011719,5627600,0.0,0.0,0.0
2024-08-23 00:00:00-04:00,65.16503541381478,65.58092500108387,64.90758894862874,65.45219421386719,4452900,0.0,0.0,0.0
2024-08-26 00:00:00-04:00,65.58091332657001,65.67993176129335,65.1155183732858,65.29375457763672,3864800,0.0,0.0,0.0
2024-08-27 00:00:00-04:00,65.16503372771393,65.46209663170217,65.02640638708567,65.4026870727539,2954700,0.0,0.0,0.0
2024-08-28 00:00:00-04:00,65.36306945495559,65.41257489592826,64.64022051422799,65.02639770507812,3985300,0.0,0.0,0.0
2024-08-29 00:00:00-04:00,65.25414574853039,65.65022704238417,64.8976733395242,65.03630065917969,6107100,0.0,0.0,0.0
2024-08-30 00:00:00-04:00,65.31356094794528,65.70964227605907,64.88777484228196,65.63042449951172,3540700,0.0,0.0,0.0
2024-09-03 00:00:00-04:00,65.28386149114861,65.30366215958776,63.99659895852028,64.3035659790039,6328600,0.0,0.0,0.0
2024-09-04 00:00:00-04:00,64.07581152032628,64.57091129182128,63.99659374377758,64.155029296875,8922700,0.0,0.0,0.0
2024-09-05 00:00:00-04:00,64.15502404495997,64.49168823579724,63.72923797414544,64.0064926147461,10968700,0.0,0.0,0.0
2024-09-06 00:00:00-04:00,64.03619981084113,64.2441407991531,62.82815899018722,62.92717742919922,10756700,0.0,0.0,0.0
2024-09-09 00:00:00-04:00,63.442080769899995,63.77875252356529,63.204435008539086,63.64011764526367,6565300,0.0,0.0,0.0
2024-09-10 00:00:00-04:00,63.857962949262465,63.95698138726733,63.28364920967393,63.927276611328125,18721000,0.0,0.0,0.0
2024-09-11 00:00:00-04:00,63.907476894438496,64.67983129881553,62.88756883675119,64.56100463867188,7443300,0.0,0.0,0.0
2024-09-12 00:00:00-04:00,64.6402187591787,65.1551267027469,64.38276478739459,65.1056137084961,5771300,0.0,0.0,0.0
2024-09-13 00:00:00-04:00,65.1947401940575,65.58092500108387,65.16503541381478,65.45219421386719,8707600,0.0,0.0,0.0
2024-09-16 00:00:00-04:00,65.42248003955848,65.5908121398454,65.21453905309417,65.53140258789062,21124400,0.0,0.0,0.0
2024-09-17 00:00:00-04:00,65.80865901680113,65.9967993425777,65.31355925812406,65.58091735839844,4547100,0.0,0.0,0.0
2024-09-18 00:00:00-04:00,65.65023047692502,66.23444456109065,65.32346282580387,65.39277648925781,7911600,0.0,0.0,0.0
2024-09-19 00:00:00-04:00,66.5116958618164,66.72954095158148,66.17503167190479,66.5116958618164,7129100,0.0,0.0,0.0
2024-09-20 00:00:00-04:00,66.3433714571654,66.51170357163372,66.03641200670869,66.38298034667969,4976900,0.0,0.0,0.0
2024-09-23 00:00:00-04:00,66.51807100814854,66.62734562747872,66.36905947460362,66.55780792236328,5410600,0.216,0.0,0.0
2024-09-24 00:00:00-04:00,66.6571491876084,66.7564876877515,66.31939677131354,66.7465591430664,4700100,0.0,0.0,0.0
2024-09-25 00:00:00-04:00,66.73662485831757,66.8160986922387,66.46841014263619,66.59754943847656,4209200,0.0,0.0,0.0
2024-09-26 00:00:00-04:00,67.11411083749883,67.1339830845042,66.58760997748,66.86576080322266,4945600,0.0,0.0,0.0
2024-09-27 00:00:00-04:00,66.99490880461113,67.0843111805225,66.6472126875112,66.77635955810547,4683100,0.0,0.0,0.0
2024-09-30 00:00:00-04:00,66.65714780073877,67.10418241064428,66.37899697450862,67.06444549560547,5200100,0.0,0.0,0.0
2024-10-01 00:00:00-04:00,67.00483640943436,67.00483640943436,66.13064701471477,66.4385986328125,6024700,0.0,0.0,0.0
2024-10-02 00:00:00-04:00,66.32932633226409,66.58761249982686,66.05117549598505,66.4584732055664,4035500,0.0,0.0,0.0
2024-10-03 00:00:00-04:00,66.29952434823447,66.56774663485623,66.07104655641477,66.34919738769531,8540300,0.0,0.0,0.0
2024-10-04 00:00:00-04:00,66.86576237424907,66.99490924569362,66.38893454149893,66.94523620605469,5640200,0.0,0.0,0.0
2024-10-07 00:00:00-04:00,66.7564928491154,66.82603056249614,66.21012726656457,66.32933044433594,5832700,0.0,0.0,0.0
2024-10-08 00:00:00-04:00,66.63728953531697,67.03465114484247,66.54787957312864,66.9551773071289,5004300,0.0,0.0,0.0
2024-10-09 00:00:00-04:00,66.95517406410812,67.50153961908006,66.89556489918901,67.42207336425781,4931700,0.0,0.0,0.0
2024-10-10 00:00:00-04:00,67.27306063015774,67.49160987989617,67.12404908905957,67.31279754638672,6338300,0.0,0.0,0.0
2024-10-11 00:00:00-04:00,67.3028589077912,67.79955897353136,67.29292278434478,67.72008514404297,3996000,0.0,0.0,0.0
2024-10-14 00:00:00-04:00,67.91876808216702,68.37573122215855,67.87903116837975,68.2664566040039,3483700,0.0,0.0,0.0
2024-10-15 00:00:00-04:00,68.29626138423326,68.33599830034183,67.60088429993777,67.73995971679688,8027500,0.0,0.0,0.0
2024-10-16 00:00:00-04:00,67.74989215192804,68.09758829308323,67.65055364547321,68.03797912597656,7550200,0.0,0.0,0.0
2024-10-17 00:00:00-04:00,68.4651361877636,68.48500843493079,68.02804527762679,68.05784606933594,5544700,0.0,0.0,0.0
2024-10-18 00:00:00-04:00,68.24659160616723,68.3956031539359,68.08765151317824,68.2962646484375,3963300,0.0,0.0,0.0
2024-10-21 00:00:00-04:00,68.206858425949,68.32606159421695,67.83929763935878,68.1969223022461,5102800,0.0,0.0,0.0
2024-10-22 00:00:00-04:00,67.88896611692061,68.28632771323743,67.81942840599332,68.15718841552734,6538500,0.0,0.0,0.0
2024-10-23 00:00:00-04:00,67.91877465524753,67.96844011800715,67.11411533650401,67.5313491821289,8936400,0.0,0.0,0.0
2024-10-24 00:00:00-04:00,67.76976121425926,67.76976121425926,67.37239962808083,67.68035125732422,5644400,0.0,0.0,0.0
2024-10-25 00:00:00-04:00,67.95850738834015,68.28632367530305,67.55120969196334,67.66048431396484,6449900,0.0,0.0,0.0
2024-10-28 00:00:00-04:00,68.06777948968093,68.06777948968093,67.82936555988819,67.86910247802734,3796800,0.0,0.0,0.0
2024-10-29 00:00:00-04:00,67.74988530361564,68.10750995393725,67.5909452251624,67.9783706665039,4800800,0.0,0.0,0.0
2024-10-30 00:00:00-04:00,67.9187743299267,68.15718825554033,67.70022507351335,67.75982666015625,4816800,0.0,0.0,0.0
2024-10-31 00:00:00-04:00,67.25318644442714,67.2631225679585,66.41873396479137,66.4385986328125,9754700,0.0,0.0,0.0
2024-11-01 00:00:00-04:00,66.75648806507574,67.24325960289922,66.67702181193715,66.71675872802734,7367400,0.0,0.0,0.0
2024-11-04 00:00:00-05:00,66.7366225280148,66.89556261126526,66.35913319863349,66.57767486572266,5701900,0.0,0.0,0.0
2024-11-05 00:00:00-05:00,66.69688596622346,67.38233450017123,66.66708517414604,67.37239837646484,3727400,0.0,0.0,0.0
2024-11-06 00:00:00-05:00,68.86249818901494,69.16052126603918,68.405535028875,69.0512466430664,8856200,0.0,0.0,0.0
2024-11-07 00:00:00-05:00,69.30953112512644,69.71682885979259,69.29960257967775,69.59761810302734,5149500,0.0,0.0,0.0
2024-11-08 00:00:00-05:00,69.66714949200014,70.0645110661028,69.65722094745276,69.90557098388672,5403300,0.0,0.0,0.0
2024-11-11 00:00:00-05:00,70.09431376013926,70.12411455267343,69.75656133936269,69.95523834228516,4797500,0.0,0.0,0.0
2024-11-12 00:00:00-05:00,69.96517440589838,70.02477599091544,69.45853819612795,69.75656127929688,5570900,0.0,0.0,0.0
2024-11-13 00:00:00-05:00,69.80622636288689,70.02477561215642,69.5280755289227,69.78636169433594,6339800,0.0,0.0,0.0
2024-11-14 00:00:00-05:00,69.80622694852804,69.85589998888486,69.25986139981228,69.32939910888672,6745600,0.0,0.0,0.0
2024-11-15 00:00:00-05:00,68.9121686414849,68.96183409976356,68.23665626075571,68.43533325195312,6511300,0.0,0.0,0.0
2024-11-18 00:00:00-05:00,68.50487756003945,68.89230303554778,68.40553905486537,68.72342681884766,7419600,0.0,0.0,0.0
2024-11-19 00:00:00-05:00,68.31612089118553,69.07110708212227,68.23665464401421,68.98170471191406,5668800,0.0,0.0,0.0
2024-11-20 00:00:00-05:00,68.98171196314566,69.03137742546832,68.32606419653351,69.01151275634766,6802400,0.0,0.0,0.0
2024-11-21 00:00:00-05:00,69.3393322043097,69.53800919897587,68.65388368834078,69.36913299560547,6652200,0.0,0.0,0.0
2024-11-22 00:00:00-05:00,69.37906392701653,69.65722233977743,69.31946234237438,69.58768463134766,5002300,0.0,0.0,0.0
2024-11-25 00:00:00-05:00,70.05457336516622,70.20358489947978,69.55787330348198,69.82609558105469,6049000,0.0,0.0,0.0
2024-11-26 00:00:00-05:00,69.97510498651134,70.27312046703045,69.89563116008975,70.20358276367188,5298200,0.0,0.0,0.0
2024-11-27 00:00:00-05:00,70.16385380037407,70.21352684227608,69.79630057485078,69.97511291503906,5239600,0.0,0.0,0.0
2024-11-29 00:00:00-05:00,70.07444587075899,70.50160822854708,70.054573623955,70.42213439941406,5772200,0.0,0.0,0.0
2024-12-02 00:00:00-05:00,70.4718059846673,70.62080993741823,70.40226828036974,70.54134368896484,6512500,0.0,0.0,0.0
2024-12-03 00:00:00-05:00,70.53141481556659,70.6108886512303,70.39233939267616,70.57115173339844,4288100,0.0,0.0,0.0
2024-12-04 00:00:00-05:00,70.78969543198804,71.03804546464961,70.70028547912828,71.01817321777344,6231300,0.0,0.0,0.0
2024-12-05 00:00:00-05:00,71.00824618063112,71.10758467999605,70.85923464206287,70.89897155761719,4440500,0.0,0.0,0.0
2024-12-06 00:00:00-05:00,70.98837205058263,71.1771204996992,70.93870659173822,71.0479736328125,5825800,0.0,0.0,0.0
2024-12-09 00:00:00-05:00,71.0281061091899,71.03804223217587,70.59100764630172,70.6605453491211,3678100,0.0,0.0,0.0
2024-12-10 00:00:00-05:00,70.74002713634081,70.77976405371567,70.3625377898428,70.43207550048828,8520500,0.0,0.0,0.0
2024-12-11 00:00:00-05:00,70.7897034152107,71.09765506514664,70.76983116609344,70.9883804321289,4317700,0.0,0.0,0.0
2024-12-12 00:00:00-05:00,70.89897486120574,70.95857644779355,70.63075256347656,70.63075256347656,6836800,0.0,0.0,0.0
2024-12-13 00:00:00-05:00,70.85923295003501,70.95857144702785,70.4420067152401,70.62081146240234,8844600,0.0,0.0,0.0
2024-12-16 00:00:00-05:00,70.82943877170827,71.02811578424311,70.73009268639863,70.90890502929688,8370100,0.0,0.0,0.0
2024-12-17 00:00:00-05:00,70.6108829180321,70.7201575384367,70.46187138302207,70.62081146240234,9288900,0.0,0.0,0.0
2024-12-18 00:00:00-05:00,70.59101916355851,70.86917002021764,68.47507936479376,68.51481628417969,13159000,0.0,0.0,0.0
2024-12-19 00:00:00-05:00,69.11085257245074,69.28966491410043,68.47507704192789,68.49494171142578,16995100,0.0,0.0,0.0
2024-12-20 00:00:00-05:00,68.2068603833454,69.83603608145643,68.11745042553683,69.2697982788086,8791200,0.0,0.0,0.0
2024-12-23 00:00:00-05:00,69.27972355221665,69.79629586861446,68.89229810443909,69.73668670654297,6452100,0.0,0.0,0.0
2024-12-24 00:00:00-05:00,69.88569935493635,70.50161017919608,69.81616164728135,70.47180938720703,2856500,0.0,0.0,0.0
2024-12-26 00:00:00-05:00,70.29299668039651,70.64068521681249,70.12411289495874,70.5016098022461,4000200,0.0,0.0,0.0
2024-12-27 00:00:00-05:00,70.06204013636535,70.0819719273863,69.27460130964006,69.77297973632812,4828400,0.239,0.0,0.0
2024-12-30 00:00:00-05:00,68.9357070969771,69.37427493791039,68.52703314001857,68.97557067871094,6715100,0.0,0.0,0.0
2024-12-31 00:00:00-05:00,69.17493029554382,69.24470297427162,68.53700648870337,68.71642303466797,7009000,0.0,0.0,0.0
2025-01-02 00:00:00-05:00,69.10515557068106,69.30450390267184,68.06852751409596,68.54696655273438,11112000,0.0,0.0,0.0
2025-01-03 00:00:00-05:00,68.88586460309604,69.4839171755942,68.76625104673599,69.4041748046875,5382000,0.0,0.0,0.0
2025-01-06 00:00:00-05:00,69.90255349520224,70.32119714180975,69.60353101008381,69.8028793334961,6362200,0.0,0.0,0.0
2025-01-07 00:00:00-05:00,70.05206800798177,70.0919391932916,68.80612198449134,69.04534149169922,8444900,0.0,0.0,0.0
2025-01-08 00:00:00-05:00,69.04534536118204,69.24470129890355,68.6167396008951,69.10515594482422,8777400,0.0,0.0,0.0
2025-01-10 00:00:00-05:00,68.69648324707467,68.69648324707467,67.83927171063979,68.07849884033203,8750400,0.0,0.0,0.0
2025-01-13 00:00:00-05:00,67.51034589591704,68.21804235838336,67.46050501074491,68.18814086914062,10792700,0.0,0.0,0.0
2025-01-14 00:00:00-05:00,68.51706298492523,68.5968053571631,67.81933623947177,68.2579116821289,7405900,0.0,0.0,0.0
2025-01-15 00:00:00-05:00,69.22476024665798,69.6434039035317,69.08521489591715,69.49388885498047,6905600,0.0,0.0,0.0
2025-01-16 00:00:00-05:00,69.68327500204187,69.68327500204187,69.2945328344395,69.37427520751953,4115200,0.0,0.0,0.0
2025-01-17 00:00:00-05:00,69.99226955868656,70.28132996738776,69.84275450526849,70.06204223632812,3979500,0.0,0.0,0.0
2025-01-21 00:00:00-05:00,70.4308397303198,70.70993041992188,70.20158231834613,70.70993041992188,12447500,0.0,0.0,0.0
2025-01-22 00:00:00-05:00,71.048824344103,71.27808175691422,70.98902136887006,71.10862731933594,8732400,0.0,0.0,0.0
2025-01-23 00:00:00-05:00,71.03886062407814,71.49737548828125,70.99899704033594,71.49737548828125,5222700,0.0,0.0,0.0
2025-01-24 00:00:00-05:00,71.51730331371341,71.6169774768441,71.15847024272199,71.27808380126953,9425900,0.0,0.0,0.0
2025-01-27 00:00:00-05:00,69.74307857406983,70.31122967896874,69.73310887618702,70.29129028320312,9045400,0.0,0.0,0.0
2025-01-28 00:00:00-05:00,70.4109042504428,70.98902505656298,70.03213937987339,70.88935089111328,4712400,0.0,0.0,0.0
2025-01-29 00:00:00-05:00,70.78966891543732,70.83950980034311,70.27135869381323,70.57038879394531,4662500,0.0,0.0,0.0
2025-01-30 00:00:00-05:00,70.80960854555471,71.1285704379137,70.44080576812503,70.9292221069336,6473500,0.0,0.0,0.0
2025-01-31 00:00:00-05:00,71.23821406563543,71.52727446785609,70.48067672204515,70.57038879394531,7295300,0.0,0.0,0.0
2025-02-03 00:00:00-05:00,69.49388733595502,70.38100030540991,69.24469812870025,70.08197021484375,10211700,0.0,0.0,0.0
2025-02-04 00:00:00-05:00,70.09194024667585,70.62022015183094,70.04209936312678,70.56041717529297,5342200,0.0,0.0,0.0
2025-02-05 00:00:00-05:00,70.44080759583949,70.86941336275387,70.19161837332302,70.85944366455078,11551200,0.0,0.0,0.0
2025-02-06 00:00:00-05:00,71.0488300729924,71.11860275127381,70.67006519155782,71.09867095947266,4584400,0.0,0.0,0.0
2025-02-07 00:00:00-05:00,71.16844130219937,71.30798665418268,70.36106307469433,70.45077514648438,5876100,0.0,0.0,0.0
2025-02-10 00:00:00-05:00,70.82953841851392,70.99899286037417,70.68003097665365,70.91925048828125,4843300,0.0,0.0,0.0
2025-02-11 00:00:00-05:00,70.66009349892761,71.03885836967143,70.65012380098264,70.96908569335938,3029600,0.0,0.0,0.0
2025-02-12 00:00:00-05:00,70.27135502146453,70.87937728321381,70.19161265164308,70.74980163574219,7367800,0.0,0.0,0.0
2025-02-13 00:00:00-05:00,70.87938347515448,71.51730728015235,70.73983811810191,71.49737548828125,6285100,0.0,0.0,0.0
2025-02-14 00:00:00-05:00,71.52727505695165,71.64688101426847,71.4276008909705,71.4874038696289,3909500,0.0,0.0,0.0
2025-02-18 00:00:00-05:00,71.63692095762961,71.69672393798828,71.33789084653303,71.69672393798828,6477100,0.0,0.0,0.0
2025-02-19 00:00:00-05:00,71.53723358559935,71.90603634646878,71.47743060992092,71.86616516113281,3591300,0.0,0.0,0.0
2025-02-20 00:00:00-05:00,71.70669165468456,71.72662344603611,71.18837382372752,71.56714630126953,4717300,0.0,0.0,0.0
2025-02-21 00:00:00-05:00,71.55717385696634,71.55717385696634,70.30125811978056,70.3610610961914,7551300,0.0,0.0,0.0
2025-02-24 00:00:00-05:00,70.59031638517372,70.70992993904012,69.9424229432031,70.03213500976562,6318500,0.0,0.0,0.0
2025-02-25 00:00:00-05:00,70.02216698584039,70.10190935699035,69.13505401958759,69.68327331542969,11745400,0.0,0.0,0.0
2025-02-26 00:00:00-05:00,69.88262354015907,70.30125959311081,69.40417690489188,69.6932373046875,6603400,0.0,0.0,0.0
2025-02-27 00:00:00-05:00,69.99226474043586,70.12184038866408,68.55693249387268,68.60677337646484,11242900,0.0,0.0,0.0
2025-02-28 00:00:00-05:00,68.65661112981175,69.73311038490613,68.2977780447803,69.66333770751953,8674800,0.0,0.0,0.0
2025-03-03 00:00:00-05:00,69.89259631214713,70.0421037628835,67.9987566880865,68.4771957397461,11575700,0.0,0.0,0.0
2025-03-04 00:00:00-05:00,67.97881105103703,68.63667419249106,67.11163749776698,67.64988708496094,15305800,0.0,0.0,0.0
2025-03-05 00:00:00-05:00,67.6100182794741,68.57687363097764,67.20134432485871,68.37751770019531,13822900,0.0,0.0,0.0
2025-03-06 00:00:00-05:00,67.4804322989355,68.01868188334042,66.85247825278853,67.17144012451172,11780700,0.0,0.0,0.0
2025-03-07 00:00:00-05:00,66.94219057366418,67.68975817629332,66.33416831515372,67.5302734375,12978500,0.0,0.0,0.0
2025-03-10 00:00:00-04:00,66.55345485562798,66.77274259033491,65.13806188298523,65.73611450195312,14440300,0.0,0.0,0.0
2025-03-11 00:00:00-04:00,65.58660481241193,65.98530147501637,64.7293932994399,65.20783233642578,14192400,0.0,0.0,0.0
2025-03-12 00:00:00-04:00,65.91553093586207,66.02517480302882,64.92874373601282,65.5367660522461,13500200,0.0,0.0,0.0
2025-03-13 00:00:00-04:00,65.48691882539876,65.54672940465932,64.46026053646136,64.6695785522461,10597900,0.0,0.0,0.0
2025-03-14 00:00:00-04:00,65.20782905724518,66.10491171229529,65.14802608179217,65.98529815673828,5710500,0.0,0.0,0.0
2025-03-17 00:00:00-04:00,65.9753401926334,66.8026426218925,65.94543870303566,66.48368072509766,8364900,0.0,0.0,0.0
2025-03-18 00:00:00-04:00,66.23448916537379,66.24445886310461,65.55669420805125,65.7959213256836,7941500,0.0,0.0,0.0
2025-03-19 00:00:00-04:00,65.99527198414805,66.942195581101,65.84575693150795,66.48368072509766,17009100,0.0,0.0,0.0
2025-03-20 00:00:00-04:00,66.05507107952522,66.89235076228962,65.98529840634912,66.34413146972656,8442700,0.0,0.0,0.0
2025-03-21 00:00:00-04:00,65.76602019810356,66.43384546136069,65.62646724305982,66.3541030883789,6516600,0.0,0.0,0.0
2025-03-24 00:00:00-04:00,67.13157298529092,67.63992111308137,67.0717700071925,67.51034545898438,7825500,0.0,0.0,0.0
2025-03-25 00:00:00-04:00,67.66982077184927,67.78943432946221,67.48043454012492,67.65985107421875,9865100,0.0,0.0,0.0
2025-03-26 00:00:00-04:00,67.62994714351085,67.769492486694,66.70296301827942,66.89234924316406,6739100,0.0,0.0,0.0
2025-03-27 00:00:00-04:00,66.7129325833076,67.14153830927793,66.43384189749453,66.69300079345703,21847900,0.0,0.0,0.0
2025-03-28 00:00:00-04:00,66.5,66.5999984741211,65.27999877929688,65.37000274658203,11661900,0.217,0.0,0.0
2025-03-31 00:00:00-04:00,64.66000366210938,65.93000030517578,64.31999969482422,65.76000213623047,12796000,0.0,0.0,0.0
2025-04-01 00:00:00-04:00,65.55000305175781,66.19999694824219,65.11000061035156,65.98999786376953,9564100,0.0,0.0,0.0
2025-04-02 00:00:00-04:00,65.27999877929688,66.72000122070312,65.26000213623047,66.38999938964844,17441200,0.0,0.0,0.0
2025-04-03 00:00:00-04:00,64.11000061035156,64.44000244140625,63.15999984741211,63.2400016784668,13124000,0.0,0.0,0.0
2025-04-04 00:00:00-04:00,61.58000183105469,61.84000015258789,59.400001525878906,59.45000076293945,24547800,0.0,0.0,0.0
2025-04-07 00:00:00-04:00,57.5099983215332,61.52000045776367,56.66999816894531,59.33000183105469,61068800,0.0,0.0,0.0
2025-04-08 00:00:00-04:00,61.380001068115234,61.7400016784668,57.540000915527344,58.40999984741211,35064400,0.0,0.0,0.0
2025-04-09 00:00:00-04:00,58.040000915527344,64.25,57.9900016784668,63.93000030517578,36759700,0.0,0.0,0.0
2025-04-10 00:00:00-04:00,62.59000015258789,62.7400016784668,59.93000030517578,61.70000076293945,27605900,0.0,0.0,0.0
2025-04-11 00:00:00-04:00,61.5099983215332,63.09000015258789,61.16999816894531,62.79999923706055,12817200,0.0,0.0,0.0
2025-04-14 00:00:00-04:00,63.97999954223633,64.0199966430664,62.790000915527344,63.380001068115234,11503600,0.0,0.0,0.0
2025-04-15 00:00:00-04:00,63.47999954223633,63.88999938964844,63.130001068115234,63.220001220703125,8413600,0.0,0.0,0.0
2025-04-16 00:00:00-04:00,62.529998779296875,62.93000030517578,61.189998626708984,61.83000183105469,9793300,0.0,0.0,0.0
2025-04-17 00:00:00-04:00,62.040000915527344,62.470001220703125,61.619998931884766,61.91999816894531,20001200,0.0,0.0,0.0
2025-04-21 00:00:00-04:00,61.290000915527344,61.349998474121094,59.810001373291016,60.459999084472656,9368100,0.0,0.0,0.0
2025-04-22 00:00:00-04:00,61.16999816894531,62.2400016784668,61.060001373291016,61.970001220703125,9694700,0.0,0.0,0.0
2025-04-23 00:00:00-04:00,63.54999923706055,64.12999725341797,62.790000915527344,62.970001220703125,11120600,0.0,0.0,0.0
2025-04-24 00:00:00-04:00,63.13999938964844,64.37000274658203,62.9900016784668,64.27999877929688,6923900,0.0,0.0,0.0
