Date,Open,High,Low,Close,Volume,Dividends,Stock Splits,Capital Gains
2020-03-13 00:00:00-04:00,243.91716556293562,251.69575319668994,230.40896982633384,249.6931610107422,329566100,0.0,0.0,0.0
2020-03-16 00:00:00-04:00,223.6038822393048,238.17828064921406,220.06227397206484,222.37081909179688,297240000,0.0,0.0,0.0
2020-03-17 00:00:00-04:00,227.1825652688413,237.50147890148386,219.79339653886174,234.37705993652344,262070500,0.0,0.0,0.0
2020-03-18 00:00:00-04:00,219.03318572044373,230.26993129265028,211.40295425941295,222.50990295410156,327597100,0.0,0.0,0.0
2020-03-19 00:00:00-04:00,221.81450963937905,229.35203543435006,215.29682632905443,222.98268127441406,289322000,0.0,0.0,0.0
2020-03-20 00:00:00-04:00,226.17771121702543,227.98691137437177,213.09366788939272,213.37344360351562,347158800,1.406,0.0,0.0
2020-03-23 00:00:00-04:00,212.8045507552266,214.19408009070773,203.54406232495595,207.9178466796875,326025200,0.0,0.0,0.0
2020-03-24 00:00:00-04:00,218.61450391829229,227.64184863747488,218.03631124687172,226.75588989257812,235494500,0.0,0.0,0.0
2020-03-25 00:00:00-04:00,228.3599223786975,239.06590706452997,223.5851369380366,230.1504669189453,299430300,0.0,0.0,0.0
2020-03-26 00:00:00-04:00,232.69640105498817,245.08099675224295,232.2580891333931,243.58889770507812,257632800,0.0,0.0,0.0
2020-03-27 00:00:00-04:00,236.19358483421166,243.2252033197618,234.1232644732971,236.33346557617188,224341200,0.0,0.0,0.0
2020-03-30 00:00:00-04:00,238.45971965339606,244.7359531833572,236.4360311074794,244.008544921875,171369500,0.0,0.0,0.0
2020-03-31 00:00:00-04:00,242.99202705038826,245.57525260936177,238.94465017973812,240.37149047851562,194881100,0.0,0.0,0.0
2020-04-01 00:00:00-04:00,231.2602508618741,240.28759621981686,227.4553381139793,229.5536346435547,189554600,0.0,0.0,0.0
2020-04-02 00:00:00-04:00,228.6583272231386,235.64331282963414,228.09877589320072,234.8506317138672,177660400,0.0,0.0,0.0
2020-04-03 00:00:00-04:00,233.8527985965166,236.24020557889955,228.68633280233766,231.45608520507812,135561200,0.0,0.0,0.0
2020-04-06 00:00:00-04:00,240.45546108665715,248.9978631011281,231.4374502991695,247.00213623046875,188061200,0.0,0.0,0.0
2020-04-07 00:00:00-04:00,255.72170050736804,256.48641978789095,247.03011233789096,247.25392150878906,201427200,0.0,0.0,0.0
2020-04-08 00:00:00-04:00,249.89305928781945,257.3909783655171,247.36578627338196,255.55380249023438,153774500,0.0,0.0,0.0
2020-04-09 00:00:00-04:00,258.86440598833883,262.2403546551646,256.89668449868407,259.442626953125,189999200,0.0,0.0,0.0
2020-04-13 00:00:00-04:00,258.45413635348916,258.79918493331627,253.11046542005838,257.07391357421875,114839100,0.0,0.0,0.0
2020-04-14 00:00:00-04:00,262.03531597570884,265.6909993706823,256.93412214621543,264.6558532714844,134143400,0.0,0.0,0.0
2020-04-15 00:00:00-04:00,258.85521788905936,264.7957245378407,256.88746704010765,259.03240966796875,121775000,0.0,0.0,0.0
2020-04-16 00:00:00-04:00,260.32869140973224,261.1493631796973,257.1672722731313,260.2820739746094,131798300,0.0,0.0,0.0
2020-04-17 00:00:00-04:00,266.1386045310239,267.92913492449776,263.35951716744296,267.31365966796875,146684800,0.0,0.0,0.0
2020-04-20 00:00:00-04:00,263.55534344495436,267.4535335494662,262.38031679810956,262.6041259765625,100109300,0.0,0.0,0.0
2020-04-21 00:00:00-04:00,258.0718391760374,259.2935118022099,253.6793844917386,254.63063049316406,126385700,0.0,0.0,0.0
2020-04-22 00:00:00-04:00,259.5826416879309,262.053963408867,258.23972942071043,260.2820739746094,92951600,0.0,0.0,0.0
2020-04-23 00:00:00-04:00,261.57833329550306,264.7957331114833,259.95565954134184,260.2633972167969,104709700,0.0,0.0,0.0
2020-04-24 00:00:00-04:00,261.80215150389427,264.57190421689205,259.7224961366366,263.89111328125,85063200,0.0,0.0,0.0
2020-04-27 00:00:00-04:00,265.8961186708733,268.833727976625,265.42983057599315,267.69598388671875,77896600,0.0,0.0,0.0
2020-04-28 00:00:00-04:00,271.3983037311806,271.75268722543615,266.1572302676305,266.4649963378906,105270000,0.0,0.0,0.0
2020-04-29 00:00:00-04:00,271.8739525611851,274.9980886853594,270.8294717165585,273.440673828125,118745600,0.0,0.0,0.0
2020-04-30 00:00:00-04:00,272.04179538488586,273.54325786635394,269.13216219392785,270.8947448730469,122901700,0.0,0.0,0.0
2020-05-01 00:00:00-04:00,266.07325632359897,271.06254361634865,262.5387853142733,263.7231750488281,125180000,0.0,0.0,0.0
2020-05-04 00:00:00-04:00,261.8114161477234,264.7583601620697,260.3099822247622,264.45062255859375,80873200,0.0,0.0,0.0
2020-05-05 00:00:00-04:00,267.3137137339594,269.74772448424875,264.58124324443554,266.89404296875,79569900,0.0,0.0,0.0
2020-05-06 00:00:00-04:00,268.6192185807688,269.01088459172803,264.64643542411864,265.0847473144531,73632600,0.0,0.0,0.0
2020-05-07 00:00:00-04:00,268.34876493868796,270.24189322800635,267.7705723271666,268.2834777832031,75250400,0.0,0.0,0.0
2020-05-08 00:00:00-04:00,271.4636116112568,273.1982181997466,270.31653260177217,272.72259521484375,76452400,0.0,0.0,0.0
2020-05-11 00:00:00-04:00,270.7641962542748,274.17742888621797,270.3352191302512,272.778564453125,79514200,0.0,0.0,0.0
2020-05-12 00:00:00-04:00,273.9815825882423,274.4012248219,267.20173508258847,267.3416442871094,95870800,0.0,0.0,0.0
2020-05-13 00:00:00-04:00,266.77274625045317,267.8265619130313,260.15144951971445,262.61346435546875,144721100,0.0,0.0,0.0
2020-05-14 00:00:00-04:00,260.1421274300295,265.8867714472554,254.58395310614455,265.7562255859375,121977900,0.0,0.0,0.0
2020-05-15 00:00:00-04:00,263.3314989264311,267.02449217512526,262.3709467178578,266.9778747558594,111146300,0.0,0.0,0.0
2020-05-18 00:00:00-04:00,273.29142001974003,276.7419630406266,272.96504114638316,275.1099548339844,119703800,0.0,0.0,0.0
2020-05-19 00:00:00-04:00,274.50380712527533,276.23838517730223,272.26562996202875,272.2842712402344,95189300,0.0,0.0,0.0
2020-05-20 00:00:00-04:00,275.8747051274388,277.78647500066535,275.64156107168105,276.90985107421875,85861700,0.0,0.0,0.0
2020-05-21 00:00:00-04:00,276.7793320843429,277.6000037939128,273.88833982016575,274.99810791015625,78293900,0.0,0.0,0.0
2020-05-22 00:00:00-04:00,274.7089575097548,275.6974859309924,273.44997404196266,275.5202941894531,63958200,0.0,0.0,0.0
2020-05-26 00:00:00-04:00,281.57273442332837,281.81521335042993,275.5389650740478,278.9148864746094,88951400,0.0,0.0,0.0
2020-05-27 00:00:00-04:00,281.74991401022817,283.10216086991176,276.8538890120153,283.0648498535156,104817400,0.0,0.0,0.0
2020-05-28 00:00:00-04:00,284.1093236697002,286.1516677528395,281.8618116913607,282.5426025390625,90405200,0.0,0.0,0.0
2020-05-29 00:00:00-04:00,282.06696830607984,284.3984086310391,279.2785747846173,283.80157470703125,119090800,0.0,0.0,0.0
2020-06-01 00:00:00-04:00,283.14877372847593,285.5641426067737,282.6265333472205,284.9486389160156,55758300,0.0,0.0,0.0
2020-06-02 00:00:00-04:00,285.88120407905984,287.35469031653145,284.52898575324014,287.30804443359375,74267200,0.0,0.0,0.0
2020-06-03 00:00:00-04:00,289.3223919374753,292.10147888211145,289.04263049940863,291.131591796875,92567600,0.0,0.0,0.0
2020-06-04 00:00:00-04:00,290.13376879109785,291.8963514751666,288.24064023782057,290.3669128417969,75794400,0.0,0.0,0.0
2020-06-05 00:00:00-04:00,295.84117668145115,299.60876427400115,295.7758895129743,297.80889892578125,150524700,0.0,0.0,0.0
2020-06-08 00:00:00-04:00,298.6295128949362,301.6044328611448,298.07929642400245,301.4085998535156,73641200,0.0,0.0,0.0
2020-06-09 00:00:00-04:00,298.7041206421371,301.48320773267557,297.82749681022113,299.1611022949219,77479200,0.0,0.0,0.0
2020-06-10 00:00:00-04:00,299.7486683177794,300.65326841119503,296.7644129584786,297.4918212890625,95000800,0.0,0.0,0.0
2020-06-11 00:00:00-04:00,290.4601307140725,291.10361047013225,279.7821519385161,280.3416748046875,209243600,0.0,0.0,0.0
2020-06-12 00:00:00-04:00,287.45728617117777,288.2406467841215,278.4672661712322,283.6990051269531,194678900,0.0,0.0,0.0
2020-06-15 00:00:00-04:00,277.9263123051004,287.4945519651712,276.7326160645818,286.34747314453125,135782700,0.0,0.0,0.0
2020-06-16 00:00:00-04:00,294.20914954279255,294.3583651498472,286.92573170449174,291.8590393066406,137627500,0.0,0.0,0.0
2020-06-17 00:00:00-04:00,292.8943022857074,293.1927335900904,289.90071128982356,290.64678955078125,83398900,0.0,0.0,0.0
2020-06-18 00:00:00-04:00,289.10792598735975,291.243504766066,288.64163793716756,290.7585754394531,80828700,0.0,0.0,0.0
2020-06-19 00:00:00-04:00,294.27682512221,294.4735199564145,287.12057481652477,289.09698486328125,135549600,1.366,0.0,0.0
2020-06-22 00:00:00-04:00,288.4880651033334,291.3543036269551,287.32659104636923,290.9515380859375,74649400,0.0,0.0,0.0
2020-06-23 00:00:00-04:00,293.6398372643726,294.5858933186403,291.878874091569,292.291015625,68471200,0.0,0.0,0.0
2020-06-24 00:00:00-04:00,290.22096314675923,290.8485514007504,282.97106821028643,284.8350524902344,132813500,0.0,0.0,0.0
2020-06-25 00:00:00-04:00,284.25428777629224,288.1602560504221,282.2029562387228,287.88861083984375,89468000,0.0,0.0,0.0
2020-06-26 00:00:00-04:00,286.7739412119946,286.9893878943907,280.46072740182217,281.0508117675781,127961000,0.0,0.0,0.0
2020-06-29 00:00:00-04:00,282.3247472879432,285.32210640285064,280.00177039109366,285.1816101074219,79773300,0.0,0.0,0.0
2020-06-30 00:00:00-04:00,284.74130821537375,290.55811086462234,284.58208864312786,288.8345947265625,113394800,0.0,0.0,0.0
2020-07-01 00:00:00-04:00,289.96808116405305,292.1411859745126,289.49974108862006,290.85791015625,72396500,0.0,0.0,0.0
2020-07-02 00:00:00-04:00,294.34230201160415,295.7098753370063,291.78518401074354,292.4595947265625,69344200,0.0,0.0,0.0
2020-07-06 00:00:00-04:00,296.3374906362472,297.56453933000677,295.5787820114098,296.97442626953125,61713800,0.0,0.0,0.0
2020-07-07 00:00:00-04:00,295.41013164786364,297.41461190670697,293.5273957727805,293.91143798828125,82910000,0.0,0.0,0.0
2020-07-08 00:00:00-04:00,294.6889510886178,296.27194295150696,292.8999170185758,296.1595458984375,54638600,0.0,0.0,0.0
2020-07-09 00:00:00-04:00,296.77770515573906,297.02125111727224,291.00775258749655,294.4734802246094,83354200,0.0,0.0,0.0
2020-07-10 00:00:00-04:00,294.4078848731904,297.75183929229576,292.9560423252227,297.4801940917969,57550400,0.0,0.0,0.0
2020-07-13 00:00:00-04:00,299.8593725900978,302.2759944095166,294.2392925972862,294.9043273925781,102997500,0.0,0.0,0.0
2020-07-14 00:00:00-04:00,293.4619372469703,299.5129127867665,292.24426424669514,298.7261047363281,93657000,0.0,0.0,0.0
2020-07-15 00:00:00-04:00,301.9950280600007,302.58514108410617,299.053838887541,301.4704895019531,87196500,0.0,0.0,0.0
2020-07-16 00:00:00-04:00,299.5409200512278,300.93656417314014,298.8852325846452,300.47760009765625,54622500,0.0,0.0,0.0
2020-07-17 00:00:00-04:00,301.49856607942473,302.1448775728989,299.49405713787746,301.34869384765625,62774900,0.0,0.0,0.0
2020-07-20 00:00:00-04:00,301.07709924854146,304.542827300873,300.3183906000122,303.78411865234375,56308800,0.0,0.0,0.0
2020-07-21 00:00:00-04:00,305.7791496451555,306.22873768036004,303.4280740653295,304.4303283691406,57292200,0.0,0.0,0.0
2020-07-22 00:00:00-04:00,304.0650842845653,306.481734908923,303.9526872481221,306.1632385253906,57792900,0.0,0.0,0.0
2020-07-23 00:00:00-04:00,305.79797997273573,306.509866057885,301.1239550146999,302.5102233886719,75738000,0.0,0.0,0.0
2020-07-24 00:00:00-04:00,300.62746411034294,301.6015907506285,299.035096640898,300.5618896484375,73766600,0.0,0.0,0.0
2020-07-27 00:00:00-04:00,301.2644053137518,302.93169463863757,300.4588456164485,302.75372314453125,48293000,0.0,0.0,0.0
2020-07-28 00:00:00-04:00,302.01372396724446,303.14712734269153,300.5337821524394,300.8335266113281,57495000,0.0,0.0,0.0
2020-07-29 00:00:00-04:00,301.72334633008643,305.1047758745193,301.6858711275575,304.53338623046875,48454200,0.0,0.0,0.0
2020-07-30 00:00:00-04:00,301.51731023005146,303.86838636404417,299.4004326998644,303.4468688964844,61861700,0.0,0.0,0.0
2020-07-31 00:00:00-04:00,305.26402002756305,305.9478067490246,300.983385374377,305.8447570800781,84986800,0.0,0.0,0.0
2020-08-03 00:00:00-04:00,307.5307980554894,308.7484706752371,306.9781602612835,307.9710388183594,53077900,0.0,0.0,0.0
2020-08-04 00:00:00-04:00,307.099876162108,309.16058349609375,307.099876162108,309.16058349609375,41917900,0.0,0.0,0.0
2020-08-05 00:00:00-04:00,310.4813806131665,311.34313895682857,310.20973535692804,311.0808410644531,42697700,0.0,0.0,0.0
2020-08-06 00:00:00-04:00,310.4906718493214,313.28195973146825,310.1628281585101,313.1601867675781,43679400,0.0,0.0,0.0
2020-08-07 00:00:00-04:00,312.1766846569839,313.6753782559275,311.25872803864536,313.385009765625,57308300,0.0,0.0,0.0
2020-08-10 00:00:00-04:00,313.8439698873227,314.50900462280714,311.87693634969577,314.3216857910156,44282100,0.0,0.0,0.0
2020-08-11 00:00:00-04:00,315.52065231283603,316.1669637762921,310.98712470692084,311.7270812988281,69601100,0.0,0.0,0.0
2020-08-12 00:00:00-04:00,314.199973549069,316.86014159029884,314.17187428960983,316.0733337402344,53774400,0.0,0.0,0.0
2020-08-13 00:00:00-04:00,315.2957908616785,316.83195953791005,314.56518172145144,315.5018615722656,41816100,0.0,0.0,0.0
2020-08-14 00:00:00-04:00,315.10852595958863,316.05458191805104,314.3685407469734,315.51129150390625,47260400,0.0,0.0,0.0
2020-08-17 00:00:00-04:00,316.5416490619518,316.9163153538768,315.5206712677434,316.5135498046875,35481000,0.0,0.0,0.0
2020-08-18 00:00:00-04:00,316.9163360015772,317.62822201225964,315.2958691665476,317.1973571777344,38733900,0.0,0.0,0.0
2020-08-19 00:00:00-04:00,317.5813533648521,318.1058918958719,315.30522774790467,315.8766174316406,68054200,0.0,0.0,0.0
2020-08-20 00:00:00-04:00,314.12504976852625,317.3472318573577,313.9939294083351,316.86016845703125,42207800,0.0,0.0,0.0
2020-08-21 00:00:00-04:00,316.5229731276718,318.20898598629117,316.17637745592856,317.98419189453125,55106600,0.0,0.0,0.0
2020-08-24 00:00:00-04:00,320.456998614907,321.2812816955143,317.9560786980553,321.20635986328125,48588700,0.0,0.0,0.0
2020-08-25 00:00:00-04:00,321.77774541737784,322.4146810878891,320.5975192274457,322.33038330078125,38463400,0.0,0.0,0.0
2020-08-26 00:00:00-04:00,322.9299118250221,325.8335979088781,322.37727387405545,325.5619812011719,50790200,0.0,0.0,0.0
2020-08-27 00:00:00-04:00,326.44239733949644,327.744367840277,324.58776041365843,326.2737731933594,58034100,0.0,0.0,0.0
2020-08-28 00:00:00-04:00,327.3135470414503,328.51249661142873,326.1052215217555,328.38134765625,48588900,0.0,0.0,0.0
2020-08-31 00:00:00-04:00,328.16583608941806,329.05566491761255,326.957510913646,327.1916809082031,66099200,0.0,0.0,0.0
2020-09-01 00:00:00-04:00,328.03469752532,330.3763975448024,327.12611677435257,330.27337646484375,54908700,0.0,0.0,0.0
2020-09-02 00:00:00-04:00,332.212366834093,336.0340093313656,331.05086399107444,335.0505065917969,69540000,0.0,0.0,0.0
2020-09-03 00:00:00-04:00,333.3362849152584,333.81400083083577,320.8971764837867,323.5198974609375,148011100,0.0,0.0,0.0
2020-09-04 00:00:00-04:00,324.2130267295879,325.80536544956993,313.6660016360714,320.8784484863281,139156300,0.0,0.0,0.0
2020-09-08 00:00:00-04:00,315.38961764131045,320.94415357734084,311.8021446489643,312.1112365722656,114465300,0.0,0.0,0.0
2020-09-09 00:00:00-04:00,316.176383607373,320.7754867255069,315.2959019505696,318.2745666503906,91462300,0.0,0.0,0.0
2020-09-10 00:00:00-04:00,320.17603614796514,320.84107109300925,311.77401352334135,312.7481689453125,90569500,0.0,0.0,0.0
2020-09-11 00:00:00-04:00,314.55594541712605,315.6331219088272,310.04114008176873,312.9073791503906,84680200,0.0,0.0,0.0
2020-09-14 00:00:00-04:00,316.1201058323975,318.8271245972705,313.0571726996108,317.0286865234375,65605700,0.0,0.0,0.0
2020-09-15 00:00:00-04:00,319.5203527413755,320.3633592240972,317.0381558702238,318.6305236816406,52920900,0.0,0.0,0.0
2020-09-16 00:00:00-04:00,319.88557710007984,321.3374195804574,317.08488462715303,317.36590576171875,82096000,0.0,0.0,0.0
2020-09-17 00:00:00-04:00,312.43901647998564,316.316885872113,311.90510195465646,314.57464599609375,91523300,0.0,0.0,0.0
2020-09-18 00:00:00-04:00,315.3918312390838,315.50467818514494,308.4326588022213,310.9530029296875,105877900,1.339,0.0,0.0
2020-09-21 00:00:00-04:00,306.29794374757495,307.64275123836336,302.56443694683287,307.4922790527344,99450800,0.0,0.0,0.0
2020-09-22 00:00:00-04:00,308.99697644332406,311.1881648961192,306.4483914325825,310.6239013671875,63612100,0.0,0.0,0.0
2020-09-23 00:00:00-04:00,311.188187512457,311.4703336472461,302.9124174854489,303.4202575683594,93112200,0.0,0.0,0.0
2020-09-24 00:00:00-04:00,302.08476476174945,307.33234873737626,300.7493422455752,304.22894287109375,76681300,0.0,0.0,0.0
2020-09-25 00:00:00-04:00,303.36376546361737,309.9467726142163,302.47978804991413,309.1474304199219,71069400,0.0,0.0,0.0
2020-09-28 00:00:00-04:00,313.3699476812692,315.00628597643316,312.3636811367021,314.28216552734375,64584600,0.0,0.0,0.0
2020-09-29 00:00:00-04:00,314.0752496205913,314.82758176075873,311.8652344968562,312.570556640625,51304000,0.0,0.0,0.0
2020-09-30 00:00:00-04:00,313.2476698252386,318.13791487859936,313.0501876591284,314.9404602050781,104081100,0.0,0.0,0.0
2020-10-01 00:00:00-04:00,317.57370642396586,318.5611461251778,315.0533617259181,316.9624328613281,88698700,0.0,0.0,0.0
2020-10-02 00:00:00-04:00,311.94046825991654,316.93414647495655,311.46084004390406,313.9529724121094,89431100,0.0,0.0,0.0
2020-10-05 00:00:00-04:00,316.0407845717703,319.70845445162604,315.9937745693195,319.5203857421875,45713100,0.0,0.0,0.0
2020-10-06 00:00:00-04:00,319.6614072862933,321.786787223268,314.46083309595923,314.9780578613281,90128900,0.0,0.0,0.0
2020-10-07 00:00:00-04:00,317.978097668988,321.27901522544954,317.94988592490023,320.4608459472656,56999600,0.0,0.0,0.0
2020-10-08 00:00:00-04:00,322.4262802003496,323.3667097598083,321.4952354207353,323.3008728027344,45242500,0.0,0.0,0.0
2020-10-09 00:00:00-04:00,324.97494776773414,326.6583252926201,324.34487581851675,326.1881103515625,59528600,0.0,0.0,0.0
2020-10-12 00:00:00-04:00,328.7647609308603,332.9308569239819,328.26633442039235,331.4355773925781,80388500,0.0,0.0,0.0
2020-10-13 00:00:00-04:00,331.29453138300465,331.4732152992231,328.29455872603177,329.2726135253906,73255500,0.0,0.0,0.0
2020-10-14 00:00:00-04:00,329.85569276123,330.96539283684797,326.460755572356,327.20367431640625,57727900,0.0,0.0,0.0
2020-10-15 00:00:00-04:00,323.2350798547268,327.2883295118809,322.68964326381683,326.79931640625,60357700,0.0,0.0,0.0
2020-10-16 00:00:00-04:00,328.1723080143938,329.85568504882997,326.42312271911106,326.601806640625,89501900,0.0,0.0,0.0
2020-10-19 00:00:00-04:00,327.8807282470236,328.5202133972915,320.724073772048,321.63629150390625,68425600,0.0,0.0,0.0
2020-10-20 00:00:00-04:00,322.9999959225522,326.2162783155417,322.2288653344466,322.9247741699219,60051900,0.0,0.0,0.0
2020-10-21 00:00:00-04:00,322.87768084329804,325.0783113554999,322.00308820618125,322.3134460449219,63575000,0.0,0.0,0.0
2020-10-22 00:00:00-04:00,322.52968747373944,324.67386554712687,320.35729766384543,324.0813903808594,55399300,0.0,0.0,0.0
2020-10-23 00:00:00-04:00,325.32272981020543,325.3791532772563,322.68953901573855,325.1816711425781,49143900,0.0,0.0,0.0
2020-10-26 00:00:00-04:00,321.7492538338361,322.54862490815634,315.6270466183121,319.1724853515625,91473000,0.0,0.0,0.0
2020-10-27 00:00:00-04:00,319.52032140120787,319.8588622298072,317.8557428950395,318.0720520019531,65994100,0.0,0.0,0.0
2020-10-28 00:00:00-04:00,312.3166530571196,318.1002889341783,306.7022876077683,307.2007141113281,127094300,0.0,0.0,0.0
2020-10-29 00:00:00-04:00,307.43578132264247,313.53915899885357,305.7241929115627,310.3229064941406,90597700,0.0,0.0,0.0
2020-10-30 00:00:00-04:00,308.7241982702799,310.0502073228007,303.38256554354604,307.0878601074219,120287300,0.0,0.0,0.0
2020-11-02 00:00:00-05:00,310.5299072265625,312.5612101804904,307.7462145718778,310.5299072265625,86068300,0.0,0.0,0.0
2020-11-03 00:00:00-05:00,313.8119713114063,318.1003282072314,310.61451625043287,316.0125732421875,93294200,0.0,0.0,0.0
2020-11-04 00:00:00-05:00,320.554822153333,327.213079844498,319.3604868839866,323.0751953125,126959700,0.0,0.0,0.0
2020-11-05 00:00:00-05:00,328.4356080442599,331.20988670663206,328.0782402220281,329.37603759765625,82039700,0.0,0.0,0.0
2020-11-06 00:00:00-05:00,329.0844721435864,330.57036675357153,326.94029413519223,329.30078125,74973000,0.0,0.0,0.0
2020-11-09 00:00:00-05:00,342.2882294448799,342.67380910006756,332.9685668465362,333.43878173828125,172304200,0.0,0.0,0.0
2020-11-10 00:00:00-05:00,332.43239258583486,334.02172063073954,329.6299312306242,332.94964599609375,85552000,0.0,0.0,0.0
2020-11-11 00:00:00-05:00,335.169100310771,336.2600020796956,333.90892810347015,335.42303466796875,58649000,0.0,0.0,0.0
2020-11-12 00:00:00-05:00,334.397972683183,335.47007629323576,330.33533828099235,332.1691589355469,67546200,0.0,0.0,0.0
2020-11-13 00:00:00-05:00,334.10639060944766,337.5201544138665,333.57975236575226,336.767822265625,62892200,0.0,0.0,0.0
2020-11-16 00:00:00-05:00,339.4762780381147,341.16903979187896,338.16906715410846,340.9715576171875,74541100,0.0,0.0,0.0
2020-11-17 00:00:00-05:00,338.5264523154592,340.3603015589505,336.99354743904127,339.1377258300781,66111000,0.0,0.0,0.0
2020-11-18 00:00:00-05:00,339.41040645535224,339.9652564035906,335.01858816387806,335.05621337890625,70591300,0.0,0.0,0.0
2020-11-19 00:00:00-05:00,334.4167285334726,336.843023961899,333.05309430882124,336.46685791015625,59940900,0.0,0.0,0.0
2020-11-20 00:00:00-05:00,336.20352527725237,336.4104209023312,334.08755903424867,334.16278076171875,70417300,0.0,0.0,0.0
2020-11-23 00:00:00-05:00,335.99665364864717,337.4449231276328,333.7302150892081,336.1659240722656,63230600,0.0,0.0,0.0
2020-11-24 00:00:00-05:00,338.7521225576934,342.1376747014869,337.88694343738825,341.58282470703125,62415900,0.0,0.0,0.0
2020-11-25 00:00:00-05:00,341.4981858962768,341.52639763469347,339.9464828840976,341.0561828613281,45330900,0.0,0.0,0.0
2020-11-27 00:00:00-05:00,342.16583837569004,342.4855809360736,340.9808881169058,342.0059814453125,28514100,0.0,0.0,0.0
2020-11-30 00:00:00-05:00,341.2161249944174,341.4888576669519,337.7741772498038,340.49200439453125,83872700,0.0,0.0,0.0
2020-12-01 00:00:00-05:00,343.79285783277567,345.77715052491556,343.19096910932245,344.2160339355469,74231400,0.0,0.0,0.0
2020-12-02 00:00:00-05:00,343.08756841624614,345.100073040899,342.50450659695076,344.9402160644531,45927000,0.0,0.0,0.0
2020-12-03 00:00:00-05:00,344.83671689126413,346.25677476312154,343.7270168574476,344.84613037109375,62882000,0.0,0.0,0.0
2020-12-04 00:00:00-05:00,345.43861581445844,347.8179016113281,345.3445671122843,347.8179016113281,50749900,0.0,0.0,0.0
2020-12-07 00:00:00-05:00,347.03734296749656,347.60160650369386,345.81479588876545,347.1031799316406,48944300,0.0,0.0,0.0
2020-12-08 00:00:00-05:00,345.81474114840245,348.6924531578852,345.76773115267554,348.1188049316406,42458900,0.0,0.0,0.0
2020-12-09 00:00:00-05:00,348.7865119244369,348.946368874231,344.15020118629917,344.99658203125,74098300,0.0,0.0,0.0
2020-12-10 00:00:00-05:00,343.60475936138505,345.94641988832626,342.7207532388382,344.8837585449219,57735400,0.0,0.0,0.0
2020-12-11 00:00:00-05:00,343.1627743440492,344.89316146012175,341.62048463826864,344.4793701171875,57698600,0.0,0.0,0.0
2020-12-14 00:00:00-05:00,346.67996216725686,347.77083518668377,342.758358326332,342.9370422363281,69216200,0.0,0.0,0.0
2020-12-15 00:00:00-05:00,345.51388185969995,347.57342529296875,344.1220642077421,347.57342529296875,63865300,0.0,0.0,0.0
2020-12-16 00:00:00-05:00,347.7896488626593,349.04982096422884,346.89622934680017,348.1188049316406,58420500,0.0,0.0,0.0
2020-12-17 00:00:00-05:00,349.7833733341127,350.27238637413245,348.94637724871234,350.06549072265625,64119500,0.0,0.0,0.0
2020-12-18 00:00:00-05:00,350.3583079017458,350.528299893319,346.62776476215817,348.6677551269531,136542300,1.58,0.0,0.0
2020-12-21 00:00:00-05:00,344.6916091122377,357.4320711371788,341.91495851374253,347.4210205078125,96386700,0.0,0.0,0.0
2020-12-22 00:00:00-05:00,347.7515859548058,347.864913928726,345.69271757001,346.8354797363281,47949000,0.0,0.0,0.0
2020-12-23 00:00:00-05:00,347.8177599659822,349.08330391665174,346.81665760467683,347.147216796875,46201400,0.0,0.0,0.0
2020-12-24 00:00:00-05:00,347.6288153176249,348.5260431760125,347.03384343581655,348.4977111816406,26457900,0.0,0.0,0.0
2020-12-28 00:00:00-05:00,351.08547730055324,351.8882556036705,350.4527197926856,351.4916076660156,39000400,0.0,0.0,0.0
2020-12-29 00:00:00-05:00,353.04044999374537,353.21989556195405,350.2260137120227,350.8210144042969,53680500,0.0,0.0,0.0
2020-12-30 00:00:00-05:00,351.65209231532066,352.36987452214964,350.9248853260618,351.321533203125,49455300,0.0,0.0,0.0
2020-12-31 00:00:00-05:00,351.1233323888676,353.84331978751635,350.60390276039254,353.1066589355469,78520700,0.0,0.0,0.0
2021-01-04 00:00:00-05:00,354.4571352854946,354.58937048174835,344.5499867633749,348.2994079589844,110210800,0.0,0.0,0.0
2021-01-05 00:00:00-05:00,347.64769483831407,351.8032170063449,347.6004556368117,350.6982116699219,66426200,0.0,0.0,0.0
2021-01-06 00:00:00-05:00,349.1681915838511,356.0342748144264,348.61097657991905,352.7948303222656,107997700,0.0,0.0,0.0
2021-01-07 00:00:00-05:00,355.20327547610503,358.79212974073437,355.02382988067643,358.0365905761719,68766800,0.0,0.0,0.0
2021-01-08 00:00:00-05:00,359.4437517738404,360.293740438384,356.14767148910244,360.0765380859375,71677200,0.0,0.0,0.0
2021-01-11 00:00:00-05:00,356.8560282898141,359.43432648129277,356.7332466955589,357.64935302734375,51034700,0.0,0.0,0.0
2021-01-12 00:00:00-05:00,357.83827136675353,358.7543489255794,355.4488145980365,357.72491455078125,52547700,0.0,0.0,0.0
2021-01-13 00:00:00-05:00,357.6493140913567,359.69872890136986,356.85598944019347,358.6882019042969,45303600,0.0,0.0,0.0
2021-01-14 00:00:00-05:00,359.44375650850293,359.95376124273423,357.0921144471634,357.4320983886719,49989100,0.0,0.0,0.0
2021-01-15 00:00:00-05:00,355.7887866312883,356.6009897098656,352.93659342855824,354.8254699707031,107160000,0.0,0.0,0.0
2021-01-19 00:00:00-05:00,357.31873770031314,358.15930151538083,355.81708445217015,357.61151123046875,51233300,0.0,0.0,0.0
2021-01-20 00:00:00-05:00,359.93488901623056,363.41044408062254,359.53824104591735,362.5604553222656,61836100,0.0,0.0,0.0
2021-01-21 00:00:00-05:00,363.12707026674866,363.56153263360295,361.95597600576804,362.8909606933594,47840100,0.0,0.0,0.0
2021-01-22 00:00:00-05:00,361.0115665987471,362.7871153442211,360.6243434087685,361.6065673828125,52860500,0.0,0.0,0.0
2021-01-25 00:00:00-05:00,362.352657076274,363.3915161539552,357.43211275655653,363.03265380859375,70402000,0.0,0.0,0.0
2021-01-26 00:00:00-05:00,363.9960195840742,364.41157479996724,362.22992432751556,362.4660339355469,42665300,0.0,0.0,0.0
2021-01-27 00:00:00-05:00,359.09439341407574,359.18884302473367,351.3405617060359,353.6072082519531,123351100,0.0,0.0,0.0
2021-01-28 00:00:00-05:00,355.4487688435801,360.7092968563918,355.00491053153803,356.6482238769531,94198100,0.0,0.0,0.0
2021-01-29 00:00:00-05:00,354.75937560653165,355.741599542921,347.8082944888103,349.50830078125,126765100,0.0,0.0,0.0
2021-02-01 00:00:00-05:00,352.9554700157922,356.37433192810187,349.8010496651537,355.3260192871094,75817600,0.0,0.0,0.0
2021-02-02 00:00:00-05:00,358.55597592105977,361.9276273915181,355.41100922958583,360.35040283203125,64450700,0.0,0.0,0.0
2021-02-03 00:00:00-05:00,361.1910042293601,362.381005771248,359.33991313684527,360.6337890625,52427100,0.0,0.0,0.0
2021-02-04 00:00:00-05:00,361.68208936199085,364.7798458850506,360.74710465234466,364.7326354980469,47142600,0.0,0.0,0.0
2021-02-05 00:00:00-05:00,366.63097676066207,366.8859647376959,364.68543607729646,366.1681823730469,48669800,0.0,0.0,0.0
2021-02-08 00:00:00-05:00,367.64146851959754,368.8598019366164,366.77260146678475,368.8125915527344,38365200,0.0,0.0,0.0
2021-02-09 00:00:00-05:00,367.9625623041739,369.1714708989511,367.5470360021783,368.5670166015625,35551100,0.0,0.0,0.0
2021-02-10 00:00:00-05:00,370.33318709713467,370.48430070234235,365.96988622641544,368.4065246582031,59154400,0.0,0.0,0.0
2021-02-11 00:00:00-05:00,369.50204652812033,369.9270553094596,366.5365251310788,369.0014953613281,42913300,0.0,0.0,0.0
2021-02-12 00:00:00-05:00,368.1892281724277,371.0697530764861,368.11365697815063,370.82421875,50593300,0.0,0.0,0.0
2021-02-16 00:00:00-05:00,372.0709143884372,372.2692671884747,369.7759361763204,370.5031433105469,50972400,0.0,0.0,0.0
2021-02-17 00:00:00-05:00,368.72759028026013,370.84312271447357,367.69812723550217,370.588134765625,52290600,0.0,0.0,0.0
2021-02-18 00:00:00-05:00,367.94379671480505,369.76655612709453,366.19657970186427,369.0110168457031,59712800,0.0,0.0,0.0
2021-02-19 00:00:00-05:00,370.2859150478053,370.5786886022781,367.90591218955143,368.3592529296875,83241000,0.0,0.0,0.0
2021-02-22 00:00:00-05:00,365.5543024563739,367.97206230684793,365.2520752695719,365.5259704589844,67414200,0.0,0.0,0.0
2021-02-23 00:00:00-05:00,363.28764726534007,367.3392957242266,359.0754604325179,365.9698486328125,107284100,0.0,0.0,0.0
2021-02-24 00:00:00-05:00,364.86478698795975,370.43699527073045,363.86368482952884,370.0025329589844,72433900,0.0,0.0,0.0
2021-02-25 00:00:00-05:00,368.7181439185223,370.10646931124126,359.62319887866613,361.0870666503906,146670500,0.0,0.0,0.0
2021-02-26 00:00:00-05:00,362.9948603357244,364.15650097935514,357.21490264731347,359.2265319824219,152701600,0.0,0.0,0.0
2021-03-01 00:00:00-05:00,364.16596549251943,369.1998378389215,359.42489553923235,367.93426513671875,105348800,0.0,0.0,0.0
2021-03-02 00:00:00-05:00,368.1608661591099,368.39697568353256,364.5531057086597,365.0631103515625,79595300,0.0,0.0,0.0
2021-03-03 00:00:00-05:00,364.35482093416306,365.33701590950074,360.1237274259013,360.2276306152344,119940200,0.0,0.0,0.0
2021-03-04 00:00:00-05:00,360.03877882467367,362.66431621103095,351.21772834213556,355.7699279785156,183433000,0.0,0.0,0.0
2021-03-05 00:00:00-05:00,359.32099818975814,363.3821002932164,351.93551236972115,362.31488037109375,152039600,0.0,0.0,0.0
2021-03-08 00:00:00-05:00,363.28763721508136,366.1398304838052,360.2276663690353,360.510986328125,123149200,0.0,0.0,0.0
2021-03-09 00:00:00-05:00,364.41153760456774,368.24595494186076,363.9015328331235,365.658203125,113633600,0.0,0.0,0.0
2021-03-10 00:00:00-05:00,368.03816833852795,369.65314978290337,366.602632479302,367.93426513671875,109899400,0.0,0.0,0.0
2021-03-11 00:00:00-05:00,370.4370671042668,373.6670301445737,369.9742727104435,371.6648254394531,86245000,0.0,0.0,0.0
2021-03-12 00:00:00-05:00,370.2858909311134,372.3069736859042,369.4642343109805,372.1653137207031,64653600,0.0,0.0,0.0
2021-03-15 00:00:00-04:00,372.42034830584294,374.6492377180652,370.24815170876866,374.3847961425781,73427200,0.0,0.0,0.0
2021-03-16 00:00:00-04:00,375.00811901454654,375.7258725165567,373.12866721706916,373.9125671386719,73722500,0.0,0.0,0.0
2021-03-17 00:00:00-04:00,372.6092644578998,375.99979470656734,371.44759490093605,375.1875915527344,97959300,0.0,0.0,0.0
2021-03-18 00:00:00-04:00,372.5620134976693,374.67754596748256,369.03924842787467,369.72869873046875,115349100,0.0,0.0,0.0
2021-03-19 00:00:00-04:00,369.4235624567926,371.02489290371466,366.8367912156805,369.0445556640625,113624500,1.278,0.0,0.0
2021-03-22 00:00:00-04:00,369.5657459962026,373.39378172783347,369.5088964139422,371.9914245605469,73778600,0.0,0.0,0.0
2021-03-23 00:00:00-04:00,371.34709209614505,372.81575442761164,368.26761456805167,369.06353759765625,90686600,0.0,0.0,0.0
2021-03-24 00:00:00-04:00,370.4848901679798,372.1430706226958,367.14010446455035,367.1874694824219,97588600,0.0,0.0,0.0
2021-03-25 00:00:00-04:00,365.7282635076583,370.0584610157934,363.7573815534585,369.2530822753906,116128600,0.0,0.0,0.0
2021-03-26 00:00:00-04:00,370.41850058577035,375.6109838712181,369.81209543243585,375.20355224609375,114409100,0.0,0.0,0.0
2021-03-29 00:00:00-04:00,373.706409500838,375.93311425956165,372.19983791932697,375.0140075683594,108107600,0.0,0.0,0.0
2021-03-30 00:00:00-04:00,373.72540205792205,374.70135838571224,372.3988347712134,374.0191345214844,76262200,0.0,0.0,0.0
2021-03-31 00:00:00-04:00,374.59710929431196,377.1175466185609,374.5686845052416,375.53515625,112734200,0.0,0.0,0.0
2021-04-01 00:00:00-04:00,377.4966003748764,379.6475157086103,377.2881422569896,379.59063720703125,99682900,0.0,0.0,0.0
2021-04-05 00:00:00-04:00,382.29101357843945,385.5884332864741,382.2152237890385,385.0388488769531,91684800,0.0,0.0,0.0
2021-04-06 00:00:00-04:00,384.47039545555276,385.87272358644833,384.1292690748167,384.8114929199219,62021000,0.0,0.0,0.0
2021-04-07 00:00:00-04:00,384.6409462348666,385.60741797208976,384.17666504488204,385.2568359375,55836300,0.0,0.0,0.0
2021-04-08 00:00:00-04:00,386.5265616282946,387.14245138976935,385.5790300209889,387.0856018066406,57863100,0.0,0.0,0.0
2021-04-09 00:00:00-04:00,386.96239478498376,390.07029688102585,386.83921106603276,389.89971923828125,61104600,0.0,0.0,0.0
2021-04-12 00:00:00-04:00,389.29331215560774,390.31663342506135,388.6774224803388,390.0418701171875,56704900,0.0,0.0,0.0
2021-04-13 00:00:00-04:00,389.93764127349846,391.83270429408094,389.54914988431506,391.1978454589844,56551000,0.0,0.0,0.0
2021-04-14 00:00:00-04:00,391.16944672294653,392.240162027506,389.31229293566855,389.86187744140625,61659900,0.0,0.0,0.0
2021-04-15 00:00:00-04:00,392.0317103642805,394.3247495327733,391.9843453513801,394.0499572753906,60229800,0.0,0.0,0.0
2021-04-16 00:00:00-04:00,395.35761137679725,395.9829857838709,393.9173735678954,395.3670959472656,82037300,0.0,0.0,0.0
2021-04-19 00:00:00-04:00,394.41948600843574,394.8742826387559,392.0790819603542,393.424560546875,78498500,0.0,0.0,0.0
2021-04-20 00:00:00-04:00,392.19282421679327,393.31090461102207,389.04701223499654,390.54412841796875,81851800,0.0,0.0,0.0
2021-04-21 00:00:00-04:00,389.9186995608864,394.4478990060897,389.7765467017933,394.23944091796875,66793000,0.0,0.0,0.0
2021-04-22 00:00:00-04:00,394.068974558913,394.9122627396065,389.5587143911716,390.6388854980469,97582800,0.0,0.0,0.0
2021-04-23 00:00:00-04:00,391.2074462409128,396.30517190724834,391.1316564207765,394.8743896484375,73209200,0.0,0.0,0.0
2021-04-26 00:00:00-04:00,395.5376357550988,396.2767093255534,394.940686156583,395.6986999511719,52182400,0.0,0.0,0.0
2021-04-27 00:00:00-04:00,396.00186421846695,396.2008666690119,394.45738312452517,395.6133728027344,51303100,0.0,0.0,0.0
2021-04-28 00:00:00-04:00,395.8881251656499,397.02517450767976,395.0258680492777,395.4996337890625,51238900,0.0,0.0,0.0
2021-04-29 00:00:00-04:00,398.26644801025617,398.6454548279253,394.59002115449573,398.02008056640625,78544300,0.0,0.0,0.0
2021-04-30 00:00:00-04:00,395.7176088335839,396.5798660205424,394.4952850282945,395.4049072265625,85527000,0.0,0.0,0.0
2021-05-03 00:00:00-04:00,397.4231662919091,397.81165771224664,395.755530363194,396.2577209472656,68128300,0.0,0.0,0.0
2021-05-04 00:00:00-04:00,394.2394806214727,394.74167121392554,390.07034735555106,393.8130798339844,101591200,0.0,0.0,0.0
2021-05-05 00:00:00-04:00,395.4806992221115,395.7175820953898,393.3676935825777,393.93621826171875,60162200,0.0,0.0,0.0
2021-05-06 00:00:00-04:00,394.01203981928836,397.21470115079546,391.97485272815106,397.0820617675781,74321400,0.0,0.0,0.0
2021-05-07 00:00:00-04:00,397.8590385196276,400.6352990359247,397.16733007456617,399.9720153808594,67733800,0.0,0.0,0.0
2021-05-10 00:00:00-04:00,400.33206339834413,400.5594617077472,395.8881382984354,396.0113220214844,81852400,0.0,0.0,0.0
2021-05-11 00:00:00-04:00,391.4253045989301,393.4814319507402,388.5448004762039,392.47705078125,116888000,0.0,0.0,0.0
2021-05-12 00:00:00-04:00,389.6534348621203,390.94206397342344,382.80277090363,384.1387939453125,134811000,0.0,0.0,0.0
2021-05-13 00:00:00-04:00,385.71166674941276,390.7146320697622,385.6642728231055,388.75323486328125,106394000,0.0,0.0,0.0
2021-05-14 00:00:00-04:00,391.5294797482887,395.58491337776223,391.50105496018074,394.72265625,82201600,0.0,0.0,0.0
2021-05-17 00:00:00-04:00,393.5951679348022,394.54269954137663,391.6716510137411,393.71832275390625,65129200,0.0,0.0,0.0
2021-05-18 00:00:00-04:00,393.98356838522614,394.229935817365,390.16501776889936,390.32611083984375,59810200,0.0,0.0,0.0
2021-05-19 00:00:00-04:00,385.56963841305543,389.4829203114927,384.06303746078004,389.3028869628906,106467100,0.0,0.0,0.0
2021-05-20 00:00:00-04:00,390.19348551731457,394.7700791532081,390.0703307040507,393.49090576171875,78022200,0.0,0.0,0.0
2021-05-21 00:00:00-04:00,394.9974605852987,396.25769370156235,392.70445049733877,393.1687316894531,76578700,0.0,0.0,0.0
2021-05-24 00:00:00-04:00,395.4428198904377,398.26647436419677,395.1964524302852,397.17681884765625,51376700,0.0,0.0,0.0
2021-05-25 00:00:00-04:00,398.27596143652727,398.636028086273,395.7081587892364,396.2956237792969,57451400,0.0,0.0,0.0
2021-05-26 00:00:00-04:00,396.8925438871319,397.59370799531916,395.8407977248511,397.0820617675781,43088600,0.0,0.0,0.0
2021-05-27 00:00:00-04:00,398.1243291855818,398.6454599520295,397.006220021991,397.2904968261719,56707700,0.0,0.0,0.0
2021-05-28 00:00:00-04:00,398.88235706801134,399.1476647448963,397.7642767808798,398.00115966796875,58520200,0.0,0.0,0.0
2021-06-01 00:00:00-04:00,400.39844013899796,400.54056409749427,397.20526323384524,397.6506042480469,54216600,0.0,0.0,0.0
2021-06-02 00:00:00-04:00,398.3138493015363,399.1287415043024,397.29052790897794,398.27593994140625,49097100,0.0,0.0,0.0
2021-06-03 00:00:00-04:00,395.9261081148517,397.95381082152295,394.4384764754836,396.7978210449219,58138800,0.0,0.0,0.0
2021-06-04 00:00:00-04:00,398.67387978428565,400.73003586846596,396.86409114405905,400.42681884765625,55938800,0.0,0.0,0.0
2021-06-07 00:00:00-04:00,400.41730635194153,400.59733963821776,399.090768123878,400.0382995605469,51555000,0.0,0.0,0.0
2021-06-08 00:00:00-04:00,400.9100346044154,401.0047935366297,398.26644256874516,400.12359619140625,47134300,0.0,0.0,0.0
2021-06-09 00:00:00-04:00,400.9764251067639,401.0522438297383,399.29930454467683,399.5267028808594,48436300,0.0,0.0,0.0
2021-06-10 00:00:00-04:00,400.76796033647804,402.35035084311943,399.4319373008559,401.38385009765625,51020100,0.0,0.0,0.0
2021-06-11 00:00:00-04:00,401.9429350571937,402.1608488288937,400.63533676151,402.0471496582031,45570800,0.0,0.0,0.0
2021-06-14 00:00:00-04:00,402.16079826598616,403.05148021290665,400.90059406078063,402.947265625,42358500,0.0,0.0,0.0
2021-06-15 00:00:00-04:00,403.0988728620678,403.13675330316806,401.31750897386974,402.20819091796875,51508500,0.0,0.0,0.0
2021-06-16 00:00:00-04:00,402.35035310077643,402.5777514344579,397.88748730405695,399.9625549316406,80386100,0.0,0.0,0.0
2021-06-17 00:00:00-04:00,399.54561662113707,400.82476100117566,397.3189118335236,399.8298645019531,90949700,0.0,0.0,0.0
2021-06-18 00:00:00-04:00,396.49888926725794,397.20234729448094,394.22689506559306,394.43603515625,118676300,1.376,0.0,0.0
2021-06-21 00:00:00-04:00,396.2232020592727,400.2729015784054,395.396157286711,400.082763671875,72822000,0.0,0.0,0.0
2021-06-22 00:00:00-04:00,400.0732722268417,403.0677556470252,399.3412674054613,402.2216796875,57700300,0.0,0.0,0.0
2021-06-23 00:00:00-04:00,402.2977159845416,403.1152450866419,401.6512935766992,401.7368469238281,49445400,0.0,0.0,0.0
2021-06-24 00:00:00-04:00,403.9138398596366,404.541231132252,403.657150782595,404.11346435546875,45110300,0.0,0.0,0.0
2021-06-25 00:00:00-04:00,404.8739184533192,406.0051721709191,404.5411916520895,405.5488586425781,58129500,0.0,0.0,0.0
2021-06-28 00:00:00-04:00,406.0812467317112,406.5375312578483,404.86443964372984,406.3664245605469,53159600,0.0,0.0,0.0
2021-06-29 00:00:00-04:00,406.75625076712237,407.4026732879074,406.0432770721751,406.58514404296875,35970500,0.0,0.0,0.0
2021-06-30 00:00:00-04:00,406.11926457244334,407.61176295178456,406.09074678861384,406.92730712890625,64827900,0.0,0.0,0.0
2021-07-01 00:00:00-04:00,407.6972846679819,409.34188743712417,407.6307335072203,409.1802673339844,53441000,0.0,0.0,0.0
2021-07-02 00:00:00-04:00,410.3590785182734,412.66910591008036,409.26582917468147,412.307861328125,57697700,0.0,0.0,0.0
2021-07-06 00:00:00-04:00,412.36492733581633,412.5835830228709,408.7810570558254,411.556884765625,68710400,0.0,0.0,0.0
2021-07-07 00:00:00-04:00,412.2508284835904,413.2965288564213,410.2069767159025,413.0113220214844,63549500,0.0,0.0,0.0
2021-07-08 00:00:00-04:00,407.6117529310036,410.4161273194993,406.41394801767103,409.6461181640625,97595200,0.0,0.0,0.0
2021-07-09 00:00:00-04:00,411.176694220631,414.32328256794096,409.4465377063046,414.0190734863281,76238600,0.0,0.0,0.0
2021-07-12 00:00:00-04:00,413.9334779461837,415.7587032389146,413.496195567779,415.50201416015625,52889600,0.0,0.0,0.0
2021-07-13 00:00:00-04:00,414.7034453982819,416.2244614872235,413.81936513174225,414.0855407714844,52911300,0.0,0.0,0.0
2021-07-14 00:00:00-04:00,415.80616607451157,416.30051296657876,413.43910318615804,414.70343017578125,64130400,0.0,0.0,0.0
2021-07-15 00:00:00-04:00,413.34408390947874,414.02853975606985,411.3572675379367,413.28704833984375,55126400,0.0,0.0,0.0
2021-07-16 00:00:00-04:00,414.484810572926,414.53233053906337,409.6461001748286,410.04534912109375,75874700,0.0,0.0,0.0
2021-07-19 00:00:00-04:00,405.14963975004764,410.11193732143056,401.13797367501417,403.9898681640625,147987000,0.0,0.0,0.0
2021-07-20 00:00:00-04:00,404.66480329471693,411.0720792266839,403.8567607308268,409.7792053222656,99608200,0.0,0.0,0.0
2021-07-21 00:00:00-04:00,410.9959755244435,413.23948071158,409.731648528716,413.09686279296875,64724400,0.0,0.0,0.0
2021-07-22 00:00:00-04:00,413.27751927337016,414.2091485653338,412.2793678263144,413.96197509765625,47878500,0.0,0.0,0.0
2021-07-23 00:00:00-04:00,415.92028419628025,418.5630386106719,415.2263417670333,418.2208251953125,63766600,0.0,0.0,0.0
2021-07-26 00:00:00-04:00,417.621956200901,419.25704367546314,417.57443622639147,419.2475280761719,43719200,0.0,0.0,0.0
2021-07-27 00:00:00-04:00,418.19229347789627,418.22081126155945,414.4658053504121,417.33673095703125,67397100,0.0,0.0,0.0
2021-07-28 00:00:00-04:00,417.9736614940485,418.56304839715096,415.7206694240083,417.1656188964844,52472400,0.0,0.0,0.0
2021-07-29 00:00:00-04:00,418.1067405969104,419.9889723427354,418.0972249986886,418.895751953125,47435300,0.0,0.0,0.0
2021-07-30 00:00:00-04:00,416.2910045115828,418.33485624224994,416.1579021888294,416.86138916015625,68951200,0.0,0.0,0.0
2021-08-02 00:00:00-04:00,418.6010836262531,419.1619527465477,415.62560230137393,415.9868469238281,58783300,0.0,0.0,0.0
2021-08-03 00:00:00-04:00,416.79482976598644,419.49461943753977,414.57035579036074,419.37103271484375,58053900,0.0,0.0,0.0
2021-08-04 00:00:00-04:00,418.0687211369067,419.34256386932987,417.0705696633648,417.3082275390625,46732200,0.0,0.0,0.0
2021-08-05 00:00:00-04:00,418.48700810841035,420.0365421248539,418.1637968735343,419.95098876953125,38969700,0.0,0.0,0.0
2021-08-06 00:00:00-04:00,420.2742272656481,421.0727543114276,419.989020385101,420.64495849609375,46930000,0.0,0.0,0.0
2021-08-09 00:00:00-04:00,420.6163994832065,420.9396107073688,419.52317907569306,420.3027038574219,41222600,0.0,0.0,0.0
2021-08-10 00:00:00-04:00,420.75891881500786,421.5479590646155,420.06497651150704,420.8254699707031,43339300,0.0,0.0,0.0
2021-08-11 00:00:00-04:00,421.90924920067175,421.9662847657261,420.76847987764677,421.8712158203125,44034300,0.0,0.0,0.0
2021-08-12 00:00:00-04:00,421.7191578926865,423.2782075389677,420.80655974004287,423.1355895996094,38909400,0.0,0.0,0.0
2021-08-13 00:00:00-04:00,423.59185399628745,423.9245807978689,423.0975360982888,423.90557861328125,39470300,0.0,0.0,0.0
2021-08-16 00:00:00-04:00,422.58420446045704,425.03682087814195,421.0061527454316,424.90374755859375,73740000,0.0,0.0,0.0
2021-08-17 00:00:00-04:00,422.308486560185,422.9929423330122,419.085861179226,422.1183776855469,92673900,0.0,0.0,0.0
2021-08-18 00:00:00-04:00,421.09173810531274,422.6793055391883,417.25120757827085,417.49835205078125,89351900,0.0,0.0,0.0
2021-08-19 00:00:00-04:00,414.73198137376505,419.36158100635424,414.58939245532133,418.1447448730469,92812200,0.0,0.0,0.0
2021-08-20 00:00:00-04:00,418.49650221571164,421.8046811621854,418.00215528460535,421.4719543457031,72008700,0.0,0.0,0.0
2021-08-23 00:00:00-04:00,423.183111457017,426.1015570517943,421.5480241573963,425.179443359375,54973000,0.0,0.0,0.0
2021-08-24 00:00:00-04:00,425.8544006347656,426.3962675605668,425.33156490627283,425.8544006347656,38744700,0.0,0.0,0.0
2021-08-25 00:00:00-04:00,426.04452782045337,427.2708215551792,425.664252015514,426.74798583984375,40529700,0.0,0.0,0.0
2021-08-26 00:00:00-04:00,426.46278160819594,426.70043948225884,424.1337518489619,424.22882080078125,57829600,0.0,0.0,0.0
2021-08-27 00:00:00-04:00,425.046338920632,428.402066854788,424.9893033532162,428.0218200683594,77235100,0.0,0.0,0.0
2021-08-30 00:00:00-04:00,428.7063087400717,430.7026407855135,428.4591352550156,429.90411376953125,48357400,0.0,0.0,0.0
2021-08-31 00:00:00-04:00,429.80901778777866,430.1512311969797,428.6587618144474,429.26715087890625,59300200,0.0,0.0,0.0
2021-09-01 00:00:00-04:00,430.2177895168115,430.7406252376633,429.25764241785953,429.49530029296875,48721400,0.0,0.0,0.0
2021-09-02 00:00:00-04:00,430.94029816816493,431.6342406277464,429.5999042108053,430.81671142578125,42501000,0.0,0.0,0.0
2021-09-03 00:00:00-04:00,429.6664561947234,431.23499244193107,429.2576625819947,430.7121276855469,47170500,0.0,0.0,0.0
2021-09-07 00:00:00-04:00,430.36037799737164,430.45544694951184,428.487632782997,429.1720886230469,51671500,0.0,0.0,0.0
2021-09-08 00:00:00-04:00,428.6302287719645,429.3717201431419,426.70041907633004,428.64923095703125,56181900,0.0,0.0,0.0
2021-09-09 00:00:00-04:00,428.4496320310596,430.2273083083143,426.56737120227564,426.8145446777344,57970400,0.0,0.0,0.0
2021-09-10 00:00:00-04:00,428.7728217623681,429.20058851270727,423.32569305362387,423.44927978515625,89948200,0.0,0.0,0.0
2021-09-13 00:00:00-04:00,426.4913476804166,426.757523350959,422.1849589572218,424.53302001953125,83738600,0.0,0.0,0.0
2021-09-14 00:00:00-04:00,425.9969813976056,426.20612148718993,421.338892868833,422.24200439453125,78197100,0.0,0.0,0.0
2021-09-15 00:00:00-04:00,422.66973116056687,426.2726323129457,421.54799306394244,425.768798828125,78792200,0.0,0.0,0.0
2021-09-16 00:00:00-04:00,425.2364609835419,426.22509678924547,422.09935983764854,425.0938720703125,77786700,0.0,0.0,0.0
2021-09-17 00:00:00-04:00,424.3099644442777,424.7391016125104,420.5906010294614,420.9530029296875,118425000,1.428,0.0,0.0
2021-09-20 00:00:00-04:00,414.7350451227902,416.3372154464956,408.99389114031214,413.9339599609375,166445500,0.0,0.0,0.0
2021-09-21 00:00:00-04:00,416.3085955515743,417.6246743920309,413.0088814716439,413.5429382324219,92526100,0.0,0.0,0.0
2021-09-22 00:00:00-04:00,415.8508732051382,419.6465184072117,413.65742759375723,417.5770263671875,102350100,0.0,0.0,0.0
2021-09-23 00:00:00-04:00,419.4748420671658,424.2813823855959,419.2364228127346,422.65057373046875,76396000,0.0,0.0,0.0
2021-09-24 00:00:00-04:00,420.9912181744371,424.0716056615942,420.7718619656834,423.3468017578125,62094800,0.0,0.0,0.0
2021-09-27 00:00:00-04:00,422.297667857647,423.4802179062681,421.4298183818685,422.13555908203125,61371100,0.0,0.0,0.0
2021-09-28 00:00:00-04:00,419.3222678968198,419.65606068785206,412.8849477562949,413.6288146972656,130436300,0.0,0.0,0.0
2021-09-29 00:00:00-04:00,415.03069335176906,416.79500161147104,413.7527696722643,414.3249816894531,82329200,0.0,0.0,0.0
2021-09-30 00:00:00-04:00,415.82226003487716,416.5375178278321,408.9176474534713,409.260986328125,140506000,0.0,0.0,0.0
2021-10-01 00:00:00-04:00,411.01578814436704,415.83184610514405,407.4394988356959,414.124755859375,129240100,0.0,0.0,0.0
2021-10-04 00:00:00-04:00,412.9421671836941,413.85768901264976,406.60973753229166,408.7841491699219,128570000,0.0,0.0,0.0
2021-10-05 00:00:00-04:00,410.3099748050654,415.31677895303204,409.4993726547145,413.0375061035156,90682500,0.0,0.0,0.0
2021-10-06 00:00:00-04:00,409.3849438497259,414.9639605094068,407.7351011512237,414.754150390625,113032200,0.0,0.0,0.0
2021-10-07 00:00:00-04:00,418.082453003074,421.22002922068276,417.90125205386124,418.3399353027344,72437500,0.0,0.0,0.0
2021-10-08 00:00:00-04:00,419.12200766220326,419.5130187519374,416.93807903082546,417.5770263671875,74557400,0.0,0.0,0.0
2021-10-11 00:00:00-04:00,416.9093855320505,419.86578966082635,414.4870381241481,414.5538024902344,65233300,0.0,0.0,0.0
2021-10-12 00:00:00-04:00,415.4884720635367,415.8985461892568,412.7323315592288,413.5334167480469,71181200,0.0,0.0,0.0
2021-10-13 00:00:00-04:00,414.57294981339174,415.8508735912165,411.5498098079766,415.02117919921875,72974000,0.0,0.0,0.0
2021-10-14 00:00:00-04:00,418.7404567470469,422.1546364801436,418.2636182784845,422.0020446777344,70236800,0.0,0.0,0.0
2021-10-15 00:00:00-04:00,424.1478897238572,425.5879514564087,423.51845934613107,425.21600341796875,66260200,0.0,0.0,0.0
2021-10-18 00:00:00-04:00,423.4039818720027,426.8181327506159,422.7363963256795,426.4748229980469,62213200,0.0,0.0,0.0
2021-10-19 00:00:00-04:00,428.1246890542102,429.83174991906014,427.5047757248327,429.7650146484375,46996800,0.0,0.0,0.0
2021-10-20 00:00:00-04:00,430.23226713693606,431.75815600688003,430.1178305648744,431.4529724121094,49571600,0.0,0.0,0.0
2021-10-21 00:00:00-04:00,430.8426395314694,432.8072117853958,430.40395626899664,432.5783386230469,41305400,0.0,0.0,0.0
2021-10-22 00:00:00-04:00,432.1396425183317,433.6083131755525,430.15597815721844,432.1300964355469,58845100,0.0,0.0,0.0
2021-10-25 00:00:00-04:00,433.2363809857361,434.7813330498173,431.4339466122787,434.4475402832031,45214500,0.0,0.0,0.0
2021-10-26 00:00:00-04:00,436.02108009548556,437.25130231281827,434.4570360462909,434.8385009765625,56075100,0.0,0.0,0.0
2021-10-27 00:00:00-04:00,435.30587847684893,435.9829809980417,432.8358294343547,432.9121398925781,72438000,0.0,0.0,0.0
2021-10-28 00:00:00-04:00,434.3617324728018,437.16554527278834,434.35221549315105,437.0892639160156,51437900,0.0,0.0,0.0
2021-10-29 00:00:00-04:00,434.7527025359671,438.2717727773707,434.4570650125027,437.97613525390625,70162400,0.0,0.0,0.0
2021-11-01 00:00:00-04:00,438.9775199743838,439.3590140649145,436.97482151866234,438.7295837402344,48433600,0.0,0.0,0.0
2021-11-02 00:00:00-04:00,438.901186716914,440.8180866106723,438.767657980236,440.50335693359375,48908400,0.0,0.0,0.0
2021-11-03 00:00:00-04:00,439.931191373681,443.60285366879407,439.48296201655427,443.1927795410156,52509800,0.0,0.0,0.0
2021-11-04 00:00:00-04:00,443.8030942909541,445.36713846873016,443.4502384738466,445.28131103515625,52847100,0.0,0.0,0.0
2021-11-05 00:00:00-04:00,447.5415211453702,448.8480539196259,445.29085749708673,446.8262634277344,66390600,0.0,0.0,0.0
2021-11-08 00:00:00-05:00,447.9420524777062,448.4475000715723,446.51153712481243,447.20770263671875,50405200,0.0,0.0,0.0
2021-11-09 00:00:00-05:00,447.5796888990331,447.8181081449176,444.29903774734913,445.72955322265625,51149100,0.0,0.0,0.0
2021-11-10 00:00:00-05:00,444.0129059667829,445.72954195610777,440.63691048520843,442.1437072753906,69429700,0.0,0.0,0.0
2021-11-11 00:00:00-05:00,443.66000967108704,443.73632011906966,442.26764958644293,442.2867126464844,34848500,0.0,0.0,0.0
2021-11-12 00:00:00-05:00,443.57426447162334,446.1873302732045,442.61104133866945,445.6246643066406,53466700,0.0,0.0,0.0
2021-11-15 00:00:00-05:00,446.9312835646103,447.09339238555077,444.63291808911845,445.7773132324219,46980500,0.0,0.0,0.0
2021-11-16 00:00:00-05:00,445.5102281679098,448.69550602302064,445.433946809618,447.54156494140625,48857500,0.0,0.0,0.0
2021-11-17 00:00:00-05:00,447.2744939182577,447.4556948688403,445.82491541750846,446.454345703125,47858300,0.0,0.0,0.0
2021-11-18 00:00:00-05:00,447.5034120948414,448.2377620538931,444.7377544553832,447.9707336425781,50625600,0.0,0.0,0.0
2021-11-19 00:00:00-05:00,447.8562056261189,449.1246122312923,446.7976382119716,447.1695861816406,57315600,0.0,0.0,0.0
2021-11-22 00:00:00-05:00,449.0769505257932,451.60418860883823,445.70092599196306,445.9107360839844,72762000,0.0,0.0,0.0
2021-11-23 00:00:00-05:00,445.5769463532332,447.3698636783138,442.9352716755242,446.50201416015625,73206500,0.0,0.0,0.0
2021-11-24 00:00:00-05:00,444.470719774113,447.81813550409174,443.6410254043711,447.69415283203125,61858800,0.0,0.0,0.0
2021-11-26 00:00:00-05:00,440.9230238190906,442.4107576213439,436.56471291319764,437.7091369628906,112669600,0.0,0.0,0.0
2021-11-29 00:00:00-05:00,442.57286049603306,444.9475067417333,440.34125996924666,443.07830810546875,86268800,0.0,0.0,0.0
2021-11-30 00:00:00-05:00,440.5988054494336,442.5347687334639,434.20915745178297,434.4571228027344,148559600,0.0,0.0,0.0
2021-12-01 00:00:00-05:00,440.2555075566492,443.145147986739,429.43126672111475,429.63153076171875,131939200,0.0,0.0,0.0
2021-12-02 00:00:00-05:00,429.8508136768562,437.8044757905889,429.450256560032,436.2118225097656,127637800,0.0,0.0,0.0
2021-12-03 00:00:00-05:00,437.8998718852119,438.97750242575154,428.12468283635246,432.4162292480469,137331600,0.0,0.0,0.0
2021-12-06 00:00:00-05:00,435.00069129314113,439.44482957114576,432.5497344372096,437.5374755859375,98977500,0.0,0.0,0.0
2021-12-07 00:00:00-05:00,442.89713480948853,447.1600721227096,437.40394602898573,446.5878601074219,95484700,0.0,0.0,0.0
2021-12-08 00:00:00-05:00,446.98845370005677,448.22822224768674,445.20505313446404,447.77044677734375,72238800,0.0,0.0,0.0
2021-12-09 00:00:00-05:00,446.4639215647234,447.87537412806796,444.547050414352,444.747314453125,61272600,0.0,0.0,0.0
2021-12-10 00:00:00-05:00,447.49386645523373,449.0864907373191,444.8998638669149,448.93389892578125,77159800,0.0,0.0,0.0
2021-12-13 00:00:00-05:00,448.4094291803803,448.76228504383147,444.67100221599827,444.9571228027344,87724700,0.0,0.0,0.0
2021-12-14 00:00:00-05:00,441.63826964565925,444.165507824566,438.92983051204675,441.895751953125,97264100,0.0,0.0,0.0
2021-12-15 00:00:00-05:00,441.95302096538023,449.0483512755939,439.3971444122689,448.8004150390625,116899300,0.0,0.0,0.0
2021-12-16 00:00:00-05:00,450.6791499909148,450.96524145132787,443.26906102317787,444.8426513671875,116568600,0.0,0.0,0.0
2021-12-17 00:00:00-05:00,441.71598383350255,444.7689035694014,438.3759675606871,440.1081848144531,135511600,1.633,0.0,0.0
2021-12-20 00:00:00-05:00,434.9498615020751,435.83031043202544,431.75339320981686,435.4283752441406,107134800,0.0,0.0,0.0
2021-12-21 00:00:00-05:00,438.9023187133315,443.3046505626496,436.7011673917516,443.1611022949219,69806300,0.0,0.0,0.0
2021-12-22 00:00:00-05:00,442.9027646969269,447.70703223047644,442.701767893584,447.5921936035156,58890200,0.0,0.0,0.0
2021-12-23 00:00:00-05:00,448.6066295579147,451.8988064131899,448.50137055446896,450.37713623046875,56439700,0.0,0.0,0.0
2021-12-27 00:00:00-05:00,451.77433107894393,456.79872469507546,451.7264913936341,456.7508850097656,56808600,0.0,0.0,0.0
2021-12-28 00:00:00-05:00,457.1911647386783,458.2343211776127,455.60249563164706,456.377685546875,47274600,0.0,0.0,0.0
2021-12-29 00:00:00-05:00,456.4829121102407,457.9950024599211,455.4684654641935,456.96142578125,54503000,0.0,0.0,0.0
2021-12-30 00:00:00-05:00,457.3921398075276,458.4161662279957,455.2292775473095,455.6982116699219,55329000,0.0,0.0,0.0
2021-12-31 00:00:00-05:00,455.20057506796144,456.36812058248046,454.2722572227796,454.5497741699219,65237400,0.0,0.0,0.0
2022-01-03 00:00:00-05:00,455.8321369394416,457.3155469266343,453.48743734341446,457.1815490722656,72668200,0.0,0.0,0.0
2022-01-04 00:00:00-05:00,458.6267216829484,459.354071932036,455.1431275490676,457.0284729003906,71178700,0.0,0.0,0.0
2022-01-05 00:00:00-05:00,456.65529519200646,457.44006483704544,448.1568853924736,448.2525939941406,104538900,0.0,0.0,0.0
2022-01-06 00:00:00-05:00,447.7836117234023,450.58769529349144,445.4293030411308,447.8314514160156,86858900,0.0,0.0,0.0
2022-01-07 00:00:00-05:00,447.84102993925603,449.0373143132725,444.6828216681558,446.0609436035156,85111600,0.0,0.0,0.0
2022-01-10 00:00:00-05:00,442.81664489961315,445.7259875300918,436.97877119016243,445.5058898925781,119362000,0.0,0.0,0.0
2022-01-11 00:00:00-05:00,445.2378455156925,449.65930720925047,442.19447633944463,449.5635986328125,74303100,0.0,0.0,0.0
2022-01-12 00:00:00-05:00,451.3245653827894,452.8653947431278,448.7884485166867,450.779052734375,67605400,0.0,0.0,0.0
2022-01-13 00:00:00-05:00,451.89882747969784,452.5591788056841,443.52483667090684,444.5679931640625,91173100,0.0,0.0,0.0
2022-01-14 00:00:00-05:00,441.3714504471865,445.1038513095516,440.1368769751959,444.749755859375,95890900,0.0,0.0,0.0
2022-01-18 00:00:00-05:00,439.98378276118797,440.1943299647229,435.74415824190055,436.8734436035156,109709100,0.0,0.0,0.0
2022-01-19 00:00:00-05:00,438.44296716679736,439.8593490259896,432.0595815619923,432.3371276855469,109357600,0.0,0.0,0.0
2022-01-20 00:00:00-05:00,434.2512249212793,439.0267827650756,425.39872061158934,427.5520324707031,122379700,0.0,0.0,0.0
2022-01-21 00:00:00-05:00,426.4131915023817,428.805760369868,419.1302258887117,419.158935546875,202271200,0.0,0.0,0.0
2022-01-24 00:00:00-05:00,413.4645525583098,421.45573730752653,402.6788641152826,420.9389343261719,251783900,0.0,0.0,0.0
2022-01-25 00:00:00-05:00,414.4503313578086,420.82413808243444,408.79429526605276,415.79974365234375,167997300,0.0,0.0,0.0
2022-01-26 00:00:00-05:00,421.7812013319534,424.95853994549776,410.43083890854,414.7566223144531,186391100,0.0,0.0,0.0
2022-01-27 00:00:00-05:00,419.4268162733842,422.6137045020989,410.99540764599567,412.7084655761719,149878300,0.0,0.0,0.0
2022-01-28 00:00:00-05:00,414.08664941998336,423.00615268055435,409.43550981444423,422.95831298828125,164457400,0.0,0.0,0.0
2022-01-31 00:00:00-05:00,422.2787918872668,430.9303284013812,420.9102496134448,430.57623291015625,152251400,0.0,0.0,0.0
2022-02-01 00:00:00-05:00,431.3130943323253,434.1363367970693,427.7338212627941,433.4855651855469,123155400,0.0,0.0,0.0
2022-02-02 00:00:00-05:00,435.9260264859344,438.4334338643057,433.5812974272008,437.696533203125,117361000,0.0,0.0,0.0
2022-02-03 00:00:00-05:00,431.5715839711653,433.504769101748,426.55673976505415,427.40850830078125,118024400,0.0,0.0,0.0
2022-02-04 00:00:00-05:00,427.1691926236317,433.32287189400313,424.75746484534153,429.418212890625,118454400,0.0,0.0,0.0
2022-02-07 00:00:00-05:00,430.19344249838025,431.609824511795,426.6907183303902,428.0401306152344,84472900,0.0,0.0,0.0
2022-02-08 00:00:00-05:00,427.5329036224321,432.4998786610754,426.08778275810846,431.5619812011719,81012000,0.0,0.0,0.0
2022-02-09 00:00:00-05:00,435.6580461930455,438.2037427687526,435.45707860200986,437.87835693359375,92589900,0.0,0.0,0.0
2022-02-10 00:00:00-05:00,431.9448123404388,438.0410731811093,427.98273345754336,430.0116271972656,140103700,0.0,0.0,0.0
2022-02-11 00:00:00-05:00,430.0976635181539,432.2031061578507,420.07758602686084,421.5322570800781,153214600,0.0,0.0,0.0
2022-02-14 00:00:00-05:00,421.01555344290733,422.6233526440916,416.6323511083873,420.1542053222656,123006300,0.0,0.0,0.0
2022-02-15 00:00:00-05:00,424.6618117169292,427.1022200941114,424.13542908232864,426.9299621582031,88482700,0.0,0.0,0.0
2022-02-16 00:00:00-05:00,424.8532318997628,428.8057603415754,422.94875642734155,427.40850830078125,84863600,0.0,0.0,0.0
2022-02-17 00:00:00-05:00,424.17367347064976,427.3797210117438,417.6658990160785,418.27838134765625,102259100,0.0,0.0,0.0
2022-02-18 00:00:00-05:00,418.53686102643695,419.80972407033147,413.26365889165197,415.5700988769531,132642900,0.0,0.0,0.0
2022-02-22 00:00:00-05:00,413.3306012306589,416.7854563215084,407.5596976436782,411.11029052734375,124391800,0.0,0.0,0.0
2022-02-23 00:00:00-05:00,414.0675362495683,414.6417586110405,403.2435571795435,403.8177795410156,132578000,0.0,0.0,0.0
2022-02-24 00:00:00-05:00,393.357432896443,410.3351206221993,392.99378697928523,409.8948669433594,213942900,0.0,0.0,0.0
2022-02-25 00:00:00-05:00,411.1485340379855,419.02488018337664,409.4737360605184,418.9387512207031,121804500,0.0,0.0,0.0
2022-02-28 00:00:00-05:00,413.46458059702735,419.3694529933524,412.1917469006284,417.8669128417969,145615000,0.0,0.0,0.0
2022-03-01 00:00:00-05:00,416.34524224955896,418.3837154508938,408.75599215155813,411.502685546875,137785900,0.0,0.0,0.0
2022-03-02 00:00:00-05:00,413.78994381880267,420.82410124644116,413.02433355988876,419.07275390625,117726500,0.0,0.0,0.0
2022-03-03 00:00:00-05:00,421.5418796596606,422.15436203695566,415.158493753946,416.9864196777344,105501700,0.0,0.0,0.0
2022-03-04 00:00:00-05:00,413.19663787985706,414.7470178122338,409.4929459955876,413.5986022949219,113978200,0.0,0.0,0.0
2022-03-07 00:00:00-05:00,413.0051421779967,413.7229126921789,401.3389764176622,401.4059753417969,137896600,0.0,0.0,0.0
2022-03-08 00:00:00-05:00,401.58787945479423,408.85171475785677,397.2812556557022,398.3627014160156,164772700,0.0,0.0,0.0
2022-03-09 00:00:00-05:00,406.87064910316786,411.05285423240764,404.65033849159306,409.0430908203125,116990800,0.0,0.0,0.0
2022-03-10 00:00:00-05:00,404.3632832868927,408.10526463590566,402.3726787677613,407.19610595703125,93972700,0.0,0.0,0.0
2022-03-11 00:00:00-05:00,409.7226144902831,410.34467653295275,401.5017516523792,402.0185546875,95636300,0.0,0.0,0.0
2022-03-14 00:00:00-04:00,402.80338752059805,406.3060830694174,397.9225405929565,399.0805358886719,95729200,0.0,0.0,0.0
2022-03-15 00:00:00-04:00,401.7314155460901,408.4976068523178,400.43945181050805,407.8564147949219,106219100,0.0,0.0,0.0
2022-03-16 00:00:00-04:00,411.4164901647757,416.95765734003334,406.5451953861939,416.9002380371094,144954800,0.0,0.0,0.0
2022-03-17 00:00:00-04:00,414.957543290102,422.1161193847656,414.57473813772754,422.1161193847656,102676900,0.0,0.0,0.0
2022-03-18 00:00:00-04:00,420.4802778464497,427.06586813559943,419.7314785235304,426.7394714355469,106345500,1.366,0.0,0.0
2022-03-21 00:00:00-04:00,426.5666064216803,428.6018027358144,423.0530011768135,426.6146240234375,88349800,0.0,0.0,0.0
2022-03-22 00:00:00-04:00,428.0259067400327,432.557111308015,428.0259067400327,431.6067199707031,74650400,0.0,0.0,0.0
2022-03-23 00:00:00-04:00,429.0338346160242,430.5506225424217,425.9618212425247,426.0482177734375,79426100,0.0,0.0,0.0
2022-03-24 00:00:00-04:00,428.1026814781251,432.48028198868747,426.96988777076336,432.4706726074219,64736900,0.0,0.0,0.0
2022-03-25 00:00:00-04:00,433.1139027936655,434.8611110322216,430.49309043583133,434.58270263671875,77101300,0.0,0.0,0.0
2022-03-28 00:00:00-04:00,433.9778506287421,437.6738586425781,432.05784950954336,437.6738586425781,68529800,0.0,0.0,0.0
2022-03-29 00:00:00-04:00,441.61945711757664,443.5874758885129,438.89305898073854,443.0882568359375,86581500,0.0,0.0,0.0
2022-03-30 00:00:00-04:00,441.9266807000324,442.75229646538446,438.21148299818276,440.352294921875,79666900,0.0,0.0,0.0
2022-03-31 00:00:00-04:00,439.57468014559055,440.40987596365085,433.1138656878591,433.5746765136719,121699900,0.0,0.0,0.0
2022-04-01 00:00:00-04:00,435.17788232497963,435.3218765597975,431.17469611257184,434.8034973144531,89048800,0.0,0.0,0.0
2022-04-04 00:00:00-04:00,435.0050735063804,438.63387457698553,434.16987767775674,438.52825927734375,59601000,0.0,0.0,0.0
2022-04-05 00:00:00-04:00,437.01144881257386,439.5170361699117,431.82745173434006,432.9890441894531,74214500,0.0,0.0,0.0
2022-04-06 00:00:00-04:00,429.0146791745913,430.9730592910336,425.73146425508475,428.6594543457031,106898000,0.0,0.0,0.0
2022-04-07 00:00:00-04:00,427.7666631360789,432.66267204741945,425.78906424707714,430.8194580078125,78097200,0.0,0.0,0.0
2022-04-08 00:00:00-04:00,430.05147485374647,432.6050799944686,428.1026747854182,429.66748046875,79272700,0.0,0.0,0.0
2022-04-11 00:00:00-04:00,426.3458311710871,427.2002457250453,421.81465668976125,422.3234558105469,89770500,0.0,0.0,0.0
2022-04-12 00:00:00-04:00,425.35707957778624,427.9202942308347,419.18428236472414,420.7586975097656,84363600,0.0,0.0,0.0
2022-04-13 00:00:00-04:00,420.5090485040863,426.3458390790379,420.3266460520354,425.5778503417969,74070400,0.0,0.0,0.0
2022-04-14 00:00:00-04:00,425.8082393443114,426.9410622778662,420.173040709212,420.2786560058594,97869500,0.0,0.0,0.0
2022-04-18 00:00:00-04:00,419.3379032412152,422.1603076417417,418.18589068295677,420.4515075683594,66002500,0.0,0.0,0.0
2022-04-19 00:00:00-04:00,420.3458513604874,427.96825851732666,420.17305828262903,427.2386779785156,77821000,0.0,0.0,0.0
2022-04-20 00:00:00-04:00,429.04346683191295,429.66746134186644,425.7410625335433,426.9218444824219,65224400,0.0,0.0,0.0
2022-04-21 00:00:00-04:00,430.59868943216543,432.00989152571304,419.61627991567536,420.5378723144531,85417300,0.0,0.0,0.0
2022-04-22 00:00:00-04:00,419.4337963002438,420.5569804102436,408.4225900672812,408.99859619140625,132471800,0.0,0.0,0.0
2022-04-25 00:00:00-04:00,406.7234735843411,411.54266612637855,402.0866542060726,411.369873046875,119647700,0.0,0.0,0.0
2022-04-26 00:00:00-04:00,408.7969932352533,408.99861443066584,399.42740843274447,399.4562072753906,103996300,0.0,0.0,0.0
2022-04-27 00:00:00-04:00,400.5506384099191,406.0034640487205,398.4098558356081,400.5794372558594,122030000,0.0,0.0,0.0
2022-04-28 00:00:00-04:00,405.39868293229875,412.45469357336657,400.89627753737426,410.6978759765625,105449100,0.0,0.0,0.0
2022-04-29 00:00:00-04:00,406.6466361975492,408.83543631594483,394.76182450409937,395.5202331542969,145491100,0.0,0.0,0.0
2022-05-02 00:00:00-04:00,395.58748737407853,399.2834958527211,388.8194649996276,397.9010925292969,158312500,0.0,0.0,0.0
2022-05-03 00:00:00-04:00,398.4098405454738,402.1730263227478,396.8258161888709,399.72503662109375,100028200,0.0,0.0,0.0
2022-05-04 00:00:00-04:00,400.39703985927054,412.4738638889935,397.16184250455814,411.8978576660156,144247900,0.0,0.0,0.0
2022-05-05 00:00:00-04:00,407.56824001066565,408.0002519962424,393.0626451139667,397.2578430175781,172929100,0.0,0.0,0.0
2022-05-06 00:00:00-04:00,394.6562364376596,398.20822093478495,389.50103811323004,394.8866271972656,151770800,0.0,0.0,0.0
2022-05-09 00:00:00-04:00,388.89629771738606,390.15389631743585,380.6402856620579,382.2434997558594,155586100,0.0,0.0,0.0
2022-05-10 00:00:00-04:00,388.31064549235606,389.8370429785807,379.0274558055925,383.12664794921875,132497200,0.0,0.0,0.0
2022-05-11 00:00:00-04:00,382.1474631395568,387.8786681523816,376.2818439741501,377.0402526855469,142361000,0.0,0.0,0.0
2022-05-12 00:00:00-04:00,373.795433970601,379.96823088051195,369.7442302121438,376.6466369628906,125090800,0.0,0.0,0.0
2022-05-13 00:00:00-04:00,380.8418762899783,387.0530821016929,379.78586964175463,385.6514892578125,104174400,0.0,0.0,0.0
2022-05-16 00:00:00-04:00,383.98105340001786,387.8114464475931,381.69624726746645,384.0866394042969,78622400,0.0,0.0,0.0
2022-05-17 00:00:00-04:00,390.269017591442,392.2274268923434,386.47700374709785,391.9874267578125,83029700,0.0,0.0,0.0
2022-05-18 00:00:00-04:00,387.3602425939615,387.64823105557144,374.9282230893509,376.1858215332031,117674500,0.0,0.0,0.0
2022-05-19 00:00:00-04:00,373.07543892655684,378.3746611368892,371.62582860497764,373.8818359375,98510700,0.0,0.0,0.0
2022-05-20 00:00:00-04:00,377.5203030829466,381.14910482436636,365.318701490314,374.04510498046875,131432200,0.0,0.0,0.0
2022-05-23 00:00:00-04:00,377.1169985311622,381.82102460586395,374.7650147907028,381.0434265136719,76414900,0.0,0.0,0.0
2022-05-24 00:00:00-04:00,376.85779595899766,379.3441937517163,371.48178727076436,378.1346130371094,91448800,0.0,0.0,0.0
2022-05-25 00:00:00-04:00,376.61786279123777,383.4722816791761,376.21467891365063,381.4754638671875,91472900,0.0,0.0,0.0
2022-05-26 00:00:00-04:00,382.72345063021044,390.75865093400427,382.5122493271417,389.09783935546875,82168300,0.0,0.0,0.0
2022-05-27 00:00:00-04:00,391.59389129889587,398.7650977409074,391.3922993538705,398.64990234375,84768700,0.0,0.0,0.0
2022-05-31 00:00:00-04:00,397.00822056308124,399.80182571319057,393.62902913285666,396.41302490234375,95937000,0.0,0.0,0.0
2022-06-01 00:00:00-04:00,398.5634232372823,399.590601513763,390.65299914058545,393.20660400390625,86585800,0.0,0.0,0.0
2022-06-02 00:00:00-04:00,393.0434356059048,400.74262942172345,390.75862962373566,400.69464111328125,79609600,0.0,0.0,0.0
2022-06-03 00:00:00-04:00,395.9042393873492,397.4786544251359,393.1298529031036,394.11865234375,71874300,0.0,0.0,0.0
2022-06-06 00:00:00-04:00,398.189087776276,399.94587616047437,394.1282742826488,395.3186950683594,57508900,0.0,0.0,0.0
2022-06-07 00:00:00-04:00,391.7762670823371,399.5714675924091,391.305846846802,399.11065673828125,59272400,0.0,0.0,0.0
2022-06-08 00:00:00-04:00,397.37307803821915,399.1874934023535,393.9650873121279,394.771484375,64350000,0.0,0.0,0.0
2022-06-09 00:00:00-04:00,392.9666902395959,395.2706861025318,385.3826904296875,385.3826904296875,86289800,0.0,0.0,0.0
2022-06-10 00:00:00-04:00,379.0850408803496,379.9490355592954,374.1602331243973,374.2082214355469,132893900,0.0,0.0,0.0
2022-06-13 00:00:00-04:00,364.6562222452834,366.53781515869,358.36820093586545,360.0002136230469,170004900,0.0,0.0,0.0
2022-06-14 00:00:00-04:00,361.77621749385116,362.82261459035516,355.76660460330424,358.9154052734375,104011800,0.0,0.0,0.0
2022-06-15 00:00:00-04:00,362.2658301082389,368.54424254307577,357.2354360927038,364.0322570800781,125666800,0.0,0.0,0.0
2022-06-16 00:00:00-04:00,355.68984004967973,356.1026332861375,349.5170137808065,351.9842224121094,134473300,0.0,0.0,0.0
2022-06-17 00:00:00-04:00,352.40558336804133,356.1368297100456,349.1853340548797,352.7430114746094,111113900,1.577,0.0,0.0
2022-06-21 00:00:00-04:00,358.5568510654798,363.03048045433957,358.4797027833649,361.6228332519531,76811900,0.0,0.0,0.0
2022-06-22 00:00:00-04:00,357.33236893844287,365.1419701675128,356.90814165227965,360.96722412109375,90059400,0.0,0.0,0.0
2022-06-23 00:00:00-04:00,363.13651180694967,365.2479676651819,359.52095884838485,364.5055847167969,79292100,0.0,0.0,0.0
2022-06-24 00:00:00-04:00,367.7258718066924,376.10431641840285,367.69694855696343,376.09466552734375,98050300,0.0,0.0,0.0
2022-06-27 00:00:00-04:00,377.0298757139846,377.3287590911403,373.5493172920023,374.6580810546875,66009600,0.0,0.0,0.0
2022-06-28 00:00:00-04:00,376.23923370379873,379.0641783981019,366.88699257178905,367.002685546875,86548900,0.0,0.0,0.0
2022-06-29 00:00:00-04:00,367.5620239999893,368.5647163841933,364.85277142199965,366.70391845703125,65676000,0.0,0.0,0.0
2022-06-30 00:00:00-04:00,362.75090238582305,367.0124479447343,359.2028460957905,363.7247009277344,112508300,0.0,0.0,0.0
2022-07-01 00:00:00-04:00,363.05939086789806,368.0151232861389,360.3983342745425,367.57159423828125,74839700,0.0,0.0,0.0
2022-07-05 00:00:00-04:00,362.40374359533286,368.2850488500714,359.53057363850786,368.2657470703125,81438000,0.0,0.0,0.0
2022-07-06 00:00:00-04:00,368.410379234592,372.0355831726812,365.99038906921305,369.509521484375,70426200,0.0,0.0,0.0
2022-07-07 00:00:00-04:00,371.3125157356289,375.853642653088,369.52883680664047,375.04376220703125,64525900,0.0,0.0,0.0
2022-07-08 00:00:00-04:00,373.38542983326994,376.63463195551776,371.8331663231295,374.7352600097656,72397800,0.0,0.0,0.0
2022-07-11 00:00:00-04:00,372.0163209898933,372.99974085334804,369.750568466621,370.45440673828125,58366900,0.0,0.0,0.0
2022-07-12 00:00:00-04:00,369.8952032127752,372.31522298885375,365.40227208025624,367.1763000488281,62219200,0.0,0.0,0.0
2022-07-13 00:00:00-04:00,361.6517949166484,368.2272890515851,361.22756759030074,365.248046875,84224600,0.0,0.0,0.0
2022-07-14 00:00:00-04:00,360.2151102755867,365.4600746934587,357.7372737211417,364.3609619140625,89704800,0.0,0.0,0.0
2022-07-15 00:00:00-04:00,368.8345658197398,371.43777549655545,366.89664960769886,371.32208251953125,79060400,0.0,0.0,0.0
2022-07-18 00:00:00-04:00,374.4556261693067,375.14016268391526,367.0124059860265,368.25616455078125,63203600,0.0,0.0,0.0
2022-07-19 00:00:00-04:00,372.2381006289904,378.7846712151952,371.5728658399682,378.2061767578125,78506000,0.0,0.0,0.0
2022-07-20 00:00:00-04:00,378.39895818724943,382.0530853318939,377.01058347855724,380.6164855957031,71843800,0.0,0.0,0.0
2022-07-21 00:00:00-04:00,380.0283933584103,384.5405967300921,377.5891012882815,384.4924011230469,64903900,0.0,0.0,0.0
2022-07-22 00:00:00-04:00,384.6177503910204,385.8325562859645,378.66894711071706,380.925048828125,72197300,0.0,0.0,0.0
2022-07-25 00:00:00-04:00,381.56141792671804,382.25560538516515,379.1124747506059,381.38787841796875,53631500,0.0,0.0,0.0
2022-07-26 00:00:00-04:00,379.71985841909463,379.93197205192575,375.96933984008473,376.8756408691406,52946400,0.0,0.0,0.0
2022-07-27 00:00:00-04:00,380.2211851344438,388.43574047441456,379.9223017702702,386.6617126464844,82342100,0.0,0.0,0.0
2022-07-28 00:00:00-04:00,387.48122335793374,392.21516132940053,383.8752919748946,391.5113525390625,73966600,0.0,0.0,0.0
2022-07-29 00:00:00-04:00,392.96725242706384,398.2218684368009,392.1862952516389,397.2191467285156,87003700,0.0,0.0,0.0
2022-08-01 00:00:00-04:00,394.48093248201525,398.5882101302985,393.7578218776525,396.0428466796875,69997500,0.0,0.0,0.0
2022-08-02 00:00:00-04:00,394.4520171809042,398.1929141572516,392.23448971889854,393.4300231933594,63435400,0.0,0.0,0.0
2022-08-03 00:00:00-04:00,395.58967651468544,400.7767943664001,395.30044405670463,399.5909118652344,67820600,0.0,0.0,0.0
2022-08-04 00:00:00-04:00,399.5137957330686,400.2079831115109,397.6529981156631,399.32098388671875,45656600,0.0,0.0,0.0
2022-08-05 00:00:00-04:00,394.9726576079736,399.3016703493972,394.91481111342705,398.64605712890625,56814900,0.0,0.0,0.0
2022-08-08 00:00:00-04:00,400.3622714599195,402.64729645321535,397.0648738817108,398.18328857421875,53886100,0.0,0.0,0.0
2022-08-09 00:00:00-04:00,397.4408543366811,397.95185129708426,395.51255947879093,396.60205078125,44931800,0.0,0.0,0.0
2022-08-10 00:00:00-04:00,403.7656408787986,405.0768966231263,401.77949961876027,404.9322509765625,68665700,0.0,0.0,0.0
2022-08-11 00:00:00-04:00,407.82469313274765,409.714443193001,404.1802171928921,404.9322509765625,59489700,0.0,0.0,0.0
2022-08-12 00:00:00-04:00,406.89917952863624,411.8934566554667,405.9350320019069,411.78741455078125,61694500,0.0,0.0,0.0
2022-08-15 00:00:00-04:00,409.54089346967277,414.0145516705404,409.4830469777171,413.4842529296875,54048300,0.0,0.0,0.0
2022-08-16 00:00:00-04:00,412.3948177152447,416.2514076867015,411.57528646162086,414.294189453125,59289000,0.0,0.0,0.0
2022-08-17 00:00:00-04:00,410.6400559067463,414.10134182212937,409.3191785695703,411.353515625,63563400,0.0,0.0,0.0
2022-08-18 00:00:00-04:00,411.5559721317475,413.24323019281263,410.24474570468794,412.549072265625,49023200,0.0,0.0,0.0
2022-08-19 00:00:00-04:00,409.7434244548556,410.0133845840532,406.11822035696105,407.0052490234375,68016900,0.0,0.0,0.0
2022-08-22 00:00:00-04:00,402.0977237872275,402.27129270797434,397.6144435663225,398.5303955078125,77695600,0.0,0.0,0.0
2022-08-23 00:00:00-04:00,398.0964924943304,400.5261629986592,397.0070011235412,397.56622314453125,49105200,0.0,0.0,0.0
2022-08-24 00:00:00-04:00,397.3348309816162,400.22727361905436,396.64067299514124,398.83892822265625,49177800,0.0,0.0,0.0
2022-08-25 00:00:00-04:00,400.3525844279939,404.5177085433823,399.2438207266123,404.4695129394531,50942300,0.0,0.0,0.0
2022-08-26 00:00:00-04:00,404.353870503531,404.9034122661206,390.72080950453415,390.7786560058594,103087000,0.0,0.0,0.0
2022-08-29 00:00:00-04:00,387.7801562812481,391.28963806216694,386.8160087314921,388.1947326660156,65370800,0.0,0.0,0.0
2022-08-30 00:00:00-04:00,389.37094155989246,389.6119784149594,381.80237842610035,383.9331359863281,85652400,0.0,0.0,0.0
2022-08-31 00:00:00-04:00,385.5914801432771,386.8545109407991,380.8768144432135,381.01177978515625,76029700,0.0,0.0,0.0
2022-09-01 00:00:00-04:00,378.8039576728974,382.55447646725474,376.0561311790893,382.2073974609375,78740100,0.0,0.0,0.0
2022-09-02 00:00:00-04:00,385.928969911344,387.16307756570666,376.33569027365184,378.1772155761719,99632100,0.0,0.0,0.0
2022-09-06 00:00:00-04:00,379.0353301562061,379.98982681297895,374.4942034448511,376.75030517578125,76637400,0.0,0.0,0.0
2022-09-07 00:00:00-04:00,376.4321252630457,384.29957289336346,376.2103901549736,383.51861572265625,70964200,0.0,0.0,0.0
2022-09-08 00:00:00-04:00,381.21427375529265,386.48813205166016,379.9897876647904,386.0253601074219,80821700,0.0,0.0,0.0
2022-09-09 00:00:00-04:00,388.3007750573692,392.8997777040775,388.03081492017793,392.02239990234375,76706900,0.0,0.0,0.0
2022-09-12 00:00:00-04:00,394.1242626508174,396.9685098972069,393.8157283510053,396.2357482910156,69256300,0.0,0.0,0.0
2022-09-13 00:00:00-04:00,387.4233979919248,388.64788421434486,377.8687216413271,379.00640869140625,122947100,0.0,0.0,0.0
2022-09-14 00:00:00-04:00,380.32726231946924,381.99524807295285,377.0973623368068,380.4526062011719,85023700,0.0,0.0,0.0
2022-09-15 00:00:00-04:00,378.8714460133839,381.7638889153481,374.841315964942,376.1332702636719,87633800,0.0,0.0,0.0
2022-09-16 00:00:00-04:00,371.88906644567146,373.93176039236886,369.92377860456196,373.2637634277344,103084800,1.596,0.0,0.0
2022-09-19 00:00:00-04:00,370.06900762147643,376.15838623046875,369.9915424295266,376.15838623046875,73278500,0.0,0.0,0.0
2022-09-20 00:00:00-04:00,372.7797032473781,373.80589547155324,369.0428201563846,371.84063720703125,77274900,0.0,0.0,0.0
2022-09-21 00:00:00-04:00,373.7962140899454,376.89417190872797,365.3446490641752,365.3543395996094,106746600,0.0,0.0,0.0
2022-09-22 00:00:00-04:00,364.5701212372336,366.2352682867824,361.53027728352225,362.285400390625,89472600,0.0,0.0,0.0
2022-09-23 00:00:00-04:00,358.7614618583152,358.8001944520415,351.7039755698731,356.2153625488281,122346900,0.0,0.0,0.0
2022-09-26 00:00:00-04:00,354.7245002486219,358.40329929160526,351.45229007174254,352.69146728515625,92581200,0.0,0.0,0.0
2022-09-27 00:00:00-04:00,356.2831131570082,358.5872150381313,349.36114652329246,351.7911071777344,108294100,0.0,0.0,0.0
2022-09-28 00:00:00-04:00,352.7592151460102,360.42661433893534,351.0359840028865,358.71307373046875,110802200,0.0,0.0,0.0
2022-09-29 00:00:00-04:00,355.11169319285386,355.40211377519176,348.2284594926425,351.21990966796875,112952300,0.0,0.0,0.0
2022-09-30 00:00:00-04:00,350.26147272176104,354.2404120799867,345.6532985984939,345.788818359375,153711200,0.0,0.0,0.0
2022-10-03 00:00:00-04:00,349.56448434988897,356.79625354761356,347.7541268025713,354.9181213378906,89756500,0.0,0.0,0.0
2022-10-04 00:00:00-04:00,360.5234330556987,365.9448440617728,354.87937610577814,365.9158020019531,103602800,0.0,0.0,0.0
2022-10-05 00:00:00-04:00,361.4818911122912,367.35828471949065,359.11970502740456,365.0638732910156,88065700,0.0,0.0,0.0
2022-10-06 00:00:00-04:00,363.64071738158646,366.64185805041063,360.7944775360132,361.29791259765625,82333500,0.0,0.0,0.0
2022-10-07 00:00:00-04:00,357.2028100186211,361.38504367015565,349.4289039587211,351.21990966796875,107789500,0.0,0.0,0.0
2022-10-10 00:00:00-04:00,352.3526173371149,352.59464436316824,346.26323863351894,348.53826904296875,76042800,0.0,0.0,0.0
2022-10-11 00:00:00-04:00,346.8150171580632,351.45226297366156,344.36570498195,346.3309631347656,92482800,0.0,0.0,0.0
2022-10-12 00:00:00-04:00,346.7472372769934,348.34460948482985,344.9368505941815,345.1885681152344,76991800,0.0,0.0,0.0
2022-10-13 00:00:00-04:00,338.07299260025013,355.7893870513574,337.00806787188105,354.2984924316406,147254500,0.0,0.0,0.0
2022-10-14 00:00:00-04:00,356.7962735847278,358.4517599171124,345.57590283126854,346.22454833984375,123737000,0.0,0.0,0.0
2022-10-17 00:00:00-04:00,352.4010479761125,356.2444384134882,345.8856696600057,355.1214294433594,93168200,0.0,0.0,0.0
2022-10-18 00:00:00-04:00,363.16637751238045,363.476179179006,355.79905988906506,359.2939453125,97162900,0.0,0.0,0.0
2022-10-19 00:00:00-04:00,357.22219676464755,359.99100128128833,353.89190255202044,356.7478332519531,79746900,0.0,0.0,0.0
2022-10-20 00:00:00-04:00,356.29278588794796,360.78482118707063,352.98184353003325,353.75634765625,88283100,0.0,0.0,0.0
2022-10-21 00:00:00-04:00,353.47567541764914,362.8469560784398,351.94607739987106,362.3532409667969,131038400,0.0,0.0,0.0
2022-10-24 00:00:00-04:00,363.90213588154194,367.93912975863293,361.210767237732,366.7870788574219,85436900,0.0,0.0,0.0
2022-10-25 00:00:00-04:00,366.70968797421585,372.9636582410341,366.59351972534546,372.6441955566406,78846300,0.0,0.0,0.0
2022-10-26 00:00:00-04:00,369.44943256540364,375.21934894648086,369.18805399725676,369.836669921875,104087300,0.0,0.0,0.0
2022-10-27 00:00:00-04:00,370.8531445582735,372.7215859374028,367.2324004904637,367.8616943359375,81971800,0.0,0.0,0.0
2022-10-28 00:00:00-04:00,367.7552498929273,377.09748792826366,367.57130697504016,376.6134338378906,100302000,0.0,0.0,0.0
2022-10-31 00:00:00-04:00,374.1157113964752,376.01319507548106,372.97335088370846,373.8930358886719,96631300,0.0,0.0,0.0
2022-11-01 00:00:00-04:00,377.69771999774645,377.9397470302325,371.06617339876476,372.2569274902344,85407600,0.0,0.0,0.0
2022-11-02 00:00:00-04:00,371.65668767143114,376.2358495463391,362.8081951435553,362.9146728515625,126990400,0.0,0.0,0.0
2022-11-03 00:00:00-04:00,359.6231168634692,362.2660626107666,357.02859424773015,359.17779541015625,87100100,0.0,0.0,0.0
2022-11-04 00:00:00-04:00,364.9767680429755,366.7871255340292,358.2000110766603,364.3475036621094,103505200,0.0,0.0,0.0
2022-11-07 00:00:00-05:00,365.6640596198247,368.43286382661375,363.55359129809256,367.8326416015625,68286900,0.0,0.0,0.0
2022-11-08 00:00:00-05:00,368.955660876345,372.83778378066086,365.6737898064811,369.8172912597656,84641100,0.0,0.0,0.0
2022-11-09 00:00:00-05:00,367.8133186181293,368.9847507396869,361.69486808138663,362.19830322265625,78495500,0.0,0.0,0.0
2022-11-10 00:00:00-05:00,375.67428792645353,382.4413827626531,373.34117370541486,382.1025390625,141455800,0.0,0.0,0.0
2022-11-11 00:00:00-05:00,382.97386221027097,386.6139579538949,381.0569976240261,385.8007507324219,93839900,0.0,0.0,0.0
2022-11-14 00:00:00-05:00,384.0097545789701,387.41748438480215,382.2381002476581,382.51885986328125,71903500,0.0,0.0,0.0
2022-11-15 00:00:00-05:00,388.3565737811593,389.47958276693697,381.90897003458116,385.7814025878906,93194500,0.0,0.0,0.0
2022-11-16 00:00:00-05:00,384.12591912324734,385.0940271939793,382.19939351667114,382.8383483886719,68508500,0.0,0.0,0.0
2022-11-17 00:00:00-05:00,378.0075139098086,382.35433975366595,377.69774174407075,381.6669616699219,74496300,0.0,0.0,0.0
2022-11-18 00:00:00-05:00,385.0552978511204,385.12307250727935,380.50520760683605,383.39984130859375,92922500,0.0,0.0,0.0
2022-11-21 00:00:00-05:00,382.05412991047814,383.1964901839237,380.1372655619182,382.0057067871094,51243200,0.0,0.0,0.0
2022-11-22 00:00:00-05:00,383.9807810243877,387.31107577747184,382.54797017432895,387.146484375,60429000,0.0,0.0,0.0
2022-11-23 00:00:00-05:00,386.80759491321874,390.0798051483823,386.57525841416384,389.5860900878906,68261600,0.0,0.0,0.0
2022-11-25 00:00:00-05:00,389.0148168592916,390.06039002319216,388.73408681681116,389.4988708496094,30545400,0.0,0.0,0.0
2022-11-28 00:00:00-05:00,386.36223739115604,388.0273844157478,382.5091567235635,383.2836608886719,67881600,0.0,0.0,0.0
2022-11-29 00:00:00-05:00,383.4191923810261,384.6293274782321,380.75689516717284,382.6253662109375,52310000,0.0,0.0,0.0
2022-11-30 00:00:00-05:00,382.8770441697149,394.67828369140625,380.93116707462434,394.67828369140625,144566700,0.0,0.0,0.0
2022-12-01 00:00:00-05:00,395.73356392168427,396.9243476004395,391.8417797348241,394.3879089355469,76398200,0.0,0.0,0.0
2022-12-02 00:00:00-05:00,389.421474142032,394.8525462750853,389.3149964347865,393.932861328125,85342700,0.0,0.0,0.0
2022-12-05 00:00:00-05:00,391.0672801702586,392.0160072031906,385.47161651460664,386.8463134765625,77289800,0.0,0.0,0.0
2022-12-06 00:00:00-05:00,386.68173913539505,387.23353828278186,379.1498595166637,381.2699890136719,77972200,0.0,0.0,0.0
2022-12-07 00:00:00-05:00,380.408352952733,383.02225632283387,379.46928702806974,380.621337890625,65927900,0.0,0.0,0.0
2022-12-08 00:00:00-05:00,382.5382845575942,384.6874563778593,380.7278974242171,383.6031799316406,60737900,0.0,0.0,0.0
2022-12-09 00:00:00-05:00,382.34461180442423,384.9391343975422,380.61169004921084,380.737548828125,81447700,0.0,0.0,0.0
2022-12-12 00:00:00-05:00,381.541016019314,386.2266845703125,380.863358170197,386.2266845703125,75405800,0.0,0.0,0.0
2022-12-13 00:00:00-05:00,397.1373131113237,397.3986916670746,386.3429135109124,389.1504211425781,123782500,0.0,0.0,0.0
2022-12-14 00:00:00-05:00,388.8018640572586,392.5678185944661,383.6709031535273,386.662353515625,108111300,0.0,0.0,0.0
2022-12-15 00:00:00-05:00,381.72502796329087,382.6447425144485,375.5194807819786,377.2039794921875,117705900,0.0,0.0,0.0
2022-12-16 00:00:00-05:00,374.6081606332755,375.9697296359035,370.5818044626485,372.7505798339844,119858000,1.781,0.0,0.0
2022-12-19 00:00:00-05:00,372.94516586303337,373.2855655915993,367.8976098216788,369.58984375,79878100,0.0,0.0,0.0
2022-12-20 00:00:00-05:00,368.8215381242692,371.73919912766667,367.4794093139092,370.0955810546875,74427200,0.0,0.0,0.0
2022-12-21 00:00:00-05:00,372.7311740650767,376.7770006771916,372.18654641344403,375.62939453125,78167400,0.0,0.0,0.0
2022-12-22 00:00:00-05:00,372.53669755123815,375.6099709255955,364.4839537860179,370.2706604003906,100120900,0.0,0.0,0.0
2022-12-23 00:00:00-05:00,369.23000863299654,372.5464203328279,367.6544763777066,372.4005432128906,59857300,0.0,0.0,0.0
2022-12-27 00:00:00-05:00,372.2838095828673,372.6339146406852,369.2299769608773,370.93194580078125,51638200,0.0,0.0,0.0
2022-12-28 00:00:00-05:00,370.8638299145596,372.86731752099735,366.0886181313829,366.322021484375,70911500,0.0,0.0,0.0
2022-12-29 00:00:00-05:00,369.210527749917,373.8009819270414,368.6756054621705,372.91595458984375,66970900,0.0,0.0,0.0
2022-12-30 00:00:00-05:00,370.1928356385573,372.0795624142601,368.04347070214413,371.9336853027344,84022200,0.0,0.0,0.0
2023-01-03 00:00:00-05:00,373.8204738038734,375.82393212052364,367.45996407626393,370.367919921875,74850700,0.0,0.0,0.0
2023-01-04 00:00:00-05:00,372.66313609502436,375.2890430729455,369.5704223156842,373.22723388671875,85934100,0.0,0.0,0.0
2023-01-05 00:00:00-05:00,371.2431484923888,371.3598501715409,368.3643982467122,368.9673767089844,76970500,0.0,0.0,0.0
2023-01-06 00:00:00-05:00,372.1087194761713,378.5664896409065,368.9965657572466,377.4285888671875,104189600,0.0,0.0,0.0
2023-01-09 00:00:00-05:00,379.655718478334,382.89433836870296,377.02984174341753,377.214599609375,73978100,0.0,0.0,0.0
2023-01-10 00:00:00-05:00,376.6213948091675,379.9280712291458,375.66828156294616,379.8599853515625,65358100,0.0,0.0,0.0
2023-01-11 00:00:00-05:00,381.46471814403117,384.74221910397046,380.6380416286801,384.6643981933594,68881100,0.0,0.0,0.0
2023-01-12 00:00:00-05:00,385.7828611881873,387.55288623670253,381.6495082637205,386.06488037109375,90157700,0.0,0.0,0.0
2023-01-13 00:00:00-05:00,382.816555600805,388.1461601850846,382.5442417712421,387.5626220703125,63903900,0.0,0.0,0.0
2023-01-17 00:00:00-05:00,387.5431956054255,389.2451645213337,386.162156340182,386.8526611328125,62677300,0.0,0.0,0.0
2023-01-18 00:00:00-05:00,388.05864820653454,389.1381685306222,380.54079767507005,380.7450256347656,99632300,0.0,0.0,0.0
2023-01-19 00:00:00-05:00,378.67344616603674,380.3462395042257,376.63110740009114,377.9732360839844,86958900,0.0,0.0,0.0
2023-01-20 00:00:00-05:00,379.3932278546298,385.1701995656005,377.7204341996015,385.01458740234375,91806400,0.0,0.0,0.0
2023-01-23 00:00:00-05:00,385.8314973384333,391.59873354095026,384.8589436578746,389.6341857910156,84178800,0.0,0.0,0.0
2023-01-24 00:00:00-05:00,387.9322254081143,390.13991162689183,386.72626831521177,389.21600341796875,59524900,0.0,0.0,0.0
2023-01-25 00:00:00-05:00,385.08261694038765,389.70224662614316,382.75819954684823,389.3618469238281,84800300,0.0,0.0,0.0
2023-01-26 00:00:00-05:00,392.06558102321446,393.8064604707895,389.0506585926609,393.64111328125,72287400,0.0,0.0,0.0
2023-01-27 00:00:00-05:00,392.580984664741,396.95747580818875,392.3670216883065,394.5455322265625,68346200,0.0,0.0,0.0
2023-01-30 00:00:00-05:00,391.74461120555515,394.01067790522023,389.2937866119096,389.59527587890625,74202000,0.0,0.0,0.0
2023-01-31 00:00:00-05:00,390.1204405657477,395.3722242077225,389.7703058269594,395.3236083984375,86811800,0.0,0.0,0.0
2023-02-01 00:00:00-05:00,394.0884832171133,402.31630902963934,391.3069938338601,399.5250549316406,101459200,0.0,0.0,0.0
2023-02-02 00:00:00-05:00,403.4735957851183,406.82891777283385,401.5479585399791,405.3409118652344,101654500,0.0,0.0,0.0
2023-02-03 00:00:00-05:00,400.293411875996,405.5257560282153,399.8071349797672,401.0325622558594,94736800,0.0,0.0,0.0
2023-02-06 00:00:00-05:00,398.5427842611162,400.0016147936477,396.89916615339877,398.5816650390625,60295300,0.0,0.0,0.0
2023-02-07 00:00:00-05:00,397.64797936889096,405.05883293441605,396.3836715809593,403.7945251464844,90990700,0.0,0.0,0.0
2023-02-08 00:00:00-05:00,401.7910634252605,403.15263249506677,398.67888011143515,399.3791198730469,76227500,0.0,0.0,0.0
2023-02-09 00:00:00-05:00,403.0359079749854,403.1915200998562,394.6719417630429,395.91680908203125,78694900,0.0,0.0,0.0
2023-02-10 00:00:00-05:00,394.72063068835496,397.2298358567524,393.89398378681244,396.8408203125,70769700,0.0,0.0,0.0
2023-02-13 00:00:00-05:00,397.5021169618004,401.6354698489654,397.0352805391627,401.4992980957031,64913500,0.0,0.0,0.0
2023-02-14 00:00:00-05:00,399.9529458498895,403.6583728108521,397.29789343155113,401.3145446777344,88389300,0.0,0.0,0.0
2023-02-15 00:00:00-05:00,399.0874231152889,402.6955890896142,398.2315710968003,402.6177978515625,61555700,0.0,0.0,0.0
2023-02-16 00:00:00-05:00,397.57020007302543,401.577116212856,396.9380461600877,397.0741882324219,76431500,0.0,0.0,0.0
2023-02-17 00:00:00-05:00,394.91513808768576,396.32535277125834,392.9602957271431,396.08221435546875,89257800,0.0,0.0,0.0
2023-02-21 00:00:00-05:00,391.9974833836442,393.0672983662687,387.87386528332746,388.1364440917969,82655900,0.0,0.0,0.0
2023-02-22 00:00:00-05:00,388.5546155445645,390.12044232234103,386.12323146974126,387.6015319824219,83742300,0.0,0.0,0.0
2023-02-23 00:00:00-05:00,390.53865297081995,391.1611015717813,385.3743953096495,389.6633605957031,96242400,0.0,0.0,0.0
2023-02-24 00:00:00-05:00,384.5671807726759,386.34694090885995,382.8360364474327,385.5008239746094,108194400,0.0,0.0,0.0
2023-02-27 00:00:00-05:00,388.8950311578683,390.27607042804783,385.8606684571724,386.81378173828125,80444700,0.0,0.0,0.0
2023-02-28 00:00:00-05:00,386.3275029980239,388.3212261391017,385.2771284191281,385.3841247558594,96438600,0.0,0.0,0.0
2023-03-01 00:00:00-05:00,384.55747733552965,385.80234493371916,382.5831944334013,383.9058532714844,99706800,0.0,0.0,0.0
2023-03-02 00:00:00-05:00,381.90239611941047,387.7474536038857,381.5619963738614,386.8916015625,85127800,0.0,0.0,0.0
2023-03-03 00:00:00-05:00,388.7394149844705,393.34933951355396,388.07808561911077,393.0964660644531,90120000,0.0,0.0,0.0
2023-03-06 00:00:00-05:00,393.9328119082538,396.26696422172915,392.92137756439274,393.3687438964844,72795900,0.0,0.0,0.0
2023-03-07 00:00:00-05:00,393.32012587469677,393.56326426598275,386.7164788569753,387.3388977050781,108310600,0.0,0.0,0.0
2023-03-08 00:00:00-05:00,387.4557085805599,388.7394569932257,385.7050939960393,387.9711608886719,74746600,0.0,0.0,0.0
2023-03-09 00:00:00-05:00,388.76856104581975,390.460824468176,379.8113508274083,380.8130798339844,111945300,0.0,0.0,0.0
2023-03-10 00:00:00-05:00,380.2587356685714,382.36919011248045,373.77181955384776,375.31817626953125,189253000,0.0,0.0,0.0
2023-03-13 00:00:00-04:00,371.3307407756971,379.67526847851315,370.202574876669,374.7832946777344,157790000,0.0,0.0,0.0
2023-03-14 00:00:00-04:00,379.78223332917065,382.6512787179918,376.42691107309065,380.9784851074219,149752400,0.0,0.0,0.0
2023-03-15 00:00:00-04:00,375.2987615157987,378.79993109159176,373.1785718931445,378.595703125,172996900,0.0,0.0,0.0
2023-03-16 00:00:00-04:00,376.20318818271176,385.5883244245357,375.687735965326,385.2381896972656,143254200,0.0,0.0,0.0
2023-03-17 00:00:00-04:00,383.887082101071,385.0390681236539,379.3279095702222,380.7337341308594,140553400,1.506,0.0,0.0
2023-03-20 00:00:00-04:00,381.5245220955287,384.81456165518904,380.81186739189945,384.3947448730469,93055800,0.0,0.0,0.0
2023-03-21 00:00:00-04:00,387.81164034857824,389.93014927939254,386.19103628299194,389.4420166015625,91524200,0.0,0.0,0.0
2023-03-22 00:00:00-04:00,389.2663386687201,392.9370765490643,382.76440711193425,382.8034362792969,111746600,0.0,0.0,0.0
2023-03-23 00:00:00-04:00,385.7127002711169,389.81302694241083,381.08521172545414,383.8382873535156,119351300,0.0,0.0,0.0
2023-03-24 00:00:00-04:00,382.5398541415653,386.44491598024183,380.157764036512,386.3570556640625,107682400,0.0,0.0,0.0
2023-03-27 00:00:00-04:00,388.67078517878787,389.45181539262114,386.17154808103413,387.0794677734375,74010400,0.0,0.0,0.0
2023-03-28 00:00:00-04:00,386.3765197112767,387.07943194203085,384.3459009297945,386.2105712890625,62871700,0.0,0.0,0.0
2023-03-29 00:00:00-04:00,390.4378172098007,392.0681935491023,389.2174854506173,391.8241271972656,77497900,0.0,0.0,0.0
2023-03-30 00:00:00-04:00,394.499105722034,394.752944275197,392.22442031177076,394.1183776855469,69840000,0.0,0.0,0.0
2023-03-31 00:00:00-04:00,395.0555028949014,399.97588813754885,394.948098224026,399.6732482910156,112062600,0.0,0.0,0.0
2023-04-03 00:00:00-04:00,399.1461257075598,401.60630385753416,398.7458533073793,401.1962890625,67391100,0.0,0.0,0.0
2023-04-04 00:00:00-04:00,401.8503937687248,402.14329128988817,397.57434618176046,398.9704284667969,66601500,0.0,0.0,0.0
2023-04-05 00:00:00-04:00,398.2283905984215,398.99964854399485,396.24657318884954,397.9257507324219,65200200,0.0,0.0,0.0
2023-04-06 00:00:00-04:00,397.11542171281195,399.7611221026856,396.05129612076314,399.4779968261719,63743300,0.0,0.0,0.0
2023-04-10 00:00:00-04:00,396.9592349903328,399.9661489171622,396.33444066617903,399.8880310058594,63681000,0.0,0.0,0.0
2023-04-11 00:00:00-04:00,400.5226750862286,401.42082262056886,399.21448295177146,399.9954833984375,59297900,0.0,0.0,0.0
2023-04-12 00:00:00-04:00,402.0944535428723,402.3873510592303,397.76960466996434,398.3651123046875,86420400,0.0,0.0,0.0
2023-04-13 00:00:00-04:00,399.4682766371875,404.01767706083143,398.30651840616065,403.6564636230469,85814800,0.0,0.0,0.0
2023-04-14 00:00:00-04:00,403.01213954126,405.2380235838708,400.32740954369945,402.6704406738281,78161500,0.0,0.0,0.0
2023-04-17 00:00:00-04:00,402.5825820088245,404.1348405113149,401.33296341474846,404.1153259277344,66436400,0.0,0.0,0.0
2023-04-18 00:00:00-04:00,405.7163851580051,405.85307662262966,402.9828537980865,404.37890625,63560000,0.0,0.0,0.0
2023-04-19 00:00:00-04:00,402.4361042915331,405.2282088953984,402.37753075391737,404.310546875,55227300,0.0,0.0,0.0
2023-04-20 00:00:00-04:00,401.45010657003843,403.8810277952159,400.5324146653663,402.1042175292969,75840400,0.0,0.0,0.0
2023-04-21 00:00:00-04:00,402.4068232714908,402.88518376660477,400.43477795932785,402.4165954589844,73457400,0.0,0.0,0.0
2023-04-24 00:00:00-04:00,402.2115711092439,403.2659544215272,400.8545777008074,402.8363952636719,64332100,0.0,0.0,0.0
2023-04-25 00:00:00-04:00,400.835027718225,401.40127832441146,396.3832599565924,396.44183349609375,97766700,0.0,0.0,0.0
2023-04-26 00:00:00-04:00,397.0666666428056,398.1600791292905,394.196443969155,394.7626647949219,80447000,0.0,0.0,0.0
2023-04-27 00:00:00-04:00,397.3400433377577,402.89499620424493,397.08620478360126,402.62164306640625,92968400,0.0,0.0,0.0
2023-04-28 00:00:00-04:00,401.72342384747225,406.06781662104476,401.664850309275,406.05804443359375,89335600,0.0,0.0,0.0
2023-05-01 00:00:00-04:00,405.6090123285051,407.70797711128876,405.4137473189756,405.6480712890625,62122300,0.0,0.0,0.0
2023-05-02 00:00:00-04:00,404.92561380956795,404.97444495848515,398.1405867437011,401.0888977050781,103998500,0.0,0.0,0.0
2023-05-03 00:00:00-04:00,401.5965692023458,404.0470051864824,398.0917795677543,398.3358459472656,91531800,0.0,0.0,0.0
2023-05-04 00:00:00-04:00,397.2717007439784,397.6036274287439,394.15741150974975,395.5144348144531,94901900,0.0,0.0,0.0
2023-05-05 00:00:00-04:00,399.20468679751195,403.90052097050494,398.9411058660689,402.8363952636719,87844000,0.0,0.0,0.0
2023-05-08 00:00:00-04:00,403.16833839700206,403.43191933921526,401.51844742629083,402.94378662109375,50046800,0.0,0.0,0.0
2023-05-09 00:00:00-04:00,401.3719922891204,402.30919871611195,400.9424331364878,401.1767272949219,49220100,0.0,0.0,0.0
2023-05-10 00:00:00-04:00,404.0566995591368,404.701038252146,399.1656007218526,403.0511474609375,96142900,0.0,0.0,0.0
2023-05-11 00:00:00-04:00,402.17257648308765,402.6411648458955,400.2395601067313,402.3482971191406,70157100,0.0,0.0,0.0
2023-05-12 00:00:00-04:00,403.6076884724081,403.8224680700693,399.36092766921416,401.82110595703125,70439400,0.0,0.0,0.0
2023-05-15 00:00:00-04:00,402.436139423994,403.61741226004193,400.49338073920967,403.2073974609375,54289400,0.0,0.0,0.0
2023-05-16 00:00:00-04:00,402.084651403624,403.02188763424687,400.50310623017407,400.51287841796875,57705500,0.0,0.0,0.0
2023-05-17 00:00:00-04:00,402.56307599694355,405.9897475668828,400.89367037090864,405.3747253417969,87287000,0.0,0.0,0.0
2023-05-18 00:00:00-04:00,405.0525087696487,409.7093137984169,404.82798679518356,409.2797546386719,97177200,0.0,0.0,0.0
2023-05-19 00:00:00-04:00,410.1974332998271,410.73436733560357,407.44435780820777,408.6842041015625,103679700,0.0,0.0,0.0
2023-05-22 00:00:00-04:00,408.70372485313624,410.41218915054367,407.4443342575079,408.85015869140625,60745400,0.0,0.0,0.0
2023-05-23 00:00:00-04:00,407.1807733761806,408.78186298584313,403.8614768651625,404.2617492675781,86383500,0.0,0.0,0.0
2023-05-24 00:00:00-04:00,402.6314270827425,403.021927320661,400.15170439240933,401.3329772949219,89213700,0.0,0.0,0.0
2023-05-25 00:00:00-04:00,404.89627094850226,406.28258081763624,402.62158585257674,404.80841064453125,90961600,0.0,0.0,0.0
2023-05-26 00:00:00-04:00,405.4722774495331,410.78316337292216,405.3941893300366,410.05096435546875,93830000,0.0,0.0,0.0
2023-05-30 00:00:00-04:00,412.0132807654795,412.5502148119157,408.8013592948245,410.2071838378906,72216000,0.0,0.0,0.0
2023-05-31 00:00:00-04:00,408.35228208033544,409.2699739212783,406.341177780377,407.9324951171875,110811800,0.0,0.0,0.0
2023-06-01 00:00:00-04:00,408.16683806244146,412.8822170971405,406.89770483365453,411.8083190917969,88865000,0.0,0.0,0.0
2023-06-02 00:00:00-04:00,414.4246481068469,418.5640037272411,413.887714072538,417.76348876953125,91366700,0.0,0.0,0.0
2023-06-05 00:00:00-04:00,418.11493766343403,419.42312970341555,416.2502672039309,416.96295166015625,65460200,0.0,0.0,0.0
2023-06-06 00:00:00-04:00,416.54320389747755,418.4078447392131,415.8793207306928,417.87091064453125,64022200,0.0,0.0,0.0
2023-06-07 00:00:00-04:00,418.27115078167213,419.42313680445363,415.99643571315283,416.4259948730469,85373300,0.0,0.0,0.0
2023-06-08 00:00:00-04:00,416.4943882481069,419.40367020143503,415.71338775527494,418.94482421875,61952800,0.0,0.0,0.0
2023-06-09 00:00:00-04:00,419.75507622792645,421.73689386045237,418.69095048368905,419.6965026855469,85742800,0.0,0.0,0.0
2023-06-12 00:00:00-04:00,420.69225669137,423.5819936407373,419.96005771548874,423.5038757324219,76104300,0.0,0.0,0.0
2023-06-13 00:00:00-04:00,424.987858971068,426.9501321559242,424.31423346494773,426.2960510253906,95899700,0.0,0.0,0.0
2023-06-14 00:00:00-04:00,426.63773199392205,428.6390640528295,423.29889137336073,426.8036804199219,100612100,0.0,0.0,0.0
2023-06-15 00:00:00-04:00,425.97385926819544,433.36419532994097,425.87625656500063,432.0950622558594,110303100,0.0,0.0,0.0
2023-06-16 00:00:00-04:00,434.11167306313797,434.68980566142784,430.143123064739,430.6232604980469,114121300,1.638,0.0,0.0
2023-06-20 00:00:00-04:00,428.6536890512717,429.5551727803794,426.28233768676193,428.38909912109375,76160400,0.0,0.0,0.0
2023-06-21 00:00:00-04:00,427.38962205489645,428.20291911206095,425.596403268636,426.19415283203125,76982300,0.0,0.0,0.0
2023-06-22 00:00:00-04:00,425.2240538749116,427.8403482058165,424.8810857679148,427.7325744628906,70637200,0.0,0.0,0.0
2023-06-23 00:00:00-04:00,424.2245633681455,426.31173775354284,423.773821498825,424.4989318847656,92074500,0.0,0.0,0.0
2023-06-26 00:00:00-04:00,423.9207915300618,425.8707666694791,422.5195534138366,422.7645263671875,72823600,0.0,0.0,0.0
2023-06-27 00:00:00-04:00,423.6562202577382,428.0265292563874,423.1956699215092,427.3994140625,72813700,0.0,0.0,0.0
2023-06-28 00:00:00-04:00,426.3019393514287,428.64389523763845,425.67482411457155,427.6150207519531,75636000,0.0,0.0,0.0
2023-06-29 00:00:00-04:00,427.1936231206025,429.4669792861338,426.7820853085213,429.3003845214844,67882300,0.0,0.0,0.0
2023-06-30 00:00:00-04:00,432.5634880659264,435.36596458062223,432.24010698873656,434.3664855957031,104921500,0.0,0.0,0.0
2023-07-03 00:00:00-04:00,434.0137098156611,435.15035804216234,433.72953280707276,434.8662109375,32793400,0.0,0.0,0.0
2023-07-05 00:00:00-04:00,433.02398272924887,434.96417923089456,433.0141742421334,434.2194519042969,58418400,0.0,0.0,0.0
2023-07-06 00:00:00-04:00,430.5840799154667,431.25039918109724,428.2715196529676,430.8192443847656,80658300,0.0,0.0,0.0
2023-07-07 00:00:00-04:00,429.8099449554206,433.73932064209856,429.4865639152704,429.7315368652344,86076100,0.0,0.0,0.0
2023-07-10 00:00:00-04:00,429.36899371492973,430.9956177367398,428.7908611252863,430.8192443847656,62443500,0.0,0.0,0.0
2023-07-11 00:00:00-04:00,431.59339539722845,434.0627121973904,430.6036950179592,433.5629577636719,64463800,0.0,0.0,0.0
2023-07-12 00:00:00-04:00,437.41391565228014,438.48199412750967,435.96366502055844,437.05133056640625,91924500,0.0,0.0,0.0
2023-07-13 00:00:00-04:00,438.8935176753618,441.32366002967194,438.4525843213434,440.5201416015625,72425200,0.0,0.0,0.0
2023-07-14 00:00:00-04:00,441.4216707007736,442.28395036913247,439.47166567583804,440.24578857421875,69761800,0.0,0.0,0.0
2023-07-17 00:00:00-04:00,440.0988378649684,442.84252312385723,440.04982532939,441.7744445800781,52680200,0.0,0.0,0.0
2023-07-18 00:00:00-04:00,441.44126466498665,445.71357864393127,441.0003013846613,445.05706787109375,80744400,0.0,0.0,0.0
2023-07-19 00:00:00-04:00,445.8606016028815,447.25203128794317,444.9786750120404,446.0467834472656,65891700,0.0,0.0,0.0
2023-07-20 00:00:00-04:00,445.0374683798717,445.94876056959123,442.36235302200134,443.08746337890625,70591600,0.0,0.0,0.0
2023-07-21 00:00:00-04:00,444.8316695727033,445.0374683798717,443.0776847956537,443.08746337890625,71245400,0.0,0.0,0.0
2023-07-24 00:00:00-04:00,444.253567541694,445.8900001047307,443.2050760751225,445.06689453125,54023400,0.0,0.0,0.0
2023-07-25 00:00:00-04:00,444.79252703986185,447.5557993629915,444.7435145044189,446.2819519042969,55191200,0.0,0.0,0.0
2023-07-26 00:00:00-04:00,445.3314595016869,447.8007762494863,444.2633809515064,446.3505554199219,71052900,0.0,0.0,0.0
2023-07-27 00:00:00-04:00,449.78995863000523,450.2015263760867,442.470165112416,443.3912658691406,92194400,0.0,0.0,0.0
2023-07-28 00:00:00-04:00,446.7131123298341,448.57490090975745,443.39126452289526,447.7322082519531,80011800,0.0,0.0,0.0
2023-07-31 00:00:00-04:00,448.21235309396303,448.947272011628,446.87968457322177,448.584716796875,62040400,0.0,0.0,0.0
2023-08-01 00:00:00-04:00,447.0952570826859,448.0555618899852,446.3309426128524,447.3010559082031,55291500,0.0,0.0,0.0
2023-08-02 00:00:00-04:00,444.13596249388127,444.40052251693686,440.3143904190101,441.0787048339844,93933400,0.0,0.0,0.0
2023-08-03 00:00:00-04:00,439.0307347443621,441.72543722075034,438.37419407420606,439.81463623046875,64276100,0.0,0.0,0.0
2023-08-04 00:00:00-04:00,441.65681986309863,443.79297674520456,437.29628952411554,437.825439453125,100052300,0.0,0.0,0.0
2023-08-07 00:00:00-04:00,439.68728043413097,441.8038504994439,438.9817570790267,441.6470642089844,58357500,0.0,0.0,0.0
2023-08-08 00:00:00-04:00,439.0698997731577,441.63724138031097,436.31640623765566,439.7264404296875,71361300,0.0,0.0,0.0
2023-08-09 00:00:00-04:00,440.0008483598165,440.1674431366444,436.0126812432423,436.78680419921875,78789600,0.0,0.0,0.0
2023-08-10 00:00:00-04:00,439.1777251921566,442.61715511221814,435.7579122473642,436.9435729980469,93005500,0.0,0.0,0.0
2023-08-11 00:00:00-04:00,435.04260106718414,437.7177166767268,434.43507288354874,436.6888122558594,68664600,0.0,0.0,0.0
2023-08-14 00:00:00-04:00,435.7578994458143,439.09930419921875,435.44432688997654,439.09930419921875,47867400,0.0,0.0,0.0
2023-08-15 00:00:00-04:00,437.29629253406057,437.6588776108281,433.40612098341217,433.9842834472656,75707500,0.0,0.0,0.0
2023-08-16 00:00:00-04:00,433.5629857188568,435.24840107638033,430.6919094697513,430.7997131347656,80107200,0.0,0.0,0.0
2023-08-17 00:00:00-04:00,432.2890665332741,432.5536265516928,426.98784835025384,427.5169982910156,95711300,0.0,0.0,0.0
2023-08-18 00:00:00-04:00,424.6557121470417,428.7712697419343,424.30296544664094,427.7227783203125,98758400,0.0,0.0,0.0
2023-08-21 00:00:00-04:00,428.75163111418624,431.2601516478784,426.5664916101218,430.5056457519531,68719000,0.0,0.0,0.0
2023-08-22 00:00:00-04:00,432.3086399314038,432.3086399314038,428.7712450281558,429.3395690917969,65062900,0.0,0.0,0.0
2023-08-23 00:00:00-04:00,430.41750043586205,434.7486356241566,430.27052263732946,434.1214904785156,68441000,0.0,0.0,0.0
2023-08-24 00:00:00-04:00,435.7480941562773,436.26743562272776,428.07552448891664,428.1049499511719,88517300,0.0,0.0,0.0
2023-08-25 00:00:00-04:00,429.8589475039307,432.42625935389697,426.25295269029755,431.1230163574219,102325100,0.0,0.0,0.0
2023-08-28 00:00:00-04:00,433.3473706832324,434.48404884002144,431.1230269054722,433.85693359375,61595400,0.0,0.0,0.0
2023-08-29 00:00:00-04:00,433.7491292356068,440.41241187799994,433.56294738843866,440.12823486328125,83081900,0.0,0.0,0.0
2023-08-30 00:00:00-04:00,440.4712022401119,442.5877722590719,439.7558704125424,441.9410400390625,69053900,0.0,0.0,0.0
2023-08-31 00:00:00-04:00,442.56809778697584,443.72436286165834,441.1080686656212,441.29425048828125,66084600,0.0,0.0,0.0
2023-09-01 00:00:00-04:00,444.0575977292076,444.54754364858826,440.637754877261,442.1174011230469,58875700,0.0,0.0,0.0
2023-09-05 00:00:00-04:00,441.6666325725609,441.9899837020936,440.1380037887402,440.2065734863281,55166200,0.0,0.0,0.0
2023-09-06 00:00:00-04:00,439.383502038816,439.4913056929659,434.885802010405,437.2473449707031,70758500,0.0,0.0,0.0
2023-09-07 00:00:00-04:00,434.1998750268418,436.59081359773234,433.8471283051991,435.9049072265625,70355400,0.0,0.0,0.0
2023-09-08 00:00:00-04:00,435.9538732116059,438.1194258028025,435.5913180157864,436.5614013671875,61659700,0.0,0.0,0.0
2023-09-11 00:00:00-04:00,439.2266658025256,439.7460072307374,437.49226818089505,439.4324645996094,60180100,0.0,0.0,0.0
2023-09-12 00:00:00-04:00,437.9626903976125,439.51090641972337,436.4340614478074,437.02197265625,67565400,0.0,0.0,0.0
2023-09-13 00:00:00-04:00,437.2473476452618,438.7073769496757,436.13025656924015,437.5315246582031,60199300,0.0,0.0,0.0
2023-09-14 00:00:00-04:00,440.04000776850955,442.009569906928,438.7171478878904,441.3040466308594,83430800,0.0,0.0,0.0
2023-09-15 00:00:00-04:00,439.6943637992302,440.0286986129024,435.54463286220385,435.98712158203125,111761400,1.583,0.0,0.0
2023-09-18 00:00:00-04:00,435.672439049655,437.560480932324,435.19060800033236,436.2427978515625,55752200,0.0,0.0,0.0
2023-09-19 00:00:00-04:00,435.30860500032054,435.90846304996626,432.61424034328974,435.3381042480469,66514600,0.0,0.0,0.0
2023-09-20 00:00:00-04:00,436.6164515905319,437.0392841217368,431.129351732427,431.33587646484375,82562600,0.0,0.0,0.0
2023-09-21 00:00:00-04:00,428.4448632635587,428.7103564992815,424.04929519347553,424.2066345214844,103976100,0.0,0.0,0.0
2023-09-22 00:00:00-04:00,425.24900355602045,426.8715223224613,422.82994502192753,423.2528076171875,100829700,0.0,0.0,0.0
2023-09-25 00:00:00-04:00,422.0236103596925,425.0719661344944,421.5810916133327,425.03265380859375,70874500,0.0,0.0,0.0
2023-09-26 00:00:00-04:00,421.9449000988157,422.66275512998897,417.9426654895833,418.7883605957031,96168400,0.0,0.0,0.0
2023-09-27 00:00:00-04:00,419.97819594265115,420.5485547267416,415.2581363975362,418.95550537109375,104705800,0.0,0.0,0.0
2023-09-28 00:00:00-04:00,418.395042212237,423.0856027631327,417.7951841490402,421.3843994140625,92258300,0.0,0.0,0.0
2023-09-29 00:00:00-04:00,424.48192564564795,424.6589211172839,418.81783047805635,420.3616943359375,115078500,0.0,0.0,0.0
2023-10-02 00:00:00-04:00,419.51603684912214,421.463077239655,417.3920009711066,420.1945495605469,83798600,0.0,0.0,0.0
2023-10-03 00:00:00-04:00,417.9820441684681,420.25357643946734,413.1832994543436,414.56982421875,103760600,0.0,0.0,0.0
2023-10-04 00:00:00-04:00,415.0418156385939,418.345851454056,413.5569501331528,417.58868408203125,87453000,0.0,0.0,0.0
2023-10-05 00:00:00-04:00,417.2936522886069,418.28684363202643,414.15679895478104,417.43133544921875,70142700,0.0,0.0,0.0
2023-10-06 00:00:00-04:00,414.94346711236153,423.9509407889787,413.59628479558955,422.3874206542969,113202700,0.0,0.0,0.0
2023-10-09 00:00:00-04:00,420.4600220101341,425.67178562276524,419.89953632747483,425.09161376953125,80374400,0.0,0.0,0.0
2023-10-10 00:00:00-04:00,425.73077505083967,429.9395041755486,425.3275986849248,427.30413818359375,78607300,0.0,0.0,0.0
2023-10-11 00:00:00-04:00,428.3858348043182,429.31015452643254,425.9667765659611,429.05450439453125,62451700,0.0,0.0,0.0
2023-10-12 00:00:00-04:00,429.67403645075944,430.05752666926685,424.04928317386,426.4388122558594,81154200,0.0,0.0,0.0
2023-10-13 00:00:00-04:00,427.9629718061334,429.18234400926883,422.7217389807399,424.31475830078125,95143100,0.0,0.0,0.0
2023-10-16 00:00:00-04:00,426.5961405123643,429.8608638701462,426.3503034524603,428.7791748046875,75433200,0.0,0.0,0.0
2023-10-17 00:00:00-04:00,425.602981795996,430.84424511998844,425.24899080712765,428.759521484375,75324700,0.0,0.0,0.0
2023-10-18 00:00:00-04:00,426.9600016942254,427.93350691030435,421.9449193515788,423.0462646484375,93559800,0.0,0.0,0.0
2023-10-19 00:00:00-04:00,423.7739773166494,425.6128339030893,418.6408978033985,419.3292236328125,121323000,0.0,0.0,0.0
2023-10-20 00:00:00-04:00,418.8866991661608,419.4373717864964,414.0682687241133,414.17645263671875,123845800,0.0,0.0,0.0
2023-10-23 00:00:00-04:00,412.62273565059235,417.3821674835899,410.84287775821616,413.4585876464844,92035100,0.0,0.0,0.0
2023-10-24 00:00:00-04:00,415.61214406495554,417.7460230342554,413.7339452511739,416.5758361816406,78564200,0.0,0.0,0.0
2023-10-25 00:00:00-04:00,414.86486534088925,414.89436459211885,410.07593348892937,410.59710693359375,94223200,0.0,0.0,0.0
2023-10-26 00:00:00-04:00,409.51537993310467,410.3807011624175,404.74613504430465,405.6802978515625,115156800,0.0,0.0,0.0
2023-10-27 00:00:00-04:00,407.2930539981104,407.6962304212655,402.3959684296275,403.84149169921875,107367700,0.0,0.0,0.0
2023-10-30 00:00:00-04:00,406.6735124431094,409.7415542764645,405.355829348497,408.6697082519531,86562700,0.0,0.0,0.0
2023-10-31 00:00:00-04:00,409.2498539668474,411.5607282799098,407.3126567779491,411.2362365722656,79665200,0.0,0.0,0.0
2023-11-01 00:00:00-04:00,412.219571918426,416.44795711798713,411.67871241003235,415.6219482421875,98068100,0.0,0.0,0.0
2023-11-02 00:00:00-04:00,419.47670894194664,423.7444670163008,419.4570527791307,423.5871276855469,94938900,0.0,0.0,0.0
2023-11-03 00:00:00-04:00,425.92748234768464,429.0250233837608,425.79964227159707,427.45166015625,100110800,0.0,0.0,0.0
2023-11-06 00:00:00-05:00,428.21869024734735,428.88735989665633,426.4584883677935,428.4350280761719,67831700,0.0,0.0,0.0
2023-11-07 00:00:00-05:00,428.4349852117837,430.30334081411877,427.2746415230016,429.6543273925781,64256100,0.0,0.0,0.0
2023-11-08 00:00:00-05:00,430.2640171310496,430.7950335915806,427.62865100893004,429.9690246582031,61746000,0.0,0.0,0.0
2023-11-09 00:00:00-05:00,431.12937921321316,431.1687215470488,426.1831385650166,426.6158142089844,83174400,0.0,0.0,0.0
2023-11-10 00:00:00-05:00,428.7201939601157,433.5877499409515,426.6059711503806,433.2730712890625,89462200,0.0,0.0,0.0
2023-11-13 00:00:00-05:00,431.9160709687511,433.9810783259935,431.11956127166445,432.8600769042969,52236100,0.0,0.0,0.0
2023-11-14 00:00:00-05:00,438.8880006380508,442.56571351095437,438.6618197358781,441.25787353515625,97176900,0.0,0.0,0.0
2023-11-15 00:00:00-05:00,442.61491022382336,443.8637818309877,441.32672628954003,442.19207763671875,77327600,0.0,0.0,0.0
2023-11-16 00:00:00-05:00,441.73968833403467,443.05737134694607,440.65799929077724,442.7328796386719,66665800,0.0,0.0,0.0
2023-11-17 00:00:00-05:00,442.7427097887476,443.90308353957664,441.8085469499042,443.2835693359375,83133200,0.0,0.0,0.0
2023-11-20 00:00:00-05:00,443.02790088110174,447.551308986228,443.018057795258,446.69580078125,69936200,0.0,0.0,0.0
2023-11-21 00:00:00-05:00,445.63373126679795,446.5679240630612,444.43404525920994,445.72222900390625,49244600,0.0,0.0,0.0
2023-11-22 00:00:00-05:00,447.40377239578356,448.7804538663834,446.33192646476635,447.4430847167969,59394900,0.0,0.0,0.0
2023-11-24 00:00:00-05:00,447.4922939334449,447.91512647736783,447.157959130617,447.71844482421875,29737400,0.0,0.0,0.0
2023-11-27 00:00:00-05:00,447.079292295955,447.9053012551915,446.51877657059185,446.9121398925781,50506000,0.0,0.0,0.0
2023-11-28 00:00:00-05:00,446.5187622395306,448.6722973178326,445.9484334560083,447.3546142578125,62115000,0.0,0.0,0.0
2023-11-29 00:00:00-05:00,449.537660545519,450.68819123814245,446.63680112293486,447.0399475097656,63146000,0.0,0.0,0.0
2023-11-30 00:00:00-05:00,447.89547678588184,449.1541613597604,445.79109710253397,448.8001403808594,79752700,0.0,0.0,0.0
2023-12-01 00:00:00-05:00,448.18060332979536,451.9959991900289,447.5807753255925,451.4551696777344,89097900,0.0,0.0,0.0
2023-12-04 00:00:00-05:00,448.01345068259826,451.4748255799938,446.77442233442224,449.0852966308594,72430900,0.0,0.0,0.0
2023-12-05 00:00:00-05:00,447.6791430909457,449.9703313563553,447.2956228610548,448.996826171875,69793500,0.0,0.0,0.0
2023-12-06 00:00:00-05:00,451.17001797762885,451.19951722539304,446.744950756551,447.1874694824219,69124700,0.0,0.0,0.0
2023-12-07 00:00:00-05:00,449.30167397346503,451.25852748144104,448.6920028308439,450.5997009277344,66995400,0.0,0.0,0.0
2023-12-08 00:00:00-05:00,449.84250102684615,453.0777253085147,449.5966639539712,452.5368957519531,83080900,0.0,0.0,0.0
2023-12-11 00:00:00-05:00,452.0353690859856,454.47408360139434,451.81903126599445,454.29705810546875,65002200,0.0,0.0,0.0
2023-12-12 00:00:00-05:00,453.9430767609804,456.47028907325256,452.9302292207674,456.3719482421875,68327600,0.0,0.0,0.0
2023-12-13 00:00:00-05:00,456.75541174712646,462.9210243822094,456.39157770194043,462.66534423828125,93278000,0.0,0.0,0.0
2023-12-14 00:00:00-05:00,464.63206909834884,465.8415983038331,461.4361871415877,464.1502380371094,119026000,0.0,0.0,0.0
2023-12-15 00:00:00-05:00,463.5439635656848,464.7386607751538,461.51005559510276,463.385986328125,141319300,1.906,0.0,0.0
2023-12-18 00:00:00-05:00,465.0151624997723,466.98983298112006,463.9389707031674,465.99261474609375,70375300,0.0,0.0,0.0
2023-12-19 00:00:00-05:00,466.5454606874059,468.90520607518124,466.4664871358793,468.8262023925781,55761800,0.0,0.0,0.0
2023-12-20 00:00:00-05:00,467.9573823984052,469.872815094612,461.8951599457806,462.32958984375,102921000,0.0,0.0,0.0
2023-12-21 00:00:00-05:00,465.3606738913847,466.98980103190377,462.90221895224823,466.7133483886719,86667500,0.0,0.0,0.0
2023-12-22 00:00:00-05:00,467.8586075741832,469.3593762471248,465.72599022087735,467.6512756347656,67126600,0.0,0.0,0.0
2023-12-26 00:00:00-05:00,468.06593938933787,470.54412990220305,467.98693571109146,469.62591552734375,55387000,0.0,0.0,0.0
2023-12-27 00:00:00-05:00,469.41864177906433,470.62319190747263,468.8756194808885,470.47509765625,68000300,0.0,0.0,0.0
2023-12-28 00:00:00-05:00,470.8403976052289,471.5018952913904,470.2282546248126,470.6528015136719,77158100,0.0,0.0,0.0
2023-12-29 00:00:00-05:00,470.45533148706465,470.98850092233886,467.30572984427226,469.290283203125,122234100,0.0,0.0,0.0
2024-01-02 00:00:00-05:00,466.1801863467121,467.6710721237043,464.5313233237868,466.6639709472656,123623700,0.0,0.0,0.0
2024-01-03 00:00:00-05:00,464.4720275597131,465.2224118513208,462.24067080116,462.8528137207031,103585900,0.0,0.0,0.0
2024-01-04 00:00:00-05:00,462.36904000280646,464.99535512497806,461.1348710618091,461.3619689941406,84232200,0.0,0.0,0.0
2024-01-05 00:00:00-05:00,461.5692889624919,464.4819396400977,460.5227161381694,461.9938659667969,86060800,0.0,0.0,0.0
2024-01-08 00:00:00-05:00,462.497392838746,468.737358160941,462.36903444945153,468.5892639160156,74879100,0.0,0.0,0.0
2024-01-09 00:00:00-05:00,465.8938341503119,468.9150773101143,465.3804307175815,467.8783874511719,65931400,0.0,0.0,0.0
2024-01-10 00:00:00-05:00,468.1548158425864,471.40315676668934,467.8684802261445,470.5244140625,67310600,0.0,0.0,0.0
2024-01-11 00:00:00-05:00,471.54139410726924,472.0646805353375,466.27891097711375,470.3171081542969,77940700,0.0,0.0,0.0
2024-01-12 00:00:00-05:00,471.788226212342,472.5386105710735,469.2112959241893,470.6429138183594,57944000,0.0,0.0,0.0
2024-01-16 00:00:00-05:00,469.24093758761165,470.57381600500275,467.06878809150606,468.91510009765625,85014900,0.0,0.0,0.0
2024-01-17 00:00:00-05:00,465.84448398284644,466.8022002964971,463.9191683619671,466.30853271484375,68843900,0.0,0.0,0.0
2024-01-18 00:00:00-05:00,468.00675034480804,471.018110540101,466.43689105106813,470.455322265625,91856200,0.0,0.0,0.0
2024-01-19 00:00:00-05:00,471.6006379691473,476.6064345129822,470.50471039326055,476.3200988769531,110733300,0.0,0.0,0.0
2024-01-22 00:00:00-05:00,477.8800842154276,479.07475128178163,476.66565116265457,477.3271789550781,75844900,0.0,0.0,0.0
2024-01-23 00:00:00-05:00,477.8800885561266,478.96613310027135,476.77427802538335,478.71929931640625,49945300,0.0,0.0,0.0
2024-01-24 00:00:00-05:00,481.63194889493104,482.57978218606036,478.7390641862389,479.24261474609375,81765000,0.0,0.0,0.0
2024-01-25 00:00:00-05:00,481.4048692496808,482.1256347714462,479.24263294654105,481.84918212890625,72525000,0.0,0.0,0.0
2024-01-26 00:00:00-05:00,481.41474312518983,482.9253647024353,480.3780532680699,481.2370300292969,76641600,0.0,0.0,0.0
2024-01-29 00:00:00-05:00,481.5529814990137,485.19625059743225,481.0000762278625,485.0481262207031,61322800,0.0,0.0,0.0
2024-01-30 00:00:00-05:00,484.3471361549433,485.3937090194068,483.90282327824093,484.6729736328125,58618400,0.0,0.0,0.0
2024-01-31 00:00:00-05:00,482.4316984426035,482.88586417703925,476.74463830989237,476.764404296875,126011100,0.0,0.0,0.0
2024-02-01 00:00:00-05:00,478.4922351786506,483.03398286271914,477.6727301365477,483.0043640136719,91891600,0.0,0.0,0.0
2024-02-02 00:00:00-05:00,483.44868477371125,489.76762415976845,483.10311142026165,488.08917236328125,99147700,0.0,0.0,0.0
2024-02-05 00:00:00-05:00,487.4473797029177,488.11876037909997,484.0213254983892,486.3119201660156,75757100,0.0,0.0,0.0
2024-02-06 00:00:00-05:00,487.26965055523016,488.0595367833383,485.81826662535263,487.7238464355469,55918600,0.0,0.0,0.0
2024-02-07 00:00:00-05:00,490.0045518319189,492.21617284383666,489.08630727690263,491.7916259765625,70556500,0.0,0.0,0.0
2024-02-08 00:00:00-05:00,491.79163516342265,492.3938951308885,490.96227726846075,492.00885009765625,52343600,0.0,0.0,0.0
2024-02-09 00:00:00-05:00,492.522290239314,495.2966997559639,492.1767168912128,494.8524169921875,63979400,0.0,0.0,0.0
2024-02-12 00:00:00-05:00,494.82278896712546,497.12326669534986,493.9045443435202,494.63519287109375,56502300,0.0,0.0,0.0
2024-02-13 00:00:00-05:00,488.2668837009023,490.79445944615924,484.5051389342864,487.82257080078125,113099200,0.0,0.0,0.0
2024-02-14 00:00:00-05:00,490.4982209673877,492.74934382778594,488.13847557601355,492.25567626953125,68387800,0.0,0.0,0.0
2024-02-15 00:00:00-05:00,492.9665773037757,495.83972621663327,492.48276258935323,495.6521301269531,61683000,0.0,0.0,0.0
2024-02-16 00:00:00-05:00,495.3460431849908,496.5012084053193,492.4333925201601,493.18377685546875,75461200,0.0,0.0,0.0
2024-02-20 00:00:00-05:00,491.41646125471414,492.0977249314427,488.18788610101467,490.4686279296875,71736700,0.0,0.0,0.0
2024-02-21 00:00:00-05:00,489.145594603093,491.0708800721909,487.3091355509302,490.91290283203125,59603800,0.0,0.0,0.0
2024-02-22 00:00:00-05:00,497.62678089180014,502.05002292256637,496.6492986389385,501.07257080078125,76402500,0.0,0.0,0.0
2024-02-23 00:00:00-05:00,502.8201814697373,503.66930540147666,500.67768098039136,501.4181823730469,61321800,0.0,0.0,0.0
2024-02-26 00:00:00-05:00,501.86246796599994,502.3067808565356,499.45336767779384,499.58172607421875,50386700,0.0,0.0,0.0
2024-02-27 00:00:00-05:00,500.2827283438802,500.7368940723534,498.35741276516484,500.5097961425781,48854500,0.0,0.0,0.0
2024-02-28 00:00:00-05:00,498.93008300175484,500.4407046514321,498.5647737989886,499.84832763671875,56506600,0.0,0.0,0.0
2024-02-29 00:00:00-05:00,501.6354108088416,503.28424374742,498.9498578140212,501.645263671875,83924800,0.0,0.0,0.0
2024-03-01 00:00:00-05:00,502.5338756491636,506.7892577747691,502.1191816118574,506.3548278808594,76805900,0.0,0.0,0.0
2024-03-04 00:00:00-05:00,505.54522807522517,507.6877284022875,505.51557909592907,505.811767578125,49799300,0.0,0.0,0.0
2024-03-05 00:00:00-05:00,503.7778960932873,504.23209197361217,498.51541280508394,500.75665283203125,72855600,0.0,0.0,0.0
2024-03-06 00:00:00-05:00,504.0839539761013,505.5847227034607,501.98095539502907,503.2940979003906,68382400,0.0,0.0,0.0
2024-03-07 00:00:00-05:00,506.6411452915095,509.3563168037257,503.353302550587,508.28997802734375,58652100,0.0,0.0,0.0
2024-03-08 00:00:00-05:00,508.9318203713958,511.6568148843625,504.6566421115184,505.2391662597656,86425500,0.0,0.0,0.0
2024-03-11 00:00:00-04:00,504.0148619441716,505.39712513817193,502.0599274855355,504.8047180175781,62557200,0.0,0.0,0.0
2024-03-12 00:00:00-04:00,506.9472946930937,510.82751498286876,504.3900698876672,510.2351379394531,73114400,0.0,0.0,0.0
2024-03-13 00:00:00-04:00,510.5608181299091,510.7385312091523,507.9740050951188,509.43524169921875,55104100,0.0,0.0,0.0
2024-03-14 00:00:00-04:00,510.4225985833554,510.58060594642745,505.3378589670577,508.42822265625,110171800,0.0,0.0,0.0
2024-03-15 00:00:00-04:00,505.3134612139554,506.7891821054706,503.24352275506305,504.9371032714844,107585800,1.595,0.0,0.0
2024-03-18 00:00:00-04:00,509.0670314463283,510.53280822419816,507.5220055198364,507.9379577636719,88893300,0.0,0.0,0.0
2024-03-19 00:00:00-04:00,507.23484938554435,511.0478762202208,506.21470542311687,510.76068115234375,60755300,0.0,0.0,0.0
2024-03-20 00:00:00-04:00,510.82004399685735,515.6234731384811,510.13666368367547,515.4848022460938,69594600,0.0,0.0,0.0
2024-03-21 00:00:00-04:00,518.3669362427153,519.0799972433423,516.9010989924435,517.1883544921875,60256100,0.0,0.0,0.0
2024-03-22 00:00:00-04:00,517.0992120281103,517.5944134478647,515.9701382832161,516.2078857421875,79023000,0.0,0.0,0.0
2024-03-25 00:00:00-04:00,514.8113578960968,515.9503452837859,514.6231789481147,514.7816772460938,48512100,0.0,0.0,0.0
2024-03-26 00:00:00-04:00,516.2276907396113,516.5743680286249,513.4248940207962,513.8309326171875,65463700,0.0,0.0,0.0
2024-03-27 00:00:00-04:00,516.7030983621477,518.1887026536133,514.5043725770939,518.1490478515625,82999800,0.0,0.0,0.0
2024-03-28 00:00:00-04:00,518.1887197410889,519.5752475225421,517.7628537507529,518.050048828125,96294900,0.0,0.0,0.0
2024-04-01 00:00:00-04:00,518.8026977832243,519.3474072145876,515.9700999312377,517.148681640625,62477500,0.0,0.0,0.0
2024-04-02 00:00:00-04:00,513.2663787407818,513.9992671999094,511.5232600004811,513.8606567382812,74230300,0.0,0.0,0.0
2024-04-03 00:00:00-04:00,512.7513266543715,515.9503689165954,512.7018186025061,514.4251098632812,59155800,0.0,0.0,0.0
2024-04-04 00:00:00-04:00,518.4956867982684,518.842303594233,507.83894312993806,508.1459655761719,96858100,0.0,0.0,0.0
2024-04-05 00:00:00-04:00,509.5226586128974,515.4452481567992,509.0769652522051,513.4545288085938,74482100,0.0,0.0,0.0
2024-04-08 00:00:00-04:00,514.1676256081136,515.1877090342433,512.9197084378011,513.74169921875,48401800,0.0,0.0,0.0
2024-04-09 00:00:00-04:00,515.5046666061,515.7522673105218,509.4136650975685,514.3359985351562,68124400,0.0,0.0,0.0
2024-04-10 00:00:00-04:00,508.5520102686698,511.2062825180565,507.1753963185619,509.1858825683594,82652800,0.0,0.0,0.0
2024-04-11 00:00:00-04:00,510.73094461172184,514.4944634268413,507.16551846042853,513.0286865234375,70099000,0.0,0.0,0.0
2024-04-12 00:00:00-04:00,509.4335032535515,510.86959945939657,504.1942637744547,505.9472961425781,92469100,0.0,0.0,0.0
2024-04-15 00:00:00-04:00,510.18622940720803,510.35458096734675,498.74705825509733,499.6087341308594,92101400,0.0,0.0,0.0
2024-04-16 00:00:00-04:00,500.0940119130741,501.6390379238471,497.3902012818734,498.6975402832031,73484000,0.0,0.0,0.0
2024-04-17 00:00:00-04:00,501.19337068329367,501.3617524735576,494.32988590556795,495.74615478515625,75910300,0.0,0.0,0.0
2024-04-18 00:00:00-04:00,497.1624259191068,499.29178596909605,493.7752349250522,494.72601318359375,74548100,0.0,0.0,0.0
2024-04-19 00:00:00-04:00,494.64682110346547,495.65702116895267,489.12035605921216,490.40789794921875,102129100,0.0,0.0,0.0
2024-04-22 00:00:00-04:00,493.05222692904476,497.5585779345951,490.6752661850258,494.9241027832031,67961000,0.0,0.0,0.0
2024-04-23 00:00:00-04:00,496.96432609613043,501.2329598348073,494.73591974985015,500.79718017578125,64633600,0.0,0.0,0.0
2024-04-24 00:00:00-04:00,501.6984359256906,502.50065976928005,498.30136160286673,500.5594787597656,55928100,0.0,0.0,0.0
2024-04-25 00:00:00-04:00,494.38926428336543,499.4304109270956,492.7154811271831,498.65789794921875,69122400,0.0,0.0,0.0
2024-04-26 00:00:00-04:00,501.49049852500383,504.98661944192617,500.8467427053988,503.3821716308594,64306100,0.0,0.0,0.0
2024-04-29 00:00:00-04:00,505.1945973517815,505.8482668742655,502.38185682226367,505.1648864746094,46415400,0.0,0.0,0.0
2024-04-30 00:00:00-04:00,503.6792517562141,504.66965456841757,497.16241455078125,497.16241455078125,77483600,0.0,0.0,0.0
2024-05-01 00:00:00-04:00,496.56820947834404,503.31285079090134,495.0726914315354,495.548095703125,80242800,0.0,0.0,0.0
2024-05-02 00:00:00-04:00,499.3115766670157,501.0348981300909,494.7557176408706,500.1831359863281,62550200,0.0,0.0,0.0
2024-05-03 00:00:00-04:00,506.25432995034845,507.63097421000964,503.6792764673451,506.3830871582031,72756700,0.0,0.0,0.0
2024-05-06 00:00:00-04:00,508.8194226596781,511.6519600716434,508.37372932367526,511.61236572265625,47264700,0.0,0.0,0.0
2024-05-07 00:00:00-04:00,512.592893186346,513.5932097300324,511.49356053808145,512.1769409179688,52561300,0.0,0.0,0.0
2024-05-08 00:00:00-04:00,510.3149702278195,512.7711498945695,510.19612672455037,512.2264404296875,42047200,0.0,0.0,0.0
2024-05-09 00:00:00-04:00,512.4146541328394,515.2175112486855,511.7511011196911,515.1778564453125,43643700,0.0,0.0,0.0
2024-05-10 00:00:00-04:00,516.8020923824466,517.6241436477566,514.6034271407484,515.8414306640625,52233200,0.0,0.0,0.0
2024-05-13 00:00:00-04:00,517.544955625112,517.6538854401758,514.7520120927062,515.9107666015625,36716400,0.0,0.0,0.0
2024-05-14 00:00:00-04:00,516.1087864551328,518.8027134936191,515.5640770072746,518.2777709960938,57535900,0.0,0.0,0.0
2024-05-15 00:00:00-04:00,520.7835145760366,524.9927264220959,520.1397285845308,524.6956176757812,59504900,0.0,0.0,0.0
2024-05-16 00:00:00-04:00,524.7946095124151,526.4188845163601,523.4674432410488,523.6160278320312,50244800,0.0,0.0,0.0
2024-05-17 00:00:00-04:00,523.7349021143731,524.4381098639712,522.2592116146577,524.3687744140625,59187600,0.0,0.0,0.0
2024-05-20 00:00:00-04:00,524.4876736742167,526.4585657833363,524.0914883324435,524.9729614257812,37764200,0.0,0.0,0.0
2024-05-21 00:00:00-04:00,524.2005034303604,526.4189963708524,523.9924970486647,526.260498046875,33437000,0.0,0.0,0.0
2024-05-22 00:00:00-04:00,525.5573158434247,526.2802906066842,522.5365386804145,524.7451782226562,48390000,0.0,0.0,0.0
2024-05-23 00:00:00-04:00,527.8450504197302,527.9539802100475,519.6840813066473,520.9122314453125,57211200,0.0,0.0,0.0
2024-05-24 00:00:00-04:00,522.7841195913288,525.1809380091343,521.8234578436425,524.35888671875,41258400,0.0,0.0,0.0
2024-05-28 00:00:00-04:00,525.1809488785617,525.4186358953048,522.0512419597281,524.725341796875,36269600,0.0,0.0,0.0
2024-05-29 00:00:00-04:00,520.6349510586301,522.2493125032587,520.3279286001089,521.0509033203125,45190300,0.0,0.0,0.0
2024-05-30 00:00:00-04:00,519.4861246908551,520.1595913781238,516.3267371663876,517.5944213867188,46468500,0.0,0.0,0.0
2024-05-31 00:00:00-04:00,518.5650852962019,522.437534069485,513.3852369807861,522.3087768554688,90785800,0.0,0.0,0.0
2024-06-03 00:00:00-04:00,523.9429420674911,524.2301371360559,517.5845121617758,522.734619140625,46835700,0.0,0.0,0.0
2024-06-04 00:00:00-04:00,521.4074995044357,524.0716855548387,519.9218952484352,523.3189697265625,34632700,0.0,0.0,0.0
2024-06-05 00:00:00-04:00,525.676161287564,529.5585236906696,523.6557007042801,529.5386962890625,47610400,0.0,0.0,0.0
2024-06-06 00:00:00-04:00,529.8456837163661,530.2814633771293,527.567769309855,529.5287475585938,30808500,0.0,0.0,0.0
2024-06-07 00:00:00-04:00,528.5383935105723,531.7374360345742,527.4291470806969,528.8850708007812,43224500,0.0,0.0,0.0
2024-06-10 00:00:00-04:00,528.0629853102115,530.8460149060121,527.4588540784205,530.5191650390625,35729300,0.0,0.0,0.0
2024-06-11 00:00:00-04:00,528.9444489661214,531.8562357169258,526.9438158970391,531.7968139648438,36383400,0.0,0.0,0.0
2024-06-12 00:00:00-04:00,536.4319178680672,538.8980113725944,535.114665109043,536.1644897460938,63251300,0.0,0.0,0.0
2024-06-13 00:00:00-04:00,537.9373126143792,538.1155778669757,534.4114810144458,537.2440185546875,44760900,0.0,0.0,0.0
2024-06-14 00:00:00-04:00,535.6891331345915,537.6006035053059,534.6689891171292,537.5709228515625,40089900,0.0,0.0,0.0
2024-06-17 00:00:00-04:00,536.8775841230741,543.2656944796701,536.4120633583274,541.849365234375,55839500,0.0,0.0,0.0
2024-06-18 00:00:00-04:00,541.90882144254,543.3548314310545,541.482955451608,543.22607421875,41376400,0.0,0.0,0.0
2024-06-20 00:00:00-04:00,544.1669516153021,544.8404183084012,539.9478257458514,541.7503662109375,70328200,0.0,0.0,0.0
2024-06-21 00:00:00-04:00,540.9147666280046,542.1567641077305,539.5435965588345,541.0240478515625,64513900,1.759,0.0,0.0
2024-06-24 00:00:00-04:00,540.845228398195,543.4484503647756,539.1461539482652,539.265380859375,45528700,0.0,0.0,0.0
2024-06-25 00:00:00-04:00,540.5073310314164,541.7096063649166,538.9672663608369,541.3419799804688,38273300,0.0,0.0,0.0
2024-06-26 00:00:00-04:00,540.209283574617,542.7429462731731,539.5535355969372,542.0176391601562,38550600,0.0,0.0,0.0
2024-06-27 00:00:00-04:00,541.8785333532583,543.4583808478909,541.1233891744105,542.8721313476562,35041500,0.0,0.0,0.0
2024-06-28 00:00:00-04:00,543.657081567454,546.7571632718256,539.4740725954332,540.7359008789062,76144500,0.0,0.0,0.0
2024-07-01 00:00:00-04:00,542.1368764681023,542.3852759657548,539.0468012719632,541.8487548828125,40297800,0.0,0.0,0.0
2024-07-02 00:00:00-04:00,540.2192968299051,545.4953002929688,540.1696290539968,545.4953002929688,40434800,0.0,0.0,0.0
2024-07-03 00:00:00-04:00,545.1772796111068,548.2971918317728,545.1375575237815,547.9295654296875,32789900,0.0,0.0,0.0
2024-07-05 00:00:00-04:00,548.2375511458326,551.4965208324575,547.5916882313281,551.0891723632812,41488400,0.0,0.0,0.0
2024-07-08 00:00:00-04:00,551.884046644386,552.6888585564628,550.6420492094277,551.72509765625,36110500,0.0,0.0,0.0
2024-07-09 00:00:00-04:00,552.6988432685978,553.6129364648433,551.9635904382866,552.2616577148438,27289700,0.0,0.0,0.0
2024-07-10 00:00:00-04:00,553.5036489009739,558.0741754742883,553.205581627829,557.7264404296875,38701200,0.0,0.0,0.0
2024-07-11 00:00:00-04:00,557.8456875577136,558.7300043704364,552.2716170924413,552.9174194335938,53054200,0.0,0.0,0.0
2024-07-12 00:00:00-04:00,554.0600306153884,560.0613404112083,553.5831230048191,556.4049072265625,53084400,0.0,0.0,0.0
2024-07-15 00:00:00-04:00,558.431857544371,561.2238652210849,556.0471983236289,557.93505859375,40584300,0.0,0.0,0.0
2024-07-16 00:00:00-04:00,559.2664631971054,561.5417806296592,558.5013733831685,561.2437133789062,36475300,0.0,0.0,0.0
2024-07-17 00:00:00-04:00,555.2225895749159,556.9216641071794,553.0466073751033,553.37451171875,57119000,0.0,0.0,0.0
2024-07-18 00:00:00-04:00,554.934410669843,555.9379543203733,546.906122110008,549.121826171875,56270400,0.0,0.0,0.0
2024-07-19 00:00:00-04:00,548.8834369853205,550.532843766842,544.4022999200884,545.4754028320312,65509100,0.0,0.0,0.0
2024-07-22 00:00:00-04:00,549.4597210903114,551.7152080677258,547.4924163595272,551.0991821289062,43346700,0.0,0.0,0.0
2024-07-23 00:00:00-04:00,550.9897636467225,553.1756911794572,549.7378812203599,550.2346801757812,34439600,0.0,0.0,0.0
2024-07-24 00:00:00-04:00,545.3461720780751,545.6541850257204,536.8310301226088,537.7650146484375,74515300,0.0,0.0,0.0
2024-07-25 00:00:00-04:00,537.8842542829834,543.9551841667384,534.0092584606904,534.9630737304688,61158300,0.0,0.0,0.0
2024-07-26 00:00:00-04:00,538.8083836881038,543.6869234665041,538.0234024103164,540.9545288085938,53763800,0.0,0.0,0.0
2024-07-29 00:00:00-04:00,542.5244041316022,543.5477785454984,539.2454821872736,541.2724609375,39515800,0.0,0.0,0.0
2024-07-30 00:00:00-04:00,542.7628888282719,543.8359917191809,535.0724495063189,538.5301513671875,46853600,0.0,0.0,0.0
2024-07-31 00:00:00-04:00,545.4654509864566,549.9565336849107,544.074450070198,547.2837524414062,65663400,0.0,0.0,0.0
2024-08-01 00:00:00-04:00,549.0324243092629,551.3176874562263,535.9765327439106,539.5336303710938,76428700,0.0,0.0,0.0
2024-08-02 00:00:00-04:00,532.3201333885539,533.5521852167631,525.2158833655485,529.4884033203125,82789100,0.0,0.0,0.0
2024-08-05 00:00:00-04:00,508.3645060852609,520.2280688833214,507.0032513256614,514.0677490234375,146267400,0.0,0.0,0.0
2024-08-06 00:00:00-04:00,515.8959552954199,526.3585719702824,514.554622172987,518.8072509765625,84826300,0.0,0.0,0.0
2024-08-07 00:00:00-04:00,525.0866708415548,528.186752187129,514.7333973542453,515.3394775390625,70698300,0.0,0.0,0.0
2024-08-08 00:00:00-04:00,520.5559060967021,527.8886642530557,518.4992115856069,527.2528076171875,63276600,0.0,0.0,0.0
2024-08-09 00:00:00-04:00,526.4181246025644,531.0880470710639,525.1761271718148,529.5777587890625,45619600,0.0,0.0,0.0
2024-08-12 00:00:00-04:00,530.7900026001965,532.300230302617,527.5508634586599,529.8560180664062,42542100,0.0,0.0,0.0
2024-08-13 00:00:00-04:00,533.0952107357589,538.8083997360982,532.846811214005,538.5698852539062,52333100,0.0,0.0,0.0
2024-08-14 00:00:00-04:00,539.3746584267726,541.471196329114,536.6621552508178,540.2689208984375,42446900,0.0,0.0,0.0
2024-08-15 00:00:00-04:00,545.982083814168,549.8173574187872,545.3660579251114,549.5292358398438,60846800,0.0,0.0,0.0
2024-08-16 00:00:00-04:00,547.8897787993742,551.4667678986649,547.7308298067959,550.7612915039062,44430700,0.0,0.0,0.0
2024-08-19 00:00:00-04:00,551.178580819559,556.02734375,550.3141554398344,556.02734375,39121800,0.0,0.0,0.0
2024-08-20 00:00:00-04:00,555.5703612216352,557.2495443135458,553.7620055346229,555.1232299804688,33732300,0.0,0.0,0.0
2024-08-21 00:00:00-04:00,556.1863497803622,558.5113350471692,551.1785772467962,557.0308837890625,41514600,0.0,0.0,0.0
2024-08-22 00:00:00-04:00,558.9584957024143,559.5745216188498,551.4270057843165,552.6590576171875,56121500,0.0,0.0,0.0
2024-08-23 00:00:00-04:00,555.9478586983942,559.4850647749988,553.7221484746989,558.5311889648438,50639400,0.0,0.0,0.0
2024-08-26 00:00:00-04:00,559.5744817024615,560.2997887939172,555.4709173504181,557.1997680664062,35788600,0.0,0.0,0.0
2024-08-27 00:00:00-04:00,555.9081495950009,558.4617037979162,554.7456568855777,557.9649047851562,32693900,0.0,0.0,0.0
2024-08-28 00:00:00-04:00,557.6171732764703,558.054358836253,551.4866297560903,554.7257690429688,41066000,0.0,0.0,0.0
2024-08-29 00:00:00-04:00,556.7228644372319,560.0712846741632,553.6128980049808,554.775390625,38715200,0.0,0.0,0.0
2024-08-30 00:00:00-04:00,557.1799456914886,560.5879794062929,553.5731802564248,560.0712890625,62700100,0.0,0.0,0.0
2024-09-03 00:00:00-04:00,556.881834277098,557.2196842759827,545.9920391595765,548.5455932617188,60600100,0.0,0.0,0.0
2024-09-04 00:00:00-04:00,546.6776530334589,550.8805533310392,545.9424001879108,547.4228515625,47224900,0.0,0.0,0.0
2024-09-05 00:00:00-04:00,547.3632653261916,550.2546090791159,543.5974897597426,546.0914306640625,44264300,0.0,0.0,0.0
2024-09-06 00:00:00-04:00,546.4192590723125,548.0686049858448,535.9864805968631,536.9005737304688,68493800,0.0,0.0,0.0
2024-09-09 00:00:00-04:00,541.1631228289683,544.2035299903176,539.2057034224284,542.9118041992188,40445800,0.0,0.0,0.0
2024-09-10 00:00:00-04:00,544.8494324631771,545.6344137643763,539.9013333958526,545.2766723632812,36394600,0.0,0.0,0.0
2024-09-11 00:00:00-04:00,545.1871934136049,551.8045289085911,536.5031572548023,550.8705444335938,75248600,0.0,0.0,0.0
2024-09-12 00:00:00-04:00,551.4568452963957,555.818755147093,549.201358390866,555.5107421875,51892700,0.0,0.0,0.0
2024-09-13 00:00:00-04:00,556.1267241742606,559.4254766085033,555.8683790070602,558.4119873046875,39310500,0.0,0.0,0.0
2024-09-16 00:00:00-04:00,558.1437002092299,559.5049245430299,556.3155139503538,559.2366943359375,36656100,0.0,0.0,0.0
2024-09-17 00:00:00-04:00,561.4821822822897,562.9527484995683,557.1997775054689,559.4652099609375,49321000,0.0,0.0,0.0
2024-09-18 00:00:00-04:00,560.1309547132038,565.0492771870338,557.2396110727457,557.8059692382812,59044900,0.0,0.0,0.0
2024-09-19 00:00:00-04:00,567.3544220112178,569.2124454796876,564.4431870545009,567.3245849609375,75315500,0.0,0.0,0.0
2024-09-20 00:00:00-04:00,565.9352741325762,567.4003139915075,563.274186536296,566.3438720703125,77503100,1.746,0.0,0.0
2024-09-23 00:00:00-04:00,567.4302449810484,568.4169144135892,566.1943533126803,567.7590942382812,44116900,0.0,0.0,0.0
2024-09-24 00:00:00-04:00,568.5663492842654,569.4434022584327,565.6960051561575,569.3836059570312,46805700,0.0,0.0,0.0
2024-09-25 00:00:00-04:00,569.2242153737513,569.9716996168105,567.001654193034,568.1278686523438,38428600,0.0,0.0,0.0
2024-09-26 00:00:00-04:00,572.453350103916,572.7822602105816,567.9883969266909,570.3803100585938,48336000,0.0,0.0,0.0
2024-09-27 00:00:00-04:00,571.4666429266127,572.2938149879185,568.5065738226857,569.5530395507812,42100900,0.0,0.0,0.0
2024-09-30 00:00:00-04:00,568.5065651200609,572.4533035880738,566.174448485196,571.8353881835938,63557400,0.0,0.0,0.0
2024-10-01 00:00:00-04:00,571.4766419055114,572.13440127127,564.1014397392948,566.712646484375,72668800,0.0,0.0,0.0
2024-10-02 00:00:00-04:00,565.80573723538,567.9883936936922,563.373919358678,566.9518432617188,38097800,0.0,0.0,0.0
2024-10-03 00:00:00-04:00,565.4568653371243,567.8886831733391,563.5931428250311,565.9153442382812,40846500,0.0,0.0,0.0
2024-10-04 00:00:00-04:00,570.4300917963334,571.4367135974977,566.1943479445887,571.0579833984375,42939100,0.0,0.0,0.0
2024-10-07 00:00:00-04:00,569.3836455038623,570.0414656953863,564.7293273686603,565.8953857421875,49964700,0.0,0.0,0.0
2024-10-08 00:00:00-04:00,568.5065999253031,571.8553755715546,567.6196315196793,571.2473754882812,37398700,0.0,0.0,0.0
2024-10-09 00:00:00-04:00,571.2374103968729,575.7721968989688,570.6294711322118,575.2041015625,37912200,0.0,0.0,0.0
2024-10-10 00:00:00-04:00,573.8386709048119,575.6425970526338,572.5629353063589,574.1974487304688,44138100,0.0,0.0,0.0
2024-10-11 00:00:00-04:00,574.1176761498197,578.3833484453603,573.9781311688434,577.6358642578125,42268000,0.0,0.0,0.0
2024-10-14 00:00:00-04:00,579.2703473815798,583.3068108718866,578.7820007527869,582.3599853515625,36217200,0.0,0.0,0.0
2024-10-15 00:00:00-04:00,582.6290678972117,582.9380255946008,576.5993134581498,577.835205078125,54203600,0.0,0.0,0.0
2024-10-16 00:00:00-04:00,577.835235088752,580.8749921074705,577.0179783689249,580.3467407226562,30725400,0.0,0.0,0.0
2024-10-17 00:00:00-04:00,583.944601340952,584.1539188175557,580.2071803114444,580.3965454101562,34393700,0.0,0.0,0.0
2024-10-18 00:00:00-04:00,582.1108141676949,583.4263936848293,580.6258219277963,582.6290893554688,37416800,0.0,0.0,0.0
2024-10-21 00:00:00-04:00,581.8915350892357,582.8881807335302,578.6524367452782,581.6723022460938,36439000,0.0,0.0,0.0
2024-10-22 00:00:00-04:00,579.1009372156066,582.539376841233,578.4332016690254,581.3633422851562,34183800,0.0,0.0,0.0
2024-10-23 00:00:00-04:00,579.3102592315893,579.7587619393839,572.4931762322094,576.0512084960938,49314600,0.0,0.0,0.0
2024-10-24 00:00:00-04:00,578.0345050935296,578.1142537753539,574.6359703072284,577.2969970703125,34979900,0.0,0.0,0.0
2024-10-25 00:00:00-04:00,579.5594025561556,582.4995192928038,576.1409153890147,577.09765625,47268200,0.0,0.0,0.0
2024-10-28 00:00:00-04:00,580.625843766574,580.7554125683909,578.5727561467988,578.8817138671875,30174700,0.0,0.0,0.0
2024-10-29 00:00:00-04:00,577.9049390899631,580.9546722574563,576.4897193404522,579.8185424804688,42899700,0.0,0.0,0.0
2024-10-30 00:00:00-04:00,579.340127925038,581.3633477929158,577.3468366252599,578.064453125,41435800,0.0,0.0,0.0
2024-10-31 00:00:00-04:00,573.6293759428813,573.6991484390127,566.5332636815825,566.7326049804688,60182500,0.0,0.0,0.0
2024-11-01 00:00:00-04:00,569.4036017001581,573.6193933460836,568.705937577061,569.12451171875,45667500,0.0,0.0,0.0
2024-11-04 00:00:00-05:00,569.2640201958944,570.5795996729566,565.9850781072051,567.8986206054688,38217000,0.0,0.0,0.0
2024-11-05 00:00:00-05:00,568.8255339356318,574.8054078922688,568.6063010891585,574.7655639648438,39478300,0.0,0.0,0.0
2024-11-06 00:00:00-05:00,587.2236401168085,589.9444633264045,583.4264225525844,589.0574340820312,68182000,0.0,0.0,0.0
2024-11-07 00:00:00-05:00,591.0905788560154,594.6486108837124,591.0108301769313,593.612060546875,47233200,0.0,0.0,0.0
2024-11-08 00:00:00-05:00,594.170227974366,597.6286200573561,594.170227974366,596.1834716796875,46444900,0.0,0.0,0.0
2024-11-11 00:00:00-05:00,597.7979915870179,598.1567694017272,594.9974198997685,596.7515258789062,37586800,0.0,0.0,0.0
2024-11-12 00:00:00-05:00,596.6718248163537,597.2797640781976,592.3762843945897,594.8978271484375,43006100,0.0,0.0,0.0
2024-11-13 00:00:00-05:00,595.3662175337821,597.2199638760482,592.9643282404705,595.1868286132812,47388600,0.0,0.0,0.0
2024-11-14 00:00:00-05:00,595.3163950921665,595.8047417344717,590.6620768755874,591.3596801757812,38904100,0.0,0.0,0.0
2024-11-15 00:00:00-05:00,587.741810056627,588.2202413060753,581.9014814794444,583.78515625,75988800,0.0,0.0,0.0
2024-11-18 00:00:00-05:00,584.2535445173154,587.5125950397364,583.3765523681863,586.1771240234375,37084100,0.0,0.0,0.0
2024-11-19 00:00:00-05:00,582.7486704174037,589.0573932647131,582.0709587093536,588.3198852539062,49412000,0.0,0.0,0.0
2024-11-20 00:00:00-05:00,588.3996334687998,588.8082313989112,582.6689212758671,588.5192260742188,50032600,0.0,0.0,0.0
2024-11-21 00:00:00-05:00,591.4095359141672,593.1237371839187,585.4794823023249,591.6785888671875,46750300,0.0,0.0,0.0
2024-11-22 00:00:00-05:00,591.6686202509217,594.1503189768671,591.1603820751913,593.512451171875,38226400,0.0,0.0,0.0
2024-11-25 00:00:00-05:00,597.5090108826315,598.8444819692141,593.2034944374628,595.5256958007812,42441400,0.0,0.0,0.0
2024-11-26 00:00:00-05:00,596.7913620470338,599.3129045668759,596.0638302382595,598.6351928710938,45621300,0.0,0.0,0.0
2024-11-27 00:00:00-05:00,598.4458262225876,598.8344717672517,595.2765005812439,596.8212890625,34000200,0.0,0.0,0.0
2024-11-29 00:00:00-05:00,597.6484881409995,601.3261129268905,597.36945899809,600.52880859375,30177400,0.0,0.0,0.0
2024-12-02 00:00:00-05:00,600.9474044087409,602.2929125479887,600.4490815787433,601.605224609375,31746000,0.0,0.0,0.0
2024-12-03 00:00:00-05:00,601.3660019623314,602.1333777080879,600.3195362505401,601.8842163085938,26906600,0.0,0.0,0.0
2024-12-04 00:00:00-05:00,603.5984841150722,605.8708044682724,602.9207724016469,605.6216430664062,42787600,0.0,0.0,0.0
2024-12-05 00:00:00-05:00,605.621645611653,606.4389023128589,604.2662221791059,604.625,28762200,0.0,0.0,0.0
2024-12-06 00:00:00-05:00,605.4024251817842,607.0269624285027,604.9838510488302,605.7711791992188,31241500,0.0,0.0,0.0
2024-12-09 00:00:00-05:00,605.6515854430188,605.820998167633,602.0537093173363,602.6516723632812,34742700,0.0,0.0,0.0
2024-12-10 00:00:00-05:00,603.3393405871914,603.7678908945335,600.1102185836498,600.7779541015625,37234500,0.0,0.0,0.0
2024-12-11 00:00:00-05:00,603.7480059585018,606.3890803229617,603.4689159895003,605.42236328125,28677700,0.0,0.0,0.0
2024-12-12 00:00:00-05:00,604.5453090600739,605.1233197139765,602.3028564453125,602.3028564453125,31543800,0.0,0.0,0.0
2024-12-13 00:00:00-05:00,604.3659449754581,605.093476832397,600.7879603355512,602.1832885742188,35904700,0.0,0.0,0.0
2024-12-16 00:00:00-05:00,603.9672494909545,605.7413079042333,603.1799213451903,604.7545776367188,43695200,0.0,0.0,0.0
2024-12-17 00:00:00-05:00,602.1632992266615,603.1399924355125,600.8676721305405,602.262939453125,55773500,0.0,0.0,0.0
2024-12-18 00:00:00-05:00,601.9539941025837,604.3758356273496,583.9247091414081,584.3134155273438,108248700,0.0,0.0,0.0
2024-12-19 00:00:00-05:00,589.3763378496345,591.0108512618689,583.8848107635582,584.1339721679688,85919500,0.0,0.0,0.0
2024-12-20 00:00:00-05:00,581.77001953125,595.75,580.9099731445312,591.1500244140625,125716700,1.966,0.0,0.0
2024-12-23 00:00:00-05:00,590.8900146484375,595.2999877929688,587.6599731445312,594.6900024414062,57635800,0.0,0.0,0.0
2024-12-24 00:00:00-05:00,596.0599975585938,601.3400268554688,595.469970703125,601.2999877929688,33160100,0.0,0.0,0.0
2024-12-26 00:00:00-05:00,599.5,602.47998046875,598.0800170898438,601.3400268554688,41219100,0.0,0.0,0.0
2024-12-27 00:00:00-05:00,597.5399780273438,597.780029296875,590.760009765625,595.010009765625,64969300,0.0,0.0,0.0
2024-12-30 00:00:00-05:00,587.8900146484375,591.739990234375,584.4099731445312,588.219970703125,56578800,0.0,0.0,0.0
2024-12-31 00:00:00-05:00,589.9099731445312,590.6400146484375,584.4199829101562,586.0800170898438,57052700,0.0,0.0,0.0
2025-01-02 00:00:00-05:00,589.3900146484375,591.1300048828125,580.5,584.6400146484375,50204000,0.0,0.0,0.0
2025-01-03 00:00:00-05:00,587.530029296875,592.5999755859375,586.4299926757812,591.9500122070312,37888500,0.0,0.0,0.0
2025-01-06 00:00:00-05:00,596.27001953125,599.7000122070312,593.5999755859375,595.3599853515625,47679400,0.0,0.0,0.0
2025-01-07 00:00:00-05:00,597.4199829101562,597.75,586.780029296875,588.6300048828125,60393100,0.0,0.0,0.0
2025-01-08 00:00:00-05:00,588.7000122070312,590.5800170898438,585.2000122070312,589.489990234375,47304700,0.0,0.0,0.0
2025-01-10 00:00:00-05:00,585.8800048828125,585.9500122070312,578.5499877929688,580.489990234375,73105000,0.0,0.0,0.0
2025-01-13 00:00:00-05:00,575.77001953125,581.75,575.3499755859375,581.3900146484375,47910100,0.0,0.0,0.0
2025-01-14 00:00:00-05:00,584.3599853515625,585.0,578.3499755859375,582.1900024414062,48420600,0.0,0.0,0.0
2025-01-15 00:00:00-05:00,590.3300170898438,593.9400024414062,589.2000122070312,592.780029296875,56900200,0.0,0.0,0.0
2025-01-16 00:00:00-05:00,594.1699829101562,594.3499755859375,590.9299926757812,591.6400146484375,43319700,0.0,0.0,0.0
2025-01-17 00:00:00-05:00,596.9600219726562,599.3599853515625,595.6099853515625,597.5800170898438,58070600,0.0,0.0,0.0
2025-01-21 00:00:00-05:00,600.6699829101562,603.0599975585938,598.6699829101562,603.0499877929688,42532900,0.0,0.0,0.0
2025-01-22 00:00:00-05:00,605.9199829101562,607.8200073242188,605.3599853515625,606.4400024414062,48196000,0.0,0.0,0.0
2025-01-23 00:00:00-05:00,605.7999877929688,609.75,605.52001953125,609.75,41152100,0.0,0.0,0.0
2025-01-24 00:00:00-05:00,609.8099975585938,610.780029296875,606.7999877929688,607.969970703125,34604700,0.0,0.0,0.0
2025-01-27 00:00:00-05:00,594.8099975585938,599.6900024414062,594.6400146484375,599.3699951171875,70361100,0.0,0.0,0.0
2025-01-28 00:00:00-05:00,600.6199951171875,605.3699951171875,597.25,604.52001953125,44433300,0.0,0.0,0.0
2025-01-29 00:00:00-05:00,603.719970703125,604.1300048828125,599.219970703125,601.8099975585938,37177400,0.0,0.0,0.0
2025-01-30 00:00:00-05:00,603.9600219726562,606.5999755859375,600.719970703125,605.0399780273438,39281300,0.0,0.0,0.0
2025-01-31 00:00:00-05:00,607.5,609.9600219726562,601.0499877929688,601.8200073242188,66671500,0.0,0.0,0.0
2025-02-03 00:00:00-05:00,592.6699829101562,600.2899780273438,590.489990234375,597.77001953125,65857200,0.0,0.0,0.0
2025-02-04 00:00:00-05:00,597.8300170898438,602.2999877929688,597.280029296875,601.780029296875,33457800,0.0,0.0,0.0
2025-02-05 00:00:00-05:00,600.6400146484375,604.3699951171875,598.5800170898438,604.219970703125,30653100,0.0,0.0,0.0
2025-02-06 00:00:00-05:00,605.989990234375,606.4500122070312,602.6300048828125,606.3200073242188,35771500,0.0,0.0,0.0
2025-02-07 00:00:00-05:00,606.8900146484375,608.1300048828125,600.0499877929688,600.77001953125,50788500,0.0,0.0,0.0
2025-02-10 00:00:00-05:00,604.030029296875,605.5,602.739990234375,604.8499755859375,26048700,0.0,0.0,0.0
2025-02-11 00:00:00-05:00,602.5499877929688,605.8599853515625,602.4299926757812,605.3099975585938,30056700,0.0,0.0,0.0
2025-02-12 00:00:00-05:00,599.2000122070312,604.5499877929688,598.510009765625,603.3599853515625,45076100,0.0,0.0,0.0
2025-02-13 00:00:00-05:00,604.47998046875,609.9400024414062,603.2000122070312,609.72998046875,40921300,0.0,0.0,0.0
2025-02-14 00:00:00-05:00,609.9400024414062,610.989990234375,609.0700073242188,609.7000122070312,26910400,0.0,0.0,0.0
2025-02-18 00:00:00-05:00,610.8800048828125,611.489990234375,608.3800048828125,611.489990234375,26749000,0.0,0.0,0.0
2025-02-19 00:00:00-05:00,610.0800170898438,613.22998046875,609.5599975585938,612.9299926757812,31011100,0.0,0.0,0.0
2025-02-20 00:00:00-05:00,611.5399780273438,611.6799926757812,607.02001953125,610.3800048828125,36554000,0.0,0.0,0.0
2025-02-21 00:00:00-05:00,610.1599731445312,610.2999877929688,599.469970703125,599.9400024414062,76519800,0.0,0.0,0.0
2025-02-24 00:00:00-05:00,602.02001953125,603.030029296875,596.489990234375,597.2100219726562,50737200,0.0,0.0,0.0
2025-02-25 00:00:00-05:00,597.1500244140625,597.8900146484375,589.5599975585938,594.239990234375,58266500,0.0,0.0,0.0
2025-02-26 00:00:00-05:00,595.9299926757812,599.5800170898438,591.8599853515625,594.5399780273438,43321600,0.0,0.0,0.0
2025-02-27 00:00:00-05:00,596.8499755859375,598.02001953125,584.6500244140625,585.0499877929688,74196700,0.0,0.0,0.0
2025-02-28 00:00:00-05:00,585.5599975585938,594.719970703125,582.4400024414062,594.1799926757812,88744100,0.0,0.0,0.0
2025-03-03 00:00:00-05:00,596.1799926757812,597.3400268554688,579.9000244140625,583.77001953125,74249200,0.0,0.0,0.0
2025-03-04 00:00:00-05:00,579.7100219726562,585.3900146484375,572.25,576.8599853515625,109648200,0.0,0.0,0.0
2025-03-05 00:00:00-05:00,576.6900024414062,584.8800048828125,573.0800170898438,583.0599975585938,71230500,0.0,0.0,0.0
2025-03-06 00:00:00-05:00,575.47998046875,580.1699829101562,570.1199951171875,572.7100219726562,80094900,0.0,0.0,0.0
2025-03-07 00:00:00-05:00,570.9000244140625,577.3900146484375,565.6300048828125,575.9199829101562,81158800,0.0,0.0,0.0
2025-03-10 00:00:00-04:00,567.5900268554688,569.5399780273438,555.5900268554688,560.5800170898438,99326600,0.0,0.0,0.0
2025-03-11 00:00:00-04:00,559.4000244140625,564.02001953125,552.02001953125,555.9199829101562,88102100,0.0,0.0,0.0
2025-03-12 00:00:00-04:00,562.1699829101562,563.1099853515625,553.6900024414062,558.8699951171875,69437200,0.0,0.0,0.0
2025-03-13 00:00:00-04:00,558.489990234375,559.10498046875,549.6799926757812,551.489990234375,47370640,0.0,0.0,0.0
