Date,Open,High,Low,Close,Volume,Dividends,Stock Splits
2020-04-15 00:00:00-04:00,160.88999938964844,172.4199981689453,156.05999755859375,171.77000427246094,5345000,0.0,0.0
2020-04-16 00:00:00-04:00,166.5,174.42999267578125,165.0,174.25,3547400,0.0,0.0
2020-04-17 00:00:00-04:00,166.9969940185547,174.07000732421875,165.3800048828125,173.27000427246094,3244800,0.0,0.0
2020-04-20 00:00:00-04:00,171.69000244140625,183.5,170.55999755859375,181.4600067138672,2848600,0.0,0.0
2020-04-21 00:00:00-04:00,184.75999450683594,189.46499633789062,165.60000610351562,172.38999938964844,3276300,0.0,0.0
2020-04-22 00:00:00-04:00,174.25999450683594,183.11000061035156,174.0,179.64999389648438,2116900,0.0,0.0
2020-04-23 00:00:00-04:00,181.0,189.97000122070312,179.64999389648438,187.72999572753906,2442300,0.0,0.0
2020-04-24 00:00:00-04:00,190.1199951171875,196.50999450683594,187.75,193.52999877929688,2845900,0.0,0.0
2020-04-27 00:00:00-04:00,196.02999877929688,203.85000610351562,193.64999389648438,194.88999938964844,3635400,0.0,0.0
2020-04-28 00:00:00-04:00,195.61000061035156,195.80999755859375,172.67999267578125,181.14999389648438,5505100,0.0,0.0
2020-04-29 00:00:00-04:00,175.0,181.75,173.0,175.10000610351562,3923700,0.0,0.0
2020-04-30 00:00:00-04:00,166.64999389648438,169.7899932861328,155.25,164.58999633789062,5573600,0.0,0.0
2020-05-01 00:00:00-04:00,162.10000610351562,170.2899932861328,160.38999938964844,169.42999267578125,2632600,0.0,0.0
2020-05-04 00:00:00-04:00,170.7100067138672,175.17999267578125,167.06500244140625,174.3000030517578,2724000,0.0,0.0
2020-05-05 00:00:00-04:00,176.0,177.52000427246094,167.3000030517578,169.58999633789062,2444600,0.0,0.0
2020-05-06 00:00:00-04:00,171.17999267578125,180.1300048828125,169.6199951171875,176.00999450683594,1916800,0.0,0.0
2020-05-07 00:00:00-04:00,177.6699981689453,180.80999755859375,173.6999969482422,174.92999267578125,1631100,0.0,0.0
2020-05-08 00:00:00-04:00,175.0,178.4499969482422,168.47900390625,176.5,2209800,0.0,0.0
2020-05-11 00:00:00-04:00,178.60000610351562,193.99000549316406,177.55999755859375,190.6199951171875,3259900,0.0,0.0
2020-05-12 00:00:00-04:00,191.8800048828125,194.36000061035156,183.6999969482422,184.14999389648438,2013100,0.0,0.0
2020-05-13 00:00:00-04:00,189.5800018310547,196.19000244140625,179.05999755859375,188.19000244140625,3377600,0.0,0.0
2020-05-14 00:00:00-04:00,185.00999450683594,185.9499969482422,172.36000061035156,179.5399932861328,5225700,0.0,0.0
2020-05-15 00:00:00-04:00,176.89999389648438,184.67999267578125,175.4499969482422,184.22999572753906,4279100,0.0,0.0
2020-05-18 00:00:00-04:00,180.5,185.5500030517578,170.17999267578125,172.1999969482422,4100400,0.0,0.0
2020-05-19 00:00:00-04:00,175.8000030517578,180.35000610351562,172.5399932861328,175.66000366210938,2534500,0.0,0.0
2020-05-20 00:00:00-04:00,177.9600067138672,179.94000244140625,168.8300018310547,171.27000427246094,2799100,0.0,0.0
2020-05-21 00:00:00-04:00,172.3000030517578,178.05999755859375,169.02000427246094,174.99000549316406,2328500,0.0,0.0
2020-05-22 00:00:00-04:00,176.33999633789062,176.33999633789062,171.22000122070312,174.17999267578125,1460200,0.0,0.0
2020-05-26 00:00:00-04:00,173.25,174.0,161.44000244140625,164.47000122070312,3447700,0.0,0.0
2020-05-27 00:00:00-04:00,158.4199981689453,162.9499969482422,147.7100067138672,162.63999938964844,4784800,0.0,0.0
2020-05-28 00:00:00-04:00,160.5500030517578,170.74000549316406,160.40499877929688,166.89999389648438,2576500,0.0,0.0
2020-05-29 00:00:00-04:00,170.92999267578125,174.3699951171875,168.50999450683594,174.05999755859375,5770600,0.0,0.0
2020-06-01 00:00:00-04:00,172.60000610351562,177.8000030517578,168.35000610351562,173.6199951171875,2495100,0.0,0.0
2020-06-02 00:00:00-04:00,172.5,172.67999267578125,165.11000061035156,169.8699951171875,2410200,0.0,0.0
2020-06-03 00:00:00-04:00,166.7899932861328,168.8699951171875,162.6999969482422,164.58999633789062,2506200,0.0,0.0
2020-06-04 00:00:00-04:00,163.0,166.67999267578125,154.47999572753906,157.14999389648438,3343100,0.0,0.0
2020-06-05 00:00:00-04:00,151.3000030517578,163.89999389648438,149.0,161.64999389648438,2950700,0.0,0.0
2020-06-08 00:00:00-04:00,160.0,168.6999969482422,158.22000122070312,166.35000610351562,2233700,0.0,0.0
2020-06-09 00:00:00-04:00,169.57000732421875,170.22999572753906,166.4499969482422,168.8300018310547,1794700,0.0,0.0
2020-06-10 00:00:00-04:00,170.0,177.64999389648438,169.72999572753906,176.7100067138672,2591300,0.0,0.0
2020-06-11 00:00:00-04:00,178.0,187.6699981689453,173.24000549316406,173.72999572753906,4216700,0.0,0.0
2020-06-12 00:00:00-04:00,177.36000061035156,179.5,167.44000244140625,172.27000427246094,2125400,0.0,0.0
2020-06-15 00:00:00-04:00,175.2100067138672,188.27999877929688,174.1999969482422,188.27999877929688,3415800,0.0,0.0
2020-06-16 00:00:00-04:00,183.91000366210938,189.26800537109375,182.6999969482422,188.41000366210938,2424900,0.0,0.0
2020-06-17 00:00:00-04:00,189.0,195.41000366210938,188.02999877929688,192.05999755859375,2484700,0.0,0.0
2020-06-18 00:00:00-04:00,192.39999389648438,199.5800018310547,188.14999389648438,191.97999572753906,2611500,0.0,0.0
2020-06-19 00:00:00-04:00,192.9600067138672,203.4600067138672,192.5,201.52999877929688,4819000,0.0,0.0
2020-06-22 00:00:00-04:00,204.9600067138672,208.6300048828125,201.0,204.94000244140625,2659300,0.0,0.0
2020-06-23 00:00:00-04:00,206.0,207.3000030517578,197.14500427246094,198.0800018310547,2653800,0.0,0.0
2020-06-24 00:00:00-04:00,198.47999572753906,203.9600067138672,194.41000366210938,197.00999450683594,2679200,0.0,0.0
2020-06-25 00:00:00-04:00,196.50999450683594,202.97999572753906,195.32000732421875,201.6999969482422,2755900,0.0,0.0
2020-06-26 00:00:00-04:00,203.05999755859375,204.0,192.5,193.25999450683594,10468400,0.0,0.0
2020-06-29 00:00:00-04:00,194.0,195.02999877929688,184.30999755859375,187.35000610351562,2830800,0.0,0.0
2020-06-30 00:00:00-04:00,188.3800048828125,192.22000122070312,187.6699981689453,190.83999633789062,1585600,0.0,0.0
2020-07-01 00:00:00-04:00,189.89999389648438,201.3300018310547,188.89999389648438,198.85000610351562,1986300,0.0,0.0
2020-07-02 00:00:00-04:00,202.7899932861328,210.86000061035156,200.50999450683594,208.88999938964844,2416100,0.0,0.0
2020-07-06 00:00:00-04:00,212.3699951171875,219.86000061035156,211.30999755859375,218.0,2402800,0.0,0.0
2020-07-07 00:00:00-04:00,219.5500030517578,223.72999572753906,214.61000061035156,217.25999450683594,2245900,0.0,0.0
2020-07-08 00:00:00-04:00,220.8000030517578,225.18499755859375,219.1300048828125,224.52999877929688,1457700,0.0,0.0
2020-07-09 00:00:00-04:00,226.5500030517578,229.4149932861328,221.56199645996094,228.42999267578125,1387300,0.0,0.0
2020-07-10 00:00:00-04:00,228.0,230.39999389648438,224.19900512695312,228.97999572753906,1202600,0.0,0.0
2020-07-13 00:00:00-04:00,233.0,237.75999450683594,215.2100067138672,218.4499969482422,2180900,0.0,0.0
2020-07-14 00:00:00-04:00,220.39999389648438,224.5,203.5,209.22000122070312,3039400,0.0,0.0
2020-07-15 00:00:00-04:00,209.55999755859375,222.69000244140625,203.33999633789062,221.8300018310547,2425800,0.0,0.0
2020-07-16 00:00:00-04:00,219.05999755859375,220.99000549316406,213.2100067138672,218.55999755859375,1362900,0.0,0.0
2020-07-17 00:00:00-04:00,218.55999755859375,222.3800048828125,216.33999633789062,217.77000427246094,1032900,0.0,0.0
2020-07-20 00:00:00-04:00,220.2100067138672,228.08999633789062,218.94000244140625,227.27000427246094,1578000,0.0,0.0
2020-07-21 00:00:00-04:00,230.33999633789062,231.4499969482422,224.0500030517578,226.66000366210938,1351000,0.0,0.0
2020-07-22 00:00:00-04:00,228.82000732421875,230.86000061035156,220.35000610351562,223.97999572753906,1078800,0.0,0.0
2020-07-23 00:00:00-04:00,226.83999633789062,230.2760009765625,216.38999938964844,219.8800048828125,1296200,0.0,0.0
2020-07-24 00:00:00-04:00,214.7100067138672,218.24000549316406,206.22000122070312,212.85000610351562,1302600,0.0,0.0
2020-07-27 00:00:00-04:00,215.0,217.81500244140625,208.75,212.75,1612900,0.0,0.0
2020-07-28 00:00:00-04:00,213.5,218.05499267578125,211.7899932861328,212.67999267578125,967900,0.0,0.0
2020-07-29 00:00:00-04:00,216.0,219.8000030517578,212.94000244140625,218.25,1862900,0.0,0.0
2020-07-30 00:00:00-04:00,211.83999633789062,239.44000244140625,210.9499969482422,237.07000732421875,3985700,0.0,0.0
2020-07-31 00:00:00-04:00,240.0,240.0,230.00999450683594,237.6300048828125,2478700,0.0,0.0
2020-08-03 00:00:00-04:00,234.07000732421875,239.60000610351562,234.0,237.13999938964844,1741400,0.0,0.0
2020-08-04 00:00:00-04:00,240.0,253.0,235.5709991455078,249.4199981689453,2923500,0.0,0.0
2020-08-05 00:00:00-04:00,238.1699981689453,239.0,199.4600067138672,202.00999450683594,27423400,0.0,0.0
2020-08-06 00:00:00-04:00,216.0,219.75,209.0,212.5,10382100,0.0,0.0
2020-08-07 00:00:00-04:00,215.0,215.99000549316406,191.0,193.72000122070312,9661000,0.0,0.0
2020-08-10 00:00:00-04:00,197.00999450683594,197.35000610351562,185.0,193.74000549316406,9062200,0.0,0.0
2020-08-11 00:00:00-04:00,190.0,191.10000610351562,182.50999450683594,183.75,6227800,0.0,0.0
2020-08-12 00:00:00-04:00,185.08999633789062,188.11000061035156,181.7519989013672,185.08999633789062,4050500,0.0,0.0
2020-08-13 00:00:00-04:00,187.80999755859375,198.2050018310547,187.5,192.0800018310547,4345200,0.0,0.0
2020-08-14 00:00:00-04:00,192.5,194.60000610351562,186.1199951171875,187.5,3569700,0.0,0.0
2020-08-17 00:00:00-04:00,196.5500030517578,206.3300018310547,190.6199951171875,205.02000427246094,6643000,0.0,0.0
2020-08-18 00:00:00-04:00,211.50999450683594,218.60899353027344,207.52499389648438,217.27999877929688,6587700,0.0,0.0
2020-08-19 00:00:00-04:00,217.38999938964844,219.8090057373047,210.1999969482422,216.50999450683594,4745900,0.0,0.0
2020-08-20 00:00:00-04:00,213.6300048828125,218.8000030517578,213.26499938964844,218.41000366210938,3057700,0.0,0.0
2020-08-21 00:00:00-04:00,219.75,233.8300018310547,219.6999969482422,223.41000366210938,6260300,0.0,0.0
2020-08-24 00:00:00-04:00,224.9499969482422,225.91000366210938,206.86000061035156,210.6300048828125,5660600,0.0,0.0
2020-08-25 00:00:00-04:00,209.74000549316406,215.0850067138672,206.0,212.00999450683594,3268500,0.0,0.0
2020-08-26 00:00:00-04:00,210.80999755859375,214.88999938964844,207.63600158691406,214.57000732421875,3775500,0.0,0.0
2020-08-27 00:00:00-04:00,212.4499969482422,218.63499450683594,208.14999389648438,215.77000427246094,2796900,0.0,0.0
2020-08-28 00:00:00-04:00,217.5,218.1999969482422,207.36000061035156,208.57000732421875,3291300,0.0,0.0
2020-08-31 00:00:00-04:00,210.3300018310547,216.35000610351562,209.5,215.69000244140625,3461600,0.0,0.0
2020-09-01 00:00:00-04:00,219.3300018310547,224.9199981689453,216.77999877929688,224.1999969482422,3028600,0.0,0.0
2020-09-02 00:00:00-04:00,227.8000030517578,227.85000610351562,212.10000610351562,223.14999389648438,3060200,0.0,0.0
2020-09-03 00:00:00-04:00,213.85000610351562,219.3249969482422,200.14500427246094,203.02000427246094,4899700,0.0,0.0
2020-09-04 00:00:00-04:00,196.9499969482422,203.86000061035156,181.0,198.2899932861328,4980100,0.0,0.0
2020-09-08 00:00:00-04:00,189.5,201.11000061035156,188.0,192.85000610351562,2927800,0.0,0.0
2020-09-09 00:00:00-04:00,197.25999450683594,201.94000244140625,196.4219970703125,200.77000427246094,2253400,0.0,0.0
2020-09-10 00:00:00-04:00,202.22000122070312,206.97000122070312,196.56100463867188,198.13999938964844,2045100,0.0,0.0
2020-09-11 00:00:00-04:00,199.41000366210938,200.55999755859375,187.61000061035156,189.91000366210938,2675100,0.0,0.0
2020-09-14 00:00:00-04:00,192.52000427246094,198.25,191.5399932861328,193.36000061035156,1804500,0.0,0.0
2020-09-15 00:00:00-04:00,195.60000610351562,197.80999755859375,193.3300018310547,194.7100067138672,1482000,0.0,0.0
2020-09-16 00:00:00-04:00,195.0,198.8699951171875,189.77999877929688,193.52000427246094,2493300,0.0,0.0
2020-09-17 00:00:00-04:00,187.4199981689453,199.97999572753906,186.10000610351562,199.27999877929688,3457400,0.0,0.0
2020-09-18 00:00:00-04:00,200.88999938964844,209.44000244140625,198.8300018310547,205.42999267578125,4441300,0.0,0.0
2020-09-21 00:00:00-04:00,203.0,204.7899932861328,193.5399932861328,202.66000366210938,2898600,0.0,0.0
2020-09-22 00:00:00-04:00,205.49000549316406,216.0399932861328,201.67999267578125,215.27999877929688,3728400,0.0,0.0
2020-09-23 00:00:00-04:00,214.0,218.5399932861328,207.26499938964844,209.22000122070312,2960400,0.0,0.0
2020-09-24 00:00:00-04:00,203.11000061035156,208.22000122070312,199.61000061035156,203.9499969482422,1960300,0.0,0.0
2020-09-25 00:00:00-04:00,207.99000549316406,219.4199981689453,206.5,219.0,3605800,0.0,0.0
2020-09-28 00:00:00-04:00,222.02999877929688,222.02999877929688,212.00999450683594,215.08999633789062,2273200,0.0,0.0
2020-09-29 00:00:00-04:00,216.5,221.93499755859375,213.00999450683594,217.33999633789062,2137200,0.0,0.0
2020-09-30 00:00:00-04:00,217.27000427246094,224.94000244140625,214.38999938964844,219.24000549316406,2632100,0.0,0.0
2020-10-01 00:00:00-04:00,222.86000061035156,223.74000549316406,218.0,220.67999267578125,1817800,0.0,0.0
2020-10-02 00:00:00-04:00,215.0,227.9499969482422,213.6199951171875,221.60000610351562,2397800,0.0,0.0
2020-10-05 00:00:00-04:00,223.38999938964844,227.47999572753906,220.14199829101562,225.2100067138672,1651200,0.0,0.0
2020-10-06 00:00:00-04:00,223.2899932861328,225.79800415039062,217.0,217.72000122070312,1753300,0.0,0.0
2020-10-07 00:00:00-04:00,222.14999389648438,230.8699951171875,221.19000244140625,222.85000610351562,2308700,0.0,0.0
2020-10-08 00:00:00-04:00,225.27999877929688,225.8000030517578,219.63999938964844,221.47999572753906,1257700,0.0,0.0
2020-10-09 00:00:00-04:00,223.8800048828125,224.77999877929688,217.8699951171875,218.11000061035156,1595400,0.0,0.0
2020-10-12 00:00:00-04:00,221.89999389648438,224.74000549316406,217.72999572753906,218.0,1837000,0.0,0.0
2020-10-13 00:00:00-04:00,220.97999572753906,236.8000030517578,219.4199981689453,231.8000030517578,4452800,0.0,0.0
2020-10-14 00:00:00-04:00,233.52999877929688,234.10000610351562,226.7100067138672,230.4499969482422,2184400,0.0,0.0
2020-10-15 00:00:00-04:00,225.33999633789062,228.6999969482422,220.00999450683594,224.35000610351562,2062500,0.0,0.0
2020-10-16 00:00:00-04:00,227.5,228.19500732421875,220.63099670410156,221.2899932861328,1277400,0.0,0.0
2020-10-19 00:00:00-04:00,222.7100067138672,228.02000427246094,221.5800018310547,223.69000244140625,1669000,0.0,0.0
2020-10-20 00:00:00-04:00,223.8000030517578,226.26600646972656,221.2899932861328,222.22999572753906,1271500,0.0,0.0
2020-10-21 00:00:00-04:00,224.74000549316406,230.82000732421875,212.64999389648438,216.77000427246094,2223000,0.0,0.0
2020-10-22 00:00:00-04:00,218.39999389648438,221.77000427246094,214.13999938964844,214.8000030517578,1545800,0.0,0.0
2020-10-23 00:00:00-04:00,215.0,217.0,212.10000610351562,216.32000732421875,1347600,0.0,0.0
2020-10-26 00:00:00-04:00,215.0,223.6999969482422,209.0,212.14999389648438,2214800,0.0,0.0
2020-10-27 00:00:00-04:00,214.69000244140625,224.8000030517578,214.51300048828125,223.05999755859375,2835700,0.0,0.0
2020-10-28 00:00:00-04:00,220.1300048828125,231.0,220.10000610351562,226.94000244140625,4575900,0.0,0.0
2020-10-29 00:00:00-04:00,217.58999633789062,228.05999755859375,213.75,217.88999938964844,11257900,0.0,0.0
2020-10-30 00:00:00-04:00,215.99000549316406,215.99000549316406,192.13999938964844,196.4600067138672,6095700,0.0,0.0
2020-11-02 00:00:00-05:00,194.0,194.92999267578125,186.5,190.39999389648438,5631100,0.0,0.0
2020-11-03 00:00:00-05:00,192.0,196.92100524902344,190.2899932861328,195.24000549316406,3380200,0.0,0.0
2020-11-04 00:00:00-05:00,200.0,206.13999938964844,197.11000061035156,198.74000549316406,3985200,0.0,0.0
2020-11-05 00:00:00-05:00,205.60000610351562,209.35499572753906,203.47999572753906,208.50999450683594,3273000,0.0,0.0
2020-11-06 00:00:00-05:00,208.5,209.27000427246094,205.5500030517578,206.13999938964844,2418600,0.0,0.0
2020-11-09 00:00:00-05:00,191.375,193.70399475097656,175.4029998779297,177.97999572753906,10987200,0.0,0.0
2020-11-10 00:00:00-05:00,180.41000366210938,180.9949951171875,168.5,172.44000244140625,7792100,0.0,0.0
2020-11-11 00:00:00-05:00,177.5500030517578,183.1199951171875,173.64999389648438,182.5500030517578,4549400,0.0,0.0
2020-11-12 00:00:00-05:00,186.9499969482422,189.63999938964844,183.72000122070312,186.99000549316406,3762700,0.0,0.0
2020-11-13 00:00:00-05:00,190.0,190.6999969482422,178.3800048828125,183.07000732421875,4582900,0.0,0.0
2020-11-16 00:00:00-05:00,178.10000610351562,181.13999938964844,175.10000610351562,177.0,6252600,0.0,0.0
2020-11-17 00:00:00-05:00,178.97000122070312,181.85000610351562,177.22000122070312,179.33999633789062,3696700,0.0,0.0
2020-11-18 00:00:00-05:00,180.02999877929688,184.8800048828125,177.3000030517578,181.8699951171875,4238900,0.0,0.0
2020-11-19 00:00:00-05:00,182.0,192.77000427246094,182.0,191.19000244140625,4392800,0.0,0.0
2020-11-20 00:00:00-05:00,192.50999450683594,200.3300018310547,192.23500061035156,200.0,4442100,0.0,0.0
2020-11-23 00:00:00-05:00,200.0,200.7100067138672,193.22000122070312,194.00999450683594,3106000,0.0,0.0
2020-11-24 00:00:00-05:00,193.49000549316406,193.5,184.1999969482422,186.4199981689453,3917200,0.0,0.0
2020-11-25 00:00:00-05:00,188.27999877929688,190.72999572753906,186.5800018310547,190.58999633789062,2114700,0.0,0.0
2020-11-27 00:00:00-05:00,192.0,197.44500732421875,191.00999450683594,196.4499969482422,1758200,0.0,0.0
2020-11-30 00:00:00-05:00,198.0,199.99000549316406,190.25,198.77000427246094,3108400,0.0,0.0
2020-12-01 00:00:00-05:00,198.66000366210938,198.80999755859375,192.0,195.19000244140625,2519900,0.0,0.0
2020-12-02 00:00:00-05:00,192.3300018310547,196.52000427246094,189.41000366210938,195.02999877929688,1940900,0.0,0.0
2020-12-03 00:00:00-05:00,196.5,202.9499969482422,196.0,197.2100067138672,2548400,0.0,0.0
2020-12-04 00:00:00-05:00,197.39999389648438,204.58999633789062,195.8000030517578,203.66000366210938,2447300,0.0,0.0
2020-12-07 00:00:00-05:00,199.27999877929688,202.82000732421875,196.05999755859375,197.3000030517578,2967700,0.0,0.0
2020-12-08 00:00:00-05:00,199.7899932861328,200.48699951171875,194.5800018310547,198.25999450683594,1760400,0.0,0.0
2020-12-09 00:00:00-05:00,199.5,199.5,188.80999755859375,192.27999877929688,2551200,0.0,0.0
2020-12-10 00:00:00-05:00,192.1699981689453,199.19000244140625,191.4499969482422,199.00999450683594,2120500,0.0,0.0
2020-12-11 00:00:00-05:00,198.92999267578125,201.4499969482422,195.58999633789062,199.5800018310547,1839800,0.0,0.0
2020-12-14 00:00:00-05:00,197.50999450683594,202.35000610351562,194.33999633789062,194.6300048828125,2155500,0.0,0.0
2020-12-15 00:00:00-05:00,196.08999633789062,198.19000244140625,193.47000122070312,196.11000061035156,1870700,0.0,0.0
2020-12-16 00:00:00-05:00,188.25,190.32899475097656,181.14999389648438,187.07000732421875,6965800,0.0,0.0
2020-12-17 00:00:00-05:00,190.0,196.88999938964844,189.6999969482422,196.80999755859375,3020300,0.0,0.0
2020-12-18 00:00:00-05:00,197.13999938964844,198.5500030517578,191.60000610351562,196.33999633789062,3525000,0.0,0.0
2020-12-21 00:00:00-05:00,199.0,205.18800354003906,193.9199981689453,199.75,3856800,0.0,0.0
2020-12-22 00:00:00-05:00,201.99000549316406,208.5,201.4600067138672,206.0399932861328,3107400,0.0,0.0
2020-12-23 00:00:00-05:00,206.5500030517578,212.9199981689453,203.3000030517578,209.4199981689453,2934300,0.0,0.0
2020-12-24 00:00:00-05:00,211.3300018310547,211.97000122070312,204.2100067138672,207.9499969482422,1960500,0.0,0.0
2020-12-28 00:00:00-05:00,209.13999938964844,210.25,196.3090057373047,197.8300018310547,3234900,0.0,0.0
2020-12-29 00:00:00-05:00,200.4600067138672,202.03799438476562,194.44000244140625,198.97999572753906,1871700,0.0,0.0
2020-12-30 00:00:00-05:00,202.0,204.7899932861328,199.5,203.57000732421875,1633100,0.0,0.0
2020-12-31 00:00:00-05:00,202.9600067138672,203.2449951171875,195.55999755859375,199.9600067138672,1924000,0.0,0.0
2021-01-04 00:00:00-05:00,199.8000030517578,200.6300048828125,192.0,200.6300048828125,2552800,0.0,0.0
2021-01-05 00:00:00-05:00,200.00999450683594,202.8000030517578,198.16000366210938,200.97000122070312,2086200,0.0,0.0
2021-01-06 00:00:00-05:00,199.1649932861328,210.24000549316406,197.0,204.14999389648438,3629300,0.0,0.0
2021-01-07 00:00:00-05:00,209.0,229.07000732421875,208.3699951171875,228.77999877929688,5913100,0.0,0.0
2021-01-08 00:00:00-05:00,227.3000030517578,236.66000366210938,221.9600067138672,227.77999877929688,4235000,0.0,0.0
2021-01-11 00:00:00-05:00,227.31500244140625,229.0399932861328,219.0,220.86000061035156,2462500,0.0,0.0
2021-01-12 00:00:00-05:00,225.91000366210938,233.13999938964844,223.72999572753906,230.08999633789062,2748800,0.0,0.0
2021-01-13 00:00:00-05:00,231.0,235.0,225.6300048828125,231.7899932861328,1834300,0.0,0.0
2021-01-14 00:00:00-05:00,226.3000030517578,229.0,221.3000030517578,225.5399932861328,2755000,0.0,0.0
2021-01-15 00:00:00-05:00,228.0,230.8300018310547,222.60000610351562,225.25,2337700,0.0,0.0
2021-01-19 00:00:00-05:00,228.6699981689453,233.6649932861328,223.5,232.72000122070312,3415600,0.0,0.0
2021-01-20 00:00:00-05:00,235.0,252.0800018310547,234.1999969482422,246.74000549316406,6554400,0.0,0.0
2021-01-21 00:00:00-05:00,245.80999755859375,248.8000030517578,240.5,245.5,2593600,0.0,0.0
2021-01-22 00:00:00-05:00,244.9600067138672,263.4700012207031,242.72999572753906,263.0,5043300,0.0,0.0
2021-01-25 00:00:00-05:00,265.489990234375,294.739990234375,265.489990234375,287.0899963378906,9083500,0.0,0.0
2021-01-26 00:00:00-05:00,283.82501220703125,293.9200134277344,279.0,286.2300109863281,3490800,0.0,0.0
2021-01-27 00:00:00-05:00,275.0,283.1000061035156,269.19000244140625,273.94000244140625,3798300,0.0,0.0
2021-01-28 00:00:00-05:00,268.5899963378906,273.82000732421875,258.5,262.8399963378906,3236300,0.0,0.0
2021-01-29 00:00:00-05:00,262.3500061035156,274.5799865722656,257.6610107421875,263.8299865722656,3704100,0.0,0.0
2021-02-01 00:00:00-05:00,265.20001220703125,266.6499938964844,257.0,264.1000061035156,2728900,0.0,0.0
2021-02-02 00:00:00-05:00,270.0,280.9700012207031,265.8299865722656,266.8599853515625,2749600,0.0,0.0
2021-02-03 00:00:00-05:00,269.8500061035156,277.5660095214844,268.75,271.4100036621094,1747900,0.0,0.0
2021-02-04 00:00:00-05:00,277.8500061035156,284.95001220703125,274.0,276.8399963378906,2191600,0.0,0.0
2021-02-05 00:00:00-05:00,280.0,287.48699951171875,276.5299987792969,285.0299987792969,2229500,0.0,0.0
2021-02-08 00:00:00-05:00,286.5799865722656,296.3599853515625,286.4200134277344,294.5400085449219,1944200,0.0,0.0
2021-02-09 00:00:00-05:00,293.9599914550781,299.4200134277344,287.05999755859375,288.5,2085300,0.0,0.0
2021-02-10 00:00:00-05:00,290.489990234375,295.45001220703125,277.3590087890625,290.42999267578125,2024200,0.0,0.0
2021-02-11 00:00:00-05:00,291.25,291.5,278.39599609375,283.69000244140625,2063700,0.0,0.0
2021-02-12 00:00:00-05:00,285.3500061035156,294.26300048828125,279.7699890136719,293.6600036621094,1847600,0.0,0.0
2021-02-16 00:00:00-05:00,298.260009765625,308.0,285.739990234375,291.2099914550781,3341800,0.0,0.0
2021-02-17 00:00:00-05:00,288.6000061035156,288.79998779296875,274.510009765625,287.8599853515625,2247500,0.0,0.0
2021-02-18 00:00:00-05:00,283.3999938964844,285.3999938964844,276.66400146484375,283.1000061035156,1621900,0.0,0.0
2021-02-19 00:00:00-05:00,286.6000061035156,294.9360046386719,283.9049987792969,292.510009765625,1929400,0.0,0.0
2021-02-22 00:00:00-05:00,292.1400146484375,292.3699951171875,267.260009765625,268.760009765625,2858200,0.0,0.0
2021-02-23 00:00:00-05:00,251.52999877929688,261.3999938964844,235.0,256.0,4694900,0.0,0.0
2021-02-24 00:00:00-05:00,256.55999755859375,259.54998779296875,247.3800048828125,254.52999877929688,3007100,0.0,0.0
2021-02-25 00:00:00-05:00,240.0,246.66000366210938,216.80999755859375,219.5500030517578,9082300,0.0,0.0
2021-02-26 00:00:00-05:00,222.14999389648438,225.7310028076172,211.32000732421875,221.08999633789062,6992600,0.0,0.0
2021-03-01 00:00:00-05:00,227.0,229.8699951171875,221.14999389648438,223.38999938964844,4941000,0.0,0.0
2021-03-02 00:00:00-05:00,229.39999389648438,231.47999572753906,216.35000610351562,217.9199981689453,3057700,0.0,0.0
2021-03-03 00:00:00-05:00,214.6300048828125,216.19700622558594,200.88999938964844,203.19000244140625,5570600,0.0,0.0
2021-03-04 00:00:00-05:00,201.25,206.35000610351562,189.41000366210938,195.97999572753906,6852200,0.0,0.0
2021-03-05 00:00:00-05:00,194.14999389648438,197.7100067138672,174.0,189.69000244140625,8593200,0.0,0.0
2021-03-08 00:00:00-05:00,188.14999389648438,193.0,175.50999450683594,176.64999389648438,4448600,0.0,0.0
2021-03-09 00:00:00-05:00,186.69000244140625,196.4199981689453,185.13999938964844,193.0399932861328,4383700,0.0,0.0
2021-03-10 00:00:00-05:00,196.3000030517578,198.49000549316406,182.1739959716797,184.4499969482422,5604200,0.0,0.0
2021-03-11 00:00:00-05:00,190.0,200.5050048828125,187.75,198.77000427246094,5865700,0.0,0.0
2021-03-12 00:00:00-05:00,195.1699981689453,198.0,189.36000061035156,197.9499969482422,3815600,0.0,0.0
2021-03-15 00:00:00-04:00,201.0800018310547,203.97999572753906,196.22000122070312,201.24000549316406,2950100,0.0,0.0
2021-03-16 00:00:00-04:00,204.0,206.1699981689453,194.2899932861328,198.75999450683594,2426800,0.0,0.0
2021-03-17 00:00:00-04:00,184.80999755859375,191.99000549316406,182.22000122070312,190.10000610351562,6752500,0.0,0.0
2021-03-18 00:00:00-04:00,189.8699951171875,192.44000244140625,183.08999633789062,185.42999267578125,4097700,0.0,0.0
2021-03-19 00:00:00-04:00,185.5500030517578,191.36000061035156,182.24000549316406,190.97999572753906,3759300,0.0,0.0
2021-03-22 00:00:00-04:00,192.1199951171875,199.02999877929688,190.17999267578125,197.27999877929688,2860500,0.0,0.0
2021-03-23 00:00:00-04:00,197.17999267578125,197.63299560546875,192.5399932861328,193.74000549316406,2113800,0.0,0.0
2021-03-24 00:00:00-04:00,194.8800048828125,195.39999389648438,181.1999969482422,181.99000549316406,3533600,0.0,0.0
2021-03-25 00:00:00-04:00,177.5,179.41000366210938,169.00999450683594,176.16000366210938,6422600,0.0,0.0
2021-03-26 00:00:00-04:00,178.3699951171875,181.4600067138672,170.43499755859375,176.88999938964844,3388500,0.0,0.0
2021-03-29 00:00:00-04:00,175.0,175.47000122070312,166.6999969482422,171.3000030517578,4048600,0.0,0.0
2021-03-30 00:00:00-04:00,169.6199951171875,175.72999572753906,167.9499969482422,174.74000549316406,2414400,0.0,0.0
2021-03-31 00:00:00-04:00,178.0,183.5,176.6199951171875,181.75,2876900,0.0,0.0
2021-04-01 00:00:00-04:00,187.00999450683594,189.14599609375,182.23199462890625,182.7899932861328,2822800,0.0,0.0
2021-04-05 00:00:00-04:00,187.05999755859375,187.52499389648438,179.10000610351562,181.25,2012500,0.0,0.0
2021-04-06 00:00:00-04:00,182.27999877929688,184.3520050048828,179.6699981689453,181.86000061035156,2301900,0.0,0.0
2021-04-07 00:00:00-04:00,182.5,183.66000366210938,177.60000610351562,178.0,2105800,0.0,0.0
2021-04-08 00:00:00-04:00,181.94000244140625,186.94000244140625,180.35000610351562,182.30999755859375,2289200,0.0,0.0
2021-04-09 00:00:00-04:00,182.30999755859375,183.6999969482422,178.4499969482422,181.25999450683594,1875700,0.0,0.0
2021-04-12 00:00:00-04:00,181.33200073242188,183.75,176.26300048828125,182.00999450683594,1968000,0.0,0.0
2021-04-13 00:00:00-04:00,184.5,192.96400451660156,184.42999267578125,189.25,3787600,0.0,0.0
2021-04-14 00:00:00-04:00,190.0,193.08999633789062,186.1199951171875,188.11000061035156,3178500,0.0,0.0
2021-04-15 00:00:00-04:00,192.7100067138672,194.99000549316406,189.66000366210938,192.3800048828125,2393700,0.0,0.0
2021-04-16 00:00:00-04:00,193.0,193.50999450683594,187.8800048828125,190.10000610351562,1574100,0.0,0.0
2021-04-19 00:00:00-04:00,188.11000061035156,190.89999389648438,180.718994140625,184.08999633789062,2725300,0.0,0.0
2021-04-20 00:00:00-04:00,183.0399932861328,185.16000366210938,177.22999572753906,180.91000366210938,1807600,0.0,0.0
2021-04-21 00:00:00-04:00,179.8000030517578,183.53399658203125,177.11000061035156,182.8300018310547,1392600,0.0,0.0
2021-04-22 00:00:00-04:00,185.0,187.1199951171875,179.22000122070312,181.4199981689453,1905800,0.0,0.0
2021-04-23 00:00:00-04:00,182.38999938964844,183.96499633789062,180.66099548339844,182.4499969482422,1811200,0.0,0.0
2021-04-26 00:00:00-04:00,184.00999450683594,190.33999633789062,180.52999877929688,190.05999755859375,2922500,0.0,0.0
2021-04-27 00:00:00-04:00,190.7899932861328,192.11000061035156,188.0,189.9499969482422,2170900,0.0,0.0
2021-04-28 00:00:00-04:00,186.3300018310547,189.65499877929688,185.39999389648438,186.30999755859375,2959500,0.0,0.0
2021-04-29 00:00:00-04:00,174.7100067138672,178.67999267578125,167.80999755859375,170.86000061035156,12156900,0.0,0.0
2021-04-30 00:00:00-04:00,169.24000549316406,174.57000732421875,167.8699951171875,172.35000610351562,4087200,0.0,0.0
2021-05-03 00:00:00-04:00,172.38999938964844,172.38999938964844,162.27200317382812,163.2100067138672,4680000,0.0,0.0
2021-05-04 00:00:00-04:00,160.5,160.63999938964844,153.2899932861328,158.3699951171875,6137400,0.0,0.0
2021-05-05 00:00:00-04:00,159.39999389648438,161.1699981689453,156.0800018310547,156.99000549316406,3970400,0.0,0.0
2021-05-06 00:00:00-04:00,155.7899932861328,156.52999877929688,148.5,151.89999389648438,5164000,0.0,0.0
2021-05-07 00:00:00-04:00,152.82000732421875,157.16000366210938,149.2100067138672,151.0399932861328,4511600,0.0,0.0
2021-05-10 00:00:00-04:00,150.27000427246094,150.27000427246094,140.10000610351562,141.0500030517578,5684300,0.0,0.0
2021-05-11 00:00:00-04:00,133.74000549316406,148.50999450683594,133.1699981689453,145.7899932861328,6350300,0.0,0.0
2021-05-12 00:00:00-04:00,142.00999450683594,145.9600067138672,138.44000244140625,140.0800018310547,3425000,0.0,0.0
2021-05-13 00:00:00-04:00,140.14999389648438,142.38999938964844,129.74000549316406,132.7100067138672,5316700,0.0,0.0
2021-05-14 00:00:00-04:00,134.58999633789062,141.80999755859375,134.5800018310547,139.67999267578125,3391500,0.0,0.0
2021-05-17 00:00:00-04:00,138.41000366210938,140.38999938964844,134.74000549316406,137.36000061035156,2921100,0.0,0.0
2021-05-18 00:00:00-04:00,138.0,143.82000732421875,135.1999969482422,139.38999938964844,3009700,0.0,0.0
2021-05-19 00:00:00-04:00,135.42999267578125,138.94000244140625,134.1699981689453,136.91000366210938,2502900,0.0,0.0
2021-05-20 00:00:00-04:00,137.5,142.8000030517578,136.66000366210938,141.2899932861328,2371300,0.0,0.0
2021-05-21 00:00:00-04:00,143.19000244140625,145.0,140.39500427246094,140.52000427246094,2363000,0.0,0.0
2021-05-24 00:00:00-04:00,141.8800048828125,145.1999969482422,140.8300018310547,142.3300018310547,1999500,0.0,0.0
2021-05-25 00:00:00-04:00,144.2100067138672,147.52000427246094,143.85000610351562,144.4600067138672,2915100,0.0,0.0
2021-05-26 00:00:00-04:00,145.64999389648438,150.27999877929688,145.27999877929688,148.32000732421875,2761600,0.0,0.0
2021-05-27 00:00:00-04:00,148.32000732421875,149.4149932861328,144.10000610351562,149.0,3811400,0.0,0.0
2021-05-28 00:00:00-04:00,150.8699951171875,156.7100067138672,150.24000549316406,150.5800018310547,3100800,0.0,0.0
2021-06-01 00:00:00-04:00,153.8699951171875,156.27000427246094,150.38999938964844,152.36000061035156,2722600,0.0,0.0
2021-06-02 00:00:00-04:00,151.3000030517578,154.44500732421875,151.05999755859375,152.74000549316406,1902000,0.0,0.0
2021-06-03 00:00:00-04:00,151.49000549316406,152.50999450683594,146.00999450683594,146.58999633789062,2831700,0.0,0.0
2021-06-04 00:00:00-04:00,147.17999267578125,149.67999267578125,145.13999938964844,146.57000732421875,2260900,0.0,0.0
2021-06-07 00:00:00-04:00,147.77999877929688,153.16000366210938,146.47000122070312,151.9499969482422,2345000,0.0,0.0
2021-06-08 00:00:00-04:00,154.66000366210938,156.8699951171875,149.27999877929688,152.92999267578125,2169200,0.0,0.0
2021-06-09 00:00:00-04:00,153.5500030517578,155.73899841308594,149.91000366210938,150.42999267578125,2545200,0.0,0.0
2021-06-10 00:00:00-04:00,150.07000732421875,155.5399932861328,148.8800048828125,154.2899932861328,2355700,0.0,0.0
2021-06-11 00:00:00-04:00,155.74000549316406,155.88999938964844,152.3800048828125,154.82000732421875,1671100,0.0,0.0
2021-06-14 00:00:00-04:00,156.2899932861328,159.10000610351562,155.16000366210938,157.47999572753906,2348500,0.0,0.0
2021-06-15 00:00:00-04:00,157.14999389648438,157.99000549316406,151.82000732421875,152.42999267578125,1988400,0.0,0.0
2021-06-16 00:00:00-04:00,151.4199981689453,152.5,147.24000549316406,151.72999572753906,2768800,0.0,0.0
2021-06-17 00:00:00-04:00,150.64999389648438,157.6999969482422,149.24000549316406,155.8000030517578,2617000,0.0,0.0
2021-06-18 00:00:00-04:00,156.7899932861328,158.8699951171875,155.05999755859375,156.30999755859375,3033600,0.0,0.0
2021-06-21 00:00:00-04:00,154.5,157.47000122070312,150.52999877929688,155.38999938964844,1664900,0.0,0.0
2021-06-22 00:00:00-04:00,155.38999938964844,158.25,153.75999450683594,157.6300048828125,2172800,0.0,0.0
2021-06-23 00:00:00-04:00,158.0,161.92999267578125,157.07000732421875,160.5,2561200,0.0,0.0
2021-06-24 00:00:00-04:00,161.6699981689453,165.91000366210938,160.72999572753906,163.27000427246094,2733500,0.0,0.0
2021-06-25 00:00:00-04:00,165.5,167.9600067138672,162.55999755859375,165.10000610351562,5609500,0.0,0.0
2021-06-28 00:00:00-04:00,167.57000732421875,172.36000061035156,167.05499267578125,170.4199981689453,2983600,0.0,0.0
2021-06-29 00:00:00-04:00,171.2100067138672,174.32000732421875,168.94500732421875,171.36000061035156,2345500,0.0,0.0
2021-06-30 00:00:00-04:00,171.0,171.67999267578125,165.66000366210938,166.2899932861328,2390300,0.0,0.0
2021-07-01 00:00:00-04:00,165.2899932861328,167.1529998779297,161.48899841308594,164.63999938964844,1906200,0.0,0.0
2021-07-02 00:00:00-04:00,165.7899932861328,167.5,162.6999969482422,164.25999450683594,1422100,0.0,0.0
2021-07-06 00:00:00-04:00,164.6300048828125,165.28500366210938,160.69000244140625,163.52999877929688,1751500,0.0,0.0
2021-07-07 00:00:00-04:00,164.02999877929688,164.5,155.17999267578125,158.25999450683594,2015900,0.0,0.0
2021-07-08 00:00:00-04:00,154.0,158.8000030517578,152.14999389648438,157.94000244140625,1534300,0.0,0.0
2021-07-09 00:00:00-04:00,157.25,159.9600067138672,155.5989990234375,158.60000610351562,1481500,0.0,0.0
2021-07-12 00:00:00-04:00,159.63999938964844,161.4199981689453,155.4600067138672,155.99000549316406,1622500,0.0,0.0
2021-07-13 00:00:00-04:00,155.55999755859375,157.17999267578125,153.78399658203125,154.2100067138672,1632500,0.0,0.0
2021-07-14 00:00:00-04:00,155.57000732421875,156.69000244140625,148.07000732421875,148.85000610351562,2745200,0.0,0.0
2021-07-15 00:00:00-04:00,149.0,149.24000549316406,142.36000061035156,146.2100067138672,2879400,0.0,0.0
2021-07-16 00:00:00-04:00,147.2100067138672,148.8699951171875,145.61000061035156,146.77999877929688,2085700,0.0,0.0
2021-07-19 00:00:00-04:00,144.8000030517578,151.9199981689453,143.14999389648438,151.3699951171875,3196100,0.0,0.0
2021-07-20 00:00:00-04:00,152.7899932861328,156.5500030517578,152.7899932861328,154.8300018310547,2982700,0.0,0.0
2021-07-21 00:00:00-04:00,154.9600067138672,155.85699462890625,151.3699951171875,153.32000732421875,1703500,0.0,0.0
2021-07-22 00:00:00-04:00,154.4499969482422,155.3699951171875,151.60000610351562,152.8699951171875,1303500,0.0,0.0
2021-07-23 00:00:00-04:00,151.9499969482422,152.60299682617188,147.86000061035156,151.58999633789062,1630600,0.0,0.0
2021-07-26 00:00:00-04:00,150.91000366210938,150.9199981689453,148.57000732421875,149.75,2138800,0.0,0.0
2021-07-27 00:00:00-04:00,149.92999267578125,152.1699981689453,145.6199951171875,151.00999450683594,2767200,0.0,0.0
2021-07-28 00:00:00-04:00,134.77999877929688,152.2899932861328,133.25,151.80999755859375,11581900,0.0,0.0
2021-07-29 00:00:00-04:00,150.50999450683594,156.77999877929688,149.5,156.02999877929688,3310500,0.0,0.0
2021-07-30 00:00:00-04:00,154.0,155.3699951171875,147.77999877929688,148.4499969482422,2273000,0.0,0.0
2021-08-02 00:00:00-04:00,147.00999450683594,152.88999938964844,143.75999450683594,150.05999755859375,2120600,0.0,0.0
2021-08-03 00:00:00-04:00,149.1999969482422,152.85000610351562,147.25999450683594,151.41000366210938,2107600,0.0,0.0
2021-08-04 00:00:00-04:00,149.66000366210938,151.8300018310547,147.61000061035156,149.72999572753906,2251100,0.0,0.0
2021-08-05 00:00:00-04:00,150.0,154.22000122070312,148.36000061035156,153.02999877929688,2312600,0.0,0.0
2021-08-06 00:00:00-04:00,153.0,153.2899932861328,148.3699951171875,149.25999450683594,1620900,0.0,0.0
2021-08-09 00:00:00-04:00,149.32000732421875,152.6199951171875,147.10000610351562,150.47999572753906,1510100,0.0,0.0
2021-08-10 00:00:00-04:00,152.0,153.25999450683594,146.25,146.7899932861328,2558100,0.0,0.0
2021-08-11 00:00:00-04:00,147.72999572753906,148.25,142.72999572753906,144.44000244140625,2014000,0.0,0.0
2021-08-12 00:00:00-04:00,144.0,145.9510040283203,143.22999572753906,145.3000030517578,1951300,0.0,0.0
2021-08-13 00:00:00-04:00,145.0,146.74000549316406,143.66000366210938,144.0,1340300,0.0,0.0
2021-08-16 00:00:00-04:00,143.02999877929688,143.07000732421875,137.5,139.1699981689453,2435100,0.0,0.0
2021-08-17 00:00:00-04:00,137.0,139.4499969482422,134.3000030517578,138.94000244140625,2165400,0.0,0.0
2021-08-18 00:00:00-04:00,139.5500030517578,141.27000427246094,137.05999755859375,138.22999572753906,1371900,0.0,0.0
2021-08-19 00:00:00-04:00,137.66000366210938,138.0,134.8000030517578,135.60000610351562,2133400,0.0,0.0
2021-08-20 00:00:00-04:00,136.0,142.0,135.6999969482422,140.17999267578125,2251700,0.0,0.0
2021-08-23 00:00:00-04:00,140.7899932861328,146.22999572753906,140.7899932861328,144.5500030517578,2189000,0.0,0.0
2021-08-24 00:00:00-04:00,145.50999450683594,146.6199951171875,143.62399291992188,145.0800018310547,1224200,0.0,0.0
2021-08-25 00:00:00-04:00,145.0,145.91000366210938,143.52000427246094,144.66000366210938,945100,0.0,0.0
2021-08-26 00:00:00-04:00,144.97000122070312,146.42999267578125,140.44000244140625,141.5500030517578,1350900,0.0,0.0
2021-08-27 00:00:00-04:00,141.5500030517578,144.71600341796875,140.1300048828125,142.8300018310547,1390800,0.0,0.0
2021-08-30 00:00:00-04:00,143.49000549316406,146.64999389648438,142.77999877929688,144.3000030517578,1452300,0.0,0.0
2021-08-31 00:00:00-04:00,144.3000030517578,144.5800018310547,141.88499450683594,144.4199981689453,1752800,0.0,0.0
2021-09-01 00:00:00-04:00,144.86000061035156,148.17999267578125,144.4149932861328,145.67999267578125,1699900,0.0,0.0
2021-09-02 00:00:00-04:00,145.85000610351562,147.13999938964844,144.97300720214844,145.44000244140625,1123900,0.0,0.0
2021-09-03 00:00:00-04:00,146.0,147.0800018310547,144.08999633789062,144.55999755859375,1171600,0.0,0.0
2021-09-07 00:00:00-04:00,144.97000122070312,145.17999267578125,141.7100067138672,142.97999572753906,1826000,0.0,0.0
2021-09-08 00:00:00-04:00,143.1999969482422,143.97000122070312,139.1999969482422,139.86000061035156,1577200,0.0,0.0
2021-09-09 00:00:00-04:00,139.69000244140625,145.01499938964844,139.30999755859375,142.4199981689453,1516800,0.0,0.0
2021-09-10 00:00:00-04:00,143.07000732421875,146.1199951171875,141.83999633789062,142.07000732421875,1522000,0.0,0.0
2021-09-13 00:00:00-04:00,142.5,142.5,137.375,139.2899932861328,2206000,0.0,0.0
2021-09-14 00:00:00-04:00,137.80999755859375,138.21200561523438,131.80999755859375,133.72000122070312,4071900,0.0,0.0
2021-09-15 00:00:00-04:00,133.11000061035156,134.75999450683594,131.31500244140625,133.9600067138672,2286000,0.0,0.0
2021-09-16 00:00:00-04:00,133.0,137.1199951171875,130.92999267578125,136.02000427246094,1988000,0.0,0.0
2021-09-17 00:00:00-04:00,136.5800018310547,143.5399932861328,136.24000549316406,143.16000366210938,5573400,0.0,0.0
2021-09-20 00:00:00-04:00,139.19000244140625,140.99000549316406,133.65499877929688,135.52000427246094,2676600,0.0,0.0
2021-09-21 00:00:00-04:00,136.5,140.77999877929688,136.22000122070312,138.60000610351562,2550100,0.0,0.0
2021-09-22 00:00:00-04:00,139.47999572753906,139.97999572753906,137.51100158691406,138.6699981689453,1856800,0.0,0.0
2021-09-23 00:00:00-04:00,140.0,140.1999969482422,138.37899780273438,138.8000030517578,1558100,0.0,0.0
2021-09-24 00:00:00-04:00,138.38999938964844,139.38999938964844,134.52999877929688,134.89999389648438,2662800,0.0,0.0
2021-09-27 00:00:00-04:00,133.5,135.0,131.6699981689453,134.74000549316406,1806200,0.0,0.0
2021-09-28 00:00:00-04:00,133.10000610351562,133.10000610351562,129.60000610351562,130.25,2735300,0.0,0.0
2021-09-29 00:00:00-04:00,130.02999877929688,131.69000244140625,125.80999755859375,125.91999816894531,2466500,0.0,0.0
2021-09-30 00:00:00-04:00,126.0,128.69000244140625,125.41999816894531,126.80999755859375,2196700,0.0,0.0
2021-10-01 00:00:00-04:00,125.5,127.4800033569336,124.56999969482422,126.70999908447266,1965100,0.0,0.0
2021-10-04 00:00:00-04:00,125.11000061035156,125.30000305175781,120.66500091552734,122.4000015258789,2923300,0.0,0.0
2021-10-05 00:00:00-04:00,122.4000015258789,127.05000305175781,121.97000122070312,124.31999969482422,2057100,0.0,0.0
2021-10-06 00:00:00-04:00,121.93000030517578,126.37000274658203,121.38999938964844,126.30999755859375,1923900,0.0,0.0
2021-10-07 00:00:00-04:00,128.61000061035156,132.92999267578125,128.0,130.8000030517578,3074900,0.0,0.0
2021-10-08 00:00:00-04:00,131.6199951171875,132.69700622558594,129.85000610351562,131.5500030517578,1847800,0.0,0.0
2021-10-11 00:00:00-04:00,130.8300018310547,133.36000061035156,129.50999450683594,129.61000061035156,1878300,0.0,0.0
2021-10-12 00:00:00-04:00,129.5,131.82000732421875,129.13999938964844,131.67999267578125,1511300,0.0,0.0
2021-10-13 00:00:00-04:00,132.5500030517578,136.07000732421875,132.25999450683594,136.02000427246094,1924900,0.0,0.0
2021-10-14 00:00:00-04:00,138.1300048828125,140.7899932861328,136.24000549316406,136.8800048828125,2232700,0.0,0.0
2021-10-15 00:00:00-04:00,137.08999633789062,138.59500122070312,133.85000610351562,135.39999389648438,2166500,0.0,0.0
2021-10-18 00:00:00-04:00,135.16000366210938,137.1750030517578,134.8300018310547,136.2100067138672,1573800,0.0,0.0
2021-10-19 00:00:00-04:00,136.9499969482422,140.1300048828125,136.0500030517578,139.75999450683594,4279100,0.0,0.0
2021-10-20 00:00:00-04:00,140.50999450683594,143.2429962158203,139.75,140.47999572753906,1961500,0.0,0.0
2021-10-21 00:00:00-04:00,140.0,141.97000122070312,139.1699981689453,140.52999877929688,1664100,0.0,0.0
2021-10-22 00:00:00-04:00,139.86000061035156,139.86000061035156,135.75,137.7899932861328,1504400,0.0,0.0
2021-10-25 00:00:00-04:00,137.36000061035156,142.4499969482422,135.5800018310547,141.97999572753906,2172500,0.0,0.0
2021-10-26 00:00:00-04:00,143.25999450683594,145.27000427246094,140.69000244140625,141.3000030517578,2981300,0.0,0.0
2021-10-27 00:00:00-04:00,140.6199951171875,143.0500030517578,136.90199279785156,138.6300048828125,2899600,0.0,0.0
2021-10-28 00:00:00-04:00,131.0,153.1699981689453,130.25,149.17999267578125,9788400,0.0,0.0
2021-10-29 00:00:00-04:00,148.25,152.91000366210938,146.74000549316406,149.58999633789062,3600400,0.0,0.0
2021-11-01 00:00:00-04:00,149.50999450683594,152.8000030517578,149.32000732421875,151.52999877929688,2406800,0.0,0.0
2021-11-02 00:00:00-04:00,151.44000244140625,152.0,145.4199981689453,147.4199981689453,2494400,0.0,0.0
2021-11-03 00:00:00-04:00,146.75999450683594,155.4149932861328,146.00999450683594,154.2899932861328,3132500,0.0,0.0
2021-11-04 00:00:00-04:00,155.02999877929688,156.82000732421875,149.69000244140625,150.0,2843700,0.0,0.0
2021-11-05 00:00:00-04:00,148.35000610351562,148.6999969482422,145.17999267578125,146.24000549316406,3680200,0.0,0.0
2021-11-08 00:00:00-05:00,146.3000030517578,147.5800018310547,145.5709991455078,146.24000549316406,1948700,0.0,0.0
2021-11-09 00:00:00-05:00,146.02000427246094,146.2100067138672,142.38499450683594,143.05999755859375,2551900,0.0,0.0
2021-11-10 00:00:00-05:00,140.17999267578125,142.77999877929688,136.61000061035156,137.0399932861328,3249500,0.0,0.0
2021-11-11 00:00:00-05:00,137.9499969482422,139.49000549316406,134.25,135.55999755859375,2464500,0.0,0.0
2021-11-12 00:00:00-05:00,136.64999389648438,136.86000061035156,135.3300018310547,136.4199981689453,3023800,0.0,0.0
2021-11-15 00:00:00-05:00,136.0,137.11000061035156,133.2550048828125,134.92999267578125,2137700,0.0,0.0
2021-11-16 00:00:00-05:00,133.85000610351562,136.02000427246094,132.3000030517578,135.99000549316406,2175300,0.0,0.0
2021-11-17 00:00:00-05:00,135.5,137.9600067138672,134.24000549316406,134.85000610351562,1985200,0.0,0.0
2021-11-18 00:00:00-05:00,134.83999633789062,137.9600067138672,121.51000213623047,124.0,8864900,0.0,0.0
2021-11-19 00:00:00-05:00,124.01000213623047,125.25,116.88999938964844,116.98999786376953,6726200,0.0,0.0
2021-11-22 00:00:00-05:00,115.66999816894531,115.70999908447266,107.75,109.08000183105469,8485300,0.0,0.0
2021-11-23 00:00:00-05:00,107.61000061035156,107.80000305175781,102.12000274658203,103.2300033569336,7261300,0.0,0.0
2021-11-24 00:00:00-05:00,102.56199645996094,108.13999938964844,100.51000213623047,106.0,6284700,0.0,0.0
2021-11-26 00:00:00-05:00,117.30000305175781,119.9800033569336,109.05999755859375,109.61000061035156,5712300,0.0,0.0
2021-11-29 00:00:00-05:00,108.25,108.66999816894531,100.68800354003906,106.41000366210938,6469200,0.0,0.0
2021-11-30 00:00:00-05:00,107.30999755859375,107.30999755859375,100.11000061035156,101.25,6253900,0.0,0.0
2021-12-01 00:00:00-05:00,101.9800033569336,102.66000366210938,93.37999725341797,93.44000244140625,6070400,0.0,0.0
2021-12-02 00:00:00-05:00,93.44000244140625,99.0,92.94999694824219,96.5999984741211,5480300,0.0,0.0
2021-12-03 00:00:00-05:00,95.72000122070312,96.73999786376953,89.56999969482422,92.43000030517578,5720000,0.0,0.0
2021-12-06 00:00:00-05:00,90.87999725341797,95.16999816894531,88.25,94.77999877929688,4654600,0.0,0.0
2021-12-07 00:00:00-05:00,97.48500061035156,100.48999786376953,97.16000366210938,98.41000366210938,4030700,0.0,0.0
2021-12-08 00:00:00-05:00,98.56999969482422,102.70999908447266,95.58000183105469,102.05000305175781,3367300,0.0,0.0
2021-12-09 00:00:00-05:00,100.2699966430664,101.69999694824219,94.11000061035156,94.9800033569336,3662800,0.0,0.0
2021-12-10 00:00:00-05:00,95.9800033569336,98.66000366210938,92.82099914550781,94.01000213623047,3273000,0.0,0.0
2021-12-13 00:00:00-05:00,93.5199966430664,96.16999816894531,91.25,92.54000091552734,5389000,0.0,0.0
2021-12-14 00:00:00-05:00,90.75,94.22000122070312,90.12000274658203,92.16999816894531,4483200,0.0,0.0
2021-12-15 00:00:00-05:00,91.66999816894531,93.66000366210938,88.47000122070312,92.94000244140625,4376500,0.0,0.0
2021-12-16 00:00:00-05:00,93.0,94.67900085449219,87.2699966430664,87.43000030517578,4572700,0.0,0.0
2021-12-17 00:00:00-05:00,88.4800033569336,98.9020004272461,87.8499984741211,97.7699966430664,8824700,0.0,0.0
2021-12-20 00:00:00-05:00,95.75,98.2699966430664,93.73999786376953,95.51000213623047,4234500,0.0,0.0
2021-12-21 00:00:00-05:00,95.51000213623047,97.5999984741211,93.25,96.70999908447266,3558800,0.0,0.0
2021-12-22 00:00:00-05:00,96.70999908447266,98.43000030517578,92.80000305175781,94.37999725341797,2663100,0.0,0.0
2021-12-23 00:00:00-05:00,94.4000015258789,95.41500091552734,90.90499877929688,95.08999633789062,3147100,0.0,0.0
2021-12-27 00:00:00-05:00,93.16999816894531,94.5999984741211,91.47000122070312,93.54000091552734,2685300,0.0,0.0
2021-12-28 00:00:00-05:00,93.75,95.30000305175781,91.0,91.11000061035156,2806300,0.0,0.0
2021-12-29 00:00:00-05:00,91.0,91.55999755859375,88.86000061035156,90.12000274658203,2684800,0.0,0.0
2021-12-30 00:00:00-05:00,89.80000305175781,96.63999938964844,89.55000305175781,94.3499984741211,3676700,0.0,0.0
2021-12-31 00:00:00-05:00,94.0199966430664,96.12999725341797,91.62999725341797,91.81999969482422,2482900,0.0,0.0
2022-01-03 00:00:00-05:00,92.37999725341797,95.43000030517578,90.55999755859375,95.08000183105469,2701100,0.0,0.0
2022-01-04 00:00:00-05:00,95.62999725341797,95.70999908447266,88.36000061035156,91.47000122070312,4367100,0.0,0.0
2022-01-05 00:00:00-05:00,90.75,92.05999755859375,84.06999969482422,84.31999969482422,4274800,0.0,0.0
2022-01-06 00:00:00-05:00,84.41000366210938,87.01000213623047,80.38999938964844,81.76000213623047,4757800,0.0,0.0
2022-01-07 00:00:00-05:00,81.5999984741211,85.9800033569336,81.43000030517578,82.18000030517578,3872500,0.0,0.0
2022-01-10 00:00:00-05:00,81.75,82.36000061035156,76.13999938964844,82.18000030517578,5678000,0.0,0.0
2022-01-11 00:00:00-05:00,82.36000061035156,88.11000061035156,80.77999877929688,86.31999969482422,3723200,0.0,0.0
2022-01-12 00:00:00-05:00,85.68000030517578,87.80000305175781,81.44999694824219,81.87999725341797,3924800,0.0,0.0
2022-01-13 00:00:00-05:00,82.4000015258789,82.4000015258789,78.36000061035156,78.5,3739700,0.0,0.0
2022-01-14 00:00:00-05:00,77.5,80.56999969482422,76.80000305175781,79.56999969482422,4578700,0.0,0.0
2022-01-18 00:00:00-05:00,78.25,79.58999633789062,75.27999877929688,75.69999694824219,3577800,0.0,0.0
2022-01-19 00:00:00-05:00,76.01000213623047,79.80000305175781,75.05999755859375,75.51000213623047,4640600,0.0,0.0
2022-01-20 00:00:00-05:00,77.0199966430664,82.98999786376953,75.63099670410156,76.19000244140625,4987000,0.0,0.0
2022-01-21 00:00:00-05:00,75.19000244140625,77.68699645996094,72.51000213623047,72.9000015258789,5521500,0.0,0.0
2022-01-24 00:00:00-05:00,69.69999694824219,75.62000274658203,66.93000030517578,75.16000366210938,6916500,0.0,0.0
2022-01-25 00:00:00-05:00,72.01000213623047,75.29000091552734,70.3499984741211,72.02999877929688,3914100,0.0,0.0
2022-01-26 00:00:00-05:00,74.44999694824219,76.22000122070312,68.51000213623047,69.58000183105469,4802000,0.0,0.0
2022-01-27 00:00:00-05:00,70.70999908447266,72.38500213623047,66.83000183105469,67.44000244140625,3280900,0.0,0.0
2022-01-28 00:00:00-05:00,67.80000305175781,72.1500015258789,66.5,70.4000015258789,3942000,0.0,0.0
2022-01-31 00:00:00-05:00,71.70999908447266,77.05999755859375,71.31999969482422,76.70999908447266,4939500,0.0,0.0
2022-02-01 00:00:00-05:00,78.66999816894531,80.80999755859375,75.0999984741211,80.33999633789062,3908400,0.0,0.0
2022-02-02 00:00:00-05:00,80.76000213623047,80.83000183105469,74.62999725341797,76.88999938964844,3444700,0.0,0.0
2022-02-03 00:00:00-05:00,74.30000305175781,76.48999786376953,72.26000213623047,72.86000061035156,3473500,0.0,0.0
2022-02-04 00:00:00-05:00,73.56999969482422,75.52999877929688,71.63999938964844,74.55000305175781,3379400,0.0,0.0
2022-02-07 00:00:00-05:00,74.0,78.00399780273438,73.5999984741211,74.52999877929688,2109800,0.0,0.0
2022-02-08 00:00:00-05:00,73.26000213623047,73.26000213623047,68.41000366210938,69.94999694824219,6804800,0.0,0.0
2022-02-09 00:00:00-05:00,70.88999938964844,76.38500213623047,70.7699966430664,75.88999938964844,4497400,0.0,0.0
2022-02-10 00:00:00-05:00,73.22000122070312,78.1500015258789,72.7699966430664,73.41000366210938,2975200,0.0,0.0
2022-02-11 00:00:00-05:00,76.13999938964844,78.31999969482422,71.69999694824219,72.83000183105469,4234300,0.0,0.0
2022-02-14 00:00:00-05:00,71.70999908447266,74.44999694824219,70.0199966430664,70.83999633789062,3941800,0.0,0.0
2022-02-15 00:00:00-05:00,72.44000244140625,75.13999938964844,72.08999633789062,74.93000030517578,3314000,0.0,0.0
2022-02-16 00:00:00-05:00,73.80000305175781,75.0,73.0,73.7699966430664,2860700,0.0,0.0
2022-02-17 00:00:00-05:00,73.08000183105469,73.63999938964844,70.08000183105469,70.48999786376953,3229300,0.0,0.0
2022-02-18 00:00:00-05:00,70.37000274658203,70.54000091552734,64.91999816894531,65.0,5976900,0.0,0.0
2022-02-22 00:00:00-05:00,63.66999816894531,68.47000122070312,63.249000549316406,65.30000305175781,7972600,0.0,0.0
2022-02-23 00:00:00-05:00,64.13999938964844,69.13999938964844,60.58000183105469,61.459999084472656,12212900,0.0,0.0
2022-02-24 00:00:00-05:00,59.209999084472656,69.23999786376953,58.05500030517578,68.94000244140625,7304600,0.0,0.0
2022-02-25 00:00:00-05:00,68.80000305175781,71.5,67.30000305175781,70.73999786376953,4670100,0.0,0.0
2022-02-28 00:00:00-05:00,79.61000061035156,79.9000015258789,73.41999816894531,75.91000366210938,19878000,0.0,0.0
2022-03-01 00:00:00-05:00,76.0,77.2699966430664,72.87999725341797,74.20999908447266,4974400,0.0,0.0
2022-03-02 00:00:00-05:00,74.0,74.27999877929688,70.20999908447266,72.48999786376953,4468200,0.0,0.0
2022-03-03 00:00:00-05:00,73.54000091552734,73.87000274658203,68.36000061035156,69.16999816894531,3377200,0.0,0.0
2022-03-04 00:00:00-05:00,69.36000061035156,70.69000244140625,66.26000213623047,66.77999877929688,3639900,0.0,0.0
2022-03-07 00:00:00-05:00,66.91000366210938,69.58000183105469,63.45000076293945,63.70000076293945,3678200,0.0,0.0
2022-03-08 00:00:00-05:00,63.209999084472656,66.29000091552734,61.060001373291016,63.54999923706055,3575200,0.0,0.0
2022-03-09 00:00:00-05:00,64.58999633789062,68.08000183105469,64.45999908447266,66.2699966430664,3881800,0.0,0.0
2022-03-10 00:00:00-05:00,65.0,65.05000305175781,59.599998474121094,60.2400016784668,5321800,0.0,0.0
2022-03-11 00:00:00-05:00,61.02000045776367,61.34000015258789,54.41999816894531,54.61000061035156,6646000,0.0,0.0
2022-03-14 00:00:00-04:00,53.709999084472656,54.689998626708984,50.08000183105469,50.790000915527344,6821100,0.0,0.0
2022-03-15 00:00:00-04:00,50.5,54.880001068115234,50.5,54.529998779296875,5153200,0.0,0.0
2022-03-16 00:00:00-04:00,55.09000015258789,60.790000915527344,55.04999923706055,60.72999954223633,5768700,0.0,0.0
2022-03-17 00:00:00-04:00,59.7599983215332,64.27999877929688,58.564998626708984,63.939998626708984,4256900,0.0,0.0
2022-03-18 00:00:00-04:00,63.08000183105469,69.08999633789062,62.709999084472656,68.95999908447266,6126000,0.0,0.0
2022-03-21 00:00:00-04:00,67.20999908447266,68.2699966430664,64.63999938964844,66.69000244140625,4525800,0.0,0.0
2022-03-22 00:00:00-04:00,65.55000305175781,70.87000274658203,65.55000305175781,69.87999725341797,3327200,0.0,0.0
2022-03-23 00:00:00-04:00,68.98999786376953,71.38400268554688,66.71499633789062,69.22000122070312,3030000,0.0,0.0
2022-03-24 00:00:00-04:00,69.58000183105469,69.80000305175781,65.83000183105469,69.38999938964844,2440800,0.0,0.0
2022-03-25 00:00:00-04:00,69.16000366210938,69.95999908447266,65.26000213623047,66.70999908447266,2504700,0.0,0.0
2022-03-28 00:00:00-04:00,67.61000061035156,70.4000015258789,66.52999877929688,69.81999969482422,2580500,0.0,0.0
2022-03-29 00:00:00-04:00,71.41999816894531,77.01000213623047,71.41999816894531,76.16999816894531,5423300,0.0,0.0
2022-03-30 00:00:00-04:00,75.3499984741211,76.87899780273438,72.16000366210938,73.06999969482422,3067300,0.0,0.0
2022-03-31 00:00:00-04:00,73.0999984741211,73.69000244140625,71.5199966430664,72.12999725341797,2309900,0.0,0.0
2022-04-01 00:00:00-04:00,72.8499984741211,75.43000030517578,72.4000015258789,73.7699966430664,2221700,0.0,0.0
2022-04-04 00:00:00-04:00,74.5,77.5,74.20800018310547,75.86000061035156,3231800,0.0,0.0
2022-04-05 00:00:00-04:00,76.5199966430664,76.83999633789062,70.96499633789062,71.22000122070312,2893300,0.0,0.0
2022-04-06 00:00:00-04:00,69.5199966430664,69.5199966430664,65.69999694824219,67.69999694824219,3945200,0.0,0.0
2022-04-07 00:00:00-04:00,67.87999725341797,71.02999877929688,65.95999908447266,68.79000091552734,3320200,0.0,0.0
2022-04-08 00:00:00-04:00,68.05999755859375,68.87999725341797,65.80999755859375,66.05999755859375,2528300,0.0,0.0
2022-04-11 00:00:00-04:00,64.94000244140625,66.98999786376953,62.84000015258789,65.80999755859375,2653400,0.0,0.0
2022-04-12 00:00:00-04:00,67.79000091552734,71.0199966430664,66.08000183105469,66.7699966430664,3498600,0.0,0.0
2022-04-13 00:00:00-04:00,66.66999816894531,69.70999908447266,65.3550033569336,68.79000091552734,2332100,0.0,0.0
2022-04-14 00:00:00-04:00,69.16999816894531,69.16999816894531,64.77999877929688,65.18000030517578,2832200,0.0,0.0
2022-04-18 00:00:00-04:00,64.93000030517578,65.0999984741211,60.75,62.0099983215332,3353800,0.0,0.0
2022-04-19 00:00:00-04:00,61.36000061035156,65.97000122070312,61.2599983215332,64.62000274658203,2455700,0.0,0.0
2022-04-20 00:00:00-04:00,63.939998626708984,64.44999694824219,61.459999084472656,61.689998626708984,2972400,0.0,0.0
2022-04-21 00:00:00-04:00,63.130001068115234,64.98999786376953,58.439998626708984,59.04999923706055,3990300,0.0,0.0
2022-04-22 00:00:00-04:00,59.5099983215332,61.20000076293945,57.33000183105469,58.25,2716400,0.0,0.0
2022-04-25 00:00:00-04:00,57.939998626708984,60.880001068115234,57.0,60.560001373291016,3218800,0.0,0.0
2022-04-26 00:00:00-04:00,59.91999816894531,60.56999969482422,57.75,57.77000045776367,2541100,0.0,0.0
2022-04-27 00:00:00-04:00,57.2400016784668,59.685001373291016,55.81999969482422,55.9900016784668,10468800,0.0,0.0
2022-04-28 00:00:00-04:00,31.559999465942383,34.400001525878906,28.75,33.5099983215332,87443900,0.0,0.0
2022-04-29 00:00:00-04:00,32.310001373291016,35.849998474121094,32.27000045776367,33.7599983215332,33765300,0.0,0.0
2022-05-02 00:00:00-04:00,33.52000045776367,37.40999984741211,33.0099983215332,37.13999938964844,23166600,0.0,0.0
2022-05-03 00:00:00-04:00,36.540000915527344,39.880001068115234,36.5,38.31999969482422,19268900,0.0,0.0
2022-05-04 00:00:00-04:00,37.77000045776367,39.849998474121094,35.25,39.459999084472656,15628600,0.0,0.0
2022-05-05 00:00:00-04:00,38.2400016784668,38.66999816894531,35.22999954223633,35.599998474121094,12469900,0.0,0.0
2022-05-06 00:00:00-04:00,36.0,36.130001068115234,32.150001525878906,33.45000076293945,13406100,0.0,0.0
2022-05-09 00:00:00-04:00,33.08000183105469,33.45000076293945,30.191999435424805,30.520000457763672,12477800,0.0,0.0
2022-05-10 00:00:00-04:00,31.31999969482422,32.290000915527344,27.799999237060547,29.770000457763672,15257400,0.0,0.0
2022-05-11 00:00:00-04:00,29.84000015258789,31.1299991607666,28.559999465942383,28.68000030517578,10419600,0.0,0.0
2022-05-12 00:00:00-04:00,28.190000534057617,31.649999618530273,27.3799991607666,30.690000534057617,11365000,0.0,0.0
2022-05-13 00:00:00-04:00,31.450000762939453,33.970001220703125,31.350000381469727,33.59000015258789,10457800,0.0,0.0
2022-05-16 00:00:00-04:00,33.2599983215332,34.209999084472656,31.579999923706055,31.729999542236328,5722600,0.0,0.0
2022-05-17 00:00:00-04:00,32.209999084472656,33.22999954223633,30.889999389648438,32.849998474121094,5962300,0.0,0.0
2022-05-18 00:00:00-04:00,32.439998626708984,32.939998626708984,30.670000076293945,30.8700008392334,5286600,0.0,0.0
2022-05-19 00:00:00-04:00,31.18000030517578,33.689998626708984,30.559999465942383,32.90999984741211,7015800,0.0,0.0
2022-05-20 00:00:00-04:00,33.189998626708984,33.9900016784668,30.940000534057617,32.7400016784668,5062000,0.0,0.0
2022-05-23 00:00:00-04:00,32.470001220703125,33.382999420166016,31.329999923706055,32.9900016784668,4633400,0.0,0.0
2022-05-24 00:00:00-04:00,32.599998474121094,32.599998474121094,30.399999618530273,30.8700008392334,4567000,0.0,0.0
2022-05-25 00:00:00-04:00,30.950000762939453,32.29999923706055,30.530000686645508,31.65999984741211,4978000,0.0,0.0
2022-05-26 00:00:00-04:00,31.350000381469727,34.16999816894531,31.229999542236328,33.45000076293945,6890300,0.0,0.0
2022-05-27 00:00:00-04:00,34.0,36.09000015258789,33.849998474121094,35.77000045776367,5801300,0.0,0.0
2022-05-31 00:00:00-04:00,35.54999923706055,35.9900016784668,33.33000183105469,34.09000015258789,7997900,0.0,0.0
2022-06-01 00:00:00-04:00,34.36000061035156,35.119998931884766,32.310001373291016,32.619998931884766,4585700,0.0,0.0
2022-06-02 00:00:00-04:00,32.779998779296875,36.63999938964844,32.75,36.029998779296875,6265200,0.0,0.0
2022-06-03 00:00:00-04:00,35.0099983215332,35.79999923706055,33.97999954223633,34.529998779296875,4363600,0.0,0.0
2022-06-06 00:00:00-04:00,34.900001525878906,35.68000030517578,33.70000076293945,34.61000061035156,3408600,0.0,0.0
2022-06-07 00:00:00-04:00,34.11000061035156,35.25,33.41999816894531,34.81999969482422,4715900,0.0,0.0
2022-06-08 00:00:00-04:00,34.790000915527344,36.880001068115234,34.790000915527344,35.439998626708984,4098600,0.0,0.0
2022-06-09 00:00:00-04:00,35.18000030517578,35.439998626708984,33.2400016784668,33.279998779296875,4285100,0.0,0.0
2022-06-10 00:00:00-04:00,32.349998474121094,32.97999954223633,31.15999984741211,31.739999771118164,4363400,0.0,0.0
2022-06-13 00:00:00-04:00,30.030000686645508,30.530000686645508,28.350000381469727,28.6299991607666,8182900,0.0,0.0
2022-06-14 00:00:00-04:00,28.989999771118164,29.579999923706055,27.860000610351562,29.270000457763672,5424400,0.0,0.0
2022-06-15 00:00:00-04:00,29.25,31.75,29.25,30.959999084472656,7725700,0.0,0.0
2022-06-16 00:00:00-04:00,29.299999237060547,29.799999237060547,28.1299991607666,29.09000015258789,6498600,0.0,0.0
2022-06-17 00:00:00-04:00,29.1200008392334,31.299999237060547,29.1200008392334,30.670000076293945,6571000,0.0,0.0
2022-06-21 00:00:00-04:00,31.559999465942383,32.34000015258789,30.8799991607666,31.510000228881836,4009300,0.0,0.0
2022-06-22 00:00:00-04:00,31.139999389648438,34.119998931884766,31.040000915527344,32.77000045776367,6059800,0.0,0.0
2022-06-23 00:00:00-04:00,32.95000076293945,35.970001220703125,32.630001068115234,35.88999938964844,6283800,0.0,0.0
2022-06-24 00:00:00-04:00,36.38999938964844,37.2400016784668,35.41999816894531,37.16999816894531,6708400,0.0,0.0
2022-06-27 00:00:00-04:00,37.29999923706055,38.689998626708984,35.849998474121094,37.459999084472656,5204700,0.0,0.0
2022-06-28 00:00:00-04:00,37.09000015258789,38.279998779296875,34.78499984741211,35.08000183105469,5407900,0.0,0.0
2022-06-29 00:00:00-04:00,34.790000915527344,35.04999923706055,33.810001373291016,34.349998474121094,3629200,0.0,0.0
2022-06-30 00:00:00-04:00,33.939998626708984,34.47999954223633,31.93000030517578,33.209999084472656,5119100,0.0,0.0
2022-07-01 00:00:00-04:00,33.540000915527344,35.56999969482422,33.470001220703125,34.83000183105469,3958400,0.0,0.0
2022-07-05 00:00:00-04:00,34.45000076293945,38.88999938964844,33.540000915527344,38.810001373291016,6160600,0.0,0.0
2022-07-06 00:00:00-04:00,40.04999923706055,41.310001373291016,38.369998931884766,38.810001373291016,9705600,0.0,0.0
2022-07-07 00:00:00-04:00,38.470001220703125,42.36000061035156,38.02000045776367,42.220001220703125,7102600,0.0,0.0
2022-07-08 00:00:00-04:00,41.099998474121094,43.099998474121094,40.58000183105469,41.810001373291016,4863500,0.0,0.0
2022-07-11 00:00:00-04:00,40.91999816894531,41.380001068115234,38.880001068115234,38.93000030517578,3727100,0.0,0.0
2022-07-12 00:00:00-04:00,39.93000030517578,40.650001525878906,37.720001220703125,39.81999969482422,4185600,0.0,0.0
2022-07-13 00:00:00-04:00,38.790000915527344,42.25,38.51100158691406,40.099998474121094,4065900,0.0,0.0
2022-07-14 00:00:00-04:00,39.79999923706055,40.400001525878906,38.5,39.18000030517578,2319100,0.0,0.0
2022-07-15 00:00:00-04:00,39.779998779296875,40.70000076293945,38.720001220703125,40.58000183105469,2685900,0.0,0.0
2022-07-18 00:00:00-04:00,41.119998931884766,41.689998626708984,39.04999923706055,39.5,4026800,0.0,0.0
2022-07-19 00:00:00-04:00,40.04999923706055,41.290000915527344,38.93000030517578,41.150001525878906,3132700,0.0,0.0
2022-07-20 00:00:00-04:00,41.2400016784668,44.65999984741211,41.2400016784668,43.20000076293945,4254100,0.0,0.0
2022-07-21 00:00:00-04:00,39.939998626708984,43.689998626708984,39.4900016784668,43.65999984741211,7270500,0.0,0.0
2022-07-22 00:00:00-04:00,43.779998779296875,44.4900016784668,40.40999984741211,41.18000030517578,4327000,0.0,0.0
2022-07-25 00:00:00-04:00,41.47999954223633,42.720001220703125,40.25,42.08000183105469,4024800,0.0,0.0
2022-07-26 00:00:00-04:00,41.79999923706055,41.79999923706055,39.93000030517578,40.189998626708984,3087700,0.0,0.0
2022-07-27 00:00:00-04:00,41.099998474121094,43.2400016784668,40.4900016784668,43.2400016784668,7382900,0.0,0.0
2022-07-28 00:00:00-04:00,35.279998779296875,36.9119987487793,32.900001525878906,35.599998474121094,26372900,0.0,0.0
2022-07-29 00:00:00-04:00,35.06999969482422,36.86000061035156,34.75,36.849998474121094,9281700,0.0,0.0
2022-08-01 00:00:00-04:00,36.52000045776367,38.68000030517578,36.11000061035156,36.810001373291016,5204300,0.0,0.0
2022-08-02 00:00:00-04:00,35.619998931884766,37.09000015258789,35.16999816894531,36.91999816894531,5526900,0.0,0.0
2022-08-03 00:00:00-04:00,37.54999923706055,39.2400016784668,37.02000045776367,38.5,5270900,0.0,0.0
2022-08-04 00:00:00-04:00,38.81999969482422,39.90999984741211,37.400001525878906,37.459999084472656,5038200,0.0,0.0
2022-08-05 00:00:00-04:00,36.5,37.529998779296875,35.189998626708984,37.47999954223633,4593500,0.0,0.0
2022-08-08 00:00:00-04:00,37.86000061035156,39.83399963378906,36.79999923706055,38.790000915527344,4904000,0.0,0.0
2022-08-09 00:00:00-04:00,38.02000045776367,38.119998931884766,34.83000183105469,35.40999984741211,5450500,0.0,0.0
2022-08-10 00:00:00-04:00,37.2599983215332,38.099998474121094,36.55400085449219,37.790000915527344,3792600,0.0,0.0
2022-08-11 00:00:00-04:00,38.290000915527344,42.689998626708984,37.77000045776367,37.9900016784668,6986400,0.0,0.0
2022-08-12 00:00:00-04:00,39.0,40.650001525878906,38.349998474121094,40.31999969482422,4583500,0.0,0.0
2022-08-15 00:00:00-04:00,40.0099983215332,41.13999938964844,39.52199935913086,40.93000030517578,3033200,0.0,0.0
2022-08-16 00:00:00-04:00,40.70000076293945,40.900001525878906,38.34000015258789,39.45000076293945,4026000,0.0,0.0
2022-08-17 00:00:00-04:00,37.56999969482422,38.470001220703125,35.900001525878906,35.95000076293945,6665200,0.0,0.0
2022-08-18 00:00:00-04:00,35.70000076293945,35.7599983215332,34.290000915527344,35.060001373291016,4380900,0.0,0.0
2022-08-19 00:00:00-04:00,34.09000015258789,34.400001525878906,32.75,32.900001525878906,4560500,0.0,0.0
2022-08-22 00:00:00-04:00,32.130001068115234,32.959999084472656,31.59000015258789,32.709999084472656,3775600,0.0,0.0
2022-08-23 00:00:00-04:00,33.06999969482422,33.810001373291016,32.2599983215332,32.7599983215332,3142700,0.0,0.0
2022-08-24 00:00:00-04:00,33.189998626708984,34.189998626708984,32.54999923706055,33.65999984741211,3077500,0.0,0.0
2022-08-25 00:00:00-04:00,35.0,35.310001373291016,34.0,35.0099983215332,5970600,0.0,0.0
2022-08-26 00:00:00-04:00,34.63999938964844,34.75,32.06999969482422,32.099998474121094,4228000,0.0,0.0
2022-08-29 00:00:00-04:00,31.600000381469727,32.619998931884766,31.070999145507812,31.100000381469727,3487100,0.0,0.0
2022-08-30 00:00:00-04:00,31.290000915527344,32.459999084472656,30.709999084472656,31.110000610351562,4080100,0.0,0.0
2022-08-31 00:00:00-04:00,31.770000457763672,32.25,30.709999084472656,31.059999465942383,3572400,0.0,0.0
2022-09-01 00:00:00-04:00,30.639999389648438,30.860000610351562,29.600000381469727,30.799999237060547,4203500,0.0,0.0
2022-09-02 00:00:00-04:00,31.389999389648438,31.479999542236328,29.850000381469727,30.18000030517578,5208700,0.0,0.0
2022-09-06 00:00:00-04:00,30.290000915527344,30.389999389648438,28.90999984741211,29.030000686645508,4185000,0.0,0.0
2022-09-07 00:00:00-04:00,29.0,30.6200008392334,28.850000381469727,30.600000381469727,3743600,0.0,0.0
2022-09-08 00:00:00-04:00,29.899999618530273,32.439998626708984,29.829999923706055,32.40999984741211,3864600,0.0,0.0
2022-09-09 00:00:00-04:00,32.709999084472656,33.54999923706055,32.5,33.459999084472656,3746000,0.0,0.0
2022-09-12 00:00:00-04:00,33.7599983215332,34.220001220703125,33.06999969482422,34.20000076293945,4464100,0.0,0.0
2022-09-13 00:00:00-04:00,32.20000076293945,32.599998474121094,31.260000228881836,31.309999465942383,5157600,0.0,0.0
2022-09-14 00:00:00-04:00,31.209999084472656,31.81999969482422,30.6200008392334,31.670000076293945,3269400,0.0,0.0
2022-09-15 00:00:00-04:00,31.260000228881836,33.0099983215332,30.850000381469727,31.889999389648438,3717400,0.0,0.0
2022-09-16 00:00:00-04:00,31.020000457763672,31.110000610351562,29.905000686645508,30.489999771118164,6734400,0.0,0.0
2022-09-19 00:00:00-04:00,30.18000030517578,30.360000610351562,29.110000610351562,30.1299991607666,3599800,0.0,0.0
2022-09-20 00:00:00-04:00,29.799999237060547,30.200000762939453,29.350000381469727,29.450000762939453,3297500,0.0,0.0
2022-09-21 00:00:00-04:00,29.579999923706055,30.600000381469727,28.809999465942383,28.84000015258789,3864200,0.0,0.0
2022-09-22 00:00:00-04:00,28.68000030517578,28.68000030517578,27.429000854492188,27.959999084472656,4726400,0.0,0.0
2022-09-23 00:00:00-04:00,27.670000076293945,28.030000686645508,26.229999542236328,26.969999313354492,8114000,0.0,0.0
2022-09-26 00:00:00-04:00,27.06999969482422,27.959999084472656,26.31999969482422,26.420000076293945,4712500,0.0,0.0
2022-09-27 00:00:00-04:00,26.989999771118164,27.5,26.1200008392334,26.6299991607666,4177400,0.0,0.0
2022-09-28 00:00:00-04:00,26.6299991607666,28.549999237060547,26.6299991607666,28.200000762939453,4719200,0.0,0.0
2022-09-29 00:00:00-04:00,27.649999618530273,27.649999618530273,25.950000762939453,26.229999542236328,5319000,0.0,0.0
2022-09-30 00:00:00-04:00,26.219999313354492,27.040000915527344,25.329999923706055,25.350000381469727,4877900,0.0,0.0
2022-10-03 00:00:00-04:00,25.510000228881836,26.200000762939453,24.670000076293945,25.8700008392334,3896400,0.0,0.0
2022-10-04 00:00:00-04:00,26.940000534057617,28.485000610351562,26.700000762939453,28.0,6311300,0.0,0.0
2022-10-05 00:00:00-04:00,27.18000030517578,27.459999084472656,26.020000457763672,27.030000686645508,3810900,0.0,0.0
2022-10-06 00:00:00-04:00,27.040000915527344,27.489999771118164,26.31999969482422,26.809999465942383,2989400,0.0,0.0
2022-10-07 00:00:00-04:00,26.020000457763672,26.110000610351562,24.972999572753906,25.1299991607666,4109000,0.0,0.0
2022-10-10 00:00:00-04:00,25.030000686645508,25.350000381469727,24.360000610351562,24.920000076293945,4604300,0.0,0.0
2022-10-11 00:00:00-04:00,24.809999465942383,25.489999771118164,23.899999618530273,24.709999084472656,4594800,0.0,0.0
2022-10-12 00:00:00-04:00,24.8799991607666,25.15999984741211,24.0,25.030000686645508,3788100,0.0,0.0
2022-10-13 00:00:00-04:00,23.860000610351562,25.299999237060547,23.229999542236328,24.56999969482422,5607900,0.0,0.0
2022-10-14 00:00:00-04:00,25.010000228881836,25.600000381469727,23.079999923706055,23.15999984741211,4264900,0.0,0.0
2022-10-17 00:00:00-04:00,23.81999969482422,24.75,23.700000762939453,24.6299991607666,4460000,0.0,0.0
2022-10-18 00:00:00-04:00,26.0,26.440000534057617,24.780000686645508,25.450000762939453,5385100,0.0,0.0
2022-10-19 00:00:00-04:00,25.309999465942383,25.709999084472656,24.204999923706055,24.25,3804100,0.0,0.0
2022-10-20 00:00:00-04:00,24.09000015258789,24.920000076293945,23.760000228881836,23.920000076293945,4853300,0.0,0.0
2022-10-21 00:00:00-04:00,23.790000915527344,24.18000030517578,23.100000381469727,24.030000686645508,4201000,0.0,0.0
2022-10-24 00:00:00-04:00,24.329999923706055,24.850000381469727,23.6299991607666,24.6299991607666,5132300,0.0,0.0
2022-10-25 00:00:00-04:00,24.860000610351562,27.075000762939453,24.799999237060547,26.75,5703100,0.0,0.0
2022-10-26 00:00:00-04:00,26.639999389648438,28.25,26.378000259399414,26.739999771118164,7035700,0.0,0.0
2022-10-27 00:00:00-04:00,30.31999969482422,30.704999923706055,28.0,28.469999313354492,11781900,0.0,0.0
2022-10-28 00:00:00-04:00,28.149999618530273,29.716999053955078,28.010000228881836,29.549999237060547,5829600,0.0,0.0
2022-10-31 00:00:00-04:00,29.479999542236328,30.219999313354492,28.954999923706055,29.639999389648438,4991500,0.0,0.0
2022-11-01 00:00:00-04:00,30.100000381469727,30.719999313354492,28.84000015258789,28.8799991607666,3711000,0.0,0.0
2022-11-02 00:00:00-04:00,28.850000381469727,30.149999618530273,28.040000915527344,28.040000915527344,5029700,0.0,0.0
2022-11-03 00:00:00-04:00,27.260000228881836,28.219999313354492,26.729999542236328,27.719999313354492,4066000,0.0,0.0
2022-11-04 00:00:00-04:00,28.610000610351562,28.670000076293945,26.649999618530273,27.280000686645508,3645900,0.0,0.0
2022-11-07 00:00:00-05:00,27.510000228881836,27.940000534057617,26.399999618530273,27.15999984741211,3636300,0.0,0.0
2022-11-08 00:00:00-05:00,27.25,28.329999923706055,26.690000534057617,27.25,3784900,0.0,0.0
2022-11-09 00:00:00-05:00,26.850000381469727,27.32900047302246,26.59000015258789,26.760000228881836,4176800,0.0,0.0
2022-11-10 00:00:00-05:00,29.1299991607666,30.989999771118164,28.700000762939453,30.979999542236328,6872000,0.0,0.0
2022-11-11 00:00:00-05:00,30.989999771118164,34.209999084472656,30.709999084472656,33.310001373291016,7251800,0.0,0.0
2022-11-14 00:00:00-05:00,32.86000061035156,33.959999084472656,32.220001220703125,32.29999923706055,5643100,0.0,0.0
2022-11-15 00:00:00-05:00,33.77000045776367,34.72999954223633,32.5099983215332,32.66999816894531,4881600,0.0,0.0
2022-11-16 00:00:00-05:00,32.040000915527344,32.310001373291016,30.350000381469727,31.06999969482422,4021200,0.0,0.0
2022-11-17 00:00:00-05:00,30.139999389648438,30.5,29.520000457763672,29.959999084472656,2630800,0.0,0.0
2022-11-18 00:00:00-05:00,30.600000381469727,30.889999389648438,28.332000732421875,28.790000915527344,3314700,0.0,0.0
2022-11-21 00:00:00-05:00,28.309999465942383,28.579999923706055,27.31999969482422,27.899999618530273,3605200,0.0,0.0
2022-11-22 00:00:00-05:00,27.790000915527344,27.8799991607666,26.889999389648438,27.81999969482422,2834300,0.0,0.0
2022-11-23 00:00:00-05:00,28.040000915527344,28.809999465942383,27.739999771118164,28.56999969482422,2555900,0.0,0.0
2022-11-25 00:00:00-05:00,28.15999984741211,28.15999984741211,27.559999465942383,27.600000381469727,2030000,0.0,0.0
2022-11-28 00:00:00-05:00,27.299999237060547,27.549999237060547,26.309999465942383,26.489999771118164,4045600,0.0,0.0
2022-11-29 00:00:00-05:00,26.649999618530273,27.719999313354492,26.350000381469727,27.1299991607666,4427400,0.0,0.0
2022-11-30 00:00:00-05:00,27.09000015258789,28.600000381469727,26.520000457763672,28.510000228881836,15095300,0.0,0.0
2022-12-01 00:00:00-05:00,28.719999313354492,29.309999465942383,27.899999618530273,29.0,3284500,0.0,0.0
2022-12-02 00:00:00-05:00,28.25,29.229999542236328,27.639999389648438,29.200000762939453,4168000,0.0,0.0
2022-12-05 00:00:00-05:00,28.889999389648438,29.229999542236328,26.954999923706055,27.079999923706055,3941700,0.0,0.0
2022-12-06 00:00:00-05:00,27.0,27.0,25.540000915527344,26.040000915527344,5062200,0.0,0.0
2022-12-07 00:00:00-05:00,26.100000381469727,26.559999465942383,25.510000228881836,25.899999618530273,3611800,0.0,0.0
2022-12-08 00:00:00-05:00,26.09000015258789,27.110000610351562,25.459999084472656,27.09000015258789,3838500,0.0,0.0
2022-12-09 00:00:00-05:00,27.200000762939453,27.729999542236328,27.1299991607666,27.219999313354492,2648700,0.0,0.0
2022-12-12 00:00:00-05:00,27.200000762939453,28.010000228881836,26.899999618530273,28.0,3081600,0.0,0.0
2022-12-13 00:00:00-05:00,29.84000015258789,30.329999923706055,27.3700008392334,28.18000030517578,4680200,0.0,0.0
2022-12-14 00:00:00-05:00,28.25,29.139999389648438,27.75,28.3799991607666,3500700,0.0,0.0
2022-12-15 00:00:00-05:00,27.59000015258789,27.8700008392334,26.815000534057617,26.959999084472656,3034400,0.0,0.0
2022-12-16 00:00:00-05:00,26.540000915527344,27.09000015258789,26.229999542236328,27.020000457763672,3628900,0.0,0.0
2022-12-19 00:00:00-05:00,26.93000030517578,26.93000030517578,25.760000228881836,25.809999465942383,3599700,0.0,0.0
2022-12-20 00:00:00-05:00,25.68000030517578,26.649999618530273,25.540000915527344,25.84000015258789,3437200,0.0,0.0
2022-12-21 00:00:00-05:00,26.0,26.808000564575195,25.889999389648438,26.469999313354492,2365200,0.0,0.0
2022-12-22 00:00:00-05:00,25.969999313354492,25.989999771118164,23.2549991607666,24.209999084472656,8198400,0.0,0.0
2022-12-23 00:00:00-05:00,24.1299991607666,24.459999084472656,23.43000030517578,23.530000686645508,4279700,0.0,0.0
2022-12-27 00:00:00-05:00,23.170000076293945,23.684999465942383,22.760000228881836,22.829999923706055,5557800,0.0,0.0
2022-12-28 00:00:00-05:00,22.719999313354492,23.150999069213867,22.350000381469727,22.93000030517578,4189300,0.0,0.0
2022-12-29 00:00:00-05:00,23.299999237060547,24.25,23.040000915527344,23.850000381469727,4204000,0.0,0.0
2022-12-30 00:00:00-05:00,23.3799991607666,23.739999771118164,23.0049991607666,23.649999618530273,3250300,0.0,0.0
2023-01-03 00:00:00-05:00,24.450000762939453,24.725000381469727,22.479999542236328,22.579999923706055,5492600,0.0,0.0
2023-01-04 00:00:00-05:00,22.989999771118164,23.65999984741211,22.6299991607666,23.34000015258789,4758700,0.0,0.0
2023-01-05 00:00:00-05:00,22.899999618530273,22.979999542236328,22.31999969482422,22.450000762939453,4192500,0.0,0.0
2023-01-06 00:00:00-05:00,22.350000381469727,22.610000610351562,21.600000381469727,22.290000915527344,5079000,0.0,0.0
2023-01-09 00:00:00-05:00,23.709999084472656,24.399999618530273,23.139999389648438,23.209999084472656,7678300,0.0,0.0
2023-01-10 00:00:00-05:00,22.899999618530273,23.950000762939453,22.889999389648438,23.8700008392334,3191500,0.0,0.0
2023-01-11 00:00:00-05:00,24.0,25.40999984741211,23.950000762939453,25.290000915527344,4613100,0.0,0.0
2023-01-12 00:00:00-05:00,25.489999771118164,26.040000915527344,24.610000610351562,26.030000686645508,4094300,0.0,0.0
2023-01-13 00:00:00-05:00,25.559999465942383,26.979999542236328,25.489999771118164,26.920000076293945,3685800,0.0,0.0
2023-01-17 00:00:00-05:00,26.799999237060547,28.309999465942383,26.219999313354492,28.219999313354492,3854300,0.0,0.0
2023-01-18 00:00:00-05:00,28.479999542236328,28.75,26.360000610351562,26.360000610351562,6347000,0.0,0.0
2023-01-19 00:00:00-05:00,25.239999771118164,25.969999313354492,24.43000030517578,24.93000030517578,5863700,0.0,0.0
2023-01-20 00:00:00-05:00,25.3700008392334,26.2450008392334,24.8700008392334,26.18000030517578,3628900,0.0,0.0
2023-01-23 00:00:00-05:00,26.3700008392334,27.84000015258789,25.969999313354492,27.65999984741211,4135800,0.0,0.0
2023-01-24 00:00:00-05:00,29.8799991607666,29.8799991607666,27.104999542236328,27.200000762939453,3309200,0.0,0.0
2023-01-25 00:00:00-05:00,26.399999618530273,27.06999969482422,25.770000457763672,27.06999969482422,3001900,0.0,0.0
2023-01-26 00:00:00-05:00,27.709999084472656,28.0,26.950000762939453,27.68000030517578,2779300,0.0,0.0
2023-01-27 00:00:00-05:00,27.520000457763672,29.579999923706055,27.489999771118164,29.469999313354492,4752100,0.0,0.0
2023-01-30 00:00:00-05:00,28.809999465942383,29.510000228881836,27.799999237060547,27.850000381469727,4595300,0.0,0.0
2023-01-31 00:00:00-05:00,28.020000457763672,29.420000076293945,27.920000076293945,29.399999618530273,3440500,0.0,0.0
2023-02-01 00:00:00-05:00,29.5,31.100000381469727,28.739999771118164,30.739999771118164,4317700,0.0,0.0
2023-02-02 00:00:00-05:00,32.20000076293945,34.36000061035156,32.20000076293945,33.20000076293945,7826800,0.0,0.0
2023-02-03 00:00:00-05:00,31.954999923706055,33.20000076293945,31.25,31.43000030517578,4414300,0.0,0.0
2023-02-06 00:00:00-05:00,30.6299991607666,31.09000015258789,29.93000030517578,30.309999465942383,4196300,0.0,0.0
2023-02-07 00:00:00-05:00,30.68000030517578,32.1349983215332,30.43000030517578,31.760000228881836,4094700,0.0,0.0
2023-02-08 00:00:00-05:00,31.459999084472656,32.22999954223633,31.100000381469727,31.110000610351562,2342300,0.0,0.0
2023-02-09 00:00:00-05:00,31.489999771118164,31.969999313354492,30.360000610351562,30.56999969482422,4213200,0.0,0.0
2023-02-10 00:00:00-05:00,30.030000686645508,30.200000762939453,28.93000030517578,29.299999237060547,3205700,0.0,0.0
2023-02-13 00:00:00-05:00,29.139999389648438,30.309999465942383,28.850000381469727,30.09000015258789,2563200,0.0,0.0
2023-02-14 00:00:00-05:00,29.639999389648438,30.670000076293945,29.049999237060547,30.43000030517578,2497400,0.0,0.0
2023-02-15 00:00:00-05:00,30.600000381469727,32.0,30.260000228881836,31.969999313354492,3346000,0.0,0.0
2023-02-16 00:00:00-05:00,30.829999923706055,31.959999084472656,30.0,30.420000076293945,4936000,0.0,0.0
2023-02-17 00:00:00-05:00,30.209999084472656,30.25,29.149999618530273,30.06999969482422,3778200,0.0,0.0
2023-02-21 00:00:00-05:00,29.1299991607666,29.510000228881836,28.385000228881836,28.540000915527344,4024200,0.0,0.0
2023-02-22 00:00:00-05:00,28.639999389648438,29.739999771118164,28.479999542236328,29.43000030517578,6899900,0.0,0.0
2023-02-23 00:00:00-05:00,28.510000228881836,28.510000228881836,25.10099983215332,27.43000030517578,15248100,0.0,0.0
2023-02-24 00:00:00-05:00,26.899999618530273,27.56999969482422,26.59000015258789,27.040000915527344,5420800,0.0,0.0
2023-02-27 00:00:00-05:00,27.360000610351562,27.360000610351562,25.860000610351562,27.0,4810600,0.0,0.0
2023-02-28 00:00:00-05:00,26.989999771118164,27.190000534057617,26.375,26.489999771118164,4156000,0.0,0.0
2023-03-01 00:00:00-05:00,26.489999771118164,27.030000686645508,25.8700008392334,25.8799991607666,3440400,0.0,0.0
2023-03-02 00:00:00-05:00,25.399999618530273,25.709999084472656,24.920000076293945,25.440000534057617,4436200,0.0,0.0
2023-03-03 00:00:00-05:00,25.540000915527344,26.9950008392334,25.440000534057617,26.8799991607666,3585500,0.0,0.0
2023-03-06 00:00:00-05:00,26.850000381469727,26.93000030517578,25.540000915527344,25.559999465942383,3228700,0.0,0.0
2023-03-07 00:00:00-05:00,25.530000686645508,26.209999084472656,25.350000381469727,25.5,3086500,0.0,0.0
2023-03-08 00:00:00-05:00,25.5,25.530000686645508,24.93000030517578,25.350000381469727,2610100,0.0,0.0
2023-03-09 00:00:00-05:00,25.260000228881836,25.6200008392334,24.059999465942383,24.079999923706055,3210900,0.0,0.0
2023-03-10 00:00:00-05:00,23.979999542236328,24.06999969482422,22.809999465942383,23.530000686645508,5001300,0.0,0.0
2023-03-13 00:00:00-04:00,23.270000457763672,24.709999084472656,22.6299991607666,24.239999771118164,4617700,0.0,0.0
2023-03-14 00:00:00-04:00,25.0,25.229999542236328,24.05500030517578,24.6200008392334,3210100,0.0,0.0
2023-03-15 00:00:00-04:00,24.170000076293945,25.110000610351562,24.059999465942383,25.0,3161100,0.0,0.0
2023-03-16 00:00:00-04:00,25.170000076293945,25.565000534057617,24.540000915527344,25.219999313354492,2899800,0.0,0.0
2023-03-17 00:00:00-04:00,25.1299991607666,25.420000076293945,24.329999923706055,24.56999969482422,3396500,0.0,0.0
2023-03-20 00:00:00-04:00,24.200000762939453,24.5049991607666,23.75,24.3799991607666,3274800,0.0,0.0
2023-03-21 00:00:00-04:00,24.649999618530273,25.764999389648438,24.56999969482422,25.690000534057617,3406400,0.0,0.0
2023-03-22 00:00:00-04:00,25.829999923706055,25.899999618530273,24.450000762939453,24.489999771118164,3175300,0.0,0.0
2023-03-23 00:00:00-04:00,24.690000534057617,25.325000762939453,23.979999542236328,24.229999542236328,3720300,0.0,0.0
2023-03-24 00:00:00-04:00,24.139999389648438,25.1200008392334,24.0,25.059999465942383,2690300,0.0,0.0
2023-03-27 00:00:00-04:00,25.559999465942383,25.579999923706055,24.469999313354492,24.530000686645508,2498200,0.0,0.0
2023-03-28 00:00:00-04:00,24.329999923706055,24.69499969482422,24.110000610351562,24.260000228881836,1942700,0.0,0.0
2023-03-29 00:00:00-04:00,24.709999084472656,25.110000610351562,24.399999618530273,25.030000686645508,2677200,0.0,0.0
2023-03-30 00:00:00-04:00,25.440000534057617,25.56999969482422,24.40999984741211,24.43000030517578,2760600,0.0,0.0
2023-03-31 00:00:00-04:00,24.684999465942383,25.950000762939453,24.600000381469727,25.899999618530273,3362100,0.0,0.0
2023-04-03 00:00:00-04:00,25.690000534057617,26.0,25.309999465942383,25.610000610351562,2887800,0.0,0.0
2023-04-04 00:00:00-04:00,25.950000762939453,26.190000534057617,25.56999969482422,26.1299991607666,2337900,0.0,0.0
2023-04-05 00:00:00-04:00,25.829999923706055,25.961000442504883,25.209999084472656,25.81999969482422,2959800,0.0,0.0
2023-04-06 00:00:00-04:00,25.780000686645508,26.309999465942383,25.5049991607666,25.979999542236328,1987200,0.0,0.0
2023-04-10 00:00:00-04:00,25.559999465942383,25.8799991607666,25.239999771118164,25.709999084472656,1979400,0.0,0.0
2023-04-11 00:00:00-04:00,25.709999084472656,26.450000762939453,25.649999618530273,26.260000228881836,2875000,0.0,0.0
2023-04-12 00:00:00-04:00,26.59000015258789,26.704999923706055,25.239999771118164,25.239999771118164,2799400,0.0,0.0
2023-04-13 00:00:00-04:00,25.5,26.31999969482422,25.489999771118164,26.1200008392334,1589500,0.0,0.0
2023-04-14 00:00:00-04:00,26.049999237060547,26.239999771118164,25.3700008392334,25.59000015258789,1533100,0.0,0.0
2023-04-17 00:00:00-04:00,25.299999237060547,25.889999389648438,25.0,25.8700008392334,1820000,0.0,0.0
2023-04-18 00:00:00-04:00,26.520000457763672,29.34000015258789,26.25,27.34000015258789,24549700,0.0,0.0
2023-04-19 00:00:00-04:00,26.920000076293945,28.280000686645508,26.899999618530273,28.06999969482422,5378700,0.0,0.0
2023-04-20 00:00:00-04:00,27.790000915527344,28.229999542236328,27.219999313354492,27.510000228881836,3575800,0.0,0.0
2023-04-21 00:00:00-04:00,27.8799991607666,28.239999771118164,27.360000610351562,27.790000915527344,2663900,0.0,0.0
2023-04-24 00:00:00-04:00,27.899999618530273,28.704999923706055,27.809999465942383,28.170000076293945,3290500,0.0,0.0
2023-04-25 00:00:00-04:00,27.940000534057617,28.290000915527344,26.450000762939453,26.5,4633100,0.0,0.0
2023-04-26 00:00:00-04:00,26.850000381469727,27.200000762939453,25.700000762939453,25.770000457763672,5832200,0.0,0.0
2023-04-27 00:00:00-04:00,27.780000686645508,28.1299991607666,26.549999237060547,27.40999984741211,9639000,0.0,0.0
2023-04-28 00:00:00-04:00,27.389999389648438,27.389999389648438,26.190000534057617,26.530000686645508,4524300,0.0,0.0
2023-05-01 00:00:00-04:00,26.549999237060547,27.184999465942383,26.350000381469727,27.06999969482422,2785800,0.0,0.0
2023-05-02 00:00:00-04:00,26.799999237060547,26.9950008392334,26.010000228881836,26.030000686645508,3198000,0.0,0.0
2023-05-03 00:00:00-04:00,26.049999237060547,26.610000610351562,25.575000762939453,25.719999313354492,3070900,0.0,0.0
2023-05-04 00:00:00-04:00,25.510000228881836,25.770000457763672,25.1200008392334,25.25,2768000,0.0,0.0
2023-05-05 00:00:00-04:00,25.5,26.25,25.440000534057617,26.149999618530273,2982900,0.0,0.0
2023-05-08 00:00:00-04:00,26.170000076293945,26.229999542236328,25.530000686645508,26.09000015258789,2181100,0.0,0.0
2023-05-09 00:00:00-04:00,25.600000381469727,25.836999893188477,24.920000076293945,25.06999969482422,3874400,0.0,0.0
2023-05-10 00:00:00-04:00,25.510000228881836,25.764999389648438,24.559999465942383,24.770000457763672,3153700,0.0,0.0
2023-05-11 00:00:00-04:00,24.75,24.989999771118164,24.40999984741211,24.850000381469727,2853800,0.0,0.0
2023-05-12 00:00:00-04:00,24.790000915527344,24.889999389648438,23.969999313354492,24.31999969482422,2683700,0.0,0.0
2023-05-15 00:00:00-04:00,24.229999542236328,24.934999465942383,24.100000381469727,24.75,2459000,0.0,0.0
2023-05-16 00:00:00-04:00,24.510000228881836,24.600000381469727,23.8700008392334,23.90999984741211,2298700,0.0,0.0
2023-05-17 00:00:00-04:00,23.809999465942383,24.600000381469727,23.639999389648438,24.3799991607666,2761400,0.0,0.0
2023-05-18 00:00:00-04:00,24.5,24.639999389648438,23.59000015258789,24.1299991607666,3381600,0.0,0.0
2023-05-19 00:00:00-04:00,24.149999618530273,24.274999618530273,23.670000076293945,23.780000686645508,2646900,0.0,0.0
2023-05-22 00:00:00-04:00,23.799999237060547,24.780000686645508,23.719999313354492,24.649999618530273,3012000,0.0,0.0
2023-05-23 00:00:00-04:00,24.450000762939453,25.239999771118164,24.135000228881836,24.170000076293945,3083200,0.0,0.0
2023-05-24 00:00:00-04:00,23.739999771118164,24.049999237060547,23.077999114990234,23.34000015258789,3743000,0.0,0.0
2023-05-25 00:00:00-04:00,23.420000076293945,23.459999084472656,22.559999465942383,22.8799991607666,3751000,0.0,0.0
2023-05-26 00:00:00-04:00,22.8799991607666,23.200000762939453,22.631999969482422,22.68000030517578,2872000,0.0,0.0
2023-05-30 00:00:00-04:00,23.110000610351562,23.3700008392334,22.3700008392334,22.420000076293945,3270500,0.0,0.0
2023-05-31 00:00:00-04:00,22.350000381469727,23.149999618530273,22.31999969482422,23.149999618530273,4406900,0.0,0.0
2023-06-01 00:00:00-04:00,23.0,24.100000381469727,22.719999313354492,23.829999923706055,3760400,0.0,0.0
2023-06-02 00:00:00-04:00,24.3799991607666,24.59000015258789,23.780000686645508,24.479999542236328,3641700,0.0,0.0
2023-06-05 00:00:00-04:00,24.399999618530273,25.219999313354492,24.309999465942383,24.790000915527344,2947200,0.0,0.0
2023-06-06 00:00:00-04:00,24.600000381469727,25.524999618530273,24.469999313354492,25.3799991607666,3194700,0.0,0.0
2023-06-07 00:00:00-04:00,25.799999237060547,26.170000076293945,24.989999771118164,25.059999465942383,3713800,0.0,0.0
2023-06-08 00:00:00-04:00,24.969999313354492,24.989999771118164,24.174999237060547,24.34000015258789,4319400,0.0,0.0
2023-06-09 00:00:00-04:00,24.729999542236328,24.75,23.700000762939453,23.809999465942383,4308500,0.0,0.0
2023-06-12 00:00:00-04:00,24.059999465942383,24.59000015258789,23.790000915527344,24.3799991607666,3306900,0.0,0.0
2023-06-13 00:00:00-04:00,24.84000015258789,25.625,24.509000778198242,25.34000015258789,4481300,0.0,0.0
2023-06-14 00:00:00-04:00,25.459999084472656,25.489999771118164,24.489999771118164,24.90999984741211,4034000,0.0,0.0
2023-06-15 00:00:00-04:00,24.739999771118164,25.329999923706055,24.670000076293945,25.200000762939453,2876300,0.0,0.0
2023-06-16 00:00:00-04:00,25.329999923706055,25.360000610351562,24.510000228881836,24.899999618530273,4464000,0.0,0.0
2023-06-20 00:00:00-04:00,24.65999984741211,25.100000381469727,24.309999465942383,24.8799991607666,4268500,0.0,0.0
2023-06-21 00:00:00-04:00,24.75,24.84000015258789,24.290000915527344,24.479999542236328,2809600,0.0,0.0
2023-06-22 00:00:00-04:00,24.229999542236328,24.329999923706055,23.68000030517578,23.899999618530273,3584500,0.0,0.0
2023-06-23 00:00:00-04:00,23.489999771118164,23.889999389648438,23.420000076293945,23.739999771118164,4528400,0.0,0.0
2023-06-26 00:00:00-04:00,23.579999923706055,24.079999923706055,23.219999313354492,23.84000015258789,2676200,0.0,0.0
2023-06-27 00:00:00-04:00,23.899999618530273,24.489999771118164,23.625,24.360000610351562,2929200,0.0,0.0
2023-06-28 00:00:00-04:00,24.239999771118164,25.350000381469727,24.131000518798828,25.290000915527344,3353100,0.0,0.0
2023-06-29 00:00:00-04:00,25.489999771118164,26.03499984741211,25.200000762939453,25.25,2797600,0.0,0.0
2023-06-30 00:00:00-04:00,25.510000228881836,25.55500030517578,25.045000076293945,25.31999969482422,2756600,0.0,0.0
2023-07-03 00:00:00-04:00,25.299999237060547,26.2549991607666,25.270000457763672,25.610000610351562,2117100,0.0,0.0
2023-07-05 00:00:00-04:00,25.3799991607666,25.489999771118164,24.5,24.549999237060547,4270100,0.0,0.0
2023-07-06 00:00:00-04:00,24.020000457763672,24.020000457763672,22.530000686645508,22.559999465942383,9051200,0.0,0.0
2023-07-07 00:00:00-04:00,22.760000228881836,23.0,22.469999313354492,22.56999969482422,7152900,0.0,0.0
2023-07-10 00:00:00-04:00,22.559999465942383,23.860000610351562,22.469999313354492,23.829999923706055,6099000,0.0,0.0
2023-07-11 00:00:00-04:00,23.979999542236328,24.8799991607666,23.889999389648438,24.729999542236328,5042500,0.0,0.0
2023-07-12 00:00:00-04:00,25.15999984741211,25.329999923706055,24.450000762939453,24.549999237060547,4379700,0.0,0.0
2023-07-13 00:00:00-04:00,24.75,25.65999984741211,24.60099983215332,25.540000915527344,4326800,0.0,0.0
2023-07-14 00:00:00-04:00,25.700000762939453,25.93000030517578,24.690000534057617,24.770000457763672,3940300,0.0,0.0
2023-07-17 00:00:00-04:00,24.65999984741211,25.229999542236328,24.34000015258789,24.959999084472656,2696100,0.0,0.0
2023-07-18 00:00:00-04:00,27.329999923706055,27.40999984741211,25.222000122070312,25.350000381469727,15803500,0.0,0.0
2023-07-19 00:00:00-04:00,25.59000015258789,26.18000030517578,25.0,25.260000228881836,5576800,0.0,0.0
2023-07-20 00:00:00-04:00,25.0,25.219999313354492,23.610000610351562,23.6200008392334,6150800,0.0,0.0
2023-07-21 00:00:00-04:00,23.729999542236328,24.0,23.350000381469727,23.489999771118164,4032800,0.0,0.0
2023-07-24 00:00:00-04:00,23.459999084472656,23.739999771118164,23.25,23.3700008392334,5124600,0.0,0.0
2023-07-25 00:00:00-04:00,23.469999313354492,23.889999389648438,22.760000228881836,22.780000686645508,11158200,0.0,0.0
2023-07-26 00:00:00-04:00,24.6200008392334,29.200000762939453,24.31999969482422,28.920000076293945,38572800,0.0,0.0
2023-07-27 00:00:00-04:00,29.100000381469727,30.40999984741211,27.799999237060547,27.959999084472656,16930100,0.0,0.0
2023-07-28 00:00:00-04:00,28.639999389648438,28.770000457763672,27.190000534057617,28.260000228881836,9208800,0.0,0.0
2023-07-31 00:00:00-04:00,28.690000534057617,30.149999618530273,28.360000610351562,29.770000457763672,7072400,0.0,0.0
2023-08-01 00:00:00-04:00,29.360000610351562,29.399999618530273,27.520000457763672,27.75,8780400,0.0,0.0
2023-08-02 00:00:00-04:00,27.104999542236328,27.358999252319336,25.360000610351562,26.270000457763672,6703600,0.0,0.0
2023-08-03 00:00:00-04:00,26.049999237060547,26.385000228881836,25.56999969482422,26.030000686645508,4445600,0.0,0.0
2023-08-04 00:00:00-04:00,26.280000686645508,26.670000076293945,25.850000381469727,26.049999237060547,3573700,0.0,0.0
2023-08-07 00:00:00-04:00,26.0,26.0,24.469999313354492,25.579999923706055,5054200,0.0,0.0
2023-08-08 00:00:00-04:00,25.0,26.0,24.770999908447266,25.93000030517578,4158200,0.0,0.0
2023-08-09 00:00:00-04:00,25.829999923706055,25.84000015258789,24.739999771118164,24.969999313354492,3738800,0.0,0.0
2023-08-10 00:00:00-04:00,25.209999084472656,25.309999465942383,24.229999542236328,24.329999923706055,4976800,0.0,0.0
2023-08-11 00:00:00-04:00,24.1200008392334,24.600000381469727,24.020000457763672,24.059999465942383,4015900,0.0,0.0
2023-08-14 00:00:00-04:00,23.809999465942383,24.0049991607666,23.0,23.809999465942383,5463100,0.0,0.0
2023-08-15 00:00:00-04:00,23.719999313354492,23.73699951171875,23.260000228881836,23.3700008392334,3626700,0.0,0.0
2023-08-16 00:00:00-04:00,23.219999313354492,23.4950008392334,22.81999969482422,22.8799991607666,3940000,0.0,0.0
2023-08-17 00:00:00-04:00,22.90999984741211,23.225000381469727,22.6299991607666,23.139999389648438,4318800,0.0,0.0
2023-08-18 00:00:00-04:00,22.829999923706055,23.59000015258789,22.81999969482422,23.110000610351562,4388000,0.0,0.0
2023-08-21 00:00:00-04:00,23.0,23.360000610351562,22.889999389648438,23.190000534057617,3152900,0.0,0.0
2023-08-22 00:00:00-04:00,23.299999237060547,23.5,22.760000228881836,22.829999923706055,3065500,0.0,0.0
2023-08-23 00:00:00-04:00,22.829999923706055,23.190000534057617,22.709999084472656,23.010000228881836,2857700,0.0,0.0
2023-08-24 00:00:00-04:00,23.229999542236328,23.239999771118164,21.90999984741211,21.940000534057617,5616100,0.0,0.0
2023-08-25 00:00:00-04:00,22.010000228881836,22.459999084472656,21.209999084472656,22.040000915527344,4539100,0.0,0.0
2023-08-28 00:00:00-04:00,22.25,22.40999984741211,21.969999313354492,22.200000762939453,2354200,0.0,0.0
2023-08-29 00:00:00-04:00,22.100000381469727,22.799999237060547,21.959999084472656,22.600000381469727,3486400,0.0,0.0
2023-08-30 00:00:00-04:00,22.520000457763672,22.959999084472656,22.239999771118164,22.65999984741211,2736200,0.0,0.0
2023-08-31 00:00:00-04:00,22.799999237060547,23.045000076293945,22.520000457763672,22.639999389648438,3223200,0.0,0.0
2023-09-01 00:00:00-04:00,22.90999984741211,23.19499969482422,22.739999771118164,22.8700008392334,2438200,0.0,0.0
2023-09-05 00:00:00-04:00,22.729999542236328,23.18000030517578,22.399999618530273,22.899999618530273,2794100,0.0,0.0
2023-09-06 00:00:00-04:00,22.790000915527344,23.045000076293945,22.485000610351562,22.969999313354492,2538700,0.0,0.0
2023-09-07 00:00:00-04:00,22.3799991607666,22.635000228881836,22.0,22.579999923706055,3511300,0.0,0.0
2023-09-08 00:00:00-04:00,22.469999313354492,22.599000930786133,22.09000015258789,22.309999465942383,3040200,0.0,0.0
2023-09-11 00:00:00-04:00,22.510000228881836,22.976999282836914,22.239999771118164,22.790000915527344,2999400,0.0,0.0
2023-09-12 00:00:00-04:00,22.6299991607666,22.979999542236328,22.43000030517578,22.459999084472656,2861600,0.0,0.0
2023-09-13 00:00:00-04:00,22.290000915527344,22.510000228881836,21.889999389648438,21.899999618530273,4452000,0.0,0.0
2023-09-14 00:00:00-04:00,21.950000762939453,22.1299991607666,21.5,21.600000381469727,4286700,0.0,0.0
2023-09-15 00:00:00-04:00,21.5,21.65999984741211,20.979999542236328,21.200000762939453,6671900,0.0,0.0
2023-09-18 00:00:00-04:00,21.0,21.260000228881836,20.770000457763672,20.770000457763672,5105300,0.0,0.0
2023-09-19 00:00:00-04:00,20.610000610351562,20.93000030517578,20.430999755859375,20.75,4353300,0.0,0.0
2023-09-20 00:00:00-04:00,20.989999771118164,21.020000457763672,20.469999313354492,20.5,3500200,0.0,0.0
2023-09-21 00:00:00-04:00,20.100000381469727,20.149999618530273,19.260000228881836,19.309999465942383,7539400,0.0,0.0
2023-09-22 00:00:00-04:00,19.579999923706055,19.6299991607666,18.719999313354492,18.780000686645508,6705100,0.0,0.0
2023-09-25 00:00:00-04:00,18.600000381469727,19.260000228881836,18.549999237060547,19.06999969482422,4769200,0.0,0.0
2023-09-26 00:00:00-04:00,18.700000762939453,19.25,18.700000762939453,19.020000457763672,3625000,0.0,0.0
2023-09-27 00:00:00-04:00,19.010000228881836,19.209999084472656,18.540000915527344,18.8700008392334,5858300,0.0,0.0
2023-09-28 00:00:00-04:00,18.829999923706055,19.1200008392334,18.472999572753906,18.530000686645508,5396700,0.0,0.0
2023-09-29 00:00:00-04:00,18.809999465942383,19.079999923706055,18.510000228881836,18.59000015258789,3676200,0.0,0.0
2023-10-02 00:00:00-04:00,18.520000457763672,18.520000457763672,18.040000915527344,18.43000030517578,5718500,0.0,0.0
2023-10-03 00:00:00-04:00,18.100000381469727,18.739999771118164,18.100000381469727,18.469999313354492,5357300,0.0,0.0
2023-10-04 00:00:00-04:00,18.600000381469727,18.600000381469727,18.059999465942383,18.360000610351562,4796200,0.0,0.0
2023-10-05 00:00:00-04:00,18.219999313354492,18.6299991607666,18.170000076293945,18.549999237060547,6133400,0.0,0.0
2023-10-06 00:00:00-04:00,18.25,18.729999542236328,18.049999237060547,18.700000762939453,5477100,0.0,0.0
2023-10-09 00:00:00-04:00,18.43000030517578,18.719999313354492,18.100000381469727,18.639999389648438,3448300,0.0,0.0
2023-10-10 00:00:00-04:00,18.649999618530273,19.5,18.6200008392334,19.469999313354492,4158400,0.0,0.0
2023-10-11 00:00:00-04:00,19.420000076293945,19.764999389648438,19.020000457763672,19.3799991607666,4220500,0.0,0.0
2023-10-12 00:00:00-04:00,19.440000534057617,19.440000534057617,18.309999465942383,18.540000915527344,6238100,0.0,0.0
2023-10-13 00:00:00-04:00,18.540000915527344,18.809999465942383,18.40999984741211,18.510000228881836,4491100,0.0,0.0
2023-10-16 00:00:00-04:00,18.520000457763672,19.094999313354492,18.350000381469727,18.920000076293945,3463000,0.0,0.0
2023-10-17 00:00:00-04:00,18.739999771118164,19.520000457763672,18.69099998474121,19.190000534057617,3102400,0.0,0.0
2023-10-18 00:00:00-04:00,19.020000457763672,19.020000457763672,18.389999389648438,18.420000076293945,3348000,0.0,0.0
2023-10-19 00:00:00-04:00,18.479999542236328,18.729999542236328,18.145000457763672,18.149999618530273,3705300,0.0,0.0
2023-10-20 00:00:00-04:00,18.0,18.709999084472656,17.780000686645508,18.459999084472656,5916500,0.0,0.0
2023-10-23 00:00:00-04:00,18.18000030517578,18.6299991607666,17.90999984741211,18.010000228881836,4213500,0.0,0.0
2023-10-24 00:00:00-04:00,18.18000030517578,18.709999084472656,18.110000610351562,18.1200008392334,8888100,0.0,0.0
2023-10-25 00:00:00-04:00,16.899999618530273,17.68000030517578,16.549999237060547,17.40999984741211,12249700,0.0,0.0
2023-10-26 00:00:00-04:00,17.43000030517578,17.6299991607666,16.020000457763672,16.09000015258789,8796800,0.0,0.0
2023-10-27 00:00:00-04:00,16.260000228881836,16.3799991607666,15.510000228881836,15.569999694824219,5782600,0.0,0.0
2023-10-30 00:00:00-04:00,15.729999542236328,16.25,15.020000457763672,16.149999618530273,8823500,0.0,0.0
2023-10-31 00:00:00-04:00,16.34000015258789,16.729999542236328,16.200000762939453,16.540000915527344,5285100,0.0,0.0
2023-11-01 00:00:00-04:00,16.489999771118164,16.719999313354492,16.104999542236328,16.649999618530273,4493400,0.0,0.0
2023-11-02 00:00:00-04:00,17.100000381469727,17.235000610351562,16.56999969482422,16.93000030517578,6482000,0.0,0.0
2023-11-03 00:00:00-04:00,17.219999313354492,17.979999542236328,17.18000030517578,17.3799991607666,6960200,0.0,0.0
2023-11-06 00:00:00-05:00,17.440000534057617,17.479999542236328,16.475000381469727,16.829999923706055,4265500,0.0,0.0
2023-11-07 00:00:00-05:00,16.809999465942383,17.100000381469727,16.5,16.959999084472656,2646400,0.0,0.0
2023-11-08 00:00:00-05:00,16.6299991607666,16.834999084472656,16.190000534057617,16.200000762939453,4767800,0.0,0.0
2023-11-09 00:00:00-05:00,16.290000915527344,16.489999771118164,15.59000015258789,15.65999984741211,4455200,0.0,0.0
2023-11-10 00:00:00-05:00,15.579999923706055,16.0,15.479999542236328,15.949999809265137,3660800,0.0,0.0
2023-11-13 00:00:00-05:00,15.90999984741211,16.059999465942383,15.630000114440918,15.65999984741211,3450200,0.0,0.0
2023-11-14 00:00:00-05:00,16.329999923706055,17.18000030517578,16.329999923706055,17.049999237060547,5484800,0.0,0.0
2023-11-15 00:00:00-05:00,17.100000381469727,17.81999969482422,17.100000381469727,17.530000686645508,4888100,0.0,0.0
2023-11-16 00:00:00-05:00,17.350000381469727,17.450000762939453,16.65999984741211,16.920000076293945,3757600,0.0,0.0
2023-11-17 00:00:00-05:00,17.06999969482422,17.18000030517578,16.809999465942383,17.170000076293945,3438500,0.0,0.0
2023-11-20 00:00:00-05:00,17.1200008392334,17.725000381469727,16.959999084472656,17.469999313354492,4124400,0.0,0.0
2023-11-21 00:00:00-05:00,17.219999313354492,17.260000228881836,16.84000015258789,16.920000076293945,3047200,0.0,0.0
2023-11-22 00:00:00-05:00,17.149999618530273,17.350000381469727,16.93000030517578,17.049999237060547,3045300,0.0,0.0
2023-11-24 00:00:00-05:00,17.200000762939453,17.46500015258789,17.110000610351562,17.350000381469727,1738700,0.0,0.0
2023-11-27 00:00:00-05:00,17.229999542236328,17.274999618530273,16.920000076293945,17.209999084472656,3881900,0.0,0.0
2023-11-28 00:00:00-05:00,17.079999923706055,18.219999313354492,16.959999084472656,18.079999923706055,7118400,0.0,0.0
2023-11-29 00:00:00-05:00,18.350000381469727,19.315000534057617,18.309999465942383,18.3700008392334,7770100,0.0,0.0
2023-11-30 00:00:00-05:00,18.440000534057617,18.6200008392334,17.940000534057617,18.139999389648438,5022500,0.0,0.0
2023-12-01 00:00:00-05:00,18.15999984741211,19.06999969482422,17.920000076293945,18.969999313354492,5763400,0.0,0.0
2023-12-04 00:00:00-05:00,18.75,19.167999267578125,18.610000610351562,19.030000686645508,4276200,0.0,0.0
2023-12-05 00:00:00-05:00,18.770000457763672,18.8799991607666,18.28499984741211,18.510000228881836,4837900,0.0,0.0
2023-12-06 00:00:00-05:00,18.739999771118164,19.645000457763672,18.722000122070312,18.959999084472656,5037200,0.0,0.0
2023-12-07 00:00:00-05:00,18.84000015258789,19.219999313354492,18.6200008392334,19.200000762939453,3173700,0.0,0.0
2023-12-08 00:00:00-05:00,19.0,19.6299991607666,18.780000686645508,19.209999084472656,4202400,0.0,0.0
2023-12-11 00:00:00-05:00,19.09000015258789,19.15999984741211,18.645000457763672,19.020000457763672,3089600,0.0,0.0
2023-12-12 00:00:00-05:00,19.020000457763672,19.190000534057617,18.530000686645508,19.100000381469727,4109400,0.0,0.0
2023-12-13 00:00:00-05:00,19.100000381469727,20.139999389648438,18.520000457763672,20.1200008392334,5373400,0.0,0.0
2023-12-14 00:00:00-05:00,20.889999389648438,21.8799991607666,20.889999389648438,21.25,8125200,0.0,0.0
2023-12-15 00:00:00-05:00,21.389999389648438,21.475000381469727,20.360000610351562,20.520000457763672,6880000,0.0,0.0
2023-12-18 00:00:00-05:00,20.360000610351562,20.739999771118164,20.190000534057617,20.399999618530273,3618700,0.0,0.0
2023-12-19 00:00:00-05:00,20.649999618530273,21.709999084472656,20.649999618530273,21.579999923706055,5326200,0.0,0.0
2023-12-20 00:00:00-05:00,21.40999984741211,21.81999969482422,20.469999313354492,20.5,4764900,0.0,0.0
2023-12-21 00:00:00-05:00,20.81999969482422,21.325000762939453,20.739999771118164,21.280000686645508,3278100,0.0,0.0
2023-12-22 00:00:00-05:00,21.280000686645508,21.600000381469727,20.96500015258789,21.5,3585300,0.0,0.0
2023-12-26 00:00:00-05:00,21.56999969482422,22.030000686645508,21.40999984741211,21.850000381469727,3220900,0.0,0.0
2023-12-27 00:00:00-05:00,22.0,22.149999618530273,21.829999923706055,22.06999969482422,3192500,0.0,0.0
2023-12-28 00:00:00-05:00,21.969999313354492,22.260000228881836,21.899999618530273,22.100000381469727,2902800,0.0,0.0
2023-12-29 00:00:00-05:00,22.049999237060547,22.34000015258789,21.450000762939453,21.549999237060547,3756700,0.0,0.0
2024-01-02 00:00:00-05:00,21.25,22.540000915527344,21.030000686645508,21.93000030517578,4147500,0.0,0.0
2024-01-03 00:00:00-05:00,21.670000076293945,21.725000381469727,20.910999298095703,21.239999771118164,5922000,0.0,0.0
2024-01-04 00:00:00-05:00,21.049999237060547,21.55900001525879,20.709999084472656,21.360000610351562,3516700,0.0,0.0
2024-01-05 00:00:00-05:00,21.149999618530273,21.56999969482422,20.860000610351562,21.399999618530273,3747600,0.0,0.0
2024-01-08 00:00:00-05:00,21.200000762939453,22.139999389648438,20.934999465942383,22.030000686645508,4060900,0.0,0.0
2024-01-09 00:00:00-05:00,21.860000610351562,22.155000686645508,21.704999923706055,21.809999465942383,2736600,0.0,0.0
2024-01-10 00:00:00-05:00,21.739999771118164,22.079999923706055,21.020000457763672,21.799999237060547,3810700,0.0,0.0
2024-01-11 00:00:00-05:00,21.6200008392334,21.790000915527344,20.520000457763672,20.809999465942383,4978600,0.0,0.0
2024-01-12 00:00:00-05:00,20.850000381469727,21.3700008392334,20.600000381469727,20.8700008392334,3551500,0.0,0.0
2024-01-16 00:00:00-05:00,20.479999542236328,20.59000015258789,19.969999313354492,20.190000534057617,4042500,0.0,0.0
2024-01-17 00:00:00-05:00,19.454999923706055,19.700000762939453,19.084999084472656,19.440000534057617,3889400,0.0,0.0
2024-01-18 00:00:00-05:00,19.540000915527344,19.8700008392334,19.170000076293945,19.850000381469727,3601900,0.0,0.0
2024-01-19 00:00:00-05:00,19.920000076293945,20.385000228881836,19.5,20.239999771118164,4829900,0.0,0.0
2024-01-22 00:00:00-05:00,20.540000915527344,21.40999984741211,20.389999389648438,20.940000534057617,5161900,0.0,0.0
2024-01-23 00:00:00-05:00,21.200000762939453,21.40999984741211,20.364999771118164,20.739999771118164,3269000,0.0,0.0
2024-01-24 00:00:00-05:00,21.040000915527344,21.190000534057617,20.1200008392334,20.190000534057617,3850800,0.0,0.0
2024-01-25 00:00:00-05:00,20.420000076293945,20.649999618530273,20.020000457763672,20.350000381469727,2739100,0.0,0.0
2024-01-26 00:00:00-05:00,20.540000915527344,20.8799991607666,20.1299991607666,20.209999084472656,2379600,0.0,0.0
2024-01-29 00:00:00-05:00,20.209999084472656,20.760000228881836,19.8700008392334,20.59000015258789,2903600,0.0,0.0
2024-01-30 00:00:00-05:00,20.350000381469727,20.360000610351562,19.709999084472656,19.739999771118164,3071200,0.0,0.0
2024-01-31 00:00:00-05:00,19.670000076293945,20.410999298095703,19.350000381469727,19.43000030517578,4298500,0.0,0.0
2024-02-01 00:00:00-05:00,19.389999389648438,19.8799991607666,19.350000381469727,19.84000015258789,2858200,0.0,0.0
2024-02-02 00:00:00-05:00,19.530000686645508,19.915000915527344,19.040000915527344,19.790000915527344,3034800,0.0,0.0
2024-02-05 00:00:00-05:00,19.540000915527344,19.540000915527344,18.59000015258789,18.989999771118164,2685500,0.0,0.0
2024-02-06 00:00:00-05:00,19.020000457763672,20.09000015258789,18.899999618530273,20.06999969482422,2602800,0.0,0.0
2024-02-07 00:00:00-05:00,20.18000030517578,20.231000900268555,19.700000762939453,20.010000228881836,2189900,0.0,0.0
2024-02-08 00:00:00-05:00,19.93000030517578,20.43000030517578,19.69499969482422,20.3799991607666,2136800,0.0,0.0
2024-02-09 00:00:00-05:00,20.329999923706055,20.739999771118164,20.079999923706055,20.600000381469727,2639300,0.0,0.0
2024-02-12 00:00:00-05:00,20.610000610351562,21.450000762939453,20.559999465942383,21.100000381469727,2744200,0.0,0.0
2024-02-13 00:00:00-05:00,20.15999984741211,20.264999389648438,19.6299991607666,19.90999984741211,4256900,0.0,0.0
2024-02-14 00:00:00-05:00,20.25,20.8700008392334,20.030000686645508,20.65999984741211,2691800,0.0,0.0
2024-02-15 00:00:00-05:00,21.020000457763672,21.739999771118164,20.8799991607666,21.610000610351562,3603200,0.0,0.0
2024-02-16 00:00:00-05:00,21.25,21.545000076293945,21.0049991607666,21.030000686645508,4355600,0.0,0.0
2024-02-20 00:00:00-05:00,20.690000534057617,20.875,20.219999313354492,20.489999771118164,8128600,0.0,0.0
2024-02-21 00:00:00-05:00,16.75,16.81999969482422,15.15999984741211,15.640000343322754,29938500,0.0,0.0
2024-02-22 00:00:00-05:00,15.720000267028809,15.720000267028809,15.140000343322754,15.210000038146973,11293100,0.0,0.0
2024-02-23 00:00:00-05:00,15.100000381469727,15.232000350952148,14.399999618530273,14.5,12150500,0.0,0.0
2024-02-26 00:00:00-05:00,14.4399995803833,14.979999542236328,14.359999656677246,14.789999961853027,7650300,0.0,0.0
2024-02-27 00:00:00-05:00,14.930000305175781,15.237000465393066,14.6899995803833,15.15999984741211,7603300,0.0,0.0
2024-02-28 00:00:00-05:00,15.0,15.274999618530273,14.869999885559082,15.09000015258789,6338200,0.0,0.0
2024-02-29 00:00:00-05:00,15.390000343322754,15.640000343322754,14.930000305175781,15.079999923706055,6273000,0.0,0.0
2024-03-01 00:00:00-05:00,15.0600004196167,15.270000457763672,14.789999961853027,15.0,4466100,0.0,0.0
2024-03-04 00:00:00-05:00,15.0,15.010000228881836,14.300000190734863,14.729999542236328,6063500,0.0,0.0
2024-03-05 00:00:00-05:00,14.529999732971191,14.62600040435791,14.289999961853027,14.390000343322754,4898800,0.0,0.0
2024-03-06 00:00:00-05:00,14.539999961853027,14.579999923706055,14.364999771118164,14.579999923706055,4096900,0.0,0.0
2024-03-07 00:00:00-05:00,14.739999771118164,15.510000228881836,14.720000267028809,15.350000381469727,5436100,0.0,0.0
2024-03-08 00:00:00-05:00,15.5600004196167,15.829999923706055,15.239999771118164,15.420000076293945,3692600,0.0,0.0
2024-03-11 00:00:00-04:00,15.390000343322754,15.949999809265137,15.350000381469727,15.59000015258789,3804200,0.0,0.0
2024-03-12 00:00:00-04:00,15.539999961853027,15.647000312805176,15.229999542236328,15.369999885559082,5032800,0.0,0.0
2024-03-13 00:00:00-04:00,15.270000457763672,15.609999656677246,15.100000381469727,15.140000343322754,4094400,0.0,0.0
2024-03-14 00:00:00-04:00,15.020000457763672,15.279999732971191,14.675000190734863,14.84000015258789,4244200,0.0,0.0
2024-03-15 00:00:00-04:00,14.75,15.130000114440918,14.710000038146973,15.119999885559082,5013500,0.0,0.0
2024-03-18 00:00:00-04:00,15.180000305175781,15.234999656677246,14.87399959564209,15.119999885559082,3488700,0.0,0.0
2024-03-19 00:00:00-04:00,14.90999984741211,15.274999618530273,14.795000076293945,15.029999732971191,2995100,0.0,0.0
2024-03-20 00:00:00-04:00,14.949999809265137,15.529999732971191,14.86299991607666,15.40999984741211,3669200,0.0,0.0
2024-03-21 00:00:00-04:00,15.5600004196167,15.680000305175781,15.265000343322754,15.279999732971191,3119900,0.0,0.0
2024-03-22 00:00:00-04:00,15.270000457763672,15.350000381469727,14.949999809265137,15.0,2887300,0.0,0.0
2024-03-25 00:00:00-04:00,15.0600004196167,15.21500015258789,15.010000228881836,15.079999923706055,2958100,0.0,0.0
2024-03-26 00:00:00-04:00,15.239999771118164,15.319999694824219,14.954999923706055,15.050000190734863,3060100,0.0,0.0
2024-03-27 00:00:00-04:00,15.180000305175781,15.279999732971191,15.045000076293945,15.270000457763672,3541700,0.0,0.0
2024-03-28 00:00:00-04:00,15.289999961853027,15.4350004196167,15.0600004196167,15.100000381469727,2488100,0.0,0.0
2024-04-01 00:00:00-04:00,15.140000343322754,15.270000457763672,14.5600004196167,14.850000381469727,5127200,0.0,0.0
2024-04-02 00:00:00-04:00,14.529999732971191,14.529999732971191,14.21500015258789,14.329999923706055,5936300,0.0,0.0
2024-04-03 00:00:00-04:00,14.199999809265137,14.475000381469727,14.050000190734863,14.40999984741211,4577000,0.0,0.0
2024-04-04 00:00:00-04:00,14.5600004196167,14.75,14.239999771118164,14.25,3402600,0.0,0.0
2024-04-05 00:00:00-04:00,14.039999961853027,14.720000267028809,13.59000015258789,14.489999771118164,7655200,0.0,0.0
2024-04-08 00:00:00-04:00,14.550000190734863,14.699999809265137,14.444999694824219,14.619999885559082,3345200,0.0,0.0
2024-04-09 00:00:00-04:00,14.710000038146973,15.185999870300293,14.609999656677246,15.0600004196167,4272700,0.0,0.0
2024-04-10 00:00:00-04:00,14.5,14.6899995803833,14.40999984741211,14.5,5640400,0.0,0.0
2024-04-11 00:00:00-04:00,14.699999809265137,14.829999923706055,14.25,14.600000381469727,3409500,0.0,0.0
2024-04-12 00:00:00-04:00,14.5,14.604999542236328,14.210000038146973,14.210000038146973,4923000,0.0,0.0
2024-04-15 00:00:00-04:00,14.109999656677246,14.15999984741211,13.369999885559082,13.550000190734863,6416000,0.0,0.0
2024-04-16 00:00:00-04:00,13.430000305175781,13.489999771118164,13.029999732971191,13.130000114440918,4898600,0.0,0.0
2024-04-17 00:00:00-04:00,13.210000038146973,13.5,13.100000381469727,13.140000343322754,3948400,0.0,0.0
2024-04-18 00:00:00-04:00,13.079999923706055,13.350000381469727,12.932000160217285,13.180000305175781,4035600,0.0,0.0
2024-04-19 00:00:00-04:00,13.039999961853027,13.130000114440918,12.854999542236328,12.979999542236328,5334500,0.0,0.0
2024-04-22 00:00:00-04:00,13.100000381469727,13.479999542236328,12.930000305175781,13.300000190734863,4223100,0.0,0.0
2024-04-23 00:00:00-04:00,13.390000343322754,14.050000190734863,13.314000129699707,13.739999771118164,4003100,0.0,0.0
2024-04-24 00:00:00-04:00,13.729999542236328,14.015000343322754,13.40999984741211,13.729999542236328,8062800,0.0,0.0
2024-04-25 00:00:00-04:00,13.4399995803833,13.5600004196167,13.210000038146973,13.329999923706055,6876500,0.0,0.0
2024-04-26 00:00:00-04:00,12.680000305175781,13.600000381469727,12.649999618530273,13.010000228881836,7696700,0.0,0.0
2024-04-29 00:00:00-04:00,13.15999984741211,13.454999923706055,12.880000114440918,13.390000343322754,6513600,0.0,0.0
2024-04-30 00:00:00-04:00,13.210000038146973,13.378000259399414,12.734999656677246,12.75,6303900,0.0,0.0
2024-05-01 00:00:00-04:00,12.720000267028809,13.1850004196167,12.529999732971191,12.8100004196167,4405300,0.0,0.0
2024-05-02 00:00:00-04:00,13.029999732971191,13.109999656677246,12.600000381469727,12.989999771118164,5026100,0.0,0.0
2024-05-03 00:00:00-04:00,13.199999809265137,13.472999572753906,12.770000457763672,12.779999732971191,6206900,0.0,0.0
2024-05-06 00:00:00-04:00,12.920000076293945,12.989999771118164,12.6850004196167,12.789999961853027,3864100,0.0,0.0
2024-05-07 00:00:00-04:00,12.800000190734863,12.9399995803833,12.619999885559082,12.880000114440918,4250000,0.0,0.0
2024-05-08 00:00:00-04:00,12.699999809265137,12.699999809265137,12.170000076293945,12.199999809265137,5305200,0.0,0.0
2024-05-09 00:00:00-04:00,12.25,12.385000228881836,12.069999694824219,12.239999771118164,7632900,0.0,0.0
2024-05-10 00:00:00-04:00,12.260000228881836,12.279999732971191,11.880000114440918,11.949999809265137,5812000,0.0,0.0
2024-05-13 00:00:00-04:00,12.029999732971191,12.595000267028809,11.979999542236328,12.449999809265137,5278700,0.0,0.0
2024-05-14 00:00:00-04:00,12.739999771118164,13.40999984741211,12.6899995803833,12.739999771118164,7248800,0.0,0.0
2024-05-15 00:00:00-04:00,13.050000190734863,13.100000381469727,12.699999809265137,12.8100004196167,4523800,0.0,0.0
2024-05-16 00:00:00-04:00,12.720000267028809,12.9399995803833,12.670000076293945,12.899999618530273,4005700,0.0,0.0
2024-05-17 00:00:00-04:00,12.829999923706055,12.859999656677246,12.550000190734863,12.729999542236328,3357000,0.0,0.0
2024-05-20 00:00:00-04:00,12.699999809265137,12.829999923706055,12.270000457763672,12.300000190734863,4139400,0.0,0.0
2024-05-21 00:00:00-04:00,12.050000190734863,12.229999542236328,11.78499984741211,11.829999923706055,4693800,0.0,0.0
2024-05-22 00:00:00-04:00,11.789999961853027,12.03499984741211,11.670000076293945,11.920000076293945,3589400,0.0,0.0
2024-05-23 00:00:00-04:00,11.899999618530273,11.90999984741211,11.399999618530273,11.449999809265137,4826500,0.0,0.0
2024-05-24 00:00:00-04:00,11.4399995803833,11.520000457763672,11.319999694824219,11.479999542236328,4397400,0.0,0.0
2024-05-28 00:00:00-04:00,11.5,11.579999923706055,11.220000267028809,11.359999656677246,3893000,0.0,0.0
2024-05-29 00:00:00-04:00,11.130000114440918,11.220000267028809,11.0,11.149999618530273,4389500,0.0,0.0
2024-05-30 00:00:00-04:00,11.170000076293945,11.40999984741211,11.140000343322754,11.289999961853027,3706500,0.0,0.0
2024-05-31 00:00:00-04:00,11.210000038146973,11.399999618530273,11.109999656677246,11.239999771118164,4272500,0.0,0.0
2024-06-03 00:00:00-04:00,11.470000267028809,11.569999694824219,10.925000190734863,11.079999923706055,4495100,0.0,0.0
2024-06-04 00:00:00-04:00,11.039999961853027,11.09000015258789,10.850000381469727,10.869999885559082,3603500,0.0,0.0
2024-06-05 00:00:00-04:00,10.920000076293945,11.039999961853027,10.739999771118164,10.979999542236328,3418400,0.0,0.0
2024-06-06 00:00:00-04:00,10.880000114440918,11.130000114440918,10.84000015258789,11.029999732971191,3281400,0.0,0.0
2024-06-07 00:00:00-04:00,10.84000015258789,10.869999885559082,10.630000114440918,10.640000343322754,4137200,0.0,0.0
2024-06-10 00:00:00-04:00,10.609999656677246,10.710000038146973,10.420000076293945,10.65999984741211,3900300,0.0,0.0
2024-06-11 00:00:00-04:00,10.550000190734863,10.664999961853027,10.399999618530273,10.4399995803833,3769000,0.0,0.0
2024-06-12 00:00:00-04:00,10.704999923706055,11.079999923706055,10.199999809265137,10.199999809265137,4684400,0.0,0.0
2024-06-13 00:00:00-04:00,10.270000457763672,10.3100004196167,9.835000038146973,9.949999809265137,5944700,0.0,0.0
2024-06-14 00:00:00-04:00,9.819999694824219,10.010000228881836,9.789999961853027,10.0,3955000,0.0,0.0
2024-06-17 00:00:00-04:00,9.850000381469727,10.164999961853027,9.720000267028809,10.109999656677246,5705300,0.0,0.0
2024-06-18 00:00:00-04:00,10.09000015258789,10.279999732971191,9.984999656677246,10.09000015258789,5038700,0.0,0.0
2024-06-20 00:00:00-04:00,10.0,10.050000190734863,9.59000015258789,9.649999618530273,6916700,0.0,0.0
2024-06-21 00:00:00-04:00,9.670000076293945,9.890000343322754,9.619999885559082,9.710000038146973,11422800,0.0,0.0
2024-06-24 00:00:00-04:00,9.680000305175781,10.850000381469727,9.65999984741211,10.359999656677246,10320600,0.0,0.0
2024-06-25 00:00:00-04:00,10.239999771118164,10.25,9.739999771118164,9.75,8073000,0.0,0.0
2024-06-26 00:00:00-04:00,9.739999771118164,10.180000305175781,9.692999839782715,10.149999618530273,6409500,0.0,0.0
2024-06-27 00:00:00-04:00,10.079999923706055,10.229999542236328,9.789999961853027,10.140000343322754,7215400,0.0,0.0
2024-06-28 00:00:00-04:00,10.130000114440918,10.140000343322754,9.664999961853027,9.779999732971191,31542800,0.0,0.0
2024-07-01 00:00:00-04:00,9.800000190734863,9.9399995803833,9.3100004196167,9.319999694824219,6343800,0.0,0.0
2024-07-02 00:00:00-04:00,9.270000457763672,9.579999923706055,9.229999542236328,9.399999618530273,4901100,0.0,0.0
2024-07-03 00:00:00-04:00,9.399999618530273,9.460000038146973,9.220000267028809,9.229999542236328,2620300,0.0,0.0
2024-07-05 00:00:00-04:00,9.229999542236328,9.319999694824219,9.069999694824219,9.210000038146973,3843500,0.0,0.0
2024-07-08 00:00:00-04:00,9.260000228881836,9.319999694824219,9.079999923706055,9.260000228881836,4666900,0.0,0.0
2024-07-09 00:00:00-04:00,9.199999809265137,9.279999732971191,9.069999694824219,9.149999618530273,4587000,0.0,0.0
2024-07-10 00:00:00-04:00,9.170000076293945,9.180000305175781,8.729999542236328,8.949999809265137,7070500,0.0,0.0
2024-07-11 00:00:00-04:00,9.199999809265137,9.5,9.149999618530273,9.369999885559082,5805500,0.0,0.0
2024-07-12 00:00:00-04:00,9.479999542236328,9.609000205993652,9.1850004196167,9.390000343322754,5234100,0.0,0.0
2024-07-15 00:00:00-04:00,9.449999809265137,9.630000114440918,9.244999885559082,9.260000228881836,5068700,0.0,0.0
2024-07-16 00:00:00-04:00,9.40999984741211,10.130000114440918,9.40999984741211,10.09000015258789,9250900,0.0,0.0
2024-07-17 00:00:00-04:00,10.010000228881836,10.65999984741211,9.880000114440918,10.029999732971191,8493600,0.0,0.0
2024-07-18 00:00:00-04:00,10.020000457763672,10.300000190734863,9.289999961853027,9.3100004196167,7496100,0.0,0.0
2024-07-19 00:00:00-04:00,9.329999923706055,9.329999923706055,8.960000038146973,9.09000015258789,5703700,0.0,0.0
2024-07-22 00:00:00-04:00,9.149999618530273,9.220000267028809,8.989999771118164,9.1899995803833,5767900,0.0,0.0
2024-07-23 00:00:00-04:00,9.100000381469727,9.40999984741211,9.0600004196167,9.300000190734863,3970500,0.0,0.0
2024-07-24 00:00:00-04:00,9.220000267028809,9.505000114440918,9.050000190734863,9.229999542236328,5802800,0.0,0.0
2024-07-25 00:00:00-04:00,9.170000076293945,9.640000343322754,9.09000015258789,9.25,6344600,0.0,0.0
2024-07-26 00:00:00-04:00,9.420000076293945,9.59000015258789,9.255000114440918,9.369999885559082,5980900,0.0,0.0
2024-07-29 00:00:00-04:00,9.4399995803833,9.6850004196167,9.270000457763672,9.569999694824219,5449000,0.0,0.0
2024-07-30 00:00:00-04:00,9.609999656677246,9.805000305175781,9.40999984741211,9.729999542236328,10177800,0.0,0.0
2024-07-31 00:00:00-04:00,9.729999542236328,9.869999885559082,9.390000343322754,9.430000305175781,14153000,0.0,0.0
2024-08-01 00:00:00-04:00,8.130000114440918,9.0649995803833,8.130000114440918,8.59000015258789,20202000,0.0,0.0
2024-08-02 00:00:00-04:00,8.229999542236328,8.319999694824219,7.715000152587891,7.949999809265137,9417200,0.0,0.0
2024-08-05 00:00:00-04:00,7.320000171661377,7.809999942779541,7.309999942779541,7.599999904632568,8638000,0.0,0.0
2024-08-06 00:00:00-04:00,7.639999866485596,7.739999771118164,7.315000057220459,7.489999771118164,7849000,0.0,0.0
2024-08-07 00:00:00-04:00,7.599999904632568,7.670000076293945,7.150000095367432,7.159999847412109,7446800,0.0,0.0
2024-08-08 00:00:00-04:00,7.179999828338623,7.3979997634887695,7.144999980926514,7.210000038146973,6465000,0.0,0.0
2024-08-09 00:00:00-04:00,7.340000152587891,7.465000152587891,7.099999904632568,7.150000095367432,7071600,0.0,0.0
2024-08-12 00:00:00-04:00,7.139999866485596,7.199999809265137,6.840000152587891,6.869999885559082,5392500,0.0,0.0
2024-08-13 00:00:00-04:00,6.889999866485596,7.195000171661377,6.835000038146973,6.96999979019165,7192900,0.0,0.0
2024-08-14 00:00:00-04:00,6.989999771118164,7.03000020980835,6.769999980926514,6.789999961853027,4584300,0.0,0.0
2024-08-15 00:00:00-04:00,6.960000038146973,7.150000095367432,6.929999828338623,7.059999942779541,5089400,0.0,0.0
2024-08-16 00:00:00-04:00,6.960000038146973,7.130000114440918,6.929999828338623,7.110000133514404,4726400,0.0,0.0
2024-08-19 00:00:00-04:00,7.139999866485596,7.340000152587891,7.079999923706055,7.170000076293945,4408500,0.0,0.0
2024-08-20 00:00:00-04:00,7.159999847412109,7.309999942779541,7.110000133514404,7.199999809265137,3321600,0.0,0.0
2024-08-21 00:00:00-04:00,7.25,7.380000114440918,7.03000020980835,7.380000114440918,4778300,0.0,0.0
2024-08-22 00:00:00-04:00,7.400000095367432,7.505000114440918,7.079999923706055,7.110000133514404,4645900,0.0,0.0
2024-08-23 00:00:00-04:00,7.170000076293945,7.53000020980835,7.1519999504089355,7.420000076293945,5875500,0.0,0.0
2024-08-26 00:00:00-04:00,7.440000057220459,7.460000038146973,7.269999980926514,7.309999942779541,4223700,0.0,0.0
2024-08-27 00:00:00-04:00,7.269999980926514,7.289999961853027,7.099999904632568,7.119999885559082,3498900,0.0,0.0
2024-08-28 00:00:00-04:00,7.050000190734863,7.089000225067139,6.760000228881836,6.849999904632568,4873400,0.0,0.0
2024-08-29 00:00:00-04:00,6.980000019073486,7.210000038146973,6.894999980926514,7.099999904632568,4446600,0.0,0.0
2024-08-30 00:00:00-04:00,7.139999866485596,7.349999904632568,7.125,7.170000076293945,8654000,0.0,0.0
2024-09-03 00:00:00-04:00,7.105000019073486,7.449999809265137,6.980000019073486,7.380000114440918,12182900,0.0,0.0
2024-09-04 00:00:00-04:00,7.260000228881836,7.78000020980835,7.15500020980835,7.440000057220459,6438000,0.0,0.0
2024-09-05 00:00:00-04:00,7.449999809265137,7.820000171661377,7.434999942779541,7.670000076293945,4309200,0.0,0.0
2024-09-06 00:00:00-04:00,7.71999979019165,8.083000183105469,7.454999923706055,7.510000228881836,5342700,0.0,0.0
2024-09-09 00:00:00-04:00,7.559999942779541,7.585000038146973,7.114999771118164,7.190000057220459,6168000,0.0,0.0
2024-09-10 00:00:00-04:00,7.21999979019165,7.297999858856201,7.084000110626221,7.25,3196600,0.0,0.0
2024-09-11 00:00:00-04:00,7.179999828338623,7.309999942779541,7.019999980926514,7.300000190734863,3959600,0.0,0.0
2024-09-12 00:00:00-04:00,7.300000190734863,7.704999923706055,7.150000095367432,7.619999885559082,4233900,0.0,0.0
2024-09-13 00:00:00-04:00,7.769999980926514,8.140000343322754,7.75,8.09000015258789,4450600,0.0,0.0
2024-09-16 00:00:00-04:00,8.15999984741211,8.380000114440918,8.130000114440918,8.15999984741211,5024800,0.0,0.0
2024-09-17 00:00:00-04:00,8.90999984741211,9.210000038146973,8.739999771118164,9.109999656677246,11819200,0.0,0.0
2024-09-18 00:00:00-04:00,9.039999961853027,9.609999656677246,9.029999732971191,9.09000015258789,9583100,0.0,0.0
2024-09-19 00:00:00-04:00,9.289999961853027,9.604999542236328,9.140000343322754,9.180000305175781,5032400,0.0,0.0
2024-09-20 00:00:00-04:00,9.109999656677246,9.119999885559082,8.59000015258789,8.75,8761600,0.0,0.0
2024-09-23 00:00:00-04:00,8.770000457763672,8.805000305175781,8.5600004196167,8.670000076293945,4911800,0.0,0.0
2024-09-24 00:00:00-04:00,8.720000267028809,8.890000343322754,8.640000343322754,8.819999694824219,4241800,0.0,0.0
2024-09-25 00:00:00-04:00,8.8100004196167,8.829999923706055,8.46500015258789,8.470000267028809,6881800,0.0,0.0
2024-09-26 00:00:00-04:00,8.6899995803833,8.819999694824219,8.335000038146973,8.40999984741211,5535300,0.0,0.0
2024-09-27 00:00:00-04:00,8.579999923706055,8.640000343322754,8.40999984741211,8.460000038146973,4593500,0.0,0.0
2024-09-30 00:00:00-04:00,8.399999618530273,9.289999961853027,8.399999618530273,9.180000305175781,5072700,0.0,0.0
2024-10-01 00:00:00-04:00,9.15999984741211,9.229999542236328,8.84000015258789,8.859999656677246,4755200,0.0,0.0
2024-10-02 00:00:00-04:00,8.729999542236328,8.789999961853027,8.579999923706055,8.729999542236328,4006600,0.0,0.0
2024-10-03 00:00:00-04:00,8.6899995803833,8.760000228881836,8.59000015258789,8.680000305175781,2865200,0.0,0.0
2024-10-04 00:00:00-04:00,8.949999809265137,9.055000305175781,8.71500015258789,9.039999961853027,2511200,0.0,0.0
2024-10-07 00:00:00-04:00,9.050000190734863,9.100000381469727,8.550999641418457,8.640000343322754,5018500,0.0,0.0
2024-10-08 00:00:00-04:00,8.640000343322754,8.890000343322754,8.520000457763672,8.710000038146973,2660100,0.0,0.0
2024-10-09 00:00:00-04:00,8.720000267028809,9.270000457763672,8.6899995803833,9.220000267028809,4089700,0.0,0.0
2024-10-10 00:00:00-04:00,9.09000015258789,9.539999961853027,8.989999771118164,9.489999771118164,4308800,0.0,0.0
2024-10-11 00:00:00-04:00,9.449999809265137,9.5600004196167,9.199999809265137,9.199999809265137,4526100,0.0,0.0
2024-10-14 00:00:00-04:00,9.180000305175781,9.1899995803833,8.850000381469727,9.0,5673700,0.0,0.0
2024-10-15 00:00:00-04:00,9.0,9.744999885559082,8.930000305175781,9.510000228881836,5887700,0.0,0.0
2024-10-16 00:00:00-04:00,9.649999618530273,9.859999656677246,9.449999809265137,9.779999732971191,4641700,0.0,0.0
2024-10-17 00:00:00-04:00,9.779999732971191,9.779999732971191,9.210000038146973,9.510000228881836,4294900,0.0,0.0
2024-10-18 00:00:00-04:00,9.619999885559082,9.890000343322754,9.529999732971191,9.84000015258789,3230300,0.0,0.0
2024-10-21 00:00:00-04:00,9.75,9.8100004196167,9.1899995803833,9.300000190734863,5718700,0.0,0.0
2024-10-22 00:00:00-04:00,9.289999961853027,9.40999984741211,8.833999633789062,9.010000228881836,4365500,0.0,0.0
2024-10-23 00:00:00-04:00,9.0,9.114999771118164,8.5600004196167,8.680000305175781,5081700,0.0,0.0
2024-10-24 00:00:00-04:00,8.8100004196167,8.9399995803833,8.59000015258789,8.600000381469727,3055300,0.0,0.0
2024-10-25 00:00:00-04:00,8.649999618530273,8.789999961853027,8.5,8.569999694824219,3834100,0.0,0.0
2024-10-28 00:00:00-04:00,8.680000305175781,9.350000381469727,8.649999618530273,9.180000305175781,4847700,0.0,0.0
2024-10-29 00:00:00-04:00,9.140000343322754,9.279999732971191,8.880000114440918,8.920000076293945,3237300,0.0,0.0
2024-10-30 00:00:00-04:00,8.960000038146973,9.279999732971191,8.84000015258789,8.859999656677246,7944400,0.0,0.0
2024-10-31 00:00:00-04:00,9.369999885559082,9.949999809265137,8.539999961853027,9.0,14171600,0.0,0.0
2024-11-01 00:00:00-04:00,9.079999923706055,9.550000190734863,8.8100004196167,9.210000038146973,6593900,0.0,0.0
2024-11-04 00:00:00-05:00,9.199999809265137,9.210000038146973,8.3100004196167,8.869999885559082,9947100,0.0,0.0
2024-11-05 00:00:00-05:00,8.880000114440918,9.220000267028809,8.635000228881836,9.149999618530273,5938700,0.0,0.0
2024-11-06 00:00:00-05:00,9.489999771118164,9.664999961853027,9.229999542236328,9.4399995803833,7161500,0.0,0.0
2024-11-07 00:00:00-05:00,9.40999984741211,9.5649995803833,9.130000114440918,9.510000228881836,5517100,0.0,0.0
2024-11-08 00:00:00-05:00,9.5,9.529999732971191,9.180000305175781,9.229999542236328,3857200,0.0,0.0
2024-11-11 00:00:00-05:00,9.479999542236328,10.128999710083008,9.449999809265137,9.8100004196167,8460000,0.0,0.0
2024-11-12 00:00:00-05:00,9.630000114440918,10.119999885559082,9.5,9.699999809265137,5723500,0.0,0.0
2024-11-13 00:00:00-05:00,9.770000457763672,10.100000381469727,9.420000076293945,9.569999694824219,5049400,0.0,0.0
2024-11-14 00:00:00-05:00,9.460000038146973,9.460000038146973,8.925000190734863,8.960000038146973,4741600,0.0,0.0
2024-11-15 00:00:00-05:00,9.65999984741211,9.6899995803833,8.739999771118164,9.210000038146973,11492200,0.0,0.0
2024-11-18 00:00:00-05:00,9.390000343322754,9.479999542236328,8.949999809265137,9.050000190734863,4711000,0.0,0.0
2024-11-19 00:00:00-05:00,8.920000076293945,9.050000190734863,8.725000381469727,8.930000305175781,3353400,0.0,0.0
2024-11-20 00:00:00-05:00,8.850000381469727,9.010000228881836,8.699999809265137,9.0,3484500,0.0,0.0
2024-11-21 00:00:00-05:00,9.100000381469727,10.449999809265137,9.050000190734863,10.399999618530273,10447500,0.0,0.0
2024-11-22 00:00:00-05:00,10.640000343322754,10.9399995803833,10.329999923706055,10.619999885559082,6991600,0.0,0.0
2024-11-25 00:00:00-05:00,11.168999671936035,12.390000343322754,11.100000381469727,12.020000457763672,14581600,0.0,0.0
2024-11-26 00:00:00-05:00,11.800000190734863,11.977999687194824,11.305000305175781,11.369999885559082,6427400,0.0,0.0
2024-11-27 00:00:00-05:00,11.609999656677246,11.880000114440918,11.414999961853027,11.430000305175781,3436800,0.0,0.0
2024-11-29 00:00:00-05:00,11.529999732971191,11.989999771118164,11.5,11.979999542236328,3303800,0.0,0.0
2024-12-02 00:00:00-05:00,12.100000381469727,12.430000305175781,11.46500015258789,11.5,7488800,0.0,0.0
2024-12-03 00:00:00-05:00,11.319999694824219,11.319999694824219,10.890000343322754,10.949999809265137,6450600,0.0,0.0
2024-12-04 00:00:00-05:00,10.949999809265137,11.460000038146973,10.869999885559082,11.020000457763672,4677900,0.0,0.0
2024-12-05 00:00:00-05:00,10.989999771118164,11.220000267028809,10.762999534606934,10.789999961853027,5102400,0.0,0.0
2024-12-06 00:00:00-05:00,10.9399995803833,11.274999618530273,10.869999885559082,11.0,3518600,0.0,0.0
2024-12-09 00:00:00-05:00,11.09000015258789,11.210000038146973,10.470000267028809,10.6899995803833,4980100,0.0,0.0
2024-12-10 00:00:00-05:00,10.710000038146973,10.835000038146973,10.279999732971191,10.600000381469727,4967600,0.0,0.0
2024-12-11 00:00:00-05:00,10.6899995803833,10.729999542236328,10.329999923706055,10.579999923706055,4565200,0.0,0.0
2024-12-12 00:00:00-05:00,10.5,10.619999885559082,10.15999984741211,10.199999809265137,3710900,0.0,0.0
2024-12-13 00:00:00-05:00,10.199999809265137,10.520000457763672,9.831000328063965,10.420000076293945,4471400,0.0,0.0
2024-12-16 00:00:00-05:00,10.319999694824219,10.875,10.220000267028809,10.680000305175781,3549800,0.0,0.0
2024-12-17 00:00:00-05:00,10.609999656677246,10.789999961853027,9.9399995803833,10.069999694824219,5266700,0.0,0.0
2024-12-18 00:00:00-05:00,10.069999694824219,10.380000114440918,9.357000350952148,9.460000038146973,4299400,0.0,0.0
2024-12-19 00:00:00-05:00,9.479999542236328,9.640000343322754,8.920000076293945,8.970000267028809,5446000,0.0,0.0
2024-12-20 00:00:00-05:00,8.75,9.489999771118164,8.75,9.4399995803833,6420900,0.0,0.0
2024-12-23 00:00:00-05:00,9.399999618530273,9.489999771118164,9.079999923706055,9.119999885559082,3544500,0.0,0.0
2024-12-24 00:00:00-05:00,9.180000305175781,9.289999961853027,9.0,9.260000228881836,1953500,0.0,0.0
2024-12-26 00:00:00-05:00,9.095000267028809,9.569999694824219,8.954999923706055,9.529999732971191,3468800,0.0,0.0
2024-12-27 00:00:00-05:00,9.460000038146973,9.600000381469727,9.229999542236328,9.449999809265137,3531400,0.0,0.0
2024-12-30 00:00:00-05:00,9.234999656677246,9.345000267028809,8.970000267028809,9.3100004196167,4189200,0.0,0.0
2024-12-31 00:00:00-05:00,9.350000381469727,9.510000228881836,9.085000038146973,9.09000015258789,3672100,0.0,0.0
2025-01-02 00:00:00-05:00,9.399999618530273,9.75,9.28499984741211,9.520000457763672,2966100,0.0,0.0
2025-01-03 00:00:00-05:00,9.550000190734863,9.638999938964844,9.100000381469727,9.520000457763672,3605200,0.0,0.0
2025-01-06 00:00:00-05:00,9.699999809265137,10.140000343322754,9.635000228881836,9.930000305175781,3761800,0.0,0.0
2025-01-07 00:00:00-05:00,10.109999656677246,10.609999656677246,9.805000305175781,9.989999771118164,4485900,0.0,0.0
2025-01-08 00:00:00-05:00,9.779999732971191,9.854999542236328,9.5600004196167,9.779999732971191,2805100,0.0,0.0
2025-01-10 00:00:00-05:00,9.5,9.979999542236328,9.4399995803833,9.869999885559082,3584000,0.0,0.0
2025-01-13 00:00:00-05:00,9.760000228881836,9.760000228881836,9.199999809265137,9.699999809265137,3660300,0.0,0.0
2025-01-14 00:00:00-05:00,10.359999656677246,10.4399995803833,9.239999771118164,9.359999656677246,9787900,0.0,0.0
2025-01-15 00:00:00-05:00,9.729999542236328,9.779999732971191,9.125,9.350000381469727,4401100,0.0,0.0
2025-01-16 00:00:00-05:00,9.34000015258789,9.369999885559082,9.085000038146973,9.15999984741211,3419100,0.0,0.0
2025-01-17 00:00:00-05:00,9.319999694824219,9.380000114440918,9.079999923706055,9.09000015258789,3052900,0.0,0.0
2025-01-21 00:00:00-05:00,9.020000457763672,9.604999542236328,9.020000457763672,9.5,3877100,0.0,0.0
2025-01-22 00:00:00-05:00,9.470000267028809,10.210000038146973,9.420000076293945,9.880000114440918,5871600,0.0,0.0
2025-01-23 00:00:00-05:00,9.800000190734863,10.199999809265137,9.5600004196167,10.140000343322754,4593900,0.0,0.0
2025-01-24 00:00:00-05:00,10.149999618530273,10.4399995803833,10.045000076293945,10.09000015258789,3188100,0.0,0.0
2025-01-27 00:00:00-05:00,9.949999809265137,10.375,9.899999618530273,10.210000038146973,4053200,0.0,0.0
2025-01-28 00:00:00-05:00,10.279999732971191,10.670000076293945,10.133999824523926,10.520000457763672,3974100,0.0,0.0
2025-01-29 00:00:00-05:00,10.5,10.609999656677246,10.300000190734863,10.350000381469727,2703300,0.0,0.0
2025-01-30 00:00:00-05:00,10.579999923706055,10.680000305175781,10.15999984741211,10.34000015258789,3435800,0.0,0.0
2025-01-31 00:00:00-05:00,10.34000015258789,10.420000076293945,10.029999732971191,10.15999984741211,3355000,0.0,0.0
2025-02-03 00:00:00-05:00,9.789999961853027,10.194999694824219,9.720000267028809,10.050000190734863,3466200,0.0,0.0
2025-02-04 00:00:00-05:00,10.109999656677246,10.770000457763672,10.079999923706055,10.399999618530273,3414900,0.0,0.0
2025-02-05 00:00:00-05:00,10.5,11.4399995803833,10.470000267028809,11.0,7380000,0.0,0.0
2025-02-06 00:00:00-05:00,11.109999656677246,12.670000076293945,10.8100004196167,11.970000267028809,18602300,0.0,0.0
2025-02-07 00:00:00-05:00,12.359999656677246,13.239999771118164,12.029999732971191,12.949999809265137,15396400,0.0,0.0
2025-02-10 00:00:00-05:00,13.569999694824219,14.75,12.972000122070312,13.859999656677246,17136800,0.0,0.0
2025-02-11 00:00:00-05:00,13.59000015258789,13.869999885559082,12.890000343322754,13.039999961853027,8376000,0.0,0.0
2025-02-12 00:00:00-05:00,12.859999656677246,13.170000076293945,12.270000457763672,12.550000190734863,8454500,0.0,0.0
2025-02-13 00:00:00-05:00,12.720000267028809,13.670000076293945,12.550000190734863,13.510000228881836,10467000,0.0,0.0
2025-02-14 00:00:00-05:00,14.239999771118164,15.210000038146973,13.470000267028809,14.329999923706055,20865000,0.0,0.0
2025-02-18 00:00:00-05:00,14.479999542236328,14.609999656677246,13.0,13.109999656677246,16577000,0.0,0.0
2025-02-19 00:00:00-05:00,13.0,14.069999694824219,12.029999732971191,13.770000457763672,27990700,0.0,0.0
2025-02-20 00:00:00-05:00,13.569999694824219,13.600000381469727,12.020000457763672,12.6899995803833,17217700,0.0,0.0
2025-02-21 00:00:00-05:00,12.399999618530273,12.6850004196167,11.335000038146973,11.510000228881836,14273500,0.0,0.0
2025-02-24 00:00:00-05:00,11.460000038146973,11.899999618530273,11.119999885559082,11.390000343322754,7447500,0.0,0.0
2025-02-25 00:00:00-05:00,11.229999542236328,11.520000457763672,10.930000305175781,11.180000305175781,8372800,0.0,0.0
2025-02-26 00:00:00-05:00,11.239999771118164,11.550000190734863,10.800000190734863,10.989999771118164,10736500,0.0,0.0
2025-02-27 00:00:00-05:00,9.899999618530273,10.020000457763672,8.819999694824219,9.5,21303300,0.0,0.0
2025-02-28 00:00:00-05:00,9.229999542236328,9.600000381469727,8.970000267028809,9.5600004196167,8293900,0.0,0.0
2025-03-03 00:00:00-05:00,9.550000190734863,9.9350004196167,9.350000381469727,9.430000305175781,8415700,0.0,0.0
2025-03-04 00:00:00-05:00,9.029999732971191,9.456000328063965,8.8100004196167,9.199999809265137,8408900,0.0,0.0
2025-03-05 00:00:00-05:00,9.145000457763672,9.319999694824219,8.8149995803833,9.029999732971191,6868700,0.0,0.0
2025-03-06 00:00:00-05:00,9.25,9.904999732971191,9.069999694824219,9.390000343322754,13596900,0.0,0.0
2025-03-07 00:00:00-05:00,9.109999656677246,9.460000038146973,8.90999984741211,9.149999618530273,6637700,0.0,0.0
2025-03-10 00:00:00-04:00,8.930000305175781,9.149999618530273,8.619999885559082,8.930000305175781,7755900,0.0,0.0
2025-03-11 00:00:00-04:00,8.774999618530273,9.199999809265137,8.760000228881836,9.0,6078500,0.0,0.0
2025-03-12 00:00:00-04:00,9.149999618530273,9.239999771118164,8.699999809265137,8.880000114440918,7164000,0.0,0.0
2025-03-13 00:00:00-04:00,8.9399995803833,8.949999809265137,8.479999542236328,8.489999771118164,5933500,0.0,0.0
2025-03-14 00:00:00-04:00,8.619999885559082,8.704999923706055,8.470000267028809,8.619999885559082,4798200,0.0,0.0
2025-03-17 00:00:00-04:00,8.529999732971191,8.899999618530273,8.510000228881836,8.869999885559082,6674400,0.0,0.0
2025-03-18 00:00:00-04:00,8.829999923706055,8.829999923706055,8.354999542236328,8.390000343322754,5338700,0.0,0.0
2025-03-19 00:00:00-04:00,8.359999656677246,8.574999809265137,8.300000190734863,8.489999771118164,5819400,0.0,0.0
2025-03-20 00:00:00-04:00,8.279999732971191,8.53499984741211,8.149999618530273,8.170000076293945,4715100,0.0,0.0
2025-03-21 00:00:00-04:00,8.010000228881836,8.510000228881836,7.940000057220459,8.40999984741211,6776300,0.0,0.0
2025-03-24 00:00:00-04:00,8.510000228881836,8.880000114440918,8.505000114440918,8.819999694824219,4256800,0.0,0.0
2025-03-25 00:00:00-04:00,8.819999694824219,8.854999542236328,8.539999961853027,8.640000343322754,4196600,0.0,0.0
2025-03-26 00:00:00-04:00,8.680000305175781,8.710000038146973,8.479999542236328,8.640000343322754,3868900,0.0,0.0
2025-03-27 00:00:00-04:00,8.609999656677246,8.62600040435791,8.399999618530273,8.5600004196167,4201000,0.0,0.0
2025-03-28 00:00:00-04:00,8.5,8.510000228881836,8.0649995803833,8.09000015258789,4322900,0.0,0.0
2025-03-31 00:00:00-04:00,7.75,8.15999984741211,7.670000076293945,7.960000038146973,4325600,0.0,0.0
2025-04-01 00:00:00-04:00,7.849999904632568,8.09000015258789,7.690000057220459,7.760000228881836,6169300,0.0,0.0
2025-04-02 00:00:00-04:00,7.599999904632568,7.954999923706055,7.554999828338623,7.789999961853027,5085400,0.0,0.0
2025-04-03 00:00:00-04:00,7.28000020980835,7.670000076293945,7.21999979019165,7.53000020980835,6519300,0.0,0.0
2025-04-04 00:00:00-04:00,7.284999847412109,7.380000114440918,6.760000228881836,7.289999961853027,7761800,0.0,0.0
2025-04-07 00:00:00-04:00,6.940000057220459,7.563000202178955,6.610000133514404,7.230000019073486,8984200,0.0,0.0
2025-04-08 00:00:00-04:00,7.5,7.550000190734863,6.960000038146973,7.159999847412109,6116500,0.0,0.0
2025-04-09 00:00:00-04:00,7.03000020980835,8.0600004196167,6.889999866485596,7.880000114440918,7045400,0.0,0.0
2025-04-10 00:00:00-04:00,7.590000152587891,7.625,7.050000190734863,7.239999771118164,6021700,0.0,0.0
2025-04-11 00:00:00-04:00,7.090000152587891,7.260000228881836,6.920000076293945,7.25,5040800,0.0,0.0
2025-04-14 00:00:00-04:00,7.400000095367432,7.420000076293945,7.125,7.239999771118164,3328100,0.0,0.0
