Date,Open,High,Low,Close,Volume,Dividends,Stock Splits
2020-04-27 00:00:00-04:00,272.4505140281422,275.84208574219514,270.0531923532866,273.166015625,3706200,0.0,0.0
2020-04-28 00:00:00-04:00,276.9014039610625,277.1337037966003,265.39791156812424,267.94390869140625,3862900,0.0,0.0
2020-04-29 00:00:00-04:00,271.3261714363314,272.0230708492671,265.8439017259518,267.2841491699219,4258400,0.0,0.0
2020-04-30 00:00:00-04:00,266.35496243212987,274.113781931052,265.304962730339,271.7629089355469,7631700,0.0,0.0
2020-05-01 00:00:00-04:00,267.971752260463,268.5385501217228,259.804083920633,264.366455078125,3526100,0.0,0.0
2020-05-04 00:00:00-04:00,264.3478712277724,267.55361980925034,262.1363725955538,267.18194580078125,2894200,0.0,0.0
2020-05-05 00:00:00-04:00,269.4306222849005,275.04299402176656,266.94967602275074,272.2925720214844,2501300,0.0,0.0
2020-05-06 00:00:00-04:00,274.2067068042325,276.6040284136802,268.0182363409329,268.3248596191406,2579200,0.0,0.0
2020-05-07 00:00:00-04:00,270.4527223408222,271.59564758837223,264.3757515102625,264.82177734375,3162300,0.0,0.0
2020-05-08 00:00:00-04:00,268.9938111970337,269.4677117643456,265.43499148076967,266.68011474609375,3200000,0.0,0.0
2020-05-11 00:00:00-04:00,265.34206039792866,269.5606317378678,265.0633120446541,268.2504577636719,3490700,0.0,0.0
2020-05-12 00:00:00-04:00,271.1125086212899,272.3948083771822,267.3306884765625,267.3306884765625,4214300,0.0,0.0
2020-05-13 00:00:00-04:00,264.3478766679764,266.12265057861805,256.0501344501972,258.3173828125,5474100,0.0,0.0
2020-05-14 00:00:00-04:00,256.393938434498,271.7443279646746,256.12449107298016,270.0345764160156,5704600,0.0,0.0
2020-05-15 00:00:00-04:00,271.70718315311115,278.7598027601124,270.1368339956761,270.3598327636719,12182800,0.0,0.0
2020-05-18 00:00:00-04:00,277.3473671256035,278.4995649750639,271.3447203159589,272.58984375,4015100,0.0,0.0
2020-05-19 00:00:00-04:00,270.15546300386353,273.7700627965968,268.427165484741,268.5851135253906,3059400,0.0,0.0
2020-05-20 00:00:00-04:00,272.1624385897153,272.1624385897153,266.4014205938956,267.6000671386719,3200600,0.0,0.0
2020-05-21 00:00:00-04:00,265.7882196647665,269.5886420274048,264.75679352560735,266.59661865234375,3604900,0.0,0.0
2020-05-22 00:00:00-04:00,266.9589183274499,269.69076623899053,264.62664762242713,269.4120178222656,2922800,0.0,0.0
2020-05-26 00:00:00-04:00,275.50747121274276,275.9999454907526,271.79067564832127,274.011474609375,4567800,0.0,0.0
2020-05-27 00:00:00-04:00,276.36245530794133,282.2907227438054,270.21113241093707,282.2628479003906,5618900,0.0,0.0
2020-05-28 00:00:00-04:00,284.288432543768,287.7357527380265,281.8167599126519,282.4486083984375,4387700,0.0,0.0
2020-05-29 00:00:00-04:00,283.145556999162,286.5371281160021,279.5495609416323,283.266357421875,6251500,0.0,0.0
2020-06-01 00:00:00-04:00,282.4951539567938,284.3164049565079,279.2801323986306,284.2699279785156,2894000,0.0,0.0
2020-06-02 00:00:00-04:00,283.94472114996,286.28632162949276,280.3673263851865,284.623046875,2756800,0.0,0.0
2020-06-03 00:00:00-04:00,286.0539855992412,288.16325762052867,281.30576283860387,283.7309875488281,4360000,0.0,0.0
2020-06-04 00:00:00-04:00,281.71469207127683,282.91336734267117,273.45412342411737,276.97576904296875,4374300,0.0,0.0
2020-06-05 00:00:00-04:00,282.476592670634,292.0287605253513,279.2243950576497,289.77081298828125,5554300,0.0,0.0
2020-06-08 00:00:00-04:00,286.78810995764087,293.47832847256643,286.12835798154526,287.5686340332031,4635500,0.0,0.0
2020-06-09 00:00:00-04:00,287.95886831571966,290.5141664875961,285.57081921852495,287.3177185058594,3061500,0.0,0.0
2020-06-10 00:00:00-04:00,287.0668089091778,288.3398073017597,281.4172617793083,284.1026611328125,3296100,0.0,0.0
2020-06-11 00:00:00-04:00,281.88191442665754,281.88191442665754,260.9191783759308,263.6417541503906,6638900,0.0,0.0
2020-06-12 00:00:00-04:00,270.0717468178368,273.27749546005987,258.9678331860299,264.9611511230469,5416800,0.0,0.0
2020-06-15 00:00:00-04:00,258.3359742866888,266.68019405120424,254.33112764806162,266.01116943359375,4494600,0.0,0.0
2020-06-16 00:00:00-04:00,274.5226502277707,276.50184932266563,267.08905564452624,272.2554016113281,4245400,0.0,0.0
2020-06-17 00:00:00-04:00,274.20669556033283,274.20669556033283,270.6106991151604,271.8836975097656,2538000,0.0,0.0
2020-06-18 00:00:00-04:00,269.86737172317083,271.1217965696181,266.30855054058657,270.8430480957031,2926600,0.0,0.0
2020-06-19 00:00:00-04:00,274.7624058697072,276.7127928423077,271.4775480967546,271.7854919433594,5172800,1.25,0.0
2020-06-22 00:00:00-04:00,270.432310794161,273.4278778642097,267.138112585675,273.11993408203125,2174100,0.0,0.0
2020-06-23 00:00:00-04:00,274.3704536906124,279.2884130409704,271.6268402866226,277.72064208984375,4023400,0.0,0.0
2020-06-24 00:00:00-04:00,274.35188641375487,277.25415774549384,266.4943461174634,269.8631896972656,3399900,0.0,0.0
2020-06-25 00:00:00-04:00,269.023271201942,276.95548229844326,266.9515631646352,276.4328918457031,3112500,0.0,0.0
2020-06-26 00:00:00-04:00,275.42498603093554,276.7687694127915,266.7275449532191,267.71673583984375,5043200,0.0,0.0
2020-06-29 00:00:00-04:00,269.18189713585497,272.7560451958223,267.47412299410314,270.4043884277344,2356700,0.0,0.0
2020-06-30 00:00:00-04:00,269.2939126999119,276.6475436841701,268.44469607822276,275.24774169921875,2932900,0.0,0.0
2020-07-01 00:00:00-04:00,276.0689357131606,280.3336726075397,275.5183503483591,277.842041015625,2303800,0.0,0.0
2020-07-02 00:00:00-04:00,280.427032029029,282.83467920751553,277.3287964208916,278.336669921875,1971700,0.0,0.0
2020-07-06 00:00:00-04:00,282.75998263740166,283.21724214289463,279.335121472038,282.5826721191406,2395000,0.0,0.0
2020-07-07 00:00:00-04:00,280.5762829784639,283.2825608279455,276.1809131945557,276.8341369628906,2075700,0.0,0.0
2020-07-08 00:00:00-04:00,277.487387260678,280.7722452883925,275.92892869925146,278.4299011230469,1987400,0.0,0.0
2020-07-09 00:00:00-04:00,275.3876916288883,278.6072188195694,268.2953565088461,271.71087646484375,3061700,0.0,0.0
2020-07-10 00:00:00-04:00,274.5851310409028,274.5851310409028,267.92208881934636,271.7762145996094,2391600,0.0,0.0
2020-07-13 00:00:00-04:00,272.57879857483744,284.17848535746543,272.2801672863157,279.6897888183594,4263300,0.0,0.0
2020-07-14 00:00:00-04:00,277.91664747369913,289.04973096995275,276.89012045648735,287.9112243652344,4234900,0.0,0.0
2020-07-15 00:00:00-04:00,281.00555929140023,289.936302198454,278.70989216236325,283.7585144042969,5116900,0.0,0.0
2020-07-16 00:00:00-04:00,284.6357156461615,290.0856073998248,282.9092876786709,286.63275146484375,3844500,0.0,0.0
2020-07-17 00:00:00-04:00,288.44310000010023,290.1975224752326,285.79281251944496,286.0541076660156,3016500,0.0,0.0
2020-07-20 00:00:00-04:00,286.29684642294325,287.98593856618606,282.1814251053984,283.18927001953125,2375500,0.0,0.0
2020-07-21 00:00:00-04:00,284.6543908507513,286.4927985473668,282.86263182742834,284.7290344238281,2340200,0.0,0.0
2020-07-22 00:00:00-04:00,284.4956791694503,286.40875854881284,281.6494271511064,286.22210693359375,1935800,0.0,0.0
2020-07-23 00:00:00-04:00,287.6125855161294,287.89253444974935,281.1454803591382,282.73193359375,2367700,0.0,0.0
2020-07-24 00:00:00-04:00,283.06785034801464,283.95440270074306,279.2417489832748,280.6975402832031,2415700,0.0,0.0
2020-07-27 00:00:00-04:00,278.4951519019151,281.94800679896156,277.5059611759785,278.65380859375,2060500,0.0,0.0
2020-07-28 00:00:00-04:00,277.9913399631246,281.26685705475603,277.356741455514,279.8950500488281,2257400,0.0,0.0
2020-07-29 00:00:00-04:00,281.3228411624739,289.0590875076747,279.96037531009654,286.19415283203125,2672700,0.0,0.0
2020-07-30 00:00:00-04:00,281.5281523391445,285.98885327122474,278.92454130038055,284.8410339355469,2205300,0.0,0.0
2020-07-31 00:00:00-04:00,283.17060377336026,283.450552770777,278.14063511377316,282.5546875,3913500,0.0,0.0
2020-08-03 00:00:00-04:00,283.3105698598864,284.54240237003086,279.21383109776536,283.3292236328125,2628500,0.0,0.0
2020-08-04 00:00:00-04:00,281.7426508489556,288.22837918119626,280.02556483159435,284.1596374511719,3594900,0.0,0.0
2020-08-05 00:00:00-04:00,286.3341131269879,292.0546410688383,284.64502122468815,291.5973815917969,2982200,0.0,0.0
2020-08-06 00:00:00-04:00,291.1588148148724,295.11557933880596,289.6656869918078,293.0812072753906,3305300,0.0,0.0
2020-08-07 00:00:00-04:00,292.4092985671536,297.6912214626278,292.4092985671536,295.8528137207031,2600800,0.0,0.0
2020-08-10 00:00:00-04:00,295.8247568037892,299.0629658486578,294.4995986747115,297.78448486328125,2563600,0.0,0.0
2020-08-11 00:00:00-04:00,301.34939767820157,302.8891742364902,293.64114528075703,294.4716796875,3018200,0.0,0.0
2020-08-12 00:00:00-04:00,296.758008106519,301.69465086959286,296.4220693144523,300.7427673339844,2915800,0.0,0.0
2020-08-13 00:00:00-04:00,299.2589306327532,300.369442252434,296.6086428490144,300.0428161621094,2159500,0.0,0.0
2020-08-14 00:00:00-04:00,299.1283509988624,302.2918885790212,297.43925893365696,302.0772705078125,1787200,0.0,0.0
2020-08-17 00:00:00-04:00,299.97758385741463,302.17058423577333,298.01785533635075,299.1003723144531,2772500,0.0,0.0
2020-08-18 00:00:00-04:00,300.4721545417159,301.1160656949992,294.620964364406,295.6474914550781,2520000,0.0,0.0
2020-08-19 00:00:00-04:00,295.6101155295106,298.1484237751751,294.12632913106154,294.3316345214844,2066700,0.0,0.0
2020-08-20 00:00:00-04:00,293.7997653891336,294.21971738381967,291.16815925398026,292.39996337890625,2245600,0.0,0.0
2020-08-21 00:00:00-04:00,290.48691313689335,294.2197185118105,289.3764012595319,293.1558837890625,2488500,0.0,0.0
2020-08-24 00:00:00-04:00,295.6474844542276,295.73146914887894,286.01684076095154,288.2098693847656,2922200,0.0,0.0
2020-08-25 00:00:00-04:00,291.3454209358121,291.4947080636453,287.23931294439797,291.36407470703125,1879300,0.0,0.0
2020-08-26 00:00:00-04:00,290.2069413059729,290.5615338663101,283.3292240210958,288.19122314453125,3178900,0.0,0.0
2020-08-27 00:00:00-04:00,289.6749874546782,293.7437310103506,285.08362502710906,290.850830078125,2321000,0.0,0.0
2020-08-28 00:00:00-04:00,291.4760252880856,294.7235753365798,288.33114216868057,293.37042236328125,2883500,0.0,0.0
2020-08-31 00:00:00-04:00,293.85577423285105,298.21380840313196,291.6627454581168,291.67205810546875,4341600,0.0,0.0
2020-09-01 00:00:00-04:00,289.4417180912384,293.6971137330604,289.29240246602876,291.933349609375,2487100,0.0,0.0
2020-09-02 00:00:00-04:00,291.68143898543786,299.8189566584493,291.68143898543786,298.8484191894531,2846500,0.0,0.0
2020-09-03 00:00:00-04:00,300.4907613953567,302.1891942729952,292.77319836601043,295.106201171875,3872500,0.0,0.0
2020-09-04 00:00:00-04:00,295.33956566611784,296.59936467196366,286.1475269166419,291.1588134765625,2901000,0.0,0.0
2020-09-08 00:00:00-04:00,290.25360457651,290.65487430797265,283.53454370042834,286.7261047363281,2594500,0.0,0.0
2020-09-09 00:00:00-04:00,288.9937418009966,294.25701025751204,287.81792765059424,291.17742919921875,2195600,0.0,0.0
2020-09-10 00:00:00-04:00,291.84004368152597,293.4358098805265,283.4318911179847,284.25311279296875,2421200,0.0,0.0
2020-09-11 00:00:00-04:00,285.86478701217254,287.16726679707034,278.5745662739699,282.50079345703125,3085900,1.25,0.0
2020-09-14 00:00:00-04:00,283.93455345024074,291.53398909616214,283.93455345024074,289.14453125,1795500,0.0,0.0
2020-09-15 00:00:00-04:00,290.5312740246052,291.8525131036583,286.7830877906021,287.8888244628906,1468300,0.0,0.0
2020-09-16 00:00:00-04:00,289.61302747823163,292.5928290907042,286.92370805208463,287.2235412597656,3438200,0.0,0.0
2020-09-17 00:00:00-04:00,285.3307248599977,288.0294239759689,283.09116948375896,285.780517578125,2394100,0.0,0.0
2020-09-18 00:00:00-04:00,285.80862869654294,290.8499446163677,284.6466713203135,288.6291198730469,3795400,0.0,0.0
2020-09-21 00:00:00-04:00,281.55439899825143,281.61061950772853,273.2990205654343,280.35498046875,4124700,0.0,0.0
2020-09-22 00:00:00-04:00,279.6521686768511,281.6949232489416,274.47968212639677,275.7353210449219,3163600,0.0,0.0
2020-09-23 00:00:00-04:00,276.428718570991,277.4594754442625,273.45826857207084,273.748779296875,3709900,0.0,0.0
2020-09-24 00:00:00-04:00,273.7955794965256,276.36307738408925,271.40612270590543,274.2359924316406,2869100,0.0,0.0
2020-09-25 00:00:00-04:00,272.91482947483536,284.17811961030543,272.8867192199469,283.45660400390625,2455800,0.0,0.0
2020-09-28 00:00:00-04:00,287.10175708978164,290.49386162684857,283.76584447157614,284.14068603515625,2575700,0.0,0.0
2020-09-29 00:00:00-04:00,284.5529520006794,286.26773468660207,281.7511632369231,285.0027160644531,1797800,0.0,0.0
2020-09-30 00:00:00-04:00,284.8809240500692,294.71991428301476,284.8528137932595,292.1430358886719,3497300,0.0,0.0
2020-10-01 00:00:00-04:00,293.211336160795,295.3290712135577,289.68803081915104,293.36126708984375,2731200,0.0,0.0
2020-10-02 00:00:00-04:00,292.4522237214792,297.4092078041867,288.94765030179656,292.33978271484375,2338000,0.0,0.0
2020-10-05 00:00:00-04:00,295.2353077008504,298.37441983396246,293.40805521543416,298.12139892578125,1638600,0.0,0.0
2020-10-06 00:00:00-04:00,298.87100631835824,300.1359962742528,293.75471160434864,294.654296875,2434400,0.0,0.0
2020-10-07 00:00:00-04:00,295.9380798222121,304.2965199249907,295.9380798222121,302.82537841796875,2596600,0.0,0.0
2020-10-08 00:00:00-04:00,303.0689056808781,304.86804732393335,300.7825102119305,302.1131286621094,2056700,0.0,0.0
2020-10-09 00:00:00-04:00,304.22152342368054,307.5105658252255,303.5281181569988,307.2013244628906,2028900,0.0,0.0
2020-10-12 00:00:00-04:00,308.4007398622203,312.56122861475626,308.29767847336785,309.1972351074219,2424200,0.0,0.0
2020-10-13 00:00:00-04:00,307.8198413237015,312.69249560817536,307.0795664228119,310.5560302734375,2713500,0.0,0.0
2020-10-14 00:00:00-04:00,301.794621866139,309.7595184026855,300.04234920352184,301.5884704589844,4455400,0.0,0.0
2020-10-15 00:00:00-04:00,298.7772995961117,306.38611304257984,296.4159239772826,304.13720703125,3172200,0.0,0.0
2020-10-16 00:00:00-04:00,304.97119394620864,311.42745907497755,304.2871681950962,309.1316833496094,3293300,0.0,0.0
2020-10-19 00:00:00-04:00,307.8572825920557,309.9562577203562,301.7852106326831,303.8092346191406,2482100,0.0,0.0
2020-10-20 00:00:00-04:00,306.0581433894887,307.93223651278123,302.92841130515706,303.05023193359375,1988600,0.0,0.0
2020-10-21 00:00:00-04:00,303.05020251765603,305.9362930649724,301.89762506400643,302.46923828125,2139000,0.0,0.0
2020-10-22 00:00:00-04:00,302.0288801693285,307.4075187374497,301.96328004132846,305.2242126464844,2100600,0.0,0.0
2020-10-23 00:00:00-04:00,308.43824832561904,314.519671333488,307.4730915151641,309.78759765625,2349500,0.0,0.0
2020-10-26 00:00:00-04:00,305.7770712848301,307.1170411381793,298.48684945368956,302.7222900390625,2408500,0.0,0.0
2020-10-27 00:00:00-04:00,302.72231293674207,303.13461578378883,299.32082874680503,300.3328552246094,2427700,0.0,0.0
2020-10-28 00:00:00-04:00,293.60479733667205,297.8027763813734,288.08560775646146,288.6103515625,3301400,0.0,0.0
2020-10-29 00:00:00-04:00,287.28909523966024,289.9971734662699,282.4820419144957,284.5622863769531,3279200,0.0,0.0
2020-10-30 00:00:00-04:00,284.14065744254737,287.83262342040337,280.73917362975783,285.930419921875,3556800,0.0,0.0
2020-11-02 00:00:00-05:00,292.95834485577575,292.95834485577575,288.01070996859755,292.45233154296875,4519000,0.0,0.0
2020-11-03 00:00:00-05:00,297.48418865691957,305.8894978991537,295.1884130220382,301.11993408203125,4043900,0.0,0.0
2020-11-04 00:00:00-05:00,323.4965954391405,337.7490656641901,319.66407842566866,332.2392272949219,10344900,0.0,0.0
2020-11-05 00:00:00-05:00,335.5282678838419,338.2550767991698,327.6664335360091,332.08929443359375,4786500,0.0,0.0
2020-11-06 00:00:00-05:00,328.3036416501115,329.8404118406379,322.8781622833862,325.5862121582031,2994900,0.0,0.0
2020-11-09 00:00:00-05:00,343.2496001659014,344.7863705955765,327.01059221783385,327.96636962890625,4635300,0.0,0.0
2020-11-10 00:00:00-05:00,327.48837395248285,333.4948454823996,326.25149429887153,331.4239807128906,3733200,0.0,0.0
2020-11-11 00:00:00-05:00,333.7385154198467,334.34758998131946,327.4134509658909,329.5592956542969,2048200,0.0,0.0
2020-11-12 00:00:00-05:00,329.27817438910904,337.824034932037,327.7320531955282,332.09869384765625,2907300,0.0,0.0
2020-11-13 00:00:00-05:00,334.39444761194136,335.40647398921635,330.58068955019274,333.2793884277344,2442100,0.0,0.0
2020-11-16 00:00:00-05:00,336.35290858144134,336.9432239537002,328.9127558457161,334.35699462890625,2790100,0.0,0.0
2020-11-17 00:00:00-05:00,330.2058029835413,331.11471056202487,325.62363224524864,329.9340515136719,2557600,0.0,0.0
2020-11-18 00:00:00-05:00,331.18040080974464,331.7613651751504,321.49134158297073,322.82196044921875,2722500,0.0,0.0
2020-11-19 00:00:00-05:00,320.7416519210052,321.47254704129097,313.2827412513933,315.78466796875,3935600,0.0,0.0
2020-11-20 00:00:00-05:00,313.91064969523455,316.4031973900538,310.8277579942217,313.6295471191406,3702000,0.0,0.0
2020-11-23 00:00:00-05:00,314.4260016319205,315.09132536327127,310.71530479087335,313.96685791015625,2535700,0.0,0.0
2020-11-24 00:00:00-05:00,315.01633758141475,318.5958626662704,313.37650593533834,314.8570556640625,3759700,0.0,0.0
2020-11-25 00:00:00-05:00,317.4901461967286,317.4901461967286,308.41954167697776,312.2145690917969,3145100,0.0,0.0
2020-11-27 00:00:00-05:00,312.5332086833207,317.56514527292546,310.9495973511213,316.66558837890625,1558600,0.0,0.0
2020-11-30 00:00:00-05:00,314.01374292920354,316.6656014168077,309.4971990360178,315.16632080078125,5265700,0.0,0.0
2020-12-01 00:00:00-05:00,323.06555180600685,331.8082127554502,318.530249611889,319.7109375,3817700,0.0,0.0
2020-12-02 00:00:00-05:00,320.25436350752716,329.6810487595369,320.00137125394446,325.67987060546875,2864300,0.0,0.0
2020-12-03 00:00:00-05:00,325.9984749835261,330.5618869100371,324.6772359733707,326.7293701171875,4169200,0.0,0.0
2020-12-04 00:00:00-05:00,325.3845769405076,330.5286637412664,325.1494724774003,329.0428161621094,3255100,1.25,0.0
2020-12-07 00:00:00-05:00,327.94256345959406,329.0428651383914,324.65110048617504,327.1337890625,2999400,0.0,0.0
2020-12-08 00:00:00-05:00,324.2091028817733,329.05224980280536,323.57901019917864,327.1337890625,2471200,0.0,0.0
2020-12-09 00:00:00-05:00,328.10248775605595,328.59149484089176,321.2562163726558,323.889404296875,2600400,0.0,0.0
2020-12-10 00:00:00-05:00,324.5946451519057,324.87675904162484,319.0461852929745,319.4129333496094,2896900,0.0,0.0
2020-12-11 00:00:00-05:00,317.98353509542875,318.6888485780469,314.4099295639296,316.9866943359375,3071700,0.0,0.0
2020-12-14 00:00:00-05:00,319.7702850615666,322.7796337052639,315.84872994206467,316.1026611328125,2479000,0.0,0.0
2020-12-15 00:00:00-05:00,318.933372823163,320.691949883159,316.95848929242493,319.4317932128906,2616500,0.0,0.0
2020-12-16 00:00:00-05:00,316.76103174637046,321.3032674668331,314.3441789206466,319.1214904785156,2365600,0.0,0.0
2020-12-17 00:00:00-05:00,319.56339936215545,322.1871732983857,317.21235464850594,321.3125915527344,2525700,0.0,0.0
2020-12-18 00:00:00-05:00,322.1119741784102,322.1966083574263,314.09962287279734,318.2186584472656,8742700,0.0,0.0
2020-12-21 00:00:00-05:00,312.28463760813725,316.8738824141793,309.77370871574016,316.0556945800781,2892700,0.0,0.0
2020-12-22 00:00:00-05:00,315.1905259657601,316.9020937528293,313.60121712052194,315.0494689941406,2069700,0.0,0.0
2020-12-23 00:00:00-05:00,316.4412120536239,321.29377189322474,316.00862785259653,317.4756774902344,2348100,0.0,0.0
2020-12-24 00:00:00-05:00,316.3942526264026,321.06813150633906,316.3942526264026,320.4850769042969,1360600,0.0,0.0
2020-12-28 00:00:00-05:00,322.7608511519816,327.06798162898605,322.61979419297046,325.3376159667969,2308200,0.0,0.0
2020-12-29 00:00:00-05:00,327.2560579320578,330.3594546208126,324.4442172331403,326.6542053222656,2275700,0.0,0.0
2020-12-30 00:00:00-05:00,326.40022333223305,328.21525164190405,323.94574645485056,324.43475341796875,1866000,0.0,0.0
2020-12-31 00:00:00-05:00,324.4817641245618,330.1712803063902,323.5507309917132,329.78570556640625,1969000,0.0,0.0
2021-01-04 00:00:00-05:00,330.51000504351845,331.10244443290236,320.09956814074764,328.6761779785156,4203800,0.0,0.0
2021-01-05 00:00:00-05:00,327.9143123207367,330.4252119845122,323.95516108840366,324.2560729980469,3160500,0.0,0.0
2021-01-06 00:00:00-05:00,317.02428704628306,338.0708457374081,315.1434511124814,337.86395263671875,6561400,0.0,0.0
2021-01-07 00:00:00-05:00,337.1774284573014,344.6161371936061,336.59437397443423,343.2807312011719,3366700,0.0,0.0
2021-01-08 00:00:00-05:00,345.1333282777233,345.59412381018495,337.3842948865359,341.7384338378906,2947800,0.0,0.0
2021-01-11 00:00:00-05:00,341.01428340573693,342.5847936920016,337.7886573780258,339.2557067871094,2695100,0.0,0.0
2021-01-12 00:00:00-05:00,336.6131629750023,338.6256422231769,334.06463867174733,336.0771179199219,2372500,0.0,0.0
2021-01-13 00:00:00-05:00,334.82646545512296,335.55057705409934,330.30305672930695,333.88604736328125,1974500,0.0,0.0
2021-01-14 00:00:00-05:00,335.5881628944575,337.43137410490573,329.5412821530171,329.64471435546875,2919900,0.0,0.0
2021-01-15 00:00:00-05:00,328.3187310751471,332.0145669667981,325.140113609309,330.36883544921875,3777000,0.0,0.0
2021-01-19 00:00:00-05:00,334.98634222513215,335.69165583984176,330.6134035537897,331.20587158203125,3361300,0.0,0.0
2021-01-20 00:00:00-05:00,330.9142915383655,331.1023579194265,325.22474539977344,329.9362487792969,3036800,0.0,0.0
2021-01-21 00:00:00-05:00,329.9079746568392,339.387402397667,329.8421385213103,333.84832763671875,3749800,0.0,0.0
2021-01-22 00:00:00-05:00,332.2590713403289,333.49101658751727,326.832869974463,326.8422546386719,2585100,0.0,0.0
2021-01-25 00:00:00-05:00,326.4661431095198,329.51311731975227,324.06808839431477,327.0868225097656,2506300,0.0,0.0
2021-01-26 00:00:00-05:00,329.6258941277536,330.5663120471967,322.1589735514336,322.6667785644531,2467500,0.0,0.0
2021-01-27 00:00:00-05:00,316.9583977223408,317.86119070155513,309.4068445468398,313.1496887207031,4770900,0.0,0.0
2021-01-28 00:00:00-05:00,316.5823077680088,325.93003564902443,314.57921297233474,318.0023193359375,2769900,0.0,0.0
2021-01-29 00:00:00-05:00,316.47892648544143,318.8205585515059,310.9304650068123,313.7046813964844,3899200,0.0,0.0
2021-02-01 00:00:00-05:00,315.06820814724466,318.002307405765,312.9146431186822,314.0995788574219,3020200,0.0,0.0
2021-02-02 00:00:00-05:00,317.01485777798354,324.10561628654074,317.01485777798354,318.538330078125,2663700,0.0,0.0
2021-02-03 00:00:00-05:00,317.8612141640429,319.8925200416668,314.6637994063895,317.7577819824219,2537100,0.0,0.0
2021-02-04 00:00:00-05:00,312.5196789526779,315.31272122376106,308.8238435462852,309.69842529296875,5962200,0.0,0.0
2021-02-05 00:00:00-05:00,312.322171306762,313.6105679219465,304.20638903295145,305.1750183105469,7227900,0.0,0.0
2021-02-08 00:00:00-05:00,307.52609589569465,307.53548056007855,304.5167468499202,305.0151672363281,4758200,0.0,0.0
2021-02-09 00:00:00-05:00,304.601384757376,311.3159830595825,302.54186703942395,309.989990234375,4096900,0.0,0.0
2021-02-10 00:00:00-05:00,312.8394088051395,315.75470991149433,310.1215874136214,313.5353088378906,4122700,0.0,0.0
2021-02-11 00:00:00-05:00,315.0400058163624,316.59168965739343,311.7485430690273,313.2250061035156,2776700,0.0,0.0
2021-02-12 00:00:00-05:00,311.9178097255478,312.5949117778894,308.3442330988585,308.6827697753906,2760800,0.0,0.0
2021-02-16 00:00:00-05:00,307.85523969642225,310.1874867968914,303.2660237105154,305.27850341796875,4339000,0.0,0.0
2021-02-17 00:00:00-05:00,304.18765474672074,309.0214179402412,303.04034342563773,307.38507080078125,2620000,0.0,0.0
2021-02-18 00:00:00-05:00,306.48222349760226,309.94295488407346,305.82394811064614,308.8426818847656,2383500,0.0,0.0
2021-02-19 00:00:00-05:00,309.1623692850878,309.2564168102767,304.7988166699442,305.2408142089844,2313800,0.0,0.0
2021-02-22 00:00:00-05:00,302.34435067158415,309.4444942387491,301.26287584138555,308.1185302734375,2688300,0.0,0.0
2021-02-23 00:00:00-05:00,310.32842680498777,314.04308818971,307.1780504778733,309.8770446777344,3225700,0.0,0.0
2021-02-24 00:00:00-05:00,308.9179639643234,313.7235158686417,306.6139566041121,312.41632080078125,3360500,0.0,0.0
2021-02-25 00:00:00-05:00,311.2783635221073,313.7234561053395,307.8552281657263,309.2752685546875,2780100,0.0,0.0
2021-02-26 00:00:00-05:00,310.85517890608367,317.7766707658452,310.1969034822702,312.4256896972656,5430000,0.0,0.0
2021-03-01 00:00:00-05:00,314.43817770147274,318.71709721563764,313.79870029032804,314.7109069824219,4198900,0.0,0.0
2021-03-02 00:00:00-05:00,315.04004428805877,317.5509730896204,313.9961940363712,314.7015075683594,2568900,0.0,0.0
2021-03-03 00:00:00-05:00,313.4600952785129,318.01171438293443,312.9522615864964,313.0368957519531,3039700,0.0,0.0
2021-03-04 00:00:00-05:00,314.2594943572703,320.53206631911877,312.84886736324216,313.9209289550781,4991600,0.0,0.0
2021-03-05 00:00:00-05:00,315.0681866882026,327.5381363868727,315.05877332606747,326.4190368652344,4563100,0.0,0.0
2021-03-08 00:00:00-05:00,326.3344283026903,332.9079403132424,325.008435604987,329.30615234375,3419900,0.0,0.0
2021-03-09 00:00:00-05:00,331.8923570960285,339.7260269726551,330.40648047739455,331.00836181640625,4277600,0.0,0.0
2021-03-10 00:00:00-05:00,332.8233100295559,333.35935513261745,327.73564563051747,328.7701110839844,3012300,0.0,0.0
2021-03-11 00:00:00-05:00,329.8610402250122,334.7606101676742,329.0240543954552,332.0616149902344,2520500,0.0,0.0
2021-03-12 00:00:00-05:00,333.3073499181941,336.7520642104615,332.1936925054277,335.9970397949219,2088700,1.25,0.0
2021-03-15 00:00:00-04:00,336.84651378241784,337.809137704938,331.7785031751638,333.97747802734375,2343400,0.0,0.0
2021-03-16 00:00:00-04:00,333.6470924221931,335.3741585866383,332.1182075681381,334.65692138671875,2904200,0.0,0.0
2021-03-17 00:00:00-04:00,335.1949059476732,337.93180136291267,332.04272545564146,332.373046875,2633100,0.0,0.0
2021-03-18 00:00:00-04:00,333.02419697674395,343.83024785492694,332.5240059139834,341.6878967285156,3311600,0.0,0.0
2021-03-19 00:00:00-04:00,341.5652160942719,349.6248959465231,338.81887438116854,345.01934814453125,8572900,0.0,0.0
2021-03-22 00:00:00-04:00,344.47200869325934,347.85065298269285,339.8570137111039,346.2273864746094,3505200,0.0,0.0
2021-03-23 00:00:00-04:00,348.1054983984305,350.64421230669575,346.56716668436223,347.7751770019531,3100100,0.0,0.0
2021-03-24 00:00:00-04:00,345.46292934054117,352.7770607206068,344.95332027804557,349.7570495605469,3407800,0.0,0.0
2021-03-25 00:00:00-04:00,349.7570802602611,351.18213672100745,342.9525861466663,350.2195129394531,3021500,0.0,0.0
2021-03-26 00:00:00-04:00,350.7763360317329,355.85376402843434,349.46452600651475,355.306396484375,2959800,0.0,0.0
2021-03-29 00:00:00-04:00,355.1930809393067,359.10025655665817,353.900135872123,357.7412414550781,2740400,0.0,0.0
2021-03-30 00:00:00-04:00,356.3161255272554,358.5150996729536,350.8895123951549,352.550537109375,3066000,0.0,0.0
2021-03-31 00:00:00-04:00,351.8333347995066,355.797134019959,350.8895758233263,351.1444091796875,3356500,0.0,0.0
2021-04-01 00:00:00-04:00,351.26705513069146,351.7294877503228,345.18924583881824,346.4255676269531,2977700,0.0,0.0
2021-04-05 00:00:00-04:00,348.83215406738327,351.67287752438654,346.9635299100066,349.36065673828125,2709400,0.0,0.0
2021-04-06 00:00:00-04:00,348.0394526874013,348.9926585206912,342.32027529014175,343.8774719238281,2698600,0.0,0.0
2021-04-07 00:00:00-04:00,343.70755735659236,345.30251220754513,340.2722611233907,345.0760192871094,2158900,0.0,0.0
2021-04-08 00:00:00-04:00,342.68833684711063,346.2746385390596,342.68833684711063,344.3682556152344,2426700,0.0,0.0
2021-04-09 00:00:00-04:00,347.63360838033117,355.4290375742111,346.35952806181825,355.136474609375,2483200,0.0,0.0
2021-04-12 00:00:00-04:00,353.4188905368299,358.4679782865368,352.9941874544995,355.1176452636719,3057300,0.0,0.0
2021-04-13 00:00:00-04:00,355.0892610639055,357.9771607899877,353.2772314312491,353.43768310546875,2652300,0.0,0.0
2021-04-14 00:00:00-04:00,354.23042175884734,356.75027040763536,353.5131558600758,354.5041198730469,2805600,0.0,0.0
2021-04-15 00:00:00-04:00,358.62843282643115,370.29328065903246,358.62843282643115,368.0754699707031,4488300,0.0,0.0
2021-04-16 00:00:00-04:00,371.76553755208505,371.76553755208505,363.7813161133234,369.0191955566406,4532400,0.0,0.0
2021-04-19 00:00:00-04:00,368.0659829123793,371.2653395115191,366.62203290069556,367.91497802734375,2965400,0.0,0.0
2021-04-20 00:00:00-04:00,367.9338444806582,375.5028095702193,367.5186170465022,374.2287292480469,3348100,0.0,0.0
2021-04-21 00:00:00-04:00,376.4277001110442,378.9003728788013,373.20006046663497,376.3805236816406,2473300,0.0,0.0
2021-04-22 00:00:00-04:00,376.0312646508306,376.33327438400545,371.0765308707876,374.2381286621094,2718600,0.0,0.0
2021-04-23 00:00:00-04:00,373.36991080312185,379.3816507001817,372.3129053884174,377.796142578125,2263200,0.0,0.0
2021-04-26 00:00:00-04:00,377.32426441134106,377.50358091637537,372.98296747055525,373.5964050292969,1642300,0.0,0.0
2021-04-27 00:00:00-04:00,372.46396267290623,374.0400242107898,370.2366762632511,372.3129577636719,1758500,0.0,0.0
2021-04-28 00:00:00-04:00,372.95464145263963,374.6628427862262,371.180370082647,372.3978271484375,1886500,0.0,0.0
2021-04-29 00:00:00-04:00,374.43633849090935,379.542077526732,374.0116354711816,378.96636962890625,1996500,0.0,0.0
2021-04-30 00:00:00-04:00,378.4474058450806,379.2590248609499,375.94644994575435,376.3711242675781,2328100,0.0,0.0
2021-05-03 00:00:00-04:00,378.4473337944177,383.89281249328855,378.0037659419109,383.0717468261719,2568500,0.0,0.0
2021-05-04 00:00:00-04:00,382.6753667346585,389.2722321877901,380.8067137559613,388.2057800292969,3237200,0.0,0.0
2021-05-05 00:00:00-04:00,387.4130800929214,389.53653790098247,383.92116017694724,389.30059814453125,2767600,0.0,0.0
2021-05-06 00:00:00-04:00,389.7724161748385,393.4058936112917,389.35715996488756,391.6316223144531,3058700,0.0,0.0
2021-05-07 00:00:00-04:00,391.65990308759854,395.45380310569,390.7822143134572,394.1608581542969,1851000,0.0,0.0
2021-05-10 00:00:00-04:00,395.68977538567856,402.02241820955294,394.6988400818308,397.21868896484375,2489300,0.0,0.0
2021-05-11 00:00:00-04:00,397.32250926683247,398.5399663500724,387.51684016603355,388.5455627441406,3024000,0.0,0.0
2021-05-12 00:00:00-04:00,386.27114231669856,387.7434041026911,381.9203982020261,382.57159423828125,2888100,0.0,0.0
2021-05-13 00:00:00-04:00,383.4304447664184,389.94237677528844,381.58068500069777,385.58221435546875,2637500,0.0,0.0
2021-05-14 00:00:00-04:00,387.87545575071965,389.3854757301628,385.5255053384912,386.75238037109375,2072900,0.0,0.0
2021-05-17 00:00:00-04:00,386.2900036182362,389.31004401403806,385.59163115721844,385.64825439453125,1583900,0.0,0.0
2021-05-18 00:00:00-04:00,386.64857823797183,389.73465941021334,383.4209101926004,387.2997741699219,2694800,0.0,0.0
2021-05-19 00:00:00-04:00,386.4598525102831,387.62068641513713,381.51456470978565,386.46929931640625,2783100,0.0,0.0
2021-05-20 00:00:00-04:00,386.4975536756336,390.55570513650656,385.3556135521992,385.6576232910156,2105800,0.0,0.0
2021-05-21 00:00:00-04:00,387.6584569813174,395.08583572084024,386.4315529976467,388.4795227050781,4295400,0.0,0.0
2021-05-24 00:00:00-04:00,389.17785956909,390.62180955847,386.8656675057129,387.8377380371094,1883600,0.0,0.0
2021-05-25 00:00:00-04:00,388.68702588507654,390.58396128494564,385.89350820080006,389.81951904296875,2285600,0.0,0.0
2021-05-26 00:00:00-04:00,388.9230530055891,391.94306424022005,387.89435924868866,389.9706115722656,1903900,0.0,0.0
2021-05-27 00:00:00-04:00,391.5844341259784,391.76372181007326,387.2997608890728,389.4892883300781,2041800,0.0,0.0
2021-05-28 00:00:00-04:00,389.4893657594662,392.1035679212886,386.96006965351273,388.75323486328125,2367900,0.0,0.0
2021-06-01 00:00:00-04:00,390.4613705158583,390.4613705158583,383.3171089052902,383.8456115722656,2199600,0.0,0.0
2021-06-02 00:00:00-04:00,386.12957235251133,386.12957235251133,381.7976931831966,383.02459716796875,2232900,0.0,0.0
2021-06-03 00:00:00-04:00,380.8067427347015,386.71468307753935,380.1838583610687,385.0158996582031,2281200,0.0,0.0
2021-06-04 00:00:00-04:00,387.8471611076346,387.88491952911266,381.8920445741941,382.8263854980469,2990900,0.0,0.0
2021-06-07 00:00:00-04:00,384.0722092327026,384.308149016279,376.2673315604419,377.7395935058594,3353800,0.0,0.0
2021-06-08 00:00:00-04:00,378.1830672093065,380.0988966224802,376.32386102598133,379.14569091796875,3051300,0.0,0.0
2021-06-09 00:00:00-04:00,380.6463122251492,382.958533340764,378.0037984940804,378.541748046875,1925700,0.0,0.0
2021-06-10 00:00:00-04:00,379.3061814898768,380.19331725010215,376.05964823995396,378.9097900390625,4033600,0.0,0.0
2021-06-11 00:00:00-04:00,380.6652148826175,380.6746328881825,372.5771929903305,375.5122985839844,3094300,0.0,0.0
2021-06-14 00:00:00-04:00,374.95537847964005,377.00334785064854,372.9074379098659,376.7107849121094,2674900,0.0,0.0
2021-06-15 00:00:00-04:00,377.46578200341315,378.9191786983828,374.172072829628,377.7677917480469,2845800,0.0,0.0
2021-06-16 00:00:00-04:00,378.54168045738345,380.47637457919615,374.3608356645979,374.908203125,3330800,0.0,0.0
2021-06-17 00:00:00-04:00,373.72851375518275,375.6821015348358,372.41667509695424,375.0025939941406,3532000,0.0,0.0
2021-06-18 00:00:00-04:00,366.83758399778395,371.9336075449022,366.8091686916622,368.8172607421875,5521400,1.45,0.0
2021-06-21 00:00:00-04:00,368.8173185217787,378.1284636782212,368.6752419689119,377.05810546875,3839300,0.0,0.0
2021-06-22 00:00:00-04:00,379.4640541510535,379.50195087158437,376.82134325527005,377.6454162597656,3964600,0.0,0.0
2021-06-23 00:00:00-04:00,376.82128885643465,377.9389962435512,374.4058719123475,374.6805725097656,2942100,0.0,0.0
2021-06-24 00:00:00-04:00,377.2948694749999,380.93217337751173,375.89298018588437,377.8158264160156,3309100,0.0,0.0
2021-06-25 00:00:00-04:00,378.98094994145106,388.33944426485704,377.95794095265313,383.574951171875,16928900,0.0,0.0
2021-06-28 00:00:00-04:00,383.5749363424754,383.61280415043,376.92546489253874,380.2691345214844,3193300,0.0,0.0
2021-06-29 00:00:00-04:00,380.7521752695898,381.9172606173215,376.4991873762499,377.0864562988281,2458800,0.0,0.0
2021-06-30 00:00:00-04:00,376.5560593369533,380.2122973050583,375.8551002078256,379.302978515625,2875600,0.0,0.0
2021-07-01 00:00:00-04:00,380.80901526559296,383.8211533724332,380.60062671631164,383.51806640625,2678100,0.0,0.0
2021-07-02 00:00:00-04:00,383.7075363160194,388.2352254018484,382.56141361640033,387.75213623046875,1982400,0.0,0.0
2021-07-06 00:00:00-04:00,387.0985755817757,389.4571329539073,384.29479685650205,388.6046447753906,2615300,0.0,0.0
2021-07-07 00:00:00-04:00,388.68990556098464,390.42329729334,385.7061823687561,389.9307556152344,2270400,0.0,0.0
2021-07-08 00:00:00-04:00,387.04174085233507,389.14456057764346,383.6980710407171,388.31103515625,2032300,0.0,0.0
2021-07-09 00:00:00-04:00,390.7547767898539,391.436773049803,388.964554674188,390.35693359375,2078900,0.0,0.0
2021-07-12 00:00:00-04:00,389.3245188395544,394.42054304358834,388.6520039035003,394.0795593261719,2802600,0.0,0.0
2021-07-13 00:00:00-04:00,394.40161227740913,397.5368934110723,393.76696514486895,396.4476013183594,2948900,0.0,0.0
2021-07-14 00:00:00-04:00,398.5597908783307,400.226899138061,391.5314691961573,392.84808349609375,3538700,0.0,0.0
2021-07-15 00:00:00-04:00,390.16754933090505,399.46921269920944,385.70617231393703,397.87786865234375,3546500,0.0,0.0
2021-07-16 00:00:00-04:00,399.118677852162,399.9996101670702,395.59506421941217,397.54632568359375,2625400,0.0,0.0
2021-07-19 00:00:00-04:00,395.2161721239054,397.38530363679484,385.3367217426341,387.46795654296875,3611300,0.0,0.0
2021-07-20 00:00:00-04:00,389.305554211026,395.68032466571884,388.9361263062562,391.17156982421875,3186700,0.0,0.0
2021-07-21 00:00:00-04:00,395.0457245024497,395.20676386879416,389.14456107714074,392.75347900390625,1863700,0.0,0.0
2021-07-22 00:00:00-04:00,394.0605953870089,394.8278376557235,391.89149263063007,393.82379150390625,1421900,0.0,0.0
2021-07-23 00:00:00-04:00,395.8413422553678,397.2053348554693,394.0321572245843,395.65191650390625,1611700,0.0,0.0
2021-07-26 00:00:00-04:00,394.8278663669655,395.6235529099685,389.210884788927,391.7115478515625,2232600,0.0,0.0
2021-07-27 00:00:00-04:00,390.2527136272711,393.3406448347627,387.8467786095715,393.1890869140625,2630600,0.0,0.0
2021-07-28 00:00:00-04:00,392.61130758662136,392.61130758662136,385.3272187425033,387.5721435546875,2446600,0.0,0.0
2021-07-29 00:00:00-04:00,389.5707304887679,390.8020988889732,386.86170844562866,390.3284912109375,1597300,0.0,0.0
2021-07-30 00:00:00-04:00,389.07825507945165,391.929354129536,388.5951659155477,390.461181640625,1864200,0.0,0.0
2021-08-02 00:00:00-04:00,391.73996818718643,394.45847237267736,391.020075070821,393.6343994140625,1806500,0.0,0.0
2021-08-03 00:00:00-04:00,393.8711609151087,399.85756988518295,393.1702017800525,399.6302185058594,2496500,0.0,0.0
2021-08-04 00:00:00-04:00,399.7723058728203,401.2973379190572,397.5558249847996,399.28924560546875,1995400,0.0,0.0
2021-08-05 00:00:00-04:00,399.7818249362546,399.96179821779543,386.35979569892714,389.485595703125,3598600,0.0,0.0
2021-08-06 00:00:00-04:00,390.2622729932804,394.7709991812688,390.2622729932804,393.2080993652344,1944000,0.0,0.0
2021-08-09 00:00:00-04:00,393.04708957158283,394.25952427469787,388.68989242057694,389.18243408203125,1509800,0.0,0.0
2021-08-10 00:00:00-04:00,388.84148020364756,391.81572211788597,387.0038796507505,390.04443359375,1441800,0.0,0.0
2021-08-11 00:00:00-04:00,391.22839870664376,392.08088683585464,385.9997797949916,386.2176208496094,1542600,0.0,0.0
2021-08-12 00:00:00-04:00,385.51672847586434,387.1554217821949,382.9592349306565,384.5316162109375,1939900,0.0,0.0
2021-08-13 00:00:00-04:00,385.59243252435135,388.40566342016183,384.4936880976628,388.0457458496094,1537800,0.0,0.0
2021-08-16 00:00:00-04:00,388.20677099918396,395.3866801951152,385.8292510035846,395.187744140625,2377500,0.0,0.0
2021-08-17 00:00:00-04:00,395.08357905706833,400.19853682328784,394.63838662906704,399.51654052734375,2258000,0.0,0.0
2021-08-18 00:00:00-04:00,399.10930043202313,399.3366229267768,395.07415270978845,395.2920227050781,3037000,0.0,0.0
2021-08-19 00:00:00-04:00,393.45443094683424,405.7398187596424,390.63171797784617,405.3041076660156,3204500,0.0,0.0
2021-08-20 00:00:00-04:00,405.73978535041147,408.59088449039047,404.3757926501545,407.0279846191406,2401900,0.0,0.0
2021-08-23 00:00:00-04:00,407.83312519980296,407.83312519980296,402.47188171399523,402.9075927734375,2375900,0.0,0.0
2021-08-24 00:00:00-04:00,403.0591578470526,403.45700110433285,399.4597502535027,401.060546875,1619300,0.0,0.0
2021-08-25 00:00:00-04:00,399.5828682712022,401.25942931578817,397.30955683084323,397.584228515625,1939000,0.0,0.0
2021-08-26 00:00:00-04:00,397.61262420238006,399.14713753294905,394.63838268225993,394.8467712402344,1385400,0.0,0.0
2021-08-27 00:00:00-04:00,395.94553324794464,398.16201389711335,394.15528220050777,396.65594482421875,1621600,0.0,0.0
2021-08-30 00:00:00-04:00,396.6560158699063,398.37047380185606,395.83194291890266,396.22027587890625,1284200,0.0,0.0
2021-08-31 00:00:00-04:00,394.9888715343135,398.5314483262203,392.3556135470203,394.2973937988281,4249100,0.0,0.0
2021-09-01 00:00:00-04:00,394.55316179213264,397.70737676274825,389.53290217940696,395.3204040527344,2034400,0.0,0.0
2021-09-02 00:00:00-04:00,397.03487681808224,401.99827709257534,396.16342578563604,401.3446960449219,3137400,0.0,0.0
2021-09-03 00:00:00-04:00,399.65864726355824,401.61939037588456,398.40831580873646,400.53955078125,1604800,0.0,0.0
2021-09-07 00:00:00-04:00,398.1147114448572,399.97127486320784,395.53828381563903,399.0050964355469,1920300,0.0,0.0
2021-09-08 00:00:00-04:00,398.95770561930055,400.5490207490564,392.33667841057536,393.4638671875,2262500,0.0,0.0
2021-09-09 00:00:00-04:00,393.41646015222216,398.03887615706026,392.0808829036071,392.66815185546875,3508500,0.0,0.0
2021-09-10 00:00:00-04:00,395.00649664578515,395.42473666868574,382.6779886715326,383.9327087402344,4215800,1.45,0.0
2021-09-13 00:00:00-04:00,387.8014318235549,396.19468968790187,386.3471063631845,394.0179443359375,3068200,0.0,0.0
2021-09-14 00:00:00-04:00,396.9362042539584,396.9362042539584,391.0238411785672,392.135986328125,2879800,0.0,0.0
2021-09-15 00:00:00-04:00,392.1169267680387,400.57675978060826,389.24630511950807,396.86962890625,3180600,0.0,0.0
2021-09-16 00:00:00-04:00,398.9131893452465,402.45868546690537,394.43612444453487,396.22314453125,2262700,0.0,0.0
2021-09-17 00:00:00-04:00,394.4457216895943,400.26302386477465,394.4457216895943,399.3790283203125,4534200,0.0,0.0
2021-09-20 00:00:00-04:00,396.29927562102694,398.56153717375156,388.5048335384491,392.2879943847656,2799800,0.0,0.0
2021-09-21 00:00:00-04:00,394.48372554048706,398.06725190458576,391.82219538763627,391.9457702636719,2382200,0.0,0.0
2021-09-22 00:00:00-04:00,384.9117384892927,391.6225497641104,384.9117384892927,388.48577880859375,3629400,0.0,0.0
2021-09-23 00:00:00-04:00,389.5314450918366,394.33169152630296,387.3547284574027,387.8489990234375,2681600,0.0,0.0
2021-09-24 00:00:00-04:00,386.8128317900749,387.7158565844727,385.18741616834365,386.9458923339844,1950400,0.0,0.0
2021-09-27 00:00:00-04:00,387.6588140479516,391.7651548544738,384.93076819530756,385.2254333496094,2608600,0.0,0.0
2021-09-28 00:00:00-04:00,382.6875186289423,384.01826920574064,377.3834876760209,378.90435791015625,3115400,0.0,0.0
2021-09-29 00:00:00-04:00,377.3645194001662,381.97464590480365,376.22385937552974,380.6058654785156,2056300,0.0,0.0
2021-09-30 00:00:00-04:00,381.63236948588104,383.53344985534727,371.1479124086021,371.4140625,3779900,0.0,0.0
2021-10-01 00:00:00-04:00,372.2315417061207,374.2181672088985,364.1709505061007,373.0204772949219,3146600,0.0,0.0
2021-10-04 00:00:00-04:00,372.2506296978519,375.60603617558473,365.7299364271392,367.86865234375,3074800,0.0,0.0
2021-10-05 00:00:00-04:00,370.0833025261787,376.42341815891126,369.98824270851304,373.97100830078125,3269400,0.0,0.0
2021-10-06 00:00:00-04:00,371.4235974531349,375.2542734463228,366.7564414104254,374.75048828125,2809200,0.0,0.0
2021-10-07 00:00:00-04:00,377.13636280088843,387.98203064733974,377.0888183829814,384.68365478515625,2813700,0.0,0.0
2021-10-08 00:00:00-04:00,386.3090640153336,388.88501995408353,382.725537738676,388.2576599121094,2012200,0.0,0.0
2021-10-11 00:00:00-04:00,387.82039426369886,390.88113481012704,384.21783885155577,384.9592590332031,2164200,0.0,0.0
2021-10-12 00:00:00-04:00,385.07340432946154,388.1816899769494,382.41190283479034,383.2958984375,2415700,0.0,0.0
2021-10-13 00:00:00-04:00,383.3909708053004,385.26353659929686,378.4196339491088,383.590576171875,3021800,0.0,0.0
2021-10-14 00:00:00-04:00,404.607003507699,412.0592362720987,397.13574137130996,399.5691223144531,6038800,0.0,0.0
2021-10-15 00:00:00-04:00,401.1754953227265,409.1980572416646,400.652709795781,406.89776611328125,3312000,0.0,0.0
2021-10-18 00:00:00-04:00,406.8312389840755,406.8312389840755,402.87698794661236,403.618408203125,2232800,0.0,0.0
2021-10-19 00:00:00-04:00,405.71912628517555,406.66018096062675,402.4587798349223,403.39031982421875,1616800,0.0,0.0
2021-10-20 00:00:00-04:00,405.8807193981299,413.98882722250033,405.72862946491375,413.5705871582031,2764000,0.0,0.0
2021-10-21 00:00:00-04:00,413.96030610314995,420.614088290801,413.561066408288,420.40496826171875,2465100,0.0,0.0
2021-10-22 00:00:00-04:00,419.03619956595105,427.0682770338184,418.67498959581894,426.9447021484375,2736200,0.0,0.0
2021-10-25 00:00:00-04:00,427.7431466652472,430.2525870496139,424.35922542561724,427.25836181640625,3553500,0.0,0.0
2021-10-26 00:00:00-04:00,428.20892079249717,435.0718234048933,425.4523595288999,432.1536865234375,3103900,0.0,0.0
2021-10-27 00:00:00-04:00,432.15365561884954,437.6667777517845,431.051025390625,431.051025390625,3520400,0.0,0.0
2021-10-28 00:00:00-04:00,430.5947722767129,435.25241412221834,430.1385024724121,432.9140930175781,1672600,0.0,0.0
2021-10-29 00:00:00-04:00,431.9350403473596,438.569822378361,430.65180508384896,437.6953125,2497800,0.0,0.0
2021-11-01 00:00:00-04:00,438.9784968649745,442.7236276993746,428.8647348734691,431.6498107910156,2203100,0.0,0.0
2021-11-02 00:00:00-04:00,433.6934706506157,433.8645609205944,428.1042897658402,429.68218994140625,2600000,0.0,0.0
2021-11-03 00:00:00-04:00,428.1423935711803,434.89120679226056,424.9295625741807,434.7106018066406,2438200,0.0,0.0
2021-11-04 00:00:00-04:00,434.96727366199735,435.83226886883875,429.7963317933519,434.1688232421875,2517300,0.0,0.0
2021-11-05 00:00:00-04:00,435.1858279236726,438.69332375094797,432.0965721251587,433.2657470703125,2905000,0.0,0.0
2021-11-08 00:00:00-05:00,434.2543153656677,441.2312772610671,431.83993502866036,439.7389221191406,2279900,0.0,0.0
2021-11-09 00:00:00-05:00,439.738977582521,441.4974830536806,437.5242313028892,441.3834228515625,2657800,0.0,0.0
2021-11-10 00:00:00-05:00,442.37195881007233,442.951774462155,434.0452165997947,437.1534729003906,2818200,0.0,0.0
2021-11-11 00:00:00-05:00,437.24850471278023,438.0564697079084,432.9140435954127,434.7676086425781,2246800,0.0,0.0
2021-11-12 00:00:00-05:00,437.8854124149633,438.19907795011017,434.4729472134827,436.2884826660156,2609500,0.0,0.0
2021-11-15 00:00:00-05:00,435.3475035632049,435.54710892507796,428.21845055725726,428.50360107421875,2849600,0.0,0.0
2021-11-16 00:00:00-05:00,430.58527442456784,435.68018590978596,427.1443229144842,427.3819580078125,3383800,0.0,0.0
2021-11-17 00:00:00-05:00,428.1138364307905,431.5072430715946,426.53593613735364,426.74505615234375,2281500,0.0,0.0
2021-11-18 00:00:00-05:00,426.5359283592373,430.41411973865803,424.9960288179259,427.23931884765625,2073800,0.0,0.0
2021-11-19 00:00:00-05:00,425.9656292126768,427.2203493704427,417.7624617836692,418.23773193359375,3536100,0.0,0.0
2021-11-22 00:00:00-05:00,420.91826572331865,421.8022612468963,415.7568388180823,415.8994140625,2598700,0.0,0.0
2021-11-23 00:00:00-05:00,414.4451617954334,425.3858629373249,414.4356471080614,425.0151672363281,2857000,0.0,0.0
2021-11-24 00:00:00-05:00,424.54937195587576,428.6747137504138,423.59883156981107,427.895263671875,2248800,0.0,0.0
2021-11-26 00:00:00-05:00,422.9144073967935,426.01314908115137,416.5362610321856,418.1521911621094,2480600,0.0,0.0
2021-11-29 00:00:00-05:00,421.6216035305102,430.670735678652,418.7604682815912,429.6441650390625,4079700,0.0,0.0
2021-11-30 00:00:00-05:00,424.9484930484323,429.02631856689754,419.42585689081926,422.24896240234375,7435400,0.0,0.0
2021-12-01 00:00:00-05:00,430.4902355901754,433.37037170744,422.17300747831683,422.36309814453125,4325500,0.0,0.0
2021-12-02 00:00:00-05:00,421.2319453241196,425.73752625545615,417.4963287547203,423.9599914550781,4738700,0.0,0.0
2021-12-03 00:00:00-05:00,427.0115554804768,433.37234981402815,424.5321136991998,428.4897155761719,3038300,1.45,0.0
2021-12-06 00:00:00-05:00,431.18863033927164,440.3721948015794,430.58783205066396,438.77960205078125,4721500,0.0,0.0
2021-12-07 00:00:00-05:00,441.2971450866425,444.15806661070496,438.89398148343747,443.18536376953125,3105200,0.0,0.0
2021-12-08 00:00:00-05:00,444.4823578162473,448.3732278848459,441.0492457271316,447.1239318847656,3228300,0.0,0.0
2021-12-09 00:00:00-05:00,446.80912959041353,452.4833015371458,445.6933575318109,451.3770751953125,2977400,0.0,0.0
2021-12-10 00:00:00-05:00,450.11834857297794,456.2979499371745,449.1742537225537,456.0595397949219,2572300,0.0,0.0
2021-12-13 00:00:00-05:00,454.90559201505044,457.99540710090434,452.03515382939503,455.97369384765625,2724800,0.0,0.0
2021-12-14 00:00:00-05:00,457.5090162781424,460.64650157868203,455.05815328130876,457.2324523925781,3018000,0.0,0.0
2021-12-15 00:00:00-05:00,458.3196499356514,472.4335183047341,457.88098343546955,471.4608154296875,4188600,0.0,0.0
2021-12-16 00:00:00-05:00,471.10790970828697,473.92113146477595,467.388688815593,470.0111999511719,4080800,0.0,0.0
2021-12-17 00:00:00-05:00,468.6380251079903,470.2687422065262,463.8316688618442,464.537353515625,5707200,0.0,0.0
2021-12-20 00:00:00-05:00,459.6547871677666,462.5252547988688,453.2272585854129,461.3045959472656,3145600,0.0,0.0
2021-12-21 00:00:00-05:00,464.4419444206668,466.33016291930977,459.8454197386463,464.6231384277344,2536000,0.0,0.0
2021-12-22 00:00:00-05:00,464.5659905583147,472.48122462667584,463.3739398645375,471.222412109375,1687500,0.0,0.0
2021-12-23 00:00:00-05:00,472.0520101755651,475.0559716924867,469.96353531747377,472.4143981933594,1706500,0.0,0.0
2021-12-27 00:00:00-05:00,475.5614221373217,477.10631504078754,473.6160165344079,476.3434143066406,1349400,0.0,0.0
2021-12-28 00:00:00-05:00,478.72753799102907,481.8936314819363,477.20170734818714,479.62396240234375,1495500,0.0,0.0
2021-12-29 00:00:00-05:00,481.37867025461617,483.70555549868806,478.7275507195244,482.1415710449219,1573900,0.0,0.0
2021-12-30 00:00:00-05:00,484.382633252625,485.62238341823746,480.3010528991743,481.0448913574219,1309800,0.0,0.0
2021-12-31 00:00:00-05:00,480.76836510125486,483.3717852000037,478.76571410797095,478.861083984375,1695400,0.0,0.0
2022-01-03 00:00:00-05:00,476.8202989893923,479.5858509029705,470.19248519231917,478.9945983886719,3033600,0.0,0.0
2022-01-04 00:00:00-05:00,479.87191609156963,480.3964067307517,468.12305802814285,468.1421203613281,3908100,0.0,0.0
2022-01-05 00:00:00-05:00,471.83267033040374,473.95929899000146,466.9881896972656,466.9881896972656,3921100,0.0,0.0
2022-01-06 00:00:00-05:00,457.7474745591001,461.6955604965167,441.6500170473237,447.8772888183594,6555200,0.0,0.0
2022-01-07 00:00:00-05:00,446.0081894609993,446.2752076738189,434.43097822040204,437.339599609375,5494200,0.0,0.0
2022-01-10 00:00:00-05:00,434.8600160660282,444.2628963037284,433.37233939192066,443.4427795410156,5831800,0.0,0.0
2022-01-11 00:00:00-05:00,445.5408440305115,448.6401755914394,439.31357285835895,447.25738525390625,3332800,0.0,0.0
2022-01-12 00:00:00-05:00,447.2287830983912,453.28440604858105,444.72070394573444,451.7585754394531,3502300,0.0,0.0
2022-01-13 00:00:00-05:00,453.82804390403203,454.4574210962244,444.3774619657256,445.7602233886719,3005300,0.0,0.0
2022-01-14 00:00:00-05:00,448.10617229403584,451.2341121359146,443.5191344710405,446.9617919921875,3665400,0.0,0.0
2022-01-18 00:00:00-05:00,443.6049834779307,444.11992841630536,437.1011480004759,439.6187438964844,3938800,0.0,0.0
2022-01-19 00:00:00-05:00,446.30374967298116,453.44650763583496,440.1146322008816,441.0777893066406,4030900,0.0,0.0
2022-01-20 00:00:00-05:00,442.85164274644615,449.76553735033195,440.5819733786532,441.5356140136719,3228600,0.0,0.0
2022-01-21 00:00:00-05:00,442.01240552054685,448.9644534454794,439.6950659131695,439.7904357910156,4273200,0.0,0.0
2022-01-24 00:00:00-05:00,436.8341435653447,442.6227488189379,427.35495395654806,440.83941650390625,4780700,0.0,0.0
2022-01-25 00:00:00-05:00,433.0195590421467,438.18827437659957,426.53478602737886,435.6611328125,3428900,0.0,0.0
2022-01-26 00:00:00-05:00,437.19652063596044,442.37478182413605,432.4283178985317,437.17742919921875,4435900,0.0,0.0
2022-01-27 00:00:00-05:00,436.8436064287503,446.95220106322915,435.8232332609427,440.200439453125,3508100,0.0,0.0
2022-01-28 00:00:00-05:00,440.00967602946383,444.663445851555,433.9826616991229,444.4536437988281,3364400,0.0,0.0
2022-01-31 00:00:00-05:00,443.44289027685454,451.2436635985576,442.8707000817433,450.6619567871094,3500500,0.0,0.0
2022-02-01 00:00:00-05:00,452.9792817172925,452.9792817172925,441.2971844519518,446.6947937011719,3148600,0.0,0.0
2022-02-02 00:00:00-05:00,447.31466073902465,459.6357101852604,447.31466073902465,457.5376892089844,3026800,0.0,0.0
2022-02-03 00:00:00-05:00,475.5329057026866,476.99197473737235,461.15201746355905,466.1109313964844,4370900,0.0,0.0
2022-02-04 00:00:00-05:00,459.416355882183,466.9310484148151,457.9286788846651,460.7705383300781,3066400,0.0,0.0
2022-02-07 00:00:00-05:00,462.4298368437767,464.6708979289752,458.9871793676208,461.27593994140625,2937200,0.0,0.0
2022-02-08 00:00:00-05:00,459.03480485858825,472.6909421480779,459.03480485858825,470.53570556640625,3534700,0.0,0.0
2022-02-09 00:00:00-05:00,473.95935139517286,477.7071517565432,473.2822747562494,475.00836181640625,2818100,0.0,0.0
2022-02-10 00:00:00-05:00,469.4200303551899,471.3082491828866,462.582443685872,464.15594482421875,2626100,0.0,0.0
2022-02-11 00:00:00-05:00,462.210475547042,467.6939084812612,454.35248705507394,455.9641418457031,2493800,0.0,0.0
2022-02-14 00:00:00-05:00,453.0840894941264,455.5921684746438,447.5720489878485,452.4070129394531,2549500,0.0,0.0
2022-02-15 00:00:00-05:00,453.87569474310357,458.8632453960369,453.1700100349319,456.0595397949219,3001000,0.0,0.0
2022-02-16 00:00:00-05:00,453.4561128544581,459.39730436844536,449.5461805087594,457.795166015625,2651800,0.0,0.0
2022-02-17 00:00:00-05:00,456.0022998834177,457.07037260850274,447.15251702911456,448.5352783203125,2403100,0.0,0.0
2022-02-18 00:00:00-05:00,448.4494437347603,452.90295766118527,445.1879804296399,446.12255859375,2992300,0.0,0.0
2022-02-22 00:00:00-05:00,442.32702053336413,445.5312674586764,436.59566143366146,441.0682373046875,3029800,0.0,0.0
2022-02-23 00:00:00-05:00,445.5313526782845,446.0367810303983,437.56844787567627,438.3122863769531,2840300,0.0,0.0
2022-02-24 00:00:00-05:00,428.680473466472,435.4227188865424,425.07571348690544,434.75518798828125,3933000,0.0,0.0
2022-02-25 00:00:00-05:00,435.47991903339226,453.72306605807836,435.07940632966995,453.6944580078125,3314400,0.0,0.0
2022-02-28 00:00:00-05:00,444.25346149205706,455.18217418044236,444.024567967343,453.8089294433594,3918300,0.0,0.0
2022-03-01 00:00:00-05:00,449.05979597611537,454.8483717827288,446.0462884570611,454.1712951660156,2917600,0.0,0.0
2022-03-02 00:00:00-05:00,456.02140398589864,464.5851071099428,455.7353234450471,462.8780822753906,3675900,0.0,0.0
2022-03-03 00:00:00-05:00,463.469276991349,468.59986747128113,459.86451711219485,464.03192138671875,3139400,0.0,0.0
2022-03-04 00:00:00-05:00,458.4054908343915,476.4960537263572,455.35382934987996,475.5328674316406,4170100,0.0,0.0
2022-03-07 00:00:00-05:00,476.8202234006838,476.8202234006838,460.6273981369897,464.2989196777344,4123300,0.0,0.0
2022-03-08 00:00:00-05:00,456.6030877243249,462.0293048298868,449.6605856232313,451.5106506347656,3849500,0.0,0.0
2022-03-09 00:00:00-05:00,460.2078903316723,465.1096172234838,451.6346702334855,463.0592956542969,3115500,0.0,0.0
2022-03-10 00:00:00-05:00,457.1085025379488,470.82185801874516,455.67804174264126,468.6571044921875,2834800,0.0,0.0
2022-03-11 00:00:00-05:00,466.5910609272936,472.301142882029,461.50270291191083,461.8470153808594,2615000,1.45,0.0
2022-03-14 00:00:00-04:00,469.0492546682537,474.0132979128828,464.15217081117515,466.67724609375,2704100,0.0,0.0
2022-03-15 00:00:00-04:00,468.6666470534335,478.17388708591676,466.093760472251,476.2322692871094,3043000,0.0,0.0
2022-03-16 00:00:00-04:00,478.0686711630574,483.49182675134614,468.676230955543,476.5670471191406,3497100,0.0,0.0
2022-03-17 00:00:00-04:00,474.4054111852807,485.0412697658203,473.6211049114481,484.94561767578125,2357200,0.0,0.0
2022-03-18 00:00:00-04:00,486.5908275208617,488.44636750489457,479.72343229979293,484.08489990234375,5065600,0.0,0.0
2022-03-21 00:00:00-04:00,483.0231802758615,490.6653070035515,482.4014562433356,485.55780029296875,2617700,0.0,0.0
2022-03-22 00:00:00-04:00,487.09768125926007,489.5653710292897,482.86055909043216,483.3196716308594,2752500,0.0,0.0
2022-03-23 00:00:00-04:00,480.4024536103505,484.98391758018437,479.5033764424351,481.3206787109375,2753200,0.0,0.0
2022-03-24 00:00:00-04:00,483.01362140921003,493.32431643808326,481.92324001554397,491.1053161621094,2789200,0.0,0.0
2022-03-25 00:00:00-04:00,491.80347109372406,494.0416191022576,487.06896989024784,490.6940002441406,2551100,0.0,0.0
2022-03-28 00:00:00-04:00,491.92783129830786,494.6250627252272,486.6577132476062,490.8565979003906,2643000,0.0,0.0
2022-03-29 00:00:00-04:00,494.58674246026254,496.96838315665013,485.21342150200377,488.4941101074219,3478400,0.0,0.0
2022-03-30 00:00:00-04:00,492.68332365499134,498.5082052484877,490.1678229197288,498.1447448730469,3041200,0.0,0.0
2022-03-31 00:00:00-04:00,494.58673449026423,499.168227218664,487.4802543225791,487.7671813964844,3979700,0.0,0.0
2022-04-01 00:00:00-04:00,488.4462866847323,492.36781815564717,484.54393233459444,490.2731628417969,2344100,0.0,0.0
2022-04-04 00:00:00-04:00,489.9097481750363,490.1679533900176,482.5640929413752,487.8150634765625,2657500,0.0,0.0
2022-04-05 00:00:00-04:00,487.7959195942935,501.8845948263717,485.88299441941393,495.21807861328125,3268600,0.0,0.0
2022-04-06 00:00:00-04:00,495.6580317321382,510.29195654453895,495.44763797675716,508.5989990234375,3955600,0.0,0.0
2022-04-07 00:00:00-04:00,506.92508424942906,514.8446211341575,505.38519375889854,513.572509765625,2867000,0.0,0.0
2022-04-08 00:00:00-04:00,515.5333676019778,525.0692721872748,514.672527867088,522.1903686523438,3986700,0.0,0.0
2022-04-11 00:00:00-04:00,519.933043668857,523.7684680180504,513.2761013646375,514.041259765625,3574000,0.0,0.0
2022-04-12 00:00:00-04:00,512.099633624579,517.1880218471814,507.67126533296505,510.47369384765625,3575700,0.0,0.0
2022-04-13 00:00:00-04:00,510.1005863414963,514.8446613466939,505.6052009261853,513.620361328125,3012000,0.0,0.0
2022-04-14 00:00:00-04:00,515.0549918396492,529.2010494295882,510.8178704998643,511.53521728515625,4211300,0.0,0.0
2022-04-18 00:00:00-04:00,514.4813006564231,517.4463116232724,507.28868259767944,510.8276062011719,2087100,0.0,0.0
2022-04-19 00:00:00-04:00,512.5587221381193,518.8617775552074,511.93699813893437,514.2899169921875,2207600,0.0,0.0
2022-04-20 00:00:00-04:00,518.5366535481297,524.4858229627087,515.5333469411663,522.2381591796875,2986300,0.0,0.0
2022-04-21 00:00:00-04:00,521.7503459518158,524.1415024410542,512.6926731919459,514.041259765625,2539900,0.0,0.0
2022-04-22 00:00:00-04:00,508.89553447232817,510.12935032147095,497.53275309031505,498.2596740722656,3453300,0.0,0.0
2022-04-25 00:00:00-04:00,497.7431659973955,503.3480228858424,489.45062231886794,501.4446716308594,3030400,0.0,0.0
2022-04-26 00:00:00-04:00,501.4159071324556,503.3479801229845,491.1530828716691,491.4113464355469,2895300,0.0,0.0
2022-04-27 00:00:00-04:00,492.49208785665155,498.22134735823784,487.6237263474425,491.44000244140625,3353700,0.0,0.0
2022-04-28 00:00:00-04:00,494.26162636130584,503.3671690650478,490.8278999143435,501.5881042480469,2582700,0.0,0.0
2022-04-29 00:00:00-04:00,496.26057987077047,497.2649122690701,484.8882551197265,486.4090270996094,2873200,0.0,0.0
2022-05-02 00:00:00-04:00,488.5706391301978,491.1530997240652,471.8612369986837,479.3312072753906,3184300,0.0,0.0
2022-05-03 00:00:00-04:00,479.3121574214523,483.5110134953371,475.82107440496407,477.8678894042969,2763400,0.0,0.0
2022-05-04 00:00:00-04:00,477.75305975366143,487.5759199637079,471.6221310997977,485.51953125,4002600,0.0,0.0
2022-05-05 00:00:00-04:00,485.1273915014583,488.4367731430089,467.9302124809335,473.1811828613281,3359700,0.0,0.0
2022-05-06 00:00:00-04:00,463.8939833708898,479.7330033444787,463.88440940343577,477.8678894042969,3260300,0.0,0.0
2022-05-09 00:00:00-04:00,469.0492254350973,473.0950725016002,463.33914288357005,465.2425231933594,3862700,0.0,0.0
2022-05-10 00:00:00-04:00,472.31080774551094,474.7402309922329,460.17329466755444,466.7633361816406,4275500,0.0,0.0
2022-05-11 00:00:00-04:00,463.3009595402427,478.72867764916447,463.3009595402427,464.98431396484375,3936300,0.0,0.0
2022-05-12 00:00:00-04:00,464.9364792141288,465.69209284674173,450.89561514527816,457.95428466796875,3997600,0.0,0.0
2022-05-13 00:00:00-04:00,460.03938893648484,465.7972832439318,455.0944644827409,464.2669372558594,2453400,0.0,0.0
2022-05-16 00:00:00-04:00,464.27650369065293,473.9845930237716,463.0713515013963,467.9206237792969,2338800,0.0,0.0
2022-05-17 00:00:00-04:00,472.4924572886811,473.18111143042375,467.193647064409,471.0864562988281,2289000,0.0,0.0
2022-05-18 00:00:00-04:00,467.00248637361244,467.9111084235669,447.9688553278838,450.8573913574219,3240500,0.0,0.0
2022-05-19 00:00:00-04:00,444.10467569303563,460.6131986201341,443.15775796810436,457.7151184082031,3813800,0.0,0.0
2022-05-20 00:00:00-04:00,460.42193225171997,466.24678549210347,451.7468101955584,464.5825500488281,3068200,0.0,0.0
2022-05-23 00:00:00-04:00,465.11816988567745,474.15672324194196,465.11816988567745,470.65606689453125,2279800,0.0,0.0
2022-05-24 00:00:00-04:00,469.42228077320846,476.3948720093828,467.3850107947256,475.89752197265625,2658100,0.0,0.0
2022-05-25 00:00:00-04:00,476.81569082863166,480.4406919969274,469.87179269646657,476.4044189453125,3161600,0.0,0.0
2022-05-26 00:00:00-04:00,479.89547979178724,485.17517141089024,477.6669350359994,480.3641662597656,2705800,0.0,0.0
2022-05-27 00:00:00-04:00,469.62311015599704,485.0317077636719,468.08321946738937,485.0317077636719,3349100,0.0,0.0
2022-05-31 00:00:00-04:00,481.6936899391056,482.16234727264793,474.08025581604596,475.1514892578125,4003100,0.0,0.0
2022-06-01 00:00:00-04:00,476.62445985436545,479.5512331367625,466.5433356655963,471.10565185546875,1765900,0.0,0.0
2022-06-02 00:00:00-04:00,472.49245188084893,474.54884031744564,461.9426721896085,470.8282165527344,2093500,0.0,0.0
2022-06-03 00:00:00-04:00,467.0693221003928,470.2639325524995,463.7886627144483,464.4677429199219,1756900,0.0,0.0
2022-06-06 00:00:00-04:00,468.12142876834906,472.1385828958494,465.11815173252273,468.8387756347656,1781500,0.0,0.0
2022-06-07 00:00:00-04:00,468.1883986178871,475.9452955628566,465.9120131739918,475.45751953125,2341900,0.0,0.0
2022-06-08 00:00:00-04:00,472.4925073233098,476.2227054907096,467.27977466613805,472.04296875,3268100,0.0,0.0
2022-06-09 00:00:00-04:00,471.4212981745969,474.8454214918866,466.3807215145272,468.1214904785156,3148800,0.0,0.0
2022-06-10 00:00:00-04:00,463.6930388328711,468.81969334841455,459.99153338455955,463.53045654296875,2599900,0.0,0.0
2022-06-13 00:00:00-04:00,454.4440731174435,460.38369760309615,446.91671723649637,449.25048828125,3764600,0.0,0.0
2022-06-14 00:00:00-04:00,447.14629730406364,448.75314758101234,437.50516645344703,441.6466369628906,3814200,0.0,0.0
2022-06-15 00:00:00-04:00,443.9899727045822,448.6001004825683,436.6251986422756,444.1142883300781,2550700,0.0,0.0
2022-06-16 00:00:00-04:00,435.2066342589951,439.43967986264073,432.59577719596473,437.7886962890625,3135600,1.65,0.0
2022-06-17 00:00:00-04:00,432.66300864937,442.94324631007584,431.6551531251305,433.9204406738281,5277400,0.0,0.0
2022-06-21 00:00:00-04:00,439.4396858387362,465.6538288487282,438.7581838540011,461.04644775390625,5726800,0.0,0.0
2022-06-22 00:00:00-04:00,456.63099762849555,476.02045298571346,455.4983539907387,470.03082275390625,5061000,0.0,0.0
2022-06-23 00:00:00-04:00,475.08939293897606,483.37307650527356,472.2193513006577,479.7543640136719,4687700,0.0,0.0
2022-06-24 00:00:00-04:00,479.39918576489214,479.70635229124036,467.0360113629928,475.7516784667969,15861100,0.0,0.0
2022-06-27 00:00:00-04:00,473.05443571584794,491.3496512505455,472.8144673451091,485.36962890625,3907100,0.0,0.0
2022-06-28 00:00:00-04:00,491.532039547125,497.79998305349596,484.812895736845,488.0380859375,4978200,0.0,0.0
2022-06-29 00:00:00-04:00,488.4316404417026,497.8864003548276,485.7056031939362,495.0163879394531,3823400,0.0,0.0
2022-06-30 00:00:00-04:00,492.9429996279448,495.60186783789374,489.2666971951844,493.0198059082031,3568900,0.0,0.0
2022-07-01 00:00:00-04:00,491.76243667769563,496.7633990914012,482.15409282397593,496.63861083984375,2426600,0.0,0.0
2022-07-05 00:00:00-04:00,487.27021159981575,490.49537259182694,472.49774394975896,484.96649169921875,3029600,0.0,0.0
2022-07-06 00:00:00-04:00,485.35041572195263,496.6480861665694,484.064159546534,494.6131591796875,2506700,0.0,0.0
2022-07-07 00:00:00-04:00,494.57480080039375,496.54252967831854,491.6759642005271,493.7397155761719,2385400,0.0,0.0
2022-07-08 00:00:00-04:00,491.7528061234081,507.16837268156473,490.5049822508212,497.8192138671875,3092100,0.0,0.0
2022-07-11 00:00:00-04:00,494.20047305998446,500.54522305144314,491.2728705020131,496.2066345214844,1743600,0.0,0.0
2022-07-12 00:00:00-04:00,492.65507110485595,498.308740048713,490.13059912716847,493.7781066894531,2706500,0.0,0.0
2022-07-13 00:00:00-04:00,487.6829051165633,491.32080435890816,481.07897117026164,481.126953125,3467700,0.0,0.0
2022-07-14 00:00:00-04:00,475.1373731400361,485.5904094097636,472.52651609974805,482.26922607421875,3765500,0.0,0.0
2022-07-15 00:00:00-04:00,504.95104543807065,510.6430881993002,494.76680177723733,508.49298095703125,5742500,0.0,0.0
2022-07-18 00:00:00-04:00,509.6926883320692,510.80611550801865,497.9342411906985,498.52935791015625,3212000,0.0,0.0
2022-07-19 00:00:00-04:00,500.1805922978236,512.4189814880394,499.70065546683475,512.0446166992188,2953500,0.0,0.0
2022-07-20 00:00:00-04:00,512.0444977620816,512.6203983910831,495.03550995792546,498.62542724609375,4327500,0.0,0.0
2022-07-21 00:00:00-04:00,498.54866499636574,501.5050329202876,490.62970935567245,501.4954833984375,2667600,0.0,0.0
2022-07-22 00:00:00-04:00,504.8934549533694,506.4292291005653,497.59843987514654,500.48760986328125,1850300,0.0,0.0
2022-07-25 00:00:00-04:00,504.9798636733467,511.5069916046602,503.1848463708585,508.22418212890625,2337200,0.0,0.0
2022-07-26 00:00:00-04:00,512.3804687565166,516.0664088187816,509.7216589679801,510.2591857910156,2637800,0.0,0.0
2022-07-27 00:00:00-04:00,512.1308873066297,516.277547866731,506.85158304418115,513.157958984375,2268100,0.0,0.0
2022-07-28 00:00:00-04:00,515.9222866151334,522.4974538204074,510.40301518322553,519.7617797851562,2344500,0.0,0.0
2022-07-29 00:00:00-04:00,518.3412981648885,522.0271795971113,515.1545111142199,520.5778198242188,2945700,0.0,0.0
2022-08-01 00:00:00-04:00,520.510575582455,521.8352055822478,509.6927834461549,513.8970336914062,2335000,0.0,0.0
2022-08-02 00:00:00-04:00,515.9799797269758,518.84044254846,510.3839009098666,513.973876953125,2114200,0.0,0.0
2022-08-03 00:00:00-04:00,515.7016422393856,521.8064235944133,514.1946338250042,518.9556274414062,1802900,0.0,0.0
2022-08-04 00:00:00-04:00,517.6501363654396,518.7444061688224,511.3821931459027,512.3324584960938,2368000,0.0,0.0
2022-08-05 00:00:00-04:00,508.7327659183227,514.0120682061544,506.3906731053716,513.5897216796875,2373400,0.0,0.0
2022-08-08 00:00:00-04:00,518.2451714671759,519.5794094247113,512.0156030777555,515.0679931640625,1656400,0.0,0.0
2022-08-09 00:00:00-04:00,518.3315815519011,523.8412449153753,514.8568448957864,515.7015380859375,2147200,0.0,0.0
2022-08-10 00:00:00-04:00,518.581182195024,520.2321362253886,512.3899874091178,516.14306640625,2291400,0.0,0.0
2022-08-11 00:00:00-04:00,516.6423040564213,517.0166687826409,508.41618111851625,511.4781799316406,3006200,0.0,0.0
2022-08-12 00:00:00-04:00,514.1177771358108,522.5551018073872,513.0043497709117,521.8831787109375,1981000,0.0,0.0
2022-08-15 00:00:00-04:00,519.9346069696524,525.2523430883903,516.9494147632121,522.7854614257812,1447300,0.0,0.0
2022-08-16 00:00:00-04:00,523.3325956744054,525.4730946013908,520.6257456655509,524.2060546875,1773000,0.0,0.0
2022-08-17 00:00:00-04:00,523.3613416780572,525.809007030001,519.8386228492911,523.1309814453125,1471700,0.0,0.0
2022-08-18 00:00:00-04:00,523.1405661491559,526.1353662129014,520.0785679228626,523.3421020507812,1486400,0.0,0.0
2022-08-19 00:00:00-04:00,523.6110206569138,530.9348605181543,522.9583136743198,526.31787109375,2258000,0.0,0.0
2022-08-22 00:00:00-04:00,519.665992710617,527.4697699208643,519.6275602707894,522.7183837890625,1672900,0.0,0.0
2022-08-23 00:00:00-04:00,521.4896134989012,521.4896134989012,511.8141315286074,514.3001708984375,2039600,0.0,0.0
2022-08-24 00:00:00-04:00,515.1448598513538,518.1972502956595,513.5514957525114,514.9337158203125,1761200,0.0,0.0
2022-08-25 00:00:00-04:00,513.5419767350536,520.2706999481915,509.93284267711687,519.8387451171875,1965800,0.0,0.0
2022-08-26 00:00:00-04:00,520.5010879540646,521.3937634064599,507.02442459084256,508.01312255859375,1906700,0.0,0.0
2022-08-29 00:00:00-04:00,504.89349545931725,511.5166464957633,501.889086512382,508.5122375488281,1594000,0.0,0.0
2022-08-30 00:00:00-04:00,509.1264504652624,509.7792159664891,500.85234601918006,501.8602600097656,2013400,0.0,0.0
2022-08-31 00:00:00-04:00,499.92132152091034,505.94929661471934,498.32789870840566,498.4911193847656,2891300,0.0,0.0
2022-09-01 00:00:00-04:00,498.4910709407458,503.22323978870025,494.4212170845104,502.9736633300781,2085300,0.0,0.0
2022-09-02 00:00:00-04:00,508.3681855222437,508.5313476090279,493.1925882146024,495.6306457519531,1944200,0.0,0.0
2022-09-06 00:00:00-04:00,499.0669722405023,506.28523899086974,496.17774391879334,496.9072570800781,2711900,0.0,0.0
2022-09-07 00:00:00-04:00,496.2546249914446,502.4938030619366,494.02771132672973,500.746826171875,2504400,0.0,0.0
2022-09-08 00:00:00-04:00,500.0460973523594,507.283522246012,497.991954060003,506.3428649902344,1557500,0.0,0.0
2022-09-09 00:00:00-04:00,508.23982470653993,508.23982470653993,503.1846762812559,504.8793640136719,2495500,1.65,0.0
2022-09-12 00:00:00-04:00,505.51468290441176,515.1628105159086,503.1074701286764,511.53271484375,2792000,0.0,0.0
2022-09-13 00:00:00-04:00,504.5518992969842,505.76514418320335,492.96839026523867,494.8845520019531,3172500,0.0,0.0
2022-09-14 00:00:00-04:00,494.923052083546,496.2518385203004,487.31626396936423,490.85003662109375,2648100,0.0,0.0
2022-09-15 00:00:00-04:00,497.1376616965461,508.3841547911751,495.05785533631393,503.5023193359375,3058100,0.0,0.0
2022-09-16 00:00:00-04:00,499.2753427183778,503.41573807082744,497.88878542961896,501.68255615234375,3981700,0.0,0.0
2022-09-19 00:00:00-04:00,499.342748021524,504.55193199502486,493.9312781940706,504.1186218261719,2130800,0.0,0.0
2022-09-20 00:00:00-04:00,504.7830417266088,505.1970754036352,495.70303929449295,503.396484375,2421700,0.0,0.0
2022-09-21 00:00:00-04:00,505.54368642422753,508.41306575032365,493.01653953676777,493.0743103027344,2427700,0.0,0.0
2022-09-22 00:00:00-04:00,492.06332425912115,501.6343780907252,487.32591516683016,498.25469970703125,2285600,0.0,0.0
2022-09-23 00:00:00-04:00,494.499383357037,495.55853370274093,487.5858738010736,494.5475158691406,2536900,0.0,0.0
2022-09-26 00:00:00-04:00,488.55836958869605,493.5461082179526,480.4797480961031,489.4923400878906,2867400,0.0,0.0
2022-09-27 00:00:00-04:00,491.42775419687587,497.6094612206126,484.8897549372556,489.5019836425781,2583400,0.0,0.0
2022-09-28 00:00:00-04:00,487.682178980928,497.10883471435295,482.21296790149114,494.86529541015625,3027300,0.0,0.0
2022-09-29 00:00:00-04:00,495.6645170805758,495.6645170805758,483.82100948560924,489.9449462890625,2392000,0.0,0.0
2022-09-30 00:00:00-04:00,492.1307066301543,497.37841413929635,486.1030349559639,486.2956237792969,3116000,0.0,0.0
2022-10-03 00:00:00-04:00,488.2598987057542,498.5916692666686,486.6422583424494,496.3770446777344,2562400,0.0,0.0
2022-10-04 00:00:00-04:00,499.11157135216445,505.1200249860886,497.64802566082363,503.752685546875,3189800,0.0,0.0
2022-10-05 00:00:00-04:00,501.66321406424515,509.7032823748006,500.82550860031336,507.5079345703125,2281800,0.0,0.0
2022-10-06 00:00:00-04:00,508.72113459884577,508.96185588958417,497.56126970148085,499.8625793457031,2187300,0.0,0.0
2022-10-07 00:00:00-04:00,495.0867088744537,495.0867088744537,482.4632969351544,486.1126403808594,3273700,0.0,0.0
2022-10-10 00:00:00-04:00,486.83480700191353,487.51844732792887,476.6474642095235,480.3449401855469,2459100,0.0,0.0
2022-10-11 00:00:00-04:00,478.525144178958,488.01917983577727,476.8015711364477,481.2597351074219,2844500,0.0,0.0
2022-10-12 00:00:00-04:00,483.49361839528683,489.38647194914097,479.7190949493603,481.4041442871094,2254300,0.0,0.0
2022-10-13 00:00:00-04:00,475.1357789405997,494.41270332824985,469.63768253644423,490.98486328125,3999700,0.0,0.0
2022-10-14 00:00:00-04:00,500.70040615563806,510.2425745757501,492.9299139538779,494.08538818359375,5628900,0.0,0.0
2022-10-17 00:00:00-04:00,498.5242303168764,504.8503938473383,496.15557007021164,502.5105895996094,3282300,0.0,0.0
2022-10-18 00:00:00-04:00,512.2549642708082,512.2549642708082,499.092339069258,502.8283386230469,2345500,0.0,0.0
2022-10-19 00:00:00-04:00,502.37573394957906,504.3785516973015,495.50071925536673,501.0084533691406,2500500,0.0,0.0
2022-10-20 00:00:00-04:00,503.6371436167549,509.77071826649336,500.48854865422163,501.5476989746094,2390800,0.0,0.0
2022-10-21 00:00:00-04:00,498.8323794669883,516.6169023490037,498.78424695371103,513.9207763671875,2896000,0.0,0.0
2022-10-24 00:00:00-04:00,518.0997026631928,526.1975422124648,517.8397048247153,521.4986572265625,2627100,0.0,0.0
2022-10-25 00:00:00-04:00,517.8299958873262,523.7324866977717,514.0844172304757,520.1697998046875,2411900,0.0,0.0
2022-10-26 00:00:00-04:00,521.2868324993345,527.3145036964706,520.1602731882907,523.0103759765625,2863500,0.0,0.0
2022-10-27 00:00:00-04:00,526.236072141032,526.236072141032,519.7269583673981,521.6912231445312,2212100,0.0,0.0
2022-10-28 00:00:00-04:00,524.7436344878474,532.4756325516115,523.5111717214737,530.7809448242188,2761900,0.0,0.0
2022-10-31 00:00:00-04:00,534.4012590513764,537.3861795129143,529.7120130654321,534.5457153320312,2770400,0.0,0.0
2022-11-01 00:00:00-04:00,534.4014175331743,535.0658108354964,524.0214843128155,526.996826171875,3338900,0.0,0.0
2022-11-02 00:00:00-04:00,524.204350958305,533.9969365988231,522.9141175904516,523.2607421875,2696200,0.0,0.0
2022-11-03 00:00:00-04:00,521.6334303340228,527.5359214416156,518.157428790226,523.4340209960938,2245300,0.0,0.0
2022-11-04 00:00:00-04:00,526.7464103565951,527.4300801010729,507.57538921008324,518.1959838867188,3513100,0.0,0.0
2022-11-07 00:00:00-05:00,518.1959486931913,526.6501095634153,515.5961467132668,524.791748046875,2540300,0.0,0.0
2022-11-08 00:00:00-05:00,526.7464304498008,534.2087920750256,521.8838710802389,532.5237426757812,2797000,0.0,0.0
2022-11-09 00:00:00-05:00,533.2265517082194,534.0257040461473,519.4187531834993,520.5934448242188,2672600,0.0,0.0
2022-11-10 00:00:00-05:00,528.5566099396342,531.2238209728066,514.1326072449938,523.9732666015625,3426400,0.0,0.0
2022-11-11 00:00:00-05:00,526.0049587482532,526.0049587482532,490.73443955221177,502.703125,7034300,0.0,0.0
2022-11-14 00:00:00-05:00,502.62617757755476,509.3470988468532,494.3549661529325,494.682373046875,5238400,0.0,0.0
2022-11-15 00:00:00-05:00,493.7772065342916,497.4650736753482,482.1840593369591,484.3409423828125,5103800,0.0,0.0
2022-11-16 00:00:00-05:00,487.1140754705621,495.04824121544914,486.70965070112237,492.53509521484375,3430800,0.0,0.0
2022-11-17 00:00:00-05:00,493.15133587633767,507.42130384115774,493.15133587633767,496.1844482421875,4246300,0.0,0.0
2022-11-18 00:00:00-05:00,502.7417126135092,513.2179103059589,500.18046334764375,510.3292541503906,3566000,0.0,0.0
2022-11-21 00:00:00-05:00,509.3759397075166,512.2068247166626,496.25180894016756,497.99462890625,3349600,0.0,0.0
2022-11-22 00:00:00-05:00,500.6426382085298,505.18742909590867,500.61372343693984,503.6757507324219,2567400,0.0,0.0
2022-11-23 00:00:00-05:00,505.5148676615313,510.75296692676153,503.5890967371064,510.0500793457031,2238300,0.0,0.0
2022-11-25 00:00:00-05:00,514.1808024325965,520.7765438996771,512.7557508501874,517.6664428710938,1419200,0.0,0.0
2022-11-28 00:00:00-05:00,515.9429456579029,519.5537662250767,511.95658564697504,512.5150756835938,2699900,0.0,0.0
2022-11-29 00:00:00-05:00,511.9372150059366,513.1889541517717,504.2149148029416,508.4034423828125,3751000,0.0,0.0
2022-11-30 00:00:00-05:00,510.059624562209,527.7382451256818,507.9027706749527,527.4301147460938,9688900,0.0,0.0
2022-12-01 00:00:00-05:00,531.8592540849154,532.4755147166567,515.9138775501617,516.982666015625,2997800,0.0,0.0
2022-12-02 00:00:00-05:00,514.6356793603397,520.2182813115156,514.2589823892206,517.8519287109375,2346200,1.65,0.0
2022-12-05 00:00:00-05:00,513.3415559798003,521.9280092266426,512.7523993912484,516.7703247070312,2424800,0.0,0.0
2022-12-06 00:00:00-05:00,516.1714080656951,522.1307665719704,515.9975615107935,520.9041137695312,3097700,0.0,0.0
2022-12-07 00:00:00-05:00,522.3722560393475,527.2690816245656,521.2035520301627,524.3715209960938,2849100,0.0,0.0
2022-12-08 00:00:00-05:00,526.2550004716966,532.4654323066623,525.2119209845835,529.2105102539062,2272300,0.0,0.0
2022-12-09 00:00:00-05:00,529.2200279973216,529.7609035244855,520.4693988554492,520.7881469726562,2852400,0.0,0.0
2022-12-12 00:00:00-05:00,523.3478034635317,527.4334046988829,520.8656113328673,527.2208862304688,2714100,0.0,0.0
2022-12-13 00:00:00-05:00,531.7602712398699,532.1755811478155,516.8281557320062,519.8416137695312,3369700,0.0,0.0
2022-12-14 00:00:00-05:00,523.4249716889624,524.9220327994706,513.4187437395456,519.9768676757812,2654600,0.0,0.0
2022-12-15 00:00:00-05:00,515.7560623104036,515.8333470908866,507.52697224390903,509.6615295410156,2963800,0.0,0.0
2022-12-16 00:00:00-05:00,507.21800428994294,507.85544168057737,498.10995363537916,505.8175048828125,7109100,0.0,0.0
2022-12-19 00:00:00-05:00,506.68683149092584,509.20775447086646,503.14216488987245,505.7209777832031,1808100,0.0,0.0
2022-12-20 00:00:00-05:00,508.99511115101325,508.99511115101325,501.9540605711606,502.4466552734375,2086100,0.0,0.0
2022-12-21 00:00:00-05:00,505.74987540482414,509.8547527999832,500.4086772271042,509.5263366699219,2182000,0.0,0.0
2022-12-22 00:00:00-05:00,508.50252041527904,510.946158011983,503.8181546257081,509.09173583984375,1851600,0.0,0.0
2022-12-23 00:00:00-05:00,506.2038380354028,513.1676635742188,505.0448608994487,513.1676635742188,1292300,0.0,0.0
2022-12-27 00:00:00-05:00,515.6980987743037,517.5429117808226,511.7574003961237,513.8243408203125,1596700,0.0,0.0
2022-12-28 00:00:00-05:00,516.7992186355167,519.7740638027412,509.70982829080344,510.4052734375,1694200,0.0,0.0
2022-12-29 00:00:00-05:00,514.3556129336835,515.4567000960454,510.80127904995436,511.7864685058594,1379700,0.0,0.0
2022-12-30 00:00:00-05:00,511.90238634363396,512.3853131232034,506.91860791692716,512.0762329101562,1849600,0.0,0.0
2023-01-03 00:00:00-05:00,507.1986779405206,507.6816047141047,494.67152677921746,500.9302978515625,3525600,0.0,0.0
2023-01-04 00:00:00-05:00,500.9302847547783,500.9302847547783,483.50627896627014,487.2731018066406,5070400,0.0,0.0
2023-01-05 00:00:00-05:00,483.9023140574681,484.9454229600523,471.819476276843,473.2296142578125,5497100,0.0,0.0
2023-01-06 00:00:00-05:00,474.80392253504004,476.0402138464533,470.8922276172312,473.2682189941406,4841300,0.0,0.0
2023-01-09 00:00:00-05:00,475.59596419749556,482.917121354397,471.8581155642225,473.3262023925781,3702800,0.0,0.0
2023-01-10 00:00:00-05:00,472.15750412998045,473.72218213281155,466.1981748794646,469.4048156738281,3164000,0.0,0.0
2023-01-11 00:00:00-05:00,468.71909608865974,478.6770442253419,468.4389902949276,476.5521545410156,4274200,0.0,0.0
2023-01-12 00:00:00-05:00,473.26822645942354,481.70013832977213,468.65144779665616,478.74462890625,3726800,0.0,0.0
2023-01-13 00:00:00-05:00,469.5110612415226,492.1023902225563,469.4048314978653,472.8529357910156,5390100,0.0,0.0
2023-01-17 00:00:00-05:00,474.4272839415424,476.1078597161037,467.2606375045589,468.5162353515625,4495600,0.0,0.0
2023-01-18 00:00:00-05:00,471.3848165247053,472.78531597202823,458.5389760116862,459.97808837890625,4398200,0.0,0.0
2023-01-19 00:00:00-05:00,461.5524208152541,469.7815117400303,461.08882998603434,467.82080078125,4549600,0.0,0.0
2023-01-20 00:00:00-05:00,468.95085169611957,470.3609895620585,462.64382947952146,470.1002197265625,3525900,0.0,0.0
2023-01-23 00:00:00-05:00,470.0616013538322,473.3648334831287,464.9522572672008,469.2213134765625,3418700,0.0,0.0
2023-01-24 00:00:00-05:00,483.17792474886545,483.17792474886545,463.6097216487761,474.8136291503906,3036300,0.0,0.0
2023-01-25 00:00:00-05:00,472.57284211491987,478.44521895771857,469.14407366948575,475.6828918457031,3037300,0.0,0.0
2023-01-26 00:00:00-05:00,475.68285016004563,479.4979832865585,473.8283984653243,475.6635437011719,3005000,0.0,0.0
2023-01-27 00:00:00-05:00,476.52314936626686,476.52314936626686,467.9270588806954,469.4530944824219,3177100,0.0,0.0
2023-01-30 00:00:00-05:00,471.15300937425553,478.33896201475943,468.2457808089989,469.2019958496094,3606900,0.0,0.0
2023-01-31 00:00:00-05:00,480.99504116104106,488.2389423833459,476.29133935010594,482.1444091796875,5567000,0.0,0.0
2023-02-01 00:00:00-05:00,482.8784543326653,487.1571781325568,478.74460265823683,480.0291748046875,3451200,0.0,0.0
2023-02-02 00:00:00-05:00,477.3827783785774,478.0975005634179,448.0498111914046,454.7528076171875,11169900,0.0,0.0
2023-02-03 00:00:00-05:00,459.0025716167624,462.4313397679969,453.7096838002034,455.90216064453125,5440100,0.0,0.0
2023-02-06 00:00:00-05:00,455.88288143891117,462.6148819476545,454.926695844328,459.0122375488281,4174200,0.0,0.0
2023-02-07 00:00:00-05:00,454.9556410193249,461.7552284388438,453.01426605162334,460.5962219238281,3394600,0.0,0.0
2023-02-08 00:00:00-05:00,459.2343920119245,468.4776176282705,458.8866694040734,466.7197570800781,3466400,0.0,0.0
2023-02-09 00:00:00-05:00,469.0474212099232,472.97845187222947,465.9277039181909,469.1440124511719,3664600,0.0,0.0
2023-02-10 00:00:00-05:00,472.42791234386436,478.73493432189724,472.0608833093021,477.3730773925781,3418100,0.0,0.0
2023-02-13 00:00:00-05:00,477.1316691627193,482.8012249688745,474.9681665727688,478.4355773925781,2589000,0.0,0.0
2023-02-14 00:00:00-05:00,477.4118155201089,480.9468434651034,472.38936468038105,476.00164794921875,2072600,0.0,0.0
2023-02-15 00:00:00-05:00,472.93021426631594,475.0357680621038,471.71325876100065,474.4755859375,2242500,0.0,0.0
2023-02-16 00:00:00-05:00,474.3789104757144,477.13159867084005,470.63139441784597,470.70867919921875,2611500,0.0,0.0
2023-02-17 00:00:00-05:00,470.73770862353405,482.4052065558685,470.7087341960109,482.0381774902344,3891500,0.0,0.0
2023-02-21 00:00:00-05:00,479.73947311653,484.27896714500156,473.75116927836245,474.53350830078125,2877300,0.0,0.0
2023-02-22 00:00:00-05:00,475.9822657261003,477.0254040227937,471.98364752346885,472.1961364746094,2982800,0.0,0.0
2023-02-23 00:00:00-05:00,470.042270739438,476.48449711779443,469.2792382166,474.9005126953125,2511800,0.0,0.0
2023-02-24 00:00:00-05:00,472.8625399179677,475.69251305255364,466.5169048732401,467.79180908203125,2940400,0.0,0.0
2023-02-27 00:00:00-05:00,472.08019851933847,474.176113556638,465.5027386268752,466.8163146972656,3006200,0.0,0.0
2023-02-28 00:00:00-05:00,466.1885287373237,466.8549405447513,457.73731048681947,459.6883239746094,3902100,0.0,0.0
2023-03-01 00:00:00-05:00,457.4378803970251,462.07399506891824,455.88287034768604,458.992919921875,2996900,0.0,0.0
2023-03-02 00:00:00-05:00,458.9832189292349,464.02497521840024,457.0901543823995,461.3882141113281,2188800,0.0,0.0
2023-03-03 00:00:00-05:00,461.62001710794846,462.7404106879227,458.027040963724,462.2188415527344,2863300,0.0,0.0
2023-03-06 00:00:00-05:00,464.93297879326644,467.81123335579457,462.64391029972387,464.3631286621094,3812700,0.0,0.0
2023-03-07 00:00:00-05:00,466.4879423349618,467.29925575232517,456.4237357168041,457.69866943359375,2589200,0.0,0.0
2023-03-08 00:00:00-05:00,455.6413958134371,459.1571167571476,450.82179620456367,454.5306701660156,3036600,0.0,0.0
2023-03-09 00:00:00-05:00,457.7662974056146,457.7662974056146,447.91457950025637,449.03497314453125,2780400,0.0,0.0
2023-03-10 00:00:00-05:00,448.56002523252937,454.4630201886468,443.53909107406105,446.1949462890625,3787500,1.65,0.0
2023-03-13 00:00:00-04:00,444.56653170506996,455.9266545952997,444.56653170506996,449.44207763671875,2971600,0.0,0.0
2023-03-14 00:00:00-04:00,450.38228026099074,455.41291657827304,444.9542300048689,450.3144226074219,3258200,0.0,0.0
2023-03-15 00:00:00-04:00,446.8346397850231,454.4823803607798,445.138376013165,451.1383056640625,3770200,0.0,0.0
2023-03-16 00:00:00-04:00,450.44043636108086,458.85392758514257,448.87988780902145,457.5259704589844,2940500,0.0,0.0
2023-03-17 00:00:00-04:00,456.91532260167617,457.5162798985601,451.981592165209,455.0833435058594,5290000,0.0,0.0
2023-03-20 00:00:00-04:00,455.56796473228496,465.0864344138817,455.56796473228496,462.3142395019531,3119400,0.0,0.0
2023-03-21 00:00:00-04:00,463.70039580693077,466.66643196078087,461.1123687885154,465.3578796386719,3163300,0.0,0.0
2023-03-22 00:00:00-04:00,467.1511298132024,470.8247317897499,460.2400607143002,460.9185485839844,2632200,0.0,0.0
2023-03-23 00:00:00-04:00,462.7504761619987,465.9103828664326,452.34027202549345,455.48077392578125,3284900,0.0,0.0
2023-03-24 00:00:00-04:00,454.5793559613541,462.2367700375101,453.23202356154746,461.37408447265625,2533200,0.0,0.0
2023-03-27 00:00:00-04:00,470.64051597435713,471.35781338407196,463.8942405095295,467.10260009765625,2271800,0.0,0.0
2023-03-28 00:00:00-04:00,467.19951482357595,468.9345586487161,456.2368065828481,458.0687561035156,2369500,0.0,0.0
2023-03-29 00:00:00-04:00,460.52109717453175,461.26747222517326,450.67309960756603,452.2627258300781,3733200,0.0,0.0
2023-03-30 00:00:00-04:00,452.2433343775253,455.9654183533141,446.92189225375034,455.62615966796875,3324600,0.0,0.0
2023-03-31 00:00:00-04:00,457.0413398864047,461.38378616992344,455.6649594423197,458.0784912109375,3996700,0.0,0.0
2023-04-03 00:00:00-04:00,470.301257915685,480.89562966981384,468.64374459216816,479.01519775390625,4729100,0.0,0.0
2023-04-04 00:00:00-04:00,477.8908191676399,480.86655759867665,476.73735742506204,478.10406494140625,2624700,0.0,0.0
2023-04-05 00:00:00-04:00,482.1170108885871,496.0263519128664,480.86661372462703,493.59344482421875,4964800,0.0,0.0
2023-04-06 00:00:00-04:00,495.3090574144189,498.4495593890181,491.5772709287592,497.0634765625,3472600,0.0,0.0
2023-04-10 00:00:00-04:00,495.1248485495204,499.56422968693244,492.4883688429918,499.36065673828125,2714500,0.0,0.0
2023-04-11 00:00:00-04:00,500.2912545091877,506.1845174913887,499.3994617271119,504.972900390625,3065300,0.0,0.0
2023-04-12 00:00:00-04:00,508.8596973643302,510.52691299609074,504.07138496988705,505.18609619140625,3422400,0.0,0.0
2023-04-13 00:00:00-04:00,507.8226122386253,514.1618305988477,504.5173469093057,510.0713806152344,4224400,0.0,0.0
2023-04-14 00:00:00-04:00,505.9713094580401,511.05039896078733,492.88584455826316,496.0748291015625,4872000,0.0,0.0
2023-04-17 00:00:00-04:00,493.09912634599095,493.9424071904261,487.31244137361045,489.8326110839844,3660900,0.0,0.0
2023-04-18 00:00:00-04:00,488.20413234393624,491.4221646926509,482.8439397894176,488.9892578125,3232000,0.0,0.0
2023-04-19 00:00:00-04:00,485.2768438777915,486.5563185527176,468.77947715037453,471.27056884765625,5809100,0.0,0.0
2023-04-20 00:00:00-04:00,470.562997393909,474.61463781999987,468.4208666737788,472.49188232421875,3283000,0.0,0.0
2023-04-21 00:00:00-04:00,474.9926302471957,475.66144517823307,467.3352169454327,468.963623046875,3165300,0.0,0.0
2023-04-24 00:00:00-04:00,468.56625978796194,475.16714735963455,467.8295871279354,473.92645263671875,2322400,0.0,0.0
2023-04-25 00:00:00-04:00,477.5515844594619,483.1928805554358,475.51606189508533,476.81494140625,2937300,0.0,0.0
2023-04-26 00:00:00-04:00,470.95074351173577,472.7245676164599,463.67133807726674,468.12042236328125,2930000,0.0,0.0
2023-04-27 00:00:00-04:00,467.3934065657176,475.9038035694748,467.3934065657176,475.4094543457031,2473200,0.0,0.0
2023-04-28 00:00:00-04:00,473.68411333646367,478.79228019226787,473.1316088599674,476.9797058105469,2398400,0.0,0.0
2023-05-01 00:00:00-04:00,479.40295048534057,484.0555778281867,476.7083152783841,480.4788818359375,2105600,0.0,0.0
2023-05-02 00:00:00-04:00,480.04267911533606,481.4578395587105,474.2462924520022,478.23980712890625,2152300,0.0,0.0
2023-05-03 00:00:00-04:00,479.2187906772353,480.2365667920841,473.04439465303625,474.4111022949219,1749700,0.0,0.0
2023-05-04 00:00:00-04:00,472.094465139362,474.65341459968715,467.15109113913434,472.3174133300781,2555700,0.0,0.0
2023-05-05 00:00:00-04:00,478.8892322349422,485.4707445917703,476.9215672516219,479.10247802734375,2328500,0.0,0.0
2023-05-08 00:00:00-04:00,476.9312614125387,479.1703274038145,473.32548780910184,477.4934387207031,1738500,0.0,0.0
2023-05-09 00:00:00-04:00,477.70668925549086,484.0652533706716,475.24467504866624,475.3222351074219,2038600,0.0,0.0
2023-05-10 00:00:00-04:00,474.37234973053353,478.31738234575363,472.66641286542284,475.02178955078125,2018700,0.0,0.0
2023-05-11 00:00:00-04:00,473.01528051745265,475.0701782327233,470.7471370252864,473.751953125,2384200,0.0,0.0
2023-05-12 00:00:00-04:00,473.7519313624283,477.76479133177185,472.7729353979483,476.1460876464844,1536500,0.0,0.0
2023-05-15 00:00:00-04:00,476.31087964404543,476.6889183550318,468.84733650749615,471.9102783203125,2169700,0.0,0.0
2023-05-16 00:00:00-04:00,472.64691506496433,474.1880882563713,464.3013118166961,464.989501953125,2178900,0.0,0.0
2023-05-17 00:00:00-04:00,465.2609784534479,470.4951585449499,462.8765242214129,469.92327880859375,2682000,0.0,0.0
2023-05-18 00:00:00-04:00,467.2479729015633,467.7326197065978,459.3385630742345,464.51458740234375,3040100,0.0,0.0
2023-05-19 00:00:00-04:00,464.85383055118115,469.91354453188546,463.13819145848333,464.1171875,2317900,0.0,0.0
2023-05-22 00:00:00-04:00,465.68747270796587,467.3934391044572,463.2351608032578,465.8619384765625,2242800,0.0,0.0
2023-05-23 00:00:00-04:00,461.55823295353855,468.5468613134899,458.0300195273976,464.7181396484375,2874200,0.0,0.0
2023-05-24 00:00:00-04:00,465.8521839118159,468.44021084486866,464.18502731345893,466.0654296875,1904700,0.0,0.0
2023-05-25 00:00:00-04:00,462.963697525837,466.9765575667199,459.73593333812323,463.03155517578125,2684100,0.0,0.0
2023-05-26 00:00:00-04:00,463.380505289352,473.39332494208344,463.32235003863184,466.7342529296875,3135200,0.0,0.0
2023-05-30 00:00:00-04:00,462.0428961414845,470.9507072701608,461.4128611766854,465.1155700683594,3180800,0.0,0.0
2023-05-31 00:00:00-04:00,463.4386422443,472.4336854933321,462.4596462616702,472.2785949707031,4944100,0.0,0.0
2023-06-01 00:00:00-04:00,472.8117711015535,483.4642991486201,471.1833352426202,478.4724426269531,3376600,0.0,0.0
2023-06-02 00:00:00-04:00,476.8924525649812,485.6354702130283,475.30279685779453,484.23968505859375,3064500,0.0,0.0
2023-06-05 00:00:00-04:00,485.3253621635064,487.45779053210293,482.146080045175,482.8924255371094,2688800,0.0,0.0
2023-06-06 00:00:00-04:00,484.54988839870737,484.54988839870737,468.818271433586,472.5985107421875,3816600,0.0,0.0
2023-06-07 00:00:00-04:00,474.90544511686,475.3803895490696,466.8118370619163,467.3255615234375,4381700,0.0,0.0
2023-06-08 00:00:00-04:00,469.51617784787845,476.71802276019037,467.6163409452385,475.1768493652344,2725900,0.0,0.0
2023-06-09 00:00:00-04:00,474.9441669787915,482.92146404614226,472.2689367272197,478.46270751953125,3174100,0.0,0.0
2023-06-12 00:00:00-04:00,477.1832825273433,479.267287672287,473.713224054224,477.4643859863281,2207700,0.0,0.0
2023-06-13 00:00:00-04:00,475.79717175538616,479.47080299082575,473.6550410601117,476.2236633300781,3016600,0.0,0.0
2023-06-14 00:00:00-04:00,440.6796650721169,446.485724383264,431.994772949275,445.7393493652344,14672400,0.0,0.0
2023-06-15 00:00:00-04:00,449.64220135953474,459.38466964193776,448.5910800147933,453.43798828125,6798100,1.88,0.0
2023-06-16 00:00:00-04:00,453.6813074996445,455.9976713557908,445.69071800699027,446.2357482910156,7693900,0.0,0.0
2023-06-20 00:00:00-04:00,444.54224196624244,457.9149974416302,444.54224196624244,456.84442138671875,4597700,0.0,0.0
2023-06-21 00:00:00-04:00,456.4161763841811,466.5576597705647,454.70320718338115,464.0076904296875,4886500,0.0,0.0
2023-06-22 00:00:00-04:00,465.39950389335,470.2658670936283,465.2243219466017,466.2462463378906,3179000,0.0,0.0
2023-06-23 00:00:00-04:00,465.5454771074367,469.38991581946533,463.81305303990814,464.25103759765625,4862000,0.0,0.0
2023-06-26 00:00:00-04:00,465.3605568042463,468.4458141910704,460.3579215813031,466.2559509277344,2968300,0.0,0.0
2023-06-27 00:00:00-04:00,465.3507939057922,470.2658082422143,465.0004003542218,469.6623840332031,3693200,0.0,0.0
2023-06-28 00:00:00-04:00,469.07842156263075,469.2341487320996,461.31172576059805,461.7691650390625,3670100,0.0,0.0
2023-06-29 00:00:00-04:00,462.38229705877114,466.88855359160135,460.43575201318885,463.7059631347656,2979300,0.0,0.0
2023-06-30 00:00:00-04:00,465.2243082559748,469.2147319031575,462.4212783827943,467.79376220703125,3970100,0.0,0.0
2023-07-03 00:00:00-04:00,465.321634587161,467.3752255100012,463.56972609132816,465.1075134277344,1915700,0.0,0.0
2023-07-05 00:00:00-04:00,463.30698848878006,464.5333215591226,458.012382781235,458.62554931640625,5053100,0.0,0.0
2023-07-06 00:00:00-04:00,456.8055035357013,459.7739731030321,454.1776556189093,456.8152160644531,3913600,0.0,0.0
2023-07-07 00:00:00-04:00,452.5718002442702,456.0853003935435,448.5035275339773,449.2431945800781,4128100,0.0,0.0
2023-07-10 00:00:00-04:00,447.70541945540634,450.7225706138602,446.8878739928056,450.67388916015625,4339200,0.0,0.0
2023-07-11 00:00:00-04:00,450.0120372091138,454.021915478804,448.8149309472135,450.5181579589844,3087500,0.0,0.0
2023-07-12 00:00:00-04:00,450.6252584062515,452.39662184205565,439.18930422423534,439.6272888183594,7287600,0.0,0.0
2023-07-13 00:00:00-04:00,439.919214944078,442.74169954205155,435.2280338863457,435.7828063964844,7276800,0.0,0.0
2023-07-14 00:00:00-04:00,450.1871866543223,472.03716633773377,447.81239935886134,467.3362731933594,11376300,0.0,0.0
2023-07-17 00:00:00-04:00,468.2512245337375,471.6479665272674,465.51633056393797,471.141845703125,4582000,0.0,0.0
2023-07-18 00:00:00-04:00,476.2514898406994,490.93820017700085,474.4704139709473,486.6363220214844,8817900,0.0,0.0
2023-07-19 00:00:00-04:00,493.97482077551416,500.90448775310523,489.05006342624273,490.2374572753906,4956500,0.0,0.0
2023-07-20 00:00:00-04:00,493.1182720850309,495.08427193671236,487.15210662133427,490.762939453125,2963100,0.0,0.0
2023-07-21 00:00:00-04:00,491.55133656685734,496.7680933794041,491.0355032540389,492.9917907714844,2886800,0.0,0.0
2023-07-24 00:00:00-04:00,491.82385077948567,496.1549259142181,491.0841837693755,495.0843200683594,2279000,0.0,0.0
2023-07-25 00:00:00-04:00,496.3690335186261,498.8022150554821,493.7217308184498,497.274169921875,2730600,0.0,0.0
2023-07-26 00:00:00-04:00,497.8678787038185,502.0723938010633,493.0891066295953,494.4224853515625,3697200,0.0,0.0
2023-07-27 00:00:00-04:00,494.9772896584823,496.8556987859594,489.6826839495259,491.7265625,3028300,0.0,0.0
2023-07-28 00:00:00-04:00,491.7070208626987,493.91636857927153,483.98897660383307,489.468505859375,2930000,0.0,0.0
2023-07-31 00:00:00-04:00,489.5561355417541,494.3057107541886,485.72143898262897,492.8360595703125,2441600,0.0,0.0
2023-08-01 00:00:00-04:00,493.9358144712116,496.40793504145756,489.05970953703877,491.24957275390625,2161200,0.0,0.0
2023-08-02 00:00:00-04:00,496.0673005414838,496.8264519610095,489.54636241592374,491.3079833984375,3220500,0.0,0.0
2023-08-03 00:00:00-04:00,489.4490755212983,492.47593907171336,487.64851525822075,491.36639404296875,2442900,0.0,0.0
2023-08-04 00:00:00-04:00,496.36904688554444,497.24498632201653,488.33954759769006,489.2933654785156,2410500,0.0,0.0
2023-08-07 00:00:00-04:00,492.2228704456332,499.8727787505188,491.16200688615254,497.0892333984375,2430900,0.0,0.0
2023-08-08 00:00:00-04:00,489.5561152797837,494.58794766472596,486.6557522540225,492.33966064453125,2422600,0.0,0.0
2023-08-09 00:00:00-04:00,490.5294104347255,492.21318279418807,487.4928045510088,488.6899108886719,1916900,0.0,0.0
2023-08-10 00:00:00-04:00,490.98681525312327,498.3544660447239,489.34198223140106,490.0232849121094,2179700,0.0,0.0
2023-08-11 00:00:00-04:00,492.11579655612013,497.02109844837776,490.7726757056991,494.43218994140625,2029300,0.0,0.0
2023-08-14 00:00:00-04:00,495.5417458557105,499.7754876702245,494.6658064428269,497.274169921875,2127200,0.0,0.0
2023-08-15 00:00:00-04:00,497.9068097916374,499.92152100984384,492.7387343903388,493.14752197265625,1817500,0.0,0.0
2023-08-16 00:00:00-04:00,494.42243707431237,496.8556183591269,489.3906051084711,490.1011047363281,1454100,0.0,0.0
2023-08-17 00:00:00-04:00,482.23711429547274,487.83343169620736,478.67493304660053,480.7577209472656,3009500,0.0,0.0
2023-08-18 00:00:00-04:00,481.55579979548503,487.5511623759627,480.310012097069,485.11798095703125,2364400,0.0,0.0
2023-08-21 00:00:00-04:00,484.21282568391035,486.8795829102786,482.95729580424563,484.3782653808594,1533500,0.0,0.0
2023-08-22 00:00:00-04:00,482.1786958182438,483.5120744484537,478.1979849838415,479.1809997558594,2079700,0.0,0.0
2023-08-23 00:00:00-04:00,479.82339915837224,480.796671773298,474.8888998722374,476.3585510253906,2011400,0.0,0.0
2023-08-24 00:00:00-04:00,478.29530570046984,482.1786832389786,474.18809449237375,475.0543212890625,2311100,0.0,0.0
2023-08-25 00:00:00-04:00,476.825693955502,478.02280016567715,471.69652868101997,476.04705810546875,1923500,0.0,0.0
2023-08-28 00:00:00-04:00,477.38045937081574,479.88177703569954,476.0568229158572,478.14935302734375,1344500,0.0,0.0
2023-08-29 00:00:00-04:00,478.33435283767534,479.76506494793466,474.9278982610509,479.6579895019531,2113700,0.0,0.0
2023-08-30 00:00:00-04:00,480.78694257639785,483.43424534883957,477.185851624703,478.3927001953125,2283400,0.0,0.0
2023-08-31 00:00:00-04:00,479.200527003953,480.6215265155901,463.56005746176453,463.84228515625,4927700,0.0,0.0
2023-09-01 00:00:00-04:00,466.19759452990473,467.8034884454163,460.70832258373565,463.5113525390625,3165000,0.0,0.0
2023-09-05 00:00:00-04:00,465.22433469825995,471.6479402390811,464.7766375881018,467.959228515625,3443300,0.0,0.0
2023-09-06 00:00:00-04:00,469.2050364968885,470.2464454234909,463.64765764765167,464.19268798828125,2596100,0.0,0.0
2023-09-07 00:00:00-04:00,467.07355301819644,474.090840721852,465.8083104154362,471.8523254394531,2928000,0.0,0.0
2023-09-08 00:00:00-04:00,469.17513876934413,471.8913684001648,467.76816789981336,469.7418212890625,1858400,1.88,0.0
2023-09-11 00:00:00-04:00,470.9240937899003,472.7414137952561,467.0353784401188,468.38372802734375,2059200,0.0,0.0
2023-09-12 00:00:00-04:00,466.4296005442091,472.5460147729535,461.2902477670827,468.89178466796875,2195200,0.0,0.0
2023-09-13 00:00:00-04:00,470.38671513923066,472.93686118294244,468.4619027737267,468.83319091796875,2197800,0.0,0.0
2023-09-14 00:00:00-04:00,471.55914622602785,474.1385728058166,467.7974538886862,472.50689697265625,2334300,0.0,0.0
2023-09-15 00:00:00-04:00,474.5978271603137,478.584254641161,473.0345526680713,475.53582763671875,5327500,0.0,0.0
2023-09-18 00:00:00-04:00,477.2066230082212,477.52904019175185,472.5069594583274,474.9105224609375,1997500,0.0,0.0
2023-09-19 00:00:00-04:00,472.66323469709994,474.58804685713335,465.60885016219817,469.63433837890625,3230700,0.0,0.0
2023-09-20 00:00:00-04:00,471.6764364866283,483.752902246653,468.14925880378223,480.8412780761719,3724800,0.0,0.0
2023-09-21 00:00:00-04:00,482.85400324014455,493.55283810846095,481.7694495190518,489.64459228515625,4703900,0.0,0.0
2023-09-22 00:00:00-04:00,487.55367183262547,497.74441577303537,486.605921017323,494.4908142089844,4558500,0.0,0.0
2023-09-25 00:00:00-04:00,496.6012368424919,499.2197542390022,495.00862198924534,498.57489013671875,2758500,0.0,0.0
2023-09-26 00:00:00-04:00,497.26567847608214,497.73467872689247,492.81028045481054,493.8557434082031,2420200,0.0,0.0
2023-09-27 00:00:00-04:00,494.61785517240145,494.7448481209909,489.5566539278314,492.1752014160156,2593700,0.0,0.0
2023-09-28 00:00:00-04:00,494.36380959316637,502.3561953446403,493.42583889971746,498.3990783691406,2922000,0.0,0.0
2023-09-29 00:00:00-04:00,498.1547745264882,498.1840851765967,492.2435350025258,492.6246032714844,3006200,0.0,0.0
2023-10-02 00:00:00-04:00,493.93389626557996,503.0303662141678,491.5987347981719,502.76654052734375,3550400,0.0,0.0
2023-10-03 00:00:00-04:00,501.52564061106295,502.1900352544339,496.6989545639833,497.78350830078125,3143200,0.0,0.0
2023-10-04 00:00:00-04:00,497.80302030132725,500.07959013961664,494.9890786015362,498.9071044921875,2801700,0.0,0.0
2023-10-05 00:00:00-04:00,499.8841886329541,506.3230500127968,499.5031501616377,504.388427734375,2790700,0.0,0.0
2023-10-06 00:00:00-04:00,504.6034472697736,513.8855319551374,504.1441973329804,512.7716674804688,3645500,0.0,0.0
2023-10-09 00:00:00-04:00,509.19558229481413,514.7843449858678,508.3162031637983,514.4326171875,2341600,0.0,0.0
2023-10-10 00:00:00-04:00,514.4228289581225,516.0252239723333,511.0812956558794,512.2146606445312,2455700,0.0,0.0
2023-10-11 00:00:00-04:00,508.9709106084646,513.5338312054984,508.29673572086926,512.1072998046875,2819300,0.0,0.0
2023-10-12 00:00:00-04:00,512.4393394416451,516.4551069271716,510.2702918617349,513.4848022460938,2377300,0.0,0.0
2023-10-13 00:00:00-04:00,521.0180860206415,531.9709677692448,519.7967590491913,527.0270385742188,5245400,0.0,0.0
2023-10-16 00:00:00-04:00,530.7202463569706,534.2377034581224,523.8221947090835,525.6884155273438,3827600,0.0,0.0
2023-10-17 00:00:00-04:00,527.5545374093346,529.9874107662072,522.3077224352103,524.3400268554688,2586000,0.0,0.0
2023-10-18 00:00:00-04:00,530.5834195292146,531.5018596623681,523.118715497838,523.7635498046875,2551400,0.0,0.0
2023-10-19 00:00:00-04:00,524.5061319479221,525.9912844272329,517.1097696546565,519.4351806640625,2351200,0.0,0.0
2023-10-20 00:00:00-04:00,518.8195787771892,522.1708920639268,514.6866283345665,514.940673828125,2810800,0.0,0.0
2023-10-23 00:00:00-04:00,514.9407341152734,515.6735302162882,508.3552897273371,509.60595703125,2357700,0.0,0.0
2023-10-24 00:00:00-04:00,510.86641030392474,518.4972589613498,510.09455311394163,512.9573364257812,1978200,0.0,0.0
2023-10-25 00:00:00-04:00,515.1752273810476,520.1484369353714,508.1501529307409,518.0477905273438,2380100,0.0,0.0
2023-10-26 00:00:00-04:00,513.6412161226381,518.3017586866417,510.53416786826955,516.2401733398438,2675800,0.0,0.0
2023-10-27 00:00:00-04:00,513.9245695297201,515.6344271570035,509.3030877117806,512.6250610351562,2585600,0.0,0.0
2023-10-30 00:00:00-04:00,512.9572368102839,519.6208027380119,510.9444927045846,517.832763671875,2555400,0.0,0.0
2023-10-31 00:00:00-04:00,522.7279333623185,524.3693896230193,519.4254605265295,523.2750854492188,2464200,0.0,0.0
2023-11-01 00:00:00-04:00,517.8230488864663,523.5388945992664,514.7160003874772,519.4058837890625,2747400,0.0,0.0
2023-11-02 00:00:00-04:00,519.7967015765338,524.525705326561,514.8625530844531,523.8319702148438,2350900,0.0,0.0
2023-11-03 00:00:00-04:00,522.3077224870601,523.6853528288264,516.670059096332,518.721923828125,2739500,0.0,0.0
2023-11-06 00:00:00-05:00,519.4351664734627,523.7244804113295,517.8913927350432,521.2232055664062,2684900,0.0,0.0
2023-11-07 00:00:00-05:00,523.079668898975,527.2713012095268,519.3277858579714,525.4930419921875,2604800,0.0,0.0
2023-11-08 00:00:00-05:00,527.6132231585402,528.981133146696,521.8876569381704,524.418212890625,1769200,0.0,0.0
2023-11-09 00:00:00-05:00,525.2682594251793,528.5023307333284,522.2198321948135,526.6361694335938,1819600,0.0,0.0
2023-11-10 00:00:00-05:00,530.2317229588132,530.2317229588132,523.724519665999,528.7954711914062,2480800,0.0,0.0
2023-11-13 00:00:00-05:00,528.7368569397588,531.6680414528461,525.5711275721393,530.124267578125,1507900,0.0,0.0
2023-11-14 00:00:00-05:00,526.66555318149,530.2220121524205,524.2033388180618,528.062744140625,2454000,0.0,0.0
2023-11-15 00:00:00-05:00,527.6620876661345,528.0627163045177,519.5036474305501,526.0596923828125,2473700,0.0,0.0
2023-11-16 00:00:00-05:00,526.0596877358541,532.3617467183545,525.1412474850002,527.4373779296875,2360300,0.0,0.0
2023-11-17 00:00:00-05:00,527.8770265042124,528.1212918749626,516.2206901682218,523.98828125,2676900,0.0,0.0
2023-11-20 00:00:00-05:00,521.3698103600595,524.0372289995908,519.60133130273,522.8256225585938,2518400,0.0,0.0
2023-11-21 00:00:00-05:00,525.4343265504588,529.2448302177202,521.9364300513553,527.2125854492188,2115700,0.0,0.0
2023-11-22 00:00:00-05:00,530.515070529216,531.9123209965597,527.8672719483341,531.2869873046875,2234500,0.0,0.0
2023-11-24 00:00:00-05:00,532.4300255368129,535.0290420806912,530.3586602797097,534.5502319335938,1135000,0.0,0.0
2023-11-27 00:00:00-05:00,534.5502851393016,538.2533861298997,529.1081054465678,531.120849609375,2675800,0.0,0.0
2023-11-28 00:00:00-05:00,533.1140935219482,533.2997376001895,527.6816337380136,528.131103515625,2859300,0.0,0.0
2023-11-29 00:00:00-05:00,517.8425660733143,529.430500503588,516.5235569760347,522.7083129882812,4550000,0.0,0.0
2023-11-30 00:00:00-05:00,523.4997950174889,541.2334862957516,521.7606564401341,540.2857055664062,7121200,0.0,0.0
2023-12-01 00:00:00-05:00,539.6288355631237,543.8249536136301,534.4719498522026,536.4327392578125,3461700,1.88,0.0
2023-12-04 00:00:00-05:00,537.5111346790858,541.0503447034002,532.3934439251973,537.53076171875,2709200,0.0,0.0
2023-12-05 00:00:00-05:00,538.3346326212119,541.6974386427895,534.6581529962122,539.471923828125,2645600,0.0,0.0
2023-12-06 00:00:00-05:00,536.8248780951573,541.0601900528131,536.3738750260993,538.7562866210938,2239700,0.0,0.0
2023-12-07 00:00:00-05:00,540.5406299223296,540.697526594367,533.844576758966,537.5210571289062,2511700,0.0,0.0
2023-12-08 00:00:00-05:00,539.4326457778501,540.9130510818972,533.8640120672634,538.9915161132812,2039900,0.0,0.0
2023-12-11 00:00:00-05:00,538.9818127674438,539.2170979269174,528.4915772582475,533.02099609375,3655300,0.0,0.0
2023-12-12 00:00:00-05:00,535.0994444288139,536.7563139555732,532.0112368587851,535.02099609375,2706100,0.0,0.0
2023-12-13 00:00:00-05:00,533.3347942963742,538.6485175876942,528.0308845276472,538.24658203125,2876600,0.0,0.0
2023-12-14 00:00:00-05:00,533.6288204835639,534.236660407338,519.0209754322091,523.7660522460938,5386800,0.0,0.0
2023-12-15 00:00:00-05:00,519.609177107909,523.0405584661688,512.707220146313,520.7072143554688,9029700,0.0,0.0
2023-12-18 00:00:00-05:00,518.7366146271751,521.050331710072,514.932678482765,516.226806640625,3260300,0.0,0.0
2023-12-19 00:00:00-05:00,514.3052561396551,517.2758208152349,511.55034956472974,513.7659912109375,3645600,0.0,0.0
2023-12-20 00:00:00-05:00,513.5796802955225,514.5405076806713,505.75615064216896,505.8149719238281,3847800,0.0,0.0
2023-12-21 00:00:00-05:00,508.70722733059716,510.6091955191868,506.37388306299084,509.6876220703125,2491600,0.0,0.0
2023-12-22 00:00:00-05:00,509.687568346358,512.7562083452988,507.8640486839478,510.109130859375,1759500,0.0,0.0
2023-12-26 00:00:00-05:00,509.6875726296104,511.2561801255785,507.81498534881285,509.83465576171875,1390800,0.0,0.0
2023-12-27 00:00:00-05:00,509.5601489762698,512.9032685982658,509.1777806792794,512.54052734375,1851800,0.0,0.0
2023-12-28 00:00:00-05:00,513.2071748430502,517.5209353740476,512.6875967782611,514.6091918945312,2001000,0.0,0.0
2023-12-29 00:00:00-05:00,515.6679316507003,517.8836330169607,513.6483211718017,516.1483154296875,2080100,0.0,0.0
2024-01-02 00:00:00-05:00,516.5111793121329,529.07978693294,516.3444691264007,528.76611328125,3415700,0.0,0.0
2024-01-03 00:00:00-05:00,532.3934686063366,536.0699484016662,528.9032661808452,531.4033203125,2891400,0.0,0.0
2024-01-04 00:00:00-05:00,534.3151186510628,538.2366975035477,532.3543292248204,534.7268676757812,2994400,0.0,0.0
2024-01-05 00:00:00-05:00,536.2759363066382,536.2759363066382,523.2660786303521,526.8445434570312,2815400,0.0,0.0
2024-01-08 00:00:00-05:00,528.8248840774078,529.6581955723234,517.6483614293138,526.0013427734375,2648900,0.0,0.0
2024-01-09 00:00:00-05:00,527.4523832359822,529.0308044453812,521.8935616767458,527.8151245117188,2677000,0.0,0.0
2024-01-10 00:00:00-05:00,527.5503695394833,530.5896290437475,525.6386477257322,527.0994262695312,2180000,0.0,0.0
2024-01-11 00:00:00-05:00,525.6189762754722,529.5699355071054,524.0503688073451,529.099365234375,2814100,0.0,0.0
2024-01-12 00:00:00-05:00,508.6875746664426,518.1189668003906,503.06993223915157,511.28564453125,6325800,0.0,0.0
2024-01-16 00:00:00-05:00,513.4425211909364,514.2170114489556,506.4228617481313,508.971923828125,3736700,0.0,0.0
2024-01-17 00:00:00-05:00,511.0602189390889,520.2562669113956,509.8052848999089,514.6484375,3791300,0.0,0.0
2024-01-18 00:00:00-05:00,495.3247802897682,506.70717728616995,487.70709501083934,506.21697998046875,7367000,0.0,0.0
2024-01-19 00:00:00-05:00,504.9032477743003,507.4032421790668,491.9816533905266,493.6875305175781,6141600,0.0,0.0
2024-01-22 00:00:00-05:00,494.0600879883926,503.5012933633999,486.76594931508413,502.9326477050781,5922900,0.0,0.0
2024-01-23 00:00:00-05:00,502.45227484762523,507.92289393148985,502.0405258357128,505.4130859375,2672900,0.0,0.0
2024-01-24 00:00:00-05:00,507.74642443323097,511.5012929422721,502.89345884037454,503.1679382324219,2918800,0.0,0.0
2024-01-25 00:00:00-05:00,478.0306547141829,485.7953940087548,469.6090677164285,483.72674560546875,14671000,0.0,0.0
2024-01-26 00:00:00-05:00,483.609096651,493.81500907320384,480.2953577763284,493.3346252441406,6212200,0.0,0.0
2024-01-29 00:00:00-05:00,493.24635879999965,496.5797246859809,491.3247935823647,494.6483459472656,4554100,0.0,0.0
2024-01-30 00:00:00-05:00,494.6483315230534,496.1287071187071,489.4326247365797,493.7365417480469,4931200,0.0,0.0
2024-01-31 00:00:00-05:00,494.61891908269365,504.90324948344227,494.61891908269365,501.7071533203125,5358100,0.0,0.0
2024-02-01 00:00:00-05:00,498.8542272298309,500.2169902382684,493.1385392338075,497.1973876953125,4242600,0.0,0.0
2024-02-02 00:00:00-05:00,498.2855839331471,502.85419670134297,495.48166957811793,500.2267761230469,3804500,0.0,0.0
2024-02-05 00:00:00-05:00,499.9620670193959,504.1189608441507,490.24635206508964,493.09930419921875,3646300,0.0,0.0
2024-02-06 00:00:00-05:00,494.0601356473149,500.92289893813603,492.59935703529334,500.658203125,2745400,0.0,0.0
2024-02-07 00:00:00-05:00,503.9326559144661,510.78560483900344,502.6385278156312,509.2071838378906,4109100,0.0,0.0
2024-02-08 00:00:00-05:00,510.42294633432726,511.92291925294586,507.1386477101879,509.8935546875,3343000,0.0,0.0
2024-02-09 00:00:00-05:00,508.81504270651874,510.1876192406243,506.1679650127692,508.06011962890625,2715400,0.0,0.0
2024-02-12 00:00:00-05:00,508.0600713917094,508.81499439764656,502.75616282502784,507.4914855957031,3194000,0.0,0.0
2024-02-13 00:00:00-05:00,511.76606747464297,516.5994064868333,504.1288137950116,506.7170104980469,3436000,0.0,0.0
2024-02-14 00:00:00-05:00,505.1581809068655,508.3640907128439,504.20716693519125,506.80523681640625,1918500,0.0,0.0
2024-02-15 00:00:00-05:00,507.1973932399073,511.5209073061968,505.68754718617083,510.66796875,2292100,0.0,0.0
2024-02-16 00:00:00-05:00,512.060155666864,513.5209342408406,508.71703596550833,511.3248596191406,2135500,0.0,0.0
2024-02-20 00:00:00-05:00,513.9326576917031,515.0698890608718,509.22671589760114,510.8443908691406,2600200,0.0,0.0
2024-02-21 00:00:00-05:00,513.4031633054223,513.4227903434559,507.39334032411614,511.7364807128906,2095900,0.0,0.0
2024-02-22 00:00:00-05:00,513.9228996296341,516.4130805575439,508.4228998745481,516.1777954101562,3186800,0.0,0.0
2024-02-23 00:00:00-05:00,516.4229364574048,520.0994167833949,513.883687716627,516.9033203125,2502000,0.0,0.0
2024-02-26 00:00:00-05:00,517.9621804513595,522.364143465747,514.0307877858537,515.02099609375,2308900,0.0,0.0
2024-02-27 00:00:00-05:00,514.4719194781799,515.2856638136186,502.01108161097494,503.3542175292969,3780600,0.0,0.0
2024-02-28 00:00:00-05:00,485.72673013415374,488.77574314912164,474.8933811670691,488.51104736328125,9558600,0.0,0.0
2024-02-29 00:00:00-05:00,488.72671818259664,491.91300069833073,481.962001286892,483.92279052734375,6833200,0.0,0.0
2024-03-01 00:00:00-05:00,479.8247576208282,480.41297046910273,467.89334169382687,479.9325866699219,7312200,0.0,0.0
2024-03-04 00:00:00-05:00,473.7659264827442,477.49144430397104,470.6875026747804,472.42279052734375,5239800,0.0,0.0
2024-03-05 00:00:00-05:00,472.9326162004063,473.43259715495094,461.39335137192364,463.8737487792969,5296200,0.0,0.0
2024-03-06 00:00:00-05:00,465.13845631984503,470.3933574653922,459.010989544195,463.33453369140625,5577500,0.0,0.0
2024-03-07 00:00:00-05:00,464.7070257038474,471.7560650484662,464.3148738601028,469.393310546875,5102000,0.0,0.0
2024-03-08 00:00:00-05:00,470.80081872108326,476.62764799555544,467.2968574134478,469.06854248046875,4672600,1.88,0.0
2024-03-11 00:00:00-04:00,469.4917840240118,482.5922756364634,468.5075245187204,481.4505310058594,4410100,0.0,0.0
2024-03-12 00:00:00-04:00,480.4466020919826,484.5312730737368,479.67888087140517,481.64739990234375,4153800,0.0,0.0
2024-03-13 00:00:00-04:00,485.751735637558,488.1927100009606,477.690647962589,480.3186340332031,3669000,0.0,0.0
2024-03-14 00:00:00-04:00,481.0273260093715,481.9722067621024,477.5528910171873,481.30291748046875,3378500,0.0,0.0
2024-03-15 00:00:00-04:00,479.77728868698904,483.4879360601827,479.77728868698904,483.09423828125,5712300,0.0,0.0
2024-03-18 00:00:00-04:00,484.35410391583144,484.35410391583144,478.7241383980738,479.3835754394531,2970500,0.0,0.0
2024-03-19 00:00:00-04:00,481.96239026670213,485.67303798145474,480.11197749445444,485.554931640625,2511700,0.0,0.0
2024-03-20 00:00:00-04:00,484.71825526978364,486.8147327160318,481.73595032099524,486.4505615234375,3548200,0.0,0.0
2024-03-21 00:00:00-04:00,484.53127103064975,488.38958153139566,483.54701151933074,483.9505615234375,3693400,0.0,0.0
2024-03-22 00:00:00-04:00,487.4053353385561,488.02539361636843,482.06078321776783,482.3560791015625,2847000,0.0,0.0
2024-03-25 00:00:00-04:00,482.87770051460564,483.74385365151466,476.4504873966247,478.23199462890625,2786100,0.0,0.0
2024-03-26 00:00:00-04:00,480.4466237817381,485.5746076784152,477.592277065461,484.5608215332031,3113300,0.0,0.0
2024-03-27 00:00:00-04:00,485.9289406300578,487.92698626893537,483.5765459420088,485.33837890625,2653100,0.0,0.0
2024-03-28 00:00:00-04:00,487.2084738558684,488.0647748524482,481.5981824450654,486.9132080078125,3820000,0.0,0.0
2024-04-01 00:00:00-04:00,486.68682007402714,487.976197679388,481.00765329344705,481.9919128417969,2928700,0.0,0.0
2024-04-02 00:00:00-04:00,452.36569093900505,456.3814566489148,442.5230955314428,450.9286804199219,11867000,0.0,0.0
2024-04-03 00:00:00-04:00,454.72788454645143,455.56451112070084,448.37939881874127,452.5034484863281,4460400,0.0,0.0
2024-04-04 00:00:00-04:00,453.566502148046,454.45232975339087,444.80659798458106,448.2121276855469,5182000,0.0,0.0
2024-04-05 00:00:00-04:00,443.59590788593636,450.5447774186792,442.92661864780155,448.56640625,5744400,0.0,0.0
2024-04-08 00:00:00-04:00,448.7928000769962,450.00345006099036,446.4502576889119,448.82232666015625,4532300,0.0,0.0
2024-04-09 00:00:00-04:00,447.1294208863154,452.523173957883,445.33806132156786,452.4837951660156,3521700,0.0,0.0
2024-04-10 00:00:00-04:00,448.32031605992245,451.51915919244664,442.70020315135366,442.9659423828125,4493500,0.0,0.0
2024-04-11 00:00:00-04:00,443.30066369432916,443.6746570840954,434.5309076862722,434.7671203613281,5844100,0.0,0.0
2024-04-12 00:00:00-04:00,433.4088138644291,435.27890086055345,429.51115475162453,432.2867736816406,6042900,0.0,0.0
2024-04-15 00:00:00-04:00,435.04270324256197,441.2927571359561,435.0328510355567,438.6155700683594,5376800,0.0,0.0
2024-04-16 00:00:00-04:00,469.26533816960244,472.1984419627783,458.2711776132155,461.5093994140625,11816500,0.0,0.0
2024-04-17 00:00:00-04:00,471.0665633819434,480.31859590212355,467.11967350452784,471.4504089355469,8759800,0.0,0.0
2024-04-18 00:00:00-04:00,478.47806641250406,494.09825957354593,478.32058129104263,485.4170837402344,8880400,0.0,0.0
2024-04-19 00:00:00-04:00,489.1769772879018,499.31483824296566,487.7596411881547,493.2419738769531,6616000,0.0,0.0
2024-04-22 00:00:00-04:00,489.9446904143004,491.5588904046055,482.91709323656016,483.497802734375,4697700,0.0,0.0
2024-04-23 00:00:00-04:00,483.2714207753792,486.5293173597064,477.3363371147996,478.52728271484375,3646700,0.0,0.0
2024-04-24 00:00:00-04:00,476.16505607173406,481.16508107717056,473.1433722208807,479.629638671875,3724400,0.0,0.0
2024-04-25 00:00:00-04:00,481.2634993772289,489.30491241899847,479.8560155518503,486.08636474609375,4329700,0.0,0.0
2024-04-26 00:00:00-04:00,484.25567267462804,489.40336065893706,483.6651109688011,487.5529479980469,2727000,0.0,0.0
2024-04-29 00:00:00-04:00,487.907305244546,489.5215053645233,480.09228182036577,481.33245849609375,2192100,0.0,0.0
2024-04-30 00:00:00-04:00,481.2635187956495,482.00171342384925,474.9937905594275,476.0863342285156,3367500,0.0,0.0
2024-05-01 00:00:00-04:00,471.71623345817216,481.48992341318734,469.5607026776475,476.4898681640625,2729200,0.0,0.0
2024-05-02 00:00:00-04:00,476.65720103545596,485.9190867598725,476.3225564017941,485.2104187011719,3561400,0.0,0.0
2024-05-03 00:00:00-04:00,483.1335789235356,485.0332224891958,478.13355413686577,484.6985778808594,2487600,0.0,0.0
2024-05-06 00:00:00-04:00,484.7281185655463,487.08048309874385,484.2556632026827,486.59820556640625,2029500,0.0,0.0
2024-05-07 00:00:00-04:00,488.1926969197385,493.75375691551426,487.2478162393464,493.0746154785156,3752100,0.0,0.0
2024-05-08 00:00:00-04:00,496.23412583564647,499.0195670071019,492.20847804380537,495.2892150878906,3078900,0.0,0.0
2024-05-09 00:00:00-04:00,494.23608935400813,499.97430913416304,494.23608935400813,499.0491027832031,2342900,0.0,0.0
2024-05-10 00:00:00-04:00,500.9881022447479,505.49602772625934,499.0195831789532,504.7381286621094,2784600,0.0,0.0
2024-05-13 00:00:00-04:00,503.9900545591634,506.5688095899905,499.32467423735307,503.6849365234375,2454500,0.0,0.0
2024-05-14 00:00:00-04:00,506.48025340748967,508.04519231851725,499.31481565118554,505.791259765625,2949700,0.0,0.0
2024-05-15 00:00:00-04:00,506.72631599759995,514.3641790399842,506.72631599759995,509.4034729003906,2981200,0.0,0.0
2024-05-16 00:00:00-04:00,511.8149735705969,519.846505184645,511.3326959958729,513.0650024414062,3655800,0.0,0.0
2024-05-17 00:00:00-04:00,514.708669341568,517.5728380761241,511.8247961930401,516.3720703125,2657200,0.0,0.0
2024-05-20 00:00:00-04:00,516.3721069144959,516.3721069144959,508.40942050031265,509.08856201171875,2476200,0.0,0.0
2024-05-21 00:00:00-04:00,510.1613633167549,516.4605877272026,507.7991166163188,515.3090209960938,2521900,0.0,0.0
2024-05-22 00:00:00-04:00,514.5905082837635,517.9960674449262,512.4546822000996,513.1436157226562,2299100,0.0,0.0
2024-05-23 00:00:00-04:00,510.16139178094835,512.0413009951585,507.1200034900264,508.6948547363281,3055400,0.0,0.0
2024-05-24 00:00:00-04:00,507.9861350496241,508.99995112828606,499.5313498998985,500.171142578125,2527800,0.0,0.0
2024-05-28 00:00:00-04:00,498.6750830496223,498.6750830496223,493.9998502991613,495.7518310546875,2912800,0.0,0.0
2024-05-29 00:00:00-04:00,484.59032365802756,486.1257660909959,465.82048758917006,477.09027099609375,7521600,0.0,0.0
2024-05-30 00:00:00-04:00,474.7280400666665,478.3796343306162,470.4760318999776,474.0685729980469,5170500,0.0,0.0
2024-05-31 00:00:00-04:00,474.81663691374024,490.5647891762315,474.81663691374024,487.5726318359375,6694800,0.0,0.0
2024-06-03 00:00:00-04:00,486.3521195414708,490.8304879569306,485.30880694309275,489.6100158691406,2795100,0.0,0.0
2024-06-04 00:00:00-04:00,490.7124140671575,500.269565404661,486.8049026494733,497.5333251953125,3178400,0.0,0.0
2024-06-05 00:00:00-04:00,500.6928381093332,501.08653591639296,490.9486446706051,495.2006530761719,2464400,0.0,0.0
2024-06-06 00:00:00-04:00,495.72228092600307,496.755771401981,489.45255284648937,494.01953125,2419600,0.0,0.0
2024-06-07 00:00:00-04:00,494.1376602069022,494.9447301888976,482.70056933547045,482.96630859375,3416300,0.0,0.0
2024-06-10 00:00:00-04:00,483.2713971995344,487.59231066771525,478.53711157699274,487.20843505859375,3332800,0.0,0.0
2024-06-11 00:00:00-04:00,483.13359428666337,489.9446831095968,482.5725892109388,488.40924072265625,4599700,0.0,0.0
2024-06-12 00:00:00-04:00,492.1297490028729,492.1297490028729,479.7477777343357,485.308837890625,4048200,0.0,0.0
2024-06-13 00:00:00-04:00,482.56273824490916,494.098260590054,476.7556133011943,489.47222900390625,4951700,0.0,0.0
2024-06-14 00:00:00-04:00,489.00963079943676,490.013594706338,483.9899314137945,489.2950744628906,3188400,0.0,0.0
2024-06-17 00:00:00-04:00,485.6477719591154,487.41707911598934,483.0482131581225,483.57208251953125,2407200,2.1,0.0
2024-06-18 00:00:00-04:00,485.0349187919481,485.9739440853243,473.4998995103013,475.48663330078125,3692700,0.0,0.0
2024-06-20 00:00:00-04:00,474.4883647527526,480.30036761068277,472.58066220160936,478.9165344238281,5258100,0.0,0.0
2024-06-21 00:00:00-04:00,478.8374609076776,482.6528055851779,475.03198006836675,477.00885009765625,6776000,0.0,0.0
2024-06-24 00:00:00-04:00,483.206342935628,485.2128950405006,478.8967806067204,484.31341552734375,5139800,0.0,0.0
2024-06-25 00:00:00-04:00,484.96576443166157,484.96576443166157,475.04186855379004,478.8967590332031,3209900,0.0,0.0
2024-06-26 00:00:00-04:00,478.89677982939685,481.80278127806565,475.9018228463375,478.4421081542969,3153100,0.0,0.0
2024-06-27 00:00:00-04:00,479.44036147459303,483.3249337616703,476.47505661814245,480.8143005371094,2991900,0.0,0.0
2024-06-28 00:00:00-04:00,490.62945087241326,503.50875705296784,483.7499520725805,503.3703918457031,22734200,0.0,0.0
2024-07-01 00:00:00-04:00,500.88942097483385,503.0244441294811,487.1897267716492,488.9293518066406,4523100,0.0,0.0
2024-07-02 00:00:00-04:00,488.54389224771853,492.7051951473175,487.68395862495015,492.47784423828125,3312000,0.0,0.0
2024-07-03 00:00:00-04:00,491.3707918612708,492.31968099487045,480.8933750524962,484.22442626953125,2239200,0.0,0.0
2024-07-05 00:00:00-04:00,483.34472143025454,484.0069861615077,478.8967638710804,482.3661804199219,3499000,0.0,0.0
2024-07-08 00:00:00-04:00,483.53252691364054,488.1682895424893,480.54746403062074,483.6807861328125,3450600,0.0,0.0
2024-07-09 00:00:00-04:00,482.6824486089549,489.6706912743112,480.4683638692944,486.4187316894531,3056800,0.0,0.0
2024-07-10 00:00:00-04:00,485.26229303180475,495.7001644706982,484.4517690727172,495.1367492675781,3189800,0.0,0.0
2024-07-11 00:00:00-04:00,491.9441184446338,502.84655544049514,491.9441184446338,498.5270690917969,3535100,0.0,0.0
2024-07-12 00:00:00-04:00,501.057495281402,508.619017176684,497.6078365381434,505.6141662597656,3570600,0.0,0.0
2024-07-15 00:00:00-04:00,518.1772045045991,524.6910183249648,507.8579397005339,509.4097900390625,5128000,0.0,0.0
2024-07-16 00:00:00-04:00,527.7254358162746,543.560122447705,521.0337120023742,542.5222778320312,11062000,0.0,0.0
2024-07-17 00:00:00-04:00,547.5929693738275,566.9761645146928,544.9241829084957,566.6500244140625,10330800,0.0,0.0
2024-07-18 00:00:00-04:00,557.9715996295538,574.7749958982914,554.9272027074874,557.8134765625,6834800,0.0,0.0
2024-07-19 00:00:00-04:00,560.5612691719774,563.3091475123796,555.0457848144954,558.7919921875,4290400,0.0,0.0
2024-07-22 00:00:00-04:00,556.5383027561138,557.724436796549,550.6373748906424,552.0706176757812,3377300,0.0,0.0
2024-07-23 00:00:00-04:00,552.3275160306632,552.3769860390842,546.4166946342656,548.2848510742188,2785600,0.0,0.0
2024-07-24 00:00:00-04:00,553.5235369445065,554.6404731936118,546.624280735817,553.2764282226562,3156200,0.0,0.0
2024-07-25 00:00:00-04:00,555.5004517548208,563.2992181277019,552.1200210580492,553.207275390625,3102900,0.0,0.0
2024-07-26 00:00:00-04:00,553.523605218264,572.4323717728664,553.523605218264,563.1311645507812,3201900,0.0,0.0
2024-07-29 00:00:00-04:00,559.1675449985934,564.7422721438672,555.2632149660119,560.1954956054688,2965000,0.0,0.0
2024-07-30 00:00:00-04:00,560.3437995107374,572.7288581121677,559.4442899182695,569.6647338867188,4139100,0.0,0.0
2024-07-31 00:00:00-04:00,558.9007094680312,574.1819368513101,555.8167969804042,569.4967041015625,4713200,0.0,0.0
2024-08-01 00:00:00-04:00,570.524694875292,580.7055633238792,560.5414651635574,566.1459350585938,3680800,0.0,0.0
2024-08-02 00:00:00-04:00,575.5953438001619,584.698791118057,568.5972074318784,583.0086059570312,5094000,0.0,0.0
2024-08-05 00:00:00-04:00,575.3877507010731,580.0334070515767,560.2054042838918,563.368408203125,4587400,0.0,0.0
2024-08-06 00:00:00-04:00,561.6387035169755,570.841031452695,556.0243996521183,561.7770385742188,3216500,0.0,0.0
2024-08-07 00:00:00-04:00,560.0571643960883,565.0389156160882,550.5880001354224,559.5333251953125,4320700,0.0,0.0
2024-08-08 00:00:00-04:00,557.8430985210188,565.8296708202164,557.8430985210188,559.6914672851562,2860800,0.0,0.0
2024-08-09 00:00:00-04:00,558.0110351369142,559.3849741722689,551.1809762974649,552.2979125976562,2976700,0.0,0.0
2024-08-12 00:00:00-04:00,555.8168181937758,562.4195572502748,554.5614863441012,558.75244140625,2532400,0.0,0.0
2024-08-13 00:00:00-04:00,563.3980284088323,569.0716353783214,562.419487459435,567.598876953125,2369400,0.0,0.0
2024-08-14 00:00:00-04:00,568.5873049109184,574.3993071811695,566.640117038276,572.966064453125,2344400,0.0,0.0
2024-08-15 00:00:00-04:00,572.9661030035916,576.5937029124927,566.8773699118594,572.9067993164062,2751800,0.0,0.0
2024-08-16 00:00:00-04:00,574.2016653782213,574.9232639798707,567.4605311796001,570.9991455078125,2728900,0.0,0.0
2024-08-19 00:00:00-04:00,571.3945701918199,576.5541723717071,570.3962411043967,572.0864868164062,1847900,0.0,0.0
2024-08-20 00:00:00-04:00,573.144018179265,577.0582425494443,568.8443500042572,573.934814453125,1677500,0.0,0.0
2024-08-21 00:00:00-04:00,574.7848010639033,576.6430635433438,570.7519696905133,571.3845825195312,2844300,0.0,0.0
2024-08-22 00:00:00-04:00,572.5509991406648,576.2082208687069,564.020799886037,572.027099609375,2282000,0.0,0.0
2024-08-23 00:00:00-04:00,574.280766413007,578.4420997091734,571.7602690909935,577.7501831054688,2376400,0.0,0.0
2024-08-26 00:00:00-04:00,581.2491870536851,585.2425030463554,578.9659046271895,580.33984375,1800000,0.0,0.0
2024-08-27 00:00:00-04:00,582.6527282703008,585.4895921150484,577.0285912509116,580.5572509765625,1581900,0.0,0.0
2024-08-28 00:00:00-04:00,582.1981163348917,585.9838393247687,577.1175458918785,581.7335205078125,1657000,0.0,0.0
2024-08-29 00:00:00-04:00,583.8487330294199,585.7564051911372,577.6117110789814,584.7284545898438,1953200,0.0,0.0
2024-08-30 00:00:00-04:00,583.1766295543555,586.3989371940698,579.8060928674087,583.3743286132812,2944700,0.0,0.0
2024-09-03 00:00:00-04:00,585.6675532772562,593.7133687085259,584.9756366785891,591.7562866210938,3175500,0.0,0.0
2024-09-04 00:00:00-04:00,593.0610366723121,600.9092134707805,590.9655591690797,597.1926879882812,2935000,0.0,0.0
2024-09-05 00:00:00-04:00,597.202545993313,598.9916109329281,582.8504504655886,588.6031494140625,2144800,0.0,0.0
2024-09-06 00:00:00-04:00,588.9787827727876,593.6639552122019,585.4105467555121,589.9771118164062,2926400,0.0,0.0
2024-09-09 00:00:00-04:00,591.4004753928461,592.5470335234804,568.6170592080449,587.229248046875,3411400,0.0,0.0
2024-09-10 00:00:00-04:00,588.3264050308792,597.8054626864182,584.313361432982,592.1022338867188,2863500,0.0,0.0
2024-09-11 00:00:00-04:00,582.3266345337065,584.5605073790522,572.2742067296508,582.9295654296875,3563600,0.0,0.0
2024-09-12 00:00:00-04:00,581.7237029038498,583.6807849771888,576.4652212528497,581.6149291992188,3395800,0.0,0.0
2024-09-13 00:00:00-04:00,584.2441357505437,590.767782161677,580.438625069649,587.4466552734375,2241900,0.0,0.0
2024-09-16 00:00:00-04:00,590.2042326989879,593.9636630747433,583.0225976048241,584.3914794921875,2548600,2.1,0.0
2024-09-17 00:00:00-04:00,581.2867402372385,581.9909788546304,571.7442827542944,573.3016357421875,3416000,0.0,0.0
2024-09-18 00:00:00-04:00,572.2104794502061,579.8087735629321,567.697164672582,575.969970703125,2988300,0.0,0.0
2024-09-19 00:00:00-04:00,579.0151261797944,580.11622547557,569.9488415565412,572.4187622070312,2945700,0.0,0.0
2024-09-20 00:00:00-04:00,567.0920887475687,574.1745546111595,565.0586239328073,570.365478515625,5398700,0.0,0.0
2024-09-23 00:00:00-04:00,571.843461089155,574.7597670097847,567.3896603304676,568.7882690429688,2386100,0.0,0.0
2024-09-24 00:00:00-04:00,566.2191822427133,572.6568629759041,561.4380243111327,570.553955078125,3188500,0.0,0.0
2024-09-25 00:00:00-04:00,573.2123409109455,576.4262167004266,568.4609702892386,571.6649169921875,2658800,0.0,0.0
2024-09-26 00:00:00-04:00,570.3654729659204,571.9525526734111,566.3084119192025,570.177001953125,2751900,0.0,0.0
2024-09-27 00:00:00-04:00,573.0238447776597,581.9810913012628,571.9426641708351,577.1602172851562,2986200,0.0,0.0
2024-09-30 00:00:00-04:00,578.7969863343172,581.6934341638737,574.0753422773067,579.9674682617188,3009700,0.0,0.0
2024-10-01 00:00:00-04:00,580.2848818331935,583.9550718269346,576.088995138381,578.5985717773438,2648400,0.0,0.0
2024-10-02 00:00:00-04:00,599.3896442251188,599.6475582991834,579.5409161270751,587.5359497070312,3667000,0.0,0.0
2024-10-03 00:00:00-04:00,585.8496460616462,588.4485239170111,579.6599503895342,587.972412109375,2645800,0.0,0.0
2024-10-04 00:00:00-04:00,587.3574334526122,591.3251934283551,583.6971724532609,586.4349365234375,2462600,0.0,0.0
2024-10-07 00:00:00-04:00,584.044333195063,587.6649384271681,578.6283795205505,578.8565063476562,2591100,0.0,0.0
2024-10-08 00:00:00-04:00,583.3202075900813,584.4609627557611,574.8887179715043,576.8924560546875,2231400,0.0,0.0
2024-10-09 00:00:00-04:00,577.4677383315425,588.021993997145,575.9302435078904,586.4547119140625,2207700,0.0,0.0
2024-10-10 00:00:00-04:00,590.3828601085982,594.1224933975436,587.9823821868038,592.882568359375,2143200,0.0,0.0
2024-10-11 00:00:00-04:00,591.6822513919038,596.6717384037024,591.3946106018119,593.2296752929688,1909700,0.0,0.0
2024-10-14 00:00:00-04:00,594.2811663859303,603.7244546791945,592.5651295380545,600.5205078125,2447100,0.0,0.0
2024-10-15 00:00:00-04:00,547.5707318324984,565.108223564214,538.6234137622878,551.8062744140625,11939400,0.0,0.0
2024-10-16 00:00:00-04:00,552.5204692249781,571.5359407009954,550.6456882298643,566.7349853515625,5103900,0.0,0.0
2024-10-17 00:00:00-04:00,556.0616888470937,564.8799885889149,554.2166346111219,561.4677734375,5588700,0.0,0.0
2024-10-18 00:00:00-04:00,562.2811568501473,566.3481471186986,558.5018679251934,565.0189208984375,3687000,0.0,0.0
2024-10-21 00:00:00-04:00,565.0486850923846,574.6110006975,564.116259121874,566.8638916015625,3018000,0.0,0.0
2024-10-22 00:00:00-04:00,563.2730368566478,568.4212072575496,560.9320732693197,565.266845703125,2593800,0.0,0.0
2024-10-23 00:00:00-04:00,567.518609814432,569.512418805685,555.4863733482707,560.0889892578125,2911900,0.0,0.0
2024-10-24 00:00:00-04:00,560.4361577947919,567.0920968345511,555.7938859686406,556.2898559570312,2590200,0.0,0.0
2024-10-25 00:00:00-04:00,561.5966621280706,566.893647785762,559.0672275143082,560.0095825195312,2513700,0.0,0.0
2024-10-28 00:00:00-04:00,561.686012130365,563.7492642351904,558.2737361868203,560.6841430664062,1826500,0.0,0.0
2024-10-29 00:00:00-04:00,558.2836230832283,563.1044364780846,556.1409989900432,557.5991821289062,2600300,0.0,0.0
2024-10-30 00:00:00-04:00,556.7262463954988,565.7132191048944,556.4286765461554,558.4224853515625,2323600,0.0,0.0
2024-10-31 00:00:00-04:00,556.359255649618,563.868247953675,556.359255649618,559.9500732421875,2490000,0.0,0.0
2024-11-01 00:00:00-04:00,560.5650767968186,565.7331055207175,559.3549391680035,562.9854125976562,2548300,0.0,0.0
2024-11-04 00:00:00-05:00,562.1720251209721,564.0071503137401,550.943257870564,553.2743530273438,2656600,0.0,0.0
2024-11-05 00:00:00-05:00,553.7803026689028,564.1559565162543,549.9315705531097,562.4597778320312,2608100,0.0,0.0
2024-11-06 00:00:00-05:00,599.0325854076654,600.6196651776376,586.0877200770291,591.8806762695312,6591300,0.0,0.0
2024-11-07 00:00:00-05:00,593.8644841057884,602.7423580645894,591.3449786276655,600.5700073242188,5254300,0.0,0.0
2024-11-08 00:00:00-05:00,604.0914487645537,614.8043884566621,600.3220889433022,610.8465576171875,3875800,0.0,0.0
2024-11-11 00:00:00-05:00,611.9277749138802,625.6462607313184,608.9717527150345,620.21044921875,3003200,0.0,0.0
2024-11-12 00:00:00-05:00,614.5861571900726,619.4466265085616,608.8329177196119,609.7156982421875,2809400,0.0,0.0
2024-11-13 00:00:00-05:00,608.059169759879,608.0690988459726,598.1992845528109,600.9866333007812,3409400,0.0,0.0
2024-11-14 00:00:00-05:00,598.6158976846316,601.115605715891,584.2426975913087,588.3692016601562,3079200,0.0,0.0
2024-11-15 00:00:00-05:00,587.1490440239041,594.1025523549613,585.1949514970592,587.45654296875,3423900,0.0,0.0
2024-11-18 00:00:00-05:00,584.6891317363442,589.3512619702902,580.6023436699611,584.8974609375,2577100,0.0,0.0
2024-11-19 00:00:00-05:00,578.0231711870412,582.1100191455431,572.1211774032595,572.3493041992188,3198300,0.0,0.0
2024-11-20 00:00:00-05:00,578.0133230199574,597.7826780334401,576.8626388275901,595.659912109375,3928600,0.0,0.0
2024-11-21 00:00:00-05:00,595.163973311203,599.1317331332776,591.9203102828296,592.6741943359375,2722900,0.0,0.0
2024-11-22 00:00:00-05:00,593.7355644593212,596.4138143896998,583.9252639819222,586.1075439453125,3197900,0.0,0.0
2024-11-25 00:00:00-05:00,592.7635165615562,604.9247105337741,590.214223520414,600.947021484375,5146200,0.0,0.0
2024-11-26 00:00:00-05:00,603.3375560182456,603.5656828368951,594.0530124547712,601.8992309570312,2693600,0.0,0.0
2024-11-27 00:00:00-05:00,606.1051055528259,612.4733431726451,601.8099885545578,603.4764404296875,2269800,0.0,0.0
2024-11-29 00:00:00-05:00,603.8929982058198,610.8167798679647,601.7305764918891,605.28173828125,2010800,0.0,0.0
2024-12-02 00:00:00-05:00,609.051106761169,609.051106761169,595.9277610821448,603.6152954101562,3364900,0.0,0.0
2024-12-03 00:00:00-05:00,605.9265044097307,610.7870344635909,599.9451378933121,600.351806640625,2329900,0.0,0.0
2024-12-04 00:00:00-05:00,606.095130703358,617.8099383775378,602.0777257160049,605.866943359375,4147600,0.0,0.0
2024-12-05 00:00:00-05:00,600.7584860675357,604.0814604627121,569.2643947405014,574.3034057617188,5943700,0.0,0.0
2024-12-06 00:00:00-05:00,577.4181200727953,577.4181200727953,539.7541911687475,545.1900024414062,13003600,0.0,0.0
2024-12-09 00:00:00-05:00,549.6510006643297,560.584256555495,542.322335241574,558.2343139648438,7684700,2.1,0.0
2024-12-10 00:00:00-05:00,559.6084236052999,565.3339546297314,554.659602483342,562.7848510742188,5360600,0.0,0.0
2024-12-11 00:00:00-05:00,553.2953519872414,555.7249709537247,530.4031960759082,531.2595825195312,10363000,0.0,0.0
2024-12-12 00:00:00-05:00,529.2680955307736,531.7275552376674,512.0018594116465,513.565185546875,9403800,0.0,0.0
2024-12-13 00:00:00-05:00,513.4457063585504,525.2851229987481,508.5466300690212,518.2650756835938,8202900,0.0,0.0
2024-12-16 00:00:00-05:00,515.7956492769324,519.4799160697089,493.96891653925417,496.3786315917969,8880000,0.0,0.0
2024-12-17 00:00:00-05:00,484.9275702175534,493.4909789724486,473.7951540300449,483.453857421875,14132700,0.0,0.0
2024-12-18 00:00:00-05:00,486.3514808639221,504.38442963550233,483.9318290119131,497.59344482421875,10147600,0.0,0.0
2024-12-19 00:00:00-05:00,498.0116715174993,501.50671406781447,484.17079858225287,487.1679992675781,7418100,0.0,0.0
2024-12-20 00:00:00-05:00,487.2078420918681,500.5010374402664,486.6502275946693,498.001708984375,10956900,0.0,0.0
2024-12-23 00:00:00-05:00,498.629031214207,506.61489125544205,496.92628622069265,504.1852722167969,4286000,0.0,0.0
2024-12-24 00:00:00-05:00,502.25354170091845,503.9463195800781,498.4597574209205,503.9463195800781,1824400,0.0,0.0
2024-12-26 00:00:00-05:00,503.4982279478351,510.04024657679037,502.5821599747367,508.9748229980469,3387000,0.0,0.0
2024-12-27 00:00:00-05:00,507.25218139027186,510.99616008227605,505.63904975923595,507.8197326660156,3471800,0.0,0.0
2024-12-30 00:00:00-05:00,504.70306629870373,507.5608786730962,498.5294683424705,505.6390686035156,5408600,0.0,0.0
2024-12-31 00:00:00-05:00,507.1824749301377,508.82544730279045,501.1980406692996,503.7073059082031,4214000,0.0,0.0
2025-01-02 00:00:00-05:00,505.8382062093238,509.9307015199163,501.148258120942,502.3630676269531,4234900,0.0,0.0
2025-01-03 00:00:00-05:00,504.1952603680879,514.0929332658372,503.22938693640117,510.81695556640625,3019500,0.0,0.0
2025-01-06 00:00:00-05:00,510.8169380139114,518.0858608442101,507.650477737987,511.48406982421875,4444800,0.0,0.0
2025-01-07 00:00:00-05:00,516.642046223089,517.2893045042462,509.04454067395073,512.0616455078125,3914500,0.0,0.0
2025-01-08 00:00:00-05:00,512.3105837786965,522.4372890881649,507.3418280740849,522.2879638671875,4141700,0.0,0.0
2025-01-10 00:00:00-05:00,524.3989355172724,533.1714427577647,516.2636586129695,518.4742431640625,5467500,0.0,0.0
2025-01-13 00:00:00-05:00,532.763141030819,545.0705898322212,530.8712628550579,538.8372192382812,6472500,0.0,0.0
2025-01-14 00:00:00-05:00,537.3535861685739,542.2326981386119,534.2667415095611,541.4261474609375,3978300,0.0,0.0
2025-01-15 00:00:00-05:00,534.8143701010398,543.9652648884876,532.0561990423308,541.1074829101562,4103900,0.0,0.0
2025-01-16 00:00:00-05:00,528.093097442231,537.5427642670018,507.82972017295066,508.4172058105469,9059900,0.0,0.0
2025-01-17 00:00:00-05:00,503.46833192160904,519.5994050629973,500.6603251235352,507.5907287597656,7495700,0.0,0.0
2025-01-21 00:00:00-05:00,511.8624726265261,522.7658875797018,510.6377262809036,522.7559204101562,5682100,0.0,0.0
2025-01-22 00:00:00-05:00,519.4400475363447,522.2082464100602,513.8041604248081,517.50830078125,3756100,0.0,0.0
2025-01-23 00:00:00-05:00,525.6236859899626,529.2183093336077,517.1100819956463,527.515625,4580800,0.0,0.0
2025-01-24 00:00:00-05:00,525.8626570449694,532.3549311730676,522.2780008570015,530.2439575195312,3671200,0.0,0.0
2025-01-27 00:00:00-05:00,537.6821177143137,549.5613427934767,537.6821177143137,541.2070922851562,4263000,0.0,0.0
2025-01-28 00:00:00-05:00,540.6992215021606,544.1743600241764,535.5512395415564,540.1714477539062,3162700,0.0,0.0
2025-01-29 00:00:00-05:00,539.4246772181264,541.1672301857781,531.7375584416036,535.8101196289062,2737600,0.0,0.0
2025-01-30 00:00:00-05:00,537.1742739354694,544.7817767521353,532.7233250460725,543.2483520507812,2924700,0.0,0.0
2025-01-31 00:00:00-05:00,540.9282659407606,546.8230567285451,539.1060363758421,540.1814575195312,4120500,0.0,0.0
2025-02-03 00:00:00-05:00,539.6935351033433,551.5528257110147,538.7674999837628,545.8472290039062,4083600,0.0,0.0
2025-02-04 00:00:00-05:00,542.8799090918903,546.4745321212367,539.2056094860811,543.1288452148438,2869900,0.0,0.0
2025-02-05 00:00:00-05:00,528.4715006292654,538.3991056788187,519.689026155006,537.5128784179688,4621600,0.0,0.0
2025-02-06 00:00:00-05:00,535.6010550764191,536.8058670957495,523.0347636120893,527.784423828125,3926800,0.0,0.0
2025-02-07 00:00:00-05:00,526.9480411908772,530.1244688158175,523.1542567915346,524.7872924804688,3349100,0.0,0.0
2025-02-10 00:00:00-05:00,525.4245245114363,531.8868970992683,521.1528021505201,531.1002807617188,3143100,0.0,0.0
2025-02-11 00:00:00-05:00,532.7233092642732,545.2099234564748,526.0219682052145,531.6478881835938,2631900,0.0,0.0
2025-02-12 00:00:00-05:00,537.5526717273597,540.042033105694,523.2737288954711,525.1557006835938,3859200,0.0,0.0
2025-02-13 00:00:00-05:00,528.6407788075729,532.0561751459522,524.8569010911913,528.9195556640625,2835100,0.0,0.0
2025-02-14 00:00:00-05:00,526.7488542865098,530.9309934510525,520.6847433816095,521.2822265625,3705300,0.0,0.0
2025-02-18 00:00:00-05:00,508.7657255302445,513.8041905491866,494.88504399795687,498.59918212890625,8759300,0.0,0.0
2025-02-19 00:00:00-05:00,499.19659410118527,509.6817828337705,496.0301337745838,508.86529541015625,4380300,0.0,0.0
2025-02-20 00:00:00-05:00,503.0401838430171,506.2663864109086,498.1112362418836,500.281982421875,4144300,0.0,0.0
2025-02-21 00:00:00-05:00,437.679499409266,467.70122153234666,436.63397979972194,464.4351806640625,19864900,0.0,0.0
2025-02-24 00:00:00-05:00,464.69404512362854,466.0084351825788,455.05524546674894,459.5559997558594,6919300,0.0,0.0
2025-02-25 00:00:00-05:00,458.8092054863519,468.75671420715054,448.1547570311361,468.3783264160156,9101000,0.0,0.0
2025-02-26 00:00:00-05:00,462.67267423530535,471.0369219286186,456.2501404653106,461.6171875,5108400,0.0,0.0
2025-02-27 00:00:00-05:00,464.1862264879669,473.3769287659693,463.0410960039027,466.5660400390625,4216800,0.0,0.0
2025-02-28 00:00:00-05:00,465.0126943258031,474.332848516767,462.50342905616935,472.9388122558594,6146300,0.0,0.0
2025-03-03 00:00:00-05:00,472.3513267178483,475.2389797704821,463.23030319807685,465.0624694824219,5700200,0.0,0.0
2025-03-04 00:00:00-05:00,467.7509976356769,477.1707324749271,464.474989590723,472.5903015136719,5864100,0.0,0.0
2025-03-05 00:00:00-05:00,469.0653889406884,477.04128206267615,469.00564669915383,473.9544982910156,3637100,0.0,0.0
2025-03-06 00:00:00-05:00,473.97440395394483,486.0428229909063,469.99142576945786,485.64453125,4964000,0.0,0.0
2025-03-07 00:00:00-05:00,481.77104618512647,497.79260186881527,481.3130122254721,491.3800048828125,5434100,0.0,0.0
2025-03-10 00:00:00-04:00,492.2799987792969,497.8500061035156,477.7099914550781,480.2200012207031,5108900,2.1,0.0
2025-03-11 00:00:00-04:00,482.5,486.7699890136719,477.1400146484375,486.0400085449219,4101000,0.0,0.0
2025-03-12 00:00:00-04:00,483.1400146484375,487.6000061035156,478.82000732421875,481.1099853515625,3680800,0.0,0.0
2025-03-13 00:00:00-04:00,479.45001220703125,484.05999755859375,475.0,481.5199890136719,2876600,0.0,0.0
2025-03-14 00:00:00-04:00,481.0,489.45001220703125,478.239990234375,488.6499938964844,3915900,0.0,0.0
2025-03-17 00:00:00-04:00,487.510009765625,500.6099853515625,485.95001220703125,499.0199890136719,5152300,0.0,0.0
2025-03-18 00:00:00-04:00,502.239990234375,505.9700012207031,497.82000732421875,503.79998779296875,3617600,0.0,0.0
2025-03-19 00:00:00-04:00,505.0400085449219,506.3500061035156,500.05999755859375,503.20001220703125,3317600,0.0,0.0
2025-03-20 00:00:00-04:00,505.25,514.3900146484375,503.510009765625,511.29998779296875,4965400,0.0,0.0
2025-03-21 00:00:00-04:00,511.67999267578125,519.0,505.0899963378906,516.8499755859375,10244900,0.0,0.0
2025-03-24 00:00:00-04:00,515.0800170898438,518.25,511.1199951171875,516.5,3840900,0.0,0.0
2025-03-25 00:00:00-04:00,518.280029296875,519.0,511.5299987792969,513.4299926757812,3015100,0.0,0.0
2025-03-26 00:00:00-04:00,515.2000122070312,522.9500122070312,512.8499755859375,518.2000122070312,3253800,0.0,0.0
2025-03-27 00:00:00-04:00,516.2899780273438,521.0800170898438,512.9500122070312,515.719970703125,2822200,0.0,0.0
2025-03-28 00:00:00-04:00,516.8699951171875,520.97998046875,515.0499877929688,516.0399780273438,2379100,0.0,0.0
2025-03-31 00:00:00-04:00,519.1799926757812,528.1199951171875,518.5900268554688,523.75,5238700,0.0,0.0
2025-04-01 00:00:00-04:00,525.739990234375,528.1699829101562,520.9500122070312,523.1199951171875,2962500,0.0,0.0
2025-04-02 00:00:00-04:00,522.9500122070312,525.0,516.7999877929688,523.2000122070312,2378900,0.0,0.0
2025-04-03 00:00:00-04:00,529.989990234375,548.5,529.2899780273438,540.4400024414062,6457900,0.0,0.0
2025-04-04 00:00:00-04:00,540.6400146484375,551.739990234375,524.8400268554688,525.0499877929688,9919000,0.0,0.0
2025-04-07 00:00:00-04:00,513.4000244140625,529.2000122070312,503.5899963378906,524.7000122070312,7356700,0.0,0.0
2025-04-08 00:00:00-04:00,582.1699829101562,585.010009765625,547.4600219726562,553.0800170898438,11762300,0.0,0.0
2025-04-09 00:00:00-04:00,560.1400146484375,589.4000244140625,554.4600219726562,578.5,12691900,0.0,0.0
2025-04-10 00:00:00-04:00,580.239990234375,601.8800048828125,580.0,594.4000244140625,8646000,0.0,0.0
2025-04-11 00:00:00-04:00,588.9199829101562,606.3599853515625,586.530029296875,599.469970703125,6121500,0.0,0.0
2025-04-14 00:00:00-04:00,595.0,595.6300048828125,579.2899780273438,587.0599975585938,4839300,0.0,0.0
2025-04-15 00:00:00-04:00,592.239990234375,592.8599853515625,582.010009765625,583.5900268554688,3871300,0.0,0.0
2025-04-16 00:00:00-04:00,585.3200073242188,594.8099975585938,582.9600219726562,585.0399780273438,4192100,0.0,0.0
2025-04-17 00:00:00-04:00,481.95001220703125,489.7900085449219,447.1000061035156,454.1099853515625,29060100,0.0,0.0
2025-04-21 00:00:00-04:00,449.760009765625,453.5,424.80999755859375,425.3299865722656,13029900,0.0,0.0
2025-04-22 00:00:00-04:00,424.6400146484375,431.5,417.1199951171875,427.17999267578125,10156900,0.0,0.0
2025-04-23 00:00:00-04:00,427.07000732421875,438.8500061035156,423.75,427.9599914550781,8345700,0.0,0.0
2025-04-24 00:00:00-04:00,427.57000732421875,429.8999938964844,423.6499938964844,424.25,7611000,0.0,0.0
