Date,Open,High,Low,Close,Volume,Dividends,Stock Splits,Capital Gains
2020-04-27 00:00:00-04:00,84.76219937292021,88.27109131755164,84.59125122541647,87.61429595947266,796700,0.0,0.0,0.0
2020-04-28 00:00:00-04:00,89.72863753682623,90.85328200835612,88.19911693697452,89.40473937988281,804300,0.0,0.0,0.0
2020-04-29 00:00:00-04:00,92.0679010748827,94.46114105550829,91.60904418651904,93.5434341430664,860500,0.0,0.0,0.0
2020-04-30 00:00:00-04:00,92.05889439603384,92.05889439603384,90.1065133085598,90.367431640625,708500,0.0,0.0,0.0
2020-05-01 00:00:00-04:00,88.46003518744232,88.46003518744232,85.83286735206887,86.79556274414062,698400,0.0,0.0,0.0
2020-05-04 00:00:00-04:00,85.7608931857427,86.84954826936142,84.62724957511503,86.6875991821289,1238000,0.0,0.0,0.0
2020-05-05 00:00:00-04:00,88.17211677396655,89.503698700634,86.73257338316682,86.91251373291016,1078800,0.0,0.0,0.0
2020-05-06 00:00:00-04:00,87.47035402577416,87.91121275934375,85.23006404498202,85.31103515625,636600,0.0,0.0,0.0
2020-05-07 00:00:00-04:00,86.43567355526204,88.08215467712152,86.43567355526204,86.83155059814453,687000,0.0,0.0,0.0
2020-05-08 00:00:00-04:00,88.27109277092815,90.48439219046737,88.16312443426105,90.367431640625,530000,0.0,0.0,0.0
2020-05-11 00:00:00-04:00,89.16179753355546,89.68363412917452,87.68626478091699,88.81990814208984,811700,0.0,0.0,0.0
2020-05-12 00:00:00-04:00,89.07182615287893,89.32374537098549,85.2390365600586,85.2390365600586,893100,0.0,0.0,0.0
2020-05-13 00:00:00-04:00,84.6182439186275,84.75319574964483,80.8934223682927,81.83811950683594,1168500,0.0,0.0,0.0
2020-05-14 00:00:00-04:00,80.31760382930362,82.98076788796305,78.23026403564329,82.94477844238281,1154700,0.0,0.0,0.0
2020-05-15 00:00:00-04:00,82.31494598863168,83.87145638551883,81.68514806173086,83.45758819580078,943200,0.0,0.0,0.0
2020-05-18 00:00:00-04:00,86.80455408635628,89.85458906907485,86.70558483263984,89.3237533569336,1012800,0.0,0.0,0.0
2020-05-19 00:00:00-04:00,89.27877809086708,89.92656752844341,87.7222671508789,87.7222671508789,618600,0.0,0.0,0.0
2020-05-20 00:00:00-04:00,89.45870136498755,90.71830428191129,89.32374268383792,90.1244888305664,1540000,0.0,0.0,0.0
2020-05-21 00:00:00-04:00,90.14249807311178,91.0512057851368,89.66564995675944,90.53836822509766,626000,0.0,0.0,0.0
2020-05-22 00:00:00-04:00,90.73631245278999,90.96124134179753,89.52169782500619,90.75431060791016,702600,0.0,0.0,0.0
2020-05-26 00:00:00-04:00,93.9393148760602,95.3698594733026,93.9393148760602,94.6051025390625,705700,0.0,0.0,0.0
2020-05-27 00:00:00-04:00,96.72843496511994,97.9880382937056,94.7940448745369,97.8710708618164,1519500,0.0,0.0,0.0
2020-05-28 00:00:00-04:00,98.9687039330614,98.9687039330614,95.36984197185917,95.79270935058594,1101000,0.0,0.0,0.0
2020-05-29 00:00:00-04:00,94.81203252955552,95.33386925290365,93.5254388781479,94.70407104492188,567300,0.0,0.0,0.0
2020-06-01 00:00:00-04:00,94.98296537127226,96.80938674396393,94.56009798660286,95.99964141845703,567100,0.0,0.0,0.0
2020-06-02 00:00:00-04:00,96.83639892629151,97.48419533263407,96.3055699548245,97.0073471069336,526400,0.0,0.0,0.0
2020-06-03 00:00:00-04:00,98.52785673627689,101.02006591428878,98.3479094986951,100.59719848632812,643500,0.0,0.0,0.0
2020-06-04 00:00:00-04:00,100.38126116816862,101.60487483519368,99.25661675835035,101.58688354492188,612300,0.0,0.0,0.0
2020-06-05 00:00:00-04:00,105.89651143305807,107.24608468087588,105.14975278612175,105.4826431274414,1120400,0.0,0.0,0.0
2020-06-08 00:00:00-04:00,107.41703489714102,108.43371095899379,106.83221843893286,108.37973022460938,2071600,0.0,0.0,0.0
2020-06-09 00:00:00-04:00,106.7512522327486,106.7692435236069,104.72689222908441,105.58161926269531,837800,0.0,0.0,0.0
2020-06-10 00:00:00-04:00,105.3746835220062,105.3746835220062,101.63186368709158,101.68584442138672,666700,0.0,0.0,0.0
2020-06-11 00:00:00-04:00,97.04333661988157,97.73611469336974,93.50745361994389,93.75037384033203,1348500,0.0,0.0,0.0
2020-06-12 00:00:00-04:00,97.4661899081684,98.1499688030304,93.48044963548865,96.1615982055664,649300,0.0,0.0,0.0
2020-06-15 00:00:00-04:00,93.11156780549204,98.25794226198869,92.4187897967877,97.5291748046875,668800,0.0,0.0,0.0
2020-06-16 00:00:00-04:00,101.54190017829525,101.91077999401634,98.05999843757243,99.84143829345703,525600,0.0,0.0,0.0
2020-06-17 00:00:00-04:00,100.1023725191527,100.17434455960037,97.94305342714063,98.04202270507812,499400,0.0,0.0,0.0
2020-06-18 00:00:00-04:00,96.99832078519238,98.8337411329098,96.73740248012487,97.7630844116211,584400,0.0,0.0,0.0
2020-06-19 00:00:00-04:00,99.40058294223641,99.40058294223641,95.90968200585368,96.75541687011719,681900,0.0,0.0,0.0
2020-06-22 00:00:00-04:00,96.6564516902169,97.16928933156206,94.93799151921829,96.90837097167969,565800,0.0,0.0,0.0
2020-06-23 00:00:00-04:00,98.20394875773329,98.48285836775234,96.86337457709013,97.15128326416016,412200,0.0,0.0,0.0
2020-06-24 00:00:00-04:00,96.03563598274164,96.03563598274164,92.48176230233861,93.52542877197266,758900,0.0,0.0,0.0
2020-06-25 00:00:00-04:00,92.95863083108328,94.92031570027672,92.37102749734912,94.83895874023438,447400,0.493,0.0,0.0
2020-06-26 00:00:00-04:00,94.30560356278136,94.31464552498315,92.22639366413505,92.443359375,508800,0.0,0.0,0.0
2020-06-29 00:00:00-04:00,93.61856427888449,95.75201227084102,92.78688303374801,95.45368957519531,453400,0.0,0.0,0.0
2020-06-30 00:00:00-04:00,95.31808518819402,96.96337048729238,95.07400049881903,96.656005859375,525400,0.0,0.0,0.0
2020-07-01 00:00:00-04:00,96.71023899816026,97.54192006008468,95.18247179973757,95.44463348388672,499000,0.0,0.0,0.0
2020-07-02 00:00:00-04:00,97.32496507542436,98.17472319485789,95.66159598975437,95.83335876464844,563400,0.0,0.0,0.0
2020-07-06 00:00:00-04:00,97.69560847901784,98.23800892485174,96.13168018158429,96.67408752441406,534500,0.0,0.0,0.0
2020-07-07 00:00:00-04:00,95.77909649263314,95.95085923631851,94.32365139349463,94.54965209960938,464500,0.0,0.0,0.0
2020-07-08 00:00:00-04:00,94.53158182657789,95.52598362507608,93.55525705118197,94.92030334472656,422600,0.0,0.0,0.0
2020-07-09 00:00:00-04:00,94.9383753146405,94.9383753146405,91.71108544857526,92.62413024902344,515600,0.0,0.0,0.0
2020-07-10 00:00:00-04:00,92.64222993313199,94.88415349770918,92.597027024598,94.79375457763672,472300,0.0,0.0,0.0
2020-07-13 00:00:00-04:00,95.5802388016164,96.76448050694606,94.24231134685832,94.33271026611328,655900,0.0,0.0,0.0
2020-07-14 00:00:00-04:00,94.13382451477037,95.71582967414763,93.53718615538556,95.65254974365234,364300,0.0,0.0,0.0
2020-07-15 00:00:00-04:00,97.75887787785844,99.49456187622181,97.67752092340162,99.1239242553711,412200,0.0,0.0,0.0
2020-07-16 00:00:00-04:00,98.45497078215791,99.48553365816086,97.75888460459723,98.81656646728516,335900,0.0,0.0,0.0
2020-07-17 00:00:00-04:00,99.03352859140624,99.55784507477341,98.25608548176398,98.6357650756836,411400,0.0,0.0,0.0
2020-07-20 00:00:00-04:00,98.40977085648133,98.61768769203329,97.20744516569545,97.50576782226562,663900,0.0,0.0,0.0
2020-07-21 00:00:00-04:00,98.4730488071469,100.04601212380234,98.34648893666862,99.48553466796875,379100,0.0,0.0,0.0
2020-07-22 00:00:00-04:00,98.99735680386391,100.22680126601412,98.93407687847359,100.2087173461914,654500,0.0,0.0,0.0
2020-07-23 00:00:00-04:00,100.0459989921138,101.34776537130578,99.6482424072455,100.3985595703125,400100,0.0,0.0,0.0
2020-07-24 00:00:00-04:00,100.02793444919426,100.39857209690581,99.1872113739027,99.38609313964844,410000,0.0,0.0,0.0
2020-07-27 00:00:00-04:00,99.43128114432214,99.88328261298057,98.50920118293678,99.80192565917969,293200,0.0,0.0,0.0
2020-07-28 00:00:00-04:00,99.4403169145884,100.19064096113173,99.18719721141585,99.22335815429688,371400,0.0,0.0,0.0
2020-07-29 00:00:00-04:00,99.79289381371035,101.76362069269484,99.74769090346469,101.59185791015625,239800,0.0,0.0,0.0
2020-07-30 00:00:00-04:00,100.09119383013552,100.69687406725967,99.11486912441666,100.50703430175781,354300,0.0,0.0,0.0
2020-07-31 00:00:00-04:00,100.30816749321406,100.32625141470962,98.18376191917037,99.83808898925781,458900,0.0,0.0,0.0
2020-08-03 00:00:00-04:00,100.4166480151572,101.121769203326,99.49456115601716,100.94097137451172,316600,0.0,0.0,0.0
2020-08-04 00:00:00-04:00,100.64264080173373,101.39296483634915,100.48896196967839,101.35680389404297,263500,0.0,0.0,0.0
2020-08-05 00:00:00-04:00,101.95347625679149,103.1377182006836,101.95347625679149,103.1377182006836,352800,0.0,0.0,0.0
2020-08-06 00:00:00-04:00,103.02017272199363,103.58969208302304,102.6133741636862,102.96593475341797,449500,0.0,0.0,0.0
2020-08-07 00:00:00-04:00,102.72185337605099,104.86434286403622,102.6495383813094,104.85530090332031,411400,0.0,0.0,0.0
2020-08-10 00:00:00-04:00,105.09033916639926,106.73562420047944,105.09033916639926,106.28362274169922,465400,0.0,0.0,0.0
2020-08-11 00:00:00-04:00,107.53115090673232,108.43515387996082,106.09378948985676,106.44635009765625,467000,0.0,0.0,0.0
2020-08-12 00:00:00-04:00,107.4859437037905,107.6576995608622,105.86777772257116,106.5728988647461,620700,0.0,0.0,0.0
2020-08-13 00:00:00-04:00,106.14803420281024,106.83507843725766,105.52427680162377,105.83163452148438,1542500,0.0,0.0,0.0
2020-08-14 00:00:00-04:00,105.28018048742832,106.6723458284217,105.0451377942749,106.01242065429688,270400,0.0,0.0,0.0
2020-08-17 00:00:00-04:00,106.2474686884892,106.46442747161691,105.34346571229581,105.8768310546875,374200,0.0,0.0,0.0
2020-08-18 00:00:00-04:00,105.80450544847457,105.80450544847457,104.50273900139851,104.65641784667969,364500,0.0,0.0,0.0
2020-08-19 00:00:00-04:00,104.65642252899133,105.28922875662944,104.22250495854932,104.42138671875,344600,0.0,0.0,0.0
2020-08-20 00:00:00-04:00,103.3817885767646,104.31291060778317,103.15578781595443,103.65299224853516,332100,0.0,0.0,0.0
2020-08-21 00:00:00-04:00,103.28232807104348,103.63488863917632,102.68568286528357,103.16481018066406,364600,0.0,0.0,0.0
2020-08-24 00:00:00-04:00,103.78858488401788,105.21691131591797,103.11058261663445,105.21691131591797,316900,0.0,0.0,0.0
2020-08-25 00:00:00-04:00,105.64179140929163,105.85875019870285,104.07786318050499,105.02706909179688,316200,0.0,0.0,0.0
2020-08-26 00:00:00-04:00,104.91858344313752,105.05418526926697,104.14114033012379,104.2677001953125,294900,0.0,0.0,0.0
2020-08-27 00:00:00-04:00,104.71970042401065,105.84066906932641,104.5298606285125,105.2078628540039,262200,0.0,0.0,0.0
2020-08-28 00:00:00-04:00,105.67796391437139,105.94916070654564,104.90956265771653,105.93108367919922,305600,0.0,0.0,0.0
2020-08-31 00:00:00-04:00,105.76834392292825,105.82258189226056,104.4032975531062,104.4575424194336,344700,0.0,0.0,0.0
2020-09-01 00:00:00-04:00,104.25865937931856,105.49713897705078,103.52641231741649,105.49713897705078,425800,0.0,0.0,0.0
2020-09-02 00:00:00-04:00,105.65986803480429,106.94355753503532,105.11746761483111,106.58195495605469,361800,0.0,0.0,0.0
2020-09-03 00:00:00-04:00,106.5367455268891,107.42267144632014,103.79761771122247,104.34906005859375,431900,0.0,0.0,0.0
2020-09-04 00:00:00-04:00,105.51521991399271,105.7141016561197,102.4235316418227,104.43041229248047,459900,0.0,0.0,0.0
2020-09-08 00:00:00-04:00,103.26425746061538,103.54449616114978,101.78168631402713,102.0348129272461,332300,0.0,0.0,0.0
2020-09-09 00:00:00-04:00,102.9659295706902,103.60777078884378,102.05288472931919,103.15576934814453,315900,0.0,0.0,0.0
2020-09-10 00:00:00-04:00,103.51738651411581,104.18634680976159,101.69129657322371,101.76361846923828,293700,0.0,0.0,0.0
2020-09-11 00:00:00-04:00,102.33313430734157,102.33313430734157,100.78729004325753,101.58281707763672,278000,0.0,0.0,0.0
2020-09-14 00:00:00-04:00,102.40545721213803,103.85186061120868,102.21561741260332,103.6439437866211,321600,0.0,0.0,0.0
2020-09-15 00:00:00-04:00,104.35811628621003,104.47563420202925,103.30042745585278,103.52642822265625,330900,0.0,0.0,0.0
2020-09-16 00:00:00-04:00,103.86993550533208,105.55138146591878,103.63489281810092,104.37617492675781,381500,0.0,0.0,0.0
2020-09-17 00:00:00-04:00,103.05633646705427,104.24057812643548,102.39641127780666,103.9784164428711,318800,0.0,0.0,0.0
2020-09-18 00:00:00-04:00,104.2225142109307,104.37619307673032,102.07098939874794,102.85746765136719,320200,0.0,0.0,0.0
2020-09-21 00:00:00-04:00,100.8324852710608,100.84152723130698,98.31935828821892,99.35896301269531,696500,0.0,0.0,0.0
2020-09-22 00:00:00-04:00,99.66631728603986,100.50704023834611,98.83463629367088,99.63919830322266,291600,0.0,0.0,0.0
2020-09-23 00:00:00-04:00,99.72961082768803,100.79633464510349,97.24360257410926,97.32496643066406,335800,0.0,0.0,0.0
2020-09-24 00:00:00-04:00,96.9814209788022,98.88886747196459,95.94181636119804,97.40630340576172,596400,0.0,0.0,0.0
2020-09-25 00:00:00-04:00,97.00625812360592,98.97929587491788,96.95169932126693,98.6156005859375,578500,0.62,0.0,0.0
2020-09-28 00:00:00-04:00,99.8521615469155,101.48878689756675,99.8521615469155,101.11599731445312,332400,0.0,0.0,0.0
2020-09-29 00:00:00-04:00,101.02507364473355,101.02507364473355,99.22478578718493,100.04309844970703,469100,0.0,0.0,0.0
2020-09-30 00:00:00-04:00,100.49772384017349,101.72518946340021,99.78852178839412,100.5886459350586,514000,0.0,0.0,0.0
2020-10-01 00:00:00-04:00,101.03417568815871,101.78883531665,100.43407737728607,101.73428344726562,451400,0.0,0.0,0.0
2020-10-02 00:00:00-04:00,99.97037003699118,103.72551444671504,99.77943154890698,103.2527084350586,327000,0.0,0.0,0.0
2020-10-05 00:00:00-04:00,104.33468928160377,105.6894471390909,103.97099398822911,105.64398956298828,425500,0.0,0.0,0.0
2020-10-06 00:00:00-04:00,106.3895664964155,107.98981475895587,105.00752570787212,105.18937683105469,562500,0.0,0.0,0.0
2020-10-07 00:00:00-04:00,106.37135939436006,107.35333447783223,106.3622720424665,106.99873352050781,374500,0.0,0.0,0.0
2020-10-08 00:00:00-04:00,108.02617234241539,108.80811473832027,107.58064928234734,108.76265716552734,393900,0.0,0.0,0.0
2020-10-09 00:00:00-04:00,109.5900657280044,109.9992255366875,108.36260017577669,108.7262954711914,320000,0.0,0.0,0.0
2020-10-12 00:00:00-04:00,109.108169304838,109.67189734353414,108.72629237712961,109.39912414550781,279100,0.0,0.0,0.0
2020-10-13 00:00:00-04:00,108.70810074800909,108.8808575643735,107.76249580813142,108.0898208618164,392600,0.0,0.0,0.0
2020-10-14 00:00:00-04:00,108.25348703513612,109.08089398674136,107.68976593017578,107.68976593017578,364500,0.0,0.0,0.0
2020-10-15 00:00:00-04:00,106.46230579320279,109.09908825887074,106.15316927236265,108.89905548095703,377700,0.0,0.0,0.0
2020-10-16 00:00:00-04:00,109.21726357536735,109.49912408394628,108.52624333117338,108.59898376464844,305300,0.0,0.0,0.0
2020-10-19 00:00:00-04:00,108.9536038101903,109.5082375730932,107.19878043215066,107.31697845458984,232200,0.0,0.0,0.0
2020-10-20 00:00:00-04:00,108.08073440687828,109.19908923549855,107.90797758907904,108.05345153808594,420400,0.0,0.0,0.0
2020-10-21 00:00:00-04:00,108.18076834754982,108.63538578449429,107.41700744628906,107.41700744628906,369900,0.0,0.0,0.0
2020-10-22 00:00:00-04:00,107.79886816833819,109.54460413493513,107.59883541634923,109.43549346923828,461100,0.0,0.0,0.0
2020-10-23 00:00:00-04:00,109.99921741983324,110.47201641314693,109.09907006929888,110.16287994384766,436700,0.0,0.0,0.0
2020-10-26 00:00:00-04:00,108.78085701452436,108.78085701452436,106.38957185377397,107.52611541748047,540400,0.0,0.0,0.0
2020-10-27 00:00:00-04:00,107.59883774086269,107.60793203076153,105.90766747594475,105.94403076171875,304900,0.0,0.0,0.0
2020-10-28 00:00:00-04:00,103.83460827459628,104.53472293429266,102.78899383544922,102.78899383544922,464900,0.0,0.0,0.0
2020-10-29 00:00:00-04:00,102.71626046285303,104.6711167463036,101.95249959393945,104.21649932861328,291100,0.0,0.0,0.0
2020-10-30 00:00:00-04:00,103.7436752319336,104.43469552861266,102.44346936667786,103.7436752319336,427700,0.0,0.0,0.0
2020-11-02 00:00:00-05:00,104.84385728753497,106.2349853515625,104.32559375511471,106.2349853515625,664800,0.0,0.0,0.0
2020-11-03 00:00:00-05:00,107.82614147941251,109.14453597778638,107.49882336409972,108.6717300415039,508100,0.0,0.0,0.0
2020-11-04 00:00:00-05:00,107.9352615711126,109.09908099761097,106.2713602331137,107.48973846435547,488300,0.0,0.0,0.0
2020-11-05 00:00:00-05:00,108.40807274794979,110.63569532548324,108.208039973756,110.0992431640625,441800,0.0,0.0,0.0
2020-11-06 00:00:00-05:00,110.5083937187695,110.73570240909027,108.92632717647201,109.03543090820312,371200,0.0,0.0,0.0
2020-11-09 00:00:00-05:00,115.2455054392685,118.40963850867074,115.13639477115058,115.27278137207031,825700,0.0,0.0,0.0
2020-11-10 00:00:00-05:00,116.00924063516703,117.89136293851675,115.4727955446369,117.39128112792969,950200,0.0,0.0,0.0
2020-11-11 00:00:00-05:00,118.27324738208162,118.27324738208162,115.69101731550253,116.53660583496094,679400,0.0,0.0,0.0
2020-11-12 00:00:00-05:00,115.66375771041587,115.70922222503674,113.26337840094683,114.25444793701172,438400,0.0,0.0,0.0
2020-11-13 00:00:00-05:00,115.34551751617528,117.75498398262707,115.2455011416912,117.40038299560547,631500,0.0,0.0,0.0
2020-11-16 00:00:00-05:00,120.34629778147857,120.92820739746094,119.00063439586053,120.92820739746094,1157200,0.0,0.0,0.0
2020-11-17 00:00:00-05:00,119.9098865860947,121.51922214895446,118.63694957659501,121.11006927490234,781500,0.0,0.0,0.0
2020-11-18 00:00:00-05:00,121.74651669532646,122.13749481759403,119.62801212437388,119.64618682861328,922100,0.0,0.0,0.0
2020-11-19 00:00:00-05:00,119.51890567319248,120.52815680537799,118.65513543140628,120.37358856201172,716800,0.0,0.0,0.0
2020-11-20 00:00:00-05:00,120.2463167062671,120.50090137086218,119.6007538164429,120.19176483154297,536000,0.0,0.0,0.0
2020-11-23 00:00:00-05:00,121.25552417560766,123.45587019492747,121.25552417560766,122.94670104980469,763300,0.0,0.0,0.0
2020-11-24 00:00:00-05:00,124.49245008772287,126.43821236325867,124.30151851388582,126.07452392578125,1567500,0.0,0.0,0.0
2020-11-25 00:00:00-05:00,125.83808269946176,125.83808269946176,123.98324993090881,124.98341369628906,723300,0.0,0.0,0.0
2020-11-27 00:00:00-05:00,125.19252654667898,125.19252654667898,124.21055141771262,124.66516876220703,217400,0.0,0.0,0.0
2020-11-30 00:00:00-05:00,124.32877183541999,124.45606415276283,121.78291161474097,121.81927490234375,736600,0.0,0.0,0.0
2020-12-01 00:00:00-05:00,123.59227657525393,124.5469758658457,122.98309093953694,123.63774108886719,922200,0.0,0.0,0.0
2020-12-02 00:00:00-05:00,123.21039753472046,124.2923891207031,122.65576377525966,124.01052856445312,578100,0.0,0.0,0.0
2020-12-03 00:00:00-05:00,124.25603092012217,125.78353872250439,124.20147905201166,124.9470443725586,629300,0.0,0.0,0.0
2020-12-04 00:00:00-05:00,125.78354871473962,127.74749936566599,125.76537400647365,127.67475891113281,543700,0.0,0.0,0.0
2020-12-07 00:00:00-05:00,127.51110155441681,127.67475716951668,126.41092127111693,126.89281463623047,564600,0.0,0.0,0.0
2020-12-08 00:00:00-05:00,126.1199473084063,127.74747126488018,126.1199473084063,127.61109161376953,473000,0.0,0.0,0.0
2020-12-09 00:00:00-05:00,128.28394460979715,128.79311391770625,126.63823171322552,127.67475891113281,865300,0.0,0.0,0.0
2020-12-10 00:00:00-05:00,126.78371015734358,128.44761160365445,126.38364460210082,128.34759521484375,419100,0.0,0.0,0.0
2020-12-11 00:00:00-05:00,127.41109707024744,128.51126358252333,126.49276089807958,127.59294128417969,519300,0.0,0.0,0.0
2020-12-14 00:00:00-05:00,128.94768244861854,129.32045816226028,126.50183868408203,126.50183868408203,535000,0.0,0.0,0.0
2020-12-15 00:00:00-05:00,127.65656661711711,129.52960205078125,126.94736454831933,129.52960205078125,487200,0.0,0.0,0.0
2020-12-16 00:00:00-05:00,129.82960908699388,129.8477976645959,128.32937746959178,128.8567352294922,459600,0.0,0.0,0.0
2020-12-17 00:00:00-05:00,129.56596861159252,129.73872545621967,128.6840096802604,129.68417358398438,529800,0.0,0.0,0.0
2020-12-18 00:00:00-05:00,129.9660283693309,130.31154204315598,128.10209419952994,128.75674438476562,473000,0.0,0.0,0.0
2020-12-21 00:00:00-05:00,126.91098779595085,128.30211585054272,125.88354809104553,128.0293426513672,573000,0.0,0.0,0.0
2020-12-22 00:00:00-05:00,128.35663890547988,128.583947541469,127.72926485033899,127.95657348632812,336800,0.0,0.0,0.0
2020-12-23 00:00:00-05:00,128.7112655335325,130.16604664399156,128.4657682729556,129.82962036132812,491000,0.0,0.0,0.0
2020-12-24 00:00:00-05:00,130.1644451880905,130.1735886337497,129.03002975069472,129.9265899658203,180600,0.876,0.0,0.0
2020-12-28 00:00:00-05:00,130.878003128287,131.2073485904137,129.8991241455078,129.8991241455078,464900,0.0,0.0,0.0
2020-12-29 00:00:00-05:00,130.43888864141257,130.51207807750484,127.91391591378793,128.55430603027344,416300,0.0,0.0,0.0
2020-12-30 00:00:00-05:00,129.01172148254028,130.46632479049282,128.6183300330344,129.8991241455078,514900,0.0,0.0,0.0
2020-12-31 00:00:00-05:00,129.87169107355808,130.55782634897756,128.71897487680033,130.10040283203125,442200,0.0,0.0,0.0
2021-01-04 00:00:00-05:00,130.85061698255132,131.1067731269829,127.0082608566148,127.97799682617188,1058600,0.0,0.0,0.0
2021-01-05 00:00:00-05:00,127.91394292120451,130.93292753055061,127.91394292120451,130.16445922851562,725300,0.0,0.0,0.0
2021-01-06 00:00:00-05:00,131.36292341083598,136.95264109791677,131.11592468509406,135.7176055908203,1020700,0.0,0.0,0.0
2021-01-07 00:00:00-05:00,136.65989002305383,137.49239043177698,136.31224359250163,136.91604614257812,768000,0.0,0.0,0.0
2021-01-08 00:00:00-05:00,137.87663761150685,137.87663761150685,134.5923253171264,136.21160888671875,677500,0.0,0.0,0.0
2021-01-11 00:00:00-05:00,134.7020871969974,136.79708083867806,134.26295055394093,136.586669921875,567300,0.0,0.0,0.0
2021-01-12 00:00:00-05:00,136.98923836759388,138.8738215533728,136.82455859630832,138.79148864746094,3564700,0.0,0.0,0.0
2021-01-13 00:00:00-05:00,138.76400969180452,139.04762403564118,137.31856347204217,137.62960815429688,561500,0.0,0.0,0.0
2021-01-14 00:00:00-05:00,138.52617544046223,140.3558700265882,138.31576447170707,139.54165649414062,542800,0.0,0.0,0.0
2021-01-15 00:00:00-05:00,138.24255010111568,138.46211843728975,136.2298892109612,137.92234802246094,1038900,0.0,0.0,0.0
2021-01-19 00:00:00-05:00,139.18483711083925,139.37696114382894,137.88575590513898,138.73655700683594,720500,0.0,0.0,0.0
2021-01-20 00:00:00-05:00,139.3403556680805,139.97160238292864,138.69996550789344,139.50503540039062,1075300,0.0,0.0,0.0
2021-01-21 00:00:00-05:00,139.68801236754942,139.96246930208466,137.98639612478235,138.05958557128906,635300,0.0,0.0,0.0
2021-01-22 00:00:00-05:00,136.98005225154574,138.8189038549509,136.4494392588864,138.73655700683594,736100,0.0,0.0,0.0
2021-01-25 00:00:00-05:00,138.6450804832265,139.87097224418295,136.76964114057765,138.40721130371094,463500,0.0,0.0,0.0
2021-01-26 00:00:00-05:00,139.19399237852693,139.71546196988945,137.0441098885347,137.38259887695312,524900,0.0,0.0,0.0
2021-01-27 00:00:00-05:00,135.43395247244317,136.4037020809299,133.97020555371552,134.610595703125,1012500,0.0,0.0,0.0
2021-01-28 00:00:00-05:00,135.61695847640158,136.76966096143988,134.86677704684107,135.28761291503906,511500,0.0,0.0,0.0
2021-01-29 00:00:00-05:00,135.44311646287713,136.01946064564072,132.35092878607026,132.7534637451172,707200,0.0,0.0,0.0
2021-02-01 00:00:00-05:00,134.06171387155223,135.48888735006855,132.77178981976763,135.12294006347656,763900,0.0,0.0,0.0
2021-02-02 00:00:00-05:00,136.70561138979204,137.053257795348,135.39738658481764,136.56838989257812,661700,0.0,0.0,0.0
2021-02-03 00:00:00-05:00,136.78791446125868,137.55638251858815,135.83646585360268,137.41000366210938,510800,0.0,0.0,0.0
2021-02-04 00:00:00-05:00,137.913220445055,139.5873925574338,137.913220445055,139.4776153564453,484300,0.0,0.0,0.0
2021-02-05 00:00:00-05:00,140.70350646972656,141.25240643089464,139.77035838844168,140.70350646972656,530800,0.0,0.0,0.0
2021-02-08 00:00:00-05:00,141.92026856550137,143.53953826363656,141.55432126350811,143.48464965820312,572100,0.0,0.0,0.0
2021-02-09 00:00:00-05:00,143.3656889112802,144.22563342171432,142.60636417636363,143.7041778564453,504900,0.0,0.0,0.0
2021-02-10 00:00:00-05:00,144.47268654596243,144.91180934923125,142.78937083388016,143.81399536132812,437500,0.0,0.0,0.0
2021-02-11 00:00:00-05:00,144.234811182799,144.92094657461936,142.15810415490722,143.96949768066406,604000,0.0,0.0,0.0
2021-02-12 00:00:00-05:00,143.63099926763223,144.59159154507196,143.53950897093915,144.51840209960938,337500,0.0,0.0,0.0
2021-02-16 00:00:00-05:00,145.38749726422242,145.81747651149448,144.1433046686082,144.77455139160156,675000,0.0,0.0,0.0
2021-02-17 00:00:00-05:00,143.91459796121273,144.5458447064188,142.72529391540732,144.00608825683594,605700,0.0,0.0,0.0
2021-02-18 00:00:00-05:00,143.10954940346537,143.41145067275988,141.70983422002965,142.1947021484375,549000,0.0,0.0,0.0
2021-02-19 00:00:00-05:00,143.38396432543198,145.13132542040336,143.30163144689377,145.05813598632812,372700,0.0,0.0,0.0
2021-02-22 00:00:00-05:00,144.45436449079034,147.06168454393816,144.38118900053666,146.04620361328125,453900,0.0,0.0,0.0
2021-02-23 00:00:00-05:00,144.81114420438317,146.80551818106977,142.56977155658183,146.31149291992188,599700,0.0,0.0,0.0
2021-02-24 00:00:00-05:00,146.85129017012179,149.55923031777434,146.55853233823407,149.3396759033203,626700,0.0,0.0,0.0
2021-02-25 00:00:00-05:00,149.55004450313604,149.888533435834,144.63732043902618,145.08558654785156,707500,0.0,0.0,0.0
2021-02-26 00:00:00-05:00,145.26858342355862,146.1925880466454,142.39596372098634,144.4269256591797,575700,0.0,0.0,0.0
2021-03-01 00:00:00-05:00,147.32699219247294,149.2481769646747,147.21721499159088,148.51629638671875,681100,0.0,0.0,0.0
2021-03-02 00:00:00-05:00,148.55287774082063,148.66265492666264,146.70488267554526,146.97933959960938,539800,0.0,0.0,0.0
2021-03-03 00:00:00-05:00,147.42760866634723,149.55920414354753,146.91529650966478,147.25379943847656,579300,0.0,0.0,0.0
2021-03-04 00:00:00-05:00,147.2629562487908,148.20524775665965,142.14896370424822,144.57330322265625,680700,0.0,0.0,0.0
2021-03-05 00:00:00-05:00,146.70489796719352,148.86393792370615,142.46000750551144,148.58033752441406,793700,0.0,0.0,0.0
2021-03-08 00:00:00-05:00,149.75135012278415,152.358656436364,149.1658484351541,150.8125762939453,1197500,0.0,0.0,0.0
2021-03-09 00:00:00-05:00,152.86179921481397,152.86179921481397,149.88854612763626,150.74850463867188,717100,0.0,0.0,0.0
2021-03-10 00:00:00-05:00,151.4437684302629,153.7674876611991,151.26080181950562,153.29176330566406,769700,0.0,0.0,0.0
2021-03-11 00:00:00-05:00,154.58173600733616,155.52402752795456,153.52050988099248,155.02085876464844,851600,0.0,0.0,0.0
2021-03-12 00:00:00-05:00,155.32276010278218,156.88715499323925,155.21298290326266,156.85971069335938,627400,0.0,0.0,0.0
2021-03-15 00:00:00-04:00,157.3719999670891,158.01239013671875,155.7618601583532,158.01239013671875,529500,0.0,0.0,0.0
2021-03-16 00:00:00-04:00,157.94837720784477,157.94837720784477,155.0666138614607,155.69786071777344,882600,0.0,0.0,0.0
2021-03-17 00:00:00-04:00,155.40505855608046,156.78648648798404,154.23405548922858,156.73159790039062,514100,0.0,0.0,0.0
2021-03-18 00:00:00-04:00,156.64927475508108,158.4606821764124,153.7858126466408,154.20663452148438,750300,0.0,0.0,0.0
2021-03-19 00:00:00-04:00,154.15175913928377,155.4965856918552,152.02016340602069,154.30728149414062,485900,0.0,0.0,0.0
2021-03-22 00:00:00-04:00,154.4810920254269,154.4810920254269,151.76399484295217,152.65139770507812,689200,0.0,0.0,0.0
2021-03-23 00:00:00-04:00,151.59018326197932,151.85549677605246,146.98850281053478,147.76612854003906,1445400,0.0,0.0,0.0
2021-03-24 00:00:00-04:00,149.24818447160507,150.99554612399226,146.3755645751953,146.3755645751953,787200,0.0,0.0,0.0
2021-03-25 00:00:00-04:00,145.25131285426622,150.44082236640972,144.38792225588855,149.94483947753906,1106000,0.636,0.0,0.0
2021-03-26 00:00:00-04:00,151.24912953065157,152.9024294502372,150.22041580965308,152.89324951171875,659700,0.0,0.0,0.0
2021-03-29 00:00:00-04:00,152.35127554862328,153.31570135783747,149.52229971534038,150.11013793945312,676900,0.0,0.0,0.0
2021-03-30 00:00:00-04:00,150.43163457533288,152.56255713370507,149.8070625245364,152.2686309814453,1557400,0.0,0.0,0.0
2021-03-31 00:00:00-04:00,152.5900954755531,153.2330413494199,151.5521881265596,152.1124725341797,535200,0.0,0.0,0.0
2021-04-01 00:00:00-04:00,152.91158360146716,153.96786499023438,152.1492283778017,153.96786499023438,739800,0.0,0.0,0.0
2021-04-05 00:00:00-04:00,155.2170238401269,155.64871913752552,153.96786566332534,154.59243774414062,943400,0.0,0.0,0.0
2021-04-06 00:00:00-04:00,155.03330817608816,155.8875188074141,154.33525457529979,154.51895141601562,609800,0.0,0.0,0.0
2021-04-07 00:00:00-04:00,154.84043267712175,155.18946648798308,153.0769177643819,153.563720703125,642800,0.0,0.0,0.0
2021-04-08 00:00:00-04:00,154.00461972217735,154.00461972217735,151.87371079573387,153.8209228515625,759300,0.0,0.0,0.0
2021-04-09 00:00:00-04:00,154.05053512163187,154.50978426902162,153.46269677357986,154.38119506835938,565100,0.0,0.0,0.0
2021-04-12 00:00:00-04:00,154.7485811045818,155.10679486117132,153.93111822338156,154.8588104248047,467100,0.0,0.0,0.0
2021-04-13 00:00:00-04:00,154.52813147751098,154.64752670490012,152.6452074952944,153.7198486328125,530500,0.0,0.0,0.0
2021-04-14 00:00:00-04:00,154.07807934967363,156.64068326577393,154.07807934967363,155.18946838378906,615700,0.0,0.0,0.0
2021-04-15 00:00:00-04:00,156.18139711462277,156.18139711462277,154.36277495972965,155.75889587402344,516000,0.0,0.0,0.0
2021-04-16 00:00:00-04:00,156.4294589166213,157.20099420234615,155.83244056782368,156.69583129882812,545500,0.0,0.0,0.0
2021-04-19 00:00:00-04:00,156.22733781587968,156.8427298585011,154.85878462227714,155.8231964111328,493100,0.0,0.0,0.0
2021-04-20 00:00:00-04:00,155.48340770642517,155.48340770642517,151.82778800629987,152.89324951171875,648200,0.0,0.0,0.0
2021-04-21 00:00:00-04:00,152.54419884178645,155.89671201964043,152.26864654966258,155.8507843017578,836000,0.0,0.0,0.0
2021-04-22 00:00:00-04:00,156.16305390019377,157.06317813131892,154.5924159522062,154.95982360839844,426700,0.0,0.0,0.0
2021-04-23 00:00:00-04:00,155.6946559696561,158.18379275606546,155.1894930707786,157.65106201171875,410600,0.0,0.0,0.0
2021-04-26 00:00:00-04:00,158.43176978827697,159.19412502529804,158.1745913968929,158.48687744140625,388600,0.0,0.0,0.0
2021-04-27 00:00:00-04:00,158.81751944887094,159.5155730016678,158.20212736643762,159.24002075195312,392800,0.0,0.0,0.0
2021-04-28 00:00:00-04:00,159.49718547611153,159.89214693713666,158.82668580410188,159.5982208251953,402400,0.0,0.0,0.0
2021-04-29 00:00:00-04:00,160.7371713991947,161.2423481694831,158.90017515463245,160.23199462890625,551200,0.0,0.0,0.0
2021-04-30 00:00:00-04:00,159.13898178157552,159.81867544675254,157.8530899989912,158.2113037109375,489800,0.0,0.0,0.0
2021-05-03 00:00:00-04:00,159.58904587662292,160.77390226638514,158.8450646533805,159.7819366455078,510200,0.0,0.0,0.0
2021-05-04 00:00:00-04:00,159.19411821733792,159.75438867697292,157.53162466639822,159.74520874023438,600500,0.0,0.0,0.0
2021-05-05 00:00:00-04:00,160.378982212673,160.60860677835092,159.5890731461342,160.0666961669922,225500,0.0,0.0,0.0
2021-05-06 00:00:00-04:00,160.13096393054244,161.15969138772178,158.41337687679322,161.15049743652344,392300,0.0,0.0,0.0
2021-05-07 00:00:00-04:00,160.85661763493965,162.96915258990734,160.10344227416712,162.9324188232422,429400,0.0,0.0,0.0
2021-05-10 00:00:00-04:00,163.37324940677652,164.15397838276513,161.1229319082726,161.17803955078125,433600,0.0,0.0,0.0
2021-05-11 00:00:00-04:00,158.5327957387937,160.4157058463103,157.47651439427645,159.49720764160156,509500,0.0,0.0,0.0
2021-05-12 00:00:00-04:00,158.86344514455845,159.81867704759367,154.56486654297646,154.76693725585938,535900,0.0,0.0,0.0
2021-05-13 00:00:00-04:00,155.37314869595997,158.58789218533758,154.92307956198613,157.99085998535156,608100,0.0,0.0,0.0
2021-05-14 00:00:00-04:00,159.2308407165035,161.16887238422234,158.78077157507806,161.040283203125,323400,0.0,0.0,0.0
2021-05-17 00:00:00-04:00,160.21361662539732,161.67403925382607,159.3594201209063,161.58218383789062,350600,0.0,0.0,0.0
2021-05-18 00:00:00-04:00,161.7199811368197,161.94041173011593,159.59823857015388,159.69009399414062,358300,0.0,0.0,0.0
2021-05-19 00:00:00-04:00,157.10912249960037,158.00924682617188,155.36396748176682,158.00924682617188,436900,0.0,0.0,0.0
2021-05-20 00:00:00-04:00,158.18375325308654,158.47766537457125,156.57638148307853,158.0827178955078,382600,0.0,0.0,0.0
2021-05-21 00:00:00-04:00,159.39617959334785,160.0391395782864,158.1470214170119,158.70730590820312,304100,0.0,0.0,0.0
2021-05-24 00:00:00-04:00,159.4237576844731,160.01159603965004,158.4042240043036,159.4329376220703,358300,0.0,0.0,0.0
2021-05-25 00:00:00-04:00,160.01157644994598,160.87495297905866,157.60510165275593,157.82554626464844,432100,0.0,0.0,0.0
2021-05-26 00:00:00-04:00,158.25723136343194,160.1401553420248,158.25723136343194,160.05747985839844,359400,0.0,0.0,0.0
2021-05-27 00:00:00-04:00,160.96681070333213,162.13330734993778,160.95763076672765,161.76589965820312,346100,0.0,0.0,0.0
2021-05-28 00:00:00-04:00,162.54666297571555,162.54666297571555,160.7372200064293,161.74757385253906,353400,0.0,0.0,0.0
2021-06-01 00:00:00-04:00,163.16200810850688,164.0162186617759,162.54661603999898,163.8600616455078,455800,0.0,0.0,0.0
2021-06-02 00:00:00-04:00,164.36526010675303,164.74184775535088,163.18958346029683,164.29177856445312,437200,0.0,0.0,0.0
2021-06-03 00:00:00-04:00,163.51105766132918,164.0713421382354,161.83938416738346,163.28143310546875,537100,0.0,0.0,0.0
2021-06-04 00:00:00-04:00,164.04382157662147,164.24589234796704,162.53748474533754,163.57537841796875,398600,0.0,0.0,0.0
2021-06-07 00:00:00-04:00,163.94274707322413,164.54894522744485,163.67637474947506,164.27340698242188,335900,0.0,0.0,0.0
2021-06-08 00:00:00-04:00,164.71427955555416,166.23898989109256,163.57533677204898,166.02772521972656,368100,0.0,0.0,0.0
2021-06-09 00:00:00-04:00,166.15634106429937,166.15634106429937,164.51223523241262,164.57652282714844,326200,0.0,0.0,0.0
2021-06-10 00:00:00-04:00,165.00822749506284,165.76140288999366,162.99672782616338,163.25390625,360600,0.0,0.0,0.0
2021-06-11 00:00:00-04:00,163.85088988557794,164.7602081298828,163.6120854040701,164.7602081298828,307500,0.0,0.0,0.0
2021-06-14 00:00:00-04:00,164.8888033895408,165.32049867156488,162.3721132363761,162.96913146972656,368300,0.0,0.0,0.0
2021-06-15 00:00:00-04:00,163.0977632080401,163.7315153141692,161.83023096543602,163.25390625,636300,0.0,0.0,0.0
2021-06-16 00:00:00-04:00,162.87730374957448,163.29980511526188,161.24237791155628,162.61093139648438,419300,0.0,0.0,0.0
2021-06-17 00:00:00-04:00,162.21598823894757,162.73034505376407,157.48572751500419,158.94613647460938,417500,0.0,0.0,0.0
2021-06-18 00:00:00-04:00,157.29283880320864,157.76126790542332,155.18948379698313,155.3456268310547,415300,0.0,0.0,0.0
2021-06-21 00:00:00-04:00,156.53965939377167,159.45131135397114,156.53965939377167,159.27679443359375,352300,0.0,0.0,0.0
2021-06-22 00:00:00-04:00,159.18491789503122,159.77275617169852,157.5959199622723,159.31350708007812,257000,0.0,0.0,0.0
2021-06-23 00:00:00-04:00,159.59821937797582,160.3054668151491,159.24000569177582,159.39614868164062,255600,0.0,0.0,0.0
2021-06-24 00:00:00-04:00,160.3374877951333,161.23178689012917,159.3602159761751,161.13037109375,454200,0.651,0.0,0.0
2021-06-25 00:00:00-04:00,161.8771430095508,162.85441476369598,161.2133331259915,162.3473358154297,276400,0.0,0.0,0.0
2021-06-28 00:00:00-04:00,162.30124784779358,162.30124784779358,159.15738625887707,160.00558471679688,390800,0.0,0.0,0.0
2021-06-29 00:00:00-04:00,160.42044522367507,161.29630116274487,159.1204830671084,159.36941528320312,372600,0.0,0.0,0.0
2021-06-30 00:00:00-04:00,159.20348215897673,160.3098414947184,158.8531481660723,160.1070098876953,1045000,0.0,0.0,0.0
2021-07-01 00:00:00-04:00,161.05661576401528,161.97857245022024,160.58640885056747,161.64666748046875,398100,0.0,0.0,0.0
2021-07-02 00:00:00-04:00,161.9232616382166,161.93247614086619,160.42046769769757,160.84457397460938,412800,0.0,0.0,0.0
2021-07-06 00:00:00-04:00,160.83534079019535,160.83534079019535,156.7234218555583,157.93118286132812,644100,0.0,0.0,0.0
2021-07-07 00:00:00-04:00,157.75601581098124,158.6871870389695,156.11493396556807,157.7099151611328,421100,0.0,0.0,0.0
2021-07-08 00:00:00-04:00,154.76888784464882,157.31349768733068,153.75474377703995,155.7000732421875,437100,0.0,0.0,0.0
2021-07-09 00:00:00-04:00,157.42412463829797,159.59072875976562,157.25817916581676,159.59072875976562,357100,0.0,0.0,0.0
2021-07-12 00:00:00-04:00,158.84393161322862,160.3375112023054,157.84823064443663,160.28219604492188,291000,0.0,0.0,0.0
2021-07-13 00:00:00-04:00,159.36944179710272,159.79354808515708,157.23972398982585,157.27659606933594,455500,0.0,0.0,0.0
2021-07-14 00:00:00-04:00,157.9680847826229,159.32336249025548,155.92133943101229,156.29013061523438,341200,0.0,0.0,0.0
2021-07-15 00:00:00-04:00,155.34971267401508,156.56670233897043,154.372440768005,155.77381896972656,432400,0.0,0.0,0.0
2021-07-16 00:00:00-04:00,156.81565015544308,156.81565015544308,153.10016486937337,153.3767547607422,439500,0.0,0.0,0.0
2021-07-19 00:00:00-04:00,150.55552104299102,151.34840431040732,148.36125975382785,149.96546936035156,920000,0.0,0.0,0.0
2021-07-20 00:00:00-04:00,150.3527185713744,155.14689117961987,149.91939774434996,154.3079071044922,582600,0.0,0.0,0.0
2021-07-21 00:00:00-04:00,155.4234718056547,157.6177333893735,155.20219711948303,156.7879638671875,367900,0.0,0.0,0.0
2021-07-22 00:00:00-04:00,156.48373481449732,156.48373481449732,153.94835343482265,154.65826416015625,663000,0.0,0.0,0.0
2021-07-23 00:00:00-04:00,155.68161875895228,155.82913521657701,154.24336846697048,155.65396118164062,423800,0.0,0.0,0.0
2021-07-26 00:00:00-04:00,155.6078589250988,157.2765983894279,155.6078589250988,156.52981567382812,383100,0.0,0.0,0.0
2021-07-27 00:00:00-04:00,155.70925219286096,156.05960020841076,154.52914885073076,155.74612426757812,438200,0.0,0.0,0.0
2021-07-28 00:00:00-04:00,156.36389958456883,157.7191773852248,154.5107571680269,156.6497039794922,328200,0.0,0.0,0.0
2021-07-29 00:00:00-04:00,157.65460585507893,159.33257390977522,157.42411666523233,158.23544311523438,242500,0.0,0.0,0.0
2021-07-30 00:00:00-04:00,157.46095575702745,159.3048688894933,157.01842054425907,157.47018432617188,380100,0.0,0.0,0.0
2021-08-02 00:00:00-04:00,158.21697890382686,160.4020116299185,156.39150870314194,156.57589721679688,331200,0.0,0.0,0.0
2021-08-03 00:00:00-04:00,156.9723352567843,157.91273498535156,154.66744361574644,157.91273498535156,420800,0.0,0.0,0.0
2021-08-04 00:00:00-04:00,156.68652913796268,157.60848578374998,155.45111060891378,155.51564025878906,453200,0.0,0.0,0.0
2021-08-05 00:00:00-04:00,156.13334481601345,158.09710266919535,156.13334481601345,157.76519775390625,289900,0.0,0.0,0.0
2021-08-06 00:00:00-04:00,158.79783701702524,159.73822278099718,158.29997248979896,158.92691040039062,340300,0.0,0.0,0.0
2021-08-09 00:00:00-04:00,158.48433663336064,158.72405435695805,157.31346186017916,158.13400268554688,281800,0.0,0.0,0.0
2021-08-10 00:00:00-04:00,158.34604236164122,160.0424390898211,157.81130585794392,159.68287658691406,240200,0.0,0.0,0.0
2021-08-11 00:00:00-04:00,160.03326828541913,161.4346466064453,158.7886209373845,161.4346466064453,316800,0.0,0.0,0.0
2021-08-12 00:00:00-04:00,161.43462414652527,161.61901267333573,159.9594877961559,161.09349060058594,219100,0.0,0.0,0.0
2021-08-13 00:00:00-04:00,161.25943297865592,161.25943297865592,160.06088657989213,160.4573211669922,194500,0.0,0.0,0.0
2021-08-16 00:00:00-04:00,159.52616125498167,159.83040864379672,158.07869660049573,159.4339599609375,377400,0.0,0.0,0.0
2021-08-17 00:00:00-04:00,158.1801027703927,158.29073306215923,155.56173529907252,157.31346130371094,402200,0.0,0.0,0.0
2021-08-18 00:00:00-04:00,156.9539233463688,158.01416798954023,155.6078602915089,155.71849060058594,323000,0.0,0.0,0.0
2021-08-19 00:00:00-04:00,154.14194808390485,155.2390788445031,152.74056991396853,153.87457275390625,417700,0.0,0.0,0.0
2021-08-20 00:00:00-04:00,153.83769289292474,155.90288093005373,153.63486129695926,155.7277069091797,266600,0.0,0.0,0.0
2021-08-23 00:00:00-04:00,156.73263874324056,157.83898396783957,156.59435086564423,157.62693786621094,312600,0.0,0.0,0.0
2021-08-24 00:00:00-04:00,158.20779323798487,159.4985271367694,157.88510272931654,159.2127227783203,358700,0.0,0.0,0.0
2021-08-25 00:00:00-04:00,159.1942855633281,161.04741374364397,158.80706537943874,160.1807861328125,344200,0.0,0.0,0.0
2021-08-26 00:00:00-04:00,160.0055805591832,160.245284225429,158.30918368742306,158.5396728515625,320600,0.0,0.0,0.0
2021-08-27 00:00:00-04:00,158.77017972799712,162.1998459304964,158.72407907643785,161.950927734375,299800,0.0,0.0,0.0
2021-08-30 00:00:00-04:00,162.26437833255514,162.44876685798087,160.72471233993915,160.77081298828125,297900,0.0,0.0,0.0
2021-08-31 00:00:00-04:00,160.78925245140005,161.46229101149703,160.0516983017248,160.75238037109375,293200,0.0,0.0,0.0
2021-09-01 00:00:00-04:00,161.16725748018825,161.59136377577698,159.61837689026828,161.0658416748047,1642700,0.0,0.0,0.0
2021-09-02 00:00:00-04:00,161.34240226816135,162.65157892984152,161.16722826625679,162.0154266357422,687800,0.0,0.0,0.0
2021-09-03 00:00:00-04:00,161.82184113667557,162.03388723500046,160.66016671119462,161.26866149902344,252900,0.0,0.0,0.0
2021-09-07 00:00:00-04:00,161.18568668112957,161.59134986774885,159.7474365234375,159.7474365234375,452800,0.0,0.0,0.0
2021-09-08 00:00:00-04:00,159.42475327223758,159.83041647720614,157.93118789752876,158.83470153808594,282000,0.0,0.0,0.0
2021-09-09 00:00:00-04:00,158.5765485413252,159.98714113256554,158.11557020254227,158.55810546875,341100,0.0,0.0,0.0
2021-09-10 00:00:00-04:00,159.4155423391411,159.4616429894549,156.70498728883268,156.8340606689453,429000,0.0,0.0,0.0
2021-09-13 00:00:00-04:00,158.01412909851913,158.5765231444817,156.98154228676106,158.3275909423828,575100,0.0,0.0,0.0
2021-09-14 00:00:00-04:00,158.641118545794,158.80706402263812,155.70928851004476,156.2716827392578,352100,0.0,0.0,0.0
2021-09-15 00:00:00-04:00,156.27167343793363,158.38294826380744,156.01352666624453,158.3092041015625,281700,0.0,0.0,0.0
2021-09-16 00:00:00-04:00,158.53047237467385,158.73330400049568,156.94470551894568,157.77447509765625,313800,0.0,0.0,0.0
2021-09-17 00:00:00-04:00,158.05102776219812,158.530449177438,156.26244361031036,156.79718017578125,384200,0.0,0.0,0.0
2021-09-20 00:00:00-04:00,153.69942873641997,154.53839875690085,151.92004474593548,154.003662109375,564800,0.0,0.0,0.0
2021-09-21 00:00:00-04:00,155.1929857288275,155.36815976706697,152.67604767040012,153.5242462158203,412600,0.0,0.0,0.0
2021-09-22 00:00:00-04:00,154.4461989963002,157.0645527950335,154.4461989963002,155.77381896972656,341200,0.0,0.0,0.0
2021-09-23 00:00:00-04:00,156.75109404708758,159.59993709140167,156.54826243215805,158.68719482421875,319400,0.0,0.0,0.0
2021-09-24 00:00:00-04:00,157.72650491368915,159.4572160814434,157.70799063125455,158.70755004882812,284400,0.662,0.0,0.0
2021-09-27 00:00:00-04:00,159.19807510527738,162.26154633328326,159.03148892754058,161.28048706054688,459100,0.0,0.0,0.0
2021-09-28 00:00:00-04:00,161.06761730739046,161.57665414977285,158.9296766916439,159.2628631591797,424300,0.0,0.0,0.0
2021-09-29 00:00:00-04:00,159.90147153893508,160.3272011722245,158.57797575034004,159.51275634765625,361900,0.0,0.0,0.0
2021-09-30 00:00:00-04:00,160.02180320550247,160.02180320550247,156.63442342131816,156.65292358398438,455800,0.0,0.0,0.0
2021-10-01 00:00:00-04:00,157.39333552174446,160.46605711540067,156.4122902801409,159.5960693359375,500700,0.0,0.0,0.0
2021-10-04 00:00:00-04:00,159.6515896477355,161.0028498956501,158.7260731860095,159.37393188476562,396000,0.0,0.0,0.0
2021-10-05 00:00:00-04:00,159.96624291145045,161.02133098797935,159.04999076109516,159.88294982910156,282200,0.0,0.0,0.0
2021-10-06 00:00:00-04:00,158.3558610450998,159.2628631591797,156.2271705093022,159.2628631591797,615300,0.0,0.0,0.0
2021-10-07 00:00:00-04:00,160.38273038176206,162.1689843733226,160.38273038176206,161.1971893310547,330800,0.0,0.0,0.0
2021-10-08 00:00:00-04:00,161.40080286828442,162.05792571971577,160.67890121305527,160.85475158691406,206900,0.0,0.0,0.0
2021-10-11 00:00:00-04:00,161.01212751095687,162.2338021057785,160.0218179488721,160.0310821533203,198000,0.0,0.0,0.0
2021-10-12 00:00:00-04:00,160.28092737301196,161.2434723614969,159.88296208976558,160.5863494873047,230500,0.0,0.0,0.0
2021-10-13 00:00:00-04:00,160.61411763246062,161.03986141090462,158.7630847426801,160.72518920898438,395900,0.0,0.0,0.0
2021-10-14 00:00:00-04:00,161.96535267261663,163.2425696871004,161.761737956619,163.14076232910156,268000,0.0,0.0,0.0
2021-10-15 00:00:00-04:00,164.64935768844865,165.18615888135284,163.19630432128906,163.19630432128906,351200,0.0,0.0,0.0
2021-10-18 00:00:00-04:00,162.62248862753157,163.98298470766252,162.29855224705423,163.49246215820312,272200,0.0,0.0,0.0
2021-10-19 00:00:00-04:00,164.0940733794843,164.0940733794843,162.9371777889948,163.6868438720703,268800,0.0,0.0,0.0
2021-10-20 00:00:00-04:00,163.40914568495057,165.60261466281793,163.13148798746246,165.40826416015625,306400,0.0,0.0,0.0
2021-10-21 00:00:00-04:00,164.89926663603754,165.70446144030038,164.19587920766799,165.13064575195312,315400,0.0,0.0,0.0
2021-10-22 00:00:00-04:00,165.48234358718162,166.31530274077448,164.70491316086026,165.53787231445312,302400,0.0,0.0,0.0
2021-10-25 00:00:00-04:00,166.09319300922036,167.01870948528983,165.6674492164337,166.71328735351562,300800,0.0,0.0,0.0
2021-10-26 00:00:00-04:00,167.0001860516977,167.01870033443768,165.29723921837586,165.35276794433594,352700,0.0,0.0,0.0
2021-10-27 00:00:00-04:00,164.86225285992208,165.0381032482928,161.8543243408203,161.8543243408203,392400,0.0,0.0,0.0
2021-10-28 00:00:00-04:00,162.72431441737257,164.42726135253906,162.72431441737257,164.42726135253906,231200,0.0,0.0,0.0
2021-10-29 00:00:00-04:00,164.23289446321346,164.8344886409202,163.07599887792418,163.7886505126953,375400,0.0,0.0,0.0
2021-11-01 00:00:00-04:00,164.73267386268236,167.3241085594824,164.18660843804386,167.28709411621094,407900,0.0,0.0,0.0
2021-11-02 00:00:00-04:00,167.37039825948943,167.97199244989827,166.50967470454594,167.64805603027344,373100,0.0,0.0,0.0
2021-11-03 00:00:00-04:00,167.2500852301538,170.67449329807363,167.2500852301538,170.14694213867188,500800,0.0,0.0,0.0
2021-11-04 00:00:00-04:00,170.55415610912738,171.0446786571013,168.518022912711,169.15663146972656,512500,0.0,0.0,0.0
2021-11-05 00:00:00-04:00,170.75779857148402,172.43298121931724,170.48014079000492,171.79437255859375,647900,0.0,0.0,0.0
2021-11-08 00:00:00-05:00,172.89572666064157,173.27519179644992,171.37788023966866,171.8869171142578,538500,0.0,0.0,0.0
2021-11-09 00:00:00-05:00,171.4981908381228,172.1367994103094,170.57267444301394,171.5259552001953,398200,0.0,0.0,0.0
2021-11-10 00:00:00-05:00,170.88735694752862,171.79435911527455,169.17514586427671,169.80450439453125,397500,0.0,0.0,0.0
2021-11-11 00:00:00-05:00,170.32279862968647,171.42416551302568,169.83227601946564,170.9706573486328,380300,0.0,0.0,0.0
2021-11-12 00:00:00-05:00,171.42415865440054,171.63702348448177,170.72077123372412,171.19277954101562,399400,0.0,0.0,0.0
2021-11-15 00:00:00-05:00,171.83139323612062,172.0905367209961,170.95215540370302,171.72032165527344,482700,0.0,0.0,0.0
2021-11-16 00:00:00-05:00,171.22976992565395,172.09050745007795,170.7577616846849,171.4704132080078,351900,0.0,0.0,0.0
2021-11-17 00:00:00-05:00,170.9521437348728,170.9521437348728,169.06408233421416,169.92481994628906,2084900,0.0,0.0,0.0
2021-11-18 00:00:00-05:00,170.34128579060805,170.7670154000157,168.29588845833987,169.7674560546875,845300,0.0,0.0,0.0
2021-11-19 00:00:00-05:00,168.4625153623981,168.88824503907517,167.38891284530322,168.04603576660156,354000,0.0,0.0,0.0
2021-11-22 00:00:00-05:00,168.86972828871245,170.7855398900848,168.4532346115685,169.23992919921875,625100,0.0,0.0,0.0
2021-11-23 00:00:00-05:00,169.27694338174928,170.35980999395142,168.47174863539027,169.78598022460938,492900,0.0,0.0,0.0
2021-11-24 00:00:00-05:00,169.0178085889678,169.6379029121611,168.3051710946732,169.46206665039062,286500,0.0,0.0,0.0
2021-11-26 00:00:00-05:00,164.88073672209026,164.98254408833233,161.35452158937844,163.49246215820312,632900,0.0,0.0,0.0
2021-11-29 00:00:00-05:00,165.56563327364782,166.06540593107493,162.35409013805491,163.31663513183594,448700,0.0,0.0,0.0
2021-11-30 00:00:00-05:00,161.73398313886867,162.28003439932303,158.1522393618689,158.8371124267578,666500,0.0,0.0,0.0
2021-12-01 00:00:00-05:00,161.51187126046807,163.17780370167603,156.15313720703125,156.15313720703125,969000,0.0,0.0,0.0
2021-12-02 00:00:00-05:00,156.85650241848904,161.42855531223285,156.67140197839893,160.89175415039062,654500,0.0,0.0,0.0
2021-12-03 00:00:00-05:00,161.4933558050072,161.62292753137103,157.75426177749344,159.03147888183594,753900,0.0,0.0,0.0
2021-12-06 00:00:00-05:00,160.32721661213708,163.80716763115842,159.87372257310224,162.39112854003906,544600,0.0,0.0,0.0
2021-12-07 00:00:00-05:00,164.61235489790872,166.4541377010425,164.09406795007976,164.94554138183594,435500,0.0,0.0,0.0
2021-12-08 00:00:00-05:00,165.5470959771487,166.06538284532215,164.67710839603268,165.47305297851562,475000,0.0,0.0,0.0
2021-12-09 00:00:00-05:00,164.4642664645426,164.89926031557172,163.31663513183594,163.31663513183594,366700,0.0,0.0,0.0
2021-12-10 00:00:00-05:00,164.31617910266215,164.64011549878228,161.9746236882803,163.56651306152344,381200,0.0,0.0,0.0
2021-12-13 00:00:00-05:00,163.30737177208303,163.30737177208303,160.60486548249875,161.07687377929688,459300,0.0,0.0,0.0
2021-12-14 00:00:00-05:00,160.24389163023554,162.6780040185575,160.2161272710139,160.70664978027344,582700,0.0,0.0,0.0
2021-12-15 00:00:00-05:00,160.5308506557924,162.30784082437873,158.5965243606516,162.0301971435547,460400,0.0,0.0,0.0
2021-12-16 00:00:00-05:00,163.06675268913784,163.825668867625,160.17914575846123,160.7992401123047,432900,0.0,0.0,0.0
2021-12-17 00:00:00-05:00,160.04029647008406,161.74324328096813,158.63350756783822,160.0958251953125,459000,0.0,0.0,0.0
2021-12-20 00:00:00-05:00,157.73576785389284,158.0041755431689,154.68157474938087,157.0786590576172,886900,0.0,0.0,0.0
2021-12-21 00:00:00-05:00,158.4946919397725,161.64144221843176,158.4946919397725,161.56741333007812,523900,0.0,0.0,0.0
2021-12-22 00:00:00-05:00,161.4748518312307,163.21482722969543,161.24347272493526,163.16854858398438,617500,0.0,0.0,0.0
2021-12-23 00:00:00-05:00,163.81638541874554,164.7511517995515,163.52021342348544,164.38095092773438,359700,0.0,0.0,0.0
2021-12-27 00:00:00-05:00,164.4853139932328,166.3301239013672,163.48838418952982,166.3301239013672,311800,1.182,0.0,0.0
2021-12-28 00:00:00-05:00,165.99469754874926,167.53202485103003,165.99469754874926,166.46055603027344,425600,0.0,0.0,0.0
2021-12-29 00:00:00-05:00,166.49783719309983,167.1593625667444,165.87358846362145,167.01028442382812,460800,0.0,0.0,0.0
2021-12-30 00:00:00-05:00,167.69977579390914,168.32402458153823,166.3767391402493,166.48854064941406,574600,0.0,0.0,0.0
2021-12-31 00:00:00-05:00,166.1624037396939,167.3643266121316,166.00401355822402,166.63758850097656,450500,0.0,0.0,0.0
2022-01-03 00:00:00-05:00,167.21523649748613,169.05071996424732,166.67483897874138,167.9699249267578,527600,0.0,0.0,0.0
2022-01-04 00:00:00-05:00,168.94828378268133,170.67195209500744,168.94828378268133,170.11293029785156,1189000,0.0,0.0,0.0
2022-01-05 00:00:00-05:00,170.50422736652737,171.2402776117559,166.7214582581229,166.77735900878906,1108400,0.0,0.0,0.0
2022-01-06 00:00:00-05:00,167.876781991792,168.99485389686626,166.2369649968912,168.14698791503906,750100,0.0,0.0,0.0
2022-01-07 00:00:00-05:00,168.10969997887474,168.89235310323832,166.8984791911819,167.65316772460938,680100,0.0,0.0,0.0
2022-01-10 00:00:00-05:00,167.0755190337734,167.28980998840547,164.55055940957635,166.80531311035156,801500,0.0,0.0,0.0
2022-01-11 00:00:00-05:00,167.1034498671916,168.43579835492986,165.28659034118758,168.4171600341797,994000,0.0,0.0,0.0
2022-01-12 00:00:00-05:00,168.93893348497693,169.76816104738617,167.05686116179174,168.0817413330078,471700,0.0,0.0,0.0
2022-01-13 00:00:00-05:00,168.6873816752332,170.36447527749985,167.89541646345123,168.37991333007812,438600,0.0,0.0,0.0
2022-01-14 00:00:00-05:00,167.11276203660356,168.49169921875,166.0785555957754,168.49169921875,454600,0.0,0.0,0.0
2022-01-18 00:00:00-05:00,167.4668269573742,167.70906827124696,164.65303749787637,165.15615844726562,682100,0.0,0.0,0.0
2022-01-19 00:00:00-05:00,165.86426160144566,166.1251412198188,162.58461383448972,162.68710327148438,675200,0.0,0.0,0.0
2022-01-20 00:00:00-05:00,163.12504325393877,165.11891742202712,159.37953626303187,159.51930236816406,718400,0.0,0.0,0.0
2022-01-21 00:00:00-05:00,158.857727422387,160.48823195604788,156.6309246565193,156.95703125,1229600,0.0,0.0,0.0
2022-01-24 00:00:00-05:00,154.05942819390913,159.67768117036726,152.3357458719113,159.28636169433594,1321200,0.0,0.0,0.0
2022-01-25 00:00:00-05:00,157.07816360719818,159.63107327259283,154.06872171644645,158.17759704589844,726900,0.0,0.0,0.0
2022-01-26 00:00:00-05:00,159.9106148073861,161.26160179605722,154.78617061686623,156.5191650390625,628900,0.0,0.0,0.0
2022-01-27 00:00:00-05:00,157.6092760426352,159.7335900010391,153.36064812582742,154.3109893798828,909300,0.0,0.0,0.0
2022-01-28 00:00:00-05:00,154.29232734078988,156.4539031982422,151.8232689774348,156.4539031982422,686500,0.0,0.0,0.0
2022-01-31 00:00:00-05:00,155.78309629903222,159.28636169433594,155.22407456907663,159.28636169433594,598700,0.0,0.0,0.0
2022-02-01 00:00:00-05:00,159.4819830622005,161.19633877834855,157.80488976732875,161.03794860839844,635400,0.0,0.0,0.0
2022-02-02 00:00:00-05:00,161.28953528985375,161.60631566733215,159.38883880810982,161.1404571533203,758500,0.0,0.0,0.0
2022-02-03 00:00:00-05:00,159.95716901161833,161.28953172501846,158.67140920883767,158.9136505126953,572500,0.0,0.0,0.0
2022-02-04 00:00:00-05:00,158.8018610097679,160.0783088569126,156.81729908471863,158.84844970703125,882400,0.0,0.0,0.0
2022-02-07 00:00:00-05:00,158.8484412114062,160.24601675331482,158.47574587010644,159.12794494628906,410200,0.0,0.0,0.0
2022-02-08 00:00:00-05:00,159.64969647584525,161.9230737693042,159.3235898741495,161.71810913085938,408900,0.0,0.0,0.0
2022-02-09 00:00:00-05:00,162.99460161953445,164.1965104958963,162.8641617863101,164.14060974121094,722600,0.0,0.0,0.0
2022-02-10 00:00:00-05:00,162.29580677553005,165.73384520964254,161.22432356157734,162.2212677001953,614100,0.0,0.0,0.0
2022-02-11 00:00:00-05:00,162.38894714511298,163.85174963642663,159.7801509592476,160.82366943359375,583200,0.0,0.0,0.0
2022-02-14 00:00:00-05:00,160.98208315705995,161.93243860196077,158.76459185791634,159.6497344970703,588200,0.0,0.0,0.0
2022-02-15 00:00:00-05:00,160.8330039918288,163.3859140073836,160.8330039918288,163.22752380371094,466000,0.0,0.0,0.0
2022-02-16 00:00:00-05:00,162.60325627309095,164.7368819667242,162.2771496334289,164.2803497314453,452600,0.0,0.0,0.0
2022-02-17 00:00:00-05:00,163.0131908442407,163.497673383506,160.77706181221373,161.13111877441406,456700,0.0,0.0,0.0
2022-02-18 00:00:00-05:00,160.58142462839564,162.59392246827193,159.9478496993276,160.609375,721000,0.0,0.0,0.0
2022-02-22 00:00:00-05:00,159.89195666092607,160.89821273778958,157.28314618945106,158.20555114746094,637300,0.0,0.0,0.0
2022-02-23 00:00:00-05:00,159.1186180037804,160.05964699586295,155.55946668289243,155.88555908203125,543300,0.0,0.0,0.0
2022-02-24 00:00:00-05:00,152.26118132717212,157.6278658081142,151.94440097816846,157.18997192382812,931400,0.0,0.0,0.0
2022-02-25 00:00:00-05:00,157.73038782333492,161.85790213186945,157.5719976161141,161.7647247314453,461200,0.0,0.0,0.0
2022-02-28 00:00:00-05:00,159.70562343975868,162.49144832895797,159.41679342807737,161.87652587890625,548900,0.0,0.0,0.0
2022-03-01 00:00:00-05:00,161.34540146967512,162.15599056099293,157.24585311142087,158.31732177734375,754300,0.0,0.0,0.0
2022-03-02 00:00:00-05:00,159.78016912648795,163.52566159786537,159.21182113204392,162.82687377929688,618700,0.0,0.0,0.0
2022-03-03 00:00:00-05:00,163.33930615927147,163.62813615662998,160.469616072797,162.11875915527344,549300,0.0,0.0,0.0
2022-03-04 00:00:00-05:00,160.28327228521096,160.6559533936081,158.0098805601186,159.7801513671875,473400,0.0,0.0,0.0
2022-03-07 00:00:00-05:00,159.71494815841442,159.77084891131832,154.50665283203125,154.50665283203125,539700,0.0,0.0,0.0
2022-03-08 00:00:00-05:00,155.52219743159532,158.4850648366963,154.3668632521105,154.93521118164062,658100,0.0,0.0,0.0
2022-03-09 00:00:00-05:00,157.85150481204724,159.55654876177462,157.32043347317685,158.66209411621094,376000,0.0,0.0,0.0
2022-03-10 00:00:00-05:00,156.8452418703664,159.3422509107401,156.66821335945622,159.31430053710938,368000,0.0,0.0,0.0
2022-03-11 00:00:00-05:00,160.0223773433863,160.76775370568177,157.81421284298128,157.9167022705078,300400,0.0,0.0,0.0
2022-03-14 00:00:00-04:00,158.69004004788817,159.1093098380899,156.1557687698109,156.91976928710938,353300,0.0,0.0,0.0
2022-03-15 00:00:00-04:00,157.15269474741507,158.80183771386638,156.68683627687068,158.7552490234375,358900,0.0,0.0,0.0
2022-03-16 00:00:00-04:00,160.02240301767824,162.37964601211712,158.76457931594257,162.3610076904297,1819900,0.0,0.0,0.0
2022-03-17 00:00:00-04:00,161.60630765569732,164.20580599646243,161.60630765569732,163.9915008544922,307900,0.0,0.0,0.0
2022-03-18 00:00:00-04:00,163.36726030787932,165.035041749759,162.52872066927267,164.83006286621094,1749600,0.0,0.0,0.0
2022-03-21 00:00:00-04:00,165.1002463757489,166.51646016918815,163.60018146597474,164.66233825683594,423100,0.0,0.0,0.0
2022-03-22 00:00:00-04:00,165.35180688694862,166.96367321639966,164.82072140574016,165.50088500976562,1603800,0.0,0.0,0.0
2022-03-23 00:00:00-04:00,165.2073051755625,165.35691054921165,163.15962620859543,163.29052734375,954200,0.626,0.0,0.0
2022-03-24 00:00:00-04:00,163.8609079905611,164.7865753173828,163.11289528610314,164.7865753173828,365700,0.0,0.0,0.0
2022-03-25 00:00:00-04:00,164.85199362694766,166.58177185058594,164.73043747919854,166.58177185058594,407300,0.0,0.0,0.0
2022-03-28 00:00:00-04:00,166.16100777324718,166.16100777324718,164.20682162704313,165.9365997314453,597700,0.0,0.0,0.0
2022-03-29 00:00:00-04:00,166.97443910074685,169.38677169231445,166.94638988305482,169.12496948242188,513900,0.0,0.0,0.0
2022-03-30 00:00:00-04:00,168.86320174789623,169.2184966669163,165.99270756939697,166.67526245117188,917000,0.0,0.0,0.0
2022-03-31 00:00:00-04:00,166.58177062672306,167.67573314696736,164.43123979526143,164.50604248046875,399700,0.0,0.0,0.0
2022-04-01 00:00:00-04:00,165.56261242654233,166.22646308018815,164.0385380180948,165.55325317382812,432500,0.0,0.0,0.0
2022-04-04 00:00:00-04:00,165.7402289801388,165.7402289801388,164.10395791106768,164.92677307128906,829300,0.0,0.0,0.0
2022-04-05 00:00:00-04:00,165.0109639629732,166.03013819604956,161.71973099410002,162.00958251953125,1864200,0.0,0.0,0.0
2022-04-06 00:00:00-04:00,161.28959679821156,161.4765963758513,159.68137474963396,160.6724853515625,456200,0.0,0.0,0.0
2022-04-07 00:00:00-04:00,160.82211282458536,160.98106320078358,158.04512520013725,160.2517547607422,484600,0.0,0.0,0.0
2022-04-08 00:00:00-04:00,160.34523003468584,161.85060008514685,159.58785824989417,160.55093383789062,357000,0.0,0.0,0.0
2022-04-11 00:00:00-04:00,160.24237066373354,162.2245916562347,159.81225884058523,160.0366668701172,461000,0.0,0.0,0.0
2022-04-12 00:00:00-04:00,161.28025556659478,162.8604141615087,159.71878694287258,160.2330322265625,526700,0.0,0.0,0.0
2022-04-13 00:00:00-04:00,160.5603116807621,163.08484201191266,160.5603116807621,162.89784240722656,441100,0.0,0.0,0.0
2022-04-14 00:00:00-04:00,163.14089783496001,164.17876177698398,162.20588578870965,162.2993927001953,1187800,0.0,0.0,0.0
2022-04-18 00:00:00-04:00,162.0656732923755,163.00068553249733,161.39246333811542,162.1124267578125,702600,0.0,0.0,0.0
2022-04-19 00:00:00-04:00,162.39293751654847,165.60938227174196,162.32749407120474,165.3475799560547,395400,0.0,0.0,0.0
2022-04-20 00:00:00-04:00,166.27321202968415,167.58222333032822,165.97400129402084,166.6565704345703,507700,0.0,0.0,0.0
2022-04-21 00:00:00-04:00,168.09649865756276,168.48920208464958,163.16898017872128,163.66453552246094,395900,0.0,0.0,0.0
2022-04-22 00:00:00-04:00,163.03807431799822,163.2624823843339,159.24192703219921,159.33543395996094,582200,0.0,0.0,0.0
2022-04-25 00:00:00-04:00,158.14793458553652,159.84966333269506,155.37094770800513,159.70005798339844,579900,0.0,0.0,0.0
2022-04-26 00:00:00-04:00,158.615459804437,159.1951627692037,155.48316340990385,155.53927612304688,444400,0.0,0.0,0.0
2022-04-27 00:00:00-04:00,155.96004761694726,157.10076371402403,154.51077576241647,155.51124572753906,694200,0.0,0.0,0.0
2022-04-28 00:00:00-04:00,156.9043953782468,159.10167976041575,154.2583091337969,158.44717407226562,558700,0.0,0.0,0.0
2022-04-29 00:00:00-04:00,157.90488443180436,159.29804365113742,153.80952592378458,154.08067321777344,489200,0.0,0.0,0.0
2022-05-02 00:00:00-04:00,154.10870952184237,155.72627654770048,151.35977151612488,154.66970825195312,1008900,0.0,0.0,0.0
2022-05-03 00:00:00-04:00,154.83805007107972,157.77398826430436,154.77259235868115,157.06336975097656,845200,0.0,0.0,0.0
2022-05-04 00:00:00-04:00,157.51217508757242,161.4672730402129,155.83849511547743,161.2802734375,475600,0.0,0.0,0.0
2022-05-05 00:00:00-04:00,159.9431777392618,159.98993120067274,154.55751283611306,156.12832641601562,1012600,0.0,0.0,0.0
2022-05-06 00:00:00-04:00,155.52056356865134,155.81976002031536,152.5752669073062,154.50140380859375,1149300,0.0,0.0,0.0
2022-05-09 00:00:00-04:00,152.41632548505757,152.92124003582808,148.71368535945518,149.396240234375,813100,0.0,0.0,0.0
2022-05-10 00:00:00-04:00,150.976440440138,151.36914390244905,145.64687306997988,148.23684692382812,1014400,0.0,0.0,0.0
2022-05-11 00:00:00-04:00,148.51732628498954,151.43457389078623,145.67489563030523,145.92735290527344,4522500,0.0,0.0,0.0
2022-05-12 00:00:00-04:00,145.45050987205877,148.0030894346133,144.20694181154366,146.96522521972656,1410200,0.0,0.0,0.0
2022-05-13 00:00:00-04:00,148.58281140329956,151.59355221928638,148.52671294676597,150.56503295898438,482100,0.0,0.0,0.0
2022-05-16 00:00:00-04:00,150.43409979831756,151.64961841083635,149.24663040809784,150.4995574951172,505100,0.0,0.0,0.0
2022-05-17 00:00:00-04:00,152.94929567866816,155.07177734375,152.10777614778078,155.07177734375,526700,0.0,0.0,0.0
2022-05-18 00:00:00-04:00,153.3981327510458,153.5757873905898,148.83526765303756,149.56459045410156,627300,0.0,0.0,0.0
2022-05-19 00:00:00-04:00,148.13399109451683,150.6772256790773,147.58233726441318,148.8820037841797,647100,0.0,0.0,0.0
2022-05-20 00:00:00-04:00,150.35931079175734,150.52762040801224,144.93623713531608,148.264892578125,771300,0.0,0.0,0.0
2022-05-23 00:00:00-04:00,149.71414969020833,151.06992880110093,148.2368286943377,150.38735961914062,552700,0.0,0.0,0.0
2022-05-24 00:00:00-04:00,149.19990244720378,149.56455663169467,145.9180005196321,148.97549438476562,421600,0.0,0.0,0.0
2022-05-25 00:00:00-04:00,148.54540264991175,152.6127119470491,148.23684687238392,151.9582061767578,591100,0.0,0.0,0.0
2022-05-26 00:00:00-04:00,152.96798681532402,156.04417037791652,152.89318413450852,155.29615783691406,443000,0.0,0.0,0.0
2022-05-27 00:00:00-04:00,155.73563161000263,158.5126190185547,155.66082892105038,158.5126190185547,436700,0.0,0.0,0.0
2022-05-31 00:00:00-04:00,157.98900542312336,158.34431460852758,156.0909318844225,156.95114135742188,564400,0.0,0.0,0.0
2022-06-01 00:00:00-04:00,157.7178514474164,158.11991411335524,153.85626075329594,156.07223510742188,603700,0.0,0.0,0.0
2022-06-02 00:00:00-04:00,156.19379711079307,158.8118342289388,155.726290992094,158.80247497558594,538200,0.0,0.0,0.0
2022-06-03 00:00:00-04:00,157.77395797738959,158.19471059852654,156.7734881118506,157.42799377441406,366500,0.0,0.0,0.0
2022-06-06 00:00:00-04:00,159.04556645452462,159.25127026117892,158.02639240622727,158.60610961914062,404600,0.0,0.0,0.0
2022-06-07 00:00:00-04:00,157.34386290449484,160.44811047433774,157.08206061151472,160.43875122070312,292300,0.0,0.0,0.0
2022-06-08 00:00:00-04:00,159.5224399939199,159.5598342062431,156.98855052759652,157.56826782226562,348400,0.0,0.0,0.0
2022-06-09 00:00:00-04:00,156.85761017240728,156.9511170805723,154.12737680637133,154.15542602539062,324400,0.0,0.0,0.0
2022-06-10 00:00:00-04:00,151.64961602282534,152.31346662965288,149.62064146127878,150.02268981933594,628200,0.0,0.0,0.0
2022-06-13 00:00:00-04:00,146.4977118310603,146.64731721451292,142.33691019047245,142.98207092285156,1099100,0.0,0.0,0.0
2022-06-14 00:00:00-04:00,143.73007973104913,144.29109277042323,141.0839934339738,142.43975830078125,1019800,0.0,0.0,0.0
2022-06-15 00:00:00-04:00,143.8048710582054,145.7122895604873,141.95355100199754,143.9638214111328,516200,0.0,0.0,0.0
2022-06-16 00:00:00-04:00,140.82219516680476,140.92504708471606,136.34349277882325,137.13824462890625,1095800,0.0,0.0,0.0
2022-06-17 00:00:00-04:00,137.81147051113967,139.31684097423206,136.0816919465434,137.86756896972656,984000,0.0,0.0,0.0
2022-06-21 00:00:00-04:00,139.98066407517635,141.23357683200186,138.94280010087417,139.9619598388672,858300,0.0,0.0,0.0
2022-06-22 00:00:00-04:00,137.8582216053239,140.36404782670724,137.8301723765141,139.35423278808594,611700,0.0,0.0,0.0
2022-06-23 00:00:00-04:00,139.7788509007321,140.0888877142717,137.5522398183363,139.54397583007812,621400,0.712,0.0,0.0
2022-06-24 00:00:00-04:00,140.84051682862344,144.4106214292892,140.50229609096795,144.31666564941406,857900,0.0,0.0,0.0
2022-06-27 00:00:00-04:00,145.0494459187737,146.0265198905929,143.82809270227236,144.9836883544922,636600,0.0,0.0,0.0
2022-06-28 00:00:00-04:00,146.07352759897518,147.47338844608848,143.27382024038792,143.4053497314453,981200,0.0,0.0,0.0
2022-06-29 00:00:00-04:00,143.32081837790247,143.32081837790247,140.84053738496664,141.81761169433594,508700,0.0,0.0,0.0
2022-06-30 00:00:00-04:00,139.85400911272492,142.25912748179758,138.71720749178047,140.7559356689453,569400,0.0,0.0,0.0
2022-07-01 00:00:00-04:00,140.41775390799262,143.00138033580512,139.33731970952326,142.74771118164062,578100,0.0,0.0,0.0
2022-07-05 00:00:00-04:00,140.43654503588004,141.97732543945312,138.11597741757333,141.97732543945312,633100,0.0,0.0,0.0
2022-07-06 00:00:00-04:00,141.6390858170961,142.5598066001413,139.15880514760758,140.8592987060547,671300,0.0,0.0,0.0
2022-07-07 00:00:00-04:00,142.04306134553661,143.97842978830377,142.04306134553661,143.59323120117188,467900,0.0,0.0,0.0
2022-07-08 00:00:00-04:00,143.4617232414597,144.17575279506772,142.06187667362488,143.02015686035156,617900,0.0,0.0,0.0
2022-07-11 00:00:00-04:00,142.06188283795223,142.82287598099015,141.30087535927373,141.59213256835938,394000,0.0,0.0,0.0
2022-07-12 00:00:00-04:00,140.80293468352573,143.21745783824528,140.80293468352573,141.62969970703125,2341400,0.0,0.0,0.0
2022-07-13 00:00:00-04:00,139.87281345747826,141.77999797697768,139.23394577973588,141.0847625732422,510800,0.0,0.0,0.0
2022-07-14 00:00:00-04:00,138.7078272713941,139.5064082811035,137.5898195920559,139.34669494628906,604300,0.0,0.0,0.0
2022-07-15 00:00:00-04:00,140.92508111118286,142.15582452585136,139.3561169284219,142.09945678710938,514800,0.0,0.0,0.0
2022-07-18 00:00:00-04:00,143.44293121194718,144.3730418791447,141.93973899496024,142.24037170410156,569900,0.0,0.0,0.0
2022-07-19 00:00:00-04:00,143.83750742230362,147.013008815191,143.5274705906159,146.9190673828125,577500,0.0,0.0,0.0
2022-07-20 00:00:00-04:00,146.57146174233128,148.44107282032888,146.0453437779362,148.19680786132812,851600,0.0,0.0,0.0
2022-07-21 00:00:00-04:00,147.25730466569104,148.62896728515625,145.97017930994298,148.62896728515625,347300,0.0,0.0,0.0
2022-07-22 00:00:00-04:00,148.82625841522625,149.784538479743,146.6184267912514,147.57672119140625,456400,0.0,0.0,0.0
2022-07-25 00:00:00-04:00,148.01827860859822,149.12688210753004,147.2384916210071,148.95777893066406,529100,0.0,0.0,0.0
2022-07-26 00:00:00-04:00,148.44105925908002,148.95778733248923,147.67066207042663,148.1122283935547,342500,0.0,0.0,0.0
2022-07-27 00:00:00-04:00,148.92958494907103,151.07164439099134,148.21555557800676,150.55491638183594,500800,0.0,0.0,0.0
2022-07-28 00:00:00-04:00,151.15624629243675,152.93190179817375,149.803363176515,152.8755340576172,382900,0.0,0.0,0.0
2022-07-29 00:00:00-04:00,153.24192463039037,155.0363739966922,152.78156423206445,154.5854034423828,780400,0.0,0.0,0.0
2022-08-01 00:00:00-04:00,153.66466926746847,155.13969164350604,152.55606577658736,154.50082397460938,461600,0.0,0.0,0.0
2022-08-02 00:00:00-04:00,153.95594217725346,154.44448645069212,152.54669142881272,152.76278686523438,360800,0.0,0.0,0.0
2022-08-03 00:00:00-04:00,153.67408311950348,154.43507612905447,152.5936490875762,153.81500244140625,389900,0.0,0.0,0.0
2022-08-04 00:00:00-04:00,153.7868064770828,153.86196822139655,152.65000480583794,152.81912231445312,349200,0.0,0.0,0.0
2022-08-05 00:00:00-04:00,151.4662584155474,153.68347997367783,151.3817068185484,153.56134033203125,280900,0.0,0.0,0.0
2022-08-08 00:00:00-04:00,154.48205167752934,156.09799359383163,154.4256839443903,154.81088256835938,449000,0.0,0.0,0.0
2022-08-09 00:00:00-04:00,154.6135826084962,154.75450192959198,153.2325159192057,153.8431854248047,306200,0.0,0.0,0.0
2022-08-10 00:00:00-04:00,155.9007046194249,157.41330089457648,155.9007046194249,157.1690216064453,788100,0.0,0.0,0.0
2022-08-11 00:00:00-04:00,158.51250215907487,160.15662779190671,158.41854638865792,158.69100952148438,309700,0.0,0.0,0.0
2022-08-12 00:00:00-04:00,159.55534556901753,161.07733154296875,159.010433647762,161.07733154296875,286700,0.0,0.0,0.0
2022-08-15 00:00:00-04:00,159.8654157000697,161.2840563579501,159.38626124874142,161.15252685546875,584900,0.0,0.0,0.0
2022-08-16 00:00:00-04:00,160.93641461806374,163.07847429311659,160.93641461806374,162.4114227294922,436600,0.0,0.0,0.0
2022-08-17 00:00:00-04:00,160.92702738740442,161.30283617255844,159.34867349667556,160.40090942382812,332500,0.0,0.0,0.0
2022-08-18 00:00:00-04:00,160.76728727128835,161.66921386990097,160.2975371197611,161.51889038085938,362900,0.0,0.0,0.0
2022-08-19 00:00:00-04:00,160.15662949281526,160.35391654289313,158.51250384252234,158.9822540283203,255800,0.0,0.0,0.0
2022-08-22 00:00:00-04:00,157.1408513318548,157.1408513318548,155.39337979659496,155.6470489501953,301500,0.0,0.0,0.0
2022-08-23 00:00:00-04:00,156.16378407116224,157.4696892748079,155.61887202663976,155.76919555664062,508000,0.0,0.0,0.0
2022-08-24 00:00:00-04:00,155.7879663262942,156.80261416323464,155.2900179155433,156.3986358642578,266700,0.0,0.0,0.0
2022-08-25 00:00:00-04:00,157.08445364433075,158.99163818359375,156.661681359364,158.99163818359375,331100,0.0,0.0,0.0
2022-08-26 00:00:00-04:00,159.10437831084707,159.3298492034644,154.51961235247333,154.5384063720703,374200,0.0,0.0,0.0
2022-08-29 00:00:00-04:00,153.50496999764513,154.93301462162466,152.88489629222315,153.67408752441406,333500,0.0,0.0,0.0
2022-08-30 00:00:00-04:00,153.99352705087517,153.99352705087517,150.85559888958332,151.42868041992188,532200,0.0,0.0,0.0
2022-08-31 00:00:00-04:00,151.7011399834243,151.93601509774362,150.16974965065765,150.3388671875,319600,0.0,0.0,0.0
2022-09-01 00:00:00-04:00,149.36174625374983,149.3711504310899,147.48274574717382,149.16445922851562,497500,0.0,0.0,0.0
2022-09-02 00:00:00-04:00,150.74287116621787,151.67298193809916,147.9337734955334,148.5538330078125,418900,0.0,0.0,0.0
2022-09-06 00:00:00-04:00,149.17388450833957,149.3430020486382,146.56207433058165,147.2291259765625,508200,0.0,0.0,0.0
2022-09-07 00:00:00-04:00,146.9190994128786,150.30129276424844,146.8533274938009,150.04763793945312,363600,0.0,0.0,0.0
2022-09-08 00:00:00-04:00,149.25841947431294,151.36290546788794,148.43166889539685,151.353515625,390600,0.0,0.0,0.0
2022-09-09 00:00:00-04:00,152.66881901591748,154.30355491574863,152.48092179810257,154.0686798095703,431200,0.0,0.0,0.0
2022-09-12 00:00:00-04:00,155.06455670775506,156.4174396893126,154.8578654558149,155.7128143310547,303300,0.0,0.0,0.0
2022-09-13 00:00:00-04:00,152.35875344392034,153.1009666675337,149.41811308131832,149.9160614013672,399600,0.0,0.0,0.0
2022-09-14 00:00:00-04:00,150.26369551012544,150.40461483515773,148.1592094639337,149.7939453125,352700,0.0,0.0,0.0
2022-09-15 00:00:00-04:00,149.1175188913307,151.1562332339667,148.4128935239645,148.91082763671875,357100,0.0,0.0,0.0
2022-09-16 00:00:00-04:00,147.10698678805736,147.37004577544414,145.44406692550263,147.01303100585938,531300,0.0,0.0,0.0
2022-09-19 00:00:00-04:00,145.66955554500498,149.06115292699,145.61318780864823,148.85446166992188,375300,0.0,0.0,0.0
2022-09-20 00:00:00-04:00,147.68007971227857,147.68007971227857,145.57559351946412,146.5902557373047,401000,0.0,0.0,0.0
2022-09-21 00:00:00-04:00,147.4733774822555,148.6007750840231,144.44818507720223,144.4951629638672,305600,0.0,0.0,0.0
2022-09-22 00:00:00-04:00,144.63609842572416,144.63609842572416,141.39482458313898,141.62969970703125,1836400,0.0,0.0,0.0
2022-09-23 00:00:00-04:00,139.75139508624318,139.7986000564801,136.5312264847156,138.31600952148438,998100,0.771,0.0,0.0
2022-09-26 00:00:00-04:00,137.437792790856,139.24146669254895,135.41692700650196,135.87965393066406,1944600,0.0,0.0,0.0
2022-09-27 00:00:00-04:00,137.40000573159878,138.202691941186,134.54812528936108,135.75686645507812,926600,0.0,0.0,0.0
2022-09-28 00:00:00-04:00,136.6256863921125,140.04417151377478,136.03076816457985,139.27926635742188,813900,0.0,0.0,0.0
2022-09-29 00:00:00-04:00,137.70222969225696,137.78721594770352,134.72758106761563,136.34239196777344,909200,0.0,0.0,0.0
2022-09-30 00:00:00-04:00,136.1251787303567,138.2404833507156,135.23752053642093,135.41693115234375,526500,0.0,0.0,0.0
2022-10-03 00:00:00-04:00,137.02231986123414,140.07250241886638,135.87023584701967,139.18482971191406,562000,0.0,0.0,0.0
2022-10-04 00:00:00-04:00,141.61176717472281,144.99245670701686,141.61176717472281,144.92636108398438,460400,0.0,0.0,0.0
2022-10-05 00:00:00-04:00,142.9243829780627,144.73749525126493,141.86672334502646,144.1614532470703,425100,0.0,0.0,0.0
2022-10-06 00:00:00-04:00,143.4720712984309,144.7374846375194,142.36720676340673,142.82049560546875,398000,0.0,0.0,0.0
2022-10-07 00:00:00-04:00,141.6023051955586,141.89504524087533,139.07150727277622,139.7608642578125,406700,0.0,0.0,0.0
2022-10-10 00:00:00-04:00,140.28968513458315,140.97904211121917,138.67488864321191,139.54367065429688,324200,0.0,0.0,0.0
2022-10-11 00:00:00-04:00,138.8165121607299,141.48896783144752,137.93829216353956,139.73251342773438,576000,0.0,0.0,0.0
2022-10-12 00:00:00-04:00,139.70421773327456,140.119725343542,138.38214675430208,139.05262756347656,433000,0.0,0.0,0.0
2022-10-13 00:00:00-04:00,136.72955532844733,143.21711322171134,135.5208138958239,142.48997497558594,690200,0.0,0.0,0.0
2022-10-14 00:00:00-04:00,143.5570911731322,144.42587328934425,139.2887143331891,139.48703002929688,503600,0.0,0.0,0.0
2022-10-17 00:00:00-04:00,141.81948517476275,143.54761095853036,141.81948517476275,142.84881591796875,530400,0.0,0.0,0.0
2022-10-18 00:00:00-04:00,145.5118393244617,146.8339102706392,143.8309326950474,145.0019073486328,557800,0.0,0.0,0.0
2022-10-19 00:00:00-04:00,143.67982705353438,144.67137659631572,141.5834129605685,143.018798828125,440500,0.0,0.0,0.0
2022-10-20 00:00:00-04:00,142.95273119213408,144.4353223300911,140.41248027715875,140.80909729003906,342100,0.0,0.0,0.0
2022-10-21 00:00:00-04:00,140.99792399972895,143.95368180430856,140.0630464288409,143.6514892578125,388700,0.0,0.0,0.0
2022-10-24 00:00:00-04:00,144.36919144534357,145.15298716368733,143.28320317612005,144.74691772460938,519600,0.0,0.0,0.0
2022-10-25 00:00:00-04:00,144.73748489274632,148.2220654220704,144.43529233083873,148.03318786621094,482800,0.0,0.0,0.0
2022-10-26 00:00:00-04:00,148.25982478814927,150.38456750008135,147.53268658100797,148.3353729248047,799200,0.0,0.0,0.0
2022-10-27 00:00:00-04:00,149.7424359817793,150.9133961237517,148.66588579809354,148.98696899414062,610400,0.0,0.0,0.0
2022-10-28 00:00:00-04:00,149.14751129739915,151.72552866045473,148.55257867156516,151.57443237304688,568700,0.0,0.0,0.0
2022-10-31 00:00:00-04:00,150.83785385885253,152.339349778648,150.56400444995148,151.6688690185547,443400,0.0,0.0,0.0
2022-11-01 00:00:00-04:00,153.22699342949576,153.5008572216295,151.46110079277187,152.23545837402344,534800,0.0,0.0,0.0
2022-11-02 00:00:00-04:00,151.791624949434,153.1231194348498,147.948194538916,148.02374267578125,601200,0.0,0.0,0.0
2022-11-03 00:00:00-04:00,146.55061228378005,148.40149148536477,144.9452537572892,147.46661376953125,610800,0.0,0.0,0.0
2022-11-04 00:00:00-04:00,149.64799815129155,151.1022602239929,147.64602286932143,150.1012725830078,360500,0.0,0.0,0.0
2022-11-07 00:00:00-05:00,151.0928359630683,151.72553548454334,149.91242318210683,151.60276794433594,364800,0.0,0.0,0.0
2022-11-08 00:00:00-05:00,151.7160496989647,153.34973643988076,150.06347232487488,151.6782684326172,536700,0.0,0.0,0.0
2022-11-09 00:00:00-05:00,150.5450980910526,151.51775691079857,148.18427291509957,148.48646545410156,415000,0.0,0.0,0.0
2022-11-10 00:00:00-05:00,153.75584128841396,156.66436545788363,153.75584128841396,156.48495483398438,689300,0.0,0.0,0.0
2022-11-11 00:00:00-05:00,157.43872726485557,158.56248247386048,156.80602777939373,157.48594665527344,663300,0.0,0.0,0.0
2022-11-14 00:00:00-05:00,156.75879214554885,158.18472536866943,155.74835205078125,155.74835205078125,449700,0.0,0.0,0.0
2022-11-15 00:00:00-05:00,157.8636612606099,158.9590876360486,156.49438549597843,157.62757873535156,641000,0.0,0.0,0.0
2022-11-16 00:00:00-05:00,156.73047394519614,157.0893240081391,154.99290995186016,155.35174560546875,532000,0.0,0.0,0.0
2022-11-17 00:00:00-05:00,153.35921037990278,154.70960998535156,152.6604152918628,154.70960998535156,623600,0.0,0.0,0.0
2022-11-18 00:00:00-05:00,156.15442566755178,156.61715260318647,154.5301767453516,155.90890502929688,473400,0.0,0.0,0.0
2022-11-21 00:00:00-05:00,155.24785801038365,156.11665435648624,154.68126861301246,155.76724243164062,580700,0.0,0.0,0.0
2022-11-22 00:00:00-05:00,156.96655649091497,158.45859983617217,156.76824082208074,158.2791748046875,473200,0.0,0.0,0.0
2022-11-23 00:00:00-05:00,158.07140417231625,158.8174185607567,157.57091040591115,158.3358154296875,354300,0.0,0.0,0.0
2022-11-25 00:00:00-05:00,158.33583943229655,159.5634715472395,158.22252442176904,159.1857452392578,178600,0.0,0.0,0.0
2022-11-28 00:00:00-05:00,157.58034740041157,158.4585818206368,155.67281111567752,156.03164672851562,536600,0.0,0.0,0.0
2022-11-29 00:00:00-05:00,156.48497182906428,157.65593211530418,156.34331364617856,156.97601318359375,519300,0.0,0.0,0.0
2022-11-30 00:00:00-05:00,157.2404260763996,160.13952688501803,155.38009431534323,160.10174560546875,546000,0.0,0.0,0.0
2022-12-01 00:00:00-05:00,160.57389201242552,161.61266093887272,159.23294493149746,159.66734313964844,641200,0.0,0.0,0.0
2022-12-02 00:00:00-05:00,158.17528477007582,160.53610991589784,157.7031197409114,159.94117736816406,899500,0.0,0.0,0.0
2022-12-05 00:00:00-05:00,159.17627760835023,159.17627760835023,155.18176536368293,155.67282104492188,644700,0.0,0.0,0.0
2022-12-06 00:00:00-05:00,155.7578342319835,156.06946494458717,153.17036415145782,154.3602294921875,443400,0.0,0.0,0.0
2022-12-07 00:00:00-05:00,154.13356247225477,155.1628788390254,153.51030113832,153.7463836669922,459300,0.0,0.0,0.0
2022-12-08 00:00:00-05:00,154.9645772590483,155.7011535942135,153.84082211943283,154.3318634033203,494500,0.0,0.0,0.0
2022-12-09 00:00:00-05:00,153.80306197220906,154.5585290480135,152.96260863282734,152.97206115722656,515700,0.0,0.0,0.0
2022-12-12 00:00:00-05:00,153.51028966790537,155.02122350224286,152.4620827425503,154.78514099121094,481600,0.0,0.0,0.0
2022-12-13 00:00:00-05:00,158.90240440946621,159.1101581508053,154.6057002635268,155.38949584960938,887400,0.0,0.0,0.0
2022-12-14 00:00:00-05:00,155.58783336718267,156.51328730698904,153.53863863075685,154.59629821777344,539400,0.0,0.0,0.0
2022-12-15 00:00:00-05:00,152.83037638241007,153.28366519462097,150.82840122781238,151.3383331298828,830800,0.0,0.0,0.0
2022-12-16 00:00:00-05:00,149.7424384602255,150.46956229934509,148.60923075534413,149.77076721191406,637700,0.0,0.0,0.0
2022-12-19 00:00:00-05:00,149.9690441438068,150.62063414560382,147.95761664423028,148.64698791503906,1366700,0.0,0.0,0.0
2022-12-20 00:00:00-05:00,148.61869280160846,149.96907808307247,148.1842945656584,149.1002960205078,700800,0.0,0.0,0.0
2022-12-21 00:00:00-05:00,150.7717783064172,152.22604062011206,150.4695856956388,151.77276611328125,560700,0.0,0.0,0.0
2022-12-22 00:00:00-05:00,150.89688553918128,150.95395478327936,147.5590530222403,150.06005859375,605900,1.119,0.0,0.0
2022-12-23 00:00:00-05:00,150.17419408562628,151.50553431513137,149.4704850567295,151.48651123046875,501200,0.0,0.0,0.0
2022-12-27 00:00:00-05:00,151.77179306018502,152.1997181296993,150.8683779563242,151.6576690673828,594400,0.0,0.0,0.0
2022-12-28 00:00:00-05:00,152.0190313640867,152.15216392710846,148.80481225781097,148.8143310546875,921100,0.0,0.0,0.0
2022-12-29 00:00:00-05:00,149.717735865047,152.04756303907544,149.4895023889641,151.7242431640625,632100,0.0,0.0,0.0
2022-12-30 00:00:00-05:00,150.58312224263636,151.27731252769865,149.85088578530687,151.01104736328125,612200,0.0,0.0,0.0
2023-01-03 00:00:00-05:00,151.9049314253732,152.92244154015623,149.42294851500824,150.5640869140625,780100,0.0,0.0,0.0
2023-01-04 00:00:00-05:00,151.372369205636,153.53103198136063,151.21070928116117,152.78929138183594,638800,0.0,0.0,0.0
2023-01-05 00:00:00-05:00,151.78128538488426,151.89539485833194,150.47848719515574,151.34384155273438,332600,0.0,0.0,0.0
2023-01-06 00:00:00-05:00,152.66568711646514,155.33787196455603,152.37089458957874,155.0620880126953,380400,0.0,0.0,0.0
2023-01-09 00:00:00-05:00,155.8038237179495,156.6882157805278,154.71974005148596,154.90992736816406,568100,0.0,0.0,0.0
2023-01-10 00:00:00-05:00,154.7197290790584,156.3363429217183,154.01603460621786,156.3078155517578,305700,0.0,0.0,0.0
2023-01-11 00:00:00-05:00,156.8213343234501,158.32383865840345,156.8213343234501,158.2667694091797,336600,0.0,0.0,0.0
2023-01-12 00:00:00-05:00,158.91341846675394,160.39689967033527,157.97197177508406,160.0830841064453,654800,0.0,0.0,0.0
2023-01-13 00:00:00-05:00,158.87540761984155,160.77730982436503,158.3999320687107,160.50152587890625,395800,0.0,0.0,0.0
2023-01-17 00:00:00-05:00,160.58708696380666,161.0625624526653,159.82633778992113,160.0830841064453,483200,0.0,0.0,0.0
2023-01-18 00:00:00-05:00,160.6822092901259,161.44297307580752,157.62964986008478,157.6772003173828,1111800,0.0,0.0,0.0
2023-01-19 00:00:00-05:00,156.6216181528265,156.94493799249352,155.23323789526344,156.18418884277344,816700,0.0,0.0,0.0
2023-01-20 00:00:00-05:00,156.82134055602398,158.8563752150575,155.75626551693065,158.75177001953125,510700,0.0,0.0,0.0
2023-01-23 00:00:00-05:00,159.17021033744547,161.0435852897516,158.75178950398535,160.34938049316406,510600,0.0,0.0,0.0
2023-01-24 00:00:00-05:00,159.64566308180164,160.56808673896919,158.91342672799252,159.9214324951172,565700,0.0,0.0,0.0
2023-01-25 00:00:00-05:00,158.63764369654058,160.53002679149412,158.04804424327375,160.45394897460938,295800,0.0,0.0,0.0
2023-01-26 00:00:00-05:00,161.3193398900559,162.08010365263507,159.95948681687366,161.92794799804688,412800,0.0,0.0,0.0
2023-01-27 00:00:00-05:00,161.45248502531925,163.0500905021059,161.0150556222874,162.50804138183594,520100,0.0,0.0,0.0
2023-01-30 00:00:00-05:00,161.44296524752303,162.87889612197733,160.75827932464588,160.86288452148438,474700,0.0,0.0,0.0
2023-01-31 00:00:00-05:00,161.40491338450735,164.78079242478907,161.20522179509152,164.7142333984375,500900,0.0,0.0,0.0
2023-02-01 00:00:00-05:00,164.31481867652946,168.0140175259873,163.44946428507626,166.8063201904297,671800,0.0,0.0,0.0
2023-02-02 00:00:00-05:00,167.79531798075098,169.76379371437002,167.31984243276906,168.97450256347656,673900,0.0,0.0,0.0
2023-02-03 00:00:00-05:00,167.44346109818315,169.28830844001627,167.41493372777225,167.9474639892578,714900,0.0,0.0,0.0
2023-02-06 00:00:00-05:00,167.025043302918,167.329354606554,165.1516685571986,165.98851013183594,429000,0.0,0.0,0.0
2023-02-07 00:00:00-05:00,165.73173916570627,167.41492649907988,164.35286311739125,166.9965057373047,477500,0.0,0.0,0.0
2023-02-08 00:00:00-05:00,166.17868572622413,166.44495084295374,164.60010359821237,164.95196533203125,283100,0.0,0.0,0.0
2023-02-09 00:00:00-05:00,166.15020430115547,166.5020516219066,162.3939497489914,162.78382873535156,348400,0.0,0.0,0.0
2023-02-10 00:00:00-05:00,162.2988161618352,163.61113327193624,161.99451936709914,163.49700927734375,435200,0.0,0.0,0.0
2023-02-13 00:00:00-05:00,163.71572917879115,165.36087036132812,163.05957066097608,165.36087036132812,293900,0.0,0.0,0.0
2023-02-14 00:00:00-05:00,164.75226810159975,166.13114421105604,163.54455621480807,165.12313842773438,266400,0.0,0.0,0.0
2023-02-15 00:00:00-05:00,164.02002835569118,166.15966815707006,163.55407164113308,166.09310913085938,357300,0.0,0.0,0.0
2023-02-16 00:00:00-05:00,164.4099247781627,166.46398250771128,163.8868988039219,164.99000549316406,344900,0.0,0.0,0.0
2023-02-17 00:00:00-05:00,164.65715659185997,165.37036982776527,163.58259185014106,165.14215087890625,464400,0.0,0.0,0.0
2023-02-21 00:00:00-05:00,163.54456563366162,163.90593169391374,160.51102931193367,160.89141845703125,405200,0.0,0.0,0.0
2023-02-22 00:00:00-05:00,160.9674837039684,162.222731508768,160.50151247903253,161.16717529296875,521400,0.0,0.0,0.0
2023-02-23 00:00:00-05:00,162.0610608492883,162.8313288051705,160.03553066133142,161.84234619140625,311900,0.0,0.0,0.0
2023-02-24 00:00:00-05:00,159.91193171284112,161.2908078303574,159.1321448885141,161.05307006835938,523300,0.0,0.0,0.0
2023-02-27 00:00:00-05:00,162.08012180445002,163.1547012835769,160.8438823656041,161.2813262939453,323300,0.0,0.0,0.0
2023-02-28 00:00:00-05:00,161.2242364239593,162.3843978786799,160.91043534309046,160.9960174560547,292500,0.0,0.0,0.0
2023-03-01 00:00:00-05:00,160.6916961018457,161.77577966267765,160.06407946899827,161.3478546142578,305600,0.0,0.0,0.0
2023-03-02 00:00:00-05:00,160.4064093851204,162.15617027121243,159.77879274646003,161.88038635253906,369600,0.0,0.0,0.0
2023-03-03 00:00:00-05:00,162.68869589251358,164.06757191561883,161.67117137585794,163.76327514648438,386900,0.0,0.0,0.0
2023-03-06 00:00:00-05:00,163.92497461500372,164.04858840555175,161.21475785587896,161.6331787109375,350900,0.0,0.0,0.0
2023-03-07 00:00:00-05:00,161.67119520259874,162.0515843580283,159.28431310752399,159.53155517578125,319700,0.0,0.0,0.0
2023-03-08 00:00:00-05:00,159.83585177252374,160.33985466046076,158.53305349733117,159.59811401367188,368100,0.0,0.0,0.0
2023-03-09 00:00:00-05:00,159.46496755352356,159.86436521234825,155.08108308188784,155.1381378173828,572800,0.0,0.0,0.0
2023-03-10 00:00:00-05:00,154.85284466446,154.87186774580172,149.31831784350436,150.78277587890625,745600,0.0,0.0,0.0
2023-03-13 00:00:00-04:00,147.36888539239408,149.52754833898666,144.91542994193318,146.66517639160156,929500,0.0,0.0,0.0
2023-03-14 00:00:00-04:00,150.72571589128805,151.74324030738768,147.61610242167137,149.1186065673828,439800,0.0,0.0,0.0
2023-03-15 00:00:00-04:00,146.1421743450695,146.1421743450695,143.33687118998046,145.78082275390625,809100,0.0,0.0,0.0
2023-03-16 00:00:00-04:00,144.46848675030398,148.700216166474,143.16568841025082,147.67318725585938,1431000,0.0,0.0,0.0
2023-03-17 00:00:00-04:00,147.1026115928576,147.1216346756398,143.2988076166161,143.86936950683594,468300,0.0,0.0,0.0
2023-03-20 00:00:00-04:00,145.4859922128207,147.67316780680017,145.35285965918405,146.20870971679688,1102500,0.0,0.0,0.0
2023-03-21 00:00:00-04:00,149.0615754095807,149.7652844023895,148.25326122203495,148.95697021484375,842300,0.0,0.0,0.0
2023-03-22 00:00:00-04:00,149.00453532260653,149.2517773934081,144.87741088867188,144.87741088867188,386900,0.0,0.0,0.0
2023-03-23 00:00:00-04:00,146.04630043818668,147.26112513317784,142.6027232197876,143.6931915283203,788700,0.892,0.0,0.0
2023-03-24 00:00:00-04:00,142.50705839744757,145.37671330047368,141.51225111989248,145.28106689453125,659900,0.0,0.0,0.0
2023-03-27 00:00:00-04:00,147.1654672026592,147.81591527451954,145.92194722289335,146.94544982910156,719600,0.0,0.0,0.0
2023-03-28 00:00:00-04:00,146.83067557788385,148.10289100051304,146.53414690716193,147.51939392089844,641400,0.0,0.0,0.0
2023-03-29 00:00:00-04:00,149.07856379413286,149.2124804263015,147.99765588003143,149.1550750732422,483600,0.0,0.0,0.0
2023-03-30 00:00:00-04:00,150.3794959928464,150.76211082641112,148.8585677292489,149.38467407226562,494200,0.0,0.0,0.0
2023-03-31 00:00:00-04:00,150.28383243439356,151.9960534898758,150.14035552319842,151.8621368408203,430200,0.0,0.0,0.0
2023-04-03 00:00:00-04:00,152.1299512026672,153.13433324347363,150.89600613252324,151.95777893066406,389100,0.0,0.0,0.0
2023-04-04 00:00:00-04:00,152.32128639336872,152.32128639336872,148.07419483261307,149.03074645996094,517200,0.0,0.0,0.0
2023-04-05 00:00:00-04:00,148.33247041015866,148.85856213759322,147.2611226439445,148.2272491455078,515500,0.0,0.0,0.0
2023-04-06 00:00:00-04:00,148.13160459165846,148.6385758515024,147.58636308815377,148.18899536132812,488400,0.0,0.0,0.0
2023-04-10 00:00:00-04:00,147.67243607748023,149.90120298753453,147.5480797026928,149.8055419921875,443400,0.0,0.0,0.0
2023-04-11 00:00:00-04:00,150.3794993307781,151.8717176489513,150.35078935159416,151.1638641357422,392500,0.0,0.0,0.0
2023-04-12 00:00:00-04:00,152.46478240444642,152.46478240444642,149.939486375637,150.0638427734375,496000,0.0,0.0,0.0
2023-04-13 00:00:00-04:00,150.62819937410367,151.55605570313497,149.64295227763884,151.1256103515625,401200,0.0,0.0,0.0
2023-04-14 00:00:00-04:00,151.4029896328338,152.20648949269042,149.2220531013261,150.1594696044922,366100,0.0,0.0,0.0
2023-04-17 00:00:00-04:00,150.39860098390977,151.62298583984375,150.1499028273609,151.62298583984375,705100,0.0,0.0,0.0
2023-04-18 00:00:00-04:00,152.0343241382473,152.30215743707734,150.54210587453142,151.2977752685547,447600,0.0,0.0,0.0
2023-04-19 00:00:00-04:00,150.62817832401254,152.12039645203265,150.26468405330345,151.82386779785156,268300,0.0,0.0,0.0
2023-04-20 00:00:00-04:00,150.78123957241954,151.83343761815004,150.51340628108306,151.02993774414062,283200,0.0,0.0,0.0
2023-04-21 00:00:00-04:00,151.2308316720136,151.26908731837457,149.6716477090745,150.74298095703125,391200,0.0,0.0,0.0
2023-04-24 00:00:00-04:00,150.48471277592859,151.37429880556968,150.00643695031857,150.6090545654297,406600,0.0,0.0,0.0
2023-04-25 00:00:00-04:00,149.48987866763545,149.6811860630805,147.3663330078125,147.3663330078125,325300,0.0,0.0,0.0
2023-04-26 00:00:00-04:00,147.222857118466,147.79677930873177,145.75933436935114,146.03672790527344,405700,0.0,0.0,0.0
2023-04-27 00:00:00-04:00,146.668066086072,148.87769805983146,146.2854366689973,148.7533416748047,406500,0.0,0.0,0.0
2023-04-28 00:00:00-04:00,148.5333100583449,150.6568554746047,148.40895369745047,150.4081573486328,375500,0.0,0.0,0.0
2023-05-01 00:00:00-04:00,150.16905212402344,151.756916805475,149.96816985090007,150.16905212402344,357600,0.0,0.0,0.0
2023-05-02 00:00:00-04:00,149.5568836395499,149.5568836395499,145.39587736351507,147.3568115234375,658800,0.0,0.0,0.0
2023-05-03 00:00:00-04:00,147.68202722953174,149.66209640000355,146.69678007381017,146.82113647460938,391700,0.0,0.0,0.0
2023-05-04 00:00:00-04:00,145.81673238120567,146.1323961696703,143.23404590700918,144.1905975341797,686300,0.0,0.0,0.0
2023-05-05 00:00:00-04:00,146.51499812296797,148.16982820590334,146.51499812296797,147.66285705566406,492100,0.0,0.0,0.0
2023-05-08 00:00:00-04:00,148.56206278198152,148.74380996550252,146.84026656418095,147.31854248046875,304000,0.0,0.0,0.0
2023-05-09 00:00:00-04:00,146.48630186900124,147.33763215354398,145.72105771983718,146.75413513183594,283800,0.0,0.0,0.0
2023-05-10 00:00:00-04:00,148.5046292822677,148.54288492240255,145.24278496862695,146.6776123046875,386000,0.0,0.0,0.0
2023-05-11 00:00:00-04:00,145.92193207799147,146.28541171743979,145.07060183946194,145.83584594726562,472500,0.0,0.0,0.0
2023-05-12 00:00:00-04:00,146.3810861566333,146.75414068654607,144.88886803698222,145.87411499023438,435100,0.0,0.0,0.0
2023-05-15 00:00:00-04:00,146.23761462400844,147.86374943980462,146.0271721024069,147.232421875,334500,0.0,0.0,0.0
2023-05-16 00:00:00-04:00,146.68718572377622,146.82110235666318,145.0419158935547,145.0419158935547,384900,0.0,0.0,0.0
2023-05-17 00:00:00-04:00,145.91237378058705,148.50463502344655,145.54889409988948,148.21766662597656,431300,0.0,0.0,0.0
2023-05-18 00:00:00-04:00,147.86376944348984,149.7673126570168,147.42374922175344,149.53773498535156,495900,0.0,0.0,0.0
2023-05-19 00:00:00-04:00,150.10207631605405,150.36990959816495,147.55764554018154,148.17941284179688,482200,0.0,0.0,0.0
2023-05-22 00:00:00-04:00,148.48550072952588,149.7672909659026,147.64374524697564,149.1263885498047,457600,0.0,0.0,0.0
2023-05-23 00:00:00-04:00,148.71507388285502,150.4081742500334,148.30374911757727,148.31332397460938,351500,0.0,0.0,0.0
2023-05-24 00:00:00-04:00,147.66286913228035,147.78722551373082,146.10369991447715,146.44805908203125,329500,0.0,0.0,0.0
2023-05-25 00:00:00-04:00,146.40024782978014,146.8402534598372,144.72628227216123,146.1515350341797,405100,0.0,0.0,0.0
2023-05-26 00:00:00-04:00,146.4193623513408,147.7872241514091,146.02717268716566,147.59591674804688,282100,0.0,0.0,0.0
2023-05-30 00:00:00-04:00,148.16981808233217,148.61939844459218,146.65847959163105,147.34718322753906,368700,0.0,0.0,0.0
2023-05-31 00:00:00-04:00,146.72543979942756,147.0124081799314,144.22883970193482,145.2619171142578,357500,0.0,0.0,0.0
2023-06-01 00:00:00-04:00,145.5871708237529,146.7541651055208,144.55409320075404,146.3906707763672,413200,0.0,0.0,0.0
2023-06-02 00:00:00-04:00,148.12202170781444,151.98648376555536,148.12202170781444,151.9099578857422,457100,0.0,0.0,0.0
2023-06-05 00:00:00-04:00,151.21167885461801,151.5655982763658,149.26030541469942,150.0542449951172,340100,0.0,0.0,0.0
2023-06-06 00:00:00-04:00,149.9394831801004,153.87091136119136,149.76731087526568,153.48829650878906,449200,0.0,0.0,0.0
2023-06-07 00:00:00-04:00,154.37786415988197,157.05621159408642,154.03350499554398,156.73098754882812,453200,0.0,0.0,0.0
2023-06-08 00:00:00-04:00,156.4344602740467,156.65447767639787,154.77006963951655,155.96575927734375,391400,0.0,0.0,0.0
2023-06-09 00:00:00-04:00,155.9753141873073,156.10923083831545,154.62657281912632,154.97093200683594,324800,0.0,0.0,0.0
2023-06-12 00:00:00-04:00,155.21965387525114,156.28142688322367,154.48310495365766,155.50662231445312,327000,0.0,0.0,0.0
2023-06-13 00:00:00-04:00,155.88922342959572,158.02232952037005,155.6787808991172,157.3240509033203,489600,0.0,0.0,0.0
2023-06-14 00:00:00-04:00,157.76405203379676,158.59626187021703,155.24833119272196,156.12835693359375,506500,0.0,0.0,0.0
2023-06-15 00:00:00-04:00,155.47787269599996,157.73533479526796,155.47787269599996,157.59185791015625,339900,0.0,0.0,0.0
2023-06-16 00:00:00-04:00,158.11798626469633,158.6823482194968,156.30052942277325,157.05621337890625,410500,0.0,0.0,0.0
2023-06-20 00:00:00-04:00,156.52054294571275,156.6831549661802,155.12397118784634,155.8413848876953,502500,0.0,0.0,0.0
2023-06-21 00:00:00-04:00,155.21962246524294,156.39617677248208,154.69351619913823,155.70745849609375,448800,0.0,0.0,0.0
2023-06-22 00:00:00-04:00,155.21962191493114,155.21962191493114,153.59348722204217,154.234375,403900,0.0,0.0,0.0
2023-06-23 00:00:00-04:00,153.00032822417614,153.75056437022496,152.03848550600534,152.30780029296875,277500,0.887,0.0,0.0
2023-06-26 00:00:00-04:00,152.73101577531028,154.60662102593503,152.56750425619225,153.91409301757812,316000,0.0,0.0,0.0
2023-06-27 00:00:00-04:00,154.2314978596878,156.63610484423825,153.47163383369832,156.32830810546875,517900,0.0,0.0,0.0
2023-06-28 00:00:00-04:00,156.26098726214838,156.38601684570312,155.1163919854412,156.38601684570312,342500,0.0,0.0,0.0
2023-06-29 00:00:00-04:00,156.69383568181308,158.5405723513309,156.6361274541029,158.45401000976562,353000,0.0,0.0,0.0
2023-06-30 00:00:00-04:00,159.79096202041302,159.81018831085177,158.4828551192562,159.08880615234375,320000,0.0,0.0,0.0
2023-07-03 00:00:00-04:00,158.87717906644386,160.35842512652607,158.82909866998676,160.0217742919922,241100,0.0,0.0,0.0
2023-07-05 00:00:00-04:00,159.1945865730252,159.4061931498954,158.01152411256405,158.3577880859375,367300,0.0,0.0,0.0
2023-07-06 00:00:00-04:00,156.876567845589,156.93427606581633,154.9721085187477,156.5399169921875,426000,0.0,0.0,0.0
2023-07-07 00:00:00-04:00,156.51106522207243,159.6082002840681,156.40526192455494,158.1942901611328,299700,0.0,0.0,0.0
2023-07-10 00:00:00-04:00,157.99231461224784,160.34884153518658,157.94423420692942,159.90638732910156,321700,0.0,0.0,0.0
2023-07-11 00:00:00-04:00,160.396896688972,162.03204115601025,160.3007212169178,161.8204345703125,318300,0.0,0.0,0.0
2023-07-12 00:00:00-04:00,163.78258381237202,164.13846093666936,162.85922298269358,162.9650115966797,317700,0.0,0.0,0.0
2023-07-13 00:00:00-04:00,163.59022829138436,164.06153655589372,162.82075110146252,163.88839721679688,379100,0.0,0.0,0.0
2023-07-14 00:00:00-04:00,164.04229310795597,164.04229310795597,161.3010352467615,162.24363708496094,551100,0.0,0.0,0.0
2023-07-17 00:00:00-04:00,162.07052356118834,163.61909116862756,161.68579228389157,163.2728271484375,428300,0.0,0.0,0.0
2023-07-18 00:00:00-04:00,163.42670163924868,165.62931503141218,163.30165738795614,165.34075927734375,339700,0.0,0.0,0.0
2023-07-19 00:00:00-04:00,165.8794154252349,166.5334614832243,165.31191702014834,166.4180450439453,439500,0.0,0.0,0.0
2023-07-20 00:00:00-04:00,166.61040594978343,166.62964691463714,165.0425975367151,166.0044403076172,349700,0.0,0.0,0.0
2023-07-21 00:00:00-04:00,166.62002514857602,166.62002514857602,165.10031175414062,165.1099395751953,283000,0.0,0.0,0.0
2023-07-24 00:00:00-04:00,165.14840082857657,166.58155184078083,164.87908602684848,166.0044403076172,376600,0.0,0.0,0.0
2023-07-25 00:00:00-04:00,165.8986514895223,166.80278612130013,165.49467925168574,165.9178924560547,240300,0.0,0.0,0.0
2023-07-26 00:00:00-04:00,165.90827627188446,167.46645697164737,165.82169926235332,167.06248474121094,415200,0.0,0.0,0.0
2023-07-27 00:00:00-04:00,168.13972434082214,168.13972434082214,164.84061084015642,165.2541961669922,356400,0.0,0.0,0.0
2023-07-28 00:00:00-04:00,166.7547005862975,167.40876139681393,166.11989541997264,166.83164978027344,249400,0.0,0.0,0.0
2023-07-31 00:00:00-04:00,167.37988641402652,168.01469150120127,167.04323556692657,167.7357635498047,279000,0.0,0.0,0.0
2023-08-01 00:00:00-04:00,167.05284553110403,167.62995706470147,166.15833879823953,167.44720458984375,358000,0.0,0.0,0.0
2023-08-02 00:00:00-04:00,165.98524387443382,166.39882929556484,165.0234009305288,165.90829467773438,354200,0.0,0.0,0.0
2023-08-03 00:00:00-04:00,165.22534253492452,165.98520650842437,164.02303912570162,165.26382446289062,367200,0.0,0.0,0.0
2023-08-04 00:00:00-04:00,165.45620576193727,167.100948762841,165.11955490481083,165.33116149902344,379500,0.0,0.0,0.0
2023-08-07 00:00:00-04:00,165.7736153422498,166.783538558621,165.44657763036233,166.7546844482422,265500,0.0,0.0,0.0
2023-08-08 00:00:00-04:00,164.89833833120082,165.72552375812157,163.40747899847005,165.61972045898438,365200,0.0,0.0,0.0
2023-08-09 00:00:00-04:00,165.64857893190006,165.75438223382332,164.30200479520164,164.61940002441406,309500,0.0,0.0,0.0
2023-08-10 00:00:00-04:00,165.31190741641925,166.46613044838048,163.50365304102064,164.09999084472656,322700,0.0,0.0,0.0
2023-08-11 00:00:00-04:00,163.59983028755326,164.7636664760274,163.43631878077775,164.25389099121094,311000,0.0,0.0,0.0
2023-08-14 00:00:00-04:00,163.62867900084376,163.74411010742188,162.50332477845473,163.74411010742188,495700,0.0,0.0,0.0
2023-08-15 00:00:00-04:00,162.71493592799627,162.71493592799627,161.2337045536695,161.35873413085938,369200,0.0,0.0,0.0
2023-08-16 00:00:00-04:00,161.24333381342618,162.23403076882022,159.96408106946285,159.99293518066406,322400,0.0,0.0,0.0
2023-08-17 00:00:00-04:00,160.73354301171537,160.9740036999217,158.46359352798518,158.5309295654297,354900,0.0,0.0,0.0
2023-08-18 00:00:00-04:00,157.6171874261567,159.36774850558567,157.04970365157337,159.01187133789062,448800,0.0,0.0,0.0
2023-08-21 00:00:00-04:00,159.31001984696934,159.6274297165884,157.50175077515976,158.5309295654297,371700,0.0,0.0,0.0
2023-08-22 00:00:00-04:00,158.8291172473606,159.18499441148006,157.25169553330613,157.45367431640625,270500,0.0,0.0,0.0
2023-08-23 00:00:00-04:00,157.5979597909812,159.05033723808725,156.9438990089373,158.92529296875,307900,0.0,0.0,0.0
2023-08-24 00:00:00-04:00,158.56940571357677,160.23338965987838,157.91534497315385,157.95382690429688,323400,0.0,0.0,0.0
2023-08-25 00:00:00-04:00,158.4924602350373,159.11765220344816,156.7322860962636,158.3000946044922,299300,0.0,0.0,0.0
2023-08-28 00:00:00-04:00,159.07918560965365,160.62775315830197,158.42513952776838,159.79095458984375,283300,0.0,0.0,0.0
2023-08-29 00:00:00-04:00,159.85829589521975,161.73388671875,159.290812075175,161.73388671875,290400,0.0,0.0,0.0
2023-08-30 00:00:00-04:00,161.52226987601787,162.55144881563382,161.310677942123,162.16671752929688,231200,0.0,0.0,0.0
2023-08-31 00:00:00-04:00,162.2436348935622,162.95540384225376,162.0224151611328,162.0224151611328,235200,0.0,0.0,0.0
2023-09-01 00:00:00-04:00,163.1093067307597,164.19619381088572,163.0996935861464,163.8499298095703,373000,0.0,0.0,0.0
2023-09-05 00:00:00-04:00,162.9265440025701,162.97463907572575,160.03140258789062,160.03140258789062,406600,0.0,0.0,0.0
2023-09-06 00:00:00-04:00,160.0794747158544,160.8585796369989,158.46358601249162,159.25230407714844,325400,0.0,0.0,0.0
2023-09-07 00:00:00-04:00,158.55016259509517,159.0599381016444,157.3959541779376,157.7806854248047,428400,0.0,0.0,0.0
2023-09-08 00:00:00-04:00,158.02116477968409,158.5117140553951,157.2420743730349,158.05003356933594,481500,0.0,0.0,0.0
2023-09-11 00:00:00-04:00,158.79062597234204,159.35810970783922,157.8961192038353,158.01153564453125,346700,0.0,0.0,0.0
2023-09-12 00:00:00-04:00,157.9345897842198,159.0791851004119,157.74222415349033,158.33856201171875,266200,0.0,0.0,0.0
2023-09-13 00:00:00-04:00,158.55018705610988,158.61752310680615,156.56879294359925,157.19398498535156,317000,0.0,0.0,0.0
2023-09-14 00:00:00-04:00,158.64635647763512,159.617812438592,158.35780069741767,159.52163696289062,576200,0.0,0.0,0.0
2023-09-15 00:00:00-04:00,158.90607460959305,159.2042435653029,157.65567588348497,158.23277282714844,448500,0.0,0.0,0.0
2023-09-18 00:00:00-04:00,158.41552161274097,158.64636919072518,157.52101476659809,157.8384246826172,266100,0.0,0.0,0.0
2023-09-19 00:00:00-04:00,157.93458196704714,158.70405912843563,157.04007522397927,157.57870483398438,404300,0.0,0.0,0.0
2023-09-20 00:00:00-04:00,158.29046527825528,159.1945851170479,156.73227007404813,156.81883239746094,392000,0.0,0.0,0.0
2023-09-21 00:00:00-04:00,155.9823801933032,155.9823801933032,154.2610631376128,154.30941772460938,651800,0.875,0.0,0.0
2023-09-22 00:00:00-04:00,154.61886051108655,155.1023768695246,153.61315297806468,153.62281799316406,739900,0.0,0.0,0.0
2023-09-25 00:00:00-04:00,153.0619113798235,154.73487356568555,152.9071826298923,154.47378540039062,625200,0.0,0.0,0.0
2023-09-26 00:00:00-04:00,153.61312787397478,154.3577323201443,152.08521466031866,152.1432342529297,612200,0.0,0.0,0.0
2023-09-27 00:00:00-04:00,153.07160431325613,153.75820404396922,152.02722195009156,153.129638671875,388000,0.0,0.0,0.0
2023-09-28 00:00:00-04:00,153.26503037095608,155.35380995807068,153.26503037095608,154.78326416015625,649100,0.0,0.0,0.0
2023-09-29 00:00:00-04:00,155.80829356781618,156.08874129543372,153.86456328180785,154.23204040527344,530200,0.0,0.0,0.0
2023-10-02 00:00:00-04:00,153.92260753178488,154.0966811071082,151.11821834093155,151.76612854003906,1918400,0.0,0.0,0.0
2023-10-03 00:00:00-04:00,150.87644276438002,151.24390514862603,148.61357508032404,149.3678741455078,517300,0.0,0.0,0.0
2023-10-04 00:00:00-04:00,149.44521325135685,150.18016747959115,148.0236888880938,149.9480743408203,511000,0.0,0.0,0.0
2023-10-05 00:00:00-04:00,149.59995103231267,150.43159971837827,149.00039549901456,149.90940856933594,372100,0.0,0.0,0.0
2023-10-06 00:00:00-04:00,149.1551179476792,151.85313248895085,148.3234692968514,150.92478942871094,940300,0.0,0.0,0.0
2023-10-09 00:00:00-04:00,149.9674293474467,152.64611399483897,149.9674293474467,152.16259765625,428800,0.0,0.0,0.0
2023-10-10 00:00:00-04:00,152.59776979145786,154.43512610079708,152.59776979145786,153.41973876953125,360400,0.0,0.0,0.0
2023-10-11 00:00:00-04:00,153.74852305075825,154.71555568009776,152.89752961510047,154.1353302001953,383900,0.0,0.0,0.0
2023-10-12 00:00:00-04:00,154.32874953670327,154.36743910904653,150.33491440354356,151.3406219482422,304000,0.0,0.0,0.0
2023-10-13 00:00:00-04:00,152.05624036951437,152.12392499144983,149.70634302983947,150.2478790283203,458200,0.0,0.0,0.0
2023-10-16 00:00:00-04:00,151.42763572719988,153.0329134315898,151.19555734008117,152.7137908935547,377200,0.0,0.0,0.0
2023-10-17 00:00:00-04:00,151.94016561069824,155.60522762620997,151.94016561069824,154.57049560546875,469800,0.0,0.0,0.0
2023-10-18 00:00:00-04:00,153.35204891277402,153.35204891277402,151.25358970289676,151.36962890625,378200,0.0,0.0,0.0
2023-10-19 00:00:00-04:00,151.07951266977338,152.2592937292429,148.87467932224783,149.1938018798828,355200,0.0,0.0,0.0
2023-10-20 00:00:00-04:00,149.1454411759829,149.7063218825372,147.33709484598256,147.41445922851562,664900,0.0,0.0,0.0
2023-10-23 00:00:00-04:00,146.72785708927782,148.05270182873252,146.0219273996832,146.07028198242188,566400,0.0,0.0,0.0
2023-10-24 00:00:00-04:00,146.9599508403222,147.8012645116139,146.06060281605605,146.85357666015625,528400,0.0,0.0,0.0
2023-10-25 00:00:00-04:00,146.02193769834798,146.46677923287206,144.8421566239015,145.1226043701172,491100,0.0,0.0,0.0
2023-10-26 00:00:00-04:00,145.43205313180962,147.27908920599796,145.34502372661714,146.21534729003906,737300,0.0,0.0,0.0
2023-10-27 00:00:00-04:00,146.52480012533331,146.5441301553649,143.84611539114584,144.26193237304688,726000,0.0,0.0,0.0
2023-10-30 00:00:00-04:00,145.51908589047528,146.57316281539786,144.32963972485504,145.499755859375,624600,0.0,0.0,0.0
2023-10-31 00:00:00-04:00,145.7511685084546,146.9406145879216,145.34501654853293,146.7665557861328,591800,0.0,0.0,0.0
2023-11-01 00:00:00-04:00,146.74721926880267,147.76260660369041,145.58678292425185,147.7335968017578,630000,0.0,0.0,0.0
2023-11-02 00:00:00-04:00,149.39688202409857,151.39863197162836,149.36787222455084,151.2825927734375,412900,0.0,0.0,0.0
2023-11-03 00:00:00-04:00,153.5454831650825,155.460204181502,153.5454831650825,154.58021545410156,652600,0.0,0.0,0.0
2023-11-06 00:00:00-05:00,154.58017652979566,154.76390034028051,152.44302785968304,152.92654418945312,759500,0.0,0.0,0.0
2023-11-07 00:00:00-05:00,152.28832518423522,152.75251156448135,151.42766656001828,152.07557678222656,509100,0.0,0.0,0.0
2023-11-08 00:00:00-05:00,152.12390309311724,152.69444881254702,150.90544727193284,151.26324462890625,446900,0.0,0.0,0.0
2023-11-09 00:00:00-05:00,151.96916574555792,152.0078553124088,149.30982612079427,149.56126403808594,370400,0.0,0.0,0.0
2023-11-10 00:00:00-05:00,150.06412062635013,151.34061081631353,149.30983633437077,151.1375274658203,314200,0.0,0.0,0.0
2023-11-13 00:00:00-05:00,150.56700339766104,151.3406325856706,149.92875821087196,150.8087615966797,375700,0.0,0.0,0.0
2023-11-14 00:00:00-05:00,154.45446325053442,157.95511688515433,153.92259231704986,157.4522705078125,639800,0.0,0.0,0.0
2023-11-15 00:00:00-05:00,157.56830743264416,159.80215056525392,157.52961786217818,158.2645721435547,406200,0.0,0.0,0.0
2023-11-16 00:00:00-05:00,157.83907111061419,158.47731620421692,155.91467081532613,156.35951232910156,371000,0.0,0.0,0.0
2023-11-17 00:00:00-05:00,157.57797036964138,158.27423507137132,157.2201730041612,158.02281188964844,620800,0.0,0.0,0.0
2023-11-20 00:00:00-05:00,157.97446506364784,158.5160010236458,157.0267771336514,158.20655822753906,420300,0.0,0.0,0.0
2023-11-21 00:00:00-05:00,157.54894153301092,157.6456506904674,156.87202169805283,156.90103149414062,332900,0.0,0.0,0.0
2023-11-22 00:00:00-05:00,157.65532415655153,158.40960840676635,157.09444347587322,157.86807250976562,346000,0.0,0.0,0.0
2023-11-24 00:00:00-05:00,157.9164547523409,158.9028323122251,157.53931256117184,158.63204956054688,189400,0.0,0.0,0.0
2023-11-27 00:00:00-05:00,157.88744907820038,158.64173348026225,157.12348490447778,158.38063049316406,745900,0.0,0.0,0.0
2023-11-28 00:00:00-05:00,158.13886662638672,158.64172779499,157.16216884737267,157.70370483398438,328800,0.0,0.0,0.0
2023-11-29 00:00:00-05:00,158.68039068218272,160.0729201177683,158.28390373759976,158.45797729492188,625700,0.0,0.0,0.0
2023-11-30 00:00:00-05:00,158.87380307767629,159.84083582203203,158.1195187175387,159.47337341308594,496000,0.0,0.0,0.0
2023-12-01 00:00:00-05:00,159.32831190274567,163.79601327880374,159.0285341086728,163.70896911621094,446300,0.0,0.0,0.0
2023-12-04 00:00:00-05:00,162.94499902292642,165.20785184780024,162.91598922433167,165.14016723632812,679500,0.0,0.0,0.0
2023-12-05 00:00:00-05:00,164.26983633666407,164.5502840765824,162.65489353463525,162.84829711914062,722600,0.0,0.0,0.0
2023-12-06 00:00:00-05:00,163.79599140527571,165.64301251211108,162.49049145395912,162.56785583496094,1070400,0.0,0.0,0.0
2023-12-07 00:00:00-05:00,162.94499425566852,163.8926820787809,162.2390645842708,163.87335205078125,347600,0.0,0.0,0.0
2023-12-08 00:00:00-05:00,163.77665534742292,165.2852239679701,163.62192657717506,164.63731384277344,386100,0.0,0.0,0.0
2023-12-11 00:00:00-05:00,164.35686960019657,165.65268976183145,164.35686960019657,165.43994140625,473100,0.0,0.0,0.0
2023-12-12 00:00:00-05:00,165.32390760262712,165.8170889398688,164.44390435365426,165.0144500732422,458800,0.0,0.0,0.0
2023-12-13 00:00:00-05:00,165.18854017502966,169.91732969615202,164.2795270360585,169.79161071777344,535900,0.0,0.0,0.0
2023-12-14 00:00:00-05:00,172.31555704427035,175.02325152195553,172.31555704427035,174.36566162109375,730700,0.0,0.0,0.0
2023-12-15 00:00:00-05:00,174.51072894359,174.53005897360754,172.073802388304,172.64434814453125,796600,0.0,0.0,0.0
2023-12-18 00:00:00-05:00,173.7661153513671,173.77578036669425,172.41226066238661,172.58633422851562,434600,0.0,0.0,0.0
2023-12-19 00:00:00-05:00,173.36960405085523,175.25531467735578,173.09883610221652,175.05224609375,513300,0.0,0.0,0.0
2023-12-20 00:00:00-05:00,174.66544163203014,176.15468025393,172.13182067871094,172.13182067871094,435100,0.0,0.0,0.0
2023-12-21 00:00:00-05:00,173.73201435846065,174.5009488685488,172.69053011792175,174.4425506591797,418500,1.154,0.0,0.0
2023-12-22 00:00:00-05:00,175.20172900786903,176.4378786988831,174.66638742104917,175.52293395996094,468800,0.0,0.0,0.0
2023-12-26 00:00:00-05:00,175.82469617874898,177.33338094719608,175.38669475617712,176.86618041992188,735700,0.0,0.0,0.0
2023-12-27 00:00:00-05:00,177.33335376533276,177.50854836669268,176.31134070129576,176.95375061035156,543200,0.0,0.0,0.0
2023-12-28 00:00:00-05:00,176.48655895132626,177.27496440081188,175.93174631529686,177.09002685546875,475000,0.0,0.0,0.0
2023-12-29 00:00:00-05:00,176.64228901603636,176.94402297916469,175.1044052456067,175.17254638671875,434600,0.0,0.0,0.0
2024-01-02 00:00:00-05:00,174.27707021828175,176.0777458890685,173.71252948600247,174.90000915527344,884800,0.0,0.0,0.0
2024-01-03 00:00:00-05:00,173.2745414304522,173.40106593305194,170.75357153412884,170.8995819091797,618700,0.0,0.0,0.0
2024-01-04 00:00:00-05:00,170.85089315375777,171.68796871584496,170.3447506424402,170.48101806640625,438000,0.0,0.0,0.0
2024-01-05 00:00:00-05:00,169.81916384942272,172.53478443566456,169.36169142579934,171.20130920410156,491700,0.0,0.0,0.0
2024-01-08 00:00:00-05:00,171.1818358777672,173.2258622047981,170.48102770004442,173.18692016601562,403500,0.0,0.0,0.0
2024-01-09 00:00:00-05:00,171.73664833362795,172.47638369720752,171.09423836281522,171.90211486816406,338500,0.0,0.0,0.0
2024-01-10 00:00:00-05:00,171.78530899086581,172.515316230557,170.98716061315983,172.26223754882812,395100,0.0,0.0,0.0
2024-01-11 00:00:00-05:00,171.81451339321183,171.95078082141032,169.78021520162883,171.50303649902344,492500,0.0,0.0,0.0
2024-01-12 00:00:00-05:00,172.8170752753101,173.26480479686387,170.51998490009893,170.9287872314453,625800,0.0,0.0,0.0
2024-01-16 00:00:00-05:00,169.7315714774409,170.21824301868642,168.5635478968222,169.32276916503906,703500,0.0,0.0,0.0
2024-01-17 00:00:00-05:00,167.4149954480231,168.85553892470358,166.74338640391173,167.85299682617188,435000,0.0,0.0,0.0
2024-01-18 00:00:00-05:00,168.68034520323548,169.08914748179785,167.23005878364108,168.97235107421875,414000,0.0,0.0,0.0
2024-01-19 00:00:00-05:00,169.4395703070403,170.9385121609777,168.05742487360683,170.67572021484375,616700,0.0,0.0,0.0
2024-01-22 00:00:00-05:00,171.5906378231194,173.25506095482854,171.5906378231194,172.87545776367188,426700,0.0,0.0,0.0
2024-01-23 00:00:00-05:00,173.8585296162698,174.23813280902007,171.55171135663642,172.04811096191406,318100,0.0,0.0,0.0
2024-01-24 00:00:00-05:00,173.57626863260526,173.8488034996103,170.90930331744292,171.20130920410156,471500,0.0,0.0,0.0
2024-01-25 00:00:00-05:00,172.63210215501758,173.4010365325781,171.44462259572074,172.8072967529297,367900,0.0,0.0,0.0
2024-01-26 00:00:00-05:00,173.50812129899498,174.38413892771425,172.94358056547432,173.4302520751953,361000,0.0,0.0,0.0
2024-01-29 00:00:00-05:00,173.43025169384492,174.9584073599858,172.48612263093517,174.90000915527344,685600,0.0,0.0,0.0
2024-01-30 00:00:00-05:00,174.24786133119605,175.12386405676213,173.8487871520234,174.6177215576172,280000,0.0,0.0,0.0
2024-01-31 00:00:00-05:00,174.17971677846475,174.75398555067292,170.75354545858727,170.80221557617188,323900,0.0,0.0,0.0
2024-02-01 00:00:00-05:00,171.7561176528915,172.71971774753644,169.27408995534566,172.5834503173828,520200,0.0,0.0,0.0
2024-02-02 00:00:00-05:00,171.14290007018545,173.0117168326312,170.03328965335714,172.07730102539062,617800,0.0,0.0,0.0
2024-02-05 00:00:00-05:00,170.7633118315415,170.83143812388292,168.699829260635,169.98463439941406,331100,0.0,0.0,0.0
2024-02-06 00:00:00-05:00,169.95542296615716,171.24997094710062,169.6050188897211,170.73410034179688,511900,0.0,0.0,0.0
2024-02-07 00:00:00-05:00,171.29864506104045,171.64904914564494,169.81915949803974,170.9676971435547,344500,0.0,0.0,0.0
2024-02-08 00:00:00-05:00,171.07476227832214,172.5834469158824,170.72435820025675,172.495849609375,345000,0.0,0.0,0.0
2024-02-09 00:00:00-05:00,172.5834437808408,173.7222533008575,171.74636821244795,173.69305419921875,487300,0.0,0.0,0.0
2024-02-12 00:00:00-05:00,173.89747363407832,176.58389511703328,173.89747363407832,176.04855346679688,348700,0.0,0.0,0.0
2024-02-13 00:00:00-05:00,172.0189267817023,172.41800102850618,169.54664177250163,170.9287872314453,7756100,0.0,0.0,0.0
2024-02-14 00:00:00-05:00,172.78786236406702,173.79040451722713,171.46411522221925,173.4789276123047,313900,0.0,0.0,0.0
2024-02-15 00:00:00-05:00,174.3257472483145,176.91482848939862,174.3257472483145,176.6909637451172,375500,0.0,0.0,0.0
2024-02-16 00:00:00-05:00,175.30880635223883,176.9926855647289,174.85133395922156,175.49374389648438,373900,0.0,0.0,0.0
2024-02-20 00:00:00-05:00,174.26732513254754,175.036274423868,173.76119746326145,174.46200561523438,975200,0.0,0.0,0.0
2024-02-21 00:00:00-05:00,174.09213168369106,174.9194791845309,173.69305748436665,174.75399780273438,374700,0.0,0.0,0.0
2024-02-22 00:00:00-05:00,175.26988493451213,176.13615962919022,174.90973791732887,175.8538818359375,577800,0.0,0.0,0.0
2024-02-23 00:00:00-05:00,176.019340474175,177.16789291060215,175.62026628893977,176.50601196289062,364000,0.0,0.0,0.0
2024-02-26 00:00:00-05:00,176.5060134163895,177.20682155407383,175.50347132954235,175.99014282226562,742800,0.0,0.0,0.0
2024-02-27 00:00:00-05:00,176.96350074590688,177.28470574046267,176.4671011281588,177.12896728515625,305600,0.0,0.0,0.0
2024-02-28 00:00:00-05:00,176.311343718879,177.5085514047662,175.90254145667444,176.72988891601562,358500,0.0,0.0,0.0
2024-02-29 00:00:00-05:00,177.9173523883668,178.5597623038008,176.7104166282561,177.72268676757812,432600,0.0,0.0,0.0
2024-03-01 00:00:00-05:00,178.05361094747792,178.67656466625684,176.6812087353912,178.55975341796875,960700,0.0,0.0,0.0
2024-03-04 00:00:00-05:00,178.9685699282116,179.97111201476073,178.62790879462773,178.7447052001953,676200,0.0,0.0,0.0
2024-03-05 00:00:00-05:00,178.13150515873613,179.90299662802255,177.99523772663997,178.84205627441406,382700,0.0,0.0,0.0
2024-03-06 00:00:00-05:00,179.8251210680706,180.07818490389633,178.64736949126763,179.4552459716797,1227200,0.0,0.0,0.0
2024-03-07 00:00:00-05:00,180.52591362891877,181.577125770984,180.44804441261383,180.92498779296875,403500,0.0,0.0,0.0
2024-03-08 00:00:00-05:00,181.83019423934886,182.97874664420394,180.34098071297825,180.6621856689453,325700,0.0,0.0,0.0
2024-03-11 00:00:00-04:00,180.1852481108005,180.85685714483887,179.3189734507307,180.3799285888672,318400,0.0,0.0,0.0
2024-03-12 00:00:00-04:00,180.24364248510093,181.11966006168896,179.45523706259618,180.62326049804688,270600,0.0,0.0,0.0
2024-03-13 00:00:00-04:00,180.62326224313978,182.03460658057097,180.55512110619836,181.39219665527344,270600,0.0,0.0,0.0
2024-03-14 00:00:00-04:00,181.05152492048603,181.236462465624,177.83950492274326,179.03671264648438,270400,0.0,0.0,0.0
2024-03-15 00:00:00-04:00,178.69603983227034,180.22419548857965,178.20936832675056,179.28977966308594,350200,0.0,0.0,0.0
2024-03-18 00:00:00-04:00,179.494185260568,179.88351651772808,178.7057798109958,178.87124633789062,758000,0.0,0.0,0.0
2024-03-19 00:00:00-04:00,178.61815736852105,180.37017762892555,178.61815736852105,180.22418212890625,282400,0.0,0.0,0.0
2024-03-20 00:00:00-04:00,179.91271166484665,183.28048488819428,179.4649822141574,182.8424835205078,379200,0.0,0.0,0.0
2024-03-21 00:00:00-04:00,183.69648311567093,185.281249372069,183.6377902805402,184.9682159423828,380300,0.943,0.0,0.0
2024-03-22 00:00:00-04:00,185.1834470969886,185.28126352068693,182.9823760497034,183.02149963378906,394500,0.0,0.0,0.0
2024-03-25 00:00:00-04:00,183.5399659198472,184.38126475165018,183.13889322220672,183.1975860595703,409400,0.0,0.0,0.0
2024-03-26 00:00:00-04:00,184.06824220408055,184.28345923846314,182.92368702684698,182.95303344726562,533500,0.0,0.0,0.0
2024-03-27 00:00:00-04:00,183.9997512146145,186.78778047835567,183.9997512146145,186.74864196777344,481600,0.0,0.0,0.0
2024-03-28 00:00:00-04:00,186.91496846211075,188.25517144691426,186.91496846211075,187.7073516845703,368200,0.0,0.0,0.0
2024-04-01 00:00:00-04:00,187.8932140401068,188.03016897467032,185.90734509848363,186.01495361328125,510300,0.0,0.0,0.0
2024-04-02 00:00:00-04:00,184.84106528353234,184.87041170540056,182.78674111791062,183.5204315185547,1143800,0.0,0.0,0.0
2024-04-03 00:00:00-04:00,183.29540886689531,184.54757253084594,183.12910751291403,184.26388549804688,441600,0.0,0.0,0.0
2024-04-04 00:00:00-04:00,185.75083878533354,186.05409507904247,182.06281773084652,182.5617218017578,283300,0.0,0.0,0.0
2024-04-05 00:00:00-04:00,182.56171305410612,184.06823221301167,182.24867961097544,183.5497589111328,499500,0.0,0.0,0.0
2024-04-08 00:00:00-04:00,184.37149043048217,185.1149579268305,183.9117099614212,184.41061401367188,831500,0.0,0.0,0.0
2024-04-09 00:00:00-04:00,185.0660549385032,185.6530132153595,183.451942067602,184.83128356933594,266000,0.0,0.0,0.0
2024-04-10 00:00:00-04:00,181.69107928541104,182.27803755296793,179.63675520289948,180.5074005126953,382600,0.0,0.0,0.0
2024-04-11 00:00:00-04:00,181.00628503222632,181.22150204527688,179.1280396767583,180.3802032470703,278500,0.0,0.0,0.0
2024-04-12 00:00:00-04:00,179.66608339843657,180.2041259346238,177.1617562412386,177.8171844482422,421000,0.0,0.0,0.0
2024-04-15 00:00:00-04:00,178.91283040979266,179.7541292444235,175.27372521133995,175.9291534423828,742600,0.0,0.0,0.0
2024-04-16 00:00:00-04:00,175.1367711161745,175.72372934851668,173.64004404336654,174.76502990722656,545200,0.0,0.0,0.0
2024-04-17 00:00:00-04:00,175.91939007654,176.1932999579532,173.6596260913965,173.7867889404297,414600,0.0,0.0,0.0
2024-04-18 00:00:00-04:00,174.44222888235512,175.70416974615927,173.29765877371233,173.93353271484375,387800,0.0,0.0,0.0
2024-04-19 00:00:00-04:00,173.72809632462452,175.57699549005724,173.72809632462452,175.34222412109375,646300,0.0,0.0,0.0
2024-04-22 00:00:00-04:00,176.06610735543882,177.99326845471862,174.9606907581686,176.97589111328125,320900,0.0,0.0,0.0
2024-04-23 00:00:00-04:00,177.11285087765816,179.60740101646397,176.70198607892056,178.97152709960938,568100,0.0,0.0,0.0
2024-04-24 00:00:00-04:00,178.9715426384174,179.36285314283367,177.8465566580306,179.01068115234375,648300,0.0,0.0,0.0
2024-04-25 00:00:00-04:00,177.63134805159075,178.32589997360242,176.07592790593296,177.82699584960938,234800,0.0,0.0,0.0
2024-04-26 00:00:00-04:00,178.1595698773234,179.11826930890928,177.76827434436802,178.4921875,289000,0.0,0.0,0.0
2024-04-29 00:00:00-04:00,179.0595641450973,179.95957075250706,178.95195563292668,179.626953125,398800,0.0,0.0,0.0
2024-04-30 00:00:00-04:00,178.81501591803527,178.8737236880979,176.34003485446902,176.4378662109375,250800,0.0,0.0,0.0
2024-05-01 00:00:00-04:00,176.42807802466558,179.35304732053865,175.90960470710388,176.56503295898438,479500,0.0,0.0,0.0
2024-05-02 00:00:00-04:00,178.16937778715632,179.06936953443474,176.64330417538122,178.80523681640625,296600,0.0,0.0,0.0
2024-05-03 00:00:00-04:00,180.99652677914727,181.71064789144395,179.61718530420137,180.23348999023438,207000,0.0,0.0,0.0
2024-05-06 00:00:00-04:00,181.64215666150295,182.444331934686,181.3095539551936,182.39541625976562,844400,0.0,0.0,0.0
2024-05-07 00:00:00-04:00,182.53237449815273,183.32475769451705,182.11173252555182,182.2095489501953,244400,0.0,0.0,0.0
2024-05-08 00:00:00-04:00,181.45629727931544,182.4541053778941,181.01607114097834,182.38563537597656,227600,0.0,0.0,0.0
2024-05-09 00:00:00-04:00,182.64978828268673,184.5671575260745,182.38565555585336,184.42042541503906,200400,0.0,0.0,0.0
2024-05-10 00:00:00-04:00,184.75302350593793,185.1443190768401,183.65738396583652,184.09759521484375,191700,0.0,0.0,0.0
2024-05-13 00:00:00-04:00,185.10518861238,185.8975718165434,184.33235973715668,184.3910675048828,198200,0.0,0.0,0.0
2024-05-14 00:00:00-04:00,186.07365389028408,186.84646779129326,185.21278580655317,186.03451538085938,911600,0.0,0.0,0.0
2024-05-15 00:00:00-04:00,187.42364395315448,187.75624666621997,186.37692013804403,186.95408630371094,294500,0.0,0.0,0.0
2024-05-16 00:00:00-04:00,186.69973526925227,187.30624782123172,185.76060509579818,185.8388671875,325300,0.0,0.0,0.0
2024-05-17 00:00:00-04:00,185.72149322827784,186.014957431961,185.4377912620926,185.9464874267578,293700,0.0,0.0,0.0
2024-05-20 00:00:00-04:00,186.05408774382354,186.6606003073295,185.5845301116566,185.73126220703125,223600,0.0,0.0,0.0
2024-05-21 00:00:00-04:00,185.37909359270887,185.72148839071227,184.99757521088966,185.5062713623047,255000,0.0,0.0,0.0
2024-05-22 00:00:00-04:00,185.01715576438983,185.40845133431546,183.4421664659401,183.94107055664062,219300,0.0,0.0,0.0
2024-05-23 00:00:00-04:00,184.4008447026635,184.4008447026635,181.07478769207665,181.3584747314453,1138800,0.0,0.0,0.0
2024-05-24 00:00:00-04:00,182.62041580423974,183.0410727085216,182.00412604847932,182.95303344726562,280000,0.0,0.0,0.0
2024-05-28 00:00:00-04:00,183.6671587546895,183.91172221508188,181.23130131547236,181.6421661376953,328600,0.0,0.0,0.0
2024-05-29 00:00:00-04:00,179.89111226621074,179.9498051129371,179.16719899365523,179.4215545654297,901800,0.0,0.0,0.0
2024-05-30 00:00:00-04:00,179.85197812458867,181.6030459660521,179.85197812458867,181.3780517578125,282700,0.0,0.0,0.0
2024-05-31 00:00:00-04:00,182.24869137914752,183.91171990351964,181.5932631047702,183.8138885498047,220900,0.0,0.0,0.0
2024-06-03 00:00:00-04:00,185.29105499936983,185.3595250030355,181.6910732696879,182.70846557617188,805400,0.0,0.0,0.0
2024-06-04 00:00:00-04:00,181.59324659479182,181.8671564479279,180.11607389362862,180.15521240234375,299900,0.0,0.0,0.0
2024-06-05 00:00:00-04:00,180.84977545900622,181.759559256185,179.73456672266892,181.66172790527344,422400,0.0,0.0,0.0
2024-06-06 00:00:00-04:00,181.2704347724646,181.86717019625738,180.38022021899246,181.12368774414062,250400,0.0,0.0,0.0
2024-06-07 00:00:00-04:00,179.70521154367955,180.7421581341389,179.09869899310166,179.5780487060547,253300,0.0,0.0,0.0
2024-06-10 00:00:00-04:00,178.58022916222458,179.8323927969159,177.8171924138023,179.5095672607422,246300,0.0,0.0,0.0
2024-06-11 00:00:00-04:00,178.57045359946935,178.91284842233645,177.24002774859648,178.54110717773438,242400,0.0,0.0,0.0
2024-06-12 00:00:00-04:00,181.86716585236454,183.2171459334954,180.45847800512516,180.80087280273438,558300,0.0,0.0,0.0
2024-06-13 00:00:00-04:00,180.57587925599654,180.68348777935643,178.53133223912798,179.36285400390625,231100,0.0,0.0,0.0
2024-06-14 00:00:00-04:00,177.93457604629944,178.0128381384398,176.17371629056072,177.17153930664062,244400,0.0,0.0,0.0
2024-06-17 00:00:00-04:00,176.91721388059753,178.77589021574653,176.4085177015267,178.68785095214844,289300,0.0,0.0,0.0
2024-06-18 00:00:00-04:00,178.59978582538199,179.61716310922742,178.29651463862365,179.04977416992188,315600,0.0,0.0,0.0
2024-06-20 00:00:00-04:00,178.90306817181505,179.70522856368467,178.4237184134625,178.80523681640625,370600,0.0,0.0,0.0
2024-06-21 00:00:00-04:00,179.01066607985607,179.1573981773016,177.68024033079985,179.1280517578125,308700,0.0,0.0,0.0
2024-06-24 00:00:00-04:00,179.54868977148774,181.48564297696237,179.37261125842707,180.59542846679688,289100,0.0,0.0,0.0
2024-06-25 00:00:00-04:00,180.3997835803669,180.3997835803669,177.94435703348051,178.6584930419922,508900,0.0,0.0,0.0
2024-06-26 00:00:00-04:00,178.12044539379838,178.33566241392552,177.4258786603031,178.1400146484375,223700,0.0,0.0,0.0
2024-06-27 00:00:00-04:00,178.4125078372175,178.55023193359375,177.58616325895997,178.55023193359375,246200,1.017,0.0,0.0
2024-06-28 00:00:00-04:00,179.43560520956834,180.47839055924837,178.32398032551131,179.5536651611328,293000,0.0,0.0,0.0
2024-07-01 00:00:00-04:00,180.03569291996865,180.37017860515763,177.4976216051183,177.63536071777344,1026100,0.0,0.0,0.0
2024-07-02 00:00:00-04:00,177.7927563567922,178.64862724961884,177.5173081416394,178.5797576904297,637500,0.0,0.0,0.0
2024-07-03 00:00:00-04:00,178.8748737305783,179.86845365721064,178.55023513812196,178.62893676757812,297600,0.0,0.0,0.0
2024-07-05 00:00:00-04:00,178.43218241375465,178.43218241375465,176.68111251446248,177.0647735595703,314500,0.0,0.0,0.0
2024-07-08 00:00:00-04:00,177.92063583299142,179.01259654128665,177.51729561398128,177.84193420410156,586800,0.0,0.0,0.0
2024-07-09 00:00:00-04:00,177.6845338681307,178.50104639413846,176.98608129279947,177.30087280273438,595400,0.0,0.0,0.0
2024-07-10 00:00:00-04:00,177.94031754252853,179.44545056596112,177.76323512228885,179.4159393310547,292000,0.0,0.0,0.0
2024-07-11 00:00:00-04:00,181.5014768619265,184.6888252741218,181.5014768619265,184.35433959960938,372200,0.0,0.0,0.0
2024-07-12 00:00:00-04:00,185.6037110534876,187.09901203681238,185.49549818606013,186.144775390625,535500,0.0,0.0,0.0
2024-07-15 00:00:00-04:00,187.0596461614985,189.03698893093164,186.61696263473615,187.70892333984375,395600,0.0,0.0,0.0
2024-07-16 00:00:00-04:00,188.85007746370346,193.0801962544255,188.64348380881194,193.031005859375,653100,0.0,0.0,0.0
2024-07-17 00:00:00-04:00,191.72263139204208,194.25087074982932,191.60458644518266,191.9095458984375,537300,0.0,0.0,0.0
2024-07-18 00:00:00-04:00,191.62426105770626,194.08363099022924,189.24359276432037,189.6075897216797,507600,0.0,0.0,0.0
2024-07-19 00:00:00-04:00,189.64690437813928,189.76494931360563,187.78762159054187,188.4762420654297,263200,0.0,0.0,0.0
2024-07-22 00:00:00-04:00,188.9681271520641,190.87660044589518,187.28592667899136,190.73887634277344,446500,0.0,0.0,0.0
2024-07-23 00:00:00-04:00,190.3748944614517,192.40141269806765,189.89285259504445,191.78164672851562,335600,0.0,0.0,0.0
2024-07-24 00:00:00-04:00,191.06351486606934,192.3817334255168,188.2008049265099,188.23031616210938,406800,0.0,0.0,0.0
2024-07-25 00:00:00-04:00,188.7812163054554,193.1097160788099,188.58446972730331,190.59132385253906,481900,0.0,0.0,0.0
2024-07-26 00:00:00-04:00,192.76538854838722,194.02458459776403,192.01774558494506,193.7097930908203,368500,0.0,0.0,0.0
2024-07-29 00:00:00-04:00,194.24101722278505,194.47712211947677,192.55881674261127,193.21792602539062,417300,0.0,0.0,0.0
2024-07-30 00:00:00-04:00,193.73930656693332,194.92963307527432,193.30645510542706,194.2410125732422,476100,0.0,0.0,0.0
2024-07-31 00:00:00-04:00,195.6084259885178,198.03828446704256,193.85735595284913,195.10671997070312,514300,0.0,0.0,0.0
2024-08-01 00:00:00-04:00,195.32314835563608,196.2380266965542,189.37147056431166,190.8175811767578,725400,0.0,0.0,0.0
2024-08-02 00:00:00-04:00,186.8628917042502,186.8825708632844,183.19351661138106,185.10198974609375,643100,0.0,0.0,0.0
2024-08-05 00:00:00-04:00,177.35005361873672,181.9933444731869,176.15972717714945,179.79959106445312,568900,0.0,0.0,0.0
2024-08-06 00:00:00-04:00,180.5275721526652,183.96085773568504,178.85520372086475,181.59986877441406,559800,0.0,0.0,0.0
2024-08-07 00:00:00-04:00,184.10840836563946,184.66915185824527,180.00618153790685,180.14390563964844,370100,0.0,0.0,0.0
2024-08-08 00:00:00-04:00,181.7474235169328,183.96085627965593,181.39327367446504,183.7444305419922,371700,0.0,0.0,0.0
2024-08-09 00:00:00-04:00,184.03955151814995,184.39370134831296,182.445884787817,184.01004028320312,211600,0.0,0.0,0.0
2024-08-12 00:00:00-04:00,184.29531873007193,184.77736058075754,181.90481865828204,182.40652465820312,303600,0.0,0.0,0.0
2024-08-13 00:00:00-04:00,183.3312470191157,185.19052982569863,182.48522328110013,184.8363800048828,311400,0.0,0.0,0.0
2024-08-14 00:00:00-04:00,185.52500666145096,185.6627307624186,184.0788960958902,184.7970428466797,292100,0.0,0.0,0.0
2024-08-15 00:00:00-04:00,187.46300038772176,189.06651429354406,187.01048475261243,188.38772583007812,330100,0.0,0.0,0.0
2024-08-16 00:00:00-04:00,188.10244480351946,189.6272420580341,187.8466607395607,188.8402557373047,222200,0.0,0.0,0.0
2024-08-19 00:00:00-04:00,189.17472544684745,190.33554077148438,188.99764301803737,190.33554077148438,300400,0.0,0.0,0.0
2024-08-20 00:00:00-04:00,190.09944144541075,190.10927352010037,188.30901313902788,188.63365173339844,279500,0.0,0.0,0.0
2024-08-21 00:00:00-04:00,189.6961179847614,190.68969800505602,188.85992622741475,190.66018676757812,274900,0.0,0.0,0.0
2024-08-22 00:00:00-04:00,190.7093789279837,191.11271919164253,189.47969398570865,189.75514221191406,243200,0.0,0.0,0.0
2024-08-23 00:00:00-04:00,190.84708232749142,195.0378427520315,190.738869463884,194.5853271484375,684300,0.0,0.0,0.0
2024-08-26 00:00:00-04:00,195.687123390259,196.2872101879907,194.24101282868915,194.43775939941406,627100,0.0,0.0,0.0
2024-08-27 00:00:00-04:00,193.68027865076957,193.90653644990346,192.7457061984326,193.63108825683594,223300,0.0,0.0,0.0
2024-08-28 00:00:00-04:00,192.8244154038137,193.92622323018122,192.20466445045835,193.10971069335938,248000,0.0,0.0,0.0
2024-08-29 00:00:00-04:00,194.0541074197818,195.3624939420325,192.49978391990805,193.85736083984375,266000,0.0,0.0,0.0
2024-08-30 00:00:00-04:00,194.32954779784836,195.32314275429354,192.93262762257424,195.22476196289062,206300,0.0,0.0,0.0
2024-09-03 00:00:00-04:00,193.68028417361845,194.65418495159224,190.37489075175333,190.8864288330078,402400,0.0,0.0,0.0
2024-09-04 00:00:00-04:00,190.6208446954275,191.90955210969256,189.7846529326375,190.4044189453125,299100,0.0,0.0,0.0
2024-09-05 00:00:00-04:00,191.09303085610753,191.19141165108775,188.77138519611088,189.2927703857422,314700,0.0,0.0,0.0
2024-09-06 00:00:00-04:00,189.56820608482468,190.45358814879498,186.24314858737415,186.66615295410156,331200,0.0,0.0,0.0
2024-09-09 00:00:00-04:00,187.16786735329003,188.4270634462827,186.43990352469206,187.1580352783203,1157500,0.0,0.0,0.0
2024-09-10 00:00:00-04:00,187.56136535032667,187.56136535032667,184.94459251323866,186.52842712402344,736400,0.0,0.0,0.0
2024-09-11 00:00:00-04:00,185.84963871785843,186.7153416139298,182.524566240494,186.52842712402344,296500,0.0,0.0,0.0
2024-09-12 00:00:00-04:00,187.23673377174669,188.9484604682773,186.06607140551034,188.5451202392578,292900,0.0,0.0,0.0
2024-09-13 00:00:00-04:00,190.10926496919407,192.42107833536468,189.95186171643343,192.34237670898438,437100,0.0,0.0,0.0
2024-09-16 00:00:00-04:00,192.96213856084543,194.02458806099642,192.5391341822267,193.98524475097656,340600,0.0,0.0,0.0
2024-09-17 00:00:00-04:00,194.7820877561429,196.2970529450489,194.23119132381342,194.8411102294922,338800,0.0,0.0,0.0
2024-09-18 00:00:00-04:00,195.26413530655896,198.30391285868072,194.22134987418488,195.0280303955078,506500,0.0,0.0,0.0
2024-09-19 00:00:00-04:00,198.37275326603688,198.6285373208064,196.39542543841821,198.32357788085938,415800,0.0,0.0,0.0
2024-09-20 00:00:00-04:00,197.66445921967627,197.66445921967627,196.1199828154339,196.62168884277344,895900,0.0,0.0,0.0
2024-09-23 00:00:00-04:00,197.3988536646649,197.92023884141915,196.39542662169575,197.22177124023438,482100,0.0,0.0,0.0
2024-09-24 00:00:00-04:00,197.77266741450472,198.25470928013934,197.10372606053156,197.4480438232422,319200,0.0,0.0,0.0
2024-09-25 00:00:00-04:00,197.61526840650447,197.61526840650447,195.22475337988357,195.5789031982422,405000,0.0,0.0,0.0
2024-09-26 00:00:00-04:00,197.24876254260175,198.54313408518692,196.89305611987183,197.30804443359375,279700,0.87,0.0,0.0
2024-09-27 00:00:00-04:00,198.6616940374497,199.73868857445035,197.37719780919923,198.0787353515625,441400,0.0,0.0,0.0
2024-09-30 00:00:00-04:00,197.49578175897656,198.6616991608193,196.62627381402393,198.38504028320312,1138900,0.0,0.0,0.0
2024-10-01 00:00:00-04:00,198.14789581640446,198.14789581640446,195.20344631644244,196.60650634765625,996100,0.0,0.0,0.0
2024-10-02 00:00:00-04:00,196.22116116634564,197.3080460996363,195.2726207489084,196.0037841796875,257400,0.0,0.0,0.0
2024-10-03 00:00:00-04:00,195.09476695662164,195.7271322830621,193.67194120293595,195.00584411621094,437800,0.0,0.0,0.0
2024-10-04 00:00:00-04:00,197.14006997790327,197.71315337361776,195.57891488132466,197.15982055664062,417900,0.0,0.0,0.0
2024-10-07 00:00:00-04:00,196.46818374329328,196.46818374329328,194.55132213023558,195.71725463867188,439500,0.0,0.0,0.0
2024-10-08 00:00:00-04:00,195.776540846941,196.2903423913118,194.77859378207853,195.53939819335938,290700,0.0,0.0,0.0
2024-10-09 00:00:00-04:00,195.48010830546278,197.26851573235257,195.09476093213723,196.37925720214844,372900,0.0,0.0,0.0
2024-10-10 00:00:00-04:00,195.42082499666301,195.7073742405426,194.4031123238039,195.41094970703125,324200,0.0,0.0,0.0
2024-10-11 00:00:00-04:00,195.8061709948285,198.52336822554514,195.8061709948285,198.44432067871094,227800,0.0,0.0,0.0
2024-10-14 00:00:00-04:00,198.4640901804818,199.88691589751326,197.61434788152013,199.72882080078125,570500,0.0,0.0,0.0
2024-10-15 00:00:00-04:00,199.64977297300254,202.32745401683212,199.28419125450242,199.94619750976562,524500,0.0,0.0,0.0
2024-10-16 00:00:00-04:00,201.47771802596725,202.8807781286694,200.86510327700583,202.46578979492188,353700,0.0,0.0,0.0
2024-10-17 00:00:00-04:00,202.72267178306004,202.8412355641892,201.52711345193345,202.5052947998047,262300,0.0,0.0,0.0
2024-10-18 00:00:00-04:00,202.73254979012574,202.96969243234074,201.8828225782727,202.60411071777344,429400,0.0,0.0,0.0
2024-10-21 00:00:00-04:00,202.5843379235158,202.5843379235158,199.3533392672818,199.49166870117188,404000,0.0,0.0,0.0
2024-10-22 00:00:00-04:00,198.8889611950216,199.06682195466036,197.6637618416874,198.40481567382812,521700,0.0,0.0,0.0
2024-10-23 00:00:00-04:00,197.9996968845073,198.60242125357186,196.22116472359724,197.5056610107422,275700,0.0,0.0,0.0
2024-10-24 00:00:00-04:00,198.3158865162731,198.3158865162731,196.96221797379923,197.94041442871094,231300,0.0,0.0,0.0
2024-10-25 00:00:00-04:00,198.94824552170215,199.03716835748054,196.1421103973246,196.44842529296875,402400,0.0,0.0,0.0
2024-10-28 00:00:00-04:00,197.4760169000367,199.2644243221238,197.4760169000367,198.86920166015625,347200,0.0,0.0,0.0
2024-10-29 00:00:00-04:00,197.80208144413788,198.60241713073847,197.13018482984066,198.4937286376953,379400,0.0,0.0,0.0
2024-10-30 00:00:00-04:00,198.30598220720947,201.04294496914807,197.95027580104858,199.01739501953125,253400,0.0,0.0,0.0
2024-10-31 00:00:00-04:00,198.86918811960695,199.42250583939864,196.33972707097232,196.42864990234375,304200,0.0,0.0,0.0
2024-11-01 00:00:00-04:00,197.3871028698025,198.35540898857244,196.14212278317663,196.45831298828125,628400,0.0,0.0,0.0
2024-11-04 00:00:00-05:00,196.36937539257605,198.5431301206182,196.2409212468064,197.05113220214844,359000,0.0,0.0,0.0
2024-11-05 00:00:00-05:00,196.62627159092725,200.0252407081001,196.18164233384104,200.01535034179688,279600,0.0,0.0,0.0
2024-11-06 00:00:00-05:00,208.226243757372,209.21431549662287,205.96355103149165,208.9771728515625,595700,0.0,0.0,0.0
2024-11-07 00:00:00-05:00,209.29335683696846,210.06405156458172,207.82112456151344,208.40408325195312,441700,0.0,0.0,0.0
2024-11-08 00:00:00-05:00,208.52265443093006,209.61941467095073,207.89028911720146,209.13526916503906,539000,0.0,0.0,0.0
2024-11-11 00:00:00-05:00,211.0027156560078,212.3959003787347,210.78533867472655,211.3287811279297,457400,0.0,0.0,0.0
2024-11-12 00:00:00-05:00,210.56796517355653,211.3683008556932,208.19659907264946,208.72027587890625,428100,0.0,0.0,0.0
2024-11-13 00:00:00-05:00,209.7577346644,210.23201993591775,207.70255879493376,207.8705291748047,380200,0.0,0.0,0.0
2024-11-14 00:00:00-05:00,208.4732587353943,208.82896515955073,205.59796639652788,206.01295471191406,605400,0.0,0.0,0.0
2024-11-15 00:00:00-05:00,205.9931868104645,206.43781606661884,203.96763678045275,204.56048583984375,902900,0.0,0.0,0.0
2024-11-18 00:00:00-05:00,204.71858725629926,205.68689334488934,204.05658099637085,205.02488708496094,1050900,0.0,0.0,0.0
2024-11-19 00:00:00-05:00,203.18706810826933,204.8569117290841,202.55470280988519,204.60989379882812,331300,0.0,0.0,0.0
2024-11-20 00:00:00-05:00,204.73836234175155,205.2620391845703,203.384693736567,205.2620391845703,398800,0.0,0.0,0.0
2024-11-21 00:00:00-05:00,205.95368294713407,209.10563431790155,205.6177421624625,208.68075561523438,730800,0.0,0.0,0.0
2024-11-22 00:00:00-05:00,209.1846740100828,211.62519732909053,209.1550179873459,211.4671173095703,671500,0.0,0.0,0.0
2024-11-25 00:00:00-05:00,213.2654011765967,216.3975867895489,213.2654011765967,214.70799255371094,1023500,0.0,0.0,0.0
2024-11-26 00:00:00-05:00,214.30288647031023,214.30288647031023,212.3267429222132,213.60134887695312,722000,0.0,0.0,0.0
2024-11-27 00:00:00-05:00,214.4115686673765,215.7948630796805,213.10730672710844,213.2456512451172,338100,0.0,0.0,0.0
2024-11-29 00:00:00-05:00,214.27323998122114,215.21190512693363,213.4037320179784,213.62110900878906,224600,0.0,0.0,0.0
2024-12-02 00:00:00-05:00,213.64086743027616,213.87801006952378,211.94138287427958,212.8899383544922,598500,0.0,0.0,0.0
2024-12-03 00:00:00-05:00,213.34443871894945,213.34443871894945,211.1805592931569,211.82281494140625,610200,0.0,0.0,0.0
2024-12-04 00:00:00-05:00,211.82282870239638,212.3465055289775,210.71617807914876,211.88211059570312,406000,0.0,0.0,0.0
2024-12-05 00:00:00-05:00,212.2674518578677,212.38601564106222,210.2419017932185,210.28143310546875,366800,0.0,0.0,0.0
2024-12-06 00:00:00-05:00,211.62519058119648,212.13899208939415,209.57001470196127,210.19248962402344,538200,0.0,0.0,0.0
2024-12-09 00:00:00-05:00,211.2200852045866,211.80304387170074,209.3822712945569,209.57000732421875,303300,0.0,0.0,0.0
2024-12-10 00:00:00-05:00,209.57000605170353,209.7774926582341,207.30731349721344,208.27561950683594,424700,0.0,0.0,0.0
2024-12-11 00:00:00-05:00,209.66882155562442,209.80715099703932,208.48313847538546,208.9178924560547,362000,0.0,0.0,0.0
2024-12-12 00:00:00-05:00,208.6708735313253,209.1155027997121,207.54447234891555,207.62351989746094,354900,0.0,0.0,0.0
2024-12-13 00:00:00-05:00,207.52470974807704,207.59388200786458,205.617738495469,206.36866760253906,407100,0.0,0.0,0.0
2024-12-16 00:00:00-05:00,206.11175940117081,207.39624052949767,205.53867601499266,206.15127563476562,558600,0.0,0.0,0.0
2024-12-17 00:00:00-05:00,205.14345256789926,206.14141468773585,203.2167156645799,203.7206268310547,450200,0.0,0.0,0.0
2024-12-18 00:00:00-05:00,204.53084803085696,205.0742904975023,195.56903020637122,196.0037841796875,551300,0.0,0.0,0.0
2024-12-19 00:00:00-05:00,197.6143472326689,198.92848445097954,195.12440223603937,195.13429260253906,621200,0.0,0.0,0.0
2024-12-20 00:00:00-05:00,194.58095268048862,198.94824286286865,194.2054956866273,197.2685089111328,523700,0.0,0.0,0.0
2024-12-23 00:00:00-05:00,196.85224247163092,197.5973680510622,195.54082933483363,197.44834899902344,433200,1.091,0.0,0.0
2024-12-24 00:00:00-05:00,197.59737380430147,198.94853550072864,196.9317300864496,198.91873168945312,252400,0.0,0.0,0.0
2024-12-26 00:00:00-05:00,198.3424989363982,199.95196537994696,197.5278361640952,199.68373107910156,450600,0.0,0.0,0.0
2024-12-27 00:00:00-05:00,198.7200287342031,199.85261900832052,196.46477773622925,197.71658325195312,339600,0.0,0.0,0.0
2024-12-30 00:00:00-05:00,196.51445911088683,197.2198361817432,194.52745753273757,196.34556579589844,838300,0.0,0.0,0.0
2024-12-31 00:00:00-05:00,197.1900210249343,198.263003634552,196.2660726208741,196.8919677734375,951000,0.0,0.0,0.0
2025-01-02 00:00:00-05:00,198.35242124930866,199.06774301136676,195.50107891086114,196.25613403320312,715300,0.0,0.0,0.0
2025-01-03 00:00:00-05:00,196.59394003029843,198.32262169266548,195.44147548230777,198.143798828125,1125100,0.0,0.0,0.0
2025-01-06 00:00:00-05:00,199.3061855672903,200.55799105170865,197.95502394427214,198.16366577148438,1581700,0.0,0.0,0.0
2025-01-07 00:00:00-05:00,199.23664279583681,199.76321216413353,196.15679942653986,197.2297821044922,411700,0.0,0.0,0.0
2025-01-08 00:00:00-05:00,196.32568431213448,197.170166015625,194.76588085405908,197.170166015625,450700,0.0,0.0,0.0
2025-01-10 00:00:00-05:00,195.01426697086498,195.19310499934255,193.02726535446988,193.94129943847656,535700,0.0,0.0,0.0
2025-01-13 00:00:00-05:00,192.67954643184157,195.75938979775694,192.40136742226517,195.62030029296875,423900,0.0,0.0,0.0
2025-01-14 00:00:00-05:00,197.12048754287184,198.65047202839312,196.37536198000493,198.47164916992188,307100,0.0,0.0,0.0
2025-01-15 00:00:00-05:00,202.91259513073106,203.1708998638044,200.53812898565127,201.1441650390625,334000,0.0,0.0,0.0
2025-01-16 00:00:00-05:00,201.22363360655697,202.72382942907382,200.43877469063978,202.33636474609375,276400,0.0,0.0,0.0
2025-01-17 00:00:00-05:00,203.6974656559854,204.0551265465859,202.8331248202088,203.2801971435547,307000,0.0,0.0,0.0
2025-01-21 00:00:00-05:00,204.56179782689048,206.52894022167806,204.56179782689048,206.3997802734375,462300,0.0,0.0,0.0
2025-01-22 00:00:00-05:00,206.56867903386134,206.56867903386134,204.77044505913122,204.91946411132812,329300,0.0,0.0,0.0
2025-01-23 00:00:00-05:00,204.54194027460127,205.71426388879343,203.95576330788674,205.1777801513672,342300,0.0,0.0,0.0
2025-01-24 00:00:00-05:00,205.1479780197024,205.98251502235613,204.6412829283909,205.2969970703125,474400,0.0,0.0,0.0
2025-01-27 00:00:00-05:00,204.42271152495454,205.90303311919698,203.73720873260595,204.76051330566406,441000,0.0,0.0,0.0
2025-01-28 00:00:00-05:00,204.9790914333939,205.32680761609703,203.54844786213093,204.4326629638672,283500,0.0,0.0,0.0
2025-01-29 00:00:00-05:00,204.3134302492565,205.65466237205223,202.88280185379168,203.73721313476562,336000,0.0,0.0,0.0
2025-01-30 00:00:00-05:00,205.39635724519866,206.90646751977368,204.43266027333993,205.8434295654297,399900,0.0,0.0,0.0
2025-01-31 00:00:00-05:00,205.95270767671315,206.6183513573757,203.4788853617227,203.98558044433594,351100,0.0,0.0,0.0
2025-02-03 00:00:00-05:00,199.5942984809772,202.5748007887645,198.44184910994292,201.39254760742188,591300,0.0,0.0,0.0
2025-02-04 00:00:00-05:00,201.14417084713895,202.80331529971954,200.7666357066842,202.6145477294922,377700,0.0,0.0,0.0
2025-02-05 00:00:00-05:00,203.18084048545575,203.96571459654743,201.8893015900919,203.77694702148438,285100,0.0,0.0,0.0
2025-02-06 00:00:00-05:00,205.07842153939984,205.29699291561704,202.53506206300148,203.94583129882812,387700,0.0,0.0,0.0
2025-02-07 00:00:00-05:00,204.16440293825647,204.16440293825647,201.66077681811612,202.10784912109375,561000,0.0,0.0,0.0
2025-02-10 00:00:00-05:00,202.90265509902582,202.90265509902582,201.4322782252315,201.9985809326172,452700,0.0,0.0,0.0
2025-02-11 00:00:00-05:00,201.33292542946597,202.43571189303097,201.02494261561228,202.2370147705078,266500,0.0,0.0,0.0
2025-02-12 00:00:00-05:00,199.6737829301762,200.7070322328868,198.98826496502795,199.9817657470703,293400,0.0,0.0,0.0
2025-02-13 00:00:00-05:00,200.85605215417084,202.34630333367318,200.47851700428552,202.16748046875,327100,0.0,0.0,0.0
2025-02-14 00:00:00-05:00,202.7337600692022,203.81667224545455,201.93895643943577,202.14759826660156,366600,0.0,0.0,0.0
2025-02-18 00:00:00-05:00,202.4754655972831,203.4590216848212,201.8992333154796,203.3994140625,349700,0.0,0.0,0.0
2025-02-19 00:00:00-05:00,202.14760731203341,203.10135958273568,201.61110839509672,202.51519775390625,370800,0.0,0.0,0.0
2025-02-20 00:00:00-05:00,201.91910903924392,202.35623665930657,199.61417989532828,200.836181640625,383500,0.0,0.0,0.0
2025-02-21 00:00:00-05:00,201.55149325880512,201.7899388974004,195.81900481900067,196.40516662597656,426500,0.0,0.0,0.0
2025-02-24 00:00:00-05:00,197.29931406381925,197.46820737538337,195.31231252595603,196.0673828125,458800,0.0,0.0,0.0
2025-02-25 00:00:00-05:00,196.39521911641137,197.66691401117131,195.31230694751417,196.74295043945312,395800,0.0,0.0,0.0
2025-02-26 00:00:00-05:00,197.48808622130872,198.69022884986302,196.05744265528736,196.65354919433594,396200,0.0,0.0,0.0
2025-02-27 00:00:00-05:00,196.6734129287429,197.62716514863214,194.59698486328125,194.59698486328125,310000,0.0,0.0,0.0
2025-02-28 00:00:00-05:00,194.33869213374106,196.5045166015625,193.7723894010092,196.5045166015625,363000,0.0,0.0,0.0
2025-03-03 00:00:00-05:00,197.03107986442828,197.81593880202368,191.21909429957893,192.3516845703125,645000,0.0,0.0,0.0
2025-03-04 00:00:00-05:00,190.37461789272615,191.81520617624292,186.87750600179555,188.7254180908203,1173300,0.0,0.0,0.0
2025-03-05 00:00:00-05:00,189.05325396332356,191.1892897045419,187.61268088552708,190.7024688720703,508200,0.0,0.0,0.0
2025-03-06 00:00:00-05:00,188.804875187099,190.47396432415397,187.64248113289455,188.58631896972656,484100,0.0,0.0,0.0
2025-03-07 00:00:00-05:00,188.43728603381248,190.69253698819213,186.39067690782977,190.00701904296875,470500,0.0,0.0,0.0
2025-03-10 00:00:00-04:00,187.9802842091491,189.65928774820935,184.91035536002738,186.29132080078125,524300,0.0,0.0,0.0
2025-03-11 00:00:00-04:00,186.25158668970093,187.09606839047893,183.41017394023183,184.9103546142578,508500,0.0,0.0,0.0
2025-03-12 00:00:00-04:00,186.6787955524835,186.9371154644336,183.30089887287446,184.32420349121094,2813100,0.0,0.0,0.0
2025-03-13 00:00:00-04:00,184.42354629008355,185.04944144459645,180.93634900805986,181.8007049560547,918900,0.0,0.0,0.0
2025-03-14 00:00:00-04:00,183.6188125744475,186.20190538201155,182.79420514769026,186.0131378173828,692300,0.0,0.0,0.0
2025-03-17 00:00:00-04:00,186.0131393769861,189.1923387142841,185.90385368915935,188.5068359375,472500,0.0,0.0,0.0
2025-03-18 00:00:00-04:00,187.9007979937467,188.1591027261911,186.85761919489133,187.58287048339844,716500,0.0,0.0,0.0
2025-03-19 00:00:00-04:00,187.8411951719455,190.51369947091425,187.55307146338293,189.51026916503906,514500,0.0,0.0,0.0
2025-03-20 00:00:00-04:00,188.45717082717732,190.11631535854616,188.06970611817047,188.34788513183594,309800,0.0,0.0,0.0
2025-03-21 00:00:00-04:00,186.68873654189022,187.60275544686607,185.3375748650522,186.99671936035156,497100,0.0,0.0,0.0
2025-03-24 00:00:00-04:00,189.152605724633,191.3482490354005,189.152605724633,191.1892852783203,393500,0.0,0.0,0.0
2025-03-25 00:00:00-04:00,191.28863297894543,191.63636431482584,189.46059518713818,190.324951171875,245600,0.0,0.0,0.0
2025-03-26 00:00:00-04:00,190.67266445093833,191.74564709320478,189.0532533575706,189.85800170898438,612400,0.0,0.0,0.0
2025-03-27 00:00:00-04:00,189.3699951171875,190.1699981689453,187.85000610351562,188.89999389648438,332800,1.242,0.0,0.0
2025-03-28 00:00:00-04:00,188.75,188.9600067138672,184.75,185.5800018310547,662400,0.0,0.0,0.0
2025-03-31 00:00:00-04:00,184.0500030517578,187.25999450683594,182.52000427246094,186.2899932861328,533400,0.0,0.0,0.0
2025-04-01 00:00:00-04:00,186.00999450683594,187.67999267578125,184.16000366210938,186.77000427246094,547100,0.0,0.0,0.0
2025-04-02 00:00:00-04:00,184.88999938964844,189.97999572753906,184.6999969482422,189.64999389648438,1017400,0.0,0.0,0.0
2025-04-03 00:00:00-04:00,182.5399932861328,183.3000030517578,176.86000061035156,177.0,869500,0.0,0.0,0.0
2025-04-04 00:00:00-04:00,171.66000366210938,172.24000549316406,165.77000427246094,169.1300048828125,1905200,0.0,0.0,0.0
2025-04-07 00:00:00-04:00,163.1199951171875,174.19000244140625,160.52000427246094,166.9199981689453,1990100,0.0,0.0,0.0
2025-04-08 00:00:00-04:00,172.61000061035156,172.61000061035156,160.72999572753906,162.75999450683594,1116500,0.0,0.0,0.0
2025-04-09 00:00:00-04:00,161.0500030517578,177.85000610351562,160.22999572753906,176.75,1147500,0.0,0.0,0.0
2025-04-10 00:00:00-04:00,172.74000549316406,172.9600067138672,164.94000244140625,169.36000061035156,1094000,0.0,0.0,0.0
2025-04-11 00:00:00-04:00,169.0500030517578,172.0,166.1300048828125,171.25999450683594,718600,0.0,0.0,0.0
2025-04-14 00:00:00-04:00,173.64999389648438,174.30999755859375,171.02999877929688,173.5399932861328,566700,0.0,0.0,0.0
2025-04-15 00:00:00-04:00,173.49000549316406,175.33999633789062,172.80999755859375,173.24000549316406,454200,0.0,0.0,0.0
2025-04-16 00:00:00-04:00,172.6199951171875,173.7899932861328,169.8300018310547,171.5800018310547,535600,0.0,0.0,0.0
2025-04-17 00:00:00-04:00,171.9199981689453,174.2100067138672,171.9199981689453,173.10000610351562,428400,0.0,0.0,0.0
2025-04-21 00:00:00-04:00,171.89999389648438,172.6199951171875,168.0800018310547,169.8000030517578,849700,0.0,0.0,0.0
2025-04-22 00:00:00-04:00,171.58999633789062,174.63999938964844,171.5,174.24000549316406,570500,0.0,0.0,0.0
2025-04-23 00:00:00-04:00,178.1199951171875,181.25999450683594,175.6199951171875,176.19000244140625,522600,0.0,0.0,0.0
2025-04-24 00:00:00-04:00,176.60000610351562,179.99000549316406,175.9499969482422,179.72999572753906,390400,0.0,0.0,0.0
