Date,Open,High,Low,Close,Volume,Dividends,Stock Splits,Capital Gains
2020-04-27 00:00:00-04:00,227.42557228729635,228.244126027571,226.30847162410342,227.8011474609375,886000,0.0,0.0,0.0
2020-04-28 00:00:00-04:00,230.64202884593837,230.796114730079,224.64245116618414,224.91209411621094,843100,0.0,0.0,0.0
2020-04-29 00:00:00-04:00,229.6404693685305,235.16816380147708,228.95672253284866,234.51332092285156,948400,0.0,0.0,0.0
2020-04-30 00:00:00-04:00,235.06225777038736,235.06225777038736,231.44132773949158,233.049560546875,837400,0.0,0.0,0.0
2020-05-01 00:00:00-04:00,227.82038429239742,230.46867459720121,225.40320810066376,226.35659790039062,929700,0.0,0.0,0.0
2020-05-04 00:00:00-04:00,224.70019636002553,229.3322941932473,223.96831056060645,229.1396942138672,624800,0.0,0.0,0.0
2020-05-05 00:00:00-04:00,231.74948356661832,235.42820680394033,231.55688356393574,232.68360900878906,899900,0.0,0.0,0.0
2020-05-06 00:00:00-04:00,234.64816027234963,236.62234330369657,233.2036382534769,234.3592529296875,712000,0.0,0.0,0.0
2020-05-07 00:00:00-04:00,237.8838835238176,239.89658062044464,237.5564473742656,238.57725524902344,812200,0.0,0.0,0.0
2020-05-08 00:00:00-04:00,241.09071807556845,242.4004185578496,239.3476492549974,242.11151123046875,774100,0.0,0.0,0.0
2020-05-11 00:00:00-04:00,240.55146708476343,245.24135928279577,240.12775290436463,243.77757263183594,1384000,0.0,0.0,0.0
2020-05-12 00:00:00-04:00,244.9620797931552,245.4821160348872,238.5387725830078,238.5387725830078,3595300,0.0,0.0,0.0
2020-05-13 00:00:00-04:00,238.9528304304822,240.52253432186234,231.2776024743918,234.3014678955078,1163500,0.0,0.0,0.0
2020-05-14 00:00:00-04:00,232.38506234676407,237.38311072075734,229.75603647229104,237.1230926513672,799800,0.0,0.0,0.0
2020-05-15 00:00:00-04:00,233.7910792775345,238.51947021484375,233.1458612016807,238.51947021484375,665300,0.0,0.0,0.0
2020-05-18 00:00:00-04:00,243.24789870531075,245.655435644936,242.63156983654426,244.26869201660156,900500,0.0,0.0,0.0
2020-05-19 00:00:00-04:00,244.6442311935824,247.4658717127454,243.5271453857422,243.5271453857422,709600,0.0,0.0,0.0
2020-05-20 00:00:00-04:00,247.04216176284385,249.58453469754565,246.73399000308424,249.10302734375,709000,0.0,0.0,0.0
2020-05-21 00:00:00-04:00,248.92964062893054,249.76745864917203,245.50131092031359,246.02134704589844,704800,0.0,0.0,0.0
2020-05-22 00:00:00-04:00,245.63612951878153,247.39843322276542,244.61532174748112,247.22509765625,521100,0.0,0.0,0.0
2020-05-26 00:00:00-04:00,252.21354146824672,252.21354146824672,246.96512904034356,247.39846801757812,763100,0.0,0.0,0.0
2020-05-27 00:00:00-04:00,247.25399310947472,248.8044324747,241.62999149588887,248.77554321289062,836700,0.0,0.0,0.0
2020-05-28 00:00:00-04:00,248.0628854040759,252.8394287847136,247.49471041267208,248.27474975585938,702500,0.0,0.0,0.0
2020-05-29 00:00:00-04:00,248.88151270409,252.02094992059756,247.0517907159362,251.37571716308594,738500,0.0,0.0,0.0
2020-06-01 00:00:00-04:00,250.36453386737583,252.7720702479376,249.50743680923733,252.1846160888672,1017600,0.0,0.0,0.0
2020-06-02 00:00:00-04:00,252.66615164501715,254.43809509277344,250.0563901452708,254.43809509277344,570700,0.0,0.0,0.0
2020-06-03 00:00:00-04:00,255.45900631847726,257.4620941946167,254.52488049108953,256.8072509765625,716600,0.0,0.0,0.0
2020-06-04 00:00:00-04:00,255.8826350742942,257.23084981533043,252.7046982283604,254.28402709960938,706400,0.0,0.0,0.0
2020-06-05 00:00:00-04:00,256.2100007424063,261.1406597609109,255.31440429405103,260.4280090332031,713800,0.0,0.0,0.0
2020-06-08 00:00:00-04:00,260.2065595140625,262.10369947231277,257.9916082765763,262.0266418457031,1388400,0.0,0.0,0.0
2020-06-09 00:00:00-04:00,260.6110788765473,264.03940945552483,260.32218617169923,262.6141662597656,638800,0.0,0.0,0.0
2020-06-10 00:00:00-04:00,264.6460355861331,268.46920466173117,263.9623034600979,266.52392578125,641200,0.0,0.0,0.0
2020-06-11 00:00:00-04:00,260.9384461333081,262.1037150412252,251.08682489153426,251.33718872070312,1338400,0.0,0.0,0.0
2020-06-12 00:00:00-04:00,258.63682034778816,259.416859768911,250.0563573265649,254.42845153808594,1116200,0.0,0.0,0.0
2020-06-15 00:00:00-04:00,249.58457107594361,258.5213476894229,249.04525572331767,257.5968322753906,745000,0.0,0.0,0.0
2020-06-16 00:00:00-04:00,264.09712638582374,265.1756980841475,259.0509390591486,263.0185546875,1103700,0.0,0.0,0.0
2020-06-17 00:00:00-04:00,265.0120175545467,265.368328291206,262.52742317161557,262.81634521484375,540400,0.0,0.0,0.0
2020-06-18 00:00:00-04:00,262.5370860783454,264.5401732896338,261.9496611659473,264.2512512207031,666800,0.0,0.0,0.0
2020-06-19 00:00:00-04:00,267.44850702890056,267.73739975180035,261.3622456294893,262.49859619140625,638100,0.0,0.0,0.0
2020-06-22 00:00:00-04:00,262.9570986986442,267.5910323252002,262.5612789926768,267.3593444824219,553300,0.675,0.0,0.0
2020-06-23 00:00:00-04:00,269.50258083654364,272.28295316265695,268.79782427301893,269.1164245605469,695300,0.0,0.0,0.0
2020-06-24 00:00:00-04:00,268.10274144661327,269.57017659810094,261.5090351327943,263.03436279296875,911600,0.0,0.0,0.0
2020-06-25 00:00:00-04:00,263.27558165755977,266.74138197152575,260.48557660870387,266.52899169921875,629900,0.0,0.0,0.0
2020-06-26 00:00:00-04:00,265.96918201113965,266.4711822021418,260.57256947598887,261.6055603027344,879700,0.0,0.0,0.0
2020-06-29 00:00:00-04:00,261.89516114641907,264.2700500488281,258.2073056529859,264.2700500488281,868600,0.0,0.0,0.0
2020-06-30 00:00:00-04:00,264.1446020048548,269.8405183971933,264.0673825230084,269.06817626953125,748400,0.0,0.0,0.0
2020-07-01 00:00:00-04:00,269.01025958555095,271.17278812371336,267.9290100473899,269.7053527832031,945600,0.0,0.0,0.0
2020-07-02 00:00:00-04:00,272.2057616872515,273.4994016889102,270.54526283431727,271.18243408203125,820600,0.0,0.0,0.0
2020-07-06 00:00:00-04:00,274.61915818250657,277.25472501585796,274.2909239460537,275.4687194824219,780700,0.0,0.0,0.0
2020-07-07 00:00:00-04:00,275.09225655056133,278.15257490333966,272.5918308559669,272.93939208984375,788000,0.0,0.0,0.0
2020-07-08 00:00:00-04:00,274.8219434347363,277.6795349121094,273.798586697997,277.6795349121094,566000,0.0,0.0,0.0
2020-07-09 00:00:00-04:00,279.9675094903124,280.0254314456744,274.5708979290048,278.79937744140625,602700,0.0,0.0,0.0
2020-07-10 00:00:00-04:00,278.20080607715573,278.61592320744523,275.41077114185276,278.25872802734375,583700,0.0,0.0,0.0
2020-07-13 00:00:00-04:00,280.6240114522958,282.3231342439211,271.27889502202106,271.9064025878906,1407500,0.0,0.0,0.0
2020-07-14 00:00:00-04:00,269.70531616771325,275.4784513717193,266.5870754161453,275.15985107421875,1042200,0.0,0.0,0.0
2020-07-15 00:00:00-04:00,277.8244039298373,278.8766924284984,273.3063130928779,276.8782958984375,850900,0.0,0.0,0.0
2020-07-16 00:00:00-04:00,273.9916939798877,274.65782603794577,271.259609763174,273.38348388671875,520200,0.0,0.0,0.0
2020-07-17 00:00:00-04:00,274.89916013448044,275.8066434765944,272.4373883956208,275.0053405761719,484700,0.0,0.0,0.0
2020-07-20 00:00:00-04:00,275.76805876765263,282.9024191296649,274.5323409796817,282.22662353515625,657300,0.0,0.0,0.0
2020-07-21 00:00:00-04:00,284.73662933804087,284.73662933804087,278.6352610326436,279.5041198730469,774300,0.0,0.0,0.0
2020-07-22 00:00:00-04:00,279.93857237732965,282.80582725949847,279.5717136542096,281.6087341308594,600900,0.0,0.0,0.0
2020-07-23 00:00:00-04:00,280.54681596187,282.3134948858863,273.37386088950177,274.6867980957031,1057500,0.0,0.0,0.0
2020-07-24 00:00:00-04:00,270.46797171177576,273.1035389753797,266.82840407694204,271.14373779296875,1299600,0.0,0.0,0.0
2020-07-27 00:00:00-04:00,272.8910559598445,276.0672173328868,272.47590940114145,275.7389831542969,698100,0.0,0.0,0.0
2020-07-28 00:00:00-04:00,275.2080959627371,275.8163060156764,272.3022165817303,272.447021484375,443300,0.0,0.0,0.0
2020-07-29 00:00:00-04:00,273.653757108751,277.6795098643186,273.653757108751,277.10992431640625,402700,0.0,0.0,0.0
2020-07-30 00:00:00-04:00,274.5226877852269,278.73187099257206,272.95873562360526,278.50018310546875,439200,0.0,0.0,0.0
2020-07-31 00:00:00-04:00,282.9796514308036,285.1131893062155,278.16228748194703,285.0552673339844,782100,0.0,0.0,0.0
2020-08-03 00:00:00-04:00,289.1195891449422,292.7494930300414,288.42449615216464,291.7261657714844,952700,0.0,0.0,0.0
2020-08-04 00:00:00-04:00,291.49454743044265,292.74956283188834,290.03677565562845,292.6820068359375,905700,0.0,0.0,0.0
2020-08-05 00:00:00-04:00,293.7439190305262,294.64176853087366,292.6337086048791,293.9659729003906,517700,0.0,0.0,0.0
2020-08-06 00:00:00-04:00,294.04320144660915,297.7986430755008,292.9040299994794,297.509033203125,553500,0.0,0.0,0.0
2020-08-07 00:00:00-04:00,296.5145955992233,296.5145955992233,290.2973831602732,292.70123291015625,1024000,0.0,0.0,0.0
2020-08-10 00:00:00-04:00,293.41564654683526,293.83076378440694,287.9031901425873,291.77447509765625,681900,0.0,0.0,0.0
2020-08-11 00:00:00-04:00,290.86696845783723,292.33437389431737,286.25233234401156,286.6095275878906,629100,0.0,0.0,0.0
2020-08-12 00:00:00-04:00,289.02306319892443,293.49289475758263,288.6562044459358,292.89434814453125,1068400,0.0,0.0,0.0
2020-08-13 00:00:00-04:00,293.24178394522346,295.8966478327934,292.4115497438772,293.608642578125,764100,0.0,0.0,0.0
2020-08-14 00:00:00-04:00,293.7149391194439,294.1011248616014,291.4945184112166,292.88470458984375,413200,0.0,0.0,0.0
2020-08-17 00:00:00-04:00,294.57417485133067,295.89677562718964,294.51625288025923,295.394775390625,408600,0.0,0.0,0.0
2020-08-18 00:00:00-04:00,296.1091530267115,297.1421439019261,293.89836635495215,296.2732849121094,411200,0.0,0.0,0.0
2020-08-19 00:00:00-04:00,296.8718273326346,298.3681939347905,295.4140557343934,295.80987548828125,434300,0.0,0.0,0.0
2020-08-20 00:00:00-04:00,294.9699679243381,300.173487600088,294.2748748725715,299.6231994628906,457800,0.0,0.0,0.0
2020-08-21 00:00:00-04:00,300.01903520922826,303.1759298244216,299.8163083180163,302.7414855957031,645400,0.0,0.0,0.0
2020-08-24 00:00:00-04:00,307.20161365939964,307.4043699858396,302.74144586702874,305.2032470703125,568200,0.0,0.0,0.0
2020-08-25 00:00:00-04:00,304.77857893325773,306.883156203194,303.9676122516738,306.6611022949219,513600,0.0,0.0,0.0
2020-08-26 00:00:00-04:00,309.7792426140478,313.8918784238288,309.36412542567155,313.0036926269531,638300,0.0,0.0,0.0
2020-08-27 00:00:00-04:00,314.40358086303104,315.32069829049925,310.1751006143901,312.8106384277344,682500,0.0,0.0,0.0
2020-08-28 00:00:00-04:00,314.21046260071836,316.7591172598413,313.97877475766126,315.83233642578125,747800,0.0,0.0,0.0
2020-08-31 00:00:00-04:00,316.9329919617721,318.89276402322747,315.2145712845443,316.7978210449219,643000,0.0,0.0,0.0
2020-09-01 00:00:00-04:00,320.302198003867,324.6561857254401,318.8347924224212,324.33758544921875,858800,0.0,0.0,0.0
2020-09-02 00:00:00-04:00,328.9522412013061,328.9522412013061,320.78491940330514,326.6545715332031,1136100,0.0,0.0,0.0
2020-09-03 00:00:00-04:00,321.24828630096505,321.24828630096505,304.9908641165138,307.3367919921875,2155100,0.0,0.0,0.0
2020-09-04 00:00:00-04:00,305.5411534614983,309.7406729516675,289.4381980469734,302.4518737792969,2330400,0.0,0.0,0.0
2020-09-08 00:00:00-04:00,291.8034972861442,298.3103214061795,288.8589926178142,289.2741394042969,2107500,0.0,0.0,0.0
2020-09-09 00:00:00-04:00,295.9835316529474,301.37050834711044,292.88458968224234,298.4067077636719,1211700,0.0,0.0,0.0
2020-09-10 00:00:00-04:00,302.6546377330939,303.31110643149816,290.52914646985715,292.1123962402344,1171500,0.0,0.0,0.0
2020-09-11 00:00:00-04:00,295.1575482338368,295.5639810514244,286.22600766755494,289.7676696777344,1249700,0.707,0.0,0.0
2020-09-14 00:00:00-04:00,294.53825988828305,297.33480001362994,293.34801976164914,295.93170166015625,720400,0.0,0.0,0.0
2020-09-15 00:00:00-04:00,300.6345996681029,300.9539461275717,297.02522278053897,299.16375732421875,774600,0.0,0.0,0.0
2020-09-16 00:00:00-04:00,300.3056115604213,300.6926722458684,294.5286414993412,294.6834716796875,673800,0.0,0.0,0.0
2020-09-17 00:00:00-04:00,287.92910510316267,293.7835041267834,287.4936729725212,292.04168701171875,893200,0.0,0.0,0.0
2020-09-18 00:00:00-04:00,292.8061945357764,292.86425216169226,284.1649400188621,287.7549743652344,1109500,0.0,0.0,0.0
2020-09-21 00:00:00-04:00,282.91661326200244,290.51280020999116,281.76508791357804,290.4063415527344,1370400,0.0,0.0,0.0
2020-09-22 00:00:00-04:00,293.78349792577313,295.78657427694293,288.69356368004674,295.2253112792969,819100,0.0,0.0,0.0
2020-09-23 00:00:00-04:00,295.09951845680285,295.39949265940993,285.4325411805837,286.40020751953125,745600,0.0,0.0,0.0
2020-09-24 00:00:00-04:00,283.28423518559106,290.79333315822225,283.1294050744124,287.28070068359375,728300,0.0,0.0,0.0
2020-09-25 00:00:00-04:00,287.6292007067218,295.2641040893554,285.93578421575813,294.51898193359375,647100,0.0,0.0,0.0
2020-09-28 00:00:00-04:00,299.15400977888476,299.9765319824219,296.9283892571535,299.9765319824219,668400,0.0,0.0,0.0
2020-09-29 00:00:00-04:00,299.8507737028352,301.0893854766719,298.75730597850406,299.154052734375,542700,0.0,0.0,0.0
2020-09-30 00:00:00-04:00,299.23144890602947,304.40843978439136,298.708900855783,301.3796691894531,731700,0.0,0.0,0.0
2020-10-01 00:00:00-04:00,305.38581900876505,305.95673860998716,303.29565615484194,305.13421630859375,701300,0.0,0.0,0.0
2020-10-02 00:00:00-04:00,298.0024891107212,303.00533660049143,296.9283937515183,298.10894775390625,1038500,0.0,0.0,0.0
2020-10-05 00:00:00-04:00,300.3733008755839,304.88262939453125,300.3733008755839,304.88262939453125,721400,0.0,0.0,0.0
2020-10-06 00:00:00-04:00,304.24398857179034,307.46630460765476,299.42499939217095,300.6829833984375,627500,0.0,0.0,0.0
2020-10-07 00:00:00-04:00,303.77949448450437,306.93409628019486,303.77949448450437,306.3728332519531,532900,0.0,0.0,0.0
2020-10-08 00:00:00-04:00,308.9855666915189,309.35328466138867,306.8954036502876,307.7179260253906,1188700,0.0,0.0,0.0
2020-10-09 00:00:00-04:00,309.440387501942,312.914306640625,309.29524343530795,312.914306640625,442500,0.0,0.0,0.0
2020-10-12 00:00:00-04:00,317.71386236432653,322.6779951938678,315.6721006520453,320.80072021484375,656000,0.0,0.0,0.0
2020-10-13 00:00:00-04:00,321.93290902877806,322.59091503625064,318.14933018956197,319.2427978515625,948300,0.0,0.0,0.0
2020-10-14 00:00:00-04:00,320.1911491671309,321.5458762205253,315.0237846056692,317.45263671875,1087200,0.0,0.0,0.0
2020-10-15 00:00:00-04:00,311.81119134535993,316.73661035646666,310.7467522741062,316.2527770996094,581800,0.0,0.0,0.0
2020-10-16 00:00:00-04:00,317.9461352378097,319.0686317317317,315.246337890625,315.246337890625,398500,0.0,0.0,0.0
2020-10-19 00:00:00-04:00,317.1912828085037,318.33312173214006,309.33383871173976,310.4272766113281,536700,0.0,0.0,0.0
2020-10-20 00:00:00-04:00,311.5208176254449,314.1141563282181,309.3629405878326,310.8240966796875,820700,0.0,0.0,0.0
2020-10-21 00:00:00-04:00,310.5047972414429,313.0303923550618,309.0726403471772,309.7113037109375,322000,0.0,0.0,0.0
2020-10-22 00:00:00-04:00,309.8177451141615,310.97892700382204,304.55363786136775,308.48236083984375,452200,0.0,0.0,0.0
2020-10-23 00:00:00-04:00,308.95655960080575,309.46942166567123,305.77292854034914,308.2985534667969,261400,0.0,0.0,0.0
2020-10-26 00:00:00-04:00,305.16325090842844,307.3598724582729,297.8864104695582,301.6409606933594,601200,0.0,0.0,0.0
2020-10-27 00:00:00-04:00,303.16015223398364,304.12781843451785,301.59253771405093,302.9956359863281,412100,0.0,0.0,0.0
2020-10-28 00:00:00-04:00,297.2864136714522,297.3735000864927,290.3192051599161,290.8998107910156,803300,0.0,0.0,0.0
2020-10-29 00:00:00-04:00,292.22555528247176,298.31218496958405,291.73206551869725,295.0221252441406,734800,0.0,0.0,0.0
2020-10-30 00:00:00-04:00,291.31588395066274,292.7964119855645,285.25831390547916,288.3548278808594,842500,0.0,0.0,0.0
2020-11-02 00:00:00-05:00,290.667622319967,292.6706987476084,285.8486332761122,288.954833984375,619200,0.0,0.0,0.0
2020-11-03 00:00:00-05:00,291.10311328759536,296.1737060565071,289.94193115389874,294.1899719238281,897200,0.0,0.0,0.0
2020-11-04 00:00:00-05:00,303.218233896532,307.88239244049305,299.97654596142775,305.8212585449219,919700,0.0,0.0,0.0
2020-11-05 00:00:00-05:00,313.5142690602262,316.1269804990232,312.6530612060584,315.5560607910156,930000,0.0,0.0,0.0
2020-11-06 00:00:00-05:00,314.8398896876558,317.76226078084943,310.8531093009792,317.0268249511719,489300,0.0,0.0,0.0
2020-11-09 00:00:00-05:00,325.37783692506326,325.37783692506326,313.17557742365614,313.71746826171875,905200,0.0,0.0,0.0
2020-11-10 00:00:00-05:00,310.47578888149184,312.7401248489719,304.40850129154194,307.2341003417969,1256600,0.0,0.0,0.0
2020-11-11 00:00:00-05:00,310.6692674977139,315.6721154828175,310.0983478992462,314.7431640625,683500,0.0,0.0,0.0
2020-11-12 00:00:00-05:00,315.0431518985186,316.5333368684925,310.9692551574505,312.29498291015625,372500,0.0,0.0,0.0
2020-11-13 00:00:00-05:00,314.53991984938114,315.3430994178091,311.7433795908857,314.7528076171875,313100,0.0,0.0,0.0
2020-11-16 00:00:00-05:00,315.70114476919497,318.36222721552537,313.91095612640606,317.849365234375,551500,0.0,0.0,0.0
2020-11-17 00:00:00-05:00,316.53333746640914,318.53641397356824,315.0334663798897,316.9300842285156,374200,0.0,0.0,0.0
2020-11-18 00:00:00-05:00,316.80428386956515,317.9074080946194,313.63031005859375,313.63031005859375,364700,0.0,0.0,0.0
2020-11-19 00:00:00-05:00,313.7464331506235,317.3461527162524,312.1691324669367,317.0655212402344,307500,0.0,0.0,0.0
2020-11-20 00:00:00-05:00,317.2592053345863,317.8785262271558,314.4046061509015,314.5207214355469,320100,0.0,0.0,0.0
2020-11-23 00:00:00-05:00,315.5075621658678,317.249379096636,312.07235886511086,314.7237548828125,413400,0.0,0.0,0.0
2020-11-24 00:00:00-05:00,316.0301325187018,319.0105612519081,313.4851654316507,318.458984375,475700,0.0,0.0,0.0
2020-11-25 00:00:00-05:00,319.6492454996478,320.65562687648577,318.3622621144553,319.9492492675781,317100,0.0,0.0,0.0
2020-11-27 00:00:00-05:00,321.7877416661728,323.29729864724453,321.5264528800599,322.3199462890625,217900,0.0,0.0,0.0
2020-11-30 00:00:00-05:00,322.4651296711799,324.65206510356256,318.16868865279724,324.487548828125,390300,0.0,0.0,0.0
2020-12-01 00:00:00-05:00,326.6358434507029,328.93889464438587,324.971455745836,327.177734375,718700,0.0,0.0,0.0
2020-12-02 00:00:00-05:00,325.9390807157263,327.10997839448385,323.33608510679596,326.7809753417969,363300,0.0,0.0,0.0
2020-12-03 00:00:00-05:00,327.3711914825396,329.248466512262,326.33578142917906,326.984130859375,288400,0.0,0.0,0.0
2020-12-04 00:00:00-05:00,327.7098670407301,330.6515808105469,327.100232557328,330.6515808105469,369300,0.0,0.0,0.0
2020-12-07 00:00:00-05:00,330.77740008857154,332.4514736299848,330.4483970487422,331.47412109375,448600,0.0,0.0,0.0
2020-12-08 00:00:00-05:00,331.37741618460603,334.0965567810704,330.2549194621294,332.97406005859375,416800,0.0,0.0,0.0
2020-12-09 00:00:00-05:00,333.06114373470956,333.7578648142203,324.8940358979936,326.142333984375,938200,0.0,0.0,0.0
2020-12-10 00:00:00-05:00,324.06181609207243,328.880775882499,323.3070079476263,327.5841064453125,796200,0.0,0.0,0.0
2020-12-11 00:00:00-05:00,325.61000672509226,327.0711922111676,323.277927520952,327.0034484863281,423800,0.0,0.0,0.0
2020-12-14 00:00:00-05:00,328.3871524365386,331.09663522608463,328.20332304650555,328.4065246582031,308600,0.0,0.0,0.0
2020-12-15 00:00:00-05:00,331.72572329155554,333.8642578125,330.17745111239043,333.8642578125,470100,0.0,0.0,0.0
2020-12-16 00:00:00-05:00,334.4158157087795,337.08658432742106,333.3223479908333,336.2930908203125,372900,0.0,0.0,0.0
2020-12-17 00:00:00-05:00,338.6395369048417,339.8321155130225,337.7377943213683,339.3570251464844,487300,0.69,0.0,0.0
2020-12-18 00:00:00-05:00,340.10358024276525,340.1423721856179,336.8845591359812,338.4455871582031,378000,0.0,0.0,0.0
2020-12-21 00:00:00-05:00,335.2556733813322,339.51219466391706,332.14329266289457,339.34735107421875,603600,0.0,0.0,0.0
2020-12-22 00:00:00-05:00,341.4513011952708,344.2728156392098,340.1229657496486,343.0123291015625,525000,0.0,0.0,0.0
2020-12-23 00:00:00-05:00,343.6910701563592,344.0691954217342,339.8417910541314,339.8902587890625,388700,0.0,0.0,0.0
2020-12-24 00:00:00-05:00,340.5883261613874,342.9153689589439,340.5883261613874,342.1493835449219,182400,0.0,0.0,0.0
2020-12-28 00:00:00-05:00,345.41696673844916,345.63998343238313,342.7312089756383,344.55401611328125,607600,0.0,0.0,0.0
2020-12-29 00:00:00-05:00,346.37683501332407,346.8131629952126,341.61613751338996,342.2754821777344,532800,0.0,0.0,0.0
2020-12-30 00:00:00-05:00,343.76867215969594,344.28255449752737,342.1106788945548,342.7312316894531,354500,0.0,0.0,0.0
2020-12-31 00:00:00-05:00,342.94447860890216,343.6134990198159,340.42353513483687,343.03173828125,411000,0.0,0.0,0.0
2021-01-04 00:00:00-05:00,344.5733534075928,344.7187861815029,332.71524141516255,337.33050537109375,810100,0.0,0.0,0.0
2021-01-05 00:00:00-05:00,336.49666514807393,340.24900851629513,336.45790279869044,340.1035461425781,446000,0.0,0.0,0.0
2021-01-06 00:00:00-05:00,335.5465089422859,340.71441817793794,333.43280675372023,334.4605712890625,780700,0.0,0.0,0.0
2021-01-07 00:00:00-05:00,337.9898657863219,344.7382137093518,337.94139805169397,343.98193359375,558400,0.0,0.0,0.0
2021-01-08 00:00:00-05:00,346.1441558528065,347.7633866320949,342.7505856973868,346.4931945800781,539600,0.0,0.0,0.0
2021-01-11 00:00:00-05:00,343.8655461607612,346.0956238885133,341.7033765145991,343.535888671875,664800,0.0,0.0,0.0
2021-01-12 00:00:00-05:00,343.5650016976802,344.11767587879683,339.58967117199035,343.03173828125,1820900,0.0,0.0,0.0
2021-01-13 00:00:00-05:00,343.32259383453703,346.0471431312207,342.7699196695524,344.7478942871094,484100,0.0,0.0,0.0
2021-01-14 00:00:00-05:00,345.68842746082703,346.7840704987199,342.1106327572571,342.5954284667969,418700,0.0,0.0,0.0
2021-01-15 00:00:00-05:00,342.19783960759236,343.8655377745422,338.1934229306409,338.9884948730469,519500,0.0,0.0,0.0
2021-01-19 00:00:00-05:00,341.3931059866531,343.86555199000173,340.2877576908455,343.2159423828125,503100,0.0,0.0,0.0
2021-01-20 00:00:00-05:00,345.94055426528007,350.6915466245094,345.94055426528007,349.7122497558594,495200,0.0,0.0,0.0
2021-01-21 00:00:00-05:00,351.79686717829907,354.68626046977204,349.6637836547709,353.76513671875,455600,0.0,0.0,0.0
2021-01-22 00:00:00-05:00,352.0101433811013,354.065701989441,351.3896202761841,352.7276611328125,461700,0.0,0.0,0.0
2021-01-25 00:00:00-05:00,356.9841591213134,358.28340806319915,346.5416702618574,355.1031494140625,784900,0.0,0.0,0.0
2021-01-26 00:00:00-05:00,356.4024043652792,356.76117804917055,353.299729546987,353.96875,793900,0.0,0.0,0.0
2021-01-27 00:00:00-05:00,352.10725047376286,352.9314094081565,343.7881659857058,346.86175537109375,1350900,0.0,0.0,0.0
2021-01-28 00:00:00-05:00,348.810528797378,353.9008839778818,347.6760937663063,348.7038879394531,469200,0.0,0.0,0.0
2021-01-29 00:00:00-05:00,347.0847122977332,348.1706501743661,338.6298722144782,340.6175231933594,990500,0.0,0.0,0.0
2021-02-01 00:00:00-05:00,344.6218343316646,350.63331232647425,342.2560291535456,349.1692199707031,697800,0.0,0.0,0.0
2021-02-02 00:00:00-05:00,353.02824987671033,355.607366662644,352.34952403161844,354.7347106933594,452000,0.0,0.0,0.0
2021-02-03 00:00:00-05:00,355.9564006766658,356.18909315095726,352.3398435838638,353.42578125,417200,0.0,0.0,0.0
2021-02-04 00:00:00-05:00,355.3455574107991,359.35968017578125,354.39537673684134,359.35968017578125,377600,0.0,0.0,0.0
2021-02-05 00:00:00-05:00,360.90138086126456,360.90138086126456,358.1962120547124,359.4276123046875,363400,0.0,0.0,0.0
2021-02-08 00:00:00-05:00,361.289144781203,363.59677706061404,360.68800284412913,363.5483093261719,406100,0.0,0.0,0.0
2021-02-09 00:00:00-05:00,362.5011208538752,364.9057181042967,362.5011208538752,363.6646423339844,554500,0.0,0.0,0.0
2021-02-10 00:00:00-05:00,365.3322908752511,365.74920800612034,359.94136595878086,363.01495361328125,392500,0.0,0.0,0.0
2021-02-11 00:00:00-05:00,365.2354615721215,367.1455582045721,363.7422822254861,366.9710388183594,555400,0.0,0.0,0.0
2021-02-12 00:00:00-05:00,366.25353164815925,369.210803863728,364.86702272330086,369.0362548828125,297200,0.0,0.0,0.0
2021-02-16 00:00:00-05:00,370.51000048035354,371.09176129175586,366.1468387792123,367.6109313964844,424700,0.0,0.0,0.0
2021-02-17 00:00:00-05:00,364.3240167848313,364.56641466692366,359.71845702507625,363.67437744140625,445000,0.0,0.0,0.0
2021-02-18 00:00:00-05:00,359.76689892950935,362.67567330572825,357.2847471623025,362.00665283203125,364100,0.0,0.0,0.0
2021-02-19 00:00:00-05:00,364.1979513969641,364.88635307102334,360.73650266991484,362.4429931640625,301900,0.0,0.0,0.0
2021-02-22 00:00:00-05:00,357.8277132895704,358.8167155072934,353.35791090178816,353.61968994140625,488600,0.0,0.0,0.0
2021-02-23 00:00:00-05:00,347.1137228533005,353.7263433342959,339.65756258462034,351.6029357910156,1148900,0.0,0.0,0.0
2021-02-24 00:00:00-05:00,349.6928745773302,356.82905382732037,345.95023599393323,356.44122314453125,671100,0.0,0.0,0.0
2021-02-25 00:00:00-05:00,353.85242397634113,356.1212644985019,341.9361363510553,343.206298828125,675900,0.0,0.0,0.0
2021-02-26 00:00:00-05:00,346.6677156111505,350.6624274237309,341.7809666958631,345.6593322753906,659700,0.0,0.0,0.0
2021-03-01 00:00:00-05:00,351.47685110909424,357.4398317686156,349.9352044715307,357.06170654296875,668000,0.0,0.0,0.0
2021-03-02 00:00:00-05:00,357.95378308974944,358.33193797798367,350.50732746664704,350.7497253417969,442200,0.0,0.0,0.0
2021-03-03 00:00:00-05:00,349.82852333953264,350.4878679005586,340.6949900168139,341.1216125488281,555000,0.0,0.0,0.0
2021-03-04 00:00:00-05:00,340.0163266003111,342.28516706935767,328.1679177577905,332.4244384765625,1144300,0.0,0.0,0.0
2021-03-05 00:00:00-05:00,336.59361390225314,338.7073158349124,325.39484622224705,337.80560302734375,1013400,0.0,0.0,0.0
2021-03-08 00:00:00-05:00,337.3790456745005,339.49277760514065,328.807860476536,329.08905029296875,776600,0.0,0.0,0.0
2021-03-09 00:00:00-05:00,337.8056551968428,343.82680981509674,337.0978723758125,341.68402099609375,1076600,0.0,0.0,0.0
2021-03-10 00:00:00-05:00,346.1538330621026,346.1538330621026,339.98721640929745,340.2296142578125,643700,0.0,0.0,0.0
2021-03-11 00:00:00-05:00,345.3490875134294,350.4879401300556,345.3490875134294,348.6360168457031,538500,0.0,0.0,0.0
2021-03-12 00:00:00-05:00,344.4473553413839,346.134434960104,341.9554982659859,346.0956726074219,401500,0.0,0.0,0.0
2021-03-15 00:00:00-04:00,346.4544552468282,350.4394622625591,345.2521416195287,350.3619079589844,442500,0.0,0.0,0.0
2021-03-16 00:00:00-04:00,352.87314850687267,355.9079747706268,350.23585832647655,352.242919921875,642500,0.0,0.0,0.0
2021-03-17 00:00:00-04:00,349.0625880461818,354.22079149080434,346.1344032598353,352.3494873046875,575700,0.0,0.0,0.0
2021-03-18 00:00:00-04:00,347.3367348420563,348.10269073687107,340.60776821763255,341.05377197265625,481800,0.0,0.0,0.0
2021-03-19 00:00:00-04:00,341.4028032845438,343.26443173543254,338.3873883251038,340.85015869140625,405500,0.0,0.0,0.0
2021-03-22 00:00:00-04:00,342.2851970827226,348.8202642268513,342.13005888453705,347.0749816894531,880600,0.0,0.0,0.0
2021-03-23 00:00:00-04:00,348.02518197126125,349.2759633150436,343.4875007667852,344.45709228515625,302500,0.0,0.0,0.0
2021-03-24 00:00:00-04:00,346.522279278016,346.56104162891666,339.1727600097656,339.1727600097656,364100,0.0,0.0,0.0
2021-03-25 00:00:00-04:00,337.24330481049674,340.3168931329114,334.31511969789733,339.2503662109375,438000,0.0,0.0,0.0
2021-03-26 00:00:00-04:00,339.28820973500063,347.70971971804113,339.0842371402597,347.3406066894531,366600,0.629,0.0,0.0
2021-03-29 00:00:00-04:00,346.53439491336377,347.47659352554126,342.74615474215636,344.7276916503906,431500,0.0,0.0,0.0
2021-03-30 00:00:00-04:00,342.5130973826399,343.13476774348754,339.5019445633922,342.542236328125,282100,0.0,0.0,0.0
2021-03-31 00:00:00-04:00,344.8443007340305,350.57521689746585,344.8443007340305,348.21484375,437500,0.0,0.0,0.0
2021-04-01 00:00:00-04:00,352.82870608673375,355.60674739723294,352.5955945182268,355.48046875,405700,0.0,0.0,0.0
2021-04-05 00:00:00-04:00,358.07395537230457,362.4546683818113,357.2483123724075,361.7747497558594,531900,0.0,0.0,0.0
2021-04-06 00:00:00-04:00,361.3375968305979,363.29968816345917,359.61833990420877,361.1239013671875,260900,0.0,0.0,0.0
2021-04-07 00:00:00-04:00,360.90052972517697,363.09576252936324,359.4921077711786,362.425537109375,257600,0.0,0.0,0.0
2021-04-08 00:00:00-04:00,365.6017903500716,367.94268798828125,365.2132315778587,367.94268798828125,421100,0.0,0.0,0.0
2021-04-09 00:00:00-04:00,366.53431226752224,371.15785988080074,365.66011420588933,371.0024719238281,321600,0.0,0.0,0.0
2021-04-12 00:00:00-04:00,369.9727827899171,370.91495177954283,367.67068783952305,369.77850341796875,362200,0.0,0.0,0.0
2021-04-13 00:00:00-04:00,371.12873111746217,373.9650505174997,370.73050870783766,373.7610778808594,441600,0.0,0.0,0.0
2021-04-14 00:00:00-04:00,373.96494278936217,374.43119546738933,368.97225374016887,369.7104797363281,491900,0.0,0.0,0.0
2021-04-15 00:00:00-04:00,373.3529561717938,376.2184133932978,373.3529561717938,375.9949951171875,417400,0.0,0.0,0.0
2021-04-16 00:00:00-04:00,376.91788367830605,376.91788367830605,373.96500881518926,375.41229248046875,322600,0.0,0.0,0.0
2021-04-19 00:00:00-04:00,373.780449251903,375.5677070210931,369.6522641231403,371.8669128417969,369300,0.0,0.0,0.0
2021-04-20 00:00:00-04:00,371.1092667101703,372.69255185035763,366.07774470902586,368.0981140136719,481300,0.0,0.0,0.0
2021-04-21 00:00:00-04:00,367.2918702884468,372.16797408833014,366.5633671303816,371.9737243652344,655600,0.0,0.0,0.0
2021-04-22 00:00:00-04:00,371.5366232239573,373.95524430510847,366.79649110506426,368.5157775878906,590000,0.0,0.0,0.0
2021-04-23 00:00:00-04:00,369.14719627399285,375.24719598417477,369.14719627399285,373.8873291015625,229700,0.0,0.0,0.0
2021-04-26 00:00:00-04:00,373.9940807675549,377.1217887394669,373.9940807675549,376.9178161621094,436600,0.0,0.0,0.0
2021-04-27 00:00:00-04:00,377.56861582504683,377.5880615477442,374.51863129142777,375.5968017578125,451600,0.0,0.0,0.0
2021-04-28 00:00:00-04:00,374.29527482407576,374.44096955402875,372.0223481081838,372.62457275390625,387100,0.0,0.0,0.0
2021-04-29 00:00:00-04:00,375.71338084624233,375.71338084624233,367.68042937275106,371.4783630371094,400000,0.0,0.0,0.0
2021-04-30 00:00:00-04:00,367.6706866472072,369.710501474569,365.32006632575434,366.135986328125,370600,0.0,0.0,0.0
2021-05-03 00:00:00-04:00,367.8456048254991,368.59352419521986,363.7562516991682,364.6693115234375,526500,0.0,0.0,0.0
2021-05-04 00:00:00-04:00,361.6484548961442,361.6484548961442,353.1783890760884,357.2774353027344,736400,0.0,0.0,0.0
2021-05-05 00:00:00-04:00,359.92913327868405,360.405108856472,355.56783697123075,356.20892333984375,205900,0.0,0.0,0.0
2021-05-06 00:00:00-04:00,355.9078359289874,358.54015269032874,352.41101442076535,358.3847351074219,486200,0.0,0.0,0.0
2021-05-07 00:00:00-04:00,362.0661071162896,364.2516168171927,360.4051280436075,361.8232727050781,304700,0.0,0.0,0.0
2021-05-10 00:00:00-04:00,360.3954183449971,360.3954183449971,352.36246640014986,352.46929931640625,449700,0.0,0.0,0.0
2021-05-11 00:00:00-04:00,345.3203414417304,352.9744887285797,344.1353080347378,352.1585388183594,806000,0.0,0.0,0.0
2021-05-12 00:00:00-04:00,346.61207627631177,348.6518909921578,340.92974586890796,341.79425048828125,851300,0.0,0.0,0.0
2021-05-13 00:00:00-04:00,345.3008210600879,348.92392126409953,342.8530607872611,345.6796569824219,499000,0.0,0.0,0.0
2021-05-14 00:00:00-04:00,349.7106739465654,354.81019633204573,348.7101974071289,353.6834411621094,329200,0.0,0.0,0.0
2021-05-17 00:00:00-04:00,351.750506408161,351.8962011264531,347.67087643874777,351.0220031738281,335700,0.0,0.0,0.0
2021-05-18 00:00:00-04:00,352.4207034295003,353.49887390107665,348.5644920999913,348.71990966796875,392700,0.0,0.0,0.0
2021-05-19 00:00:00-04:00,342.94045082228536,350.0895109754492,342.59078351472306,349.94378662109375,336000,0.0,0.0,0.0
2021-05-20 00:00:00-04:00,351.41050291335085,358.0447254362922,351.216223543295,356.8694152832031,312300,0.0,0.0,0.0
2021-05-21 00:00:00-04:00,358.8509216479148,359.49200794304744,354.868432043958,355.15985107421875,272200,0.0,0.0,0.0
2021-05-24 00:00:00-04:00,358.00590461165075,362.61975818929534,357.9670428078351,361.33758544921875,738700,0.0,0.0,0.0
2021-05-25 00:00:00-04:00,362.97923111942873,363.6397337205403,360.70630418533716,361.4542236328125,267200,0.0,0.0,0.0
2021-05-26 00:00:00-04:00,362.34776451198996,363.2802402511338,360.95872930009614,362.1632080078125,259100,0.0,0.0,0.0
2021-05-27 00:00:00-04:00,361.7941388138445,363.13458952531056,360.4925499087193,360.63824462890625,237500,0.0,0.0,0.0
2021-05-28 00:00:00-04:00,362.1438124873835,363.82423733731036,361.4347549557592,361.6095886230469,225300,0.0,0.0,0.0
2021-06-01 00:00:00-04:00,363.2608286934137,363.7367746086013,359.0937822916018,359.9873962402344,441300,0.0,0.0,0.0
2021-06-02 00:00:00-04:00,360.76456770444406,363.40660764646793,359.9874796962744,362.0370178222656,376100,0.0,0.0,0.0
2021-06-03 00:00:00-04:00,359.0063748682304,360.29824080450635,356.23805684150153,358.16131591796875,385800,0.0,0.0,0.0
2021-06-04 00:00:00-04:00,360.57991578848504,365.41718731526447,360.57991578848504,364.9315185546875,342500,0.0,0.0,0.0
2021-06-07 00:00:00-04:00,364.69835850908515,365.6308638239751,363.7561599766363,365.43658447265625,504800,0.0,0.0,0.0
2021-06-08 00:00:00-04:00,367.350208810438,369.08891160137546,364.55275147881497,366.0777587890625,232800,0.0,0.0,0.0
2021-06-09 00:00:00-04:00,367.8358515019121,368.2632424328956,365.7960365391038,365.8834533691406,182800,0.0,0.0,0.0
2021-06-10 00:00:00-04:00,366.5148147861929,369.4094115942462,365.6212007668422,369.1763000488281,367800,0.0,0.0,0.0
2021-06-11 00:00:00-04:00,369.5260081502452,371.55610046330725,369.07920109125735,371.4395446777344,277400,0.0,0.0,0.0
2021-06-14 00:00:00-04:00,372.06122855479896,375.5386047363281,370.9344731819281,375.5386047363281,302500,0.0,0.0,0.0
2021-06-15 00:00:00-04:00,375.41228658613977,375.41228658613977,372.1291605187364,372.9548034667969,305200,0.0,0.0,0.0
2021-06-16 00:00:00-04:00,373.28505134700094,374.4603912599372,367.40847035381154,371.3909606933594,554300,0.0,0.0,0.0
2021-06-17 00:00:00-04:00,370.079627491383,377.62691001052167,369.8950709750101,376.17962646484375,1414200,0.0,0.0,0.0
2021-06-18 00:00:00-04:00,374.26613443260476,375.90769755044363,372.4011826106589,373.16851806640625,918500,0.0,0.0,0.0
2021-06-21 00:00:00-04:00,373.2850162318571,376.6944205877094,370.44872712793546,376.4904479980469,585900,0.0,0.0,0.0
2021-06-22 00:00:00-04:00,376.4224733732222,380.2495460353707,375.89794274910935,380.1038513183594,339600,0.0,0.0,0.0
2021-06-23 00:00:00-04:00,380.12334055612644,381.31809675129966,379.2297263578956,379.8416442871094,256400,0.0,0.0,0.0
2021-06-24 00:00:00-04:00,382.4544404309576,383.8066400565767,381.67621611845254,382.4447326660156,348100,0.586,0.0,0.0
2021-06-25 00:00:00-04:00,383.2521624656594,383.2813451369319,381.3843824421493,382.357177734375,285400,0.0,0.0,0.0
2021-06-28 00:00:00-04:00,383.7677170816701,386.8806736832566,383.7677170816701,386.43316650390625,440300,0.0,0.0,0.0
2021-06-29 00:00:00-04:00,386.5012603051047,389.2834700272561,385.8202917870482,389.1958923339844,779400,0.0,0.0,0.0
2021-06-30 00:00:00-04:00,388.64145853126564,388.94302269829035,386.9585119803241,387.92156982421875,500400,0.0,0.0,0.0
2021-07-01 00:00:00-04:00,387.5325457836205,388.46642116850614,385.5869547474802,388.0481262207031,432700,0.0,0.0,0.0
2021-07-02 00:00:00-04:00,390.27573944168,393.09683980669246,389.91580993927107,392.7271728515625,379600,0.0,0.0,0.0
2021-07-06 00:00:00-04:00,393.5249600045347,396.16122748084143,390.81085226378417,394.6728515625,401100,0.0,0.0,0.0
2021-07-07 00:00:00-04:00,397.3576431753127,397.7273100888638,393.1065330441797,396.1902770996094,1085900,0.0,0.0,0.0
2021-07-08 00:00:00-04:00,389.34190985397817,393.51518070461077,387.4449469674293,392.328369140625,561300,0.0,0.0,0.0
2021-07-09 00:00:00-04:00,392.17272946816723,396.41410292065024,391.43339550632385,396.0346984863281,286800,0.0,0.0,0.0
2021-07-12 00:00:00-04:00,397.873307034254,398.01922040254055,394.8090075508018,395.9958190917969,1240600,0.0,0.0,0.0
2021-07-13 00:00:00-04:00,395.285682150533,399.9064603341645,394.7214738768647,396.8518981933594,1363900,0.0,0.0,0.0
2021-07-14 00:00:00-04:00,399.9648513828695,401.54077529362115,397.27995607421775,398.5737609863281,394400,0.0,0.0,0.0
2021-07-15 00:00:00-04:00,398.1359273535753,398.1359273535753,392.5715369716748,394.9451599121094,493300,0.0,0.0,0.0
2021-07-16 00:00:00-04:00,396.29735202989724,397.72736230105164,390.869137658839,391.3360900878906,415400,0.0,0.0,0.0
2021-07-19 00:00:00-04:00,386.45271943644826,388.09674607713885,383.7094292172339,386.5986328125,733100,0.0,0.0,0.0
2021-07-20 00:00:00-04:00,388.56362940113075,395.13973529573855,386.2872919039259,392.8828430175781,908900,0.0,0.0,0.0
2021-07-21 00:00:00-04:00,393.08723476492344,396.9784171825374,392.22146211443453,396.890869140625,1478600,0.0,0.0,0.0
2021-07-22 00:00:00-04:00,397.60089320728525,400.0231439860778,397.60089320728525,399.52703857421875,326400,0.0,0.0,0.0
2021-07-23 00:00:00-04:00,401.7838864306488,403.85594507840676,400.2274377690543,403.4473876953125,430100,0.0,0.0,0.0
2021-07-26 00:00:00-04:00,402.6983505387523,404.09917820300984,401.2780776551482,403.544677734375,316900,0.0,0.0,0.0
2021-07-27 00:00:00-04:00,402.9318628819844,402.9318628819844,393.7291971069732,399.1476745605469,1685100,0.0,0.0,0.0
2021-07-28 00:00:00-04:00,399.24493908653767,401.1321644212901,395.57751134186816,399.5659484863281,367600,0.0,0.0,0.0
2021-07-29 00:00:00-04:00,399.53675448047704,402.96101298035177,398.9822837147488,401.54071044921875,596900,0.0,0.0,0.0
2021-07-30 00:00:00-04:00,398.63208605246194,401.521289492635,398.36944198966756,400.9959716796875,257100,0.0,0.0,0.0
2021-08-02 00:00:00-04:00,402.8054092394586,403.71010186083083,399.6438241044039,400.0037536621094,461000,0.0,0.0,0.0
2021-08-03 00:00:00-04:00,400.91819602701975,402.39683443267404,397.6495878574664,402.2314758300781,294000,0.0,0.0,0.0
2021-08-04 00:00:00-04:00,402.2217134311308,404.19648689682674,400.8500683607667,403.2334289550781,380100,0.0,0.0,0.0
2021-08-05 00:00:00-04:00,404.18673636258075,405.96696850394824,403.0096622843851,405.7821350097656,198400,0.0,0.0,0.0
2021-08-06 00:00:00-04:00,404.4104768383175,405.65565367649685,403.71006301138175,405.1498107910156,233000,0.0,0.0,0.0
2021-08-09 00:00:00-04:00,405.5778648925635,405.9766848754548,403.36960036916145,404.1575622558594,223700,0.0,0.0,0.0
2021-08-10 00:00:00-04:00,404.99417512552327,405.5583833770755,400.1204608271375,401.1127014160156,381500,0.0,0.0,0.0
2021-08-11 00:00:00-04:00,402.7372856326632,403.1263978455612,398.5250947173489,400.76251220703125,1202500,0.0,0.0,0.0
2021-08-12 00:00:00-04:00,400.30532519197266,403.204266302441,398.7294013227256,402.931884765625,219000,0.0,0.0,0.0
2021-08-13 00:00:00-04:00,403.2237079445382,405.03309320432,402.69839009699865,404.7607116699219,204300,0.0,0.0,0.0
2021-08-16 00:00:00-04:00,403.5544373845582,405.5583935197201,399.6729932653378,405.509765625,305900,0.0,0.0,0.0
2021-08-17 00:00:00-04:00,403.08746880863686,403.5933413928459,399.37141311713464,402.0466003417969,374900,0.0,0.0,0.0
2021-08-18 00:00:00-04:00,401.20027894031426,402.7664652336714,396.5308433590862,396.9102478027344,332200,0.0,0.0,0.0
2021-08-19 00:00:00-04:00,394.55606104543244,401.52127928922573,394.0988460450588,399.8966979980469,408800,0.0,0.0,0.0
2021-08-20 00:00:00-04:00,401.618610454716,405.33469622629985,400.7722831569041,404.9552917480469,447400,0.0,0.0,0.0
2021-08-23 00:00:00-04:00,406.39503730866727,411.1325464073787,406.39503730866727,410.6461486816406,378800,0.0,0.0,0.0
2021-08-24 00:00:00-04:00,411.5313310129734,412.4749436391484,410.81144230534034,411.2297668457031,329900,0.0,0.0,0.0
2021-08-25 00:00:00-04:00,411.9885992530774,413.165673402899,410.4321206382069,411.2590026855469,457100,0.0,0.0,0.0
2021-08-26 00:00:00-04:00,410.95741455514315,411.93991768814885,408.36977531712614,408.846435546875,248200,0.0,0.0,0.0
2021-08-27 00:00:00-04:00,409.4982466201573,413.8855338058391,409.01184890695475,413.5256042480469,232400,0.0,0.0,0.0
2021-08-30 00:00:00-04:00,414.5956534202282,418.16579573694406,414.5956534202282,417.62103271484375,372900,0.0,0.0,0.0
2021-08-31 00:00:00-04:00,417.57235651523985,417.69882464633946,414.46913732654474,415.072265625,1792100,0.0,0.0,0.0
2021-09-01 00:00:00-04:00,416.49264772699354,418.2144849426932,415.0528998097917,415.3447265625,538100,0.0,0.0,0.0
2021-09-02 00:00:00-04:00,417.09569009964025,417.6404530505588,413.78816258532237,415.6656799316406,322600,0.0,0.0,0.0
2021-09-03 00:00:00-04:00,415.18909252175445,418.535511295817,414.7124322439351,417.66973876953125,259800,0.0,0.0,0.0
2021-09-07 00:00:00-04:00,418.0879982802802,418.57439597150335,415.5100964542693,417.23193359375,404500,0.0,0.0,0.0
2021-09-08 00:00:00-04:00,417.22229706581385,417.23200483389166,412.06646284610173,414.80975341796875,364400,0.0,0.0,0.0
2021-09-09 00:00:00-04:00,415.0626864409828,416.59969033295266,413.3311115659143,413.4575500488281,245500,0.0,0.0,0.0
2021-09-10 00:00:00-04:00,415.8311548854721,416.81368783751697,408.9632210508101,409.3231506347656,380500,0.0,0.0,0.0
2021-09-13 00:00:00-04:00,412.14421194842964,413.0780871559982,406.68681469083606,409.3522644042969,1192200,0.0,0.0,0.0
2021-09-14 00:00:00-04:00,411.1519581755633,412.01776030686455,407.679071571398,408.8367004394531,1630700,0.0,0.0,0.0
2021-09-15 00:00:00-04:00,409.7025107818425,412.5819768291722,407.5137211502451,412.32904052734375,301800,0.0,0.0,0.0
2021-09-16 00:00:00-04:00,410.79203512279486,413.4574849850882,408.92425491600767,413.0197448730469,245400,0.0,0.0,0.0
2021-09-17 00:00:00-04:00,412.31935499804047,412.31935499804047,406.58957558126343,407.4748229980469,328900,0.0,0.0,0.0
2021-09-20 00:00:00-04:00,400.59705257230996,403.1555087052304,394.31280387571303,399.6631774902344,2279200,0.0,0.0,0.0
2021-09-21 00:00:00-04:00,402.16336638661517,402.97077353932366,398.2430019511657,399.8675537109375,342200,0.0,0.0,0.0
2021-09-22 00:00:00-04:00,401.9882390269411,407.0856772352818,400.45120572661824,405.7821350097656,327200,0.0,0.0,0.0
2021-09-23 00:00:00-04:00,407.8347448856104,412.02749079657184,406.4533920056484,411.0255126953125,356500,0.0,0.0,0.0
2021-09-24 00:00:00-04:00,408.30162660386463,411.74533012735515,407.83467419288706,411.0643615722656,1653600,0.0,0.0,0.0
2021-09-27 00:00:00-04:00,407.6499150439117,408.34062117746157,404.4688846598315,407.0370788574219,376200,0.0,0.0,0.0
2021-09-28 00:00:00-04:00,401.65745787835306,402.4648648992597,394.1085569967804,394.3128356933594,1449000,0.0,0.0,0.0
2021-09-29 00:00:00-04:00,396.3182927491434,397.8781549356235,392.8670366690048,393.4129943847656,688300,0.887,0.0,0.0
2021-09-30 00:00:00-04:00,395.73338418233755,397.61498977506346,391.2292175292969,391.2292175292969,463000,0.0,0.0,0.0
2021-10-01 00:00:00-04:00,393.03280882465293,397.80019516246335,388.68460497577075,396.6595153808594,687100,0.0,0.0,0.0
2021-10-04 00:00:00-04:00,394.86563349683803,394.86563349683803,384.1804226765808,387.0369567871094,873700,0.0,0.0,0.0
2021-10-05 00:00:00-04:00,388.294605165957,394.8461272828224,387.9631329750769,392.623291015625,475800,0.0,0.0,0.0
2021-10-06 00:00:00-04:00,388.5773688955864,395.6943370503283,387.26120909917114,395.3336181640625,1894200,0.0,0.0,0.0
2021-10-07 00:00:00-04:00,399.15537875104286,402.7431097415353,398.6874021969698,399.5843200683594,1655900,0.0,0.0,0.0
2021-10-08 00:00:00-04:00,401.30018740167566,401.30018740167566,397.2639976459257,397.70269775390625,249000,0.0,0.0,0.0
2021-10-11 00:00:00-04:00,395.83087877939045,400.81275100817226,395.33365553647104,395.4798889160156,257100,0.0,0.0,0.0
2021-10-12 00:00:00-04:00,397.54674372746615,397.77098808359807,393.8127791608068,394.5439758300781,227300,0.0,0.0,0.0
2021-10-13 00:00:00-04:00,396.57185125175204,398.141502383877,394.7584976266263,397.8587646484375,608100,0.0,0.0,0.0
2021-10-14 00:00:00-04:00,402.1971590869293,406.75981899811194,401.7194237152151,406.4770812988281,595700,0.0,0.0,0.0
2021-10-15 00:00:00-04:00,408.2514309703494,409.4700919583206,406.9840354438456,409.3335876464844,397500,0.0,0.0,0.0
2021-10-18 00:00:00-04:00,407.2569367623244,413.3404817350163,406.4672469726946,413.1552429199219,333600,0.0,0.0,0.0
2021-10-19 00:00:00-04:00,414.41300011315735,417.41576778372433,413.37957794551335,416.9575500488281,370900,0.0,0.0,0.0
2021-10-20 00:00:00-04:00,417.5230296835531,418.1859741464512,414.23752429135703,416.14837646484375,711800,0.0,0.0,0.0
2021-10-21 00:00:00-04:00,415.04672080069474,418.25424512198725,413.8865530621946,417.9422607421875,411200,0.0,0.0,0.0
2021-10-22 00:00:00-04:00,417.54253045847537,419.5703693937019,414.56900934011026,416.1678771972656,274700,0.0,0.0,0.0
2021-10-25 00:00:00-04:00,417.7959623944298,419.4728409845135,416.18733595540186,418.11767578125,267000,0.0,0.0,0.0
2021-10-26 00:00:00-04:00,420.935212015975,422.35859954326924,418.19566483388854,418.6733703613281,376200,0.0,0.0,0.0
2021-10-27 00:00:00-04:00,419.2583369957697,420.47699784320565,416.9964953223377,417.093994140625,289400,0.0,0.0,0.0
2021-10-28 00:00:00-04:00,419.01466895282584,421.98818997465617,418.6051857543362,421.3544921875,260900,0.0,0.0,0.0
2021-10-29 00:00:00-04:00,417.35729066643233,423.5383360471999,417.07455296731735,423.2751159667969,282400,0.0,0.0,0.0
2021-11-01 00:00:00-04:00,423.48963771117997,423.9673433709823,421.12056752760867,423.7821044921875,373000,0.0,0.0,0.0
2021-11-02 00:00:00-04:00,424.21098278119575,427.5647399810818,424.21098278119575,426.67755126953125,318400,0.0,0.0,0.0
2021-11-03 00:00:00-04:00,427.0871214395219,429.97290272766946,425.04952355597584,429.25146484375,303500,0.0,0.0,0.0
2021-11-04 00:00:00-04:00,430.87947073701076,436.3195894284325,430.23601423843064,435.3836364746094,308000,0.0,0.0,0.0
2021-11-05 00:00:00-04:00,438.38648029138847,440.0243535068245,434.27227963555345,436.8558349609375,350800,0.0,0.0,0.0
2021-11-08 00:00:00-05:00,438.7179256052698,440.86278069810317,437.99648787061835,439.9853210449219,330000,0.0,0.0,0.0
2021-11-09 00:00:00-05:00,440.97001386171746,441.53548918954345,436.3488611774105,438.8154296875,355500,0.0,0.0,0.0
2021-11-10 00:00:00-05:00,435.3544421598643,437.6552895908007,429.1344214304973,430.6163024902344,1600700,0.0,0.0,0.0
2021-11-11 00:00:00-05:00,433.96025374840497,434.1552513873972,432.4393673721459,432.9463195800781,270800,0.0,0.0,0.0
2021-11-12 00:00:00-05:00,434.3112913810032,438.8056988558788,433.7263281520642,438.13299560546875,366500,0.0,0.0,0.0
2021-11-15 00:00:00-05:00,439.6343965865355,440.19984220090953,435.1887236272621,437.54803466796875,409700,0.0,0.0,0.0
2021-11-16 00:00:00-05:00,437.1288463660092,442.7249284781691,436.5731297775457,442.1107482910156,314200,0.0,0.0,0.0
2021-11-17 00:00:00-05:00,441.5062328954491,442.9101327184197,439.4491474514575,440.24859619140625,1273700,0.0,0.0,0.0
2021-11-18 00:00:00-05:00,443.0076920584761,444.08987862304787,438.8545151213211,443.41717529296875,443700,0.0,0.0,0.0
2021-11-19 00:00:00-05:00,445.3377269551118,447.90179441386266,443.7875937610021,446.00067138671875,1182300,0.0,0.0,0.0
2021-11-22 00:00:00-05:00,447.43384698407704,452.0550001935407,439.0494529575968,439.3419494628906,879800,0.0,0.0,0.0
2021-11-23 00:00:00-05:00,437.4017787645799,439.3419072133135,431.6497050765596,437.3335266113281,1359400,0.0,0.0,0.0
2021-11-24 00:00:00-05:00,434.9352503421624,441.14554230687145,432.47844037059195,440.9700622558594,437100,0.0,0.0,0.0
2021-11-26 00:00:00-05:00,435.3349621007306,438.4839928806606,429.2026515303265,431.0355224609375,565200,0.0,0.0,0.0
2021-11-29 00:00:00-05:00,436.69985561973476,442.0912107600105,435.25698001954925,440.8140563964844,589300,0.0,0.0,0.0
2021-11-30 00:00:00-05:00,439.36142110357804,442.8711707702205,432.722158287393,436.46588134765625,675900,0.0,0.0,0.0
2021-12-01 00:00:00-05:00,440.22906300157604,443.53408572904317,428.18871680012217,428.50067138671875,561400,0.0,0.0,0.0
2021-12-02 00:00:00-05:00,424.74727545515304,435.10101533245734,423.98683212383884,433.1121520996094,837100,0.0,0.0,0.0
2021-12-03 00:00:00-05:00,434.4673291178796,435.22777246950204,419.9408647112309,425.0690002441406,1024500,0.0,0.0,0.0
2021-12-06 00:00:00-05:00,425.8488971637635,429.82662341531,420.4282952985396,428.6859436035156,522700,0.0,0.0,0.0
2021-12-07 00:00:00-05:00,437.2263103715355,445.0354994061007,437.2263103715355,444.1872863769531,505000,0.0,0.0,0.0
2021-12-08 00:00:00-05:00,444.58702499990227,447.4825647542329,441.42826517789297,447.1510925292969,323800,0.0,0.0,0.0
2021-12-09 00:00:00-05:00,446.2151968190279,449.05224340056964,440.98956260538154,441.3503112792969,329400,0.0,0.0,0.0
2021-12-10 00:00:00-05:00,445.84465941659727,449.07167116368225,443.6998042890193,448.5062255859375,404100,0.0,0.0,0.0
2021-12-13 00:00:00-05:00,449.3447008565037,450.4171285416201,441.4477712237871,441.9255065917969,448900,0.0,0.0,0.0
2021-12-14 00:00:00-05:00,436.4268085918556,439.2053612226689,429.61206678090866,434.6914367675781,593500,0.0,0.0,0.0
2021-12-15 00:00:00-05:00,435.13998965547603,446.8781415863477,430.8113328429624,446.1957092285156,495600,0.0,0.0,0.0
2021-12-16 00:00:00-05:00,448.30633331660346,448.60910202724926,430.47212959513644,433.25567626953125,626900,0.821,0.0,0.0
2021-12-17 00:00:00-05:00,428.52849105814715,435.66802555012663,426.52627747051986,431.75152587890625,411000,0.0,0.0,0.0
2021-12-20 00:00:00-05:00,425.7351440902689,427.9033766041722,423.5473886909905,426.6825256347656,569700,0.0,0.0,0.0
2021-12-21 00:00:00-05:00,431.6245695745974,438.5980852908052,427.4150774108456,438.1878662109375,490700,0.0,0.0,0.0
2021-12-22 00:00:00-05:00,437.5236611794658,443.7060369920597,436.37118508895543,443.4228210449219,358900,0.0,0.0,0.0
2021-12-23 00:00:00-05:00,444.2335142967524,447.59329880567685,443.7744731049536,445.84503173828125,301300,0.0,0.0,0.0
2021-12-27 00:00:00-05:00,447.2807005159277,455.23089599609375,447.2807005159277,455.23089599609375,512300,0.0,0.0,0.0
2021-12-28 00:00:00-05:00,455.9438828732222,456.16853018643354,450.8163086943217,452.04693603515625,518400,0.0,0.0,0.0
2021-12-29 00:00:00-05:00,451.91023365609993,453.7268456998563,449.32200560215836,452.0860290527344,366600,0.0,0.0,0.0
2021-12-30 00:00:00-05:00,452.00784149940256,454.2151495436385,449.2926701926931,449.722412109375,334500,0.0,0.0,0.0
2021-12-31 00:00:00-05:00,449.60522041545784,450.6112004125848,447.23189330659494,447.48583984375,400100,0.0,0.0,0.0
2022-01-03 00:00:00-05:00,448.03279647969504,451.7148723850002,445.4934204251009,451.2265319824219,556600,0.0,0.0,0.0
2022-01-04 00:00:00-05:00,451.6171835649743,452.2031979900787,441.25461486820444,445.522705078125,821600,0.0,0.0,0.0
2022-01-05 00:00:00-05:00,442.5438153835835,443.383776356248,430.54043001792843,430.7357482910156,946400,0.0,0.0,0.0
2022-01-06 00:00:00-05:00,427.13179156302925,433.0895502705024,425.54957347148905,429.1047058105469,729200,0.0,0.0,0.0
2022-01-07 00:00:00-05:00,428.9679582351827,431.3315388439884,422.04329506237116,424.7193908691406,1835300,0.0,0.0,0.0
2022-01-10 00:00:00-05:00,417.9803148467863,425.71564004590056,412.15930551269486,425.168701171875,2709800,0.0,0.0,0.0
2022-01-11 00:00:00-05:00,424.2213408282753,431.44877328775476,421.3498966928871,430.7846374511719,567200,0.0,0.0,0.0
2022-01-12 00:00:00-05:00,433.88064814827504,437.02556136497986,430.13019763369624,432.1910095214844,1191200,0.0,0.0,0.0
2022-01-13 00:00:00-05:00,433.8415956853174,435.335916022025,419.11323346687954,419.97271728515625,599800,0.0,0.0,0.0
2022-01-14 00:00:00-05:00,417.70688659757195,423.70372172286295,417.17950036371593,423.36187744140625,493000,0.0,0.0,0.0
2022-01-18 00:00:00-05:00,417.0427148557483,419.88485965079803,411.6709702850068,412.55975341796875,730200,0.0,0.0,0.0
2022-01-19 00:00:00-05:00,414.1224582497636,419.22073349750895,406.5922274086545,406.8070983886719,2504700,0.0,0.0,0.0
2022-01-20 00:00:00-05:00,410.61620422198814,415.81212404769184,401.21076222273524,401.7479248046875,629500,0.0,0.0,0.0
2022-01-21 00:00:00-05:00,399.6675490483621,404.9318729623892,392.908934481488,393.045654296875,1874800,0.0,0.0,0.0
2022-01-24 00:00:00-05:00,384.69500737103897,396.0342562413283,371.7539878105696,395.5849914550781,6231600,0.0,0.0,0.0
2022-01-25 00:00:00-05:00,387.9082933214163,393.19210976893277,381.6868121197767,385.86700439453125,835600,0.0,0.0,0.0
2022-01-26 00:00:00-05:00,397.11838133762325,400.80045687204625,382.81976148352896,387.205078125,3886100,0.0,0.0,0.0
2022-01-27 00:00:00-05:00,393.3973091093662,395.55576555848006,382.47799396563573,383.9234924316406,655800,0.0,0.0,0.0
2022-01-28 00:00:00-05:00,388.5822499941144,400.4391704705049,382.27289970260705,400.28289794921875,936200,0.0,0.0,0.0
2022-01-31 00:00:00-05:00,400.92746293602426,412.9406246899317,399.46244175599,412.4132385253906,681100,0.0,0.0,0.0
2022-02-01 00:00:00-05:00,413.1360098200945,414.7182280674772,407.28570092106133,414.1224670410156,1590200,0.0,0.0,0.0
2022-02-02 00:00:00-05:00,415.31399004955534,417.189200506584,410.81147603281505,416.2711181640625,504600,0.0,0.0,0.0
2022-02-03 00:00:00-05:00,409.37576777949107,412.510904927585,401.7967447355192,403.3008117675781,688500,0.0,0.0,0.0
2022-02-04 00:00:00-05:00,402.6561982461893,409.9422587560248,400.03870075446207,406.3773498535156,457100,0.0,0.0,0.0
2022-02-07 00:00:00-05:00,407.1196124725974,410.0496548105399,402.7636245425173,404.3849182128906,352000,0.0,0.0,0.0
2022-02-08 00:00:00-05:00,402.9297162501128,410.7822394776242,401.8260918074373,409.6004638671875,273900,0.0,0.0,0.0
2022-02-09 00:00:00-05:00,414.89401000443,419.66021728515625,413.28249257536436,419.66021728515625,1191700,0.0,0.0,0.0
2022-02-10 00:00:00-05:00,411.749077043833,419.45510283450363,407.0024226800368,409.4148254394531,766500,0.0,0.0,0.0
2022-02-11 00:00:00-05:00,409.71764567960435,411.88587851286377,394.93068225335276,396.4933776855469,1448800,0.0,0.0,0.0
2022-02-14 00:00:00-05:00,395.42878473307604,400.1070945130617,392.049477220124,396.4250183105469,2260100,0.0,0.0,0.0
2022-02-15 00:00:00-05:00,402.5683060739563,408.05724768847494,401.47442828961675,407.8423767089844,369400,0.0,0.0,0.0
2022-02-16 00:00:00-05:00,404.54117671956527,408.3502256659335,400.2437575945027,407.1195983886719,330000,0.0,0.0,0.0
2022-02-17 00:00:00-05:00,403.08595988511047,403.3594293407968,393.1140563904094,393.7293701171875,456100,0.0,0.0,0.0
2022-02-18 00:00:00-05:00,395.135849575121,395.5948908492682,386.06247450405175,388.80694580078125,646400,0.0,0.0,0.0
2022-02-22 00:00:00-05:00,385.3884798208674,391.6294845453907,381.0910901892885,384.988037109375,2183500,0.0,0.0,0.0
2022-02-23 00:00:00-05:00,388.8264074699033,390.27190588994864,374.67431117889805,375.25054931640625,718400,0.0,0.0,0.0
2022-02-24 00:00:00-05:00,362.2314634469502,389.3148092038197,360.40507469851525,388.80694580078125,2310000,0.0,0.0,0.0
2022-02-25 00:00:00-05:00,389.5588707654764,394.53020202658206,384.7633944983184,394.4032287597656,670600,0.0,0.0,0.0
2022-02-28 00:00:00-05:00,390.81882051550764,396.5519321064689,388.02552770321677,394.49114990234375,592500,0.0,0.0,0.0
2022-03-01 00:00:00-05:00,393.20191698298606,395.5361983857319,383.8355517523071,386.90234375,355700,0.0,0.0,0.0
2022-03-02 00:00:00-05:00,389.25611886633726,396.52262636451906,386.2772543644082,394.9599609375,358800,0.0,0.0,0.0
2022-03-03 00:00:00-05:00,397.63601480992935,397.63601480992935,386.9804248859894,388.81658935546875,370100,0.0,0.0,0.0
2022-03-04 00:00:00-05:00,386.1991178958247,387.57621153343416,378.3368199215048,381.061767578125,432700,0.0,0.0,0.0
2022-03-07 00:00:00-05:00,381.06182617168247,382.91751393340496,366.4213889167313,366.7729797363281,884300,0.0,0.0,0.0
2022-03-08 00:00:00-05:00,365.7865033127029,376.5299927244065,359.97527010538744,364.9660949707031,1789500,0.0,0.0,0.0
2022-03-09 00:00:00-05:00,374.61566012921344,381.8919435233945,372.5744009708808,380.5245666503906,664500,0.0,0.0,0.0
2022-03-10 00:00:00-05:00,373.7465654732066,374.938117594123,368.2185469322957,373.95166015625,988300,0.0,0.0,0.0
2022-03-11 00:00:00-05:00,377.37974667408014,377.37974667408014,365.76699648419475,366.1772155761719,796300,0.0,0.0,0.0
2022-03-14 00:00:00-04:00,364.68283199674227,368.2281580088362,357.3870257531016,358.2562561035156,1091500,0.0,0.0,0.0
2022-03-15 00:00:00-04:00,360.88355001666173,371.1386982580012,359.6529226898027,370.29876708984375,508600,0.0,0.0,0.0
2022-03-16 00:00:00-04:00,374.8501037784011,384.0113750540553,369.9569529165229,383.8551025390625,666600,0.0,0.0,0.0
2022-03-17 00:00:00-04:00,381.35473633070126,388.0254821777344,379.9873893170705,388.0254821777344,410500,0.0,0.0,0.0
2022-03-18 00:00:00-04:00,386.61913568495714,397.39192469318255,384.7731944987905,396.9133605957031,506400,0.0,0.0,0.0
2022-03-21 00:00:00-04:00,395.47757549661884,398.29039097050395,390.6136947164433,395.90728759765625,488100,0.0,0.0,0.0
2022-03-22 00:00:00-04:00,396.0245801803558,404.4435647294018,395.7706336096631,402.24603271484375,413300,0.0,0.0,0.0
2022-03-23 00:00:00-04:00,398.1439594994265,402.6952960309933,395.3018145281591,396.1222229003906,388400,0.0,0.0,0.0
2022-03-24 00:00:00-04:00,397.68458225093093,406.4796142578125,396.6964757030541,406.4796142578125,341500,0.677,0.0,0.0
2022-03-25 00:00:00-04:00,406.6264068212017,407.22316397397304,400.75652337653185,405.5306701660156,307200,0.0,0.0,0.0
2022-03-28 00:00:00-04:00,403.808838203658,410.60810161376486,402.36092294351164,410.5396423339844,514700,0.0,0.0,0.0
2022-03-29 00:00:00-04:00,415.3333885740343,420.24451356976516,412.4766988693836,419.618408203125,1961400,0.0,0.0,0.0
2022-03-30 00:00:00-04:00,417.39761756698476,418.44442060061255,411.2049037446667,413.2593688964844,413100,0.0,0.0,0.0
2022-03-31 00:00:00-04:00,413.26913090576903,414.2572374921462,406.97857973534093,407.44818115234375,527000,0.0,0.0,0.0
2022-04-01 00:00:00-04:00,407.4676771336435,408.9057995412871,401.88151397721225,406.25457763671875,311700,0.0,0.0,0.0
2022-04-04 00:00:00-04:00,407.0568235780189,414.3746221039872,407.0568235780189,414.2474365234375,297700,0.0,0.0,0.0
2022-04-05 00:00:00-04:00,412.56469807571705,413.14189962640296,403.0652795792292,404.4544982910156,653200,0.0,0.0,0.0
2022-04-06 00:00:00-04:00,397.9584860283921,398.2128571700196,390.5526434033607,393.59521484375,599200,0.0,0.0,0.0
2022-04-07 00:00:00-04:00,392.8908358160545,397.20520334201365,388.8895358776669,394.818115234375,330600,0.0,0.0,0.0
2022-04-08 00:00:00-04:00,392.78314916480855,393.52667711419514,388.0579072349394,389.02642822265625,444300,0.0,0.0,0.0
2022-04-11 00:00:00-04:00,384.0273212571847,384.35994437848484,379.4781678943249,379.810791015625,499800,0.0,0.0,0.0
2022-04-12 00:00:00-04:00,385.43605683602533,388.24381248418126,377.17908650761206,378.77374267578125,2719400,0.0,0.0,0.0
2022-04-13 00:00:00-04:00,378.86183696421165,386.68834788525413,377.71719660547046,385.3774108886719,592000,0.0,0.0,0.0
2022-04-14 00:00:00-04:00,385.7197853160468,386.57094343209,375.67251296985177,375.8486022949219,392700,0.0,0.0,0.0
2022-04-18 00:00:00-04:00,374.1365465334289,378.84223361308256,372.9430024803415,376.2888488769531,672900,0.0,0.0,0.0
2022-04-19 00:00:00-04:00,375.5649136425175,384.48713106915056,373.999605530389,383.87078857421875,368400,0.0,0.0,0.0
2022-04-20 00:00:00-04:00,387.53949058120475,388.63519737397013,381.2684948898473,382.28594970703125,405200,0.0,0.0,0.0
2022-04-21 00:00:00-04:00,385.79809925951656,389.8776515754373,373.6376644328278,374.92901611328125,459700,0.0,0.0,0.0
2022-04-22 00:00:00-04:00,374.93873496795305,376.5138057338546,364.1185875619053,364.568603515625,753100,0.0,0.0,0.0
2022-04-25 00:00:00-04:00,362.8761565166937,370.70266667263365,361.2423593851038,370.51678466796875,644200,0.0,0.0,0.0
2022-04-26 00:00:00-04:00,367.4351016936928,367.54273174191377,356.4095153808594,356.4095153808594,712900,0.0,0.0,0.0
2022-04-27 00:00:00-04:00,358.74765750248076,367.0339760075777,358.25850063643196,360.2444763183594,1706200,0.0,0.0,0.0
2022-04-28 00:00:00-04:00,366.0850453218291,377.03237941397003,363.63926075889805,374.8213806152344,570500,0.0,0.0,0.0
2022-04-29 00:00:00-04:00,370.62440427242575,375.8877374050148,358.70854910100485,359.2368469238281,615500,0.0,0.0,0.0
2022-05-02 00:00:00-04:00,358.4345745806008,365.4980006178429,355.0300321907416,365.1751403808594,711700,0.0,0.0,0.0
2022-05-03 00:00:00-04:00,364.6665060621728,367.3568692859715,362.1228839521544,365.4100341796875,405900,0.0,0.0,0.0
2022-05-04 00:00:00-04:00,366.7209235145444,378.6269854040999,359.6770524117403,378.0791320800781,3289900,0.0,0.0,0.0
2022-05-05 00:00:00-04:00,372.3756263987429,372.68869401369574,354.47246402562314,358.7770690917969,863200,0.0,0.0,0.0
2022-05-06 00:00:00-04:00,355.9105488475307,361.0173480827811,349.3167233828951,354.8833312988281,1772100,0.0,0.0,0.0
2022-05-09 00:00:00-04:00,348.58299500594416,350.5298299549606,338.02698052276907,339.6020812988281,2185800,0.0,0.0,0.0
2022-05-10 00:00:00-04:00,347.8003711174187,349.3558865774708,338.72161965965677,344.5328063964844,1740700,0.0,0.0,0.0
2022-05-11 00:00:00-04:00,341.2163395980579,348.1427892541363,331.81475683319854,332.7343444824219,2349400,0.0,0.0,0.0
2022-05-12 00:00:00-04:00,327.60794288083184,335.31706053004285,322.48158803736936,330.28851318359375,1252400,0.0,0.0,0.0
2022-05-13 00:00:00-04:00,334.7203195309341,344.474080086808,333.7811167259818,342.7816162109375,625400,0.0,0.0,0.0
2022-05-16 00:00:00-04:00,340.3554070113509,343.3196969965882,336.3932475751624,338.6922912597656,2103800,0.0,0.0,0.0
2022-05-17 00:00:00-04:00,345.91216120147146,348.6612502952535,341.54889025358125,348.2796936035156,490800,0.0,0.0,0.0
2022-05-18 00:00:00-04:00,343.33927797562984,344.6893260899036,331.0125167629317,332.2256164550781,577900,0.0,0.0,0.0
2022-05-19 00:00:00-04:00,330.0243753015185,335.5714277108182,327.55903526170084,329.906982421875,648400,0.0,0.0,0.0
2022-05-20 00:00:00-04:00,333.8202323569643,335.57142239930965,319.967305518706,330.4450378417969,653700,0.0,0.0,0.0
2022-05-23 00:00:00-04:00,331.52118615355636,337.9487148593933,329.96567082463196,337.44000244140625,523500,0.0,0.0,0.0
2022-05-24 00:00:00-04:00,332.79307934520415,334.0355273503521,325.77855497981915,330.9147033691406,643800,0.0,0.0,0.0
2022-05-25 00:00:00-04:00,328.732946373172,338.15411172707655,328.732946373172,335.659423828125,417100,0.0,0.0,0.0
2022-05-26 00:00:00-04:00,334.17246758872017,345.62854549711597,332.6267446764694,344.17083740234375,570200,0.0,0.0,0.0
2022-05-27 00:00:00-04:00,347.6438420045964,356.2529921759631,347.6438420045964,356.1649475097656,1190900,0.0,0.0,0.0
2022-05-31 00:00:00-04:00,354.77574619865027,356.8008331623759,349.83524338023403,353.2691345214844,480900,0.0,0.0,0.0
2022-06-01 00:00:00-04:00,356.79098489491173,359.46176193792496,349.10142440855685,351.9091796875,1091200,0.0,0.0,0.0
2022-06-02 00:00:00-04:00,349.55147096343325,361.62388822183163,348.2796751033952,361.5847473144531,645300,0.0,0.0,0.0
2022-06-03 00:00:00-04:00,354.81487399939516,357.24110319152425,350.8625073850787,352.3984375,997600,0.0,0.0,0.0
2022-06-06 00:00:00-04:00,357.1725288520771,359.04111151650307,350.970023859797,352.60382080078125,335600,0.0,0.0,0.0
2022-06-07 00:00:00-04:00,348.82753975109165,357.80845259031054,348.172086273906,357.2899475097656,550200,0.0,0.0,0.0
2022-06-08 00:00:00-04:00,356.10629726611387,358.4053411454428,352.36913060744087,353.4452819824219,281300,0.0,0.0,0.0
2022-06-09 00:00:00-04:00,350.9211899006755,354.1496136630307,343.41750953542027,343.50555419921875,338700,0.0,0.0,0.0
2022-06-10 00:00:00-04:00,337.51823984840905,338.17372318986907,329.9852121181816,330.02435302734375,1365800,0.0,0.0,0.0
2022-06-13 00:00:00-04:00,319.5466689010122,322.3446322801738,313.43220712231596,314.4985656738281,1387900,0.0,0.0,0.0
2022-06-14 00:00:00-04:00,316.72915067277256,318.4509928295052,313.25614798994417,316.2497863769531,777500,0.0,0.0,0.0
2022-06-15 00:00:00-04:00,319.7618949465047,328.03842194173524,315.94647681790696,323.24468994140625,862600,0.0,0.0,0.0
2022-06-16 00:00:00-04:00,315.08554882510936,315.0953116616859,306.8579257641723,309.1178283691406,1940700,0.0,0.0,0.0
2022-06-17 00:00:00-04:00,309.4602063536301,315.72140825679656,307.7383646343472,312.87451171875,793000,0.0,0.0,0.0
2022-06-21 00:00:00-04:00,317.90311266548247,323.4305802105183,317.90311266548247,320.77935791015625,677700,0.0,0.0,0.0
2022-06-22 00:00:00-04:00,317.23780645129983,324.0762402426711,316.07361063616537,319.673828125,536700,0.0,0.0,0.0
2022-06-23 00:00:00-04:00,322.30638090478203,325.88374536050935,319.51308567677006,325.1976623535156,652000,0.596,0.0,0.0
2022-06-24 00:00:00-04:00,328.78481917369305,337.2430993476003,328.78481917369305,337.1842956542969,619900,0.0,0.0,0.0
2022-06-27 00:00:00-04:00,338.50748290023165,339.37975773866816,333.36194969013974,334.743896484375,485800,0.0,0.0,0.0
2022-06-28 00:00:00-04:00,335.60640782571244,338.2526642373103,324.2862162378399,324.39404296875,622100,0.0,0.0,0.0
2022-06-29 00:00:00-04:00,324.0607362906208,326.49136858279513,321.08121970535615,324.6487731933594,381400,0.0,0.0,0.0
2022-06-30 00:00:00-04:00,320.7479564367897,324.02149114288477,314.76933260995605,320.05206298828125,559500,0.0,0.0,0.0
2022-07-01 00:00:00-04:00,318.3565979252966,321.8947502224747,315.46528634075145,321.0126647949219,497100,0.0,0.0,0.0
2022-07-05 00:00:00-04:00,316.96480154493156,325.9229431152344,314.93598437393445,325.9229431152344,535000,0.0,0.0,0.0
2022-07-06 00:00:00-04:00,326.3640376208909,330.7255019109338,324.6292684747073,328.1870422363281,405000,0.0,0.0,0.0
2022-07-07 00:00:00-04:00,329.7747902988111,336.1748526231834,329.6669635682147,335.48876953125,400900,0.0,0.0,0.0
2022-07-08 00:00:00-04:00,331.37231555256903,337.0568921584158,330.7744380978758,335.7239685058594,679400,0.0,0.0,0.0
2022-07-11 00:00:00-04:00,332.84252441294103,333.4697739119723,328.18704160214406,330.3530578613281,389200,0.0,0.0,0.0
2022-07-12 00:00:00-04:00,331.49971628924567,333.93034868462684,324.09015189691706,325.8249206542969,630300,0.0,0.0,0.0
2022-07-13 00:00:00-04:00,319.7679292077686,326.9128477022186,318.20957139131275,325.0702819824219,593300,0.0,0.0,0.0
2022-07-14 00:00:00-04:00,322.0025601288748,328.5104186354271,317.96454667252755,327.2558898925781,528200,0.0,0.0,0.0
2022-07-15 00:00:00-04:00,330.627410278682,333.33249977609944,328.86323968230124,333.2638854980469,385500,0.0,0.0,0.0
2022-07-18 00:00:00-04:00,336.41982082605585,337.9389661009084,329.09846183919683,330.2549743652344,476900,0.0,0.0,0.0
2022-07-19 00:00:00-04:00,334.1362172011895,340.6832880556564,332.04859621641003,340.1932373046875,411800,0.0,0.0,0.0
2022-07-20 00:00:00-04:00,340.3696392305794,347.94583440425254,339.6149718621268,346.5540771484375,518400,0.0,0.0,0.0
2022-07-21 00:00:00-04:00,346.93637530784645,351.6016385871386,343.64321837684247,351.59185791015625,441700,0.0,0.0,0.0
2022-07-22 00:00:00-04:00,351.18997004888774,352.9443301654364,344.10382556953624,346.1032409667969,448800,0.0,0.0,0.0
2022-07-25 00:00:00-04:00,345.8778642151513,345.8778642151513,341.2223814057527,343.8784484863281,585600,0.0,0.0,0.0
2022-07-26 00:00:00-04:00,342.8786965188426,343.1237218876598,336.4198313860592,337.3999328613281,315100,0.0,0.0,0.0
2022-07-27 00:00:00-04:00,343.1139353553852,353.54223014027065,342.6924988699526,351.9936828613281,718500,0.0,0.0,0.0
2022-07-28 00:00:00-04:00,352.14064406224173,357.8056290170518,348.84748777044746,357.0117492675781,458800,0.0,0.0,0.0
2022-07-29 00:00:00-04:00,358.3447361619952,363.75491604534875,356.63936897806497,362.8336181640625,577900,0.0,0.0,0.0
2022-08-01 00:00:00-04:00,359.8932726864282,365.8718677407568,358.3643167820678,362.18670654296875,580500,0.0,0.0,0.0
2022-08-02 00:00:00-04:00,358.82495432523393,364.5291523691085,357.2764070790197,360.3147277832031,558700,0.0,0.0,0.0
2022-08-03 00:00:00-04:00,362.17693488366626,371.5271123116899,362.17693488366626,370.76263427734375,489400,0.0,0.0,0.0
2022-08-04 00:00:00-04:00,370.223512645758,371.9779026184895,367.4792405462248,371.9386901855469,337600,0.0,0.0,0.0
2022-08-05 00:00:00-04:00,365.920921960462,372.5561987276952,365.63668413429525,371.3604736328125,339900,0.0,0.0,0.0
2022-08-08 00:00:00-04:00,371.09589236040654,374.5948624278321,366.88143732108034,368.7828369140625,531600,0.0,0.0,0.0
2022-08-09 00:00:00-04:00,365.83270925246455,366.1463190124407,362.3043377373872,364.2547302246094,395000,0.0,0.0,0.0
2022-08-10 00:00:00-04:00,373.21281346143445,375.6532563302314,370.8703568025377,375.3690185546875,651200,0.0,0.0,0.0
2022-08-11 00:00:00-04:00,377.9957585818839,380.1715851078153,372.74239898967807,373.1932373046875,558400,0.0,0.0,0.0
2022-08-12 00:00:00-04:00,376.25122708681084,380.9458923339844,374.6830585051262,380.9458923339844,346300,0.0,0.0,0.0
2022-08-15 00:00:00-04:00,379.6815306021047,383.8077495004841,379.299276664015,383.24908447265625,325300,0.0,0.0,0.0
2022-08-16 00:00:00-04:00,381.1810616222223,383.74892258523266,378.0741269260858,381.9161376953125,356700,0.0,0.0,0.0
2022-08-17 00:00:00-04:00,378.69160542975976,381.38688443429237,375.85909786440516,378.701416015625,549600,0.0,0.0,0.0
2022-08-18 00:00:00-04:00,378.8680196876918,382.17095683708607,377.63308227123775,380.68121337890625,262500,0.0,0.0,0.0
2022-08-19 00:00:00-04:00,377.10384190880086,377.73109128083087,372.6345817081684,373.35003662109375,355600,0.0,0.0,0.0
2022-08-22 00:00:00-04:00,368.3613312071502,368.3613312071502,362.16708276666446,363.1080017089844,464600,0.0,0.0,0.0
2022-08-23 00:00:00-04:00,362.54938900444387,366.273763146603,361.86330591547,362.2553405761719,270100,0.0,0.0,0.0
2022-08-24 00:00:00-04:00,362.09846604568634,364.48991580069634,361.1379559275855,362.84332275390625,341600,0.0,0.0,0.0
2022-08-25 00:00:00-04:00,364.6173248330277,369.5570444369587,363.85284691066045,369.42962646484375,211200,0.0,0.0,0.0
2022-08-26 00:00:00-04:00,369.42964264759576,370.0961044736594,353.75782959740746,353.7872314453125,543900,0.0,0.0,0.0
2022-08-29 00:00:00-04:00,350.10202549567333,352.8169256153559,347.89679726519614,349.2199401855469,547300,0.0,0.0,0.0
2022-08-30 00:00:00-04:00,351.55259236547573,351.8466108370761,342.54545762480456,345.7013854980469,496400,0.0,0.0,0.0
2022-08-31 00:00:00-04:00,348.07327507648705,349.09255914207864,342.24165895264184,342.3298645019531,431300,0.0,0.0,0.0
2022-09-01 00:00:00-04:00,338.47809641571,339.78161839423285,332.2348539563579,339.3307800292969,619800,0.0,0.0,0.0
2022-09-02 00:00:00-04:00,343.0355389088648,344.9467488754872,333.4991401594812,335.34173583984375,540900,0.0,0.0,0.0
2022-09-06 00:00:00-04:00,335.9787949816262,336.8315084436471,330.7842687986953,332.9111022949219,605500,0.0,0.0,0.0
2022-09-07 00:00:00-04:00,333.4011073397473,339.6149466440507,332.2543755379687,338.21337890625,549300,0.0,0.0,0.0
2022-09-08 00:00:00-04:00,335.7632232305148,341.60465082845076,334.32247255224377,340.2521057128906,395500,0.0,0.0,0.0
2022-09-09 00:00:00-04:00,343.0257263952868,348.2986774351183,342.9669226960588,347.6028137207031,308000,0.0,0.0,0.0
2022-09-12 00:00:00-04:00,349.55315852680883,353.1697350876921,349.55315852680883,353.1109313964844,303400,0.0,0.0,0.0
2022-09-13 00:00:00-04:00,343.07479834564754,344.2313111425013,333.7638324425445,334.61651611328125,705200,0.0,0.0,0.0
2022-09-14 00:00:00-04:00,336.1748439366241,337.9292341501353,332.7444883862504,336.0670471191406,439000,0.0,0.0,0.0
2022-09-15 00:00:00-04:00,333.1365539316409,335.7044155389682,326.73649117913817,328.5888977050781,583100,0.0,0.0,0.0
2022-09-16 00:00:00-04:00,325.2270776113449,326.618834944796,321.65952359472425,326.1287841796875,707600,0.0,0.0,0.0
2022-09-19 00:00:00-04:00,323.0218730635571,328.941695118871,322.9336675085517,328.6868591308594,2702100,0.0,0.0,0.0
2022-09-20 00:00:00-04:00,325.56035599432903,328.84367236920525,323.9235731901317,326.64825439453125,472200,0.0,0.0,0.0
2022-09-21 00:00:00-04:00,328.19677837706604,333.2345145122362,321.69873046875,321.69873046875,501300,0.0,0.0,0.0
2022-09-22 00:00:00-04:00,320.1403791150752,321.33607427149406,315.8671208775725,317.4646911621094,730500,0.0,0.0,0.0
2022-09-23 00:00:00-04:00,314.54395240169276,315.1124279946994,309.0553782781364,312.96600341796875,2603600,0.0,0.0,0.0
2022-09-26 00:00:00-04:00,312.2897541603706,317.79791995340213,310.0845257258443,310.9273986816406,1130200,0.0,0.0,0.0
2022-09-27 00:00:00-04:00,315.15167477951894,318.26842077009934,308.9280532068577,312.0447692871094,2315900,0.0,0.0,0.0
2022-09-28 00:00:00-04:00,309.8086452474649,317.19672679645157,307.9616173646502,315.6640930175781,1424400,0.764,0.0,0.0
2022-09-29 00:00:00-04:00,311.1054694235451,311.557392166891,303.9138623735596,307.55877685546875,2652800,0.0,0.0,0.0
2022-09-30 00:00:00-04:00,306.38965547616203,311.3117847589285,301.76228188865207,301.9784240722656,991300,0.0,0.0,0.0
2022-10-03 00:00:00-04:00,304.6409015449473,312.83463674290385,302.8626529899873,311.1448059082031,764000,0.0,0.0,0.0
2022-10-04 00:00:00-04:00,317.33429562528636,322.19748026013104,317.108319234164,322.040283203125,961100,0.0,0.0,0.0
2022-10-05 00:00:00-04:00,317.32442421376527,325.19393043276347,315.5461758145121,323.0619812011719,562700,0.0,0.0,0.0
2022-10-06 00:00:00-04:00,322.04026979566703,325.95043774016096,320.1932419305845,320.6156921386719,1530200,0.0,0.0,0.0
2022-10-07 00:00:00-04:00,314.3083055036741,314.3083055036741,305.77073414977013,307.2738952636719,800800,0.0,0.0,0.0
2022-10-10 00:00:00-04:00,307.23463401649553,307.77497456915194,298.598809484137,301.7230224609375,977000,0.0,0.0,0.0
2022-10-11 00:00:00-04:00,299.69910075374537,301.9293018336772,294.5510252774519,296.8106689453125,1015700,0.0,0.0,0.0
2022-10-12 00:00:00-04:00,297.3609116364756,298.9230180215097,294.88509549378017,295.7496643066406,768700,0.0,0.0,0.0
2022-10-13 00:00:00-04:00,287.70325254548476,305.790323981081,286.50465152207556,304.2183837890625,1312600,0.0,0.0,0.0
2022-10-14 00:00:00-04:00,307.26404788533085,307.54896938631896,295.0815624548363,295.5629577636719,616600,0.0,0.0,0.0
2022-10-17 00:00:00-04:00,302.7939381935706,306.1539318759372,302.5483233929536,304.9062194824219,464900,0.0,0.0,0.0
2022-10-18 00:00:00-04:00,312.6773991549862,314.1903643707551,304.19877350723414,308.0401916503906,1367200,0.0,0.0,0.0
2022-10-19 00:00:00-04:00,305.24023312027566,309.63182668277744,303.51109543663017,306.5272521972656,413200,0.0,0.0,0.0
2022-10-20 00:00:00-04:00,306.812134669587,313.40442627551926,305.20088749097573,306.6942443847656,481100,0.0,0.0,0.0
2022-10-21 00:00:00-04:00,305.8984462477984,315.3693662166358,304.7588200938447,314.77008056640625,483300,0.0,0.0,0.0
2022-10-24 00:00:00-04:00,316.03742121663964,319.5939181940748,311.5868829024136,318.4837646484375,461600,0.0,0.0,0.0
2022-10-25 00:00:00-04:00,319.44649351460424,325.67527911218104,319.44649351460424,325.4591369628906,640000,0.0,0.0,0.0
2022-10-26 00:00:00-04:00,317.80589250262545,325.78345589971525,317.45219162244285,318.9160461425781,520600,0.0,0.0,0.0
2022-10-27 00:00:00-04:00,319.74126867115035,322.118802476138,314.96650271178567,315.61492919921875,533500,0.0,0.0,0.0
2022-10-28 00:00:00-04:00,316.94125411410374,329.03532104078056,316.94125411410374,328.318115234375,549100,0.0,0.0,0.0
2022-10-31 00:00:00-04:00,325.33156461416377,326.49085931266984,322.5806607740294,324.4080505371094,541100,0.0,0.0,0.0
2022-11-01 00:00:00-04:00,328.5047738579497,329.2809247751528,320.5468508620456,321.90264892578125,406300,0.0,0.0,0.0
2022-11-02 00:00:00-04:00,321.72583197949825,324.9482961204191,309.9854355916131,309.9952697753906,556600,0.0,0.0,0.0
2022-11-03 00:00:00-04:00,305.760918172162,306.58618020714465,300.94687464362744,301.1728210449219,2099800,0.0,0.0,0.0
2022-11-04 00:00:00-04:00,306.428941262571,307.82404616720174,298.254875582713,305.0829772949219,735100,0.0,0.0,0.0
2022-11-07 00:00:00-05:00,306.3798307525589,310.1131627842572,303.1770049687033,309.602294921875,707000,0.0,0.0,0.0
2022-11-08 00:00:00-05:00,312.1960354807248,316.7153535987203,308.099197586706,312.48095703125,550100,0.0,0.0,0.0
2022-11-09 00:00:00-05:00,309.3665356665071,310.2409086048472,303.6780895370806,304.15948486328125,663100,0.0,0.0,0.0
2022-11-10 00:00:00-05:00,319.6037583980268,330.24380694066497,318.4542980735557,329.9294128417969,1365100,0.0,0.0,0.0
2022-11-11 00:00:00-05:00,329.46766346984987,337.65153453813434,328.2395896012298,336.6592712402344,1276400,0.0,0.0,0.0
2022-11-14 00:00:00-05:00,333.71187736937225,337.49432071090905,331.4423693892712,333.44659423828125,928900,0.0,0.0,0.0
2022-11-15 00:00:00-05:00,341.0705607480011,342.62283318864047,334.90071778637855,338.2607116699219,910500,0.0,0.0,0.0
2022-11-16 00:00:00-05:00,335.33297375905516,336.10909492227154,331.34419189580944,332.49365234375,529500,0.0,0.0,0.0
2022-11-17 00:00:00-05:00,327.2964285362582,333.90835887991614,326.5202774769538,332.30694580078125,727300,0.0,0.0,0.0
2022-11-18 00:00:00-05:00,336.49221311475407,336.6494101552494,330.05711855028494,332.6802673339844,457200,0.0,0.0,0.0
2022-11-21 00:00:00-05:00,330.6171472928008,331.7961102832848,327.9252187760006,328.72100830078125,1017100,0.0,0.0,0.0
2022-11-22 00:00:00-05:00,329.565936223149,334.8122645238883,327.3750415093233,334.6059265136719,517200,0.0,0.0,0.0
2022-11-23 00:00:00-05:00,334.17364799135987,338.94838475908426,333.98697836638905,338.18206787109375,440600,0.0,0.0,0.0
2022-11-25 00:00:00-05:00,335.7848796843717,337.11120550408384,335.0382011525067,336.0599670410156,184300,0.0,0.0,0.0
2022-11-28 00:00:00-05:00,333.07326248586867,334.55678527308095,327.6500992233753,328.9567565917969,630300,0.0,0.0,0.0
2022-11-29 00:00:00-05:00,329.1237629286644,329.67393756662034,324.6339181311766,325.9111328125,539300,0.0,0.0,0.0
2022-11-30 00:00:00-05:00,326.2747030528779,341.8957981801721,325.32171643911914,341.83685302734375,602900,0.0,0.0,0.0
2022-12-01 00:00:00-05:00,342.3280516308441,344.75472681017084,338.58488485374306,343.0452575683594,1377300,0.0,0.0,0.0
2022-12-02 00:00:00-05:00,336.75744768033576,342.1413335868188,336.03043764263214,341.11956787109375,539300,0.0,0.0,0.0
2022-12-05 00:00:00-05:00,338.57505467403286,340.2255787878795,332.5624097005398,334.6255798339844,490400,0.0,0.0,0.0
2022-12-06 00:00:00-05:00,335.0185460224661,335.0185460224661,325.18412104489903,327.3553771972656,811900,0.0,0.0,0.0
2022-12-07 00:00:00-05:00,326.31404392641514,328.17087639916093,323.504194758013,325.8620910644531,850800,0.0,0.0,0.0
2022-12-08 00:00:00-05:00,328.13151503573533,332.552581118059,325.8325642707998,331.5406494140625,411000,0.0,0.0,0.0
2022-12-09 00:00:00-05:00,330.1750073563348,334.1146476064846,328.5048150430383,329.5265808105469,1449800,0.0,0.0,0.0
2022-12-12 00:00:00-05:00,330.29290946842667,336.79678356356345,330.1062398508817,336.7574768066406,606500,0.0,0.0,0.0
2022-12-13 00:00:00-05:00,349.4017767143956,351.1996637163551,337.52381953907224,340.7757568359375,919300,0.0,0.0,0.0
2022-12-14 00:00:00-05:00,340.37292348625476,344.52870575702525,334.2521932854984,338.23114013671875,696500,0.0,0.0,0.0
2022-12-15 00:00:00-05:00,332.91439911621967,333.653114498874,324.45364920722744,325.4189147949219,678800,0.872,0.0,0.0
2022-12-16 00:00:00-05:00,324.4929970752036,326.02952238848843,319.5780578453602,321.1638488769531,628600,0.0,0.0,0.0
2022-12-19 00:00:00-05:00,321.74502110070233,321.79425676874615,314.48591619680246,316.53460693359375,1582400,0.0,0.0,0.0
2022-12-20 00:00:00-05:00,314.5351230952388,318.84922527715116,313.2940717666332,317.23388671875,826100,0.0,0.0,0.0
2022-12-21 00:00:00-05:00,318.6326394450386,323.79378911751195,317.7363276405175,322.25726318359375,550300,0.0,0.0,0.0
2022-12-22 00:00:00-05:00,318.4257324434151,318.4454206990093,309.0292644792309,314.26922607421875,635600,0.0,0.0,0.0
2022-12-23 00:00:00-05:00,312.3288707222169,314.71244219792806,309.541434504045,314.3874206542969,993100,0.0,0.0,0.0
2022-12-27 00:00:00-05:00,313.6979022363285,313.71762054820465,309.67930426428467,311.3143310546875,660200,0.0,0.0,0.0
2022-12-28 00:00:00-05:00,310.81204483626277,313.1070042157808,306.0744190649026,306.4191589355469,613400,0.0,0.0,0.0
2022-12-29 00:00:00-05:00,309.8074295701232,315.904297037878,309.1179497690279,314.7715759277344,620700,0.0,0.0,0.0
2022-12-30 00:00:00-05:00,311.48180891594427,314.6041259765625,309.69904477765044,314.6041259765625,622300,0.0,0.0,0.0
2023-01-03 00:00:00-05:00,317.5096698840991,320.27741751833895,309.5413978176828,311.5901184082031,742500,0.0,0.0,0.0
2023-01-04 00:00:00-05:00,313.22515917086207,314.99806394003514,309.659631319665,312.93951416015625,570200,0.0,0.0,0.0
2023-01-05 00:00:00-05:00,311.1764644562475,311.24541844017267,306.01531587042325,306.45855712890625,556100,0.0,0.0,0.0
2023-01-06 00:00:00-05:00,309.0982257175443,316.6331166899686,305.3356947807448,315.2246398925781,771900,0.0,0.0,0.0
2023-01-09 00:00:00-05:00,318.5143531815677,324.8180512628495,318.20901991923705,319.17425537109375,645800,0.0,0.0,0.0
2023-01-10 00:00:00-05:00,318.32725119091697,321.5775870155524,316.4459856476423,321.2427062988281,2265300,0.0,0.0,0.0
2023-01-11 00:00:00-05:00,322.34580978346105,326.7485543417481,321.0555227482462,326.659912109375,520900,0.0,0.0,0.0
2023-01-12 00:00:00-05:00,327.11298116671213,330.45198886524713,322.85800373718564,329.2109375,537900,0.0,0.0,0.0
2023-01-13 00:00:00-05:00,326.177268466405,330.8163919424544,325.3695992244122,330.5997009277344,494600,0.0,0.0,0.0
2023-01-17 00:00:00-05:00,329.85122622010863,333.86982490910265,329.41784409914555,332.2544860839844,545300,0.0,0.0,0.0
2023-01-18 00:00:00-05:00,334.5001990676639,336.3519173170492,327.8222124383674,328.0684509277344,730800,0.0,0.0,0.0
2023-01-19 00:00:00-05:00,325.4780017285143,327.01452728250445,322.71028389995485,324.0399475097656,874400,0.0,0.0,0.0
2023-01-20 00:00:00-05:00,325.9901921880468,333.1114196777344,324.6014035875647,333.1114196777344,579200,0.0,0.0,0.0
2023-01-23 00:00:00-05:00,334.3228948151547,342.50785931341477,333.86982443784467,341.0205993652344,1367400,0.0,0.0,0.0
2023-01-24 00:00:00-05:00,339.21805711048546,341.75925455542995,338.48920097217535,340.4492492675781,584700,0.0,0.0,0.0
2023-01-25 00:00:00-05:00,334.539499660553,340.47876894019424,331.1808041226093,339.730224609375,633300,0.0,0.0,0.0
2023-01-26 00:00:00-05:00,343.31552460901423,345.33466805494805,339.38556821673194,345.1376953125,484600,0.0,0.0,0.0
2023-01-27 00:00:00-05:00,342.95111980476435,349.1858651107354,342.763976148746,346.7234802246094,567300,0.0,0.0,0.0
2023-01-30 00:00:00-05:00,342.6555525706709,344.31026755068046,339.7302389181822,339.9469299316406,604000,0.0,0.0,0.0
2023-01-31 00:00:00-05:00,340.23259035373934,345.18690685908865,339.7795200135251,345.1081237792969,583300,0.0,0.0,0.0
2023-02-01 00:00:00-05:00,344.92098280288013,356.25781096117225,343.7587445019773,353.5787353515625,555000,0.0,0.0,0.0
2023-02-02 00:00:00-05:00,359.9316828991554,365.81185866290053,358.5428943454822,364.11773681640625,1453300,0.0,0.0,0.0
2023-02-03 00:00:00-05:00,356.03125362114787,366.28462635333926,356.03125362114787,360.2567138671875,768100,0.0,0.0,0.0
2023-02-06 00:00:00-05:00,356.5040248068247,358.7398590169322,354.1302826425345,355.5289001464844,319100,0.0,0.0,0.0
2023-02-07 00:00:00-05:00,355.9623046416054,365.24058285444795,355.57818828206246,364.04876708984375,535400,0.0,0.0,0.0
2023-02-08 00:00:00-05:00,363.9207362350696,366.60964083762906,358.88760675045626,359.4391784667969,1275500,0.0,0.0,0.0
2023-02-09 00:00:00-05:00,365.122435165494,365.77247831019315,356.2578497641474,357.92242431640625,390500,0.0,0.0,0.0
2023-02-10 00:00:00-05:00,354.9280977104648,356.5729536768068,352.3081170702421,355.6470947265625,337200,0.0,0.0,0.0
2023-02-13 00:00:00-05:00,357.3215354252811,362.56149681223746,356.6320557475853,361.6947326660156,978500,0.0,0.0,0.0
2023-02-14 00:00:00-05:00,359.9415288853271,365.62470164517185,357.6662879499976,363.61541748046875,514700,0.0,0.0,0.0
2023-02-15 00:00:00-05:00,361.7538063649432,366.1860981697046,361.1628281126279,366.1762390136719,396700,0.0,0.0,0.0
2023-02-16 00:00:00-05:00,360.7294833107369,364.9253962711681,359.45891450423346,359.498291015625,460800,0.0,0.0,0.0
2023-02-17 00:00:00-05:00,357.38065067898344,357.4003389349216,351.9830927697442,355.0955505371094,414200,0.0,0.0,0.0
2023-02-21 00:00:00-05:00,350.27916522546,352.46576411675335,346.2802547395176,346.50677490234375,1037600,0.0,0.0,0.0
2023-02-22 00:00:00-05:00,347.038645109482,348.9395988763999,344.6156669905502,346.427978515625,490100,0.0,0.0,0.0
2023-02-23 00:00:00-05:00,352.6233254471205,352.84001648907645,346.5264589186025,351.7565612792969,406300,0.0,0.0,0.0
2023-02-24 00:00:00-05:00,345.97486479977647,346.8514580093293,343.4632146952938,345.6399841308594,395000,0.0,0.0,0.0
2023-02-27 00:00:00-05:00,349.1661070031216,350.7223207141377,346.69386345332447,347.18634033203125,582200,0.0,0.0,0.0
2023-02-28 00:00:00-05:00,346.3491713413596,350.00334155129576,345.7187864764452,346.8219299316406,206900,0.0,0.0,0.0
2023-03-01 00:00:00-05:00,346.85147574166314,347.688692485959,343.20716470532335,344.1428527832031,495700,0.0,0.0,0.0
2023-03-02 00:00:00-05:00,343.08897768816735,349.1957038724294,341.985834132963,348.2304382324219,280500,0.0,0.0,0.0
2023-03-03 00:00:00-05:00,350.27913795778215,355.6569774929244,349.86544412043014,355.5387878417969,425100,0.0,0.0,0.0
2023-03-06 00:00:00-05:00,357.9125262657008,361.80307584514554,356.592691745263,356.8290710449219,538600,0.0,0.0,0.0
2023-03-07 00:00:00-05:00,356.8191833689167,357.97159247945746,351.5102982990246,352.4361572265625,310200,0.0,0.0,0.0
2023-03-08 00:00:00-05:00,353.42114996342923,355.7062501242686,351.8747651948814,355.2236022949219,454100,0.0,0.0,0.0
2023-03-09 00:00:00-05:00,355.64714329550816,359.56727066398815,349.0282518421956,349.62908935546875,533900,0.0,0.0,0.0
2023-03-10 00:00:00-05:00,348.99867123825464,349.461600732573,341.18799471733786,342.7146911621094,703100,0.0,0.0,0.0
2023-03-13 00:00:00-04:00,340.56746030657183,349.19566510436215,338.223295541218,344.310302734375,1676300,0.0,0.0,0.0
2023-03-14 00:00:00-04:00,349.04792903771204,353.3423131356549,347.33411906117215,352.0815734863281,619200,0.0,0.0,0.0
2023-03-15 00:00:00-04:00,348.82137591548644,352.30812072043807,346.2112544046288,351.9535217285156,1419400,0.0,0.0,0.0
2023-03-16 00:00:00-04:00,351.14588310071844,361.9508273119404,349.4911378994555,361.5666809082031,1452700,0.0,0.0,0.0
2023-03-17 00:00:00-04:00,362.38423899625957,364.7973579288659,358.5035183660597,360.5817565917969,513700,0.0,0.0,0.0
2023-03-20 00:00:00-04:00,359.9710958726511,362.2561960892001,357.5481177432175,361.6849060058594,436200,0.0,0.0,0.0
2023-03-21 00:00:00-04:00,363.9601214527651,366.29448723410735,361.0446665882936,365.7626037597656,1483700,0.0,0.0,0.0
2023-03-22 00:00:00-04:00,365.4769715183712,372.43074326315354,361.3204650878906,361.3204650878906,587300,0.0,0.0,0.0
2023-03-23 00:00:00-04:00,365.40804505176146,371.8397929450828,363.29040013608255,366.42254638671875,594900,0.0,0.0,0.0
2023-03-24 00:00:00-04:00,365.35859221739196,367.0858459472656,362.55547965793494,367.0858459472656,371100,0.772,0.0,0.0
2023-03-27 00:00:00-04:00,367.52008726667236,369.4052648909956,363.9076860893498,364.7861022949219,617400,0.0,0.0,0.0
2023-03-28 00:00:00-04:00,364.4899768531373,364.50970604960077,360.13729442054733,363.21673583984375,586400,0.0,0.0,0.0
2023-03-29 00:00:00-04:00,367.559505392239,371.4384156709185,367.056154900175,370.6389465332031,384000,0.0,0.0,0.0
2023-03-30 00:00:00-04:00,373.68878630757854,375.11995115462696,372.11945685318466,374.37969970703125,371400,0.0,0.0,0.0
2023-03-31 00:00:00-04:00,374.3698702997887,380.74592531130946,373.9652259605215,380.4596862792969,506600,0.0,0.0,0.0
2023-04-03 00:00:00-04:00,378.25865410580457,380.3214847654471,376.4820624730816,379.956298828125,770900,0.0,0.0,0.0
2023-04-04 00:00:00-04:00,380.3905440573338,381.27883978476945,376.2747628092153,377.5479736328125,461900,0.0,0.0,0.0
2023-04-05 00:00:00-04:00,375.6826102469883,375.7220987644347,370.2837076111316,373.0078430175781,1220700,0.0,0.0,0.0
2023-04-06 00:00:00-04:00,370.32315968088204,375.1693129582646,368.6057557314972,374.94232177734375,278700,0.0,0.0,0.0
2023-04-10 00:00:00-04:00,371.3101706656576,374.7251892089844,369.5927666746818,374.7251892089844,299100,0.0,0.0,0.0
2023-04-11 00:00:00-04:00,374.1329791611402,374.4192181776353,370.8956137761168,371.94183349609375,1653600,0.0,0.0,0.0
2023-04-12 00:00:00-04:00,374.15269046923896,375.86021470687797,369.20783112226724,369.711181640625,382400,0.0,0.0,0.0
2023-04-13 00:00:00-04:00,371.6457247026104,377.43942136118915,371.17195292051343,376.866943359375,1067400,0.0,0.0,0.0
2023-04-14 00:00:00-04:00,375.20882269996986,378.3080235901893,372.099772271486,375.42596435546875,526200,0.0,0.0,0.0
2023-04-17 00:00:00-04:00,375.23839409436147,377.14330062870306,373.7677708276607,376.7879943847656,313300,0.0,0.0,0.0
2023-04-18 00:00:00-04:00,379.46285280980635,380.6867560052952,376.41301966303314,377.8540344238281,429500,0.0,0.0,0.0
2023-04-19 00:00:00-04:00,374.9027945046376,377.70587625938515,374.32046700370233,377.0643310546875,267300,0.0,0.0,0.0
2023-04-20 00:00:00-04:00,373.8763643825614,377.82437258140965,372.8104154220738,374.3600158691406,287600,0.0,0.0,0.0
2023-04-21 00:00:00-04:00,373.22493826496657,373.81711534844766,371.1127395975185,373.2545471191406,329100,0.0,0.0,0.0
2023-04-24 00:00:00-04:00,372.0800272090483,373.99481351110035,368.95121759561965,371.6358642578125,293000,0.0,0.0,0.0
2023-04-25 00:00:00-04:00,370.12573010448955,370.29353368867027,363.6016616932174,363.61151123046875,390700,0.0,0.0,0.0
2023-04-26 00:00:00-04:00,369.52367357054624,372.20828995158627,367.53979001744483,368.44781494140625,723300,0.0,0.0,0.0
2023-04-27 00:00:00-04:00,370.0270619455261,375.7813007557906,369.65199634776326,375.42596435546875,414100,0.0,0.0,0.0
2023-04-28 00:00:00-04:00,375.34705984306726,379.4233835830271,374.7351233232418,379.3641357421875,364000,0.0,0.0,0.0
2023-05-01 00:00:00-04:00,379.0778773216661,381.5355027404657,378.7423002455943,379.7589111328125,270200,0.0,0.0,0.0
2023-05-02 00:00:00-04:00,379.7490097730044,379.98588060824574,373.73817136147693,375.5049133300781,334100,0.0,0.0,0.0
2023-05-03 00:00:00-04:00,375.8010411247298,379.02852707562755,372.7610879782883,372.84991455078125,352100,0.0,0.0,0.0
2023-05-04 00:00:00-04:00,371.58653322109745,373.54077795324343,369.9777151009775,371.33978271484375,499000,0.0,0.0,0.0
2023-05-05 00:00:00-04:00,375.40625247105555,382.2955078096803,375.2384488618763,381.16046142578125,385500,0.0,0.0,0.0
2023-05-08 00:00:00-04:00,380.4201680763488,381.8217241490849,379.13707754344784,381.5650939941406,245200,0.0,0.0,0.0
2023-05-09 00:00:00-04:00,379.5910340221149,380.0944145991928,378.4757171235964,378.79156494140625,207300,0.0,0.0,0.0
2023-05-10 00:00:00-04:00,381.9895434933127,383.68718831723703,379.17661159329936,382.9173278808594,396400,0.0,0.0,0.0
2023-05-11 00:00:00-04:00,382.42378110324205,382.4632696165412,378.8508387328796,381.2986145019531,295300,0.0,0.0,0.0
2023-05-12 00:00:00-04:00,382.03889767459077,382.50278985136885,377.7257034569483,380.53863525390625,242100,0.0,0.0,0.0
2023-05-15 00:00:00-04:00,380.8445800969297,383.7463684082031,379.61082758774575,383.7463684082031,266000,0.0,0.0,0.0
2023-05-16 00:00:00-04:00,382.9567870820494,385.5229983804929,382.9567870820494,383.4897766113281,302900,0.0,0.0,0.0
2023-05-17 00:00:00-04:00,385.12821784349217,389.5697271363627,383.44042262514427,389.1058349609375,1040400,0.0,0.0,0.0
2023-05-18 00:00:00-04:00,389.628872569843,397.22876898855895,389.628872569843,396.7451477050781,1385600,0.0,0.0,0.0
2023-05-19 00:00:00-04:00,396.9524424585043,397.3275080239866,394.7415676989159,396.024658203125,361300,0.0,0.0,0.0
2023-05-22 00:00:00-04:00,394.70210032374274,398.21582509236094,394.38625244948446,397.0412902832031,278600,0.0,0.0,0.0
2023-05-23 00:00:00-04:00,395.2350939808929,396.2714340605619,390.7639760047843,390.9909973144531,411400,0.0,0.0,0.0
2023-05-24 00:00:00-04:00,387.91151035645674,390.0039798719137,386.30272241809473,388.57281494140625,379900,0.0,0.0,0.0
2023-05-25 00:00:00-04:00,399.63711024089906,403.9601838901808,397.0807786340536,402.41058349609375,735900,0.0,0.0,0.0
2023-05-26 00:00:00-04:00,403.693717169708,413.6821730731167,403.693717169708,413.0899658203125,511200,0.0,0.0,0.0
2023-05-30 00:00:00-04:00,419.1402857700897,420.620788815428,414.06708087669284,415.2514953613281,794400,0.0,0.0,0.0
2023-05-31 00:00:00-04:00,412.72478721993497,416.0805882176064,410.8692185179168,411.46142578125,425300,0.0,0.0,0.0
2023-06-01 00:00:00-04:00,410.1782578989425,417.501825634911,408.352328384737,415.7054748535156,527500,0.0,0.0,0.0
2023-06-02 00:00:00-04:00,418.21251984189456,420.15691513177546,415.4291667652485,418.58758544921875,476200,0.0,0.0,0.0
2023-06-05 00:00:00-04:00,418.13351660471346,420.9563276970018,415.42911080505166,416.3470153808594,390500,0.0,0.0,0.0
2023-06-06 00:00:00-04:00,415.2317634170259,418.10391279957753,413.3465859372583,417.0379638671875,355300,0.0,0.0,0.0
2023-06-07 00:00:00-04:00,417.01820289083366,419.998937931715,409.98087417882823,410.8296813964844,560900,0.0,0.0,0.0
2023-06-08 00:00:00-04:00,411.05672102206336,415.66603358024736,411.05672102206336,414.9652404785156,247700,0.0,0.0,0.0
2023-06-09 00:00:00-04:00,417.19591610531296,420.9761208592896,415.2416411223028,416.6925354003906,720000,0.0,0.0,0.0
2023-06-12 00:00:00-04:00,419.24881650439795,425.4471876793082,418.5776623929342,425.3879699707031,447400,0.0,0.0,0.0
2023-06-13 00:00:00-04:00,428.89185581770147,430.0071728926364,424.9734566883613,428.44769287109375,680300,0.0,0.0,0.0
2023-06-14 00:00:00-04:00,428.45760419563794,432.5733859558351,425.9900990230311,431.9910583496094,1916500,0.0,0.0,0.0
2023-06-15 00:00:00-04:00,430.3526010161702,439.35408455396384,430.0071744130434,437.6268310546875,645500,0.0,0.0,0.0
2023-06-16 00:00:00-04:00,441.5846800473026,442.0979403545401,433.6886642033779,433.8465881347656,621600,0.0,0.0,0.0
2023-06-20 00:00:00-04:00,431.3297343945783,434.3499579700158,428.9312967498056,431.3198547363281,757000,0.0,0.0,0.0
2023-06-21 00:00:00-04:00,429.89857974772076,430.55988432713445,423.2067075320706,424.7069396972656,536200,0.0,0.0,0.0
2023-06-22 00:00:00-04:00,422.70331957502924,428.3391224671415,422.70331957502924,428.200927734375,1686900,0.0,0.0,0.0
2023-06-23 00:00:00-04:00,423.0586669594279,425.91108704203396,421.65711088318903,423.2264404296875,534700,0.0,0.0,0.0
2023-06-26 00:00:00-04:00,423.32514082713044,427.47056116827946,419.64364273972984,419.79168701171875,415100,0.0,0.0,0.0
2023-06-27 00:00:00-04:00,422.0815360720868,429.49390036987364,421.6571023339368,428.2799072265625,325100,0.0,0.0,0.0
2023-06-28 00:00:00-04:00,426.33554328703786,431.6850774768885,425.7038475233103,429.3853759765625,432900,0.0,0.0,0.0
2023-06-29 00:00:00-04:00,430.0140890541233,431.0421771622913,427.93815293547647,430.3106384277344,348400,0.676,0.0,0.0
2023-06-30 00:00:00-04:00,434.95673421057336,438.20903278380996,434.32405538936587,437.09197998046875,419300,0.0,0.0,0.0
2023-07-03 00:00:00-04:00,437.3095302256558,437.38860000719154,434.2252958933084,436.35064697265625,832400,0.0,0.0,0.0
2023-07-05 00:00:00-04:00,434.0374380216083,436.5087833126857,432.87097028448915,433.64202880859375,465500,0.0,0.0,0.0
2023-07-06 00:00:00-04:00,429.40117680464596,432.2580361738348,427.2362759920531,431.96148681640625,441700,0.0,0.0,0.0
2023-07-07 00:00:00-04:00,431.0223752836572,435.69817139808947,430.3304167082587,430.48858642578125,318400,0.0,0.0,0.0
2023-07-10 00:00:00-04:00,428.71907268788715,432.218505859375,427.0484409568321,432.218505859375,343400,0.0,0.0,0.0
2023-07-11 00:00:00-04:00,433.0093154917327,434.18567817014014,429.4604675561577,433.8495788574219,913100,0.0,0.0,0.0
2023-07-12 00:00:00-04:00,438.2584786280654,440.2948647052619,435.60920375432477,438.3869934082031,466100,0.0,0.0,0.0
2023-07-13 00:00:00-04:00,441.5997301611393,445.7417071096605,440.75946676365965,444.92120361328125,501700,0.0,0.0,0.0
2023-07-14 00:00:00-04:00,445.9888205891789,448.7468501358657,441.95556853865827,443.32965087890625,763100,0.0,0.0,0.0
2023-07-17 00:00:00-04:00,443.9820970826848,450.53610914943056,443.9820970826848,449.2312316894531,758400,0.0,0.0,0.0
2023-07-18 00:00:00-04:00,448.4305033049842,456.34870243646577,446.0481230754274,454.3122863769531,610000,0.0,0.0,0.0
2023-07-19 00:00:00-04:00,455.755651673673,457.663523123815,451.49505452457015,453.1162414550781,1417500,0.0,0.0,0.0
2023-07-20 00:00:00-04:00,450.0319412762288,452.1276370875062,442.29170172151487,443.5273742675781,1117200,0.0,0.0,0.0
2023-07-21 00:00:00-04:00,446.7599071677811,448.3316791120122,442.27193578858635,442.7662048339844,333700,0.0,0.0,0.0
2023-07-24 00:00:00-04:00,444.82236721949806,445.53411582960206,441.6590333595276,443.2703552246094,613400,0.0,0.0,0.0
2023-07-25 00:00:00-04:00,444.4071826319344,449.8441421428995,444.39728759731304,448.3119201660156,593700,0.0,0.0,0.0
2023-07-26 00:00:00-04:00,443.8535869709434,445.0101897698389,439.82036497786237,443.1517333984375,340000,0.0,0.0,0.0
2023-07-27 00:00:00-04:00,448.8259413697987,450.2889885824549,439.12838525916925,441.1153564453125,358700,0.0,0.0,0.0
2023-07-28 00:00:00-04:00,445.46489373576946,448.51947260399265,444.6641803512734,447.3826599121094,418500,0.0,0.0,0.0
2023-07-31 00:00:00-04:00,448.0252129952559,450.0022890809915,446.95760518278496,449.59698486328125,467800,0.0,0.0,0.0
2023-08-01 00:00:00-04:00,447.6891178366498,450.65473199278256,446.43365520316974,449.834228515625,268900,0.0,0.0,0.0
2023-08-02 00:00:00-04:00,445.57365272574174,445.57365272574174,435.91564636680175,437.8630676269531,716500,0.0,0.0,0.0
2023-08-03 00:00:00-04:00,434.8282401706686,438.5154980673347,433.91880203155716,436.13311767578125,529900,0.0,0.0,0.0
2023-08-04 00:00:00-04:00,435.48066753847445,437.59615345368127,429.7965737303687,430.4391174316406,1200300,0.0,0.0,0.0
2023-08-07 00:00:00-04:00,432.1097546981948,433.37508221630037,427.64157349908794,431.1607666015625,485400,0.0,0.0,0.0
2023-08-08 00:00:00-04:00,427.5822369674891,428.62018980523106,422.79771664523827,427.14727783203125,469600,0.0,0.0,0.0
2023-08-09 00:00:00-04:00,427.8985987184411,427.8985987184411,419.565229556947,421.1666564941406,754600,0.0,0.0,0.0
2023-08-10 00:00:00-04:00,424.8637862933306,428.2940146089251,419.4663467009091,421.56207275390625,843500,0.0,0.0,0.0
2023-08-11 00:00:00-04:00,418.34933489238415,421.24574427753555,417.38055669651527,418.7941589355469,629400,0.0,0.0,0.0
2023-08-14 00:00:00-04:00,418.1812520534838,425.0417085662041,417.05433435842787,424.9725036621094,563000,0.0,0.0,0.0
2023-08-15 00:00:00-04:00,423.90491931501373,425.07138704384147,419.95076687739663,420.771240234375,579600,0.0,0.0,0.0
2023-08-16 00:00:00-04:00,419.940822646198,422.0068634326799,416.6391093677208,416.7873840332031,503200,0.0,0.0,0.0
2023-08-17 00:00:00-04:00,418.1516502075731,418.88315880719813,411.4592575882964,412.2303161621094,486700,0.0,0.0,0.0
2023-08-18 00:00:00-04:00,407.8114956438698,414.57309228656254,407.60388093253766,413.0309753417969,637000,0.0,0.0,0.0
2023-08-21 00:00:00-04:00,415.373819521792,421.05791349921435,414.6027610237401,420.1385803222656,598700,0.0,0.0,0.0
2023-08-22 00:00:00-04:00,424.3102459699954,424.67600026294605,419.2785903475148,420.2967834472656,419900,0.0,0.0,0.0
2023-08-23 00:00:00-04:00,421.0875565583732,429.3023053832353,420.93928188365834,427.9282531738281,712300,0.0,0.0,0.0
2023-08-24 00:00:00-04:00,433.0390211424318,433.0390211424318,417.88474452192713,417.99346923828125,942500,0.0,0.0,0.0
2023-08-25 00:00:00-04:00,418.8534690678398,424.0729490187083,415.5418604058932,422.1947326660156,585700,0.0,0.0,0.0
2023-08-28 00:00:00-04:00,425.28885910883344,426.4454619501967,422.38255470519084,425.4371337890625,350900,0.0,0.0,0.0
2023-08-29 00:00:00-04:00,424.2409907592248,434.4525754841561,423.42048728840365,434.00775146484375,475500,0.0,0.0,0.0
2023-08-30 00:00:00-04:00,433.9286096795076,438.13979099626306,432.6731773445831,437.5862121582031,466100,0.0,0.0,0.0
2023-08-31 00:00:00-04:00,438.8713544528972,441.6293841236157,438.52536009378116,439.78082275390625,329200,0.0,0.0,0.0
2023-09-01 00:00:00-04:00,442.65748132417406,443.87336387176373,439.50404239256557,441.5503234863281,375700,0.0,0.0,0.0
2023-09-05 00:00:00-04:00,440.1663592583554,443.44831306765997,438.24859288591773,442.3016052246094,267800,0.0,0.0,0.0
2023-09-06 00:00:00-04:00,440.85834856576224,441.87654162722976,434.8085000710008,437.24029541015625,646800,0.0,0.0,0.0
2023-09-07 00:00:00-04:00,429.05515972554946,431.55615973340525,427.0583237664167,430.6961364746094,589700,0.0,0.0,0.0
2023-09-08 00:00:00-04:00,430.844421120195,434.14613459494103,430.12277748156924,431.2497253417969,317500,0.0,0.0,0.0
2023-09-11 00:00:00-04:00,434.9567572497697,435.1742368351061,429.66807246328875,433.2960205078125,311800,0.0,0.0,0.0
2023-09-12 00:00:00-04:00,430.1326716859865,431.78354350406835,425.37780607673363,425.70404052734375,342900,0.0,0.0,0.0
2023-09-13 00:00:00-04:00,425.38772652016434,428.4027556870227,424.0037792004226,426.27740478515625,363800,0.0,0.0,0.0
2023-09-14 00:00:00-04:00,428.3236937447102,430.12281020937985,426.00062311134695,429.2627868652344,341500,0.0,0.0,0.0
2023-09-15 00:00:00-04:00,427.9282814122152,427.9282814122152,420.0397363511717,421.4533386230469,596000,0.0,0.0,0.0
2023-09-18 00:00:00-04:00,420.10893406407166,424.63642530404,419.743149624853,423.16351318359375,302400,0.0,0.0,0.0
2023-09-19 00:00:00-04:00,421.5620726667654,423.49959883996377,418.7249430605616,422.4122009277344,413700,0.0,0.0,0.0
2023-09-20 00:00:00-04:00,424.0630905191714,424.50791456928926,416.0954757428662,416.1943054199219,403800,0.0,0.0,0.0
2023-09-21 00:00:00-04:00,412.3093713164312,414.03931307034287,409.18558715780466,409.2943420410156,599800,0.0,0.0,0.0
2023-09-22 00:00:00-04:00,410.87603712407,414.22716597719335,409.79850392478784,410.4311828613281,449900,0.0,0.0,0.0
2023-09-25 00:00:00-04:00,409.2844356446188,412.8233888319846,408.4244123091081,412.0622253417969,1057400,0.0,0.0,0.0
2023-09-26 00:00:00-04:00,409.314080144603,409.67983441196174,403.3927466245462,404.7074890136719,533500,0.0,0.0,0.0
2023-09-27 00:00:00-04:00,406.6647820398329,408.17724402806493,401.8604714980573,405.9530334472656,584900,0.0,0.0,0.0
2023-09-28 00:00:00-04:00,404.4581211630576,411.91781509253855,402.21924251625626,409.41143798828125,445500,0.881,0.0,0.0
2023-09-29 00:00:00-04:00,413.42366388548714,415.9300411178399,409.83746715796593,411.0262451171875,584700,0.0,0.0,0.0
2023-10-02 00:00:00-04:00,411.3333089447105,416.45505161536744,410.8280912093253,414.810546875,1002600,0.0,0.0,0.0
2023-10-03 00:00:00-04:00,412.1555976335854,414.8600892894743,405.0525279560219,406.9248962402344,738200,0.0,0.0,0.0
2023-10-04 00:00:00-04:00,407.69761745145524,412.7004554467982,407.09329706633514,411.6206359863281,461400,0.0,0.0,0.0
2023-10-05 00:00:00-04:00,411.8683364521645,412.7104064457404,407.40043454103767,411.977294921875,494800,0.0,0.0,0.0
2023-10-06 00:00:00-04:00,409.08453126592354,421.70557282776946,408.1533052867062,420.2394104003906,657700,0.0,0.0,0.0
2023-10-09 00:00:00-04:00,417.04946059699176,422.87453559663294,415.44456060292947,422.1711730957031,456800,0.0,0.0,0.0
2023-10-10 00:00:00-04:00,422.53775576569245,426.9759388209491,421.77495580746887,423.56805419921875,1059400,0.0,0.0,0.0
2023-10-11 00:00:00-04:00,424.9946163155558,427.0650992799445,423.0232057418264,426.9264221191406,333600,0.0,0.0,0.0
2023-10-12 00:00:00-04:00,427.26321145300034,430.70081454124585,422.755674999529,425.9158935546875,366900,0.0,0.0,0.0
2023-10-13 00:00:00-04:00,426.76791267209336,427.43164024799313,417.8321090757765,419.09027099609375,992700,0.0,0.0,0.0
2023-10-16 00:00:00-04:00,419.6548919069132,425.6385070734263,419.6548919069132,423.90484619140625,260000,0.0,0.0,0.0
2023-10-17 00:00:00-04:00,418.0698283710842,424.4497024335107,415.6228888139177,422.0919189453125,397900,0.0,0.0,0.0
2023-10-18 00:00:00-04:00,418.66424151426713,421.46783584345985,415.01860748812754,416.3064880371094,318300,0.0,0.0,0.0
2023-10-19 00:00:00-04:00,418.3076242199454,420.59605427486366,412.7599030860702,413.3443908691406,435400,0.0,0.0,0.0
2023-10-20 00:00:00-04:00,412.8391506108963,413.43352443748836,405.58748760000947,406.0531005859375,576700,0.0,0.0,0.0
2023-10-23 00:00:00-04:00,403.1999979602839,410.41202619852317,400.86204688181635,406.1224670410156,394700,0.0,0.0,0.0
2023-10-24 00:00:00-04:00,408.15333387886545,410.21390051452926,405.1516248899846,409.7284851074219,440300,0.0,0.0,0.0
2023-10-25 00:00:00-04:00,410.43182994089,410.8875568673042,401.98147244261787,402.9622497558594,409100,0.0,0.0,0.0
2023-10-26 00:00:00-04:00,403.4575880867359,405.4587172815389,394.0462857370901,395.8294677734375,505600,0.0,0.0,0.0
2023-10-27 00:00:00-04:00,398.5835372736763,401.5357253008581,395.8394103429017,397.4739990234375,1001600,0.0,0.0,0.0
2023-10-30 00:00:00-04:00,399.61383470393133,402.5957414181403,397.70186146583416,400.9710388183594,327300,0.0,0.0,0.0
2023-10-31 00:00:00-04:00,401.2781151466571,404.5572085882661,398.13772909298217,403.9925231933594,268300,0.0,0.0,0.0
2023-11-01 00:00:00-04:00,404.61663846694734,410.90735699869987,404.61663846694734,410.62005615234375,389600,0.0,0.0,0.0
2023-11-02 00:00:00-04:00,415.4148911374254,418.2085693219336,414.31526921972596,417.94110107421875,430200,0.0,0.0,0.0
2023-11-03 00:00:00-04:00,417.9113715619236,425.48994071082535,417.21789507189663,423.88507080078125,351500,0.0,0.0,0.0
2023-11-06 00:00:00-05:00,424.548783945833,426.27255880366613,422.01268808452517,425.80694580078125,481400,0.0,0.0,0.0
2023-11-07 00:00:00-05:00,427.20381370805563,432.15713099609565,426.5400558890925,430.96832275390625,385600,0.0,0.0,0.0
2023-11-08 00:00:00-05:00,431.97878099134584,433.91058679272925,429.947933032065,432.76141357421875,368300,0.0,0.0,0.0
2023-11-09 00:00:00-05:00,434.1978395299436,436.8230913088765,429.74974061841476,430.16583251953125,280700,0.0,0.0,0.0
2023-11-10 00:00:00-05:00,432.90996438537235,441.67734101344666,432.32547664118687,441.52874755859375,404000,0.0,0.0,0.0
2023-11-13 00:00:00-05:00,439.8545467758315,440.33996216426755,437.16985744421044,439.319580078125,576800,0.0,0.0,0.0
2023-11-14 00:00:00-05:00,446.6406200956216,450.7320649595123,446.03629967336883,449.9494323730469,582100,0.0,0.0,0.0
2023-11-15 00:00:00-05:00,451.7425156005164,453.32758310529346,448.7903277507773,450.5339050292969,485300,0.0,0.0,0.0
2023-11-16 00:00:00-05:00,449.3748460206752,452.32703407068743,448.24550537603767,451.5345153808594,391900,0.0,0.0,0.0
2023-11-17 00:00:00-05:00,450.95988871914847,453.00065295372883,449.56304966356026,451.73260498046875,930200,0.0,0.0,0.0
2023-11-20 00:00:00-05:00,452.02979827517936,459.2319101026825,452.02979827517936,458.1025695800781,448200,0.0,0.0,0.0
2023-11-21 00:00:00-05:00,456.28967460454606,456.81472502350647,452.77283145167064,454.2984313964844,1214100,0.0,0.0,0.0
2023-11-22 00:00:00-05:00,456.7552872205558,460.11365082318474,454.93247010293936,455.9627685546875,386400,0.0,0.0,0.0
2023-11-24 00:00:00-05:00,455.1999087639153,455.7546778404949,453.6941113035774,455.4674072265625,165000,0.0,0.0,0.0
2023-11-27 00:00:00-05:00,454.7739480664305,457.82520833635095,453.71393094909746,455.2296447753906,439300,0.0,0.0,0.0
2023-11-28 00:00:00-05:00,453.89227491232947,457.4289203641514,453.8229212167167,456.07171630859375,361200,0.0,0.0,0.0
2023-11-29 00:00:00-05:00,459.85604671624696,462.3129028354816,457.27039951760617,457.8450012207031,344900,0.0,0.0,0.0
2023-11-30 00:00:00-05:00,459.7470649514478,460.2423966596165,453.9021568415874,457.7162170410156,321700,0.0,0.0,0.0
2023-12-01 00:00:00-05:00,456.7849475350903,460.6584447522145,454.9324119600842,460.31170654296875,441200,0.0,0.0,0.0
2023-12-04 00:00:00-05:00,456.14104960175086,456.14104960175086,450.52397492867897,455.62591552734375,407900,0.0,0.0,0.0
2023-12-05 00:00:00-05:00,453.51582165949804,458.528576214091,453.51582165949804,458.0926818847656,898200,0.0,0.0,0.0
2023-12-06 00:00:00-05:00,460.5197619874716,460.8466978315015,453.7733468223825,454.1101989746094,320800,0.0,0.0,0.0
2023-12-07 00:00:00-05:00,455.7843743829822,459.61826688921644,454.68475259155116,459.0139465332031,383800,0.0,0.0,0.0
2023-12-08 00:00:00-05:00,457.95397814838,463.5215320841832,457.68650990296953,463.1153564453125,323000,0.0,0.0,0.0
2023-12-11 00:00:00-05:00,461.65905364050553,466.3745907941108,460.7575463323898,466.3052673339844,698600,0.0,0.0,0.0
2023-12-12 00:00:00-05:00,464.8588980990628,469.15837375623795,464.0564631395813,469.08905029296875,343200,0.0,0.0,0.0
2023-12-13 00:00:00-05:00,470.24809433842734,475.53823325393546,468.83145293563,474.5079650878906,593100,0.0,0.0,0.0
2023-12-14 00:00:00-05:00,475.6175192419753,478.49043714517853,471.4369183540924,475.4292907714844,595300,0.0,0.0,0.0
2023-12-15 00:00:00-05:00,475.17170017415924,479.9665074669297,475.17170017415924,477.71771240234375,553000,0.0,0.0,0.0
2023-12-18 00:00:00-05:00,477.3511593127401,479.94669255076286,475.6373007686144,478.81732177734375,1244900,0.0,0.0,0.0
2023-12-19 00:00:00-05:00,478.9711359102586,481.2633361816406,478.8024323444295,481.2633361816406,383300,0.795,0.0,0.0
2023-12-20 00:00:00-05:00,480.48940456457416,482.58313386666083,473.4937322910385,473.5433349609375,397200,0.0,0.0,0.0
2023-12-21 00:00:00-05:00,478.2864626114516,480.19168342165403,475.0515693772616,479.4176940917969,408300,0.0,0.0,0.0
2023-12-22 00:00:00-05:00,480.8068910731446,481.36257415484624,477.59183292049124,479.884033203125,395100,0.0,0.0,0.0
2023-12-26 00:00:00-05:00,480.85647493899785,483.3272810550598,480.56870076357706,482.255615234375,319200,0.0,0.0,0.0
2023-12-27 00:00:00-05:00,482.47397199630217,483.3868972804421,480.44968047578925,482.7220458984375,638900,0.0,0.0,0.0
2023-12-28 00:00:00-05:00,483.7043718298996,484.08144897747115,482.6029383243205,483.03955078125,320500,0.0,0.0,0.0
2023-12-29 00:00:00-05:00,483.22810883688055,483.8433272466872,478.19716301610816,480.27105712890625,532900,0.0,0.0,0.0
2024-01-02 00:00:00-05:00,473.9898472845455,474.12875292011626,464.6027092099756,467.65899658203125,621700,0.0,0.0,0.0
2024-01-03 00:00:00-05:00,463.1936354811515,465.20799418076433,460.96097055526485,461.3975830078125,1375200,0.0,0.0,0.0
2024-01-04 00:00:00-05:00,458.1726867818641,462.09223647613226,458.1726867818641,458.61920166015625,523800,0.0,0.0,0.0
2024-01-05 00:00:00-05:00,458.66876669366343,462.40970988266093,456.9322495428165,458.7283020019531,435900,0.0,0.0,0.0
2024-01-08 00:00:00-05:00,460.95107786956675,470.5961923968318,460.6335360070123,470.40765380859375,645700,0.0,0.0,0.0
2024-01-09 00:00:00-05:00,467.0735267683285,472.45175168275085,465.89269264307666,471.24114990234375,344800,0.0,0.0,0.0
2024-01-10 00:00:00-05:00,471.24116235010126,476.1431049115241,470.14963116148243,475.2401123046875,362500,0.0,0.0,0.0
2024-01-11 00:00:00-05:00,477.41327651493503,479.3283998445529,470.238998372776,476.9071960449219,749800,0.0,0.0,0.0
2024-01-12 00:00:00-05:00,477.8994651462942,479.71538303638215,475.9942745693507,477.96893310546875,449900,0.0,0.0,0.0
2024-01-16 00:00:00-05:00,476.4308642946658,480.49928208077796,474.2279669761094,478.6734619140625,490600,0.0,0.0,0.0
2024-01-17 00:00:00-05:00,474.6943623965811,476.2522737183775,470.2389649516238,476.0538024902344,379700,0.0,0.0,0.0
2024-01-18 00:00:00-05:00,482.21596273000813,485.48062374279874,479.8642269962124,485.3119201660156,499600,0.0,0.0,0.0
2024-01-19 00:00:00-05:00,488.42771605241694,495.96916827686675,487.227046917922,495.85009765625,807400,0.0,0.0,0.0
2024-01-22 00:00:00-05:00,499.412435426906,502.09161524022323,497.5866152503059,499.0849609375,619100,0.0,0.0,0.0
2024-01-23 00:00:00-05:00,499.98797298589,501.55581697281025,497.32862807834243,501.15887451171875,484400,0.0,0.0,0.0
2024-01-24 00:00:00-05:00,504.7708435241401,508.9880997601218,503.0144912404867,503.56024169921875,627600,0.0,0.0,0.0
2024-01-25 00:00:00-05:00,507.79731674583513,509.81170579015514,502.4488594605261,504.7608947753906,466500,0.0,0.0,0.0
2024-01-26 00:00:00-05:00,502.2404863383129,504.1952795089279,498.85675486459644,499.5215759277344,385100,0.0,0.0,0.0
2024-01-29 00:00:00-05:00,500.6528213569213,505.3662253708146,499.92843468046976,505.3562927246094,411600,0.0,0.0,0.0
2024-01-30 00:00:00-05:00,505.15782012493935,505.9913750600139,499.4620531908297,500.4940490722656,630900,0.0,0.0,0.0
2024-01-31 00:00:00-05:00,496.2668527859282,498.13237329205583,490.1047058105469,490.1047058105469,811500,0.0,0.0,0.0
2024-02-01 00:00:00-05:00,492.5854193535463,497.19958743354795,491.66259179403716,496.42559814453125,492500,0.0,0.0,0.0
2024-02-02 00:00:00-05:00,493.08156738247254,502.6770480424751,492.47625137219444,501.26800537109375,514600,0.0,0.0,0.0
2024-02-05 00:00:00-05:00,503.05417379684053,503.50071893417345,496.72332296198243,501.5061950683594,422800,0.0,0.0,0.0
2024-02-06 00:00:00-05:00,502.76642651089475,503.123638392405,496.79278759988773,500.65283203125,368600,0.0,0.0,0.0
2024-02-07 00:00:00-05:00,504.19527462423724,507.231726850532,501.8534716745925,507.12255859375,393900,0.0,0.0,0.0
2024-02-08 00:00:00-05:00,507.77750395440455,511.03223230028084,507.1225852266879,509.6926574707031,396100,0.0,0.0,0.0
2024-02-09 00:00:00-05:00,512.6893986217756,518.0676848832964,511.83603886158073,517.4226684570312,509500,0.0,0.0,0.0
2024-02-12 00:00:00-05:00,517.5217976918623,519.595722033305,513.4038075114539,514.1976318359375,525800,0.0,0.0,0.0
2024-02-13 00:00:00-05:00,502.0817598245362,507.8767627397328,500.2857071351713,504.1457214355469,879700,0.0,0.0,0.0
2024-02-14 00:00:00-05:00,508.5514610206013,511.2406037202935,505.2967328813677,510.8833312988281,590200,0.0,0.0,0.0
2024-02-15 00:00:00-05:00,512.1138600234806,512.173395336555,507.24165473804266,510.4864807128906,343100,0.0,0.0,0.0
2024-02-16 00:00:00-05:00,511.3001734897465,512.2428058583604,504.44337697341047,505.0784606933594,390800,0.0,0.0,0.0
2024-02-20 00:00:00-05:00,502.0023298770154,503.25263200321183,493.9051942778755,499.11474609375,553200,0.0,0.0,0.0
2024-02-21 00:00:00-05:00,493.8853580319677,494.8578186035156,489.7276371229156,494.8578186035156,635400,0.0,0.0,0.0
2024-02-22 00:00:00-05:00,507.5691185666447,512.2031219374006,506.37835176528506,510.95281982421875,745200,0.0,0.0,0.0
2024-02-23 00:00:00-05:00,514.1777411326584,515.4479084409892,507.56907976592504,509.2261962890625,345700,0.0,0.0,0.0
2024-02-26 00:00:00-05:00,511.60776960779384,513.036677658645,509.59338051902563,510.5559387207031,306500,0.0,0.0,0.0
2024-02-27 00:00:00-05:00,512.2130658881644,512.2130658881644,507.7576683545436,511.3001708984375,279600,0.0,0.0,0.0
2024-02-28 00:00:00-05:00,509.5041372922435,510.2384263699431,507.0333005751228,508.9285888671875,261700,0.0,0.0,0.0
2024-02-29 00:00:00-05:00,511.48871505876065,515.0312176412633,508.27362641961696,513.8007202148438,1035600,0.0,0.0,0.0
2024-03-01 00:00:00-05:00,515.2395489964787,524.0214012478748,515.2395489964787,523.3267822265625,478500,0.0,0.0,0.0
2024-03-04 00:00:00-05:00,523.8030465614792,527.6928281550569,522.7412830563486,524.2991943359375,417000,0.0,0.0,0.0
2024-03-05 00:00:00-05:00,519.139316235571,519.139316235571,508.19432633068936,511.70703125,550000,0.0,0.0,0.0
2024-03-06 00:00:00-05:00,518.5637075470851,521.0940488398159,513.5128970416329,517.3828735351562,392500,0.0,0.0,0.0
2024-03-07 00:00:00-05:00,521.8582434520439,527.1670621777934,518.9607567523851,526.0755004882812,332600,0.0,0.0,0.0
2024-03-08 00:00:00-05:00,527.7921275945221,532.4955991049462,516.9066132372844,517.4722290039062,595100,0.0,0.0,0.0
2024-03-11 00:00:00-04:00,514.4557033773145,517.2837218171833,512.1039674793383,515.2594604492188,372700,0.0,0.0,0.0
2024-03-12 00:00:00-04:00,520.3697881500395,525.916748046875,514.882424140595,525.916748046875,381900,0.0,0.0,0.0
2024-03-13 00:00:00-04:00,524.011487810076,524.7457768782682,518.5736666299682,520.3499145507812,410200,0.0,0.0,0.0
2024-03-14 00:00:00-04:00,521.947454525933,523.5053657929731,514.9815204478755,518.39501953125,400200,0.0,0.0,0.0
2024-03-15 00:00:00-04:00,511.7963555535996,514.5152359908147,509.7621009842959,511.58795166015625,474000,0.0,0.0,0.0
2024-03-18 00:00:00-04:00,516.668406704193,519.7643637772467,513.1557024849347,513.9891967773438,320900,0.0,0.0,0.0
2024-03-19 00:00:00-04:00,510.78418905211106,516.9860369036423,507.29131924381437,516.1624145507812,360100,0.0,0.0,0.0
2024-03-20 00:00:00-04:00,517.2439774249423,523.2572859114341,514.763238601061,523.1580200195312,319400,0.0,0.0,0.0
2024-03-21 00:00:00-04:00,529.8461936616043,529.8461936616043,523.9717599556031,524.626708984375,346300,0.0,0.0,0.0
2024-03-22 00:00:00-04:00,524.3670756093522,527.3212599082759,522.696047006819,525.4612426757812,286300,1.259,0.0,0.0
2024-03-25 00:00:00-04:00,520.7066452045034,525.9087189091221,520.2093131651486,523.342529296875,375100,0.0,0.0,0.0
2024-03-26 00:00:00-04:00,525.8192363044938,526.286699283752,520.099917817486,521.0448608398438,320700,0.0,0.0,0.0
2024-03-27 00:00:00-04:00,524.436724731896,524.436724731896,517.7326974142277,522.2783203125,337400,0.0,0.0,0.0
2024-03-28 00:00:00-04:00,521.4526898408726,523.2927942670567,520.0502400767921,521.542236328125,252700,0.0,0.0,0.0
2024-04-01 00:00:00-04:00,522.2086694619682,525.7794799980877,519.9408059102104,522.616455078125,352200,0.0,0.0,0.0
2024-04-02 00:00:00-04:00,515.9720804877253,517.7426118462633,511.824347908289,516.7180786132812,421000,0.0,0.0,0.0
2024-04-03 00:00:00-04:00,513.9231075948777,520.746489649353,513.5849557536458,517.7824096679688,287200,0.0,0.0,0.0
2024-04-04 00:00:00-04:00,523.5116721629976,524.9837557607747,509.16860095705005,509.41729736328125,409000,0.0,0.0,0.0
2024-04-05 00:00:00-04:00,512.1724538124868,518.2200289221722,510.00409322228813,515.614013671875,736000,0.0,0.0,0.0
2024-04-08 00:00:00-04:00,516.4893495179006,517.3547025273933,513.1970133976675,514.8680419921875,212500,0.0,0.0,0.0
2024-04-09 00:00:00-04:00,517.2950423374132,518.249941870161,509.96437169215267,516.0317993164062,263500,0.0,0.0,0.0
2024-04-10 00:00:00-04:00,509.3276732456666,512.8686748507985,508.7507814502242,511.3369140625,409000,0.0,0.0,0.0
2024-04-11 00:00:00-04:00,513.4456719132994,522.3578242865668,510.8496129229338,521.2040405273438,490600,0.0,0.0,0.0
2024-04-12 00:00:00-04:00,515.8229787281632,517.7923945871745,510.75015444446666,511.9338073730469,448400,0.0,0.0,0.0
2024-04-15 00:00:00-04:00,516.0516792015687,516.2804325368421,501.1018777310046,502.1960144042969,552100,0.0,0.0,0.0
2024-04-16 00:00:00-04:00,502.4645765710569,505.68727890181884,500.5349255729545,502.4944152832031,558100,0.0,0.0,0.0
2024-04-17 00:00:00-04:00,505.1800107219305,505.9956122892446,494.61665151166574,495.034423828125,398000,0.0,0.0,0.0
2024-04-18 00:00:00-04:00,495.19353482090594,497.0038307920431,489.5736886523495,490.3395690917969,539700,0.0,0.0,0.0
2024-04-19 00:00:00-04:00,488.0817473107452,489.8820871294732,475.6981655685786,477.33935546875,1133500,0.0,0.0,0.0
2024-04-22 00:00:00-04:00,481.6064725069933,486.0227840849815,476.762462598303,483.8643493652344,1057000,0.0,0.0,0.0
2024-04-23 00:00:00-04:00,486.02278399923995,492.9655208467158,485.24694711971637,491.8117370605469,519300,0.0,0.0,0.0
2024-04-24 00:00:00-04:00,496.10869791570974,497.7598442827415,490.25014102121156,492.5975341796875,514500,0.0,0.0,0.0
2024-04-25 00:00:00-04:00,486.0625517546821,494.44756339581375,484.401449240011,492.7964172363281,479800,0.0,0.0,0.0
2024-04-26 00:00:00-04:00,497.33208882689905,504.1256318041881,495.73069407115247,501.2510681152344,364400,0.0,0.0,0.0
2024-04-29 00:00:00-04:00,503.3598028548276,504.2947897059361,500.1271439464562,503.2404479980469,394000,0.0,0.0,0.0
2024-04-30 00:00:00-04:00,501.41027045854054,503.30012652275605,492.0305935675734,492.09027099609375,297100,0.0,0.0,0.0
2024-05-01 00:00:00-04:00,489.4643074454075,497.92890958583627,484.9286410762881,486.7588195800781,405900,0.0,0.0,0.0
2024-05-02 00:00:00-04:00,492.60744088826414,494.74596282924864,485.73430768176195,493.4131164550781,317700,0.0,0.0,0.0
2024-05-03 00:00:00-04:00,504.0659585774769,508.4027102126099,504.0361198660886,506.7416076660156,438500,0.0,0.0,0.0
2024-05-06 00:00:00-04:00,508.71101153670946,514.3507400050588,508.6612904734289,514.072265625,285300,0.0,0.0,0.0
2024-05-07 00:00:00-04:00,514.8481127312019,515.226089977162,511.83431182834295,511.9237976074219,243300,0.0,0.0,0.0
2024-05-08 00:00:00-04:00,509.90466492545414,513.187044610516,508.92988309155925,512.6697998046875,211400,0.0,0.0,0.0
2024-05-09 00:00:00-04:00,512.391289616104,512.7792231933829,509.25807335266694,512.1624755859375,387000,0.0,0.0,0.0
2024-05-10 00:00:00-04:00,514.768552922342,517.3944200689058,512.1724334210701,513.5053100585938,228600,0.0,0.0,0.0
2024-05-13 00:00:00-04:00,517.2452756998499,518.0111258202903,514.480080195623,516.0119018554688,274700,0.0,0.0,0.0
2024-05-14 00:00:00-04:00,515.793034067179,521.7510625529221,515.793034067179,521.3233642578125,227700,0.0,0.0,0.0
2024-05-15 00:00:00-04:00,524.9738291109664,533.4483880522672,524.6058081906976,533.2593994140625,356200,0.0,0.0,0.0
2024-05-16 00:00:00-04:00,534.1048737176749,535.3880295516318,531.0015258789062,531.0015258789062,363100,0.0,0.0,0.0
2024-05-17 00:00:00-04:00,532.5333082453707,532.7521052401729,526.78411973045,529.7084350585938,312300,0.0,0.0,0.0
2024-05-20 00:00:00-04:00,530.9318584625743,537.4269837850088,530.5936459398259,536.42236328125,371900,0.0,0.0,0.0
2024-05-21 00:00:00-04:00,534.0750060595534,537.4866970320509,532.8813968595913,536.9296875,272500,0.0,0.0,0.0
2024-05-22 00:00:00-04:00,537.9541819736986,539.296954283359,533.7069466547803,537.0589599609375,475100,0.0,0.0,0.0
2024-05-23 00:00:00-04:00,546.1601918771687,546.3292677923852,534.8209957219494,537.0987548828125,519100,0.0,0.0,0.0
2024-05-24 00:00:00-04:00,538.2923618972507,542.9971041137219,536.8003656043841,542.3207397460938,286700,0.0,0.0,0.0
2024-05-28 00:00:00-04:00,546.747008079868,548.8756040300037,543.5342621531901,546.9857177734375,372900,0.0,0.0,0.0
2024-05-29 00:00:00-04:00,542.2213073347416,546.8763285668322,541.2962769017126,545.0759887695312,312500,0.0,0.0,0.0
2024-05-30 00:00:00-04:00,540.4209374974822,540.9580342872771,530.026684906644,532.2249145507812,547400,0.0,0.0,0.0
2024-05-31 00:00:00-04:00,534.1943245568532,534.1943245568532,519.8612409054582,531.7573852539062,546000,0.0,0.0,0.0
2024-06-03 00:00:00-04:00,537.0888108234719,537.1186798906859,527.3809390125273,534.5524291992188,386300,0.0,0.0,0.0
2024-06-04 00:00:00-04:00,534.1346781157383,535.8355757618009,530.9417841620899,534.8806762695312,311700,0.0,0.0,0.0
2024-06-05 00:00:00-04:00,540.0927477295995,548.9552404624673,538.9389638768769,548.5076293945312,491900,0.0,0.0,0.0
2024-06-06 00:00:00-04:00,550.0691751575276,551.0240138657567,545.026220746511,546.9558715820312,382800,0.0,0.0,0.0
2024-06-07 00:00:00-04:00,546.0706363885213,548.7462854687861,543.802772911055,546.9160766601562,292100,0.0,0.0,0.0
2024-06-10 00:00:00-04:00,544.6085154786334,550.4173203763861,544.0813143150699,548.8059692382812,322900,0.0,0.0,0.0
2024-06-11 00:00:00-04:00,547.7019452488083,556.5046997070312,546.8863132666692,556.5046997070312,480300,0.0,0.0,0.0
2024-06-12 00:00:00-04:00,563.1689426762536,574.2693687682022,562.5522557105612,568.4705200195312,440600,0.0,0.0,0.0
2024-06-13 00:00:00-04:00,575.9005669728654,577.0544113450617,570.2508820775186,574.0902709960938,408400,0.0,0.0,0.0
2024-06-14 00:00:00-04:00,573.3642358314795,576.6565719163266,572.0214634406948,576.318359375,389300,0.0,0.0,0.0
2024-06-17 00:00:00-04:00,577.8004719394874,585.5289716766351,575.333663381798,583.3406982421875,417700,0.0,0.0,0.0
2024-06-18 00:00:00-04:00,583.8778219086693,587.0308903168362,582.5648579241607,585.6781616210938,466200,0.0,0.0,0.0
2024-06-20 00:00:00-04:00,589.6368745112735,589.9352616035137,575.1247590884238,577.6511840820312,616800,0.0,0.0,0.0
2024-06-21 00:00:00-04:00,575.9702516322851,579.0437907353117,570.6686744254586,574.6572875976562,483300,0.0,0.0,0.0
2024-06-24 00:00:00-04:00,571.4743087197836,572.9165838535238,563.9148855980488,564.1138305664062,526300,0.0,0.0,0.0
2024-06-25 00:00:00-04:00,567.2769080581838,572.3397149658631,565.3969781027531,572.1905517578125,310000,0.0,0.0,0.0
2024-06-26 00:00:00-04:00,572.0811247209962,574.8661722700048,569.773496549108,573.3343505859375,564700,0.0,0.0,0.0
2024-06-27 00:00:00-04:00,573.1752028719368,576.6366146049801,572.5485596155094,574.4782104492188,497300,0.0,0.0,0.0
2024-06-28 00:00:00-04:00,577.9661585162904,583.7527896391011,573.6834642570312,574.2711181640625,380400,0.762,0.0,0.0
2024-07-01 00:00:00-04:00,575.7053262381249,580.7449736570969,568.6238748131648,579.9083251953125,590700,0.0,0.0,0.0
2024-07-02 00:00:00-04:00,576.6016704295713,583.7627563476562,576.1833765933361,583.7627563476562,366700,0.0,0.0,0.0
2024-07-03 00:00:00-04:00,583.2448339132006,590.6250667250251,583.0954736507865,590.5055541992188,378000,0.0,0.0,0.0
2024-07-05 00:00:00-04:00,591.0632991323682,595.0372425866198,589.5892099990673,593.5133666992188,512700,0.0,0.0,0.0
2024-07-08 00:00:00-04:00,595.5750836313085,598.1049074155252,594.101055201866,597.497314453125,489600,0.0,0.0,0.0
2024-07-09 00:00:00-04:00,599.867726843938,600.624680051059,593.3341118625565,596.2224731445312,388800,0.0,0.0,0.0
2024-07-10 00:00:00-04:00,599.7581614935763,604.6882658756032,597.5172104826264,604.4093627929688,396400,0.0,0.0,0.0
2024-07-11 00:00:00-04:00,606.0926129781744,606.0926129781744,590.1569601734295,592.7664184570312,723900,0.0,0.0,0.0
2024-07-12 00:00:00-04:00,594.1507847943492,603.5827299866436,592.6070307377593,598.2841186523438,690400,0.0,0.0,0.0
2024-07-15 00:00:00-04:00,603.0647989270882,606.7001436658917,598.3737197299254,601.3517456054688,598900,0.0,0.0,0.0
2024-07-16 00:00:00-04:00,603.323769147013,603.9412707729441,596.8698498103471,602.0787963867188,421600,0.0,0.0,0.0
2024-07-17 00:00:00-04:00,588.6231116419801,589.6788460942176,579.6194906679865,580.3863525390625,763200,0.0,0.0,0.0
2024-07-18 00:00:00-04:00,584.9679100563978,585.5256554328565,571.5919297403386,577.3685913085938,1189400,0.0,0.0,0.0
2024-07-19 00:00:00-04:00,575.7849381040214,578.4243046292289,569.2812321195823,570.5162353515625,408600,0.0,0.0,0.0
2024-07-22 00:00:00-04:00,577.3984688335802,582.1692437003626,574.2113869692114,581.88037109375,441600,0.0,0.0,0.0
2024-07-23 00:00:00-04:00,580.1373383651705,585.5056752295163,578.9521219248563,580.8046875,406400,0.0,0.0,0.0
2024-07-24 00:00:00-04:00,574.1714193782669,575.6753560729032,556.2935998820807,558.0067138671875,723800,0.0,0.0,0.0
2024-07-25 00:00:00-04:00,557.2597755120854,565.9446762854083,545.0590424941317,552.7579345703125,664500,0.0,0.0,0.0
2024-07-26 00:00:00-04:00,560.7656332315674,563.6439640196879,556.0944930577526,559.301513671875,473000,0.0,0.0,0.0
2024-07-29 00:00:00-04:00,563.6838791308124,565.7256224102827,555.676174997724,557.2398681640625,419100,0.0,0.0,0.0
2024-07-30 00:00:00-04:00,559.4309870403983,560.5166300053878,542.0213078853919,546.602783203125,453900,0.0,0.0,0.0
2024-07-31 00:00:00-04:00,561.3532270590248,568.5541299774222,557.7577603539905,565.7255859375,424900,0.0,0.0,0.0
2024-08-01 00:00:00-04:00,565.1379453736137,570.1178364806836,540.7862657021044,545.2781372070312,665700,0.0,0.0,0.0
2024-08-02 00:00:00-04:00,532.8085960136344,536.8522656527906,525.1295811083015,531.9022216796875,805200,0.0,0.0,0.0
2024-08-05 00:00:00-04:00,493.07897603082483,522.9383855128345,492.1327845037082,513.287353515625,1403200,0.0,0.0,0.0
2024-08-06 00:00:00-04:00,517.6896435885473,527.9482081908106,511.235662697565,518.3867797851562,746200,0.0,0.0,0.0
2024-08-07 00:00:00-04:00,528.4062160599277,533.0673864210994,511.5244353608879,512.3610229492188,657500,0.0,0.0,0.0
2024-08-08 00:00:00-04:00,521.902524698167,531.2846219325749,513.964547162215,530.109375,410000,0.0,0.0,0.0
2024-08-09 00:00:00-04:00,529.0337246341846,535.4677657045949,526.7529564354647,533.4857788085938,422600,0.0,0.0,0.0
2024-08-12 00:00:00-04:00,534.9000618433925,540.5871193792086,532.3503600249074,536.2545776367188,377800,0.0,0.0,0.0
2024-08-13 00:00:00-04:00,541.6627495755143,551.8914657053582,541.6627495755143,551.7520141601562,620900,0.0,0.0,0.0
2024-08-14 00:00:00-04:00,554.8296001070449,556.8912823387478,547.7083314437672,554.1821899414062,421100,0.0,0.0,0.0
2024-08-15 00:00:00-04:00,561.283484396198,569.5899690644491,560.7357085617563,569.0919799804688,435900,0.0,0.0,0.0
2024-08-16 00:00:00-04:00,566.9706010834673,571.6517111217735,564.9985835567787,570.40673828125,375800,0.0,0.0,0.0
2024-08-19 00:00:00-04:00,569.6995608062833,578.3546142578125,566.5622049929608,578.3546142578125,501100,0.0,0.0,0.0
2024-08-20 00:00:00-04:00,577.2889205489638,580.0477998122154,573.3946722569849,576.4224243164062,397700,0.0,0.0,0.0
2024-08-21 00:00:00-04:00,576.5618627067356,581.5915407023539,575.2571336331433,579.6991577148438,332300,0.0,0.0,0.0
2024-08-22 00:00:00-04:00,582.6871194840872,583.8125798199588,567.0204003655376,567.5681762695312,621700,0.0,0.0,0.0
2024-08-23 00:00:00-04:00,573.3348569045905,579.7788064745204,571.1835100188144,577.6773071289062,420300,0.0,0.0,0.0
2024-08-26 00:00:00-04:00,578.0159823795902,579.2609552552159,569.141842469595,572.20947265625,353800,0.0,0.0,0.0
2024-08-27 00:00:00-04:00,568.2056559560826,575.8049757271372,565.8750398397523,574.8787231445312,302500,0.0,0.0,0.0
2024-08-28 00:00:00-04:00,574.0419865156854,575.0081169900045,562.9966222092094,567.2992553710938,357100,0.0,0.0,0.0
2024-08-29 00:00:00-04:00,568.9028173339841,576.6714359189962,564.5503970245065,565.785400390625,396500,0.0,0.0,0.0
2024-08-30 00:00:00-04:00,570.7553076113264,573.2751618251183,565.1977318179391,571.66162109375,282000,0.0,0.0,0.0
2024-09-03 00:00:00-04:00,566.8610120511102,566.8610120511102,543.415646516023,546.4832763671875,623800,0.0,0.0,0.0
2024-09-04 00:00:00-04:00,541.0153807411136,549.7202206491838,538.7246429952561,545.3080444335938,476900,0.0,0.0,0.0
2024-09-05 00:00:00-04:00,541.8619141214592,550.3676066440354,540.9655702374871,544.0928955078125,352000,0.0,0.0,0.0
2024-09-06 00:00:00-04:00,544.4913409213768,545.4475019063431,528.7349580300086,531.0256958007812,692100,0.0,0.0,0.0
2024-09-09 00:00:00-04:00,536.2845160706623,539.0632735826346,531.742857553523,538.19677734375,325400,0.0,0.0,0.0
2024-09-10 00:00:00-04:00,539.9397445600182,544.1328350362636,535.2387562202962,543.6547241210938,573100,0.0,0.0,0.0
2024-09-11 00:00:00-04:00,545.4773504366923,560.088334069101,537.2107432746416,559.3214721679688,482900,0.0,0.0,0.0
2024-09-12 00:00:00-04:00,559.3215119477214,565.9148834448406,554.9093353639188,563.6241455078125,417800,0.0,0.0,0.0
2024-09-13 00:00:00-04:00,564.8690621565137,568.6736453971125,563.1659175450692,566.9506225585938,313100,0.0,0.0,0.0
2024-09-16 00:00:00-04:00,561.8512749509172,565.098173942307,558.6741017354414,563.6241455078125,283900,0.0,0.0,0.0
2024-09-17 00:00:00-04:00,567.7873206809783,568.703603686821,560.1880014638093,563.3352661132812,250700,0.0,0.0,0.0
2024-09-18 00:00:00-04:00,564.9587170434305,570.6855922266444,560.0286123364648,560.7357788085938,446800,0.0,0.0,0.0
2024-09-19 00:00:00-04:00,575.6355810353688,580.6951065111854,573.6137161149596,577.3187866210938,512800,0.0,0.0,0.0
2024-09-20 00:00:00-04:00,576.0140719660154,578.4043832262779,571.3429316707578,575.2969360351562,313900,0.0,0.0,0.0
2024-09-23 00:00:00-04:00,576.0738172616423,576.3725985647767,573.5838717527135,575.0977172851562,382000,0.0,0.0,0.0
2024-09-24 00:00:00-04:00,577.5777117880835,580.4162862330057,571.2034875548422,580.2868041992188,324900,0.0,0.0,0.0
2024-09-25 00:00:00-04:00,578.3745855073288,583.6133803475492,578.3745855073288,580.67529296875,300500,0.0,0.0,0.0
2024-09-26 00:00:00-04:00,591.2823882479819,591.8600726517415,581.7508691395429,587.8761596679688,494700,0.0,0.0,0.0
2024-09-27 00:00:00-04:00,589.2098227330371,589.2098227330371,580.4315888671447,583.5139770507812,329700,0.917,0.0,0.0
2024-09-30 00:00:00-04:00,580.8406205074521,585.399269790736,578.0674635029509,585.0701293945312,538700,0.0,0.0,0.0
2024-10-01 00:00:00-04:00,583.5538678084774,583.5538678084774,566.8452741575509,570.3665771484375,608500,0.0,0.0,0.0
2024-10-02 00:00:00-04:00,570.0573338092313,576.720874858421,566.6258957161779,573.9577026367188,288000,0.0,0.0,0.0
2024-10-03 00:00:00-04:00,572.4115178663802,580.5712897225582,572.1421658193747,576.2120971679688,329100,0.0,0.0,0.0
2024-10-04 00:00:00-04:00,584.4816256462366,584.4816256462366,576.8306022542874,583.5938110351562,354800,0.0,0.0,0.0
2024-10-07 00:00:00-04:00,580.8007386190174,584.7908509325686,578.4266169217119,579.4042358398438,358800,0.0,0.0,0.0
2024-10-08 00:00:00-04:00,583.2246577636953,590.8457860221804,582.3568133056094,589.9679565429688,333000,0.0,0.0,0.0
2024-10-09 00:00:00-04:00,590.1574966547541,597.1102983115904,589.1101044561626,596.5715942382812,468700,0.0,0.0,0.0
2024-10-10 00:00:00-04:00,592.5117009081387,598.1178037659358,590.7560417712391,597.1103515625,507600,0.0,0.0,0.0
2024-10-11 00:00:00-04:00,595.6139941768882,600.1726433587162,595.2748078826877,598.9556884765625,320800,0.0,0.0,0.0
2024-10-14 00:00:00-04:00,602.8660013287249,607.9234755433374,602.6664835539011,606.3773193359375,393000,0.0,0.0,0.0
2024-10-15 00:00:00-04:00,607.3448987117443,608.5519295106118,593.2598082163304,595.4443969726562,455300,0.0,0.0,0.0
2024-10-16 00:00:00-04:00,597.5990615605859,598.5766194689895,590.9754613578442,597.64892578125,279800,0.0,0.0,0.0
2024-10-17 00:00:00-04:00,605.7188671887942,606.4471039630802,599.7536697807641,600.0030517578125,379000,0.0,0.0,0.0
2024-10-18 00:00:00-04:00,604.1129133733474,604.1129133733474,601.0904352136567,602.0679931640625,304700,0.0,0.0,0.0
2024-10-21 00:00:00-04:00,600.3423188372008,605.4995217690854,599.3547758166569,605.4296875,347800,0.0,0.0,0.0
2024-10-22 00:00:00-04:00,602.5567404994902,606.8760535310096,600.6016247013401,605.0106811523438,384600,0.0,0.0,0.0
2024-10-23 00:00:00-04:00,602.5069052859823,603.3847347869423,590.1774739556015,595.614013671875,447900,0.0,0.0,0.0
2024-10-24 00:00:00-04:00,598.1078468757532,599.0055855550431,593.8483827860196,597.6389770507812,273700,0.0,0.0,0.0
2024-10-25 00:00:00-04:00,600.4220597551888,607.0756154412325,599.4744568498835,600.4719848632812,410800,0.0,0.0,0.0
2024-10-28 00:00:00-04:00,604.861060269903,604.861060269903,601.3796973097932,601.6989135742188,330100,0.0,0.0,0.0
2024-10-29 00:00:00-04:00,602.5068952064821,610.5369832058061,600.0330453184039,608.811279296875,420000,0.0,0.0,0.0
2024-10-30 00:00:00-04:00,604.7513323066905,606.5368854561104,600.1726521315677,600.8310546875,388200,0.0,0.0,0.0
2024-10-31 00:00:00-04:00,594.2872832916686,594.2872832916686,580.5612884487165,580.8605346679688,742800,0.0,0.0,0.0
2024-11-01 00:00:00-04:00,581.9179052447704,589.5390335907244,581.5588097857739,585.0202026367188,416100,0.0,0.0,0.0
2024-11-04 00:00:00-05:00,585.4492492624724,588.9306124890085,581.898051764848,584.4517211914062,363900,0.0,0.0,0.0
2024-11-05 00:00:00-05:00,585.8980788576082,593.1900065056196,585.8980788576082,592.9207153320312,314200,0.0,0.0,0.0
2024-11-06 00:00:00-05:00,605.4596573144102,612.6418106876027,603.8735608991899,611.4946899414062,641800,0.0,0.0,0.0
2024-11-07 00:00:00-05:00,616.3226122280253,624.183137251335,615.9735018033846,624.0235595703125,533000,0.0,0.0,0.0
2024-11-08 00:00:00-05:00,623.7841898675944,624.9014163363984,620.5721181065754,622.92626953125,430800,0.0,0.0,0.0
2024-11-11 00:00:00-05:00,624.3428474229821,624.3428474229821,616.6618692414881,620.3826293945312,431800,0.0,0.0,0.0
2024-11-12 00:00:00-05:00,620.4524116566864,622.5671660800876,616.6518325304133,621.4699096679688,404800,0.0,0.0,0.0
2024-11-13 00:00:00-05:00,620.462417491879,624.0834490113278,617.679336283527,618.9661254882812,709600,0.0,0.0,0.0
2024-11-14 00:00:00-05:00,619.7541467746676,621.1008460999602,615.1555573249025,616.4523315429688,360600,0.0,0.0,0.0
2024-11-15 00:00:00-05:00,610.1479638064725,610.1479638064725,598.8260450982549,601.4595336914062,613900,0.0,0.0,0.0
2024-11-18 00:00:00-05:00,601.4595145130106,605.7588577200125,598.4170663164929,603.22509765625,430300,0.0,0.0,0.0
2024-11-19 00:00:00-05:00,600.1327693928944,610.926029279594,599.5143069253772,610.6566772460938,414100,0.0,0.0,0.0
2024-11-20 00:00:00-05:00,611.4447832779731,611.464692436615,602.7662775226968,611.3051147460938,378800,0.0,0.0,0.0
2024-11-21 00:00:00-05:00,618.0284827400881,621.7193487408664,607.9933528866331,617.7492065429688,463000,0.0,0.0,0.0
2024-11-22 00:00:00-05:00,617.3800134958095,620.502280934763,615.4947318912077,620.04345703125,536900,0.0,0.0,0.0
2024-11-25 00:00:00-05:00,624.9114139971987,626.0186554670963,617.4698331845825,619.754150390625,697900,0.0,0.0,0.0
2024-11-26 00:00:00-05:00,622.1182955878538,624.6620407357427,619.6344605698242,621.6295166015625,356600,0.0,0.0,0.0
2024-11-27 00:00:00-05:00,619.2753890412805,619.2753890412805,608.9908772353795,615.2354125976562,417200,0.0,0.0,0.0
2024-11-29 00:00:00-05:00,616.9710620283937,622.3078124230288,616.3326295023464,620.7117919921875,211100,0.0,0.0,0.0
2024-12-02 00:00:00-05:00,621.9985732113976,629.110952562165,621.5796285084183,626.816650390625,432200,0.0,0.0,0.0
2024-12-03 00:00:00-05:00,625.1508584341276,630.2482122986427,623.4550485252825,630.0686645507812,305100,0.0,0.0,0.0
2024-12-04 00:00:00-05:00,638.1585662450269,642.9966136761702,636.9515963058731,642.8369750976562,491700,0.0,0.0,0.0
2024-12-05 00:00:00-05:00,643.0065125502316,643.1960453020962,639.0164006240514,639.6249389648438,431500,0.0,0.0,0.0
2024-12-06 00:00:00-05:00,641.4004990982163,644.8918469900015,640.762066585778,642.9466552734375,337600,0.0,0.0,0.0
2024-12-09 00:00:00-05:00,641.0912793084939,642.5077520022807,636.5924183461348,638.1485595703125,664800,0.0,0.0,0.0
2024-12-10 00:00:00-05:00,637.0413302867571,638.3680595822636,626.8466232904381,628.9912719726562,557600,0.0,0.0,0.0
2024-12-11 00:00:00-05:00,634.806867411126,640.5526383774014,631.9838461506536,638.617431640625,455400,0.0,0.0,0.0
2024-12-12 00:00:00-05:00,635.1959426280025,638.3580894329253,633.3404942216637,635.8442993164062,307000,0.0,0.0,0.0
2024-12-13 00:00:00-05:00,642.757155585304,644.6026189535946,633.929056958554,638.8468627929688,355000,0.0,0.0,0.0
2024-12-16 00:00:00-05:00,640.1037805670061,647.0565218915352,638.6373826651419,646.3682250976562,428300,0.0,0.0,0.0
2024-12-17 00:00:00-05:00,641.8992825452518,644.1935847668477,637.9690197925336,642.3880615234375,429900,0.0,0.0,0.0
2024-12-18 00:00:00-05:00,644.7820285343074,646.7096369512517,618.3455941312322,620.472900390625,1065700,0.777,0.0,0.0
2024-12-19 00:00:00-05:00,627.3941131281089,628.9421371541991,620.1932259385825,621.002197265625,865700,0.0,0.0,0.0
2024-12-20 00:00:00-05:00,616.5878048472531,635.5937236368629,615.1296326810175,630.8097534179688,661300,0.0,0.0,0.0
2024-12-23 00:00:00-05:00,633.286666600854,636.7422439414166,628.7224492466586,636.6423950195312,445500,0.0,0.0,0.0
2024-12-24 00:00:00-05:00,638.9794146375764,643.633544921875,638.1105217355149,643.633544921875,435500,0.0,0.0,0.0
2024-12-26 00:00:00-05:00,641.7958035472473,646.4199422502378,639.0293545668126,644.7520751953125,458800,0.0,0.0,0.0
2024-12-27 00:00:00-05:00,641.0767427459652,641.0767427459652,628.4727371086013,634.69482421875,604900,0.0,0.0,0.0
2024-12-30 00:00:00-05:00,625.3766517021295,632.0382449804264,621.2319461534458,626.77490234375,487500,0.0,0.0,0.0
2024-12-31 00:00:00-05:00,628.7024638159577,628.8423010748028,619.0547292387332,621.01220703125,694000,0.0,0.0,0.0
2025-01-02 00:00:00-05:00,626.2055974267279,628.4028222408429,614.5204090152382,620.5527954101562,951300,0.0,0.0,0.0
2025-01-03 00:00:00-05:00,624.2680509347063,632.4976011593662,623.7586873478698,632.09814453125,469600,0.0,0.0,0.0
2025-01-06 00:00:00-05:00,640.1878686565483,646.969243947578,638.5100044904532,640.7671508789062,645900,0.0,0.0,0.0
2025-01-07 00:00:00-05:00,644.9218598367313,645.0117726312651,624.3079953782265,626.6749877929688,640800,0.0,0.0,0.0
2025-01-08 00:00:00-05:00,627.9933283779975,627.9933283779975,619.1146379506388,626.005859375,488300,0.0,0.0,0.0
2025-01-10 00:00:00-05:00,620.3829674309449,620.3829674309449,608.3881742144948,612.6627807617188,848300,0.0,0.0,0.0
2025-01-13 00:00:00-05:00,602.2959751860747,608.0586846254108,599.8890552591454,607.649169921875,766900,0.0,0.0,0.0
2025-01-14 00:00:00-05:00,613.1022191236668,614.8899292494536,604.5630641623482,609.0972900390625,418200,0.0,0.0,0.0
2025-01-15 00:00:00-05:00,618.8249794828854,624.2281594983709,616.4180596188154,622.6002197265625,732100,0.0,0.0,0.0
2025-01-16 00:00:00-05:00,628.0332951151529,628.0632254073537,617.197005392851,617.3767700195312,377200,0.0,0.0,0.0
2025-01-17 00:00:00-05:00,629.2817273405254,629.5414076827042,623.698782857162,626.6749877929688,466100,0.0,0.0,0.0
2025-01-21 00:00:00-05:00,629.1419197739771,633.1967736463963,623.4291348499476,631.7985229492188,526200,0.0,0.0,0.0
2025-01-22 00:00:00-05:00,639.1891718053473,645.5810879065327,638.5599650877251,644.4525146484375,790300,0.0,0.0,0.0
2025-01-23 00:00:00-05:00,639.8682552115787,645.5211181640625,638.4600684940282,645.5211181640625,456900,0.0,0.0,0.0
2025-01-24 00:00:00-05:00,647.9380405220721,647.9380405220721,637.561189867026,639.3189697265625,420100,0.0,0.0,0.0
2025-01-27 00:00:00-05:00,609.8763836721475,616.1284015892428,600.4682741074056,606.0112915039062,1579000,0.0,0.0,0.0
2025-01-28 00:00:00-05:00,610.4655979991902,625.8361147285884,604.0237574423287,624.9172973632812,621600,0.0,0.0,0.0
2025-01-29 00:00:00-05:00,622.5302588220347,622.5302588220347,612.6128474796782,619.0546875,577000,0.0,0.0,0.0
2025-01-30 00:00:00-05:00,617.8462135804222,622.0608376687575,612.5828710539074,619.1146240234375,540400,0.0,0.0,0.0
2025-01-31 00:00:00-05:00,625.7062812829805,629.4715245411811,613.9811645521756,615.8287963867188,652400,0.0,0.0,0.0
2025-02-03 00:00:00-05:00,600.7479008557247,610.5554663004142,597.3821754984139,607.079833984375,992800,0.0,0.0,0.0
2025-02-04 00:00:00-05:00,608.2284122813832,615.8387530559626,607.4893595960668,615.2195434570312,424200,0.0,0.0,0.0
2025-02-05 00:00:00-05:00,616.0085439893985,624.2181614654153,614.7202002829333,623.8985595703125,720200,0.0,0.0,0.0
2025-02-06 00:00:00-05:00,624.6575804610337,627.5538696485596,621.791221566082,626.235595703125,332700,0.0,0.0,0.0
2025-02-07 00:00:00-05:00,628.2629837076252,631.1992611900819,617.9960400812733,620.2631225585938,476800,0.0,0.0,0.0
2025-02-10 00:00:00-05:00,624.6575796446057,630.1006867959903,624.6575796446057,628.063232421875,445100,0.0,0.0,0.0
2025-02-11 00:00:00-05:00,624.5676655219459,630.6999008824947,624.3579706011692,627.2442626953125,346700,0.0,0.0,0.0
2025-02-12 00:00:00-05:00,619.1645453945282,626.764889015597,617.7862889559697,626.42529296875,485900,0.0,0.0,0.0
2025-02-13 00:00:00-05:00,628.3129117209709,636.3527002909965,627.603850294137,636.1430053710938,417400,0.0,0.0,0.0
2025-02-14 00:00:00-05:00,635.1942340582412,639.4188554480667,634.1955009858226,639.059326171875,340800,0.0,0.0,0.0
2025-02-18 00:00:00-05:00,642.1254320259519,643.9431334987435,638.9793985234611,643.283935546875,430200,0.0,0.0,0.0
2025-02-19 00:00:00-05:00,643.0342441379997,645.4512219871307,637.9507270951136,642.844482421875,327600,0.0,0.0,0.0
2025-02-20 00:00:00-05:00,643.1841012321013,643.1841012321013,633.2966193921407,640.697265625,419000,0.0,0.0,0.0
2025-02-21 00:00:00-05:00,641.9656413294891,641.9656413294891,623.089562825014,623.3492431640625,606400,0.0,0.0,0.0
2025-02-24 00:00:00-05:00,625.3966398798062,627.4840187385753,612.5429506318503,614.2607421875,581600,0.0,0.0,0.0
2025-02-25 00:00:00-05:00,613.0523334286253,613.1222520580088,600.338420079108,605.1823120117188,804000,0.0,0.0,0.0
2025-02-26 00:00:00-05:00,609.7565157053867,616.1982950844646,605.5718218052173,609.696533203125,500700,0.0,0.0,0.0
2025-02-27 00:00:00-05:00,615.259464927499,615.259464927499,588.0040628791575,588.2237548828125,880700,0.0,0.0,0.0
2025-02-28 00:00:00-05:00,585.4772636849339,597.7217407226562,580.5535170265914,597.7217407226562,876100,0.0,0.0,0.0
2025-03-03 00:00:00-05:00,600.1686715740254,601.2273262166074,573.2827937198628,577.6272583007812,992400,0.0,0.0,0.0
2025-03-04 00:00:00-05:00,571.3552268029085,587.9141770703858,565.0432265402636,577.4674682617188,1165200,0.0,0.0,0.0
2025-03-05 00:00:00-05:00,578.8656582737719,587.4248079288936,571.4950034005826,586.1763916015625,647800,0.0,0.0,0.0
2025-03-06 00:00:00-05:00,573.5623955070779,582.261382532267,565.5625947835524,568.1392822265625,786100,0.0,0.0,0.0
2025-03-07 00:00:00-05:00,568.089328157993,576.288948218518,559.4103357531149,575.140380859375,846000,0.0,0.0,0.0
2025-03-10 00:00:00-04:00,563.1955394822052,563.3653679939832,543.2408722217673,549.3731079101562,1384300,0.0,0.0,0.0
2025-03-11 00:00:00-04:00,547.275714334707,557.2031231845552,541.7327581576586,547.6752319335938,979200,0.0,0.0,0.0
2025-03-12 00:00:00-04:00,557.7724041559535,561.5476442763393,549.3031675518405,555.7550048828125,825000,0.0,0.0,0.0
2025-03-13 00:00:00-04:00,554.9659670466284,555.6450981937227,543.3107696266886,545.7476806640625,872800,0.0,0.0,0.0
2025-03-14 00:00:00-04:00,552.918574130949,563.1355935017385,552.918574130949,562.2966918945312,629300,0.0,0.0,0.0
2025-03-17 00:00:00-04:00,562.0570258103642,570.0668235305619,560.239324319344,565.6324462890625,498000,0.0,0.0,0.0
2025-03-18 00:00:00-04:00,561.6275846881978,562.7660940667029,555.1358196952507,557.6026611328125,535300,0.0,0.0,0.0
2025-03-19 00:00:00-04:00,560.289263580883,571.7047754864951,558.2917974005591,565.1630859375,590800,0.0,0.0,0.0
2025-03-20 00:00:00-04:00,560.0095404310746,568.2790789593425,558.6912665094151,561.9970703125,553400,0.0,0.0,0.0
2025-03-21 00:00:00-04:00,555.0758843692263,564.3740866361368,552.9385810101126,563.8946533203125,378300,0.0,0.0,0.0
2025-03-24 00:00:00-04:00,572.9631524055885,576.5086424580642,571.954422295581,574.6610107421875,506200,0.0,0.0,0.0
2025-03-25 00:00:00-04:00,575.4500122070312,578.0,574.4000244140625,577.0800170898438,328300,0.729,0.0,0.0
2025-03-26 00:00:00-04:00,575.1799926757812,575.9400024414062,560.8200073242188,563.2000122070312,510800,0.0,0.0,0.0
2025-03-27 00:00:00-04:00,559.8699951171875,562.0,554.2999877929688,557.239990234375,464100,0.0,0.0,0.0
2025-03-28 00:00:00-04:00,554.5599975585938,556.4099731445312,541.1400146484375,543.239990234375,797500,0.0,0.0,0.0
2025-03-31 00:00:00-04:00,532.7899780273438,543.1599731445312,526.9000244140625,542.3800048828125,893900,0.0,0.0,0.0
2025-04-01 00:00:00-04:00,540.0,547.5499877929688,535.75,546.9400024414062,496500,0.0,0.0,0.0
2025-04-02 00:00:00-04:00,539.0499877929688,556.22998046875,538.9000244140625,551.4400024414062,449200,0.0,0.0,0.0
2025-04-03 00:00:00-04:00,523.52001953125,525.9000244140625,510.5799865722656,511.5,1767200,0.0,0.0,0.0
2025-04-04 00:00:00-04:00,494.260009765625,498.0,476.30999755859375,478.6000061035156,2784300,0.0,0.0,0.0
2025-04-07 00:00:00-04:00,457.4700012207031,503.3399963378906,451.0,479.9599914550781,2741200,0.0,0.0,0.0
2025-04-08 00:00:00-04:00,499.5899963378906,505.5,461.5199890136719,470.3699951171875,1566300,0.0,0.0,0.0
2025-04-09 00:00:00-04:00,470.7099914550781,537.8900146484375,470.510009765625,533.780029296875,2101300,0.0,0.0,0.0
2025-04-10 00:00:00-04:00,516.0599975585938,519.6300048828125,492.260009765625,509.7699890136719,1221100,0.0,0.0,0.0
2025-04-11 00:00:00-04:00,506.8800048828125,522.0999755859375,503.239990234375,520.1400146484375,721700,0.0,0.0,0.0
2025-04-14 00:00:00-04:00,536.489990234375,537.469970703125,518.6699829101562,523.8099975585938,801100,0.0,0.0,0.0
2025-04-15 00:00:00-04:00,524.489990234375,529.8900146484375,523.3300170898438,525.7899780273438,642700,0.0,0.0,0.0
2025-04-16 00:00:00-04:00,511.7699890136719,517.030029296875,498.739990234375,507.75,797000,0.0,0.0,0.0
2025-04-17 00:00:00-04:00,511.0400085449219,511.0400085449219,502.3599853515625,505.5299987792969,514500,0.0,0.0,0.0
2025-04-21 00:00:00-04:00,497.4200134277344,498.07000732421875,484.8599853515625,491.75,768700,0.0,0.0,0.0
2025-04-22 00:00:00-04:00,498.29998779296875,507.0799865722656,496.04998779296875,503.8500061035156,680500,0.0,0.0,0.0
2025-04-23 00:00:00-04:00,523.989990234375,529.7100219726562,517.22998046875,518.8800048828125,656500,0.0,0.0,0.0
2025-04-24 00:00:00-04:00,523.530029296875,538.97998046875,523.02001953125,538.3900146484375,596600,0.0,0.0,0.0
