Date,Open,High,Low,Close,Volume,Dividends,Stock Splits,Capital Gains
2020-04-27 00:00:00-04:00,136.43369474891537,139.27819131284946,136.40580864018546,138.8877716064453,1036400,0.0,0.0,0.0
2020-04-28 00:00:00-04:00,141.28607719696438,142.21565198537584,138.80411421400805,139.43621826171875,966800,0.0,0.0,0.0
2020-04-29 00:00:00-04:00,142.5689281787184,144.1492171919768,141.6486579099843,143.5542755126953,878800,0.0,0.0,0.0
2020-04-30 00:00:00-04:00,141.58354917590438,141.93679217291822,139.72439939656783,139.79876708984375,762400,0.0,0.0,0.0
2020-05-01 00:00:00-04:00,137.33538702797478,137.69792063516704,134.88131010601498,135.5784912109375,802500,0.0,0.0,0.0
2020-05-04 00:00:00-04:00,134.6117528541556,136.41513061523438,133.62640562821085,136.41513061523438,730900,0.0,0.0,0.0
2020-05-05 00:00:00-04:00,138.03257622558922,139.27820313520917,137.47482563527657,137.72581481933594,677800,0.0,0.0,0.0
2020-05-06 00:00:00-04:00,138.67397279237454,138.9249619797413,136.36863107813147,136.5266571044922,968100,0.0,0.0,0.0
2020-05-07 00:00:00-04:00,138.42304622001606,140.67261649839963,138.42304622001606,139.19459533691406,951300,0.0,0.0,0.0
2020-05-08 00:00:00-04:00,141.20242721662282,142.42947294152538,140.43089250121673,142.24356079101562,563900,0.0,0.0,0.0
2020-05-11 00:00:00-04:00,140.83992169473422,142.6804906497848,140.3472480145757,141.75091552734375,588500,0.0,0.0,0.0
2020-05-12 00:00:00-04:00,142.24358633982897,142.59681523398567,138.1720428466797,138.1720428466797,1541700,0.0,0.0,0.0
2020-05-13 00:00:00-04:00,137.70723170042254,137.95822090699113,133.38471388250042,134.75119018554688,670900,0.0,0.0,0.0
2020-05-14 00:00:00-04:00,132.78978381357084,136.50808351647305,131.07935517025317,136.4337158203125,1091300,0.0,0.0,0.0
2020-05-15 00:00:00-04:00,135.42977436737502,137.35398710445796,134.55597166018083,137.10301208496094,1578100,0.0,0.0,0.0
2020-05-18 00:00:00-04:00,141.39763186427518,143.63791067065964,141.39763186427518,142.80128479003906,2369800,0.0,0.0,0.0
2020-05-19 00:00:00-04:00,142.4852546404476,143.79595879258486,141.67652893066406,141.67652893066406,760100,0.0,0.0,0.0
2020-05-20 00:00:00-04:00,143.72158998376634,144.7627094351653,143.34046083309752,144.09341430664062,523200,0.0,0.0,0.0
2020-05-21 00:00:00-04:00,144.03762968249242,144.45593555577884,142.28073366733955,143.2567901611328,519600,0.0,0.0,0.0
2020-05-22 00:00:00-04:00,143.26608394272364,143.9818606117455,142.5038398744644,143.9353790283203,2660600,0.0,0.0,0.0
2020-05-26 00:00:00-04:00,147.96044151091056,148.12777237590322,146.7891821927136,147.02157592773438,1153100,0.0,0.0,0.0
2020-05-27 00:00:00-04:00,149.03875722121379,149.4849492369745,145.69228164253747,149.4012908935547,658200,0.0,0.0,0.0
2020-05-28 00:00:00-04:00,150.70269763667997,151.00945909524674,148.73200313409376,149.1875,1012700,0.0,0.0,0.0
2020-05-29 00:00:00-04:00,148.82494763504027,150.2471961018099,147.78381409849538,149.9590301513672,846700,0.0,0.0,0.0
2020-06-01 00:00:00-04:00,150.0799010299877,152.20863600847073,149.80102565576928,151.61370849609375,950600,0.0,0.0,0.0
2020-06-02 00:00:00-04:00,152.41314616691406,153.37989807128906,151.65088774384506,153.37989807128906,939000,0.0,0.0,0.0
2020-06-03 00:00:00-04:00,154.80213167171627,156.9215616472838,154.51396567618931,156.5869140625,908900,0.0,0.0,0.0
2020-06-04 00:00:00-04:00,155.75026136021327,156.86574828898668,154.541811277298,155.75955200195312,667300,0.0,0.0,0.0
2020-06-05 00:00:00-04:00,159.93335325833547,161.5879953305187,159.58940092401028,160.00772094726562,638600,0.0,0.0,0.0
2020-06-08 00:00:00-04:00,161.16968317276374,163.06600952148438,161.0953154867492,163.06600952148438,639900,0.0,0.0,0.0
2020-06-09 00:00:00-04:00,161.17903479123788,161.17903479123788,159.19903518156696,159.6173553466797,868100,0.0,0.0,0.0
2020-06-10 00:00:00-04:00,159.71026464497263,159.71026464497263,156.73562773950053,157.52577209472656,2435800,0.0,0.0,0.0
2020-06-11 00:00:00-04:00,152.38520778295606,152.9801493405951,147.12382458631964,147.72804260253906,919200,0.0,0.0,0.0
2020-06-12 00:00:00-04:00,152.24582215421282,152.63624202850107,146.78922037549555,150.0799102783203,1509300,0.0,0.0,0.0
2020-06-15 00:00:00-04:00,146.250034422123,152.8035409179968,145.6829931126261,152.3108673095703,608500,0.0,0.0,0.0
2020-06-16 00:00:00-04:00,157.43281074499018,157.43281074499018,152.8314176773684,155.1181640625,727500,0.0,0.0,0.0
2020-06-17 00:00:00-04:00,155.75959638182883,155.75959638182883,154.03058618512597,154.3001708984375,1059700,0.0,0.0,0.0
2020-06-18 00:00:00-04:00,153.32411708387278,154.99735507692475,152.980178840703,154.49537658691406,533400,0.0,0.0,0.0
2020-06-19 00:00:00-04:00,156.67989034422527,156.67989034422527,152.64553770107383,153.249755859375,509200,0.0,0.0,0.0
2020-06-22 00:00:00-04:00,152.87792816743132,154.5325707213071,152.03201141680088,154.14215087890625,416800,0.0,0.0,0.0
2020-06-23 00:00:00-04:00,155.88971184975662,155.88971184975662,153.88182661059008,154.08633422851562,565300,0.0,0.0,0.0
2020-06-24 00:00:00-04:00,152.7849361194244,153.0452159651869,148.23002463439255,149.37339782714844,550800,0.0,0.0,0.0
2020-06-25 00:00:00-04:00,149.07470317503822,151.28687713890258,147.96394459215225,151.24020385742188,770300,0.66,0.0,0.0
2020-06-26 00:00:00-04:00,150.44681867221865,151.0161985914752,148.09463882717736,148.37466430664062,715700,0.0,0.0,0.0
2020-06-29 00:00:00-04:00,149.5694256329363,150.68017009944344,147.59993256905287,150.5868377685547,614300,0.0,0.0,0.0
2020-06-30 00:00:00-04:00,150.52148399859308,153.57373447942572,150.43748063263016,152.99502563476562,675300,0.0,0.0,0.0
2020-07-01 00:00:00-04:00,153.20971726196834,154.05912267379708,152.30430960192018,153.4430694580078,463600,0.0,0.0,0.0
2020-07-02 00:00:00-04:00,155.45924715885684,156.01928392447857,153.83511062890733,154.02178955078125,519800,0.0,0.0,0.0
2020-07-06 00:00:00-04:00,156.597985908937,157.0553470692405,155.22587394265287,155.87925720214844,489400,0.0,0.0,0.0
2020-07-07 00:00:00-04:00,154.74980806783006,155.9165688369854,153.86307273180904,154.11509704589844,558100,0.0,0.0,0.0
2020-07-08 00:00:00-04:00,154.40446703669653,155.30054566471662,153.57373385483962,155.2071990966797,525500,0.0,0.0,0.0
2020-07-09 00:00:00-04:00,155.32855761395882,155.63658421872813,151.94960816456322,153.9657745361328,788700,0.0,0.0,0.0
2020-07-10 00:00:00-04:00,153.94710638708167,155.44989512322314,153.40574181721126,155.337890625,597500,0.0,0.0,0.0
2020-07-13 00:00:00-04:00,156.49530929473002,157.64339803150682,153.21903557469582,153.46173095703125,1312600,0.0,0.0,0.0
2020-07-14 00:00:00-04:00,153.0323585857979,156.08460912385868,152.35097420017863,155.98193359375,746200,0.0,0.0,0.0
2020-07-15 00:00:00-04:00,158.3061088176655,159.22084528406606,156.971327075016,158.74481201171875,591100,0.0,0.0,0.0
2020-07-16 00:00:00-04:00,157.86744529395975,158.65150531932872,157.37273973680868,158.39015197753906,496800,0.0,0.0,0.0
2020-07-17 00:00:00-04:00,159.05281717446198,160.05157119682238,158.31543065915102,159.640869140625,409500,0.0,0.0,0.0
2020-07-20 00:00:00-04:00,159.38885290859787,160.49961145975593,159.09949851144282,160.07025146484375,513600,0.0,0.0,0.0
2020-07-21 00:00:00-04:00,161.2277127153163,161.6477438650212,160.40632258155918,160.85435485839844,815300,0.0,0.0,0.0
2020-07-22 00:00:00-04:00,160.49961421759843,162.05840495104928,160.49961421759843,161.96507263183594,298400,0.0,0.0,0.0
2020-07-23 00:00:00-04:00,161.82505824403566,163.53319783703125,160.1915930545394,161.33035278320312,650400,0.0,0.0,0.0
2020-07-24 00:00:00-04:00,160.41564181441348,160.78899964868853,159.2115506925913,159.8555908203125,1110100,0.0,0.0,0.0
2020-07-27 00:00:00-04:00,160.13562482339364,161.35838817468644,159.53824371120902,161.2463836669922,1266600,0.0,0.0,0.0
2020-07-28 00:00:00-04:00,160.73294989980857,161.358331920892,159.87421574058877,159.91156005859375,371000,0.0,0.0,0.0
2020-07-29 00:00:00-04:00,160.8450265051427,163.21587881518377,160.8450265051427,162.90785217285156,445500,0.0,0.0,0.0
2020-07-30 00:00:00-04:00,160.94768362671326,162.63716563487054,160.17296680294928,162.39447021484375,457100,0.0,0.0,0.0
2020-07-31 00:00:00-04:00,162.76780971966372,162.87048524388328,160.32226929989434,162.6837921142578,470600,0.0,0.0,0.0
2020-08-03 00:00:00-04:00,163.69192314869036,164.25197421626208,162.73985627358488,163.8786163330078,1028500,0.0,0.0,0.0
2020-08-04 00:00:00-04:00,163.53320133889213,164.5506134033203,163.43052581221767,164.5506134033203,404900,0.0,0.0,0.0
2020-08-05 00:00:00-04:00,165.51202392578125,165.72670392119582,165.01730425214464,165.51202392578125,478900,0.0,0.0,0.0
2020-08-06 00:00:00-04:00,165.26938282468095,165.4094027097591,164.2052972144608,165.05470275878906,425300,0.0,0.0,0.0
2020-08-07 00:00:00-04:00,164.5133172394686,165.47472725895642,164.093286086544,165.32537841796875,592900,0.0,0.0,0.0
2020-08-10 00:00:00-04:00,165.75471334848368,166.25874776356497,164.90530804043266,165.91339111328125,471400,0.0,0.0,0.0
2020-08-11 00:00:00-04:00,166.8934894156609,167.1268416060512,164.68130096573367,164.79331970214844,473000,0.0,0.0,0.0
2020-08-12 00:00:00-04:00,166.2027802909347,166.66948472362526,165.75474802350467,166.06277465820312,371000,0.0,0.0,0.0
2020-08-13 00:00:00-04:00,165.63338136742823,166.79081335547642,165.5400490371793,166.14675903320312,429600,0.0,0.0,0.0
2020-08-14 00:00:00-04:00,165.94143301865515,166.5668152722161,165.54007402834912,166.0254364013672,371900,0.0,0.0,0.0
2020-08-17 00:00:00-04:00,166.4174570902138,166.97750809557462,166.3054525862171,166.74415588378906,411700,0.0,0.0,0.0
2020-08-18 00:00:00-04:00,166.87480650372578,167.25750748956025,165.89472451867826,166.39877319335938,535000,0.0,0.0,0.0
2020-08-19 00:00:00-04:00,166.55744350548684,166.55744350548684,165.09198507335847,165.34400939941406,418500,0.0,0.0,0.0
2020-08-20 00:00:00-04:00,164.17729484229395,165.65208264926744,164.0466181628249,165.08270263671875,314600,0.0,0.0,0.0
2020-08-21 00:00:00-04:00,164.84932280689156,165.1666783692289,164.3639462604014,164.89599609375,403600,0.0,0.0,0.0
2020-08-24 00:00:00-04:00,165.9227316914332,166.38010709918538,165.39069611840725,166.36143493652344,460100,0.0,0.0,0.0
2020-08-25 00:00:00-04:00,166.7814595569712,166.7814595569712,165.62404188514094,166.52944946289062,383800,0.0,0.0,0.0
2020-08-26 00:00:00-04:00,166.58546370138916,167.16417257897555,166.13743148140895,166.84681701660156,456900,0.0,0.0,0.0
2020-08-27 00:00:00-04:00,167.28549925052747,167.96688357649754,166.6041149245574,167.22015380859375,464700,0.0,0.0,0.0
2020-08-28 00:00:00-04:00,168.01355329531998,168.5269308900372,167.4441734616673,168.42425537109375,485200,0.0,0.0,0.0
2020-08-31 00:00:00-04:00,168.45224874449588,168.5175799393546,167.54684127617918,167.86419677734375,395800,0.0,0.0,0.0
2020-09-01 00:00:00-04:00,168.134928013157,169.9644012451172,167.73355483176448,169.9644012451172,582600,0.0,0.0,0.0
2020-09-02 00:00:00-04:00,170.75781363400858,172.9699880033832,169.67505597299518,172.68063354492188,463400,0.0,0.0,0.0
2020-09-03 00:00:00-04:00,171.7285108933928,172.00853632299516,166.03472695734166,167.1828155517578,687100,0.0,0.0,0.0
2020-09-04 00:00:00-04:00,168.08824952322024,168.32160171087864,162.3291192409334,165.4467010498047,682200,0.0,0.0,0.0
2020-09-08 00:00:00-04:00,163.09453014822603,163.8412601032078,161.26505671334445,161.7130889892578,935400,0.0,0.0,0.0
2020-09-09 00:00:00-04:00,163.42121154461034,165.25068478459255,162.94517819233377,164.31727600097656,541100,0.0,0.0,0.0
2020-09-10 00:00:00-04:00,165.10136228653062,165.69874338205642,161.6570813440893,161.9557647705078,696300,0.0,0.0,0.0
2020-09-11 00:00:00-04:00,162.90783004925217,163.26252993637812,160.49030477455813,162.08642578125,563800,0.0,0.0,0.0
2020-09-14 00:00:00-04:00,163.60789430891043,165.3440352570632,163.33721202206462,164.96133422851562,525200,0.0,0.0,0.0
2020-09-15 00:00:00-04:00,166.16540821599563,166.4454336533902,165.2319995864706,165.58668518066406,608500,0.0,0.0,0.0
2020-09-16 00:00:00-04:00,166.51081135748254,168.17227804266741,166.06277907812768,166.18411254882812,452500,0.0,0.0,0.0
2020-09-17 00:00:00-04:00,163.93459308795116,165.51205624827185,163.02918540708885,164.96133422851562,1186200,0.0,0.0,0.0
2020-09-18 00:00:00-04:00,165.52139509708547,165.5680683886921,162.25446408226637,163.64524841308594,580400,0.0,0.0,0.0
2020-09-21 00:00:00-04:00,160.91969633314366,161.12504744034686,158.9782182621701,160.96636962890625,657300,0.0,0.0,0.0
2020-09-22 00:00:00-04:00,161.50771143219734,162.7864768347936,160.51830045710648,162.7211456298828,524000,0.0,0.0,0.0
2020-09-23 00:00:00-04:00,162.786482463718,163.3558623784833,158.89416963367472,158.912841796875,1309900,0.0,0.0,0.0
2020-09-24 00:00:00-04:00,158.50212988925435,160.93832717858197,156.97134018303188,159.0341796875,748100,0.0,0.0,0.0
2020-09-25 00:00:00-04:00,158.6996465433037,162.38226608933914,158.55909400273958,162.01681518554688,1273000,0.663,0.0,0.0
2020-09-28 00:00:00-04:00,164.1439461355584,165.41834168995334,163.69416367469154,165.13722229003906,599300,0.0,0.0,0.0
2020-09-29 00:00:00-04:00,164.98729845341106,165.4745568110097,163.76912396276225,164.1907958984375,739200,0.0,0.0,0.0
2020-09-30 00:00:00-04:00,164.74364181870556,166.57089625957838,163.90966341757257,165.16531372070312,736500,0.0,0.0,0.0
2020-10-01 00:00:00-04:00,166.18673758550295,166.97386048470563,165.4745665162298,166.6739959716797,1632400,0.0,0.0,0.0
2020-10-02 00:00:00-04:00,163.83469872863458,167.60166396920596,163.75973261010841,166.91761779785156,763000,0.0,0.0,0.0
2020-10-05 00:00:00-04:00,168.1545189866906,169.95366289332128,168.08893257100172,169.70066833496094,752200,0.0,0.0,0.0
2020-10-06 00:00:00-04:00,170.41284762928072,171.94961748060757,168.0233541724734,168.22950744628906,674800,0.0,0.0,0.0
2020-10-07 00:00:00-04:00,169.9536962954149,171.58417748358764,169.7007016873319,171.0125732421875,692100,0.0,0.0,0.0
2020-10-08 00:00:00-04:00,172.2119702627491,173.1677703857422,171.90274039065355,173.1677703857422,489600,0.0,0.0,0.0
2020-10-09 00:00:00-04:00,174.36720567293727,174.66705585424342,173.4582611292517,173.88931274414062,490500,0.0,0.0,0.0
2020-10-12 00:00:00-04:00,174.87325019613922,175.73533933014085,174.2735353942977,175.2574462890625,337500,0.0,0.0,0.0
2020-10-13 00:00:00-04:00,174.66706149531444,175.3604874031132,174.09545732359098,174.64833068847656,501600,0.0,0.0,0.0
2020-10-14 00:00:00-04:00,174.88258433133655,175.73529353950556,173.4863671931757,173.8799285888672,462900,0.0,0.0,0.0
2020-10-15 00:00:00-04:00,171.82777355923497,174.68579421521795,171.30302503846266,174.3953094482422,511800,0.0,0.0,0.0
2020-10-16 00:00:00-04:00,175.05125214085874,175.3230061132563,174.1235767894354,174.1891632080078,454100,0.0,0.0,0.0
2020-10-19 00:00:00-04:00,174.59213713447795,175.20121731401068,171.80908196041793,172.03396606445312,558100,0.0,0.0,0.0
2020-10-20 00:00:00-04:00,173.08342966045157,174.4327768055717,172.47433535144805,172.624267578125,611900,0.0,0.0,0.0
2020-10-21 00:00:00-04:00,172.8398226146048,173.9923964659572,172.1182861328125,172.1182861328125,398800,0.0,0.0,0.0
2020-10-22 00:00:00-04:00,172.48375228700115,173.91744555557818,171.4061302607436,173.6831817626953,460800,0.0,0.0,0.0
2020-10-23 00:00:00-04:00,174.47964692583062,175.2292938232422,173.4582603559991,175.2292938232422,471700,0.0,0.0,0.0
2020-10-26 00:00:00-04:00,173.3645661976703,173.56135406821338,169.7194222772391,171.62164306640625,641300,0.0,0.0,0.0
2020-10-27 00:00:00-04:00,171.67787221537048,172.23073129616355,170.39409699763377,170.48780822753906,538000,0.0,0.0,0.0
2020-10-28 00:00:00-04:00,167.46110705822167,168.01396608229217,165.37146409200312,165.41831970214844,631100,0.0,0.0,0.0
2020-10-29 00:00:00-04:00,165.36210270029673,168.28570982572276,164.7998639615648,166.8426513671875,736800,0.0,0.0,0.0
2020-10-30 00:00:00-04:00,165.8025339126425,166.68336800622652,163.05695499757056,165.05288696289062,765600,0.0,0.0,0.0
2020-11-02 00:00:00-05:00,167.08629056941496,168.2294989214338,166.04615884908063,167.8359375,578900,0.0,0.0,0.0
2020-11-03 00:00:00-05:00,169.95368671274824,172.32443508070423,169.74753343741932,171.54669189453125,523700,0.0,0.0,0.0
2020-11-04 00:00:00-05:00,173.01785747293366,175.7728018244219,171.75282733657227,173.4395294189453,607300,0.0,0.0,0.0
2020-11-05 00:00:00-05:00,176.03519254329083,177.62818354262296,175.96959181531122,176.9816131591797,970400,0.0,0.0,0.0
2020-11-06 00:00:00-05:00,177.30017407420982,177.96547508425058,176.51303704640512,177.2345733642578,687300,0.0,0.0,0.0
2020-11-09 00:00:00-05:00,184.61858503978323,185.25577559362435,179.3898162841797,179.3898162841797,945900,0.0,0.0,0.0
2020-11-10 00:00:00-05:00,180.06449257500455,180.38308784401426,177.27205837488532,179.38043212890625,757500,0.0,0.0,0.0
2020-11-11 00:00:00-05:00,181.00155101272088,181.00155101272088,179.75526612088706,180.6548309326172,392000,0.0,0.0,0.0
2020-11-12 00:00:00-05:00,179.9708375088478,180.51433129526075,177.43142566873553,178.4715576171875,452000,0.0,0.0,0.0
2020-11-13 00:00:00-05:00,179.69905542110823,181.9011262645006,179.69905542110823,181.6106414794922,565500,0.0,0.0,0.0
2020-11-16 00:00:00-05:00,184.1313522990645,184.59987991305704,182.60394770198388,184.5530242919922,1358000,0.0,0.0,0.0
2020-11-17 00:00:00-05:00,183.4566221034267,184.78723845388154,182.24782747534618,184.356201171875,895300,0.0,0.0,0.0
2020-11-18 00:00:00-05:00,184.76852178182614,184.86223301319902,182.11666837355608,182.15414428710938,560500,0.0,0.0,0.0
2020-11-19 00:00:00-05:00,181.94800557118793,183.6628182945331,180.8610181129482,183.56910705566406,612700,0.0,0.0,0.0
2020-11-20 00:00:00-05:00,183.4847823098825,183.99080014117743,183.00688928995115,183.17555236816406,364000,0.0,0.0,0.0
2020-11-23 00:00:00-05:00,184.41246935986337,185.6681199176461,183.95330715664676,185.0684051513672,686500,0.0,0.0,0.0
2020-11-24 00:00:00-05:00,186.88628094970983,187.81395639502693,186.05230244016897,187.1955108642578,702200,0.0,0.0,0.0
2020-11-25 00:00:00-05:00,186.9331324242091,187.4485013053747,186.05229831713655,187.26109313964844,503100,0.0,0.0,0.0
2020-11-27 00:00:00-05:00,187.75772980889974,188.20752656127073,187.5047352213083,188.00137329101562,162500,0.0,0.0,0.0
2020-11-30 00:00:00-05:00,187.71087397631692,188.24498791825684,185.34949125311198,187.11114501953125,402700,0.0,0.0,0.0
2020-12-01 00:00:00-05:00,189.22895241247832,189.43510572544164,188.11385430099378,188.3949737548828,441100,0.0,0.0,0.0
2020-12-02 00:00:00-05:00,187.72959675348054,188.3761669963273,186.7550658370341,188.13253784179688,384200,0.0,0.0,0.0
2020-12-03 00:00:00-05:00,188.3855316931771,190.42831903681207,188.33869038164173,189.36007690429688,317000,0.0,0.0,0.0
2020-12-04 00:00:00-05:00,190.10976019250583,191.85268340564406,190.00668355039394,191.75897216796875,522800,0.0,0.0,0.0
2020-12-07 00:00:00-05:00,191.75895280066453,191.99321657286524,190.96245025585182,191.5996551513672,444100,0.0,0.0,0.0
2020-12-08 00:00:00-05:00,190.72817314239717,192.66788390373443,190.72817314239717,192.27432250976562,490300,0.0,0.0,0.0
2020-12-09 00:00:00-05:00,192.82721868832616,192.96777124956085,189.34137218642826,190.46583557128906,934900,0.0,0.0,0.0
2020-12-10 00:00:00-05:00,189.14460497192786,191.5059738701786,188.90096145981042,191.33731079101562,587600,0.0,0.0,0.0
2020-12-11 00:00:00-05:00,190.37212747491444,191.26232700667035,189.0789867940168,190.6251220703125,588900,0.0,0.0,0.0
2020-12-14 00:00:00-05:00,192.50862608076767,193.10834084775365,189.89423401810353,189.91297912597656,2403700,0.0,0.0,0.0
2020-12-15 00:00:00-05:00,191.43099246520492,192.78973388671875,190.85002284110516,192.78973388671875,475800,0.0,0.0,0.0
2020-12-16 00:00:00-05:00,193.11769901439288,193.3425974054563,192.28372047439947,193.0240020751953,490300,0.0,0.0,0.0
2020-12-17 00:00:00-05:00,194.05475179203202,195.1604843281515,194.02664128078828,195.10426330566406,541300,0.0,0.0,0.0
2020-12-18 00:00:00-05:00,195.38534105553603,195.47905227877618,193.5674662902734,194.9261932373047,551200,0.0,0.0,0.0
2020-12-21 00:00:00-05:00,192.54610024809696,194.25154759084444,190.6719898310089,193.8954620361328,712800,0.0,0.0,0.0
2020-12-22 00:00:00-05:00,194.3639373779297,194.71064313640045,193.36129600951801,194.3639373779297,470800,0.0,0.0,0.0
2020-12-23 00:00:00-05:00,195.10422294401985,195.76952397025858,194.51387373337414,194.5232391357422,1177600,0.0,0.0,0.0
2020-12-24 00:00:00-05:00,194.8686949748381,195.26404080318846,194.04975099318312,194.9251708984375,625300,0.937,0.0,0.0
2020-12-28 00:00:00-05:00,196.42187195626977,196.42187195626977,193.7579803466797,193.7579803466797,546000,0.0,0.0,0.0
2020-12-29 00:00:00-05:00,194.71810626426105,195.18875816818095,192.16716662522654,192.90138244628906,620100,0.0,0.0,0.0
2020-12-30 00:00:00-05:00,193.45677598834334,194.6051678623829,193.4003000540721,194.2286376953125,594200,0.0,0.0,0.0
2020-12-31 00:00:00-05:00,194.11571802173682,194.97230813533943,192.9955639290503,194.63343811035156,546800,0.0,0.0,0.0
2021-01-04 00:00:00-05:00,195.77236909891215,195.8570973607179,190.0304242788043,191.78125,861400,0.0,0.0,0.0
2021-01-05 00:00:00-05:00,191.55534052443113,193.90860023603346,191.55534052443113,193.6073760986328,836100,0.0,0.0,0.0
2021-01-06 00:00:00-05:00,194.11565505929394,198.11619588520088,193.74854718156044,196.8266143798828,1945500,0.0,0.0,0.0
2021-01-07 00:00:00-05:00,197.9373936455206,200.06473540381026,197.9373936455206,199.65057373046875,788700,0.0,0.0,0.0
2021-01-08 00:00:00-05:00,200.6388978542248,201.56138591339595,198.48331848673772,200.55418395996094,600200,0.0,0.0,0.0
2021-01-11 00:00:00-05:00,198.67160439852844,200.9401503082036,198.51158445462693,200.02708435058594,575400,0.0,0.0,0.0
2021-01-12 00:00:00-05:00,200.48831740588835,201.96615702005136,200.2812294044402,201.80613708496094,697300,0.0,0.0,0.0
2021-01-13 00:00:00-05:00,201.80610738220727,201.96612729374525,200.52593372674838,201.22250366210938,491800,0.0,0.0,0.0
2021-01-14 00:00:00-05:00,201.9002609666218,202.38972861020147,201.0530789130606,201.32606506347656,506000,0.0,0.0,0.0
2021-01-15 00:00:00-05:00,200.3941702026925,200.6671419914357,198.0785564794936,200.0176544189453,1454100,0.0,0.0,0.0
2021-01-19 00:00:00-05:00,201.48610670841074,201.7590785250958,200.2059328042107,201.0531005859375,519100,0.0,0.0,0.0
2021-01-20 00:00:00-05:00,201.9379121302126,203.20867806252144,201.57080420625886,202.9451141357422,739000,0.0,0.0,0.0
2021-01-21 00:00:00-05:00,203.19926139875915,203.32163549781535,201.4013819267918,201.6837615966797,551000,0.0,0.0,0.0
2021-01-22 00:00:00-05:00,200.4695130575722,201.66497315346354,200.05533700147382,201.31668090820312,521000,0.0,0.0,0.0
2021-01-25 00:00:00-05:00,201.21311270207036,202.22972261849466,198.61511915775768,201.20370483398438,650200,0.0,0.0,0.0
2021-01-26 00:00:00-05:00,201.81553505167534,202.0790989745591,199.13282775878906,199.13282775878906,713400,0.0,0.0,0.0
2021-01-27 00:00:00-05:00,196.77956844110224,197.1184383942683,193.3720388111667,194.1156768798828,646600,0.0,0.0,0.0
2021-01-28 00:00:00-05:00,195.3299724802439,198.2103745583659,195.06640853006147,196.60073852539062,628400,0.0,0.0,0.0
2021-01-29 00:00:00-05:00,195.904131177136,196.7795511304531,192.37424212682828,193.7108917236328,957800,0.0,0.0,0.0
2021-02-01 00:00:00-05:00,195.6688295323283,197.54202939164807,194.33217976958144,197.1278533935547,516000,0.0,0.0,0.0
2021-02-02 00:00:00-05:00,199.0951766196485,200.99661446108846,198.90691871804668,200.25299072265625,546400,0.0,0.0,0.0
2021-02-03 00:00:00-05:00,200.4600784630631,200.88366233190644,199.2081425924587,200.39418029785156,419500,0.0,0.0,0.0
2021-02-04 00:00:00-05:00,201.03425699030578,203.18042847888435,200.99659679540108,203.010986328125,832100,0.0,0.0,0.0
2021-02-05 00:00:00-05:00,204.582953896886,205.0818437361116,204.11230202115203,205.0347900390625,523200,0.0,0.0,0.0
2021-02-08 00:00:00-05:00,206.09847543043284,206.85152138432684,205.93845549924336,206.75738525390625,452000,0.0,0.0,0.0
2021-02-09 00:00:00-05:00,206.6350503942235,207.80225811826492,206.4091322719129,207.43515014648438,463300,0.0,0.0,0.0
2021-02-10 00:00:00-05:00,208.42348877860942,209.39303055800627,206.6067793118495,208.35760498046875,532100,0.0,0.0,0.0
2021-02-11 00:00:00-05:00,208.9412245315351,209.3930463747138,207.08685472877485,209.0635986328125,502500,0.0,0.0,0.0
2021-02-12 00:00:00-05:00,208.32937771106498,210.50378733500344,208.0469836797266,210.4473114013672,685300,0.0,0.0,0.0
2021-02-16 00:00:00-05:00,211.50155456692437,211.65216662311212,209.39302886976438,210.10842895507812,558700,0.0,0.0,0.0
2021-02-17 00:00:00-05:00,209.10125491933843,209.28010496455744,207.14334101683068,209.13890075683594,547500,0.0,0.0,0.0
2021-02-18 00:00:00-05:00,207.92460820915466,208.79060603322844,206.5879584570088,208.16934204101562,475300,0.0,0.0,0.0
2021-02-19 00:00:00-05:00,209.27063828842498,211.012041455703,209.27063828842498,210.39077758789062,522700,0.0,0.0,0.0
2021-02-22 00:00:00-05:00,209.2424098528837,210.00487797578626,207.7928083589788,207.94342041015625,504700,0.0,0.0,0.0
2021-02-23 00:00:00-05:00,206.53146837724893,208.5081977218602,202.3803152088313,208.00930786132812,847000,0.0,0.0,0.0
2021-02-24 00:00:00-05:00,207.79279042553205,210.52256539254225,206.87031682720615,209.9954376220703,611400,0.0,0.0,0.0
2021-02-25 00:00:00-05:00,209.92015989662622,210.48494793434392,203.04865349561402,204.02760314941406,862100,0.0,0.0,0.0
2021-02-26 00:00:00-05:00,205.06301851216224,206.05137591493772,201.58018330239344,204.05581665039062,653600,0.0,0.0,0.0
2021-03-01 00:00:00-05:00,207.08681998807228,209.68481310445955,207.0115139663162,208.99766540527344,429700,0.0,0.0,0.0
2021-03-02 00:00:00-05:00,209.03531742906844,209.21415306520123,206.76677208796463,206.99267578125,687000,0.0,0.0,0.0
2021-03-03 00:00:00-05:00,207.07745232816865,207.23747226928703,203.33105242495776,203.38754272460938,703700,0.0,0.0,0.0
2021-03-04 00:00:00-05:00,202.90745196595327,203.688735871009,195.8853334143596,198.97280883789062,1269600,0.0,0.0,0.0
2021-03-05 00:00:00-05:00,201.4672347640779,203.13334637612823,194.57689897784152,202.7097625732422,1126800,0.0,0.0,0.0
2021-03-08 00:00:00-05:00,203.123942954622,205.49603257884303,202.21089147251104,202.35208129882812,719100,0.0,0.0,0.0
2021-03-09 00:00:00-05:00,205.1006870551014,206.20201079173955,203.9334651572976,204.77122497558594,891900,0.0,0.0,0.0
2021-03-10 00:00:00-05:00,206.46557857265938,207.48218843238024,205.5525127087385,206.4279327392578,966100,0.0,0.0,0.0
2021-03-11 00:00:00-05:00,208.19757349598254,210.40023536646788,207.97166976999387,209.59071350097656,707800,0.0,0.0,0.0
2021-03-12 00:00:00-05:00,208.83766847150423,210.57908630371094,207.92460260659456,210.57908630371094,789400,0.0,0.0,0.0
2021-03-15 00:00:00-04:00,210.72969616359478,212.81939193759385,210.08019418476297,212.63113403320312,483800,0.0,0.0,0.0
2021-03-16 00:00:00-04:00,213.045286004953,213.045286004953,209.8919126003322,210.64495849609375,613100,0.0,0.0,0.0
2021-03-17 00:00:00-04:00,210.24964050601363,212.2828603851737,208.69649481016393,211.83102416992188,1266600,0.0,0.0,0.0
2021-03-18 00:00:00-04:00,210.60732994442827,211.718061600363,207.88696237469796,208.16934204101562,584700,0.0,0.0,0.0
2021-03-19 00:00:00-04:00,208.05640401062664,209.99548778513113,206.94567228082616,208.63059997558594,1495500,0.0,0.0,0.0
2021-03-22 00:00:00-04:00,209.07296523724818,210.5602268058004,208.52700736804638,209.69422912597656,613900,0.0,0.0,0.0
2021-03-23 00:00:00-04:00,208.82825936028223,209.29891127286962,205.9102117569779,206.58795166015625,594400,0.0,0.0,0.0
2021-03-24 00:00:00-04:00,207.73635199622112,208.0563918627494,204.42295837402344,204.42295837402344,569500,0.0,0.0,0.0
2021-03-25 00:00:00-04:00,203.3476554191638,206.56685815504662,201.69557367790546,206.3497314453125,904100,0.631,0.0,0.0
2021-03-26 00:00:00-04:00,207.38818336061712,209.4934179871102,205.56618004545723,209.4462127685547,608600,0.0,0.0,0.0
2021-03-29 00:00:00-04:00,208.49272670310773,209.34236300063282,206.34973658622607,207.5109100341797,780800,0.0,0.0,0.0
2021-03-30 00:00:00-04:00,207.3221119776772,208.39832472053183,206.44414098994784,208.1245574951172,526300,0.0,0.0,0.0
2021-03-31 00:00:00-04:00,208.7854007503291,210.27699647297615,208.40777337465244,208.955322265625,461500,0.0,0.0,0.0
2021-04-01 00:00:00-04:00,210.31476062822287,211.99516290507728,210.13538941805098,211.9668426513672,691500,0.0,0.0,0.0
2021-04-05 00:00:00-04:00,213.5528553018417,213.65670103690346,212.48607769666322,213.41123962402344,616300,0.0,0.0,0.0
2021-04-06 00:00:00-04:00,213.33567860931512,214.79895393963218,212.95806567472175,214.4496612548828,455500,0.0,0.0,0.0
2021-04-07 00:00:00-04:00,214.3269295531367,214.39301973913288,212.53324651480366,213.10911560058594,525800,0.0,0.0,0.0
2021-04-08 00:00:00-04:00,213.93047702671515,214.27976978389393,212.74098307158323,214.22312927246094,432700,0.0,0.0,0.0
2021-04-09 00:00:00-04:00,214.21364712649685,215.0538481406436,213.6094577950319,214.99720764160156,610400,0.0,0.0,0.0
2021-04-12 00:00:00-04:00,214.99721336506622,215.28986555458076,214.10980710975736,215.15769958496094,523400,0.0,0.0,0.0
2021-04-13 00:00:00-04:00,214.9594303778847,216.0262077568445,214.48740702861178,215.75242614746094,499800,0.0,0.0,0.0
2021-04-14 00:00:00-04:00,215.903502018136,217.37621273319718,215.2804276679144,215.6486053466797,587600,0.0,0.0,0.0
2021-04-15 00:00:00-04:00,216.74368749216782,217.8671054171173,216.2999843721456,217.6782989501953,1043800,0.0,0.0,0.0
2021-04-16 00:00:00-04:00,218.6506776104244,218.81116383612482,217.3384531485109,218.08424377441406,548000,0.0,0.0,0.0
2021-04-19 00:00:00-04:00,217.40452199985515,217.8199048790141,215.42203244706508,216.4699249267578,749300,0.0,0.0,0.0
2021-04-20 00:00:00-04:00,215.89406734453544,216.35664106235865,213.5245006315606,214.61959838867188,765000,0.0,0.0,0.0
2021-04-21 00:00:00-04:00,214.31750844478873,217.43286576397952,213.61890862739097,217.3950958251953,688100,0.0,0.0,0.0
2021-04-22 00:00:00-04:00,217.72551887285232,218.9055773770758,215.77133507545292,216.5076904296875,671000,0.0,0.0,0.0
2021-04-23 00:00:00-04:00,217.12132825655277,219.96290393271218,217.12132825655277,219.453125,1331800,0.0,0.0,0.0
2021-04-26 00:00:00-04:00,220.02898413822433,220.97303089337865,219.887368481945,220.69924926757812,639400,0.0,0.0,0.0
2021-04-27 00:00:00-04:00,221.14298291537852,221.14298291537852,220.04788507105994,220.67095947265625,779100,0.0,0.0,0.0
2021-04-28 00:00:00-04:00,220.50101582873347,220.95415425488807,219.84017155120324,220.36883544921875,427900,0.0,0.0,0.0
2021-04-29 00:00:00-04:00,221.7754787270122,221.84156891926497,219.1982349243698,220.95416259765625,491800,0.0,0.0,0.0
2021-04-30 00:00:00-04:00,219.51921887245976,220.1894984924681,218.50909620598267,219.0471954345703,513500,0.0,0.0,0.0
2021-05-03 00:00:00-04:00,220.49156519529873,220.49156519529873,218.79227809824852,219.02828979492188,574600,0.0,0.0,0.0
2021-05-04 00:00:00-04:00,217.91434130334673,218.19755824609337,215.40317316534487,217.73497009277344,893100,0.0,0.0,0.0
2021-05-05 00:00:00-04:00,218.7545297425397,218.7545297425397,216.80034591556054,217.24404907226562,476000,0.0,0.0,0.0
2021-05-06 00:00:00-04:00,217.1496471353331,217.1496471353331,214.69511971405993,216.99859619140625,589500,0.0,0.0,0.0
2021-05-07 00:00:00-04:00,217.49895805650303,220.0006765029129,217.4234325782136,219.87796020507812,497300,0.0,0.0,0.0
2021-05-10 00:00:00-04:00,219.8212907021463,220.5576460120745,217.96151745899147,218.01815795898438,574300,0.0,0.0,0.0
2021-05-11 00:00:00-04:00,214.7706669620038,216.86645220519884,213.69445408617491,216.30001831054688,820800,0.0,0.0,0.0
2021-05-12 00:00:00-04:00,215.12938924832332,215.70525837213486,210.44691078528064,210.73956298828125,1028800,0.0,0.0,0.0
2021-05-13 00:00:00-04:00,211.5797845663964,213.97767173594758,211.00391538678096,212.95809936523438,1026400,0.0,0.0,0.0
2021-05-14 00:00:00-04:00,214.46857334692282,217.46121477334918,214.29865181495592,216.94198608398438,461400,0.0,0.0,0.0
2021-05-17 00:00:00-04:00,216.23395361715885,216.98919404711987,215.1199707418384,216.47940063476562,487000,0.0,0.0,0.0
2021-05-18 00:00:00-04:00,216.77205219845555,217.39512663158987,215.16717529296875,215.16717529296875,386500,0.0,0.0,0.0
2021-05-19 00:00:00-04:00,212.41054199819183,214.57240295410156,211.24936840200502,214.57240295410156,619600,0.0,0.0,0.0
2021-05-20 00:00:00-04:00,214.83672459665192,217.59333936245753,214.83672459665192,216.9324951171875,408500,0.0,0.0,0.0
2021-05-21 00:00:00-04:00,218.16923601392102,219.0566279657958,216.81924150790917,217.19686889648438,341100,0.0,0.0,0.0
2021-05-24 00:00:00-04:00,218.43356114569488,219.8590666797866,218.0181782337711,219.17935180664062,410300,0.0,0.0,0.0
2021-05-25 00:00:00-04:00,219.88736252116885,220.1894643890337,217.96151353106507,218.28248596191406,431500,0.0,0.0,0.0
2021-05-26 00:00:00-04:00,218.72619978382087,219.59472108893144,218.64123903120378,219.54751586914062,388400,0.0,0.0,0.0
2021-05-27 00:00:00-04:00,220.3310948757411,220.59542684269633,219.33984279715295,220.2272491455078,361100,0.0,0.0,0.0
2021-05-28 00:00:00-04:00,221.3223544207766,221.42620015451317,220.55767874735838,220.81256103515625,375400,0.0,0.0,0.0
2021-06-01 00:00:00-04:00,222.29468953896875,222.6534319138368,220.66149269366622,221.50169372558594,481400,0.0,0.0,0.0
2021-06-02 00:00:00-04:00,221.69047937390616,221.91705575859737,220.82195817343649,221.4261474609375,398300,0.0,0.0,0.0
2021-06-03 00:00:00-04:00,220.30276076207085,220.9730403250441,218.96221604113524,220.4821319580078,425700,0.0,0.0,0.0
2021-06-04 00:00:00-04:00,221.53001048434476,222.1436351006227,220.9918969305235,221.96426391601562,391900,0.0,0.0,0.0
2021-06-07 00:00:00-04:00,222.1908457362201,222.26637120552834,221.67161713785734,221.983154296875,378200,0.0,0.0,0.0
2021-06-08 00:00:00-04:00,222.47408241642543,223.16323257821963,221.3128944282515,222.88946533203125,613700,0.0,0.0,0.0
2021-06-09 00:00:00-04:00,223.22932353873574,223.22932353873574,221.91709899902344,221.91709899902344,375600,0.0,0.0,0.0
2021-06-10 00:00:00-04:00,222.6251111829047,223.01215940204668,221.2090410599179,222.55902099609375,300400,0.0,0.0,0.0
2021-06-11 00:00:00-04:00,223.16321956645854,223.578602457845,222.5118249781489,223.54083251953125,332300,0.0,0.0,0.0
2021-06-14 00:00:00-04:00,223.7768742484823,223.8240794752043,222.4740993020346,223.28598022460938,312500,0.0,0.0,0.0
2021-06-15 00:00:00-04:00,223.44645817766357,223.44645817766357,222.04927282963206,222.70065307617188,557800,0.0,0.0,0.0
2021-06-16 00:00:00-04:00,222.82339957776344,223.11605182630774,220.55769266869981,221.55838012695312,509700,0.0,0.0,0.0
2021-06-17 00:00:00-04:00,221.5583559619733,222.03981466625885,218.9905473957605,220.68983459472656,476500,0.0,0.0,0.0
2021-06-18 00:00:00-04:00,219.3870170952848,219.7079895234833,217.81989607994885,217.857666015625,562500,0.0,0.0,0.0
2021-06-21 00:00:00-04:00,219.05660066365027,221.52056324758576,218.42409107225822,221.41671752929688,637500,0.0,0.0,0.0
2021-06-22 00:00:00-04:00,221.63387979940873,223.0593853364681,220.944715237277,222.5779266357422,484900,0.0,0.0,0.0
2021-06-23 00:00:00-04:00,222.88001407286316,223.37092246102785,222.3796704021418,222.5496063232422,523200,0.0,0.0,0.0
2021-06-24 00:00:00-04:00,223.83918926114083,224.42621689206743,223.3657761529945,224.1421661376953,399200,0.692,0.0,0.0
2021-06-25 00:00:00-04:00,224.86176188573424,225.5813446044922,224.43567853316114,225.5813446044922,382000,0.0,0.0,0.0
2021-06-28 00:00:00-04:00,225.8464549474494,225.8464549474494,224.3694083699199,225.26889038085938,520000,0.0,0.0,0.0
2021-06-29 00:00:00-04:00,225.8748337980613,226.1020772648363,224.81439318128426,225.18365478515625,428900,0.0,0.0,0.0
2021-06-30 00:00:00-04:00,225.04164219988743,225.221541487811,224.4830182144351,224.7292022705078,462700,0.0,0.0,0.0
2021-07-01 00:00:00-04:00,225.48663699443793,226.10208264715504,225.0321644974891,225.846435546875,504500,0.0,0.0,0.0
2021-07-02 00:00:00-04:00,226.41450680325616,226.60386911444166,225.5528916728311,226.405029296875,581800,0.0,0.0,0.0
2021-07-06 00:00:00-04:00,226.49029201341747,226.49029201341747,223.99067152976463,225.50558471679688,504500,0.0,0.0,0.0
2021-07-07 00:00:00-04:00,225.74227841829943,226.11154002167632,223.76341532449547,225.6191864013672,705200,0.0,0.0,0.0
2021-07-08 00:00:00-04:00,222.39052902821592,224.3409885706579,221.0176195633173,223.40362548828125,641300,0.0,0.0,0.0
2021-07-09 00:00:00-04:00,224.63452031998833,226.64178727986246,224.36941013462464,226.63232421875,437000,0.0,0.0,0.0
2021-07-12 00:00:00-04:00,226.34825624454774,226.86901351454665,225.88432067916543,226.76486206054688,529500,0.0,0.0,0.0
2021-07-13 00:00:00-04:00,226.39559142625686,226.40505448627258,224.09479646948697,224.2462921142578,1384400,0.0,0.0,0.0
2021-07-14 00:00:00-04:00,225.06056570022315,225.54345626748386,222.6935004016356,223.0532989501953,711200,0.0,0.0,0.0
2021-07-15 00:00:00-04:00,222.3052705916796,223.1763632270085,220.9323757786402,222.4188995361328,416700,0.0,0.0,0.0
2021-07-16 00:00:00-04:00,223.33734290498373,223.43201684560515,220.78090090207226,220.96080017089844,491200,0.0,0.0,0.0
2021-07-19 00:00:00-04:00,218.01617142093525,218.6789612453324,216.3213590678486,217.65638732910156,1009100,0.0,0.0,0.0
2021-07-20 00:00:00-04:00,218.7452461890583,223.28055157772164,218.18662222306062,222.57989501953125,1483000,0.0,0.0,0.0
2021-07-21 00:00:00-04:00,223.63086125168388,224.9374859067704,223.55511342918697,224.80491638183594,1287300,0.0,0.0,0.0
2021-07-22 00:00:00-04:00,224.7102604534814,224.7102604534814,223.40363569364752,224.48301696777344,551600,0.0,0.0,0.0
2021-07-23 00:00:00-04:00,225.5339745663969,226.7553883283125,224.8427955573386,226.62283325195312,333800,0.0,0.0,0.0
2021-07-26 00:00:00-04:00,226.44295925494808,226.98264268056843,225.80858742960842,226.64178466796875,810200,0.0,0.0,0.0
2021-07-27 00:00:00-04:00,225.68548124639696,225.88432109436948,224.23683839555022,225.82749938964844,1076500,0.0,0.0,0.0
2021-07-28 00:00:00-04:00,226.15886468728309,227.60750734831686,225.13629084759714,226.82164001464844,772000,0.0,0.0,0.0
2021-07-29 00:00:00-04:00,227.67384025135115,229.3402492050423,227.3803119859849,228.43128967285156,561900,0.0,0.0,0.0
2021-07-30 00:00:00-04:00,227.1625160711913,229.16978277907046,226.88794285918547,227.6832733154297,384700,0.0,0.0,0.0
2021-08-02 00:00:00-04:00,229.0845949093448,229.23609056787203,227.4371265769799,227.58860778808594,1216000,0.0,0.0,0.0
2021-08-03 00:00:00-04:00,228.09042693389708,229.07513427734375,226.31986655427795,229.07513427734375,608300,0.0,0.0,0.0
2021-08-04 00:00:00-04:00,228.35552385319872,229.03723983678626,227.63594118048766,227.759033203125,702600,0.0,0.0,0.0
2021-08-05 00:00:00-04:00,228.4975642052949,229.71896362304688,228.3271279798987,229.71896362304688,367600,0.0,0.0,0.0
2021-08-06 00:00:00-04:00,230.1639572116086,230.65631083750685,229.33076005326538,229.7852325439453,476200,0.0,0.0,0.0
2021-08-09 00:00:00-04:00,229.5769304040077,230.116613779589,228.4975492054251,229.5958709716797,369200,0.0,0.0,0.0
2021-08-10 00:00:00-04:00,230.04088468744283,230.63737532972758,229.62427887542154,229.88938903808594,485700,0.0,0.0,0.0
2021-08-11 00:00:00-04:00,230.41958793740304,230.9876893459552,229.5011655137811,230.9119415283203,2981000,0.0,0.0,0.0
2021-08-12 00:00:00-04:00,230.6657706014514,231.32856043152105,230.249164804523,231.16758728027344,501600,0.0,0.0,0.0
2021-08-13 00:00:00-04:00,231.4895191353489,231.50844525526762,230.84566987261778,231.16758728027344,384200,0.0,0.0,0.0
2021-08-16 00:00:00-04:00,230.2775737395124,230.6562983867322,229.0940411576765,230.64683532714844,553500,0.0,0.0,0.0
2021-08-17 00:00:00-04:00,229.26446544714477,229.26446544714477,227.00155170357525,228.95201110839844,466800,0.0,0.0,0.0
2021-08-18 00:00:00-04:00,228.5922526734025,229.31184986367913,226.72701826827347,226.8595733642578,384000,0.0,0.0,0.0
2021-08-19 00:00:00-04:00,225.16472629557927,227.32348877976855,225.00376758242894,226.4429473876953,486400,0.0,0.0,0.0
2021-08-20 00:00:00-04:00,226.43344371444127,228.42178419521173,226.16833357666107,228.232421875,396500,0.0,0.0,0.0
2021-08-23 00:00:00-04:00,229.4633382420025,230.58058623732637,229.44439767248576,230.2491912841797,469100,0.0,0.0,0.0
2021-08-24 00:00:00-04:00,231.300119786277,232.42684505054453,231.1391610981557,232.13333129882812,546200,0.0,0.0,0.0
2021-08-25 00:00:00-04:00,232.256463326756,234.12171204496886,231.83985749868924,233.59149169921875,1372400,0.0,0.0,0.0
2021-08-26 00:00:00-04:00,233.44945599796353,233.68616253826767,231.80198772379597,231.98187255859375,404300,0.0,0.0,0.0
2021-08-27 00:00:00-04:00,232.68255488740812,235.0969647553784,232.5215961558664,234.68035888671875,497900,0.0,0.0,0.0
2021-08-30 00:00:00-04:00,235.21052770107022,235.4472342156773,234.24476107619597,234.45306396484375,428700,0.0,0.0,0.0
2021-08-31 00:00:00-04:00,234.7087295667845,234.7655368231858,233.93233965026624,234.56671142578125,391100,0.0,0.0,0.0
2021-09-01 00:00:00-04:00,235.06854428079288,235.4472689811179,233.73351587390206,235.05906677246094,854200,0.0,0.0,0.0
2021-09-02 00:00:00-04:00,235.53245888870083,236.5645103328735,235.53245888870083,236.5171661376953,564300,0.0,0.0,0.0
2021-09-03 00:00:00-04:00,236.18578016788229,236.48877147056697,235.75971128997486,236.16683959960938,410500,0.0,0.0,0.0
2021-09-07 00:00:00-04:00,235.84492338747026,236.10057049449603,233.86606019169074,234.04595947265625,582500,0.0,0.0,0.0
2021-09-08 00:00:00-04:00,233.57255753147643,234.17852572142883,232.36062115157165,233.44000244140625,581000,0.0,0.0,0.0
2021-09-09 00:00:00-04:00,233.2411531000296,234.7560807370309,232.94763930162304,233.1654052734375,630800,0.0,0.0,0.0
2021-09-10 00:00:00-04:00,234.46254657705097,234.46254657705097,231.68833865279146,231.75462341308594,807200,0.0,0.0,0.0
2021-09-13 00:00:00-04:00,233.08019134455276,233.35477901829339,230.82674048696208,231.93453979492188,1099200,0.0,0.0,0.0
2021-09-14 00:00:00-04:00,232.48370053166366,232.8245585441124,229.9746168618475,230.3817596435547,632300,0.0,0.0,0.0
2021-09-15 00:00:00-04:00,230.69419465005365,232.5499803331692,229.8041901702367,232.33221435546875,1030100,0.0,0.0,0.0
2021-09-16 00:00:00-04:00,232.1806898854978,233.30741521962932,231.1675790565159,232.63516235351562,629200,0.0,0.0,0.0
2021-09-17 00:00:00-04:00,232.14282618875407,232.54996894182017,230.24917390778896,230.69418334960938,1006300,0.0,0.0,0.0
2021-09-20 00:00:00-04:00,227.1057084270823,227.8915758220535,224.13267505748288,226.93527221679688,1184900,0.0,0.0,0.0
2021-09-21 00:00:00-04:00,228.3460567736194,228.78160315168662,226.15889071786458,226.84060668945312,654500,0.0,0.0,0.0
2021-09-22 00:00:00-04:00,228.34610407877554,230.6563626336042,228.04312716609255,229.7000732421875,708000,0.0,0.0,0.0
2021-09-23 00:00:00-04:00,230.62790342176112,233.51572591937637,230.60896285446307,232.4174041748047,694700,0.0,0.0,0.0
2021-09-24 00:00:00-04:00,231.60013759730305,232.78666231339326,231.1160262434139,232.36900329589844,445700,0.619,0.0,0.0
2021-09-27 00:00:00-04:00,232.41647023407836,233.02397031733818,231.61911460659493,231.8659210205078,468100,0.0,0.0,0.0
2021-09-28 00:00:00-04:00,230.48954646854656,231.0211072107033,226.8635200740655,227.15777587890625,1368800,0.0,0.0,0.0
2021-09-29 00:00:00-04:00,228.2588754109842,228.86637547420742,226.9964114000473,227.26219177246094,616700,0.0,0.0,0.0
2021-09-30 00:00:00-04:00,228.0690449307697,228.33482531550555,224.6993117509359,224.73727416992188,947800,0.0,0.0,0.0
2021-10-01 00:00:00-04:00,225.90480668289723,228.58159876527102,223.82601317585156,227.5849151611328,799100,0.0,0.0,0.0
2021-10-04 00:00:00-04:00,226.9774511625855,227.21475613059053,223.70264550090528,224.9461212158203,1510800,0.0,0.0,0.0
2021-10-05 00:00:00-04:00,225.81936662526536,228.07851420404003,225.13592726503003,226.8730010986328,840600,0.0,0.0,0.0
2021-10-06 00:00:00-04:00,224.95558641944407,227.888671875,223.78803573663782,227.888671875,2080900,0.0,0.0,0.0
2021-10-07 00:00:00-04:00,229.38843859487287,231.73301243728963,229.38843859487287,230.0244140625,666000,0.0,0.0,0.0
2021-10-08 00:00:00-04:00,230.46107503997132,230.73635690035138,228.98979589773157,229.17013549804688,551800,0.0,0.0,0.0
2021-10-11 00:00:00-04:00,229.0847053979013,230.71736462930835,227.8697052001953,227.8697052001953,331800,0.0,0.0,0.0
2021-10-12 00:00:00-04:00,228.4202646666384,230.05292397122798,227.99311862991394,228.9803009033203,606100,0.0,0.0,0.0
2021-10-13 00:00:00-04:00,229.5308329981936,230.88822481710056,228.13547876097027,230.47056579589844,679600,0.0,0.0,0.0
2021-10-14 00:00:00-04:00,232.38799982443757,234.41932962963327,232.37849835665423,234.32440185546875,572000,0.0,0.0,0.0
2021-10-15 00:00:00-04:00,235.65328401063286,236.1089199076452,234.6566148852843,234.96035766601562,431400,0.0,0.0,0.0
2021-10-18 00:00:00-04:00,233.94471928207875,235.8906082932502,233.7358897664695,235.85264587402344,511100,0.0,0.0,0.0
2021-10-19 00:00:00-04:00,236.83034377643577,237.4568323303078,236.16589280291012,237.0486602783203,639300,0.0,0.0,0.0
2021-10-20 00:00:00-04:00,237.4283524704098,238.89014458492764,237.38088858376847,238.56741333007812,812400,0.0,0.0,0.0
2021-10-21 00:00:00-04:00,238.0833041992408,239.52610778808594,237.9314255633801,239.52610778808594,580200,0.0,0.0,0.0
2021-10-22 00:00:00-04:00,239.70646528145974,240.83603911539896,238.6718192172753,239.83935546875,554200,0.0,0.0,0.0
2021-10-25 00:00:00-04:00,240.20953568005467,241.25368314674205,239.31726684196607,240.4848175048828,448800,0.0,0.0,0.0
2021-10-26 00:00:00-04:00,241.23473154056526,241.36762173989945,239.45969506004155,239.6495361328125,470600,0.0,0.0,0.0
2021-10-27 00:00:00-04:00,239.5356445661718,240.0387299481713,236.30828825612193,236.37474060058594,538400,0.0,0.0,0.0
2021-10-28 00:00:00-04:00,236.97275717418395,239.44073486328125,236.55511255838104,239.44073486328125,471200,0.0,0.0,0.0
2021-10-29 00:00:00-04:00,238.54843650698413,240.01973016091713,238.54843650698413,239.5451202392578,582300,0.0,0.0,0.0
2021-11-01 00:00:00-04:00,240.5227983957195,241.28217711310137,239.6590049236483,241.20623779296875,605200,0.0,0.0,0.0
2021-11-02 00:00:00-04:00,241.8422252094369,241.8422252094369,240.79807761114512,241.77578735351562,610200,0.0,0.0,0.0
2021-11-03 00:00:00-04:00,241.38659908150112,243.00977131946183,240.86452529245267,242.81991577148438,805900,0.0,0.0,0.0
2021-11-04 00:00:00-04:00,243.30402465206038,244.20576607600373,242.4212427116202,243.0192413330078,564500,0.0,0.0,0.0
2021-11-05 00:00:00-04:00,244.99366590940775,245.65810246931935,243.1142000488495,244.13937377929688,534800,0.0,0.0,0.0
2021-11-08 00:00:00-05:00,245.5821180437212,245.85739986335886,244.68034775588367,245.57261657714844,645800,0.0,0.0,0.0
2021-11-09 00:00:00-05:00,245.63905059936152,246.18958522971838,244.41454918605902,245.9048309326172,678100,0.0,0.0,0.0
2021-11-10 00:00:00-05:00,245.00308520818496,246.0187572492022,242.08898823293453,242.8673553466797,535500,0.0,0.0,0.0
2021-11-11 00:00:00-05:00,244.03491464423828,244.35764589974556,243.3609766979698,244.00643920898438,323700,0.0,0.0,0.0
2021-11-12 00:00:00-05:00,244.77529774125196,245.91437305373927,244.006432044084,245.7909698486328,413100,0.0,0.0,0.0
2021-11-15 00:00:00-05:00,246.5408565547512,246.57880448794253,245.50621050147228,246.01876831054688,385300,0.0,0.0,0.0
2021-11-16 00:00:00-05:00,246.18961322250217,248.2494327653565,245.95230829197405,247.9362030029297,371100,0.0,0.0,0.0
2021-11-17 00:00:00-05:00,247.4141199568381,247.4141199568381,245.27837553735438,246.0472412109375,562200,0.0,0.0,0.0
2021-11-18 00:00:00-05:00,246.48390949871293,246.7781653088799,243.74065046909968,244.80377197265625,429600,0.0,0.0,0.0
2021-11-19 00:00:00-05:00,244.87970923753352,245.14548959547264,243.56978141344558,243.81655883789062,1115300,0.0,0.0,0.0
2021-11-22 00:00:00-05:00,244.6329258476633,245.03161090600295,241.95611908308203,242.0985107421875,572700,0.0,0.0,0.0
2021-11-23 00:00:00-05:00,241.92765749193725,243.23758551415406,239.58308331382665,242.23141479492188,3027100,0.0,0.0,0.0
2021-11-24 00:00:00-05:00,241.2062319201238,243.54131888452852,240.41837778736775,243.4368896484375,543900,0.0,0.0,0.0
2021-11-26 00:00:00-05:00,238.90915201822855,240.14314074922265,236.97273536738965,237.76058959960938,862600,0.0,0.0,0.0
2021-11-29 00:00:00-05:00,240.4278504024358,241.3296207006985,237.95038641677021,239.97222900390625,637300,0.0,0.0,0.0
2021-11-30 00:00:00-05:00,238.81423314968475,239.03256415694062,233.39419558664764,233.56504821777344,1760800,0.0,0.0,0.0
2021-12-01 00:00:00-05:00,236.79238045419885,237.54225773204558,228.61009583328723,228.68603515625,1439600,0.0,0.0,0.0
2021-12-02 00:00:00-05:00,229.82510084674513,235.24515245468834,229.4074418036741,234.3718719482422,2242800,0.0,0.0,0.0
2021-12-03 00:00:00-05:00,235.6153420145629,235.92858628942798,229.47388869511357,231.50521850585938,1391800,0.0,0.0,0.0
2021-12-06 00:00:00-05:00,232.86259650262326,235.2641213163614,230.92618009762037,233.8877410888672,686800,0.0,0.0,0.0
2021-12-07 00:00:00-05:00,237.3049221686136,240.23800753047135,237.1720319915569,239.28878784179688,629000,0.0,0.0,0.0
2021-12-08 00:00:00-05:00,239.89630003598168,241.4150574085026,238.8711409821216,241.08282470703125,653900,0.0,0.0,0.0
2021-12-09 00:00:00-05:00,240.07663436649798,240.6841343687745,237.50425720214844,237.50425720214844,526400,0.0,0.0,0.0
2021-12-10 00:00:00-05:00,239.05151810516924,239.47866413115494,236.5171029014458,238.24468994140625,559100,0.0,0.0,0.0
2021-12-13 00:00:00-05:00,238.03584103060368,238.07380344771101,235.55837690096075,236.46961975097656,1307800,0.0,0.0,0.0
2021-12-14 00:00:00-05:00,234.67562329603797,235.86214812793307,232.6158179259415,233.91624450683594,1802800,0.0,0.0,0.0
2021-12-15 00:00:00-05:00,234.16303788962483,237.5232696533203,232.3405375874914,237.5232696533203,828400,0.0,0.0,0.0
2021-12-16 00:00:00-05:00,238.51997409949942,239.01357250049253,233.98270415930446,235.12176513671875,812300,0.0,0.0,0.0
2021-12-17 00:00:00-05:00,234.46676749811022,236.8588053467204,232.33102303998,234.57118225097656,995600,0.0,0.0,0.0
2021-12-20 00:00:00-05:00,231.05908430154375,231.4957317868705,228.98029060120746,231.26791381835938,1275700,0.0,0.0,0.0
2021-12-21 00:00:00-05:00,233.42260325873835,236.81130981445312,233.19478533276356,236.81130981445312,803900,0.0,0.0,0.0
2021-12-22 00:00:00-05:00,236.44113844164698,238.5294189453125,236.4221644755368,238.5294189453125,548400,0.0,0.0,0.0
2021-12-23 00:00:00-05:00,239.21287566795277,240.64620683018987,239.03253607315676,239.8583526611328,448400,0.0,0.0,0.0
2021-12-27 00:00:00-05:00,240.70619746019258,242.8211663687938,239.9821451445722,242.77352905273438,492000,0.92,0.0,0.0
2021-12-28 00:00:00-05:00,242.97362720535565,243.90725770580337,241.83994029467576,242.38296508789062,590000,0.0,0.0,0.0
2021-12-29 00:00:00-05:00,242.41153611642483,243.41186174329178,241.59222359327006,243.03079223632812,522500,0.0,0.0,0.0
2021-12-30 00:00:00-05:00,243.29754194485977,244.40266385825214,242.77356047412462,242.88787841796875,541600,0.0,0.0,0.0
2021-12-31 00:00:00-05:00,242.84982172736932,243.78345235899377,242.64975075215645,242.71644592285156,343100,0.0,0.0,0.0
2022-01-03 00:00:00-05:00,243.36422319308616,243.59287361823291,239.86785887844346,241.4016876220703,1084500,0.0,0.0,0.0
2022-01-04 00:00:00-05:00,242.26865086836418,242.80215401968925,239.69639522483516,241.22068786621094,673600,0.0,0.0,0.0
2022-01-05 00:00:00-05:00,241.18258837073057,241.42076046039904,235.09491034027926,235.18064880371094,1323500,0.0,0.0,0.0
2022-01-06 00:00:00-05:00,235.84753389915804,237.50521691976238,233.5896670820063,235.78085327148438,806700,0.0,0.0,0.0
2022-01-07 00:00:00-05:00,235.77130261013076,237.17175561088655,234.16125701491697,234.370849609375,524100,0.0,0.0,0.0
2022-01-10 00:00:00-05:00,232.83701349201678,233.5896453857422,228.86430504614162,233.5896453857422,1929900,0.0,0.0,0.0
2022-01-11 00:00:00-05:00,233.6944376094383,236.30479418877562,232.2272895199892,236.2285919189453,677200,0.0,0.0,0.0
2022-01-12 00:00:00-05:00,237.22891791311673,238.08634613980405,235.1330064759984,236.2095489501953,510400,0.0,0.0,0.0
2022-01-13 00:00:00-05:00,237.0479359042969,237.33373079629317,232.73224405582536,233.2562255859375,570800,0.0,0.0,0.0
2022-01-14 00:00:00-05:00,231.69379544311428,232.7798595414074,229.18823505819503,232.59884643554688,691000,0.0,0.0,0.0
2022-01-18 00:00:00-05:00,230.13138438942124,230.13138438942124,227.1304220465551,227.66392517089844,975400,0.0,0.0,0.0
2022-01-19 00:00:00-05:00,228.68331511306553,229.38830975609116,225.12026983224075,225.1583709716797,842100,0.0,0.0,0.0
2022-01-20 00:00:00-05:00,226.4444787639341,229.369224213575,222.1097441985474,222.3955535888672,1063500,0.0,0.0,0.0
2022-01-21 00:00:00-05:00,221.92875389820523,223.40542378582688,218.13705823860332,218.49908447265625,2133100,0.0,0.0,0.0
2022-01-24 00:00:00-05:00,215.3647564883241,221.40479799143336,210.3059829613372,221.09042358398438,2404900,0.0,0.0,0.0
2022-01-25 00:00:00-05:00,217.822669517716,219.89953773476256,213.8785402259812,217.00335693359375,1575000,0.0,0.0,0.0
2022-01-26 00:00:00-05:00,220.0138541106025,221.71915989370996,213.04016827664734,215.3170928955078,2896700,0.0,0.0,0.0
2022-01-27 00:00:00-05:00,217.92746038261308,219.72804078528313,212.26848924940134,213.34503173828125,1679300,0.0,0.0,0.0
2022-01-28 00:00:00-05:00,213.48794156388655,217.8703140493593,210.95378691327082,217.70835876464844,1720500,0.0,0.0,0.0
2022-01-31 00:00:00-05:00,217.4225163047082,223.65309114162528,217.33677784998153,223.58641052246094,815300,0.0,0.0,0.0
2022-02-01 00:00:00-05:00,224.03416455352613,225.72994841649572,221.5571693750767,225.5679931640625,1043500,0.0,0.0,0.0
2022-02-02 00:00:00-05:00,226.1205784958102,226.82555854879217,224.4343160996156,226.5397491455078,1103600,0.0,0.0,0.0
2022-02-03 00:00:00-05:00,224.1008722097486,225.3393699484116,221.71915138034683,222.1573944091797,1052000,0.0,0.0,0.0
2022-02-04 00:00:00-05:00,221.8906240578527,225.2631340706049,220.38537487665445,223.35775756835938,626400,0.0,0.0,0.0
2022-02-07 00:00:00-05:00,223.68167147259325,225.5584685186791,223.224385175452,223.66262817382812,818900,0.0,0.0,0.0
2022-02-08 00:00:00-05:00,223.34829316276972,226.47311026438624,222.7671525991651,226.111083984375,767300,0.0,0.0,0.0
2022-02-09 00:00:00-05:00,228.34986488606646,231.0554962158203,228.34986488606646,231.0554962158203,807500,0.0,0.0,0.0
2022-02-10 00:00:00-05:00,227.82587706074463,232.42736324529577,226.03481842396945,227.3590545654297,732900,0.0,0.0,0.0
2022-02-11 00:00:00-05:00,227.5686530420604,228.91194705440876,222.300287825611,223.33871459960938,1517400,0.0,0.0,0.0
2022-02-14 00:00:00-05:00,223.23394597837336,224.56770388247506,220.16628826206855,221.51910400390625,1254200,0.0,0.0,0.0
2022-02-15 00:00:00-05:00,223.71027152796202,226.1491512276513,223.71027152796202,225.80618286132812,1189300,0.0,0.0,0.0
2022-02-16 00:00:00-05:00,224.62487743027893,226.7493685642253,223.65313115889833,226.09202575683594,848400,0.0,0.0,0.0
2022-02-17 00:00:00-05:00,224.28187102059564,224.28187102059564,220.3472638094587,220.76644897460938,803000,0.0,0.0,0.0
2022-02-18 00:00:00-05:00,220.32824979867266,222.00497614529215,218.0417889221501,219.06117248535156,1219900,0.0,0.0,0.0
2022-02-22 00:00:00-05:00,218.4705003816829,219.89953291310616,215.00270081670004,216.48890686035156,2288500,0.0,0.0,0.0
2022-02-23 00:00:00-05:00,218.1751564630043,218.68008013171715,211.9064652990719,212.05889892578125,2607300,0.0,0.0,0.0
2022-02-24 00:00:00-05:00,207.21922490875477,217.10813401954,206.37133291137613,216.5651092529297,3012300,0.0,0.0,0.0
2022-02-25 00:00:00-05:00,217.19391126090116,222.2717425022792,216.20312165771944,222.13836669921875,2449100,0.0,0.0,0.0
2022-02-28 00:00:00-05:00,219.57562566706662,222.72902205008228,218.66105291328628,221.41432189941406,1262500,0.0,0.0,0.0
2022-03-01 00:00:00-05:00,220.89034683608716,221.77634012586364,216.0983250469939,217.39398193359375,1233300,0.0,0.0,0.0
2022-03-02 00:00:00-05:00,218.91824287206595,222.77663347923794,218.43237706166096,221.92874145507812,1018900,0.0,0.0,0.0
2022-03-03 00:00:00-05:00,222.67183546404104,223.0719628113226,218.65148961776018,220.20437622070312,1546300,0.0,0.0,0.0
2022-03-04 00:00:00-05:00,218.346661706892,218.7658469383617,215.4981180925843,218.0894317626953,805700,0.0,0.0,0.0
2022-03-07 00:00:00-05:00,217.9941452192608,218.26089678206785,210.77276611328125,210.77276611328125,1017900,0.0,0.0,0.0
2022-03-08 00:00:00-05:00,211.13479988287835,214.88839452836368,209.22942307090582,209.93441772460938,1293200,0.0,0.0,0.0
2022-03-09 00:00:00-05:00,214.0690748436113,216.6699100356826,213.53557167978857,215.40284729003906,773100,0.0,0.0,0.0
2022-03-10 00:00:00-05:00,212.6686152465542,215.08845178421316,211.92551950018537,214.7454833984375,759800,0.0,0.0,0.0
2022-03-11 00:00:00-05:00,216.8223502462543,216.86998757379973,211.31581243741746,211.44918823242188,649000,0.0,0.0,0.0
2022-03-14 00:00:00-04:00,212.04938241706466,213.1449682447528,208.47680097433664,209.45806884765625,679300,0.0,0.0,0.0
2022-03-15 00:00:00-04:00,210.2011698392837,213.42126131134253,210.02015671579568,213.11639404296875,952200,0.0,0.0,0.0
2022-03-16 00:00:00-04:00,215.1741981332346,218.7182000705248,212.98301195140257,218.67056274414062,901200,0.0,0.0,0.0
2022-03-17 00:00:00-04:00,217.49874784265918,222.1383353408162,217.3367925715821,222.06211853027344,666300,0.0,0.0,0.0
2022-03-18 00:00:00-04:00,221.13799070114544,225.17739409182167,221.13799070114544,224.6915283203125,646400,0.0,0.0,0.0
2022-03-21 00:00:00-04:00,224.39622135978385,225.88242748813457,222.2622086281712,224.02467346191406,1102000,0.0,0.0,0.0
2022-03-22 00:00:00-04:00,224.7201394737288,226.9589484420909,224.52006851793033,226.3587646484375,1178400,0.0,0.0,0.0
2022-03-23 00:00:00-04:00,225.23101017595346,225.8331090314468,223.33871823670543,223.41517639160156,585800,0.75,0.0,0.0
2022-03-24 00:00:00-04:00,224.22754723152062,226.3778839111328,223.23362024942205,226.3778839111328,504100,0.0,0.0,0.0
2022-03-25 00:00:00-04:00,226.87483814037023,227.07554263230128,224.8965361225781,226.99908447265625,1298900,0.0,0.0,0.0
2022-03-28 00:00:00-04:00,226.67413087669485,228.26060485839844,225.1736814378543,228.26060485839844,640600,0.0,0.0,0.0
2022-03-29 00:00:00-04:00,230.17200520443964,232.98178043917693,229.49346277220977,232.64727783203125,695900,0.0,0.0,0.0
2022-03-30 00:00:00-04:00,231.95918293441494,232.18854281714732,229.283205833622,230.33447265625,1040800,0.0,0.0,0.0
2022-03-31 00:00:00-04:00,230.0478001632482,231.19464346201426,227.30491638183594,227.30491638183594,890700,0.0,0.0,0.0
2022-04-01 00:00:00-04:00,228.3179608234496,228.9869661132955,226.55946679865764,228.60467529296875,601500,0.0,0.0,0.0
2022-04-04 00:00:00-04:00,228.9678104467152,229.91396366638102,228.24147988134328,229.76104736328125,926300,0.0,0.0,0.0
2022-04-05 00:00:00-04:00,229.35012211763873,230.62121174093966,225.90002587808007,226.588134765625,623800,0.0,0.0,0.0
2022-04-06 00:00:00-04:00,224.7340329053336,225.4699298647044,222.6314847471757,224.59068298339844,1324800,0.0,0.0,0.0
2022-04-07 00:00:00-04:00,224.1510618615583,225.8139939418106,221.98162184111848,224.79139709472656,578300,0.0,0.0,0.0
2022-04-08 00:00:00-04:00,224.64803386179673,226.38742410788868,223.6445406108131,224.820068359375,503900,0.0,0.0,0.0
2022-04-11 00:00:00-04:00,223.59675234234396,224.94428533420424,222.23963838434923,222.53591918945312,1248400,0.0,0.0,0.0
2022-04-12 00:00:00-04:00,224.20840924458795,225.83310490345275,220.96856972745758,221.6853485107422,875800,0.0,0.0,0.0
2022-04-13 00:00:00-04:00,221.9816294135935,225.23102094609868,221.94339304286606,224.9634246826172,2257500,0.0,0.0,0.0
2022-04-14 00:00:00-04:00,225.04943148638608,225.9764665943403,222.50726701896247,222.59327697753906,443900,0.0,0.0,0.0
2022-04-18 00:00:00-04:00,221.92430296729776,222.77487998154518,220.60542517196225,221.63758850097656,1137200,0.0,0.0,0.0
2022-04-19 00:00:00-04:00,221.71402753181624,226.57856290607475,221.71402753181624,226.14849853515625,655900,0.0,0.0,0.0
2022-04-20 00:00:00-04:00,227.16155003554957,228.2988414502466,226.07204679295543,226.94174194335938,568800,0.0,0.0,0.0
2022-04-21 00:00:00-04:00,228.7671407130331,229.36923963360042,222.11544093008465,222.62196350097656,751600,0.0,0.0,0.0
2022-04-22 00:00:00-04:00,222.15363168789938,222.15363168789938,216.5723178030241,216.71566772460938,845000,0.0,0.0,0.0
2022-04-25 00:00:00-04:00,215.54973495931532,217.9198942512908,213.0266739250377,217.6522979736328,975800,0.0,0.0,0.0
2022-04-26 00:00:00-04:00,216.60098494920084,216.80168941969183,211.9180361886915,212.06138610839844,933600,0.0,0.0,0.0
2022-04-27 00:00:00-04:00,212.42456360939818,214.7278016758873,211.01967603207862,212.16651916503906,961700,0.0,0.0,0.0
2022-04-28 00:00:00-04:00,213.78163272600298,216.8972254692761,210.55134547765448,216.10398864746094,1000700,0.0,0.0,0.0
2022-04-29 00:00:00-04:00,214.82340217954578,216.7921524527993,208.75466865153516,209.07005310058594,740700,0.0,0.0,0.0
2022-05-02 00:00:00-04:00,209.07960396107563,211.19170401666477,205.39058177731823,210.04486083984375,1716000,0.0,0.0,0.0
2022-05-03 00:00:00-04:00,210.26471155671433,212.62530474421945,210.016233435942,211.296875,838900,0.0,0.0,0.0
2022-05-04 00:00:00-04:00,211.48797776223577,217.35600656505233,208.9840350359849,217.0979766845703,1110100,0.0,0.0,0.0
2022-05-05 00:00:00-04:00,215.0240904551639,215.3107903118503,207.37844984161418,209.3854217529297,1230700,0.0,0.0,0.0
2022-05-06 00:00:00-04:00,208.23858995898655,208.53485621569,203.45051251289817,206.67123413085938,1262500,0.0,0.0,0.0
2022-05-09 00:00:00-04:00,203.5269675468816,204.26284998516314,197.54424419862696,198.3948211669922,1342300,0.0,0.0,0.0
2022-05-10 00:00:00-04:00,201.37662475395965,202.39922161117653,195.01162539184662,198.26101684570312,1730500,0.0,0.0,0.0
2022-05-11 00:00:00-04:00,197.93607694120226,201.7111090379657,194.9351636151766,195.2218780517578,1569700,0.0,0.0,0.0
2022-05-12 00:00:00-04:00,194.09413793407793,198.29924896512046,193.03330472979718,196.52163696289062,1711700,0.0,0.0,0.0
2022-05-13 00:00:00-04:00,198.7579903564875,203.42183590028944,198.7579903564875,202.59036254882812,907000,0.0,0.0,0.0
2022-05-16 00:00:00-04:00,201.73978415883988,202.71460743487035,200.26800473518023,200.91787719726562,861900,0.0,0.0,0.0
2022-05-17 00:00:00-04:00,204.1481551329445,205.02740202391038,201.7302225370629,204.96051025390625,880400,0.0,0.0,0.0
2022-05-18 00:00:00-04:00,202.98221392010618,203.0586720811863,196.3209479336196,197.18109130859375,945900,0.0,0.0,0.0
2022-05-19 00:00:00-04:00,195.59461628769537,200.4496001199364,195.37479360711396,198.15589904785156,832500,0.0,0.0,0.0
2022-05-20 00:00:00-04:00,200.2393150819912,200.4017831815553,193.72140000176887,198.52859497070312,957000,0.0,0.0,0.0
2022-05-23 00:00:00-04:00,200.2966657901735,201.35749897719532,197.72581687675748,200.71717834472656,807900,0.0,0.0,0.0
2022-05-24 00:00:00-04:00,199.0064615905842,199.31229421116,194.8969268947341,198.1654510498047,840100,0.0,0.0,0.0
2022-05-25 00:00:00-04:00,197.28618991026414,201.71110903541586,197.28618991026414,200.80319213867188,717900,0.0,0.0,0.0
2022-05-26 00:00:00-04:00,201.8640264541667,206.36538917640874,201.8640264541667,205.41925048828125,675600,0.0,0.0,0.0
2022-05-27 00:00:00-04:00,206.6521210272516,211.10571053748353,206.6521210272516,211.05792236328125,887400,0.0,0.0,0.0
2022-05-31 00:00:00-04:00,210.09264495274124,210.2264430777379,207.51224420900436,208.31503295898438,737700,0.0,0.0,0.0
2022-06-01 00:00:00-04:00,209.3281031739591,209.85374393643914,204.2341928446592,206.2316131591797,558500,0.0,0.0,0.0
2022-06-02 00:00:00-04:00,206.2698215240393,210.95277040937486,205.97355529348033,210.87631225585938,679100,0.0,0.0,0.0
2022-06-03 00:00:00-04:00,209.1178152823914,209.62433778166255,207.64603595265848,208.1716766357422,1157300,0.0,0.0,0.0
2022-06-06 00:00:00-04:00,210.32204309140397,210.48451121983777,208.324608209463,208.8215789794922,475900,0.0,0.0,0.0
2022-06-07 00:00:00-04:00,207.32108859079347,211.71733763474427,206.78589609839634,211.53575134277344,1297500,0.0,0.0,0.0
2022-06-08 00:00:00-04:00,210.43669299707824,211.19169355468946,207.9900904522855,208.51571655273438,513800,0.0,0.0,0.0
2022-06-09 00:00:00-04:00,207.60782176742052,207.99966437148683,203.39317321777344,203.39317321777344,563200,0.0,0.0,0.0
2022-06-10 00:00:00-04:00,200.1246441008473,200.15331408750075,197.1810851964724,197.39132690429688,858400,0.0,0.0,0.0
2022-06-13 00:00:00-04:00,192.1540673071614,192.74659980952273,187.32775357945906,188.19744873046875,1299000,0.0,0.0,0.0
2022-06-14 00:00:00-04:00,189.3825257098435,190.1566445059193,185.79863159252767,187.49021911621094,1710000,0.0,0.0,0.0
2022-06-15 00:00:00-04:00,189.15314759899138,192.18273095128714,186.2478105735687,189.69790649414062,1402800,0.0,0.0,0.0
2022-06-16 00:00:00-04:00,185.5310210585046,185.55012465930412,180.7620477367703,181.92800903320312,1858100,0.0,0.0,0.0
2022-06-17 00:00:00-04:00,182.65437154126897,184.57534830932994,180.52315304734,182.9506378173828,1539100,0.0,0.0,0.0
2022-06-21 00:00:00-04:00,186.20002821889307,187.76738401503118,185.52147117472532,186.54408264160156,1020700,0.0,0.0,0.0
2022-06-22 00:00:00-04:00,184.21210718985225,188.29297092391036,183.73425477172032,186.71604919433594,1521900,0.0,0.0,0.0
2022-06-23 00:00:00-04:00,187.1666701473123,189.15097938190678,186.08344735004613,188.75794982910156,1083600,0.59,0.0,0.0
2022-06-24 00:00:00-04:00,190.6942902143591,194.83544921875,190.19582874785198,194.83544921875,825900,0.0,0.0,0.0
2022-06-27 00:00:00-04:00,195.12305071811386,195.98578494595398,193.2825403055321,194.7779541015625,1006500,0.0,0.0,0.0
2022-06-28 00:00:00-04:00,195.96658239531584,197.40448233233323,191.2790291857221,191.5282745361328,1261000,0.0,0.0,0.0
2022-06-29 00:00:00-04:00,191.6720486923943,191.6720486923943,189.0742511326966,190.32041931152344,798600,0.0,0.0,0.0
2022-06-30 00:00:00-04:00,188.1923759996936,190.76141721047614,186.46689291860565,188.81546020507812,947000,0.0,0.0,0.0
2022-07-01 00:00:00-04:00,188.81545313888552,191.75834768817978,187.54051331632465,191.3269805908203,774700,0.0,0.0,0.0
2022-07-05 00:00:00-04:00,188.55660558617373,191.58578491210938,186.47644546816312,191.58578491210938,894000,0.0,0.0,0.0
2022-07-06 00:00:00-04:00,191.40366619418882,192.7936333119784,189.61108881913384,191.45159912109375,773600,0.0,0.0,0.0
2022-07-07 00:00:00-04:00,192.77448342936992,195.20932121548256,192.6881983049247,194.7779541015625,872600,0.0,0.0,0.0
2022-07-08 00:00:00-04:00,194.07814297129877,195.4297577191646,192.62106702185176,194.16441345214844,588200,0.0,0.0,0.0
2022-07-11 00:00:00-04:00,192.4389437692402,193.340030080397,191.5857903819465,191.90213012695312,701600,0.0,0.0,0.0
2022-07-12 00:00:00-04:00,191.46115051885172,193.2153900598333,189.5343700199408,190.51214599609375,574700,0.0,0.0,0.0
2022-07-13 00:00:00-04:00,187.73221378435608,190.74221709176615,187.10912965744058,189.42893981933594,940300,0.0,0.0,0.0
2022-07-14 00:00:00-04:00,186.9365709558172,188.08690259730483,185.0960608073412,187.74180603027344,1149900,0.0,0.0,0.0
2022-07-15 00:00:00-04:00,190.0999603632917,191.52827960427138,188.3744774677969,191.4803466796875,778400,0.0,0.0,0.0
2022-07-18 00:00:00-04:00,193.3783534740339,193.8864102501918,190.28207989673567,190.9626922607422,634400,0.0,0.0,0.0
2022-07-19 00:00:00-04:00,193.0236897129945,196.87726567137935,193.0236897129945,196.55133056640625,548500,0.0,0.0,0.0
2022-07-20 00:00:00-04:00,196.24459882207296,199.1779125662213,196.1774897991441,198.57398986816406,1029700,0.0,0.0,0.0
2022-07-21 00:00:00-04:00,197.7975197146632,200.25153336471797,196.76222996346976,200.21319580078125,688500,0.0,0.0,0.0
2022-07-22 00:00:00-04:00,200.36660447967532,201.34436608669168,196.94439497388626,198.17140197753906,648600,0.0,0.0,0.0
2022-07-25 00:00:00-04:00,198.449387793084,199.02453905074088,196.92520258666448,198.60275268554688,1200900,0.0,0.0,0.0
2022-07-26 00:00:00-04:00,197.7304410630268,197.87422522308066,196.04329557398816,196.5801239013672,766600,0.0,0.0,0.0
2022-07-27 00:00:00-04:00,198.22888732367818,202.08246341458567,197.79752024961635,201.30599975585938,533000,0.0,0.0,0.0
2022-07-28 00:00:00-04:00,201.78529079715835,204.98701114063914,200.2611203771694,204.8240509033203,628100,0.0,0.0,0.0
2022-07-29 00:00:00-04:00,204.47896876088242,207.3835256631775,204.2105619243524,206.85629272460938,690600,0.0,0.0,0.0
2022-08-01 00:00:00-04:00,205.28418351455304,207.20138350862618,204.4310301022735,206.31947326660156,533700,0.0,0.0,0.0
2022-08-02 00:00:00-04:00,205.8497586228582,208.17914948142743,204.8336303886511,205.7634735107422,546500,0.0,0.0,0.0
2022-08-03 00:00:00-04:00,207.04803744980214,208.32297731702312,206.0894373656128,207.8628387451172,550800,0.0,0.0,0.0
2022-08-04 00:00:00-04:00,207.5464875436681,207.89158414007343,206.81795678551273,207.51773071289062,439900,0.0,0.0,0.0
2022-08-05 00:00:00-04:00,205.60049986404908,208.50505635426032,205.2170657597132,208.45713806152344,407100,0.0,0.0,0.0
2022-08-08 00:00:00-04:00,209.32947140048176,211.5726064536336,209.08982140725794,209.492431640625,475100,0.0,0.0,0.0
2022-08-09 00:00:00-04:00,209.1857082332058,209.19528896814862,207.28768419211397,207.92034912109375,602400,0.0,0.0,0.0
2022-08-10 00:00:00-04:00,211.51508802847061,213.53773465065007,211.505507294042,213.3172607421875,636900,0.0,0.0,0.0
2022-08-11 00:00:00-04:00,215.01397375648295,216.95993050333468,213.4802079710579,213.83489990234375,812300,0.0,0.0,0.0
2022-08-12 00:00:00-04:00,215.01400544570168,217.53511376334814,214.41966343703993,217.47760009765625,401700,0.0,0.0,0.0
2022-08-15 00:00:00-04:00,215.76169816972268,217.95688581941954,215.72334597706487,217.6980743408203,524200,0.0,0.0,0.0
2022-08-16 00:00:00-04:00,217.19960124524513,218.97300256281406,216.2889341224853,218.00482177734375,459200,0.0,0.0,0.0
2022-08-17 00:00:00-04:00,215.90548640859416,216.77781596961321,214.28544997443765,215.46453857421875,486000,0.0,0.0,0.0
2022-08-18 00:00:00-04:00,215.28239872981635,216.38478292494182,215.03316798517363,216.0301055908203,376600,0.0,0.0,0.0
2022-08-19 00:00:00-04:00,214.56343361542224,214.69763702649894,212.10942002597693,212.76126098632812,437500,0.0,0.0,0.0
2022-08-22 00:00:00-04:00,209.90463636842492,210.24015220838294,207.9203274117283,208.3229522705078,670500,0.0,0.0,0.0
2022-08-23 00:00:00-04:00,208.73515668926723,210.17305673534716,207.80531348930285,208.16958618164062,351300,0.0,0.0,0.0
2022-08-24 00:00:00-04:00,208.20791862778862,210.19222766358737,207.97786398740055,209.4541015625,524000,0.0,0.0,0.0
2022-08-25 00:00:00-04:00,210.56604744415102,212.78041076660156,210.16343726071213,212.78041076660156,582700,0.0,0.0,0.0
2022-08-26 00:00:00-04:00,212.79001105586218,212.79001105586218,205.70595806869017,205.75389099121094,418200,0.0,0.0,0.0
2022-08-29 00:00:00-04:00,204.0859005095814,206.21399332897272,203.56826303081695,204.3447265625,579900,0.0,0.0,0.0
2022-08-30 00:00:00-04:00,205.0349387712891,205.1116285210609,201.09509246759052,202.1112060546875,575300,0.0,0.0,0.0
2022-08-31 00:00:00-04:00,202.91643667647568,203.577873002783,200.48159916401573,200.7787628173828,486400,0.0,0.0,0.0
2022-09-01 00:00:00-04:00,198.9670115746004,199.90643546917468,196.58968769509454,199.77223205566406,714000,0.0,0.0,0.0
2022-09-02 00:00:00-04:00,202.0441179109081,202.86851446259539,197.65372833351086,198.5068817138672,524200,0.0,0.0,0.0
2022-09-06 00:00:00-04:00,199.13953670170991,199.3887673952077,196.58007687549133,198.02755737304688,826100,0.0,0.0,0.0
2022-09-07 00:00:00-04:00,197.7400062724759,202.8014130880436,197.49077553892548,202.46591186523438,444400,0.0,0.0,0.0
2022-09-08 00:00:00-04:00,201.13344593357567,204.4789503545611,200.5391040258374,204.44061279296875,546500,0.0,0.0,0.0
2022-09-09 00:00:00-04:00,205.96475659293625,208.35167539521566,205.773039555577,207.87237548828125,395200,0.0,0.0,0.0
2022-09-12 00:00:00-04:00,208.8980901114896,210.01006951481688,208.36127650355888,209.71290588378906,561500,0.0,0.0,0.0
2022-09-13 00:00:00-04:00,204.89114869967074,205.53340887995444,200.91295032273973,201.5743865966797,514300,0.0,0.0,0.0
2022-09-14 00:00:00-04:00,201.79487996138724,202.33170824607438,199.80099021377472,201.5935821533203,467900,0.0,0.0,0.0
2022-09-15 00:00:00-04:00,200.51033824415592,202.79181067449,198.82320769502002,199.53256225585938,577600,0.0,0.0,0.0
2022-09-16 00:00:00-04:00,197.5482794843902,197.5482794843902,195.0559137631423,196.7526397705078,769600,0.0,0.0,0.0
2022-09-19 00:00:00-04:00,194.92171400687363,198.42061266675378,194.92171400687363,198.29598999023438,442400,0.0,0.0,0.0
2022-09-20 00:00:00-04:00,196.62802565679746,197.00187906855342,193.66595519234053,194.90255737304688,506900,0.0,0.0,0.0
2022-09-21 00:00:00-04:00,196.3404318727946,197.95087262912114,191.87335297996432,191.95004272460938,606400,0.0,0.0,0.0
2022-09-22 00:00:00-04:00,191.84461429955155,192.01715527101766,188.10606568663232,188.2594451904297,775700,0.0,0.0,0.0
2022-09-23 00:00:00-04:00,186.0311724001857,186.3969297018585,182.4793771647149,185.0782470703125,1168600,0.805,0.0,0.0
2022-09-26 00:00:00-04:00,184.2215859912232,186.14667702606008,181.53609046002853,182.20986938476562,1453100,0.0,0.0,0.0
2022-09-27 00:00:00-04:00,184.35632976788017,185.23224965662374,180.54465799205764,181.7382049560547,1200800,0.0,0.0,0.0
2022-09-28 00:00:00-04:00,183.15315764504152,187.1188404284973,182.0943517138864,186.24293518066406,1159300,0.0,0.0,0.0
2022-09-29 00:00:00-04:00,184.27932384212204,184.45258966086112,180.89115973875124,182.46011352539062,1043000,0.0,0.0,0.0
2022-09-30 00:00:00-04:00,182.42161346096665,184.84721736247909,180.83340469384558,180.9392852783203,1013900,0.0,0.0,0.0
2022-10-03 00:00:00-04:00,183.40339776725725,187.340219695303,181.84407888761194,186.3295440673828,784700,0.0,0.0,0.0
2022-10-04 00:00:00-04:00,189.47710009981878,193.1347614922589,189.47710009981878,193.07701110839844,1039700,0.0,0.0,0.0
2022-10-05 00:00:00-04:00,190.62250358355956,193.26950369781122,188.9573039877593,192.05670166015625,798900,0.0,0.0,0.0
2022-10-06 00:00:00-04:00,191.39256182028248,192.94226080953297,189.7369822285137,190.12200927734375,697000,0.0,0.0,0.0
2022-10-07 00:00:00-04:00,188.168024431853,188.38940578364958,183.89432007666423,184.9723663330078,653600,0.0,0.0,0.0
2022-10-10 00:00:00-04:00,185.56913503843663,185.70389081699207,182.22911576372135,183.3456573486328,598200,0.0,0.0,0.0
2022-10-11 00:00:00-04:00,182.5274870093148,184.79909471725173,180.6216365622368,182.09432983398438,1183000,0.0,0.0,0.0
2022-10-12 00:00:00-04:00,182.26760583170355,182.3734864180163,180.6890318913086,180.97779846191406,716300,0.0,0.0,0.0
2022-10-13 00:00:00-04:00,177.7147809806636,185.69427674090775,176.0303263498274,184.7798614501953,963700,0.0,0.0,0.0
2022-10-14 00:00:00-04:00,186.185155079948,186.62793243921067,179.2740859571056,179.5821075439453,601300,0.0,0.0,0.0
2022-10-17 00:00:00-04:00,183.1916748861492,185.3574023589927,183.13390981622533,184.4718475341797,1171100,0.0,0.0,0.0
2022-10-18 00:00:00-04:00,188.3220078438062,189.35193850565466,185.44400640277988,187.3017120361328,1125000,0.0,0.0,0.0
2022-10-19 00:00:00-04:00,185.66539867724396,186.63756433314566,183.0954039855889,184.52960205078125,590400,0.0,0.0,0.0
2022-10-20 00:00:00-04:00,184.6547146968511,186.5701854203709,182.11359530881288,182.65261840820312,607500,0.0,0.0,0.0
2022-10-21 00:00:00-04:00,182.38312249107017,186.62795179352125,181.17032041348952,186.4065704345703,656600,0.0,0.0,0.0
2022-10-24 00:00:00-04:00,187.39798062257438,188.55303225354612,185.3670090855984,188.03326416015625,621600,0.0,0.0,0.0
2022-10-25 00:00:00-04:00,188.11989091727156,192.77860751443774,188.11989091727156,192.6342315673828,674300,0.0,0.0,0.0
2022-10-26 00:00:00-04:00,192.39357854425185,195.36784029436518,192.27806310932826,192.72084045410156,1031200,0.0,0.0,0.0
2022-10-27 00:00:00-04:00,193.6064085284756,195.64700036491817,192.87487920851754,193.1058807373047,1194900,0.0,0.0,0.0
2022-10-28 00:00:00-04:00,193.51974523643727,197.27366622034805,192.92295713307155,197.16778564453125,586400,0.0,0.0,0.0
2022-10-31 00:00:00-04:00,195.86838241774313,197.67795790882042,195.86838241774313,196.3496551513672,649500,0.0,0.0,0.0
2022-11-01 00:00:00-04:00,198.63090366015697,199.16030665910722,196.19566455226553,197.04270935058594,636900,0.0,0.0,0.0
2022-11-02 00:00:00-04:00,196.42666569249337,198.56350317341784,191.46954759405088,191.5272979736328,818300,0.0,0.0,0.0
2022-11-03 00:00:00-04:00,189.40970039489483,192.75935458849997,188.40865954744544,191.20965576171875,646500,0.0,0.0,0.0
2022-11-04 00:00:00-04:00,193.78927709190324,194.91545350523793,190.17973165662104,193.385009765625,563900,0.0,0.0,0.0
2022-11-07 00:00:00-05:00,194.34758422161272,194.76147177673815,192.51873878241256,194.51121520996094,651600,0.0,0.0,0.0
2022-11-08 00:00:00-05:00,194.95396280934682,197.63947303021487,193.5582747453015,195.76251220703125,761900,0.0,0.0,0.0
2022-11-09 00:00:00-05:00,194.1453996614387,195.35821623667817,191.48877970754478,191.83529663085938,484800,0.0,0.0,0.0
2022-11-10 00:00:00-05:00,198.84267809436457,203.5784008335508,198.84267809436457,203.28001403808594,568800,0.0,0.0,0.0
2022-11-11 00:00:00-05:00,204.04036110024498,206.023202189936,203.65534883153325,205.0991668701172,731700,0.0,0.0,0.0
2022-11-14 00:00:00-05:00,204.32915786059903,205.79223113515357,202.57733268544982,202.70245361328125,612400,0.0,0.0,0.0
2022-11-15 00:00:00-05:00,205.91734910052512,206.46600707831925,203.193358295579,205.06068420410156,691300,0.0,0.0,0.0
2022-11-16 00:00:00-05:00,204.08850596836842,204.33876249228302,202.11528490308254,202.5965576171875,694200,0.0,0.0,0.0
2022-11-17 00:00:00-05:00,199.9495747003249,200.91212021042338,198.48651609981596,200.64260864257812,543200,0.0,0.0,0.0
2022-11-18 00:00:00-05:00,202.86609087362598,203.33774347134693,200.2479658537108,202.05755615234375,493100,0.0,0.0,0.0
2022-11-21 00:00:00-05:00,201.1912440124056,201.81689264871363,200.29606915127744,201.58587646484375,700600,0.0,0.0,0.0
2022-11-22 00:00:00-05:00,202.54842260823276,204.20400188050135,201.9227739696343,204.1943817138672,749600,0.0,0.0,0.0
2022-11-23 00:00:00-05:00,203.83828056606694,205.66711128397688,203.80940537379425,205.31097412109375,461000,0.0,0.0,0.0
2022-11-25 00:00:00-05:00,205.28208439228933,205.92698811951203,205.17620379902715,205.84036254882812,242800,0.0,0.0,0.0
2022-11-28 00:00:00-05:00,203.99224493429787,204.8489244626029,201.73027199720542,202.17303466796875,761200,0.0,0.0,0.0
2022-11-29 00:00:00-05:00,202.50996968661602,203.45326026911843,201.84581086776416,202.58697509765625,604300,0.0,0.0,0.0
2022-11-30 00:00:00-05:00,202.84683589040762,208.44884284023655,201.54739364217363,208.4199676513672,671300,0.0,0.0,0.0
2022-12-01 00:00:00-05:00,209.3247606362429,210.6723183942271,208.00607806683848,209.12261962890625,717100,0.0,0.0,0.0
2022-12-02 00:00:00-05:00,206.00396118883523,209.392110266874,206.00396118883523,208.72796630859375,783800,0.0,0.0,0.0
2022-12-05 00:00:00-05:00,207.2841642611276,207.2841642611276,203.35697714357758,203.95375061035156,522500,0.0,0.0,0.0
2022-12-06 00:00:00-05:00,204.0885203054797,204.11739549537225,200.05545232799477,201.43190002441406,524100,0.0,0.0,0.0
2022-12-07 00:00:00-05:00,200.9506311165178,202.87572214496134,200.86399085790583,201.27789306640625,519200,0.0,0.0,0.0
2022-12-08 00:00:00-05:00,202.327063164991,204.0500278519194,201.66290441345316,202.8275909423828,841900,0.0,0.0,0.0
2022-12-09 00:00:00-05:00,202.2885785383407,203.30887448260032,201.23940740224575,201.30677795410156,551100,0.0,0.0,0.0
2022-12-12 00:00:00-05:00,201.71101719819526,204.47351787192179,201.36450025721427,204.46389770507812,741600,0.0,0.0,0.0
2022-12-13 00:00:00-05:00,209.89266408902068,210.53756779529036,204.45428802602382,206.16761779785156,723900,0.0,0.0,0.0
2022-12-14 00:00:00-05:00,206.10986132326576,207.68843526929294,203.530231887205,204.73341369628906,626800,0.0,0.0,0.0
2022-12-15 00:00:00-05:00,201.95164245301942,202.90456766015194,199.34315271585217,199.93992614746094,685900,0.0,0.0,0.0
2022-12-16 00:00:00-05:00,198.07260756611444,198.7271461294587,196.00314066041855,197.42770385742188,825200,0.0,0.0,0.0
2022-12-19 00:00:00-05:00,197.48546986193,197.6202256522105,194.47269757324787,195.34861755371094,816200,0.0,0.0,0.0
2022-12-20 00:00:00-05:00,195.07907909439638,196.5132770619206,194.31867467271638,195.70474243164062,802600,0.0,0.0,0.0
2022-12-21 00:00:00-05:00,197.18704702139593,199.30464391872815,196.5806387324145,198.70787048339844,874300,0.0,0.0,0.0
2022-12-22 00:00:00-05:00,197.0926195545262,197.16037269634703,192.9020552444799,196.2312774658203,902900,1.121,0.0,0.0
2022-12-23 00:00:00-05:00,196.08613721112582,197.4217071533203,194.93445179922992,197.4217071533203,691600,0.0,0.0,0.0
2022-12-27 00:00:00-05:00,197.65394896844467,197.8475061707591,196.04741089851393,197.19908142089844,933200,0.0,0.0,0.0
2022-12-28 00:00:00-05:00,197.45070383756,197.88621120102675,194.3150242391592,194.4505157470703,1076900,0.0,0.0,0.0
2022-12-29 00:00:00-05:00,195.85383936078017,198.66047048666823,195.5344633308963,198.2443084716797,1118400,0.0,0.0,0.0
2022-12-30 00:00:00-05:00,196.50225633411685,197.37328586317795,195.37961869566584,197.24746704101562,938100,0.0,0.0,0.0
2023-01-03 00:00:00-05:00,198.3797982582576,199.5121233902496,194.81829850301457,196.33773803710938,763800,0.0,0.0,0.0
2023-01-04 00:00:00-05:00,197.61526078698765,200.06379579156007,197.15072050714954,199.20245361328125,681200,0.0,0.0,0.0
2023-01-05 00:00:00-05:00,198.0120371229003,198.04106996367534,196.17320685816657,196.57968139648438,587600,0.0,0.0,0.0
2023-01-06 00:00:00-05:00,198.36045622038193,201.63161284547627,196.9958535636359,201.0993194580078,719000,0.0,0.0,0.0
2023-01-09 00:00:00-05:00,202.75426931404095,204.15757753241058,201.38966663031252,201.78646850585938,727800,0.0,0.0,0.0
2023-01-10 00:00:00-05:00,201.39935928856968,203.43173217773438,200.96383709967054,203.43173217773438,388400,0.0,0.0,0.0
2023-01-11 00:00:00-05:00,204.10914517534073,206.5189740392575,204.10914517534073,206.4705810546875,745500,0.0,0.0,0.0
2023-01-12 00:00:00-05:00,206.92547986641566,207.87392048427068,204.7672882884254,207.13839721679688,561200,0.0,0.0,0.0
2023-01-13 00:00:00-05:00,205.17377407298008,208.04814369304148,205.1544139216669,207.77716064453125,363200,0.0,0.0,0.0
2023-01-17 00:00:00-05:00,207.554558597768,208.8804409204722,207.46744530562648,207.7965087890625,653100,0.0,0.0,0.0
2023-01-18 00:00:00-05:00,208.89012832024295,209.61597894523518,204.651170712167,204.75762939453125,664700,0.0,0.0,0.0
2023-01-19 00:00:00-05:00,203.3252768907427,203.70271863128116,201.5735597162574,202.50265502929688,688500,0.0,0.0,0.0
2023-01-20 00:00:00-05:00,203.18010937763563,206.41256061780803,202.0574568664182,206.27706909179688,632500,0.0,0.0,0.0
2023-01-23 00:00:00-05:00,206.799670056973,209.84825146990576,206.277064117096,208.99658203125,555800,0.0,0.0,0.0
2023-01-24 00:00:00-05:00,208.22231101427295,209.14173347698048,207.264197789402,208.54168701171875,513200,0.0,0.0,0.0
2023-01-25 00:00:00-05:00,206.3448048988739,208.96753666786708,205.31892369674674,208.9191436767578,695200,0.0,0.0,0.0
2023-01-26 00:00:00-05:00,210.59345432479927,211.27091191309094,208.92883581215813,211.22251892089844,934600,0.0,0.0,0.0
2023-01-27 00:00:00-05:00,210.48700150253177,212.97424188174355,210.35150998110547,212.01612854003906,477700,0.0,0.0,0.0
2023-01-30 00:00:00-05:00,210.35151772859828,211.9967761972197,209.1998323703226,209.3159637451172,613800,0.0,0.0,0.0
2023-01-31 00:00:00-05:00,209.7514587822368,213.00326999168487,209.33531153548384,212.93553161621094,586100,0.0,0.0,0.0
2023-02-01 00:00:00-05:00,212.06451629194214,216.88417512946367,211.06768260364242,215.49053955078125,633400,0.0,0.0,0.0
2023-02-02 00:00:00-05:00,217.32933796364387,219.85529855724604,216.8164047383214,218.70361328125,621100,0.0,0.0,0.0
2023-02-03 00:00:00-05:00,215.75180871234267,217.6196717922034,215.03564562643584,215.42276000976562,698200,0.0,0.0,0.0
2023-02-06 00:00:00-05:00,214.17431778690386,214.929201221729,213.43877973530223,214.18399047851562,828800,0.0,0.0,0.0
2023-02-07 00:00:00-05:00,213.59363682138354,216.93254667814506,212.2387215879775,216.30348205566406,553100,0.0,0.0,0.0
2023-02-08 00:00:00-05:00,215.5098446117712,216.40990690770803,214.0581436168447,214.48397827148438,435900,0.0,0.0,0.0
2023-02-09 00:00:00-05:00,215.964732015998,216.53574568325524,211.50316995622038,212.1419219970703,445200,0.0,0.0,0.0
2023-02-10 00:00:00-05:00,211.48382479282816,212.76131410838389,210.99023695735667,212.61614990234375,476500,0.0,0.0,0.0
2023-02-13 00:00:00-05:00,212.82906685284397,215.11307721757942,212.47097053283318,214.89047241210938,370700,0.0,0.0,0.0
2023-02-14 00:00:00-05:00,214.25174078472247,216.63252242688128,212.98392412936997,215.1130828857422,567800,0.0,0.0,0.0
2023-02-15 00:00:00-05:00,214.1743166718621,217.1551448617286,213.8936461744328,217.11642456054688,624900,0.0,0.0,0.0
2023-02-16 00:00:00-05:00,214.75498962402344,216.74867165823196,214.0001061884124,214.75498962402344,464600,0.0,0.0,0.0
2023-02-17 00:00:00-05:00,213.83558686830722,214.0968972229399,212.1419354440567,213.45814514160156,381200,0.0,0.0,0.0
2023-02-21 00:00:00-05:00,211.41609653488626,211.812898434722,208.2320381787537,208.50302124023438,460500,0.0,0.0,0.0
2023-02-22 00:00:00-05:00,208.8610750057698,209.76113737162714,207.59325840117282,208.42556762695312,1033000,0.0,0.0,0.0
2023-02-23 00:00:00-05:00,209.50948712257733,210.14823911572498,206.89642823943367,209.19979858398438,543500,0.0,0.0,0.0
2023-02-24 00:00:00-05:00,206.7996675560702,207.74812297127352,205.73509553809316,207.27389526367188,600500,0.0,0.0,0.0
2023-02-27 00:00:00-05:00,209.19980764052502,209.97405117172508,207.19645305732493,207.835205078125,426900,0.0,0.0,0.0
2023-02-28 00:00:00-05:00,207.7191067899102,208.88046488788714,207.10938751229781,207.1868133544922,517000,0.0,0.0,0.0
2023-03-01 00:00:00-05:00,206.68354659355168,207.7674788169741,205.88995757782283,206.6738739013672,866000,0.0,0.0,0.0
2023-03-02 00:00:00-05:00,205.38668033360068,208.8901143910238,204.98020578280583,208.56106567382812,1301300,0.0,0.0,0.0
2023-03-03 00:00:00-05:00,209.2385367964809,211.92902192639204,208.851422370906,211.396728515625,644800,0.0,0.0,0.0
2023-03-06 00:00:00-05:00,211.77419117975515,212.46132152026797,210.13860536428476,210.39022827148438,569200,0.0,0.0,0.0
2023-03-07 00:00:00-05:00,210.46764085253943,210.91282095011238,206.97387937890136,207.27389526367188,704200,0.0,0.0,0.0
2023-03-08 00:00:00-05:00,207.31263236634894,208.3191387807739,206.5480614037121,207.7578125,565200,0.0,0.0,0.0
2023-03-09 00:00:00-05:00,207.60294926889367,208.42558587560328,202.41553626582916,202.7542724609375,530400,0.0,0.0,0.0
2023-03-10 00:00:00-05:00,202.09618718353155,202.2510241013103,196.26033428142796,197.4217071533203,735500,0.0,0.0,0.0
2023-03-13 00:00:00-04:00,194.56666708340197,198.26367324202033,192.91173597881266,195.8054656982422,804600,0.0,0.0,0.0
2023-03-14 00:00:00-04:00,199.3089023288535,200.4218673598139,196.33774673655583,198.5733642578125,688100,0.0,0.0,0.0
2023-03-15 00:00:00-04:00,195.01186911924466,195.56352268603155,192.4665481862918,195.28285217285156,784600,0.0,0.0,0.0
2023-03-16 00:00:00-04:00,193.83113739581503,198.35076522805076,193.18271265080148,198.04107666015625,898100,0.0,0.0,0.0
2023-03-17 00:00:00-04:00,197.0539409168908,197.14103945329018,193.85052231568767,194.4989471435547,666600,0.0,0.0,0.0
2023-03-20 00:00:00-04:00,195.3312259955102,197.5474832022868,195.00217728663813,196.87002563476562,496000,0.0,0.0,0.0
2023-03-21 00:00:00-04:00,199.01854723533944,200.37346238921825,198.68949852189283,199.91860961914062,346600,0.0,0.0,0.0
2023-03-22 00:00:00-04:00,199.74441268212328,200.50896884001887,195.00219452284387,195.07962036132812,395200,0.0,0.0,0.0
2023-03-23 00:00:00-04:00,196.15793339146396,198.28544110206266,193.12697162478003,194.4870147705078,463100,0.76,0.0,0.0
2023-03-24 00:00:00-04:00,193.30181300821636,195.8762003094612,191.94176996770176,195.78875732421875,497700,0.0,0.0,0.0
2023-03-27 00:00:00-04:00,197.61512163021646,198.0814200027139,196.2453544111873,197.04196166992188,562300,0.0,0.0,0.0
2023-03-28 00:00:00-04:00,196.9642494598396,197.98428922812576,196.43966562597276,197.3528289794922,578400,0.0,0.0,0.0
2023-03-29 00:00:00-04:00,199.21805405604795,200.64609195707183,198.9266120018836,200.4420928955078,475000,0.0,0.0,0.0
2023-03-30 00:00:00-04:00,202.27813508347253,202.53071026196835,200.72378752394934,201.50096130371094,453800,0.0,0.0,0.0
2023-03-31 00:00:00-04:00,202.3947147628451,204.9496686720236,202.3947147628451,204.90109252929688,392000,0.0,0.0,0.0
2023-04-03 00:00:00-04:00,204.8525339746695,205.49370353765323,203.46334807823027,204.57081604003906,562900,0.0,0.0,0.0
2023-04-04 00:00:00-04:00,205.06626053961105,205.06626053961105,201.4329959362506,202.3170166015625,1866100,0.0,0.0,0.0
2023-04-05 00:00:00-04:00,201.5106893444039,201.89928368210514,200.14093692116202,201.0055389404297,444100,0.0,0.0,0.0
2023-04-06 00:00:00-04:00,200.80153016414027,201.3358381274615,199.8592092533807,201.19012451171875,468900,0.0,0.0,0.0
2023-04-10 00:00:00-04:00,200.24779634918733,202.63758850097656,200.0534917707553,202.63758850097656,422500,0.0,0.0,0.0
2023-04-11 00:00:00-04:00,203.25932246545062,204.93024102349105,203.10389955704719,204.17250061035156,544300,0.0,0.0,0.0
2023-04-12 00:00:00-04:00,205.75600278469332,205.78514550814756,203.00675889309207,203.26905822753906,523000,0.0,0.0,0.0
2023-04-13 00:00:00-04:00,203.73535907612612,205.2314065837499,202.9387517631739,204.8914031982422,473800,0.0,0.0,0.0
2023-04-14 00:00:00-04:00,204.8428320878718,205.88229051697041,202.72503355804722,203.87136840820312,456100,0.0,0.0,0.0
2023-04-17 00:00:00-04:00,203.89077663580173,205.35768127441406,203.53132503886047,205.35768127441406,751400,0.0,0.0,0.0
2023-04-18 00:00:00-04:00,206.03771065278198,206.41658086253545,204.72624369133916,205.50340270996094,583800,0.0,0.0,0.0
2023-04-19 00:00:00-04:00,204.42507442308317,205.6685614453988,204.18220852760928,205.3479766845703,413000,0.0,0.0,0.0
2023-04-20 00:00:00-04:00,203.93933702894537,205.16339059545226,203.5313241145622,204.31822204589844,392100,0.0,0.0,0.0
2023-04-21 00:00:00-04:00,204.57078781036304,204.57078781036304,203.07472570318293,204.24049377441406,377200,0.0,0.0,0.0
2023-04-24 00:00:00-04:00,204.21137453335155,204.92053882697692,203.60905700773796,204.5805206298828,430500,0.0,0.0,0.0
2023-04-25 00:00:00-04:00,203.4147724101209,203.4439151336561,200.50038146972656,200.50038146972656,447900,0.0,0.0,0.0
2023-04-26 00:00:00-04:00,200.0632181751667,200.69466359219723,198.2174284225205,198.69345092773438,617700,0.0,0.0,0.0
2023-04-27 00:00:00-04:00,199.3151943252758,201.63699184458372,198.60603001475482,201.60784912109375,365500,0.0,0.0,0.0
2023-04-28 00:00:00-04:00,200.90837102263234,203.4438914383958,200.66550513921956,203.31759643554688,578400,0.0,0.0,0.0
2023-05-01 00:00:00-04:00,203.1621856689453,204.38622445803776,202.93873837004395,203.1621856689453,2811100,0.0,0.0,0.0
2023-05-02 00:00:00-04:00,202.18098960529773,202.37529417429383,198.04256021209957,200.05348205566406,603100,0.0,0.0,0.0
2023-05-03 00:00:00-04:00,200.5295363255534,202.07416005980798,198.95576986600045,199.14035034179688,556900,0.0,0.0,0.0
2023-05-04 00:00:00-04:00,198.92659602302925,199.3346089367421,197.03224505816343,197.7414093017578,583400,0.0,0.0,0.0
2023-05-05 00:00:00-04:00,199.3055016646212,201.51071365071658,199.3055016646212,200.9861297607422,485500,0.0,0.0,0.0
2023-05-08 00:00:00-04:00,201.37468619587617,201.59813350010515,200.17979010017535,200.84039306640625,543700,0.0,0.0,0.0
2023-05-09 00:00:00-04:00,199.71347329581639,200.73351296198047,199.41232197473187,200.2283477783203,896100,0.0,0.0,0.0
2023-05-10 00:00:00-04:00,201.91869461148522,202.06440820729205,198.94600384681604,200.69464111328125,625200,0.0,0.0,0.0
2023-05-11 00:00:00-04:00,199.84951428826656,200.18953251386674,198.6643273840188,199.69407653808594,3104300,0.0,0.0,0.0
2023-05-12 00:00:00-04:00,200.471221412608,200.8403823099469,198.3242804165398,199.6260528564453,1447800,0.0,0.0,0.0
2023-05-15 00:00:00-04:00,199.87866170558732,201.35529072024718,199.28606823955252,200.9861297607422,1559700,0.0,0.0,0.0
2023-05-16 00:00:00-04:00,199.96607883430738,199.96607883430738,197.6442812494499,197.7220001220703,2011400,0.0,0.0,0.0
2023-05-17 00:00:00-04:00,198.72258372176918,200.58779198060574,197.6831254193556,200.0826416015625,1195900,0.0,0.0,0.0
2023-05-18 00:00:00-04:00,200.06322471982364,202.18100834326748,199.49977402890107,201.96728515625,569900,0.0,0.0,0.0
2023-05-19 00:00:00-04:00,202.56960738815485,202.79303988035673,200.68496550806822,201.30670166015625,493200,0.0,0.0,0.0
2023-05-22 00:00:00-04:00,201.56900339194337,203.09419365452857,200.772396062718,202.27816772460938,480200,0.0,0.0,0.0
2023-05-23 00:00:00-04:00,201.52040267640845,202.24900034430522,199.6260517045484,199.79119873046875,635800,0.0,0.0,0.0
2023-05-24 00:00:00-04:00,198.79061336503148,198.94603628478143,197.24597488084396,197.7608642578125,492500,0.0,0.0,0.0
2023-05-25 00:00:00-04:00,198.03285990805966,198.28543510652673,196.264789048716,197.6248321533203,558300,0.0,0.0,0.0
2023-05-26 00:00:00-04:00,198.16887690333942,199.96607577636564,197.9648630129108,199.61634826660156,380600,0.0,0.0,0.0
2023-05-30 00:00:00-04:00,200.54891978067863,200.91808064028993,198.9168534538209,199.53858947753906,570300,0.0,0.0,0.0
2023-05-31 00:00:00-04:00,198.6837474374744,198.81002763055793,196.68253471449697,197.96485900878906,726800,0.0,0.0,0.0
2023-06-01 00:00:00-04:00,198.38257330526446,200.40320439620123,197.1585197747012,199.77175903320312,666600,0.0,0.0,0.0
2023-06-02 00:00:00-04:00,201.85069082488428,204.52221552904047,201.50096336158774,204.03648376464844,582500,0.0,0.0,0.0
2023-06-05 00:00:00-04:00,204.16277907486267,204.44449697635795,202.80272123849898,203.48275756835938,806000,0.0,0.0,0.0
2023-06-06 00:00:00-04:00,203.48277108481716,205.60055460622488,203.2787572076359,205.21197509765625,532000,0.0,0.0,0.0
2023-06-07 00:00:00-04:00,205.87256567742017,206.74689181714388,205.34798185227254,206.28057861328125,617100,0.0,0.0,0.0
2023-06-08 00:00:00-04:00,205.9114372067318,206.6400349280629,204.8233878629935,206.36801147460938,493000,0.0,0.0,0.0
2023-06-09 00:00:00-04:00,206.7371888877152,207.1549259894132,205.6005781305776,206.10574340820312,457900,0.0,0.0,0.0
2023-06-12 00:00:00-04:00,206.6108642993744,207.7571990164973,205.7656957396201,207.69891357421875,802800,0.0,0.0,0.0
2023-06-13 00:00:00-04:00,208.54410267297686,210.1373024867175,208.3206701811179,209.83615112304688,883000,0.0,0.0,0.0
2023-06-14 00:00:00-04:00,210.273287541827,211.01160934471469,208.06806107920664,209.4864044189453,1181700,0.0,0.0,0.0
2023-06-15 00:00:00-04:00,208.85496978768802,212.32308721601802,208.78696021881953,212.00250244140625,701900,0.0,0.0,0.0
2023-06-16 00:00:00-04:00,213.04195587938617,213.30425518399352,211.12817153235943,211.45846557617188,714400,0.0,0.0,0.0
2023-06-20 00:00:00-04:00,210.21499822651546,210.399578673837,208.76751219210325,209.69041442871094,525800,0.0,0.0,0.0
2023-06-21 00:00:00-04:00,209.13670114361238,210.14703167816944,208.5343984017461,209.4669952392578,535700,0.0,0.0,0.0
2023-06-22 00:00:00-04:00,209.15612356876753,209.15612356876753,207.69892811634696,208.70924377441406,515400,0.0,0.0,0.0
2023-06-23 00:00:00-04:00,207.0846226920077,207.7379769848199,206.5580437430831,206.87008666992188,413300,0.814,0.0,0.0
2023-06-26 00:00:00-04:00,207.03587253620177,208.722892361239,206.87984362482345,208.14755249023438,370100,0.0,0.0,0.0
2023-06-27 00:00:00-04:00,208.7716513539079,211.48259042552925,208.31332573074482,211.17054748535156,549700,0.0,0.0,0.0
2023-06-28 00:00:00-04:00,210.99500140728355,211.6776241365935,210.19537932056312,211.2875518798828,593900,0.0,0.0,0.0
2023-06-29 00:00:00-04:00,211.35583904339694,212.66254774106227,210.78048427316048,212.65280151367188,488600,0.0,0.0,0.0
2023-06-30 00:00:00-04:00,214.32030724701886,215.19794383581814,213.95950340847142,214.6908721923828,461800,0.0,0.0,0.0
2023-07-03 00:00:00-04:00,214.43734760620728,215.45152077606113,213.94002212928564,215.41250610351562,247500,0.0,0.0,0.0
2023-07-05 00:00:00-04:00,214.41784048732237,214.8371514702174,213.40366738681985,214.36907958984375,504300,0.0,0.0,0.0
2023-07-06 00:00:00-04:00,212.4967758777854,212.69180458675996,210.7024879476408,212.4870147705078,521000,0.0,0.0,0.0
2023-07-07 00:00:00-04:00,212.2529807549772,215.08093416094877,212.16522007018014,213.41342163085938,366000,0.0,0.0,0.0
2023-07-10 00:00:00-04:00,213.1696494210484,215.66605274605908,213.0721276212718,215.64654541015625,402500,0.0,0.0,0.0
2023-07-11 00:00:00-04:00,216.19260623616364,218.6109948115879,216.19260623616364,218.33795166015625,607900,0.0,0.0,0.0
2023-07-12 00:00:00-04:00,220.39552515412572,220.48330071096987,219.0888165847174,219.39111328125,540800,0.0,0.0,0.0
2023-07-13 00:00:00-04:00,220.22003684130866,221.14643440250398,219.59593602200195,220.8928985595703,441600,0.0,0.0,0.0
2023-07-14 00:00:00-04:00,220.97090019821437,220.97090019821437,218.83530091366376,219.33262634277344,605300,0.0,0.0,0.0
2023-07-17 00:00:00-04:00,219.0693170535407,221.1561553242833,218.50373830553949,220.52230834960938,528700,0.0,0.0,0.0
2023-07-18 00:00:00-04:00,220.76610991288345,222.09232593406776,220.52232031251674,221.90704345703125,550600,0.0,0.0,0.0
2023-07-19 00:00:00-04:00,222.38487291988957,223.15524149780333,221.78026460230376,222.56039428710938,662600,0.0,0.0,0.0
2023-07-20 00:00:00-04:00,221.79000588872606,222.06304902204687,220.72708691403193,221.33168029785156,529000,0.0,0.0,0.0
2023-07-21 00:00:00-04:00,222.3068668417268,222.40438863590393,221.18544060737304,221.60475158691406,633000,0.0,0.0,0.0
2023-07-24 00:00:00-04:00,222.03380797981754,222.4921335965285,221.02939606568134,221.67300415039062,339500,0.0,0.0,0.0
2023-07-25 00:00:00-04:00,221.47796123119463,222.9602060998318,221.33169342957135,222.3361053466797,437300,0.0,0.0,0.0
2023-07-26 00:00:00-04:00,221.68275642648243,222.9504652970902,221.53647374156458,222.453125,432000,0.0,0.0,0.0
2023-07-27 00:00:00-04:00,223.56482718902723,223.64284165279366,219.48867189545913,219.927490234375,616700,0.0,0.0,0.0
2023-07-28 00:00:00-04:00,222.3458719278422,222.3458719278422,220.25903344847822,221.23419189453125,590900,0.0,0.0,0.0
2023-07-31 00:00:00-04:00,221.9655366801363,222.74566632840268,221.52671840290378,222.25808715820312,545900,0.0,0.0,0.0
2023-08-01 00:00:00-04:00,221.12687577359765,221.77048377914016,220.69781864963642,221.50718688964844,651000,0.0,0.0,0.0
2023-08-02 00:00:00-04:00,219.7811936315755,220.19075835290857,218.5524845878407,218.99131774902344,643000,0.0,0.0,0.0
2023-08-03 00:00:00-04:00,218.00640955129577,218.84504637059314,217.14826539766972,218.18194580078125,544000,0.0,0.0,0.0
2023-08-04 00:00:00-04:00,218.63051782759572,219.43015488538637,216.5436793749726,216.80697631835938,483600,0.0,0.0,0.0
2023-08-07 00:00:00-04:00,217.7431040589362,218.50374127049605,217.15801796969848,218.40621948242188,427500,0.0,0.0,0.0
2023-08-08 00:00:00-04:00,216.20237667472983,217.01174505729242,214.7493852935324,216.75820922851562,614100,0.0,0.0,0.0
2023-08-09 00:00:00-04:00,216.93373904275916,217.314050214509,215.51974749265764,215.9780731201172,464100,0.0,0.0,0.0
2023-08-10 00:00:00-04:00,217.02150452796891,218.28921342176668,214.8469054659823,215.43199157714844,820200,0.0,0.0,0.0
2023-08-11 00:00:00-04:00,214.6226185508517,215.87082016985138,214.49585807124535,215.24671936035156,440000,0.0,0.0,0.0
2023-08-14 00:00:00-04:00,214.56409707536454,215.47100210586524,214.06677165846807,215.4222412109375,503500,0.0,0.0,0.0
2023-08-15 00:00:00-04:00,214.30079592956608,214.30079592956608,212.36998654225712,212.59426879882812,617800,0.0,0.0,0.0
2023-08-16 00:00:00-04:00,212.41875309234595,213.0721074256572,210.93650817871094,210.93650817871094,637800,0.0,0.0,0.0
2023-08-17 00:00:00-04:00,211.90189915774343,211.90189915774343,208.80088806152344,208.80088806152344,928600,0.0,0.0,0.0
2023-08-18 00:00:00-04:00,207.70874728060915,209.79558574260514,207.15289982871127,209.39576721191406,660300,0.0,0.0,0.0
2023-08-21 00:00:00-04:00,209.62980230662777,210.08812794471862,207.9037677733864,209.3762664794922,632800,0.0,0.0,0.0
2023-08-22 00:00:00-04:00,209.89309414587836,210.16613730070003,208.69363863033743,208.9471893310547,626800,0.0,0.0,0.0
2023-08-23 00:00:00-04:00,209.29825167564633,211.0925395564129,208.8886869341498,210.90725708007812,545300,0.0,0.0,0.0
2023-08-24 00:00:00-04:00,210.83900596335135,211.9409248462886,208.54737775241125,208.61563110351562,482000,0.0,0.0,0.0
2023-08-25 00:00:00-04:00,209.43477248244113,210.43918443805842,207.6404697285669,209.75657653808594,737300,0.0,0.0,0.0
2023-08-28 00:00:00-04:00,210.67320473895293,211.8531528971091,210.5756978311685,211.19979858398438,583800,0.0,0.0,0.0
2023-08-29 00:00:00-04:00,211.25828834535565,213.9984807205201,210.8194700970446,213.97897338867188,549100,0.0,0.0,0.0
2023-08-30 00:00:00-04:00,213.90100460204934,215.19795220177085,213.7254683496238,214.95416259765625,579400,0.0,0.0,0.0
2023-08-31 00:00:00-04:00,215.4514765579887,215.4904763427923,214.22276758052146,214.23252868652344,431700,0.0,0.0,0.0
2023-09-01 00:00:00-04:00,215.70503593541642,216.31939049129988,214.75913109339186,215.29547119140625,559600,0.0,0.0,0.0
2023-09-05 00:00:00-04:00,214.7591274724837,215.0224244033854,212.8868251544035,212.95509338378906,507500,0.0,0.0,0.0
2023-09-06 00:00:00-04:00,212.91609805516845,213.32566282947468,211.46312144912105,212.7210693359375,494200,0.0,0.0,0.0
2023-09-07 00:00:00-04:00,211.64838391830804,212.16523158733196,210.66347923829184,211.80441284179688,318600,0.0,0.0,0.0
2023-09-08 00:00:00-04:00,212.02867561854492,212.36998699731816,211.23879972566854,211.5508575439453,358200,0.0,0.0,0.0
2023-09-11 00:00:00-04:00,212.58452813013645,212.90633218305774,211.65813063946152,211.9799346923828,424900,0.0,0.0,0.0
2023-09-12 00:00:00-04:00,211.62888065854335,212.6430388499715,211.36558372356498,211.57037353515625,478000,0.0,0.0,0.0
2023-09-13 00:00:00-04:00,211.66786810698687,211.72637522696294,209.7955658690756,210.42941284179688,480900,0.0,0.0,0.0
2023-09-14 00:00:00-04:00,211.96041396329474,212.72103626586366,211.22904522007576,212.50650024414062,431100,0.0,0.0,0.0
2023-09-15 00:00:00-04:00,211.8336478702897,212.00918411379013,210.35141786604697,210.68296813964844,476100,0.0,0.0,0.0
2023-09-18 00:00:00-04:00,210.46841666747096,210.8974886981754,209.58101904758084,210.19537353515625,573200,0.0,0.0,0.0
2023-09-19 00:00:00-04:00,210.19539277961925,210.39042148059494,208.7521625367158,209.71755981445312,621800,0.0,0.0,0.0
2023-09-20 00:00:00-04:00,210.62448120906768,211.37534251013125,208.7911785420819,208.8496856689453,648300,0.0,0.0,0.0
2023-09-21 00:00:00-04:00,207.92772286481545,208.05496042486632,204.88392265626035,204.932861328125,848600,0.778,0.0,0.0
2023-09-22 00:00:00-04:00,205.44177956313789,205.84305573150354,204.39454882140086,204.56092834472656,499700,0.0,0.0,0.0
2023-09-25 00:00:00-04:00,203.7388151253887,205.17752536016454,203.6703129367724,205.11880493164062,604100,0.0,0.0,0.0
2023-09-26 00:00:00-04:00,204.15968263794338,204.59030411895768,201.9869370415234,202.20225524902344,687500,0.0,0.0,0.0
2023-09-27 00:00:00-04:00,203.41584371812058,203.8758403335095,201.41927442063377,202.87754821777344,596100,0.0,0.0,0.0
2023-09-28 00:00:00-04:00,203.20051329229892,205.41241559082948,202.40775766402305,204.41412353515625,508900,0.0,0.0,0.0
2023-09-29 00:00:00-04:00,206.10731072175653,206.2443300398861,203.36690942517947,203.80734252929688,598800,0.0,0.0,0.0
2023-10-02 00:00:00-04:00,203.5333061668924,203.67032548655274,200.39162864141394,201.41928100585938,748900,0.0,0.0,0.0
2023-10-03 00:00:00-04:00,200.44055566563398,200.9984146725543,197.9252544524745,198.62014770507812,1134400,0.0,0.0,0.0
2023-10-04 00:00:00-04:00,199.25632060158685,200.401413850018,197.51421139279563,200.19589233398438,809800,0.0,0.0,0.0
2023-10-05 00:00:00-04:00,199.92182976037898,200.40138986304734,198.2384411862328,199.71629333496094,528900,0.0,0.0,0.0
2023-10-06 00:00:00-04:00,198.57120415582514,203.02435407754734,197.98397001498844,202.02606201171875,502600,0.0,0.0,0.0
2023-10-09 00:00:00-04:00,200.7929008707821,203.95414185516495,200.7929008707821,203.63116455078125,460700,0.0,0.0,0.0
2023-10-10 00:00:00-04:00,204.03242303962932,206.4889887711358,203.9834843733954,205.23623657226562,709800,0.0,0.0,0.0
2023-10-11 00:00:00-04:00,205.6864684402509,206.2247639454666,204.27711836622638,205.8039093017578,467700,0.0,0.0,0.0
2023-10-12 00:00:00-04:00,206.1366776376843,206.1366776376843,202.00650457040877,203.1320343017578,484800,0.0,0.0,0.0
2023-10-13 00:00:00-04:00,203.8954239905669,204.2086046044053,201.43885801501273,202.22181701660156,466200,0.0,0.0,0.0
2023-10-16 00:00:00-04:00,203.46478762066442,205.20689678732938,202.60351479795878,204.77626037597656,495800,0.0,0.0,0.0
2023-10-17 00:00:00-04:00,203.415833618852,207.0175074781877,203.415833618852,205.76475524902344,876200,0.0,0.0,0.0
2023-10-18 00:00:00-04:00,204.67838335902783,204.9426252829642,201.80096293762142,202.0162811279297,601900,0.0,0.0,0.0
2023-10-19 00:00:00-04:00,202.006498777494,202.78947271293873,198.91377488016496,199.27589416503906,499400,0.0,0.0,0.0
2023-10-20 00:00:00-04:00,199.1682294638739,199.35418744838836,196.49634535823313,196.59420776367188,697200,0.0,0.0,0.0
2023-10-23 00:00:00-04:00,195.7133742988929,197.5435640877267,194.76402084177946,195.380615234375,646000,0.0,0.0,0.0
2023-10-24 00:00:00-04:00,196.61376953125,197.58270134696517,195.62527419649865,196.61376953125,680200,0.0,0.0,0.0
2023-10-25 00:00:00-04:00,195.35123811468833,195.88951864083566,193.61891088262297,193.82443237304688,835400,0.0,0.0,0.0
2023-10-26 00:00:00-04:00,193.971266833356,195.03806116152538,192.9436144814743,193.39382934570312,935000,0.0,0.0,0.0
2023-10-27 00:00:00-04:00,193.99085545045546,194.05935764604362,191.00577558013828,191.49513244628906,838000,0.0,0.0,0.0
2023-10-30 00:00:00-04:00,192.47383403509716,193.2568079583366,190.65342601050926,192.2389373779297,1730800,0.0,0.0,0.0
2023-10-31 00:00:00-04:00,192.9925374255884,194.42145092042406,192.29764419772738,194.1865692138672,954100,0.0,0.0,0.0
2023-11-01 00:00:00-04:00,194.16699026176667,195.25336295375598,193.05125735653317,194.9793243408203,1066400,0.0,0.0,0.0
2023-11-02 00:00:00-04:00,197.24015824294014,199.79460143511068,197.24015824294014,199.59886169433594,673500,0.0,0.0,0.0
2023-11-03 00:00:00-04:00,201.74225890438422,204.2967022479115,201.74225890438422,203.376708984375,673300,0.0,0.0,0.0
2023-11-06 00:00:00-05:00,203.33755091334808,203.67032491786756,201.07672467827226,201.820556640625,720900,0.0,0.0,0.0
2023-11-07 00:00:00-05:00,201.92818668299415,202.70136381607685,201.23329349195885,202.1924285888672,628100,0.0,0.0,0.0
2023-11-08 00:00:00-05:00,202.4273580966389,202.65245806805055,200.88098864531767,201.77162170410156,598200,0.0,0.0,0.0
2023-11-09 00:00:00-05:00,202.82864161622368,202.82864161622368,199.90228214638898,200.10781860351562,626900,0.0,0.0,0.0
2023-11-10 00:00:00-05:00,200.44056162603883,202.5741502479287,199.7946070228301,202.47628784179688,458200,0.0,0.0,0.0
2023-11-13 00:00:00-05:00,201.6345931685689,202.64266704741897,201.2822556522922,202.0847930908203,617700,0.0,0.0,0.0
2023-11-14 00:00:00-05:00,205.92133690865077,209.1413130382343,205.92133690865077,208.53451538085938,836300,0.0,0.0,0.0
2023-11-15 00:00:00-05:00,208.76940950424932,210.83449593488277,208.76940950424932,209.16090393066406,660100,0.0,0.0,0.0
2023-11-16 00:00:00-05:00,209.0434371246429,209.66003148002693,207.76132468038728,208.31919860839844,723100,0.0,0.0,0.0
2023-11-17 00:00:00-05:00,209.36641391932815,209.71875141672544,208.73025604563134,209.50343322753906,666700,0.0,0.0,0.0
2023-11-20 00:00:00-05:00,209.14133267025636,210.94216229175612,208.6911177978885,210.44302368164062,583300,0.0,0.0,0.0
2023-11-21 00:00:00-05:00,210.15918429854244,210.50174006009374,209.64046724292632,210.1004638671875,607100,0.0,0.0,0.0
2023-11-22 00:00:00-05:00,210.9715066816268,211.59788280446355,210.31577034474964,211.04002380371094,718200,0.0,0.0,0.0
2023-11-24 00:00:00-05:00,210.81493275551858,211.94046251228224,210.75621232079789,211.91110229492188,190700,0.0,0.0,0.0
2023-11-27 00:00:00-05:00,211.1085268823774,211.81320189028955,210.63874852176426,211.42172241210938,753400,0.0,0.0,0.0
2023-11-28 00:00:00-05:00,210.89320549756297,212.31233725197018,210.76598288277143,211.0693817138672,595000,0.0,0.0,0.0
2023-11-29 00:00:00-05:00,212.38085387105417,213.66296631374144,211.7251175428853,212.05787658691406,625000,0.0,0.0,0.0
2023-11-30 00:00:00-05:00,212.4199971217493,213.7021245061298,211.8523563651036,213.61402893066406,672800,0.0,0.0,0.0
2023-12-01 00:00:00-05:00,213.45746340477228,217.18636020292183,213.14426785324963,217.1276397705078,1030400,0.0,0.0,0.0
2023-12-04 00:00:00-05:00,215.6889005225795,217.6267492023606,215.6889005225795,216.91229248046875,689900,0.0,0.0,0.0
2023-12-05 00:00:00-05:00,215.94339973801303,216.19785993505198,214.35788825264245,215.033203125,716000,0.0,0.0,0.0
2023-12-06 00:00:00-05:00,215.8846636591532,217.02975686383112,214.58297268272818,214.83743286132812,661900,0.0,0.0,0.0
2023-12-07 00:00:00-05:00,215.32678398663288,215.8846579334414,214.71020454445804,215.69869995117188,594300,0.0,0.0,0.0
2023-12-08 00:00:00-05:00,215.7084774579474,217.08846725643437,215.48337750521063,216.54039001464844,537000,0.0,0.0,0.0
2023-12-11 00:00:00-05:00,216.69699078738535,218.68377828343282,216.69699078738535,218.66419982910156,671900,0.0,0.0,0.0
2023-12-12 00:00:00-05:00,218.74249817634208,219.6526946917161,217.66590720053793,219.26121520996094,623700,0.0,0.0,0.0
2023-12-13 00:00:00-05:00,219.32973630317792,224.18414767434848,219.0361192195541,223.9296875,765000,0.0,0.0,0.0
2023-12-14 00:00:00-05:00,226.10243171328258,228.17729987340545,226.09263501902737,227.09092712402344,950800,0.0,0.0,0.0
2023-12-15 00:00:00-05:00,226.97348967294704,226.97348967294704,224.90840324208605,225.47605895996094,702100,0.0,0.0,0.0
2023-12-18 00:00:00-05:00,226.503690855712,226.503690855712,225.29009549815413,225.74029541015625,823100,0.0,0.0,0.0
2023-12-19 00:00:00-05:00,226.67987869228676,227.88369235135087,226.50370246213905,227.7564697265625,870500,0.0,0.0,0.0
2023-12-20 00:00:00-05:00,227.1888133449876,228.11858836248894,223.79267565035744,223.83181762695312,671100,0.0,0.0,0.0
2023-12-21 00:00:00-05:00,225.94010658572043,226.9140615430782,224.84808510956464,226.86488342285156,919900,1.183,0.0,0.0
2023-12-22 00:00:00-05:00,227.71095850040092,228.4783233345444,226.70747563589157,227.82901000976562,593100,0.0,0.0,0.0
2023-12-26 00:00:00-05:00,228.2126753828027,229.89496931215362,227.93721187376707,229.3145294189453,627500,0.0,0.0,0.0
2023-12-27 00:00:00-05:00,229.69822578245268,229.94417643131524,228.88166782683268,229.9048309326172,779500,0.0,0.0,0.0
2023-12-28 00:00:00-05:00,229.5604938304761,230.2590002777904,229.51130069841685,230.16061401367188,732600,0.0,0.0,0.0
2023-12-29 00:00:00-05:00,229.8753243085774,230.23932647507166,228.2323757308817,228.87184143066406,703400,0.0,0.0,0.0
2024-01-02 00:00:00-05:00,227.44534303591308,228.69477663752465,226.80586228961602,227.5732421875,793100,0.0,0.0,0.0
2024-01-03 00:00:00-05:00,225.96960971187275,225.96960971187275,223.88395311328333,223.99215698242188,806700,0.0,0.0,0.0
2024-01-04 00:00:00-05:00,223.992175823223,225.47772740349868,223.69704704322888,224.01185607910156,963200,0.0,0.0,0.0
2024-01-05 00:00:00-05:00,223.32319469765764,225.78270124719134,223.1756303093403,224.425048828125,582000,0.0,0.0,0.0
2024-01-08 00:00:00-05:00,224.79888946770393,227.40596029932703,224.1889366719965,227.278076171875,932500,0.0,0.0,0.0
2024-01-09 00:00:00-05:00,225.7531853392787,226.88455233222336,225.31047716863236,226.1171875,957900,0.0,0.0,0.0
2024-01-10 00:00:00-05:00,226.2942937143022,227.27809638150958,225.54659407977667,226.83538818359375,579000,0.0,0.0,0.0
2024-01-11 00:00:00-05:00,226.53038517725827,226.86488947586886,224.2676511675572,226.08767700195312,799700,0.0,0.0,0.0
2024-01-12 00:00:00-05:00,227.0222806595075,227.65191371773835,225.11371624135865,225.7138214111328,462000,0.0,0.0,0.0
2024-01-16 00:00:00-05:00,224.39554329552345,224.86777937686986,223.3330346299498,224.0807342529297,759400,0.0,0.0,0.0
2024-01-17 00:00:00-05:00,222.20166015625,223.3428747972289,221.21785753712408,222.20166015625,710500,0.0,0.0,0.0
2024-01-18 00:00:00-05:00,222.9001694640531,223.73639269399422,221.4047852606497,223.50027465820312,539400,0.0,0.0,0.0
2024-01-19 00:00:00-05:00,224.20859908725666,225.6252771860572,222.70338236019006,225.2120819091797,657500,0.0,0.0,0.0
2024-01-22 00:00:00-05:00,226.0384612237247,227.78962850554845,226.0384612237247,226.9435577392578,650800,0.0,0.0,0.0
2024-01-23 00:00:00-05:00,227.67159610051354,227.83884074127138,225.9597741707462,226.7074737548828,666100,0.0,0.0,0.0
2024-01-24 00:00:00-05:00,228.1339851840875,228.2422040709659,225.11371899661316,225.17274475097656,599900,0.0,0.0,0.0
2024-01-25 00:00:00-05:00,227.17971110232563,227.46502228357878,225.8023933668749,227.14036560058594,549200,0.0,0.0,0.0
2024-01-26 00:00:00-05:00,227.34692396491883,227.97655698617368,226.68777806857668,226.96324157714844,481300,0.0,0.0,0.0
2024-01-29 00:00:00-05:00,226.91406194904224,228.84232163540756,226.6189331806096,228.83248901367188,590200,0.0,0.0,0.0
2024-01-30 00:00:00-05:00,228.30121906686927,229.1472898666931,227.94704954574217,228.6160430908203,499800,0.0,0.0,0.0
2024-01-31 00:00:00-05:00,228.25204350210214,228.75379245243238,225.28097035850877,225.46788024902344,714400,0.0,0.0,0.0
2024-02-01 00:00:00-05:00,226.10733429409697,228.35040283203125,224.47421851300808,228.35040283203125,676300,0.0,0.0,0.0
2024-02-02 00:00:00-05:00,227.5437148627836,229.31456268608142,225.90076619139094,228.38978576660156,737400,0.0,0.0,0.0
2024-02-05 00:00:00-05:00,227.14032955004626,227.15016217101123,225.0153125140762,226.12701416015625,638100,0.0,0.0,0.0
2024-02-06 00:00:00-05:00,226.59924968265952,228.07495355024903,226.28442565198847,228.04544067382812,777100,0.0,0.0,0.0
2024-02-07 00:00:00-05:00,229.04892659618002,229.86546953701907,227.81917335660336,229.08827209472656,464100,0.0,0.0,0.0
2024-02-08 00:00:00-05:00,229.3932329880678,230.16059775675478,228.92101197925317,229.9835205078125,477500,0.0,0.0,0.0
2024-02-09 00:00:00-05:00,230.28851419672938,230.79024811807696,229.44244336104526,230.59349060058594,822400,0.0,0.0,0.0
2024-02-12 00:00:00-05:00,230.64268322010574,232.45287639561693,230.59349008793325,231.61663818359375,634800,0.0,0.0,0.0
2024-02-13 00:00:00-05:00,227.78962958446132,228.36023684923302,225.75316616777502,227.37643432617188,741700,0.0,0.0,0.0
2024-02-14 00:00:00-05:00,229.14730784517846,230.58366629678673,228.46848162545575,230.42625427246094,559800,0.0,0.0,0.0
2024-02-15 00:00:00-05:00,231.0952271376304,233.26943751135175,231.0952271376304,233.0431671142578,618100,0.0,0.0,0.0
2024-02-16 00:00:00-05:00,232.35447368832473,233.49568822276652,231.57727629688998,231.82322692871094,510000,0.0,0.0,0.0
2024-02-20 00:00:00-05:00,230.69188025467844,231.18378156145164,230.19997894790527,230.86895751953125,582400,0.0,0.0,0.0
2024-02-21 00:00:00-05:00,230.04257860232136,231.1837932947481,229.63921590750266,231.10508728027344,433000,0.0,0.0,0.0
2024-02-22 00:00:00-05:00,232.72834962643046,234.41065874240792,232.16758992886258,233.84988403320312,1051100,0.0,0.0,0.0
2024-02-23 00:00:00-05:00,234.1450112241826,234.99108203327324,233.85971508453343,234.312255859375,614300,0.0,0.0,0.0
2024-02-26 00:00:00-05:00,234.46965749399902,235.14848363784822,233.7416382215918,233.86953735351562,556300,0.0,0.0,0.0
2024-02-27 00:00:00-05:00,234.89269426719468,235.148492540727,234.32208697991547,235.03042602539062,424400,0.0,0.0,0.0
2024-02-28 00:00:00-05:00,234.40079994475656,235.82732571112072,234.14501667526673,235.32557678222656,490800,0.0,0.0,0.0
2024-02-29 00:00:00-05:00,236.614350570373,237.09641923358456,235.20752010166765,236.66354370117188,640000,0.0,0.0,0.0
2024-03-01 00:00:00-05:00,236.97837189216847,238.35568950891815,235.6403997737676,238.26715087890625,524200,0.0,0.0,0.0
2024-03-04 00:00:00-05:00,238.5229419358302,239.72318233174795,238.15893977058252,239.12306213378906,619200,0.0,0.0,0.0
2024-03-05 00:00:00-05:00,238.49342510027236,239.24110967399463,236.25035636746924,237.13577270507812,814800,0.0,0.0,0.0
2024-03-06 00:00:00-05:00,239.044350410311,239.7625371132809,238.2769855868836,239.13290405273438,691800,0.0,0.0,0.0
2024-03-07 00:00:00-05:00,240.52990926150076,241.55305738668287,240.2839586051781,241.26776123046875,1568500,0.0,0.0,0.0
2024-03-08 00:00:00-05:00,241.72029517646303,242.5270205119085,239.99864063103004,240.46102905273438,598400,0.0,0.0,0.0
2024-03-11 00:00:00-04:00,239.83139127756718,240.73648784798237,238.95580758356274,240.64794921875,594800,0.0,0.0,0.0
2024-03-12 00:00:00-04:00,240.87423117337045,241.52354450885508,239.762544414705,241.26776123046875,457100,0.0,0.0,0.0
2024-03-13 00:00:00-04:00,241.2874078081805,241.99574684452236,240.29377263769553,240.99227905273438,365000,0.0,0.0,0.0
2024-03-14 00:00:00-04:00,240.97260543202165,241.08082431587616,237.02754749375507,238.6803436279297,777500,0.0,0.0,0.0
2024-03-15 00:00:00-04:00,237.41124509346923,239.28046398516398,237.0373953104759,238.424560546875,576100,0.0,0.0,0.0
2024-03-18 00:00:00-04:00,239.12305994778805,239.72318014026078,238.38520799040208,238.89678955078125,397100,0.0,0.0,0.0
2024-03-19 00:00:00-04:00,238.39507243701973,240.3626777954832,238.30651878704433,240.2741241455078,603100,0.0,0.0,0.0
2024-03-20 00:00:00-04:00,240.156061084472,242.78281231036775,239.82157179240363,242.51718139648438,500400,0.0,0.0,0.0
2024-03-21 00:00:00-04:00,243.83477171296497,245.11879145461504,243.56810216698617,244.2792510986328,544600,0.974,0.0,0.0
2024-03-22 00:00:00-04:00,244.39776384995722,244.60517349084924,242.71866811522239,242.8273162841797,444100,0.0,0.0,0.0
2024-03-25 00:00:00-04:00,242.9260759462562,243.48907510970903,242.6989079841959,242.80755615234375,516200,0.0,0.0,0.0
2024-03-26 00:00:00-04:00,243.8347702988506,243.93354684424503,242.54087893858167,242.7186737060547,696200,0.0,0.0,0.0
2024-03-27 00:00:00-04:00,244.31874342064316,246.23489379882812,244.10144708469326,246.23489379882812,549100,0.0,0.0,0.0
2024-03-28 00:00:00-04:00,246.49169508400354,247.33125049086766,246.4225635604462,246.7880096435547,459800,0.0,0.0,0.0
2024-04-01 00:00:00-04:00,247.0151880689902,247.0151880689902,244.90149955908538,245.1879425048828,617500,0.0,0.0,0.0
2024-04-02 00:00:00-04:00,243.429817026364,243.84465137933253,242.19518559329654,242.8273162841797,934700,0.0,0.0,0.0
2024-04-03 00:00:00-04:00,242.28407549051596,243.95329959976488,242.28407549051596,243.68661499023438,1007500,0.0,0.0,0.0
2024-04-04 00:00:00-04:00,245.45461649573872,245.95835579877559,240.47658886492326,240.7729034423828,959900,0.0,0.0,0.0
2024-04-05 00:00:00-04:00,241.0296898922443,243.51871112470238,241.00005994302805,242.87669372558594,744700,0.0,0.0,0.0
2024-04-08 00:00:00-04:00,243.67675302762797,244.5360517165215,243.16314211106416,243.79527282714844,836000,0.0,0.0,0.0
2024-04-09 00:00:00-04:00,244.8027396949115,245.15831416953588,242.31371837254096,244.348388671875,675100,0.0,0.0,0.0
2024-04-10 00:00:00-04:00,240.43706698718117,242.01740131846984,239.75556306638788,240.71363830566406,599200,0.0,0.0,0.0
2024-04-11 00:00:00-04:00,241.30625056378935,241.90875132755875,239.18269045130867,240.69387817382812,405100,0.0,0.0,0.0
2024-04-12 00:00:00-04:00,239.3604612958413,239.8642005655043,236.29858438811016,236.98997497558594,579100,0.0,0.0,0.0
2024-04-15 00:00:00-04:00,239.29132875942375,239.7654230072304,233.5330059781436,234.23426818847656,1592100,0.0,0.0,0.0
2024-04-16 00:00:00-04:00,233.9182154724483,234.1750133891037,232.11071321630683,233.0885467529297,575400,0.0,0.0,0.0
2024-04-17 00:00:00-04:00,234.31328183121042,234.3330401535785,231.76500080835334,232.46627807617188,698700,0.0,0.0,0.0
2024-04-18 00:00:00-04:00,233.18729267885647,234.44168237168319,231.63660351394634,232.22921752929688,624700,0.0,0.0,0.0
2024-04-19 00:00:00-04:00,232.44651782518596,233.64164764400223,231.30077627628813,232.100830078125,459100,0.0,0.0,0.0
2024-04-22 00:00:00-04:00,233.03914592883888,235.09357436498243,231.6168481598792,233.9774627685547,614900,0.0,0.0,0.0
2024-04-23 00:00:00-04:00,234.41207840780405,236.83195314887897,234.19478205673428,235.95289611816406,546300,0.0,0.0,0.0
2024-04-24 00:00:00-04:00,236.4862267427178,237.44430190304467,235.32074194960157,236.54550170898438,426000,0.0,0.0,0.0
2024-04-25 00:00:00-04:00,235.19234912308937,237.43444406810562,233.5823999521612,236.8714599609375,367300,0.0,0.0,0.0
2024-04-26 00:00:00-04:00,236.98008199728037,238.27398836312756,236.7134124663694,237.43443298339844,369100,0.0,0.0,0.0
2024-04-29 00:00:00-04:00,238.26410792298526,239.23206981639726,237.928291790749,238.87649536132812,326200,0.0,0.0,0.0
2024-04-30 00:00:00-04:00,237.85914760015862,238.12581712387032,235.07381200525592,235.13307189941406,498300,0.0,0.0,0.0
2024-05-01 00:00:00-04:00,234.53059613001227,238.12584244603227,233.8194471821239,234.72813415527344,548800,0.0,0.0,0.0
2024-05-02 00:00:00-04:00,236.40723668496287,237.27640697960177,233.89845713222084,236.69366455078125,749100,0.0,0.0,0.0
2024-05-03 00:00:00-04:00,239.0246418816811,239.26169653892563,237.19738135948378,238.15545654296875,755000,0.0,0.0,0.0
2024-05-06 00:00:00-04:00,239.77530010682437,240.6444854736328,239.03452123407212,240.6444854736328,761800,0.0,0.0,0.0
2024-05-07 00:00:00-04:00,240.81239283453257,241.62231830052787,240.66424308889182,240.9803009033203,348200,0.0,0.0,0.0
2024-05-08 00:00:00-04:00,240.0716254776105,240.81240438371086,239.86421582376624,240.59510803222656,308300,0.0,0.0,0.0
2024-05-09 00:00:00-04:00,240.7136197758526,242.42234540180365,240.4469351753498,242.39271545410156,426000,0.0,0.0,0.0
2024-05-10 00:00:00-04:00,243.34091771424812,243.5088257844708,242.39272919167487,242.7186737060547,318000,0.0,0.0,0.0
2024-05-13 00:00:00-04:00,243.62734537326236,244.23971771698328,242.11615776485283,242.20504760742188,495100,0.0,0.0,0.0
2024-05-14 00:00:00-04:00,242.99522545563389,243.76563426767692,242.28407654125812,243.18289184570312,718300,0.0,0.0,0.0
2024-05-15 00:00:00-04:00,244.9706499410329,246.08674657781688,244.57555881506852,245.91883850097656,509300,0.0,0.0,0.0
2024-05-16 00:00:00-04:00,245.74103870755897,246.3139094899842,245.12865128017518,245.17803955078125,391100,0.0,0.0,0.0
2024-05-17 00:00:00-04:00,245.63240232110437,245.74105049317478,244.71382867156646,245.65216064453125,688800,0.0,0.0,0.0
2024-05-20 00:00:00-04:00,245.89908558340113,246.36329314748804,245.3360864027242,245.8101806640625,377800,0.0,0.0,0.0
2024-05-21 00:00:00-04:00,245.4743604534502,245.75091669057747,244.87185970731196,245.59288024902344,335700,0.0,0.0,0.0
2024-05-22 00:00:00-04:00,245.38547283196368,246.02747515871994,244.20022965192962,244.93112182617188,294900,0.0,0.0,0.0
2024-05-23 00:00:00-04:00,245.9583459559056,245.9583459559056,241.2766180187197,241.52354431152344,329100,0.0,0.0,0.0
2024-05-24 00:00:00-04:00,242.8668226763715,243.84465621638424,242.20506202366238,243.56809997558594,339100,0.0,0.0,0.0
2024-05-28 00:00:00-04:00,243.67674759703647,243.84465566634347,240.75313368081177,241.5037841796875,357300,0.0,0.0,0.0
2024-05-29 00:00:00-04:00,239.32097685308028,239.32097685308028,238.27401173550103,238.38265991210938,362800,0.0,0.0,0.0
2024-05-30 00:00:00-04:00,238.8172297909959,239.97285811883629,238.46165532193388,239.49874877929688,342100,0.0,0.0,0.0
2024-05-31 00:00:00-04:00,240.12101097483122,241.661828670308,237.87891595836936,241.5926971435547,426300,0.0,0.0,0.0
2024-06-03 00:00:00-04:00,242.01737561240358,242.07663550607518,237.80975737870182,239.91355895996094,593200,0.0,0.0,0.0
2024-06-04 00:00:00-04:00,239.00487607179767,239.91356295599218,238.27398394276287,239.2715606689453,451400,0.0,0.0,0.0
2024-06-05 00:00:00-04:00,240.20987345174922,241.21733685751659,238.92585382811376,240.94078063964844,436200,0.0,0.0,0.0
2024-06-06 00:00:00-04:00,240.80252081479864,241.4346515138067,239.7456690603404,240.28890991210938,360000,0.0,0.0,0.0
2024-06-07 00:00:00-04:00,239.0147623011265,240.61483973851674,238.4912798044202,239.09378051757812,509500,0.0,0.0,0.0
2024-06-10 00:00:00-04:00,238.44189649068306,240.43704998061222,237.92828560866516,240.1802520751953,326900,0.0,0.0,0.0
2024-06-11 00:00:00-04:00,239.11353993985824,239.7061690677339,237.70112878711947,239.44935607910156,471200,0.0,0.0,0.0
2024-06-12 00:00:00-04:00,242.185303866029,242.84706451919064,240.63461459129135,241.16796875,409200,0.0,0.0,0.0
2024-06-13 00:00:00-04:00,240.90128555727134,241.0000621030006,239.05428170737585,240.496337890625,394900,0.0,0.0,0.0
2024-06-14 00:00:00-04:00,238.99501631927612,239.21231265794185,236.9603461219374,238.7184600830078,347300,0.0,0.0,0.0
2024-06-17 00:00:00-04:00,238.18508351408207,240.5753431656645,237.49369294474107,240.1802520751953,698900,0.0,0.0,0.0
2024-06-18 00:00:00-04:00,240.44695477236004,241.26675189169592,240.18027015012183,241.0692138671875,582800,0.0,0.0,0.0
2024-06-20 00:00:00-04:00,241.27660381197182,241.71119647310653,240.3185286466114,241.01980590820312,477200,0.0,0.0,0.0
2024-06-21 00:00:00-04:00,241.0296842854661,241.12846082801238,239.34071693468934,240.7531280517578,348400,0.0,0.0,0.0
2024-06-24 00:00:00-04:00,241.69144446462764,243.30140866374725,241.0889437270761,241.94825744628906,695600,0.0,0.0,0.0
2024-06-25 00:00:00-04:00,242.2741978775016,242.2741978775016,240.08150623518645,240.8716583251953,488800,0.0,0.0,0.0
2024-06-26 00:00:00-04:00,239.78517335491682,239.78517335491682,238.78758155000529,239.29132080078125,407200,0.0,0.0,0.0
2024-06-27 00:00:00-04:00,239.42914028841895,240.2025146484375,238.8738987098619,240.2025146484375,405300,0.929,0.0,0.0
2024-06-28 00:00:00-04:00,240.84700263883968,241.89799778495527,238.96312999821143,240.04388427734375,410000,0.0,0.0,0.0
2024-07-01 00:00:00-04:00,240.86683339384055,241.12463494484604,237.86256783108445,238.19969177246094,571400,0.0,0.0,0.0
2024-07-02 00:00:00-04:00,238.04102025338656,239.34980172449954,237.95178824769195,239.29031372070312,634600,0.0,0.0,0.0
2024-07-03 00:00:00-04:00,239.60762539622144,240.52971979870017,239.2506822112493,239.5084686279297,464300,0.0,0.0,0.0
2024-07-05 00:00:00-04:00,239.66710157505798,239.81582159095578,238.05094013271142,239.61752319335938,445300,0.0,0.0,0.0
2024-07-08 00:00:00-04:00,240.172773883046,240.9659826327654,239.46881227545396,240.0835418701172,495900,0.0,0.0,0.0
2024-07-09 00:00:00-04:00,240.19260894092795,240.82717291665656,239.34982180524526,239.48863220214844,474600,0.0,0.0,0.0
2024-07-10 00:00:00-04:00,240.34133429902127,241.640221412909,239.48863751934175,241.42208862304688,487600,0.0,0.0,0.0
2024-07-11 00:00:00-04:00,242.80026007702108,244.88241588023976,242.72093769463214,244.35691833496094,472500,0.0,0.0,0.0
2024-07-12 00:00:00-04:00,245.40792049130735,247.7578026407943,245.29885410353202,246.60765075683594,594800,0.0,0.0,0.0
2024-07-15 00:00:00-04:00,246.94476113640803,248.2733770475449,246.27054355614084,246.9249267578125,375700,0.0,0.0,0.0
2024-07-16 00:00:00-04:00,247.797464287381,251.32722730895586,247.54958750070637,251.27764892578125,607200,0.0,0.0,0.0
2024-07-17 00:00:00-04:00,249.61191646986273,251.1388307717588,248.78896374802338,248.8682861328125,831400,0.0,0.0,0.0
2024-07-18 00:00:00-04:00,249.05667322014372,251.5354409935371,246.7662942181999,247.27195739746094,1215700,0.0,0.0,0.0
2024-07-19 00:00:00-04:00,247.66854751277666,247.9660026634045,245.4574909546917,246.00282287597656,504600,0.0,0.0,0.0
2024-07-22 00:00:00-04:00,247.4405172092091,248.72947950544,245.54673495785747,248.67990112304688,457000,0.0,0.0,0.0
2024-07-23 00:00:00-04:00,248.1940711861091,248.95752078054875,247.4702600906872,247.5396728515625,1381800,0.0,0.0,0.0
2024-07-24 00:00:00-04:00,246.74646611934836,247.41077408402018,243.52406793192938,243.7223663330078,483300,0.0,0.0,0.0
2024-07-25 00:00:00-04:00,243.64304565863162,247.6784869867839,243.30593686150985,244.03965759277344,494700,0.0,0.0,0.0
2024-07-26 00:00:00-04:00,245.32859712877223,247.73796727486072,244.94190996078245,246.97450256347656,361600,0.0,0.0,0.0
2024-07-29 00:00:00-04:00,247.85696084118368,247.90653922606765,246.2507240494954,247.22239685058594,399900,0.0,0.0,0.0
2024-07-30 00:00:00-04:00,248.15441551593685,249.36405548448775,246.92494116763294,248.04534912109375,447600,0.0,0.0,0.0
2024-07-31 00:00:00-04:00,250.59352623452122,251.93205182924945,248.9575303353663,249.74082946777344,392300,0.0,0.0,0.0
2024-08-01 00:00:00-04:00,249.69124940438527,250.80173257995608,244.65439122644838,246.11190795898438,1610600,0.0,0.0,0.0
2024-08-02 00:00:00-04:00,243.90084189433273,243.90084189433273,238.88380315862656,241.58070373535156,689900,0.0,0.0,0.0
2024-08-05 00:00:00-04:00,234.0650963665698,238.62602010508405,233.638740431801,235.82005310058594,818800,0.0,0.0,0.0
2024-08-06 00:00:00-04:00,237.4857782915721,241.95746974298126,236.63308160387396,238.834228515625,611300,0.0,0.0,0.0
2024-08-07 00:00:00-04:00,241.17420076155975,242.60195832623532,236.93055143765616,237.09910583496094,462900,0.0,0.0,0.0
2024-08-08 00:00:00-04:00,238.5268781830118,242.14587316579917,238.22942301735299,241.9872283935547,563200,0.0,0.0,0.0
2024-08-09 00:00:00-04:00,242.1359628788544,243.0977108761108,240.13311424004,242.58213806152344,379300,0.0,0.0,0.0
2024-08-12 00:00:00-04:00,242.60196481111782,242.7308655833487,240.9659840476891,241.4518280029297,743400,0.0,0.0,0.0
2024-08-13 00:00:00-04:00,242.40365189517686,244.50565723783527,242.03679910903077,244.1685333251953,912300,0.0,0.0,0.0
2024-08-14 00:00:00-04:00,244.59489256418587,245.3682669033735,243.94049423742774,244.8031005859375,527100,0.0,0.0,0.0
2024-08-15 00:00:00-04:00,247.05383818528114,248.50144530125746,246.5878286079654,248.23373413085938,470800,0.0,0.0,0.0
2024-08-16 00:00:00-04:00,247.8767863841171,249.05668230797724,247.62890959773299,249.0170135498047,369100,0.0,0.0,0.0
2024-08-19 00:00:00-04:00,249.2748163722715,250.99011950669527,249.086427592979,250.91079711914062,395300,0.0,0.0,0.0
2024-08-20 00:00:00-04:00,250.87112758819393,251.03968197761412,249.32437895191688,249.70114135742188,397700,0.0,0.0,0.0
2024-08-21 00:00:00-04:00,250.76207372120692,252.14026803686212,250.27622977742695,252.08078002929688,367200,0.0,0.0,0.0
2024-08-22 00:00:00-04:00,252.37822312728986,252.9235550852474,250.71249837847242,251.208251953125,336300,0.0,0.0,0.0
2024-08-23 00:00:00-04:00,252.58644556649932,254.8272614002375,252.0014599810821,254.3612518310547,461000,0.0,0.0,0.0
2024-08-26 00:00:00-04:00,255.17426569563122,255.8782575584409,253.74650810762267,253.99440002441406,678500,0.0,0.0,0.0
2024-08-27 00:00:00-04:00,253.22101052826156,254.14312004529043,252.92355535731033,253.99440002441406,447000,0.0,0.0,0.0
2024-08-28 00:00:00-04:00,253.62753429938908,254.32158628485305,251.8626527666956,252.96322631835938,366700,0.0,0.0,0.0
2024-08-29 00:00:00-04:00,254.16294174548145,255.72954000287348,252.80458177772073,253.94480895996094,361400,0.0,0.0,0.0
2024-08-30 00:00:00-04:00,255.09494128258854,256.09637311980634,253.10201749087366,256.00714111328125,318000,0.0,0.0,0.0
2024-09-03 00:00:00-04:00,254.54962368989746,255.2932540003312,250.81163775994187,251.71389770507812,478800,0.0,0.0,0.0
2024-09-04 00:00:00-04:00,251.208251953125,252.59635591047285,250.40513358285958,251.208251953125,376200,0.0,0.0,0.0
2024-09-05 00:00:00-04:00,251.11901452316957,251.53544570139005,248.61050269988087,249.80030822753906,468800,0.0,0.0,0.0
2024-09-06 00:00:00-04:00,250.1076625738415,251.3173024297277,246.50848700844264,246.91500854492188,471200,0.0,0.0,0.0
2024-09-09 00:00:00-04:00,248.53119261350238,250.75215900725644,248.3229694494885,249.62184143066406,421700,0.0,0.0,0.0
2024-09-10 00:00:00-04:00,249.92921447753906,250.10767850246313,248.03543219067532,249.92921447753906,374800,0.0,0.0,0.0
2024-09-11 00:00:00-04:00,249.55243631342967,251.00995303023126,245.2988621793521,250.7521514892578,440800,0.0,0.0,0.0
2024-09-12 00:00:00-04:00,251.00995345946083,252.63602457857266,249.56234636514495,252.48728942871094,370600,0.0,0.0,0.0
2024-09-13 00:00:00-04:00,253.42921469307223,255.4122288451958,253.42921469307223,254.93629455566406,454200,0.0,0.0,0.0
2024-09-16 00:00:00-04:00,255.6303547851802,257.0382778508857,255.12467650720748,256.522705078125,431300,0.0,0.0,0.0
2024-09-17 00:00:00-04:00,257.13745526591697,258.4660711880901,256.3343369119048,257.1771240234375,534500,0.0,0.0,0.0
2024-09-18 00:00:00-04:00,257.2266769378189,259.69555016610275,256.07652508312185,256.32440185546875,508600,0.0,0.0,0.0
2024-09-19 00:00:00-04:00,260.7564435403329,260.7564435403329,258.40657654571834,259.7451171875,471500,0.0,0.0,0.0
2024-09-20 00:00:00-04:00,259.22952549829114,259.4079895019531,257.7323401979868,259.4079895019531,311700,0.0,0.0,0.0
2024-09-23 00:00:00-04:00,260.11197626280165,260.8456818546495,259.60629794496265,260.78619384765625,684900,0.0,0.0,0.0
2024-09-24 00:00:00-04:00,261.45049359881307,261.5199063535746,260.47880580733266,261.23236083984375,411700,0.0,0.0,0.0
2024-09-25 00:00:00-04:00,261.658703792332,261.72811654767384,259.179936173499,259.6756896972656,443500,0.0,0.0,0.0
2024-09-26 00:00:00-04:00,260.4094193771577,260.8456546301129,259.46747560074806,260.1416931152344,398200,0.0,0.0,0.0
2024-09-27 00:00:00-04:00,261.162983691984,262.19415962573777,260.5581788396153,260.90521240234375,479600,0.0,0.0,0.0
2024-09-30 00:00:00-04:00,260.6275313746628,261.6785566964173,259.10063228767916,261.58929443359375,551000,0.0,0.0,0.0
2024-10-01 00:00:00-04:00,261.50999246014425,261.6289684684512,258.81309199107255,260.21112060546875,571300,0.0,0.0,0.0
2024-10-02 00:00:00-04:00,259.7054488399077,260.7366247018129,258.79327924769564,260.2012023925781,444600,0.0,0.0,0.0
2024-10-03 00:00:00-04:00,259.53691530529676,260.1119761253933,258.4264321641473,259.27911376953125,399000,0.0,0.0,0.0
2024-10-04 00:00:00-04:00,261.2423178177793,261.60917062620865,259.3485355082143,261.5496826171875,467700,0.0,0.0,0.0
2024-10-07 00:00:00-04:00,260.7266912311161,260.7266912311161,258.29751705928373,259.437744140625,518800,0.0,0.0,0.0
2024-10-08 00:00:00-04:00,259.7252905103165,260.6969480788581,259.22953697260516,260.34991455078125,392200,0.0,0.0,0.0
2024-10-09 00:00:00-04:00,260.4689451991615,262.5114475450575,260.0029356197543,262.0950012207031,454200,0.0,0.0,0.0
2024-10-10 00:00:00-04:00,261.56948435274825,262.09498190284575,260.7168027749428,261.3017883300781,627200,0.0,0.0,0.0
2024-10-11 00:00:00-04:00,261.6884753133227,264.5737647560768,261.33154726270425,264.3853759765625,373300,0.0,0.0,0.0
2024-10-14 00:00:00-04:00,264.7720541537885,266.69558027361364,264.0978063556437,266.4774475097656,291000,0.0,0.0,0.0
2024-10-15 00:00:00-04:00,266.68567575761574,267.90524042872954,265.33721031739276,265.624755859375,473300,0.0,0.0,0.0
2024-10-16 00:00:00-04:00,266.20974326792646,267.64744072931853,265.8726344701538,267.4491271972656,402400,0.0,0.0,0.0
2024-10-17 00:00:00-04:00,268.2819998583495,268.4902381525123,266.804663840592,267.0227966308594,382400,0.0,0.0,0.0
2024-10-18 00:00:00-04:00,267.80609816481865,268.163026229313,266.40806939541943,268.02423095703125,309100,0.0,0.0,0.0
2024-10-21 00:00:00-04:00,267.72676820199297,268.1035457863044,265.337232174796,266.140380859375,354100,0.0,0.0,0.0
2024-10-22 00:00:00-04:00,264.6233397630412,265.2578885614533,263.3343624008001,264.50433349609375,398300,0.0,0.0,0.0
2024-10-23 00:00:00-04:00,263.5822636912599,264.7720844042591,262.1445964429834,263.69134521484375,763600,0.0,0.0,0.0
2024-10-24 00:00:00-04:00,264.54399633032966,265.0595691086489,263.2054557472845,263.9193420410156,969500,0.0,0.0,0.0
2024-10-25 00:00:00-04:00,265.2975581718441,265.70407970797174,262.54116968404736,262.8584289550781,585500,0.0,0.0,0.0
2024-10-28 00:00:00-04:00,264.1969847510763,265.15874788975685,264.11767749336093,264.4349670410156,402400,0.0,0.0,0.0
2024-10-29 00:00:00-04:00,263.50294448591694,264.6729156370107,262.85844064486025,263.8003845214844,948400,0.0,0.0,0.0
2024-10-30 00:00:00-04:00,263.3740433894905,265.2975696394864,263.2352178674678,263.57232666015625,437400,0.0,0.0,0.0
2024-10-31 00:00:00-04:00,262.73945577004554,263.3145468306101,260.4689263055269,260.47882080078125,1116600,0.0,0.0,0.0
2024-11-01 00:00:00-04:00,261.79755147785323,263.17573065629443,260.21113401574826,260.4193420410156,481600,0.0,0.0,0.0
2024-11-04 00:00:00-05:00,260.08221853343923,261.68845515428075,259.5963897491684,260.34991455078125,1322600,0.0,0.0,0.0
2024-11-05 00:00:00-05:00,260.7961289653453,264.4746120831236,260.48876416420035,264.425048828125,420400,0.0,0.0,0.0
2024-11-06 00:00:00-05:00,271.61347083191356,271.61347083191356,268.3117350808689,271.3755187988281,837500,0.0,0.0,0.0
2024-11-07 00:00:00-05:00,272.2480098164943,272.9222576498207,271.256502703339,272.2579345703125,758800,0.0,0.0,0.0
2024-11-08 00:00:00-05:00,272.238121580174,274.746633423795,271.97039528809336,274.35003662109375,581800,0.0,0.0,0.0
2024-11-11 00:00:00-05:00,275.5894343666035,277.2948279363306,275.3118135649455,276.29339599609375,496500,0.0,0.0,0.0
2024-11-12 00:00:00-05:00,275.6092236730913,276.2041339715511,273.4278959982039,274.4194030761719,499500,0.0,0.0,0.0
2024-11-13 00:00:00-05:00,275.2522653091535,276.16446513430753,273.8443422035569,274.1913757324219,550000,0.0,0.0,0.0
2024-11-14 00:00:00-05:00,274.27068271873316,274.3995834800489,271.41513749645947,271.6332702636719,582200,0.0,0.0,0.0
2024-11-15 00:00:00-05:00,271.0383783095387,271.7919334215259,269.3925030781931,270.0072326660156,495900,0.0,0.0,0.0
2024-11-18 00:00:00-05:00,270.40383471951634,272.0894090000739,269.8188491243198,271.4151611328125,606000,0.0,0.0,0.0
2024-11-19 00:00:00-05:00,269.2933616993708,272.5058353462066,269.1743856766582,272.26788330078125,918400,0.0,0.0,0.0
2024-11-20 00:00:00-05:00,272.7636139490535,273.43783152662485,270.79049421043703,273.1701354980469,1175100,0.0,0.0,0.0
2024-11-21 00:00:00-05:00,274.8953532976807,277.4930971511611,273.5865566168993,276.9081115722656,665300,0.0,0.0,0.0
2024-11-22 00:00:00-05:00,277.6120862763864,279.7339261704392,277.56252302063285,279.4463806152344,1240500,0.0,0.0,0.0
2024-11-25 00:00:00-05:00,281.67724060452224,282.91662444518687,280.95342954855204,281.54833984375,577400,0.0,0.0,0.0
2024-11-26 00:00:00-05:00,281.1517577751789,281.915207367947,280.4874649465304,281.6177673339844,452600,0.0,0.0,0.0
2024-11-27 00:00:00-05:00,282.282078364048,283.17442868621737,281.01295050935505,281.498779296875,448100,0.0,0.0,0.0
2024-11-29 00:00:00-05:00,282.35147226467984,282.95630734352096,282.11352023806484,282.2126770019531,227000,0.0,0.0,0.0
2024-12-02 00:00:00-05:00,282.6092913196853,282.7084480897209,280.616352198043,281.1815185546875,527100,0.0,0.0,0.0
2024-12-03 00:00:00-05:00,281.30049010073174,281.60785490207417,280.2098261644856,280.6857604980469,576400,0.0,0.0,0.0
2024-12-04 00:00:00-05:00,281.74666981829375,281.93505859375,280.5469546628061,281.93505859375,1219400,0.0,0.0,0.0
2024-12-05 00:00:00-05:00,282.1630844086657,282.55971146550894,280.4676156967267,280.5667724609375,421400,0.0,0.0,0.0
2024-12-06 00:00:00-05:00,281.9548702232848,282.4109550186125,280.7353358511698,281.03277587890625,385100,0.0,0.0,0.0
2024-12-09 00:00:00-05:00,281.7367409849796,281.7367409849796,277.97892054265185,278.0582580566406,591900,0.0,0.0,0.0
2024-12-10 00:00:00-05:00,277.82030992422085,277.82030992422085,275.01432780167085,275.3117980957031,543700,0.0,0.0,0.0
2024-12-11 00:00:00-05:00,276.8982008553352,277.09651439583286,275.86705516826146,276.29339599609375,416100,0.0,0.0,0.0
2024-12-12 00:00:00-05:00,276.29339493208516,276.6404284974207,275.0738302053566,275.1531677246094,578100,0.0,0.0,0.0
2024-12-13 00:00:00-05:00,275.4505974094623,275.4505974094623,273.5072518784764,274.0724182128906,481200,0.0,0.0,0.0
2024-12-16 00:00:00-05:00,274.35990355532834,275.24235934170633,273.3386525182263,273.47747802734375,486700,0.0,0.0,0.0
2024-12-17 00:00:00-05:00,272.5157297775724,272.8925073131701,270.8896436257077,271.21685791015625,585500,0.0,0.0,0.0
2024-12-18 00:00:00-05:00,271.42509010993325,271.63329814506346,262.01569666880954,262.0454406738281,708800,0.0,0.0,0.0
2024-12-19 00:00:00-05:00,264.00859274749274,265.55534145041435,261.4703369140625,261.4703369140625,966700,0.0,0.0,0.0
2024-12-20 00:00:00-05:00,260.8159573132266,267.16162761105414,260.5680805127927,265.6446228027344,1060700,0.0,0.0,0.0
2024-12-23 00:00:00-05:00,265.109976097357,265.75708962332817,263.10887345053953,265.58782958984375,691400,1.093,0.0,0.0
2024-12-24 00:00:00-05:00,265.77700599678946,267.92743798897106,265.2991524756457,267.8677062988281,428800,0.0,0.0,0.0
2024-12-26 00:00:00-05:00,267.1210072283043,268.3654679717489,266.3444649396886,267.9174499511719,691900,0.0,0.0,0.0
2024-12-27 00:00:00-05:00,266.6929207202273,267.6685585009345,264.20399922684356,265.6276550292969,634700,0.0,0.0,0.0
2024-12-30 00:00:00-05:00,263.7261214571078,264.09447698546643,260.6697185008378,262.9894104003906,712400,0.0,0.0,0.0
2024-12-31 00:00:00-05:00,264.04469979687855,264.4030899018748,261.8843026117337,262.95953369140625,848000,0.0,0.0,0.0
2025-01-02 00:00:00-05:00,264.472798258106,265.04027966419443,261.2670660811811,262.5712585449219,653700,0.0,0.0,0.0
2025-01-03 00:00:00-05:00,264.0248270672084,266.1652936606703,262.8301324938438,265.88653564453125,551200,0.0,0.0,0.0
2025-01-06 00:00:00-05:00,267.4495869480518,268.28586100015355,265.72724218003736,266.08563232421875,562700,0.0,0.0,0.0
2025-01-07 00:00:00-05:00,267.0911454386408,267.5192326491195,263.5170577751153,264.4628601074219,620900,0.0,0.0,0.0
2025-01-08 00:00:00-05:00,264.27369677768735,265.2592999684231,262.4119579762473,265.20953369140625,694300,0.0,0.0,0.0
2025-01-10 00:00:00-05:00,263.5071081318408,263.8953944964423,261.03811727636554,261.6553649902344,977200,0.0,0.0,0.0
2025-01-13 00:00:00-05:00,260.271505826578,262.9296875,259.54476015412877,262.9296875,813300,0.0,0.0,0.0
2025-01-14 00:00:00-05:00,264.50265557973466,266.2250001772984,263.6663816103942,265.5380554199219,563000,0.0,0.0,0.0
2025-01-15 00:00:00-05:00,270.04799283932726,270.2371533109819,267.7084004654487,268.2559814453125,716600,0.0,0.0,0.0
2025-01-16 00:00:00-05:00,268.7438054109689,271.5313854946211,267.98716351011575,271.23272705078125,577800,0.0,0.0,0.0
2025-01-17 00:00:00-05:00,272.8753904813521,273.5922010795916,271.9296185527039,272.6065979003906,532800,0.0,0.0,0.0
2025-01-21 00:00:00-05:00,274.5778024989331,276.3499133578973,274.40857285426716,276.15081787109375,669300,0.0,0.0,0.0
2025-01-22 00:00:00-05:00,276.9472713868534,276.9472713868534,275.274723397215,275.45391845703125,577400,0.0,0.0,0.0
2025-01-23 00:00:00-05:00,275.2249680386262,276.3798009470443,274.2791656592771,276.2105712890625,687900,0.0,0.0,0.0
2025-01-24 00:00:00-05:00,276.22053746179716,277.15637443478994,275.67295646821725,276.1010437011719,423900,0.0,0.0,0.0
2025-01-27 00:00:00-05:00,272.78579054159377,274.20944631725683,272.04907951576513,273.6618957519531,706600,0.0,0.0,0.0
2025-01-28 00:00:00-05:00,273.9207671572415,274.6176469681117,272.3278512744272,273.671875,544100,0.0,0.0,0.0
2025-01-29 00:00:00-05:00,273.5225115731425,274.5778118744951,272.2083840918732,273.07452392578125,493600,0.0,0.0,0.0
2025-01-30 00:00:00-05:00,274.9760820676556,277.24597744687867,274.39863521809514,276.4793701171875,511000,0.0,0.0,0.0
2025-01-31 00:00:00-05:00,276.53907313302403,277.4948408437418,274.06011709472267,274.3886413574219,596500,0.0,0.0,0.0
2025-02-03 00:00:00-05:00,270.1973135284365,274.4185450768776,269.261476608429,273.4030456542969,645200,0.0,0.0,0.0
2025-02-04 00:00:00-05:00,273.31345195033674,274.7172073499918,273.04465936066185,274.0003967285156,476900,0.0,0.0,0.0
2025-02-05 00:00:00-05:00,274.7868945276503,276.11098737582887,273.36320836228475,276.0412902832031,636700,0.0,0.0,0.0
2025-02-06 00:00:00-05:00,276.7083552037856,276.78798732818507,273.8809438612669,275.9019470214844,593300,0.0,0.0,0.0
2025-02-07 00:00:00-05:00,276.6884526146037,277.5147612259869,274.76698202925576,275.0855712890625,1252500,0.0,0.0,0.0
2025-02-10 00:00:00-05:00,276.7879894699158,276.7879894699158,275.2349047821816,276.71832275390625,525200,0.0,0.0,0.0
2025-02-11 00:00:00-05:00,275.3045968446398,275.453926065278,274.36875988551526,275.1950988769531,505300,0.0,0.0,0.0
2025-02-12 00:00:00-05:00,272.20839781182315,274.23933601357743,271.79024560420044,273.8112487792969,529400,0.0,0.0,0.0
2025-02-13 00:00:00-05:00,273.78136928861966,275.37428515004024,273.084459104766,275.25482177734375,550500,0.0,0.0,0.0
2025-02-14 00:00:00-05:00,275.762549842219,275.97164113340096,274.44842231860775,274.46832275390625,552700,0.0,0.0,0.0
2025-02-18 00:00:00-05:00,275.4837915035864,276.3897626172487,274.68734873979344,276.3399963378906,626800,0.0,0.0,0.0
2025-02-19 00:00:00-05:00,275.8023835958249,276.8477185318367,275.33446511214424,276.320068359375,509200,0.0,0.0,0.0
2025-02-20 00:00:00-05:00,275.33446768175287,275.71278863579283,272.41745878379487,274.53802490234375,1214600,0.0,0.0,0.0
2025-02-21 00:00:00-05:00,274.95614827645693,274.95614827645693,268.5944802673215,269.23162841796875,903400,0.0,0.0,0.0
2025-02-24 00:00:00-05:00,270.2869153558656,270.2869153558656,267.2205773695682,268.80352783203125,526100,0.0,0.0,0.0
2025-02-25 00:00:00-05:00,268.74379737583826,269.64976847152377,266.03584949739314,268.27587890625,672000,0.0,0.0,0.0
2025-02-26 00:00:00-05:00,269.14203548244336,270.8842806865366,267.69847911417327,268.26593017578125,465500,0.0,0.0,0.0
2025-02-27 00:00:00-05:00,268.9229876664284,269.75926165168596,265.53806047400224,265.6077575683594,626500,0.0,0.0,0.0
2025-02-28 00:00:00-05:00,266.12544753416915,269.43074267106635,264.9506838448294,269.311279296875,675800,0.0,0.0,0.0
2025-03-03 00:00:00-05:00,270.5059461445357,271.3422201546382,264.2836421565616,265.65753173828125,663600,0.0,0.0,0.0
2025-03-04 00:00:00-05:00,263.82567668518925,265.82677927598115,259.8035710694234,261.7947082519531,878600,0.0,0.0,0.0
2025-03-05 00:00:00-05:00,261.76485716520244,265.139849463363,260.241638349997,264.60223388671875,673300,0.0,0.0,0.0
2025-03-06 00:00:00-05:00,261.6852144134565,263.23829900971214,259.0270328646674,259.79364013671875,816000,0.0,0.0,0.0
2025-03-07 00:00:00-05:00,259.28588427681325,262.34228711944274,256.8168632524759,261.7051086425781,761700,0.0,0.0,0.0
2025-03-10 00:00:00-04:00,258.9175498345757,260.2615736079447,254.3279776841812,256.368896484375,1802800,0.0,0.0,0.0
2025-03-11 00:00:00-04:00,256.5679860054922,256.97617279424776,252.54589537933387,254.22840881347656,1353100,0.0,0.0,0.0
2025-03-12 00:00:00-04:00,256.5779547669697,256.87661321028185,252.0182485079485,253.7903594970703,1149100,0.0,0.0,0.0
2025-03-13 00:00:00-04:00,253.7107004551328,254.08902138740476,249.57909680777774,250.7538604736328,956900,0.0,0.0,0.0
2025-03-14 00:00:00-04:00,253.05363452240783,256.4584927053551,252.23727612121297,256.1697692871094,1422000,0.0,0.0,0.0
2025-03-17 00:00:00-04:00,255.79145539689753,260.93855887566684,255.79145539689753,259.962890625,559500,0.0,0.0,0.0
2025-03-18 00:00:00-04:00,259.186343739212,259.31577252740595,256.91644838833076,258.02154541015625,831500,0.0,0.0,0.0
2025-03-19 00:00:00-04:00,258.36001649419774,262.3721567273667,258.29031940060116,260.84893798828125,1398000,0.0,0.0,0.0
2025-03-20 00:00:00-04:00,259.60448797581626,261.82458659564014,259.2858987196378,260.15203857421875,1550000,0.0,0.0,0.0
2025-03-21 00:00:00-04:00,258.34008427436765,259.5148783037745,256.46841045980807,259.1962890625,694400,0.0,0.0,0.0
2025-03-24 00:00:00-04:00,261.9241335359711,264.45288623110656,261.5856438653375,264.10443115234375,714200,0.0,0.0,0.0
2025-03-25 00:00:00-04:00,264.37324375119357,264.71176382980445,262.39207185332447,263.65643310546875,445600,0.0,0.0,0.0
2025-03-26 00:00:00-04:00,263.90532826118573,265.05025653142616,261.41640659952304,262.1830139160156,477300,0.0,0.0,0.0
2025-03-27 00:00:00-04:00,261.82000732421875,262.94000244140625,259.8399963378906,260.92999267578125,683600,1.167,0.0,0.0
2025-03-28 00:00:00-04:00,260.57000732421875,260.95001220703125,256.2200012207031,257.1199951171875,562600,0.0,0.0,0.0
2025-03-31 00:00:00-04:00,255.02999877929688,259.760009765625,254.0399932861328,258.6199951171875,728900,0.0,0.0,0.0
2025-04-01 00:00:00-04:00,258.010009765625,260.1199951171875,255.74000549316406,259.4700012207031,1103600,0.0,0.0,0.0
2025-04-02 00:00:00-04:00,256.94000244140625,262.8500061035156,256.94000244140625,261.8999938964844,833000,0.0,0.0,0.0
2025-04-03 00:00:00-04:00,253.77999877929688,255.4600067138672,249.02999877929688,249.17999267578125,1589100,0.0,0.0,0.0
2025-04-04 00:00:00-04:00,243.27000427246094,243.7899932861328,233.61000061035156,234.27999877929688,2246200,0.0,0.0,0.0
2025-04-07 00:00:00-04:00,227.22000122070312,241.22000122070312,223.64999389648438,232.36000061035156,3211800,0.0,0.0,0.0
2025-04-08 00:00:00-04:00,239.74000549316406,240.22999572753906,225.4199981689453,228.5399932861328,1994600,0.0,0.0,0.0
2025-04-09 00:00:00-04:00,226.39999389648438,248.4600067138672,225.25,246.69000244140625,2598900,0.0,0.0,0.0
2025-04-10 00:00:00-04:00,242.2100067138672,242.97000122070312,233.30999755859375,239.60000610351562,1623100,0.0,0.0,0.0
2025-04-11 00:00:00-04:00,239.25,244.3300018310547,236.58999633789062,243.6199951171875,1396700,0.0,0.0,0.0
2025-04-14 00:00:00-04:00,247.44000244140625,247.85000610351562,244.1699981689453,246.83999633789062,912100,0.0,0.0,0.0
2025-04-15 00:00:00-04:00,246.8800048828125,248.85000610351562,245.97999572753906,246.27000427246094,925900,0.0,0.0,0.0
2025-04-16 00:00:00-04:00,245.5,247.5,241.75,243.67999267578125,754300,0.0,0.0,0.0
2025-04-17 00:00:00-04:00,244.5399932861328,247.47999572753906,244.17999267578125,245.72999572753906,815800,0.0,0.0,0.0
2025-04-21 00:00:00-04:00,244.0500030517578,244.75,237.61000061035156,240.07000732421875,918900,0.0,0.0,0.0
2025-04-22 00:00:00-04:00,242.82000732421875,247.1999969482422,242.82000732421875,246.61000061035156,646500,0.0,0.0,0.0
2025-04-23 00:00:00-04:00,251.60000610351562,254.8699951171875,248.5,249.35000610351562,685100,0.0,0.0,0.0
2025-04-24 00:00:00-04:00,250.1199951171875,254.47000122070312,249.02000427246094,254.0500030517578,644600,0.0,0.0,0.0
