Date,Open,High,Low,Close,Volume,Dividends,Stock Splits,Capital Gains
2020-04-27 00:00:00-04:00,132.3996841732302,134.2652619477864,130.86825283688668,133.78262329101562,4968200,0.0,0.0,0.0
2020-04-28 00:00:00-04:00,135.66679850733806,135.9545208638157,133.0679926333467,133.36500549316406,3594500,0.0,0.0,0.0
2020-04-29 00:00:00-04:00,136.26081367032984,137.86649876944296,135.53686250830876,137.14254760742188,4990900,0.0,0.0,0.0
2020-04-30 00:00:00-04:00,136.2329463327911,136.48354912517226,134.69222422015213,135.36048889160156,4228800,0.0,0.0,0.0
2020-05-01 00:00:00-04:00,132.83592213633617,133.28144131031505,129.75449240923504,131.62005615234375,4232500,0.0,0.0,0.0
2020-05-04 00:00:00-04:00,130.56200297087537,132.2140980084512,129.8566186931263,132.1212921142578,4741200,0.0,0.0,0.0
2020-05-05 00:00:00-04:00,133.726962651447,134.89641876065951,133.15151801772586,133.34642028808594,3665900,0.0,0.0,0.0
2020-05-06 00:00:00-04:00,134.21887449395751,134.46018678173047,132.44611645007637,132.61318969726562,3927300,0.0,0.0,0.0
2020-05-07 00:00:00-04:00,134.30242114871683,135.28625142883627,134.02397514282305,134.3488311767578,3796300,0.0,0.0,0.0
2020-05-08 00:00:00-04:00,135.92667182142605,137.0218889918689,135.39763716090738,136.87338256835938,4248400,0.0,0.0,0.0
2020-05-11 00:00:00-04:00,135.71319063774732,137.56020193995826,135.5368410457836,136.89193725585938,4240900,0.0,0.0,0.0
2020-05-12 00:00:00-04:00,137.4395421536116,137.65301127232703,133.83833950603238,133.97756958007812,4864400,0.0,0.0,0.0
2020-05-13 00:00:00-04:00,133.5598683467587,133.94041065013369,129.95868054028708,131.28591918945312,5862100,0.0,0.0,0.0
2020-05-14 00:00:00-04:00,129.80091226988137,132.8080890293596,128.42724928946902,132.69671630859375,7561000,0.0,0.0,0.0
2020-05-15 00:00:00-04:00,131.58294494185708,133.52276200307986,131.04461986107924,133.4949188232422,3845600,0.0,0.0,0.0
2020-05-18 00:00:00-04:00,136.92902917203392,138.67394373566316,136.6691500875378,137.92214965820312,4557800,0.0,0.0,0.0
2020-05-19 00:00:00-04:00,137.69941301283734,138.5718704399051,136.45570373535156,136.45570373535156,3180900,0.0,0.0,0.0
2020-05-20 00:00:00-04:00,138.45123677426784,139.39794760600836,138.20992443621188,138.98028564453125,3894000,0.0,0.0,0.0
2020-05-21 00:00:00-04:00,138.85035704562438,139.34227226445262,137.3838877312924,138.14495849609375,3419200,0.0,0.0,0.0
2020-05-22 00:00:00-04:00,138.0706267203333,138.5532653224249,137.3373995614939,138.53469848632812,3003000,0.0,0.0,0.0
2020-05-26 00:00:00-04:00,141.85750202388485,141.90391204865517,140.25181713576083,140.4652862548828,4197500,0.0,0.0,0.0
2020-05-27 00:00:00-04:00,142.00597656600112,142.6835174560547,139.24011249115344,142.6835174560547,5077700,0.0,0.0,0.0
2020-05-28 00:00:00-04:00,143.31469542291023,144.03864649365687,141.75540638890513,142.19163513183594,4601500,0.0,0.0,0.0
2020-05-29 00:00:00-04:00,141.82037900811213,143.0548119923691,140.5302596604429,142.6649932861328,4776100,0.0,0.0,0.0
2020-06-01 00:00:00-04:00,142.5814571742552,143.9458297999404,142.25661531626207,143.63026428222656,3478900,0.0,0.0,0.0
2020-06-02 00:00:00-04:00,144.0479218224626,144.79043973047374,143.33324709679619,144.7161865234375,4157200,0.0,0.0,0.0
2020-06-03 00:00:00-04:00,145.9041990341226,147.38923474350634,145.7278494503689,146.97157287597656,9496400,0.0,0.0,0.0
2020-06-04 00:00:00-04:00,146.37758300145927,147.25002638479822,145.36589537116822,146.5075225830078,5629200,0.0,0.0,0.0
2020-06-05 00:00:00-04:00,149.80237715669847,151.36166582930002,149.43112536730894,150.26644897460938,4373400,0.0,0.0,0.0
2020-06-08 00:00:00-04:00,151.19464184774625,152.40123179971644,150.65633082653207,152.3084259033203,5851300,0.0,0.0,0.0
2020-06-09 00:00:00-04:00,150.9625945940271,151.7329557046064,150.2479340119506,150.91619873046875,3200400,0.0,0.0,0.0
2020-06-10 00:00:00-04:00,151.11108378181422,151.51946930349334,149.44042217601321,149.79312133789062,4292900,0.0,0.0,0.0
2020-06-11 00:00:00-04:00,145.63506770149513,146.36829517599975,140.73446887579772,140.95721435546875,12504600,0.0,0.0,0.0
2020-06-12 00:00:00-04:00,145.24525303270806,145.24525303270806,139.99195483338607,142.9063262939453,6882100,0.0,0.0,0.0
2020-06-15 00:00:00-04:00,139.74133843665368,144.93894976003426,139.08236422158973,144.437744140625,4859200,0.0,0.0,0.0
2020-06-16 00:00:00-04:00,148.61438268302777,148.61438268302777,144.7069051644371,147.212890625,4581200,0.0,0.0,0.0
2020-06-17 00:00:00-04:00,147.70481988461466,147.76979675563385,146.0991349008435,146.49822998046875,3702200,0.0,0.0,0.0
2020-06-18 00:00:00-04:00,145.66290937774852,146.92518567810276,145.1895469136455,146.618896484375,2797800,0.0,0.0,0.0
2020-06-19 00:00:00-04:00,148.3730700805354,148.39163692219952,145.05958987984764,145.79283142089844,3824900,0.0,0.0,0.0
2020-06-22 00:00:00-04:00,145.67218295701156,146.92518289283993,144.83685910802734,146.8045196533203,2561300,0.0,0.0,0.0
2020-06-23 00:00:00-04:00,148.15962606130864,148.48446795251596,147.15722887694432,147.37997436523438,2555100,0.0,0.0,0.0
2020-06-24 00:00:00-04:00,146.3033466128163,146.56322580579794,142.38657770985247,143.3796844482422,3729100,0.0,0.0,0.0
2020-06-25 00:00:00-04:00,143.05332003715546,145.2350735652146,142.1023142249117,145.11386108398438,4029200,0.7,0.0,0.0
2020-06-26 00:00:00-04:00,144.49849661215805,144.67564894079865,141.46829834827938,141.7386932373047,3508500,0.0,0.0,0.0
2020-06-29 00:00:00-04:00,142.37271187770085,143.84585627818984,141.1140225429595,143.81788635253906,3161600,0.0,0.0,0.0
2020-06-30 00:00:00-04:00,144.03230596107306,146.58700119955873,143.65004562458475,145.94366455078125,4317400,0.0,0.0,0.0
2020-07-01 00:00:00-04:00,146.2886424546286,147.35154219712825,146.01826179306326,146.79212951660156,3640900,0.0,0.0,0.0
2020-07-02 00:00:00-04:00,148.52631065876614,149.24423841513254,147.18369769037722,147.37950134277344,3181600,0.0,0.0,0.0
2020-07-06 00:00:00-04:00,149.6451709961359,150.1393252513111,149.0484556185573,149.70111083984375,3307600,0.0,0.0,0.0
2020-07-07 00:00:00-04:00,148.98317301797147,149.99946560901583,147.9948645737261,148.18133544921875,2357400,0.0,0.0,0.0
2020-07-08 00:00:00-04:00,148.53563995037854,149.44003863393758,147.6592111867798,149.39341735839844,2434900,0.0,0.0,0.0
2020-07-09 00:00:00-04:00,149.7011018586169,149.83163289504307,146.64293395364749,148.4703826904297,2465200,0.0,0.0,0.0
2020-07-10 00:00:00-04:00,148.40511276403964,150.12066762457462,147.71515485788666,150.06472778320312,2391800,0.0,0.0,0.0
2020-07-13 00:00:00-04:00,151.11832223416528,152.4889053761027,148.13474520732845,148.4424285888672,4694700,0.0,0.0,0.0
2020-07-14 00:00:00-04:00,147.7804324149649,150.50294719135383,147.07183735595407,150.3910675048828,3221300,0.0,0.0,0.0
2020-07-15 00:00:00-04:00,152.28378352186277,152.5728155464508,150.73604804465606,152.2558135986328,3747800,0.0,0.0,0.0
2020-07-16 00:00:00-04:00,151.1929054882496,151.78962086224084,150.74535828764365,151.57518005371094,2190700,0.0,0.0,0.0
2020-07-17 00:00:00-04:00,152.06001671119455,152.4516098807485,151.1090108251999,152.15325927734375,2141100,0.0,0.0,0.0
2020-07-20 00:00:00-04:00,151.99473336178053,153.71028817367292,151.603140256467,153.31869506835938,3113200,0.0,0.0,0.0
2020-07-21 00:00:00-04:00,154.43753733917697,154.67994805823886,153.25342521063422,153.7569122314453,2345600,0.0,0.0,0.0
2020-07-22 00:00:00-04:00,153.45857429561858,154.71727784106727,153.45857429561858,154.55877685546875,2723200,0.0,0.0,0.0
2020-07-23 00:00:00-04:00,154.40957262501573,154.9596667138284,152.05068107973895,152.8711700439453,3114900,0.0,0.0,0.0
2020-07-24 00:00:00-04:00,151.81760380857725,152.34904659301708,150.9504934814772,151.68707275390625,2360800,0.0,0.0,0.0
2020-07-27 00:00:00-04:00,152.0320471830538,153.00171865698795,151.63113544656704,152.9923858642578,2423500,0.0,0.0,0.0
2020-07-28 00:00:00-04:00,152.5541756427669,153.1229211691747,151.7709892798895,151.87355041503906,1904900,0.0,0.0,0.0
2020-07-29 00:00:00-04:00,152.40497329554537,154.24172629680805,152.40497329554537,153.88743591308594,2153300,0.0,0.0,0.0
2020-07-30 00:00:00-04:00,152.3863826000505,153.7196633621148,151.42604372514262,153.54251098632812,2473300,0.0,0.0,0.0
2020-07-31 00:00:00-04:00,154.34430546530555,154.41889666713524,151.93880678367967,154.32566833496094,3159700,0.0,0.0,0.0
2020-08-03 00:00:00-04:00,155.21142338590863,155.98529113785338,154.91305856388848,155.6682891845703,4341600,0.0,0.0,0.0
2020-08-04 00:00:00-04:00,155.3419431453375,156.28363037109375,155.26735194525529,156.28363037109375,2811700,0.0,0.0,0.0
2020-08-05 00:00:00-04:00,157.08545879323333,157.49570325626277,156.91763927298453,157.42111206054688,2683000,0.0,0.0,0.0
2020-08-06 00:00:00-04:00,157.2160279105223,158.29757917015644,156.89902592205624,158.18569946289062,2150900,0.0,0.0,0.0
2020-08-07 00:00:00-04:00,157.7754171266061,158.45604222755324,157.19735314170438,158.31619262695312,2194200,0.0,0.0,0.0
2020-08-10 00:00:00-04:00,158.5306361983461,158.86628947247746,157.61691892919472,158.75440979003906,2496700,0.0,0.0,0.0
2020-08-11 00:00:00-04:00,159.4350459796387,159.74272935453675,157.08547289748256,157.47706604003906,3124600,0.0,0.0,0.0
2020-08-12 00:00:00-04:00,158.84766447131025,159.9198971042346,158.81969454606008,159.58424377441406,3364900,0.0,0.0,0.0
2020-08-13 00:00:00-04:00,159.23922385519657,160.13430395368852,158.95019187107573,159.46299743652344,2247200,0.0,0.0,0.0
2020-08-14 00:00:00-04:00,159.17400158882327,159.71477719635428,158.85699961342127,159.41641235351562,2213900,0.0,0.0,0.0
2020-08-17 00:00:00-04:00,159.83593908938266,160.23686497735093,159.7986506059234,160.09701538085938,3422400,0.0,0.0,0.0
2020-08-18 00:00:00-04:00,160.36744746733564,160.61919104861374,159.41642722558947,160.3394775390625,3551400,0.0,0.0,0.0
2020-08-19 00:00:00-04:00,160.52592370447297,160.83360709482906,159.42573542394325,159.7147674560547,2291000,0.0,0.0,0.0
2020-08-20 00:00:00-04:00,158.74507747912466,160.42334385486146,158.6798190731101,160.17160034179688,2184400,0.0,0.0,0.0
2020-08-21 00:00:00-04:00,159.93850696427793,160.64711622130162,159.81730871779976,160.57252502441406,2284500,0.0,0.0,0.0
2020-08-24 00:00:00-04:00,161.77532379753754,162.11097717285156,161.17860826662601,162.11097717285156,2467500,0.0,0.0,0.0
2020-08-25 00:00:00-04:00,162.4372316044675,162.67032371568655,161.6913340032039,162.65167236328125,5162700,0.0,0.0,0.0
2020-08-26 00:00:00-04:00,162.91279565020352,164.26472755828155,162.67970345133426,164.1248779296875,2441100,0.0,0.0,0.0
2020-08-27 00:00:00-04:00,164.58169108069475,165.29960458010794,163.6586411469738,164.51641845703125,3435300,0.0,0.0,0.0
2020-08-28 00:00:00-04:00,165.19708467817856,165.69125319352852,164.60036926031984,165.66326904296875,4163100,0.0,0.0,0.0
2020-08-31 00:00:00-04:00,165.64463365303908,166.09216666443342,164.982645588278,165.2903289794922,3189600,0.0,0.0,0.0
2020-09-01 00:00:00-04:00,165.6726144264672,166.8846967124029,165.18777866672912,166.75416564941406,2877700,0.0,0.0,0.0
2020-09-02 00:00:00-04:00,167.82640139184667,169.38345574198593,166.90335106253622,168.9825439453125,4021900,0.0,0.0,0.0
2020-09-03 00:00:00-04:00,167.82634915639673,168.28321489519843,161.7752717790485,163.1085662841797,5341400,0.0,0.0,0.0
2020-09-04 00:00:00-04:00,163.48155218328685,164.22745011521508,157.75680796297888,161.71937561035156,4379900,0.0,0.0,0.0
2020-09-08 00:00:00-04:00,158.78241700517242,159.47236084468355,156.9736191712182,157.17874145507812,3976000,0.0,0.0,0.0
2020-09-09 00:00:00-04:00,159.2765641120062,161.43033376778249,158.81037971112582,160.25555419921875,4290400,0.0,0.0,0.0
2020-09-10 00:00:00-04:00,161.35572604613773,161.756651987817,157.1973695827959,157.62625122070312,3507600,0.0,0.0,0.0
2020-09-11 00:00:00-04:00,158.72645255931081,159.02480314527116,156.17175720046686,157.68218994140625,3407700,0.0,0.0,0.0
2020-09-14 00:00:00-04:00,159.43505113462373,160.71239172855925,159.06210933731657,160.14364624023438,3080800,0.0,0.0,0.0
2020-09-15 00:00:00-04:00,161.4862546783615,161.89649917930836,160.46997621808134,161.057373046875,2129700,0.0,0.0,0.0
2020-09-16 00:00:00-04:00,161.72867295429464,162.5864504086063,160.43268109453442,160.52590942382812,2826900,0.0,0.0,0.0
2020-09-17 00:00:00-04:00,158.09245938683912,159.9385457199904,157.77545739336438,159.2019805908203,2780400,0.0,0.0,0.0
2020-09-18 00:00:00-04:00,159.63085190571596,159.63085190571596,156.1997276806173,157.6542205810547,3178000,0.0,0.0,0.0
2020-09-21 00:00:00-04:00,155.2114217016948,155.76151583115535,153.16021336642635,155.752197265625,4175300,0.0,0.0,0.0
2020-09-22 00:00:00-04:00,156.41416512757033,157.50503477938656,155.11817322736294,157.2999267578125,2090900,0.0,0.0,0.0
2020-09-23 00:00:00-04:00,157.57031624266776,157.69152873082075,153.23480731488362,153.50518798828125,2071400,0.0,0.0,0.0
2020-09-24 00:00:00-04:00,152.83387114237624,155.41653634961224,151.8362440603975,153.83151245117188,3792200,0.0,0.0,0.0
2020-09-25 00:00:00-04:00,153.32970694329302,156.75617716618538,153.09565866498355,156.3068084716797,2986000,0.674,0.0,0.0
2020-09-28 00:00:00-04:00,158.51620030123115,159.433665410617,158.11362989644167,159.14344787597656,3291300,0.0,0.0,0.0
2020-09-29 00:00:00-04:00,159.00306208984352,159.36817689497988,157.92644553974733,158.2541046142578,2120600,0.0,0.0,0.0
2020-09-30 00:00:00-04:00,158.69408162986429,160.9971228599477,158.45067657512885,159.4430389404297,4786400,0.0,0.0,0.0
2020-10-01 00:00:00-04:00,160.76310414777282,161.25928542164078,159.72392908105076,160.7724609375,3234100,0.0,0.0,0.0
2020-10-02 00:00:00-04:00,157.88896317274117,160.37924028774614,157.49576377855723,159.5179443359375,2325600,0.0,0.0,0.0
2020-10-05 00:00:00-04:00,160.6600963993431,162.45758541404047,160.39796347752304,162.39205932617188,2574200,0.0,0.0,0.0
2020-10-06 00:00:00-04:00,162.64484085696327,163.81508235855202,160.09839420669215,160.3886260986328,2803300,0.0,0.0,0.0
2020-10-07 00:00:00-04:00,161.95205294466493,163.58101983068445,161.905240431638,163.1878204345703,1952400,0.0,0.0,0.0
2020-10-08 00:00:00-04:00,164.3300063659612,164.6670365203635,163.7214864440679,164.62022399902344,2335200,0.0,0.0,0.0
2020-10-09 00:00:00-04:00,165.61255414819206,166.29598539846552,165.18191332066095,166.00576782226562,2489200,0.0,0.0,0.0
2020-10-12 00:00:00-04:00,167.25088742751424,169.11391679268831,167.02621023163138,168.4679412841797,2895800,0.0,0.0,0.0
2020-10-13 00:00:00-04:00,168.20578454560652,168.34622205831838,167.04490015230678,167.5785369873047,2448900,0.0,0.0,0.0
2020-10-14 00:00:00-04:00,167.7658313913736,168.43989168965,166.16494889684887,166.4645233154297,2155600,0.0,0.0,0.0
2020-10-15 00:00:00-04:00,164.40486915897506,166.70791044658893,163.98358512537467,166.52066040039062,2865300,0.0,0.0,0.0
2020-10-16 00:00:00-04:00,167.09172196554002,167.8687638666234,166.2210693359375,166.2210693359375,1910200,0.0,0.0,0.0
2020-10-19 00:00:00-04:00,166.93259510021142,167.8126189300189,163.47804015711213,163.84315490722656,2713800,0.0,0.0,0.0
2020-10-20 00:00:00-04:00,164.67639384239774,166.04324232999252,164.05851712831128,164.4142608642578,2622900,0.0,0.0,0.0
2020-10-21 00:00:00-04:00,164.45170214347615,165.4440646571078,163.8525390625,163.8525390625,3237200,0.0,0.0,0.0
2020-10-22 00:00:00-04:00,164.142759634382,165.29427329974607,163.00995954816705,165.01341247558594,3762200,0.0,0.0,0.0
2020-10-23 00:00:00-04:00,165.52831183213473,165.65937830431403,164.26445962580024,165.556396484375,2412700,0.0,0.0,0.0
2020-10-26 00:00:00-04:00,163.87127602575197,164.2925744570929,160.65078293417477,162.55125427246094,3873600,0.0,0.0,0.0
2020-10-27 00:00:00-04:00,162.73848710308957,162.91636612014437,161.79293698922223,161.89590454101562,2525200,0.0,0.0,0.0
2020-10-28 00:00:00-04:00,159.0592283312092,159.3681738196206,156.35363039531276,156.53150939941406,4617500,0.0,0.0,0.0
2020-10-29 00:00:00-04:00,156.81238533080509,159.59288070903708,155.87619198554654,158.01071166992188,3101000,0.0,0.0,0.0
2020-10-30 00:00:00-04:00,157.1774833677563,157.9826101300483,154.49061332524505,156.3349151611328,3990400,0.0,0.0,0.0
2020-11-02 00:00:00-05:00,158.02003649122346,158.97495751004385,156.49405136109868,157.9638671875,3741600,0.0,0.0,0.0
2020-11-03 00:00:00-05:00,159.808177236248,161.92398302205692,159.4711471110415,160.9971466064453,4096000,0.0,0.0,0.0
2020-11-04 00:00:00-05:00,163.0474143995911,166.50196966227202,162.60740244398175,164.50787353515625,3632100,0.0,0.0,0.0
2020-11-05 00:00:00-05:00,167.26961601803148,168.5896516902882,167.02621095970645,167.90623474121094,3678100,0.0,0.0,0.0
2020-11-06 00:00:00-05:00,167.74707854322327,168.32752799901013,166.71727466907615,167.8219757080078,3222100,0.0,0.0,0.0
2020-11-09 00:00:00-05:00,175.55495476482832,175.55495476482832,169.56330964884364,169.8160858154297,5549800,0.0,0.0,0.0
2020-11-10 00:00:00-05:00,169.46033536957853,170.09695420910845,167.66284604030196,169.5352325439453,5609200,0.0,0.0,0.0
2020-11-11 00:00:00-05:00,170.7897282941307,171.22974026587076,170.0033293900241,170.91143798828125,2878800,0.0,0.0,0.0
2020-11-12 00:00:00-05:00,170.3403447430191,170.76162881327213,168.23391010657986,169.2262725830078,3325700,0.0,0.0,0.0
2020-11-13 00:00:00-05:00,170.2748347419062,171.922529737248,169.9939739068021,171.62295532226562,4769900,0.0,0.0,0.0
2020-11-16 00:00:00-05:00,173.701273357575,173.76681373593644,172.34379612685285,173.72000122070312,6214800,0.0,0.0,0.0
2020-11-17 00:00:00-05:00,172.97103952065552,173.84170656973433,171.89442312299724,173.32679748535156,5733100,0.0,0.0,0.0
2020-11-18 00:00:00-05:00,173.61701422534608,173.89787502319888,171.4824950179425,171.49185180664062,3281900,0.0,0.0,0.0
2020-11-19 00:00:00-05:00,171.3233484079458,172.58721488895924,170.58376209647,172.44677734375,3038500,0.0,0.0,0.0
2020-11-20 00:00:00-05:00,172.41868961245274,172.41868961245274,171.47313967969615,171.53866577148438,2785700,0.0,0.0,0.0
2020-11-23 00:00:00-05:00,172.53102013800918,173.38295928757162,171.6697242001077,172.9429473876953,4390900,0.0,0.0,0.0
2020-11-24 00:00:00-05:00,174.40341419759574,175.83580284770744,173.7574529289398,175.62046813964844,5378100,0.0,0.0,0.0
2020-11-25 00:00:00-05:00,175.48942177384944,175.7047422214002,174.6655814281518,175.55496215820312,3459400,0.0,0.0,0.0
2020-11-27 00:00:00-05:00,176.12602281531258,176.35070002999353,175.70472446743807,176.17282104492188,1742500,0.0,0.0,0.0
2020-11-30 00:00:00-05:00,176.06048524535862,176.12602562413505,173.70127445736733,174.78726196289062,3721800,0.0,0.0,0.0
2020-12-01 00:00:00-05:00,177.0996684895061,177.68947478528676,176.61284401862085,177.0060577392578,3867300,0.0,0.0,0.0
2020-12-02 00:00:00-05:00,176.41625165858065,177.2120073199477,175.81708857259702,177.1558380126953,3831400,0.0,0.0,0.0
2020-12-03 00:00:00-05:00,177.24009169642622,178.1575569715763,176.95923089806539,177.51158142089844,4408600,0.0,0.0,0.0
2020-12-04 00:00:00-05:00,177.87668259208039,179.2903289794922,177.86732580407977,179.2903289794922,4401400,0.0,0.0,0.0
2020-12-07 00:00:00-05:00,179.09376525878906,179.28100104514328,178.45714644297493,179.09376525878906,4319700,0.0,0.0,0.0
2020-12-08 00:00:00-05:00,178.47587082431673,180.11420892200093,178.43842938184645,179.8708038330078,3449000,0.0,0.0,0.0
2020-12-09 00:00:00-05:00,180.25461208318904,180.34823710668414,177.4179481503975,178.10137939453125,4470500,0.0,0.0,0.0
2020-12-10 00:00:00-05:00,177.24946840465847,178.72865544276314,176.66903316527666,178.36354064941406,3223500,0.0,0.0,0.0
2020-12-11 00:00:00-05:00,177.4647918017474,178.22310605553045,176.56605427325468,178.04522705078125,3463000,0.0,0.0,0.0
2020-12-14 00:00:00-05:00,179.45890256174926,179.92699922896225,177.4835340547033,177.53970336914062,3530500,0.0,0.0,0.0
2020-12-15 00:00:00-05:00,178.9907645106963,180.00185479232687,178.2324503707667,179.97377014160156,3226100,0.0,0.0,0.0
2020-12-16 00:00:00-05:00,180.18910579880162,180.6759302611699,179.64611203023208,180.22654724121094,2983900,0.0,0.0,0.0
2020-12-17 00:00:00-05:00,181.07847615357537,181.64019775390625,180.88188359308117,181.64019775390625,4132800,0.0,0.0,0.0
2020-12-18 00:00:00-05:00,181.97722911213933,182.06148306721795,179.9456916903703,181.1252899169922,4542100,0.0,0.0,0.0
2020-12-21 00:00:00-05:00,179.37463282648022,181.01297101774702,177.70820998046287,180.60104370117188,5011900,0.0,0.0,0.0
2020-12-22 00:00:00-05:00,180.97550363121576,181.13465475960962,179.9456996912836,180.6384735107422,4336000,0.0,0.0,0.0
2020-12-23 00:00:00-05:00,181.29383569715256,181.82747276113474,180.83511010023116,180.94744873046875,3451400,0.0,0.0,0.0
2020-12-24 00:00:00-05:00,181.30645850815702,181.4192534541586,180.70486155747756,181.25006103515625,1744000,0.782,0.0,0.0
2020-12-28 00:00:00-05:00,182.91389725439652,182.92330639811163,182.17130640445146,182.3968963623047,3780500,0.0,0.0,0.0
2020-12-29 00:00:00-05:00,183.1676967492232,183.25229298177817,181.25011042861135,181.635498046875,4606200,0.0,0.0,0.0
2020-12-30 00:00:00-05:00,182.26527654440892,182.716485094803,181.99268392885043,182.12428283691406,4314000,0.0,0.0,0.0
2020-12-31 00:00:00-05:00,182.12429553336264,183.17708687126498,181.65429735134106,182.9608917236328,3746400,0.0,0.0,0.0
2021-01-04 00:00:00-05:00,183.66589272512866,183.7034862694428,178.373708498307,180.3571014404297,8825800,0.0,0.0,0.0
2021-01-05 00:00:00-05:00,179.9999462166011,182.3123297191603,179.9341395727416,181.8141326904297,3894000,0.0,0.0,0.0
2021-01-06 00:00:00-05:00,180.94929803004,185.07588144775008,180.91170448691457,183.44969177246094,6175700,0.0,0.0,0.0
2021-01-07 00:00:00-05:00,184.6340573469297,186.70204617948963,184.61525340627617,186.391845703125,4830900,0.0,0.0,0.0
2021-01-08 00:00:00-05:00,187.1908655787013,187.49167128421314,185.16047009611282,187.2942657470703,7538700,0.0,0.0,0.0
2021-01-11 00:00:00-05:00,185.57406213984532,187.11565545089118,185.38606575424558,186.1756591796875,3858600,0.0,0.0,0.0
2021-01-12 00:00:00-05:00,186.46708117714564,187.04988869821048,185.49888603312675,186.83367919921875,3874100,0.0,0.0,0.0
2021-01-13 00:00:00-05:00,186.80546722536343,187.60446984562887,186.16627660371566,187.04046630859375,3465800,0.0,0.0,0.0
2021-01-14 00:00:00-05:00,187.57632983412944,188.02752419910513,186.60813445553038,186.86192321777344,4289000,0.0,0.0,0.0
2021-01-15 00:00:00-05:00,186.08170794554326,186.3543006114666,184.2205046034994,185.23570251464844,3444800,0.0,0.0,0.0
2021-01-19 00:00:00-05:00,186.7396769398878,187.0968657968423,185.95947825402504,186.92767333984375,4153700,0.0,0.0,0.0
2021-01-20 00:00:00-05:00,188.07447459771473,189.65366160758072,187.97107442374448,189.2870635986328,5224900,0.0,0.0,0.0
2021-01-21 00:00:00-05:00,189.73829000240954,189.87928373324525,188.73248691175615,189.14608764648438,2960600,0.0,0.0,0.0
2021-01-22 00:00:00-05:00,188.2436893531933,189.2306885228565,187.96170188461065,188.8358917236328,3045900,0.0,0.0,0.0
2021-01-25 00:00:00-05:00,189.1930872245155,189.83227791806246,186.44829934482306,189.37168884277344,5323200,0.0,0.0,0.0
2021-01-26 00:00:00-05:00,189.77583913745175,190.19883457417538,188.63843738312855,188.68544006347656,4046900,0.0,0.0,0.0
2021-01-27 00:00:00-05:00,187.10626614930166,187.13446489080994,182.9702738285586,184.15467834472656,6727700,0.0,0.0,0.0
2021-01-28 00:00:00-05:00,185.0288813058968,187.6984675439026,184.93489027518763,185.60227966308594,5310100,0.0,0.0,0.0
2021-01-29 00:00:00-05:00,184.93490476066256,185.41429778148589,181.25012043721665,182.34991455078125,8315700,0.0,0.0,0.0
2021-02-01 00:00:00-05:00,184.12646501716577,185.8654494263065,182.85746437700016,185.4612579345703,3900700,0.0,0.0,0.0
2021-02-02 00:00:00-05:00,187.24728633850845,188.90168923806362,187.10629261102693,188.12149047851562,3278700,0.0,0.0,0.0
2021-02-03 00:00:00-05:00,188.77008526846325,189.18367163909605,187.61387936117313,188.40347290039062,2905600,0.0,0.0,0.0
2021-02-04 00:00:00-05:00,189.08967029302067,190.7910614013672,188.96746617699375,190.7910614013672,2746400,0.0,0.0,0.0
2021-02-05 00:00:00-05:00,191.8720656991338,192.0318633702139,190.96967716324534,191.8626708984375,3127200,0.0,0.0,0.0
2021-02-08 00:00:00-05:00,192.87787314853702,193.6204640302464,192.49247116310963,193.58287048339844,3676700,0.0,0.0,0.0
2021-02-09 00:00:00-05:00,193.2632385666822,194.06222678909097,192.93423413538136,193.6580352783203,3384800,0.0,0.0,0.0
2021-02-10 00:00:00-05:00,194.64506549840877,194.78605922407107,192.18226512558613,193.57345581054688,3682400,0.0,0.0,0.0
2021-02-11 00:00:00-05:00,194.2972401855679,194.52284447022993,192.53005682360237,194.03404235839844,2630000,0.0,0.0,0.0
2021-02-12 00:00:00-05:00,193.53584085591635,195.05863029744725,193.45124462987698,195.0398406982422,2416700,0.0,0.0,0.0
2021-02-16 00:00:00-05:00,195.81062976831828,195.88583119458218,194.1280426781805,194.69203186035156,4955700,0.0,0.0,0.0
2021-02-17 00:00:00-05:00,193.6580459832669,194.48523299200298,192.73683926198441,194.287841796875,4484000,0.0,0.0,0.0
2021-02-18 00:00:00-05:00,192.91544745694347,193.723844894029,191.76865075914293,193.16925048828125,3658900,0.0,0.0,0.0
2021-02-19 00:00:00-05:00,194.04344376478,194.60744732403467,193.31024774367268,193.61105346679688,4921800,0.0,0.0,0.0
2021-02-22 00:00:00-05:00,192.4360346340707,193.19742930635294,191.67463996178844,191.7686309814453,4400300,0.0,0.0,0.0
2021-02-23 00:00:00-05:00,190.3962752783519,192.3984578736885,187.39768444240215,191.74046325683594,5707900,0.0,0.0,0.0
2021-02-24 00:00:00-05:00,191.38327767520377,194.09045762310586,190.61247372273795,193.89306640625,3722800,0.0,0.0,0.0
2021-02-25 00:00:00-05:00,193.3948443948051,193.99644145453658,187.9992604561594,188.8264617919922,7581100,0.0,0.0,0.0
2021-02-26 00:00:00-05:00,189.86987468443616,190.52786928430626,186.63628482998138,188.07447814941406,6324600,0.0,0.0,0.0
2021-03-01 00:00:00-05:00,190.96025231113026,193.4982539246599,190.88506522533035,192.9060516357422,4691800,0.0,0.0,0.0
2021-03-02 00:00:00-05:00,193.16924079772042,193.21624348164073,190.9790476845227,191.0918426513672,4859000,0.0,0.0,0.0
2021-03-03 00:00:00-05:00,191.02606724719627,191.32685863309413,188.1684701935302,188.33767700195312,4334000,0.0,0.0,0.0
2021-03-04 00:00:00-05:00,188.03684510882573,189.16485209280657,182.84807609261426,185.3578643798828,7198800,0.0,0.0,0.0
2021-03-05 00:00:00-05:00,187.40706984159698,189.13667404610933,182.46269414790444,188.7042694091797,6614800,0.0,0.0,0.0
2021-03-08 00:00:00-05:00,189.35287328982471,190.71586517367857,187.59508464712258,187.7830810546875,4281400,0.0,0.0,0.0
2021-03-09 00:00:00-05:00,190.0954549209333,192.08825690566619,189.60666715355867,190.69705200195312,4116100,0.0,0.0,0.0
2021-03-10 00:00:00-05:00,192.27623845934693,192.9530369161424,191.3926396772415,192.06004333496094,4133800,0.0,0.0,0.0
2021-03-11 00:00:00-05:00,193.71445459309757,195.35944824859953,193.36666052433176,194.56985473632812,4102700,0.0,0.0,0.0
2021-03-12 00:00:00-05:00,193.78965962520314,195.01165780349564,193.21626125233087,194.9552459716797,4069000,0.0,0.0,0.0
2021-03-15 00:00:00-04:00,195.26544684914157,196.3652409085967,194.00585512394068,196.31825256347656,3421900,0.0,0.0,0.0
2021-03-16 00:00:00-04:00,196.59084124035775,196.74124410268644,194.91764884076886,195.5286407470703,4599900,0.0,0.0,0.0
2021-03-17 00:00:00-04:00,194.87065566289237,196.73184455961314,193.97766193194903,196.27125549316406,3347000,0.0,0.0,0.0
2021-03-18 00:00:00-04:00,195.00226830906894,195.93286999451314,192.48308460930045,192.69927978515625,3641900,0.0,0.0,0.0
2021-03-19 00:00:00-04:00,192.83085431768166,193.78024548560992,191.35506747869593,192.9436492919922,3871000,0.0,0.0,0.0
2021-03-22 00:00:00-04:00,193.52645624880992,194.82364147934942,193.0564580662303,193.98704528808594,3603900,0.0,0.0,0.0
2021-03-23 00:00:00-04:00,193.81785128809992,194.05285037752375,191.42085770733578,191.77806091308594,4764800,0.0,0.0,0.0
2021-03-24 00:00:00-04:00,192.85905464794746,193.49825964178063,190.18946838378906,190.18946838378906,4014500,0.0,0.0,0.0
2021-03-25 00:00:00-04:00,189.49341517986363,192.07759297820633,188.1541741633654,191.59658813476562,4976800,0.672,0.0,0.0
2021-03-26 00:00:00-04:00,192.5020139871453,194.88812862603262,191.68149656165522,194.72779846191406,3554900,0.0,0.0,0.0
2021-03-29 00:00:00-04:00,193.8978206317015,194.624033740154,192.62460555641633,193.8129425048828,4562900,0.0,0.0,0.0
2021-03-30 00:00:00-04:00,193.5017141359218,194.18076795289988,192.67175627272593,193.75636291503906,3960500,0.0,0.0,0.0
2021-03-31 00:00:00-04:00,194.33167042780823,195.81237499521714,194.28451111487124,194.93527221679688,5494800,0.0,0.0,0.0
2021-04-01 00:00:00-04:00,196.16134575885943,197.39684206756556,195.7557929298555,197.3779754638672,4543300,0.0,0.0,0.0
2021-04-05 00:00:00-04:00,198.85871228935684,199.90558582801134,198.58519687969752,199.67922973632812,5941400,0.0,0.0,0.0
2021-04-06 00:00:00-04:00,199.65095495456777,200.40546093693803,199.38688001938888,199.75469970703125,4029900,0.0,0.0,0.0
2021-04-07 00:00:00-04:00,199.74526060375766,200.05649486332288,199.08507326119718,199.58493041992188,3299100,0.0,0.0,0.0
2021-04-08 00:00:00-04:00,200.4525825922503,200.74496459960938,199.72638380033447,200.74496459960938,3628900,0.0,0.0,0.0
2021-04-09 00:00:00-04:00,200.74497901718004,202.0653536345867,200.5280490228172,201.96160888671875,3559100,0.0,0.0,0.0
2021-04-12 00:00:00-04:00,201.8861357698214,202.1785033766436,201.19765581914308,202.01817321777344,3882800,0.0,0.0,0.0
2021-04-13 00:00:00-04:00,202.16906648415994,203.0367431516969,201.82953958025402,202.58404541015625,4056900,0.0,0.0,0.0
2021-04-14 00:00:00-04:00,202.82928429923768,203.59321635056645,201.8672888611551,202.13137817382812,3765600,0.0,0.0,0.0
2021-04-15 00:00:00-04:00,203.46114551101587,204.3476887701796,203.20651112968278,204.28167724609375,5439600,0.0,0.0,0.0
2021-04-16 00:00:00-04:00,205.09278177760967,205.10220788423248,204.01761559150992,204.80039978027344,4306000,0.0,0.0,0.0
2021-04-19 00:00:00-04:00,204.4043104853388,204.57408116070943,202.77270161346507,203.461181640625,3986900,0.0,0.0,0.0
2021-04-20 00:00:00-04:00,202.9801656378139,203.28195934692693,200.81096668899255,201.59376525878906,5210300,0.0,0.0,0.0
2021-04-21 00:00:00-04:00,201.49941884687667,204.02701096832826,201.1221731647497,203.99871826171875,3167900,0.0,0.0,0.0
2021-04-22 00:00:00-04:00,204.1401995053447,204.6966419716073,201.716366285844,202.40484619140625,4394800,0.0,0.0,0.0
2021-04-23 00:00:00-04:00,202.84812585974007,205.47944864398409,202.74438112539343,204.85699462890625,4374300,0.0,0.0,0.0
2021-04-26 00:00:00-04:00,205.35687298813212,205.85673010789944,205.08335757331386,205.60208129882812,3202500,0.0,0.0,0.0
2021-04-27 00:00:00-04:00,205.8850116042114,205.91330431578862,204.98904215859287,205.50775146484375,2670000,0.0,0.0,0.0
2021-04-28 00:00:00-04:00,205.6680989377847,206.20567485638526,205.2436794760964,205.47946166992188,2603900,0.0,0.0,0.0
2021-04-29 00:00:00-04:00,207.1111079524047,207.15825288363467,204.60238167597083,206.2622833251953,4178800,0.0,0.0,0.0
2021-04-30 00:00:00-04:00,205.1399219586992,205.76239036547082,204.42314931487266,204.7532501220703,3256600,0.0,0.0,0.0
2021-05-03 00:00:00-04:00,206.1396545593059,206.1396545593059,204.94187703612727,205.11163330078125,3846300,0.0,0.0,0.0
2021-05-04 00:00:00-04:00,204.1685174338415,204.22510285895927,201.65036527907733,203.57435607910156,4900000,0.0,0.0,0.0
2021-05-05 00:00:00-04:00,204.6023765662062,204.6023765662062,203.03677920954573,203.53663635253906,2032600,0.0,0.0,0.0
2021-05-06 00:00:00-04:00,203.50834121989507,204.61180024269316,201.90502506004327,204.57408142089844,4131200,0.0,0.0,0.0
2021-05-07 00:00:00-04:00,205.03617296848765,206.53575853385777,204.75324587219316,206.3094024658203,3868100,0.0,0.0,0.0
2021-05-10 00:00:00-04:00,206.4414442364985,206.45087034290535,203.76296213473358,203.88555908203125,4443800,0.0,0.0,0.0
2021-05-11 00:00:00-04:00,201.1599306247681,202.68780903022932,199.96216743884247,202.24453735351562,5959900,0.0,0.0,0.0
2021-05-12 00:00:00-04:00,200.8298448089416,201.48060597000406,197.31197848739026,197.68922424316406,5788400,0.0,0.0,0.0
2021-05-13 00:00:00-04:00,198.4154468281177,200.8109877118114,198.36828750866232,199.86785888671875,4970900,0.0,0.0,0.0
2021-05-14 00:00:00-04:00,201.40516525362492,203.67810919599208,201.35800593375347,203.281982421875,4292600,0.0,0.0,0.0
2021-05-17 00:00:00-04:00,202.67837386350948,203.13108605014855,201.58435538997364,202.84814453125,4063200,0.0,0.0,0.0
2021-05-18 00:00:00-04:00,203.00845044847543,203.3668439556653,201.20707119739185,201.26365661621094,3173100,0.0,0.0,0.0
2021-05-19 00:00:00-04:00,198.59463328319913,200.67893981933594,197.82126077914626,200.67893981933594,6015000,0.0,0.0,0.0
2021-05-20 00:00:00-04:00,201.08448694155277,203.39514949880697,201.0561798393554,202.85755920410156,3478300,0.0,0.0,0.0
2021-05-21 00:00:00-04:00,203.79125823428237,204.4137266515386,202.49917647594938,202.744384765625,3623300,0.0,0.0,0.0
2021-05-24 00:00:00-04:00,203.94219014744613,205.3191502259761,203.64038200414925,204.79100036621094,2873700,0.0,0.0,0.0
2021-05-25 00:00:00-04:00,205.451167936246,205.6209385982777,203.90443732808268,204.22509765625,3700600,0.0,0.0,0.0
2021-05-26 00:00:00-04:00,204.64009490549302,205.18711136825223,204.16853047804582,204.9607696533203,3258100,0.0,0.0,0.0
2021-05-27 00:00:00-04:00,205.60208761987423,205.828443722786,205.21540134069312,205.3380126953125,2617200,0.0,0.0,0.0
2021-05-28 00:00:00-04:00,206.16798615708922,206.29058312990696,205.6303957689475,205.68698120117188,2635700,0.0,0.0,0.0
2021-06-01 00:00:00-04:00,207.04506496757688,207.04506496757688,205.42288227516585,205.77183532714844,3805700,0.0,0.0,0.0
2021-06-02 00:00:00-04:00,206.1867821454986,206.37541938947754,205.49830225617941,206.04531860351562,3599400,0.0,0.0,0.0
2021-06-03 00:00:00-04:00,204.94188554618057,205.64923212694902,203.79126729018364,205.13050842285156,2967000,0.0,0.0,0.0
2021-06-04 00:00:00-04:00,206.13965157521105,206.99788777465298,206.0359068402013,206.9130096435547,2287100,0.0,0.0,0.0
2021-06-07 00:00:00-04:00,207.06392758427594,207.1865245404197,206.5734965866914,207.08279418945312,2762800,0.0,0.0,0.0
2021-06-08 00:00:00-04:00,207.51662825565552,207.7524104551362,206.22454640762248,207.5072021484375,2831700,0.0,0.0,0.0
2021-06-09 00:00:00-04:00,207.8750241408369,207.9599022797633,206.87530990636097,206.92245483398438,2688600,0.0,0.0,0.0
2021-06-10 00:00:00-04:00,207.68637536126133,208.33712206956005,206.72438006703445,207.83726501464844,2936700,0.0,0.0,0.0
2021-06-11 00:00:00-04:00,208.22394606305892,208.45030212402344,207.6109181855736,208.45030212402344,2837200,0.0,0.0,0.0
2021-06-14 00:00:00-04:00,208.62009202876484,208.79928880705927,207.84673387997233,208.77099609375,3189400,0.0,0.0,0.0
2021-06-15 00:00:00-04:00,208.89358095615088,208.93129977211228,207.64864416439613,208.2239532470703,3094000,0.0,0.0,0.0
2021-06-16 00:00:00-04:00,208.4031676223962,208.4031676223962,205.96046753657006,207.1865234375,3459600,0.0,0.0,0.0
2021-06-17 00:00:00-04:00,206.96015638803195,207.54489155475346,205.5548894975223,206.9884490966797,3002900,0.0,0.0,0.0
2021-06-18 00:00:00-04:00,205.59261087788164,205.7435005183236,204.21563677521985,204.42312622070312,4538300,0.0,0.0,0.0
2021-06-21 00:00:00-04:00,205.29081973601666,207.29968844604858,204.73437726408352,207.24310302734375,3870000,0.0,0.0,0.0
2021-06-22 00:00:00-04:00,207.34686138881636,208.76155451344053,206.7149524624019,208.42202758789062,2684300,0.0,0.0,0.0
2021-06-23 00:00:00-04:00,208.52579548682883,208.98791941529217,208.25228006006083,208.337158203125,2662200,0.0,0.0,0.0
2021-06-24 00:00:00-04:00,209.55279437821622,209.89336200833597,209.34466891341452,209.75146484375,2931600,0.675,0.0,0.0
2021-06-25 00:00:00-04:00,210.26228262203318,210.67853349927552,209.9311844679443,210.53663635253906,2801300,0.0,0.0,0.0
2021-06-28 00:00:00-04:00,210.9528783259059,210.9528783259059,209.8838717485733,210.77313232421875,3094900,0.0,0.0,0.0
2021-06-29 00:00:00-04:00,211.25561779467404,211.34075608748762,210.46096485818927,210.78260803222656,4068000,0.0,0.0,0.0
2021-06-30 00:00:00-04:00,210.66908132921503,211.1042422084561,210.45150088959448,210.7920684814453,3041700,0.0,0.0,0.0
2021-07-01 00:00:00-04:00,211.340740185472,211.96511648934936,211.05694589744706,211.93673706054688,3836000,0.0,0.0,0.0
2021-07-02 00:00:00-04:00,212.58006411362277,213.24227492618414,212.2016476242212,213.10983276367188,3026400,0.0,0.0,0.0
2021-07-06 00:00:00-04:00,213.21388824921223,213.34633040722434,211.11372371851118,212.64627075195312,4147200,0.0,0.0,0.0
2021-07-07 00:00:00-04:00,212.93011474609375,213.19499910596326,211.45432633107356,212.93011474609375,4042200,0.0,0.0,0.0
2021-07-08 00:00:00-04:00,209.95007464871915,211.6434574272119,209.20272568792376,211.13259887695312,4486100,0.0,0.0,0.0
2021-07-09 00:00:00-04:00,212.05971980821872,213.78146767199001,211.92727766485172,213.68687438964844,3886600,0.0,0.0,0.0
2021-07-12 00:00:00-04:00,213.75311405299567,214.3774904193055,213.29902871163978,214.2828826904297,3294600,0.0,0.0,0.0
2021-07-13 00:00:00-04:00,213.89503428782774,214.29236078195555,212.96792469974957,213.09091186523438,4668400,0.0,0.0,0.0
2021-07-14 00:00:00-04:00,214.05583031264402,214.23557632222852,212.30568851260827,212.79762268066406,2830200,0.0,0.0,0.0
2021-07-15 00:00:00-04:00,212.33405590536938,212.62731961591493,210.82988849218447,212.0502471923828,3276500,0.0,0.0,0.0
2021-07-16 00:00:00-04:00,212.85439599477198,212.85439599477198,210.19608340329972,210.38528442382812,3203300,0.0,0.0,0.0
2021-07-19 00:00:00-04:00,207.94452122923823,207.94452122923823,206.06195186872648,207.3958282470703,6966200,0.0,0.0,0.0
2021-07-20 00:00:00-04:00,208.07697556081095,211.63401793846765,207.54720697735857,210.98126220703125,5362900,0.0,0.0,0.0
2021-07-21 00:00:00-04:00,211.67184232684392,212.873291015625,211.48264133245655,212.873291015625,2542500,0.0,0.0,0.0
2021-07-22 00:00:00-04:00,213.0436006343489,213.18551222849035,212.0786566476159,213.05307006835938,2236200,0.0,0.0,0.0
2021-07-23 00:00:00-04:00,214.03693529451186,215.32352253269224,213.63960879325057,215.18162536621094,2982700,0.0,0.0,0.0
2021-07-26 00:00:00-04:00,214.98291371439913,215.6167449951172,214.86939600296034,215.6167449951172,2849700,0.0,0.0,0.0
2021-07-27 00:00:00-04:00,215.1059112601374,215.15320068544975,212.83545587579596,214.45315551757812,4169600,0.0,0.0,0.0
2021-07-28 00:00:00-04:00,214.85995453608132,215.51271033203773,213.98016328769674,214.78427124023438,3306700,0.0,0.0,0.0
2021-07-29 00:00:00-04:00,215.2951095196628,216.401950550923,215.2951095196628,215.7302703857422,2960900,0.0,0.0,0.0
2021-07-30 00:00:00-04:00,214.33963780065008,215.6167554214251,214.17880178818666,214.45315551757812,2846800,0.0,0.0,0.0
2021-08-02 00:00:00-04:00,215.5505403405917,215.78704520625612,213.98014456815324,214.15042114257812,3558100,0.0,0.0,0.0
2021-08-03 00:00:00-04:00,214.58561253384838,215.69245365592184,213.11927936977904,215.68299865722656,3245400,0.0,0.0,0.0
2021-08-04 00:00:00-04:00,214.92617354150647,215.39918329376644,214.50992264989978,214.71804809570312,3374500,0.0,0.0,0.0
2021-08-05 00:00:00-04:00,215.2383617291065,216.2600645262912,214.97347742262662,216.25059509277344,2461700,0.0,0.0,0.0
2021-08-06 00:00:00-04:00,216.57223127093596,216.93172329031984,216.06138710638504,216.51547241210938,2343100,0.0,0.0,0.0
2021-08-09 00:00:00-04:00,216.50602692139248,216.67630350534958,215.71137399270157,216.4303436279297,3295500,0.0,0.0,0.0
2021-08-10 00:00:00-04:00,216.63846340063384,216.931727133174,216.17490865348566,216.57223510742188,2946700,0.0,0.0,0.0
2021-08-11 00:00:00-04:00,217.05474470763087,217.10204857582477,216.08034565031502,216.99798583984375,3051400,0.0,0.0,0.0
2021-08-12 00:00:00-04:00,216.9695926968347,217.60342407226562,216.42089961770498,217.60342407226562,2746000,0.0,0.0,0.0
2021-08-13 00:00:00-04:00,217.8020932139728,217.8210176482171,217.35746283747133,217.72640991210938,2516000,0.0,0.0,0.0
2021-08-16 00:00:00-04:00,217.09252420836768,217.8209631759117,215.95730383453807,217.81150817871094,3193200,0.0,0.0,0.0
2021-08-17 00:00:00-04:00,216.37362422419145,216.6763430181337,214.5383437195984,216.19387817382812,3735100,0.0,0.0,0.0
2021-08-18 00:00:00-04:00,215.7965078510416,216.47764304310022,213.85716499685006,214.0369110107422,3194100,0.0,0.0,0.0
2021-08-19 00:00:00-04:00,212.58951148523454,214.57615828675327,212.286778304575,213.8760986328125,3964500,0.0,0.0,0.0
2021-08-20 00:00:00-04:00,214.1031553740411,215.87220734543988,213.81934661686319,215.79652404785156,2655100,0.0,0.0,0.0
2021-08-23 00:00:00-04:00,216.70469789267244,218.28454875534078,216.43034414882052,217.88722229003906,3180600,0.0,0.0,0.0
2021-08-24 00:00:00-04:00,218.3980490605333,218.91836264090097,218.21830305685077,218.66293334960938,2772300,0.0,0.0,0.0
2021-08-25 00:00:00-04:00,218.89948200219968,219.49547898940864,218.51161048877435,219.287353515625,2897000,0.0,0.0,0.0
2021-08-26 00:00:00-04:00,219.11702594685244,219.27784752521774,217.73584559848624,217.82098388671875,3352000,0.0,0.0,0.0
2021-08-27 00:00:00-04:00,218.34133381563092,220.36581524943614,218.2183466443116,220.16714477539062,3749800,0.0,0.0,0.0
2021-08-30 00:00:00-04:00,220.63067149840768,221.34018613161967,220.23334503602243,220.99961853027344,3194000,0.0,0.0,0.0
2021-08-31 00:00:00-04:00,220.95232106598712,221.01854936252525,220.20497198214497,220.5833740234375,3099400,0.0,0.0,0.0
2021-09-01 00:00:00-04:00,221.19827178544793,221.5672187886357,220.65903377726752,220.97122192382812,3533100,0.0,0.0,0.0
2021-09-02 00:00:00-04:00,221.66183854870238,221.98348173141724,221.06584161270328,221.71859741210938,3274600,0.0,0.0,0.0
2021-09-03 00:00:00-04:00,221.36854402075127,221.84155373019735,221.01852145499666,221.64288330078125,2484200,0.0,0.0,0.0
2021-09-07 00:00:00-04:00,221.64288286181446,221.6523522944555,220.4414485954807,220.68740844726562,3256800,0.0,0.0,0.0
2021-09-08 00:00:00-04:00,220.43202911737532,220.66853402522693,219.08868297299185,220.16714477539062,3027600,0.0,0.0,0.0
2021-09-09 00:00:00-04:00,220.11036303851088,221.0374581391357,219.2400268002552,219.40084838867188,3265900,0.0,0.0,0.0
2021-09-10 00:00:00-04:00,220.45092618800837,220.60229277467212,217.54665378634735,217.66017150878906,3385600,0.0,0.0,0.0
2021-09-13 00:00:00-04:00,219.0129357343795,219.23053057936318,216.9506204688146,218.15206909179688,3312700,0.0,0.0,0.0
2021-09-14 00:00:00-04:00,218.9183676192349,218.99405090856501,216.27896523112622,216.83712768554688,3158900,0.0,0.0,0.0
2021-09-15 00:00:00-04:00,217.03578658461214,218.85214224743103,216.37357583802896,218.62510681152344,2598900,0.0,0.0,0.0
2021-09-16 00:00:00-04:00,218.47377176318648,219.02246487100882,216.92230017507683,218.4264678955078,2537200,0.0,0.0,0.0
2021-09-17 00:00:00-04:00,218.09536001705584,218.36971379451197,216.30738348664192,216.67633056640625,3078200,0.0,0.0,0.0
2021-09-20 00:00:00-04:00,213.33686024941346,214.09367876481983,210.30960062290055,212.92062377929688,7749300,0.0,0.0,0.0
2021-09-21 00:00:00-04:00,214.28292941526126,214.77486372947988,212.343600466447,212.90174865722656,4564400,0.0,0.0,0.0
2021-09-22 00:00:00-04:00,214.1126144909827,216.09924695921006,213.63960469829334,215.04917907714844,4187300,0.0,0.0,0.0
2021-09-23 00:00:00-04:00,216.10869034553068,218.48319402198692,215.73974332910743,217.66961669921875,3778100,0.0,0.0,0.0
2021-09-24 00:00:00-04:00,216.8952594851929,218.22386169652998,216.55361684789506,217.92967224121094,3122800,0.724,0.0,0.0
2021-09-27 00:00:00-04:00,217.47413858656606,218.1479244899936,216.85727622464665,217.4551544189453,2856700,0.0,0.0,0.0
2021-09-28 00:00:00-04:00,216.04112389206682,216.1739840998189,212.62471234386564,212.89991760253906,5078600,0.0,0.0,0.0
2021-09-29 00:00:00-04:00,213.73505216959956,214.4657905696228,212.84298454787606,213.0422821044922,4585500,0.0,0.0,0.0
2021-09-30 00:00:00-04:00,213.85841198610467,216.75286740352178,210.62229950199617,210.73617553710938,5080200,0.0,0.0,0.0
2021-10-01 00:00:00-04:00,211.72315582673022,214.12413884392464,209.74922243476095,213.64013671875,5148600,0.0,0.0,0.0
2021-10-04 00:00:00-04:00,212.80504829763595,212.95687820782868,209.29371554196882,210.42303466796875,4984000,0.0,0.0,0.0
2021-10-05 00:00:00-04:00,211.08731884903025,213.51678546609824,210.77415972890537,212.38746643066406,3568200,0.0,0.0,0.0
2021-10-06 00:00:00-04:00,210.57484716456273,213.34594171518603,209.71124861305086,213.27001953125,3076000,0.0,0.0,0.0
2021-10-07 00:00:00-04:00,214.9497736401106,216.71492467836904,214.57966202631496,215.31988525390625,3081300,0.0,0.0,0.0
2021-10-08 00:00:00-04:00,215.80388848472256,215.94624802687386,214.49427047713195,214.84539794921875,1922600,0.0,0.0,0.0
2021-10-11 00:00:00-04:00,214.54170192551422,215.98418000458807,213.22257024631944,213.29849243164062,2354900,0.0,0.0,0.0
2021-10-12 00:00:00-04:00,213.8204533597076,214.19056497130157,212.72910269186502,213.14666748046875,2898400,0.0,0.0,0.0
2021-10-13 00:00:00-04:00,213.68758965747617,214.5037350543958,212.2450970878953,214.11463928222656,3179500,0.0,0.0,0.0
2021-10-14 00:00:00-04:00,216.09809294977737,217.7303694212153,215.89879538254146,217.67343139648438,2688800,0.0,0.0,0.0
2021-10-15 00:00:00-04:00,218.9261116979522,219.3721455037213,218.52753106994768,218.9640655517578,2717900,0.0,0.0,0.0
2021-10-18 00:00:00-04:00,218.33772208995725,219.8466374961153,217.7493287798632,219.76123046875,3078300,0.0,0.0,0.0
2021-10-19 00:00:00-04:00,220.64381219325506,221.38403543699764,220.27370057138378,221.36505126953125,2683100,0.0,0.0,0.0
2021-10-20 00:00:00-04:00,221.6402740805992,222.3994815023076,221.48842970012208,222.22865295410156,2838400,0.0,0.0,0.0
2021-10-21 00:00:00-04:00,221.98192970368845,222.9688892732677,221.75416311962647,222.83602905273438,2839800,0.0,0.0,0.0
2021-10-22 00:00:00-04:00,222.63673263488064,223.31051854129504,221.42200655395484,222.40896606445312,2144500,0.0,0.0,0.0
2021-10-25 00:00:00-04:00,223.08275790651834,223.92737232857027,222.16222129723204,223.77552795410156,2170100,0.0,0.0,0.0
2021-10-26 00:00:00-04:00,224.58217764450876,225.0946487963916,223.45287310305957,223.69012451171875,2759900,0.0,0.0,0.0
2021-10-27 00:00:00-04:00,224.01275881978452,224.04122782730258,222.05780973994308,222.16220092773438,3409600,0.0,0.0,0.0
2021-10-28 00:00:00-04:00,222.95939139654286,224.5347442626953,222.80754701604394,224.5347442626953,2104900,0.0,0.0,0.0
2021-10-29 00:00:00-04:00,223.4718480961132,225.03771611885216,223.36745689459727,224.8289337158203,3565900,0.0,0.0,0.0
2021-11-01 00:00:00-04:00,225.62610252747692,225.97722999853985,224.64862782640094,225.94876098632812,3967500,0.0,0.0,0.0
2021-11-02 00:00:00-04:00,226.1670438035469,226.74592337507474,225.77794799388727,226.65103149414062,4004800,0.0,0.0,0.0
2021-11-03 00:00:00-04:00,226.51817014696363,228.45413538036433,226.14805850760712,228.25485229492188,3704400,0.0,0.0,0.0
2021-11-04 00:00:00-04:00,228.73882700026002,229.4695653936547,228.26432418285407,229.11842346191406,3557000,0.0,0.0,0.0
2021-11-05 00:00:00-04:00,230.37114926647823,231.09238843424754,229.08050084790025,230.00103759765625,3919400,0.0,0.0,0.0
2021-11-08 00:00:00-05:00,230.76969575663023,231.13980737061277,230.067426382112,230.38059997558594,3401400,0.0,0.0,0.0
2021-11-09 00:00:00-05:00,230.64634540997122,230.74125177489782,228.89069350425487,229.71632385253906,2764100,0.0,0.0,0.0
2021-11-10 00:00:00-05:00,228.84319606587653,229.6213875618814,226.55608923182362,227.4576416015625,3356500,0.0,0.0,0.0
2021-11-11 00:00:00-05:00,228.39721128269403,228.48261832452,227.72342531182883,227.73291015625,2277100,0.0,0.0,0.0
2021-11-12 00:00:00-05:00,228.36869189750516,229.69729385734368,227.9606264672245,229.42208862304688,2419900,0.0,0.0,0.0
2021-11-15 00:00:00-05:00,230.07690476063703,230.29517197960865,228.84319466611538,229.42208862304688,3630500,0.0,0.0,0.0
2021-11-16 00:00:00-05:00,229.33669116227514,230.92152873783226,229.09943976807781,230.4090576171875,2947400,0.0,0.0,0.0
2021-11-17 00:00:00-05:00,230.22877448261553,230.22877448261553,229.1184251387637,229.46006774902344,2809000,0.0,0.0,0.0
2021-11-18 00:00:00-05:00,229.9440693366726,230.07692954696958,228.25484045689254,229.82069396972656,3507700,0.0,0.0,0.0
2021-11-19 00:00:00-05:00,229.74477231654427,230.24774414817526,229.0235332419187,229.16587829589844,3353800,0.0,0.0,0.0
2021-11-22 00:00:00-05:00,229.9820292337607,231.17778563852997,227.9986108705408,228.06504821777344,3902900,0.0,0.0,0.0
2021-11-23 00:00:00-05:00,227.8562705726365,228.80527625685292,226.09111942076683,228.14096069335938,3826200,0.0,0.0,0.0
2021-11-24 00:00:00-05:00,226.94523437518407,228.90968322753906,226.46124665594286,228.90968322753906,2195400,0.0,0.0,0.0
2021-11-26 00:00:00-05:00,225.14212876649344,225.95827428863058,222.95941265094729,223.95587158203125,5730300,0.0,0.0,0.0
2021-11-29 00:00:00-05:00,226.31887369901114,227.0780811498384,224.45883064919593,226.06265258789062,4789200,0.0,0.0,0.0
2021-11-30 00:00:00-05:00,224.90485246403344,225.60710737195922,221.21322109336242,221.5453643798828,7231400,0.0,0.0,0.0
2021-12-01 00:00:00-05:00,224.35445807310728,225.73999839128933,218.15745153931817,218.4231719970703,5274700,0.0,0.0,0.0
2021-12-02 00:00:00-05:00,218.47057846389555,222.71262003613114,218.35668794872842,221.97239685058594,4257400,0.0,0.0,0.0
2021-12-03 00:00:00-05:00,222.85498400979196,223.27254878549894,217.34126385937924,219.40060424804688,5821900,0.0,0.0,0.0
2021-12-06 00:00:00-05:00,220.74821552118885,223.18715262990563,219.172862590499,222.21917724609375,4210600,0.0,0.0,0.0
2021-12-07 00:00:00-05:00,225.44579407583643,227.476665715335,225.23701166125153,226.97369384765625,4284700,0.0,0.0,0.0
2021-12-08 00:00:00-05:00,227.35329289732297,228.12198516494834,226.47071010364692,227.95115661621094,3417400,0.0,0.0,0.0
2021-12-09 00:00:00-05:00,227.30580780235948,227.6664200556346,225.65453297291228,225.7779083251953,2853800,0.0,0.0,0.0
2021-12-10 00:00:00-05:00,227.21093167493265,227.6379813225934,225.45527990551025,227.31532287597656,2610800,0.0,0.0,0.0
2021-12-13 00:00:00-05:00,227.28684677630366,227.3817531309026,225.04719292612845,225.24649047851562,5839100,0.0,0.0,0.0
2021-12-14 00:00:00-05:00,223.44336046033453,224.7814618007748,222.11475844330758,223.5572509765625,3360400,0.0,0.0,0.0
2021-12-15 00:00:00-05:00,223.5477714582724,227.04960466850056,221.92497988518147,227.0021514892578,3720700,0.0,0.0,0.0
2021-12-16 00:00:00-05:00,228.0365728431438,228.22638556732116,223.64268630745113,224.45883178710938,3876100,0.0,0.0,0.0
2021-12-17 00:00:00-05:00,223.01633411096296,225.06618984879228,221.4409812116676,223.43389892578125,4455100,0.0,0.0,0.0
2021-12-20 00:00:00-05:00,220.2641945660928,220.50144595425937,218.3377144526345,220.29266357421875,5839800,0.0,0.0,0.0
2021-12-21 00:00:00-05:00,222.24764186958888,224.76250112200213,221.3271052042125,224.61065673828125,4158800,0.0,0.0,0.0
2021-12-22 00:00:00-05:00,224.56320647314473,226.9072515336533,224.48728428519456,226.83132934570312,3202900,0.0,0.0,0.0
2021-12-23 00:00:00-05:00,227.63797886904015,229.05200248963484,227.28685141507566,228.39718627929688,2925100,0.0,0.0,0.0
2021-12-27 00:00:00-05:00,229.03434175334456,231.3963165283203,228.90100563964,231.3963165283203,4395100,0.859,0.0,0.0
2021-12-28 00:00:00-05:00,231.4915392171059,232.1772719271072,230.5200821225131,230.92010498046875,3960900,0.0,0.0,0.0
2021-12-29 00:00:00-05:00,231.005828383076,231.58679599608558,230.20581169607655,231.05345153808594,3044300,0.0,0.0,0.0
2021-12-30 00:00:00-05:00,231.5391654686375,232.09156207756155,230.48199540428294,230.6820068359375,4501500,0.0,0.0,0.0
2021-12-31 00:00:00-05:00,230.56772688109695,231.13917570382853,229.94866943359375,229.94866943359375,3499900,0.0,0.0,0.0
2022-01-03 00:00:00-05:00,230.88199714551945,231.40582275390625,229.3962478072192,231.40582275390625,4204000,0.0,0.0,0.0
2022-01-04 00:00:00-05:00,232.1296168986829,232.44391222532062,229.8629033659547,230.96768188476562,4217000,0.0,0.0,0.0
2022-01-05 00:00:00-05:00,230.55818638728013,231.11058298864248,225.9104456948146,225.95806884765625,4878300,0.0,0.0,0.0
2022-01-06 00:00:00-05:00,225.91042824064266,227.40571083557708,224.32943269674308,225.90090942382812,4519200,0.0,0.0,0.0
2022-01-07 00:00:00-05:00,225.90092878528915,226.73904977823463,224.119936207826,224.87232971191406,3580200,0.0,0.0,0.0
2022-01-10 00:00:00-05:00,223.0627679775184,224.61517815166394,219.97697073209804,224.48184204101562,5819600,0.0,0.0,0.0
2022-01-11 00:00:00-05:00,224.4913620170442,226.7771279298525,222.9484562199806,226.71998596191406,3524800,0.0,0.0,0.0
2022-01-12 00:00:00-05:00,227.66287411717482,228.43433433829514,226.0152176136435,227.0723876953125,4033100,0.0,0.0,0.0
2022-01-13 00:00:00-05:00,227.79621044365032,228.00574069661374,223.3199100561108,223.7484893798828,4049300,0.0,0.0,0.0
2022-01-14 00:00:00-05:00,222.38655367770116,223.9389783816262,221.2531894729372,223.83421325683594,3829900,0.0,0.0,0.0
2022-01-18 00:00:00-05:00,221.43410686025763,221.62458490588682,218.99595299810002,219.48167419433594,6511600,0.0,0.0,0.0
2022-01-19 00:00:00-05:00,220.21506919513595,221.11033215502275,217.05307785022057,217.17689514160156,4868100,0.0,0.0,0.0
2022-01-20 00:00:00-05:00,218.2245454771043,220.87223001038592,214.4244445883438,214.64349365234375,5175100,0.0,0.0,0.0
2022-01-21 00:00:00-05:00,213.9292122368527,215.3292487873306,210.31960358352532,210.3957977294922,8582600,0.0,0.0,0.0
2022-01-24 00:00:00-05:00,207.61475040554876,211.97676661294406,202.00508609821406,211.74818420410156,22004300,0.0,0.0,0.0
2022-01-25 00:00:00-05:00,208.6719251657038,211.45294580659902,205.37659772638,208.7862091064453,6600400,0.0,0.0,0.0
2022-01-26 00:00:00-05:00,212.11963675725,213.49110224362974,205.7670973310034,207.97666931152344,7096400,0.0,0.0,0.0
2022-01-27 00:00:00-05:00,210.3005231565129,211.8148434561932,205.6242116205373,206.4337615966797,5789200,0.0,0.0,0.0
2022-01-28 00:00:00-05:00,207.14807240040975,211.59580168229695,204.70038475320587,211.5196075439453,4961200,0.0,0.0,0.0
2022-01-31 00:00:00-05:00,211.5196311933222,216.14832025474618,210.69104346149336,216.01498413085938,5306400,0.0,0.0,0.0
2022-02-01 00:00:00-05:00,217.09117868547392,218.0340502506474,214.4244420165328,217.66261291503906,4697600,0.0,0.0,0.0
2022-02-02 00:00:00-05:00,218.9483655098422,219.47219112003629,217.13880198285798,219.1007537841797,4048200,0.0,0.0,0.0
2022-02-03 00:00:00-05:00,216.01494150814062,217.08163028876263,213.462503488068,213.89108276367188,4217700,0.0,0.0,0.0
2022-02-04 00:00:00-05:00,214.1291933676155,217.13879631070782,212.69106721405493,215.3101806640625,3585300,0.0,0.0,0.0
2022-02-07 00:00:00-05:00,215.70067151834024,216.55784470284826,214.138727963456,214.76731872558594,2757300,0.0,0.0,0.0
2022-02-08 00:00:00-05:00,214.54828087602277,217.1959656437391,213.79587277918023,216.7388153076172,3075500,0.0,0.0,0.0
2022-02-09 00:00:00-05:00,218.91981602035642,220.29128155896444,218.67219594965385,220.26271057128906,3698700,0.0,0.0,0.0
2022-02-10 00:00:00-05:00,217.3007120244774,220.77698420128564,215.37684999935095,216.52926635742188,3511200,0.0,0.0,0.0
2022-02-11 00:00:00-05:00,216.55784291519197,217.6245318123915,211.44341843423098,212.32916259765625,4839800,0.0,0.0,0.0
2022-02-14 00:00:00-05:00,211.92915796333304,212.91013391968963,209.81481776763042,211.54818725585938,4402100,0.0,0.0,0.0
2022-02-15 00:00:00-05:00,213.89109214488755,215.40541243362648,213.71965170759984,215.3101806640625,4406200,0.0,0.0,0.0
2022-02-16 00:00:00-05:00,214.29113085915452,216.0816569585262,213.15776655295852,215.5102081298828,4812400,0.0,0.0,0.0
2022-02-17 00:00:00-05:00,213.72917504541127,214.00536605651786,210.2147988373667,210.61480712890625,5784600,0.0,0.0,0.0
2022-02-18 00:00:00-05:00,210.61483804293223,211.42438809412857,207.82429840930712,208.9290771484375,7007900,0.0,0.0,0.0
2022-02-22 00:00:00-05:00,207.7290625869393,209.60530166688346,204.8242243261719,206.52903747558594,7748900,0.0,0.0,0.0
2022-02-23 00:00:00-05:00,208.16715085447555,208.414770902571,202.4527213203532,202.72891235351562,7684500,0.0,0.0,0.0
2022-02-24 00:00:00-05:00,197.75735119342804,206.52900664306134,197.14781264385033,206.2813720703125,10471000,0.0,0.0,0.0
2022-02-25 00:00:00-05:00,206.9385417536616,210.9005497450241,205.87185288388937,210.87197875976562,4615100,0.0,0.0,0.0
2022-02-28 00:00:00-05:00,208.81478633038228,211.4910419280409,207.8623813756257,210.64340209960938,4219800,0.0,0.0,0.0
2022-03-01 00:00:00-05:00,210.11957349719404,210.94817567824853,206.03376269337616,207.35760498046875,4765000,0.0,0.0,0.0
2022-03-02 00:00:00-05:00,208.57667113138982,212.01485336924102,208.02427455069804,211.29103088378906,3884900,0.0,0.0,0.0
2022-03-03 00:00:00-05:00,211.9481866285265,212.47201224629015,208.7576388340497,209.6814727783203,4161700,0.0,0.0,0.0
2022-03-04 00:00:00-05:00,207.8242828693439,208.20523902227592,205.57660668893547,207.586181640625,4518100,0.0,0.0,0.0
2022-03-07 00:00:00-05:00,207.3194953555618,207.54807776735674,201.16696773000825,201.18601989746094,7953400,0.0,0.0,0.0
2022-03-08 00:00:00-05:00,201.02413050984717,205.23375886979937,199.31931742005852,200.05267333984375,6132200,0.0,0.0,0.0
2022-03-09 00:00:00-05:00,204.45277765845424,206.58617006984824,203.40514088796235,205.60519409179688,4558400,0.0,0.0,0.0
2022-03-10 00:00:00-05:00,203.5955792937128,205.10038062995972,202.1955430673484,204.6813201904297,5271300,0.0,0.0,0.0
2022-03-11 00:00:00-05:00,206.0242291765221,206.23374487871547,201.62410877956086,201.9003143310547,5511000,0.0,0.0,0.0
2022-03-14 00:00:00-04:00,202.17653386653188,203.63371236567005,199.3098000251487,199.90980529785156,6284200,0.0,0.0,0.0
2022-03-15 00:00:00-04:00,200.95744230564094,204.42419570534634,200.48123983572233,204.08132934570312,6491000,0.0,0.0,0.0
2022-03-16 00:00:00-04:00,206.0623462845779,209.1862335205078,203.80515108605246,209.1862335205078,4863500,0.0,0.0,0.0
2022-03-17 00:00:00-04:00,208.12902465304893,212.00531925540201,207.89092344747573,211.98626708984375,6570100,0.0,0.0,0.0
2022-03-18 00:00:00-04:00,211.42436504695738,214.7196778013882,210.89100610554792,214.4625244140625,3425100,0.0,0.0,0.0
2022-03-21 00:00:00-04:00,214.71018950429786,215.4340120859951,212.4529942628817,214.26255798339844,2802200,0.0,0.0,0.0
2022-03-22 00:00:00-04:00,215.03395732166996,217.29115207602032,214.8625314311065,216.89114379882812,3269300,0.0,0.0,0.0
2022-03-23 00:00:00-04:00,215.65684260446434,216.39248559978566,213.93716430664062,213.93716430664062,2695400,0.708,0.0,0.0
2022-03-24 00:00:00-04:00,214.96897518709793,217.0517007683391,214.31932702827808,216.9848175048828,2375100,0.0,0.0,0.0
2022-03-25 00:00:00-04:00,217.41474492471048,218.0643930742798,215.81925548530285,217.91152954101562,3851100,0.0,0.0,0.0
2022-03-28 00:00:00-04:00,217.85418414460273,219.32546997070312,216.37334981547934,219.32546997070312,6799400,0.0,0.0,0.0
2022-03-29 00:00:00-04:00,221.09289572279096,222.94632568076142,220.16618074380574,222.65016174316406,4470500,0.0,0.0,0.0
2022-03-30 00:00:00-04:00,222.01965091766064,222.42090676817145,219.76496477345535,220.84454345703125,3436400,0.0,0.0,0.0
2022-03-31 00:00:00-04:00,220.38595871803273,220.99741288123678,217.45296424049516,217.51028442382812,4087000,0.0,0.0,0.0
2022-04-01 00:00:00-04:00,218.45608569214622,218.54206595711318,216.51667530037372,218.37965393066406,3456400,0.0,0.0,0.0
2022-04-04 00:00:00-04:00,218.64715179597727,220.2521750093743,218.18857581755918,220.2330780029297,3241100,0.0,0.0,0.0
2022-04-05 00:00:00-04:00,219.63117595318647,220.57700252781356,216.4688867795546,217.01344299316406,3268800,0.0,0.0,0.0
2022-04-06 00:00:00-04:00,214.9880670461457,215.76191857873604,212.99133649797858,214.51992797851562,4122000,0.0,0.0,0.0
2022-04-07 00:00:00-04:00,214.19510199122493,216.33514753805846,212.70471911559005,215.33200073242188,4347500,0.0,0.0,0.0
2022-04-08 00:00:00-04:00,214.940275618066,216.24914935530543,213.91803189053425,214.66322326660156,2954800,0.0,0.0,0.0
2022-04-11 00:00:00-04:00,213.21104655392116,213.59320531776376,211.13788446037364,211.30984497070312,2942200,0.0,0.0,0.0
2022-04-12 00:00:00-04:00,212.91490318705993,214.48171782547652,209.93413743052776,210.66021728515625,3164200,0.0,0.0,0.0
2022-04-13 00:00:00-04:00,210.66973423029256,213.80336303771034,210.44045356205473,213.4212188720703,2404600,0.0,0.0,0.0
2022-04-14 00:00:00-04:00,213.60277701103476,214.20466801826782,210.76531165960444,210.8226318359375,2465500,0.0,0.0,0.0
2022-04-18 00:00:00-04:00,210.57423439550314,211.41495459093852,209.37045241047994,210.45957946777344,3674400,0.0,0.0,0.0
2022-04-19 00:00:00-04:00,210.40224750545653,214.57724647274142,210.40224750545653,214.1664276123047,2631200,0.0,0.0,0.0
2022-04-20 00:00:00-04:00,214.9593891849893,215.45618829957502,213.43078325297165,213.88937377929688,2933200,0.0,0.0,0.0
2022-04-21 00:00:00-04:00,215.62816716331457,216.56443072297063,209.89591629723867,210.39271545410156,3172100,0.0,0.0,0.0
2022-04-22 00:00:00-04:00,209.9245731417585,209.9245731417585,204.4693893154379,204.66046142578125,6361400,0.0,0.0,0.0
2022-04-25 00:00:00-04:00,203.5617964419559,206.0744232504549,201.38352762160795,205.77825927734375,9271800,0.0,0.0,0.0
2022-04-26 00:00:00-04:00,204.69865525124,204.8419702570605,199.9122314453125,199.9122314453125,6891100,0.0,0.0,0.0
2022-04-27 00:00:00-04:00,200.48547868693646,202.92167362832237,199.24348809105544,200.303955078125,4955900,0.0,0.0,0.0
2022-04-28 00:00:00-04:00,202.42487964650738,206.12217659655477,200.10331058685253,205.1859130859375,3767700,0.0,0.0,0.0
2022-04-29 00:00:00-04:00,203.39934229965183,204.74642461874572,197.4855829859725,197.6479949951172,7330500,0.0,0.0,0.0
2022-05-02 00:00:00-04:00,197.90597028259617,199.7976237074825,194.61949178298417,199.13841247558594,10630500,0.0,0.0,0.0
2022-05-03 00:00:00-04:00,199.18617284962153,201.21156352891867,198.60339341746385,200.08421325683594,3901800,0.0,0.0,0.0
2022-05-04 00:00:00-04:00,200.36127543256603,206.27504987883674,198.42186506550982,205.95022583007812,3870600,0.0,0.0,0.0
2022-05-05 00:00:00-04:00,203.7719400485688,203.86748338567574,196.29136616039594,198.35496520996094,5186700,0.0,0.0,0.0
2022-05-06 00:00:00-04:00,197.20853370546598,198.54606764178416,194.04624433966194,196.75950622558594,5193900,0.0,0.0,0.0
2022-05-09 00:00:00-04:00,193.94115069323988,194.3041979062532,189.03052312579666,189.78526306152344,9551400,0.0,0.0,0.0
2022-05-10 00:00:00-04:00,192.8806812597545,193.66409585092524,187.7789816476352,190.16741943359375,7605000,0.0,0.0,0.0
2022-05-11 00:00:00-04:00,189.72791954783003,192.63226773893578,186.441427184252,186.72804260253906,6365500,0.0,0.0,0.0
2022-05-12 00:00:00-04:00,185.40010482064227,188.77257803476138,183.54667464175947,186.9287109375,7964900,0.0,0.0,0.0
2022-05-13 00:00:00-04:00,189.07828285256596,192.74691960812936,188.91587084065404,191.93484497070312,4543200,0.0,0.0,0.0
2022-05-16 00:00:00-04:00,191.4476354617608,192.85203816991338,189.98591257415197,190.9890594482422,4479400,0.0,0.0,0.0
2022-05-17 00:00:00-04:00,194.30420822455477,195.1449284676299,192.18327416471536,195.06849670410156,3954500,0.0,0.0,0.0
2022-05-18 00:00:00-04:00,192.8138412100413,193.0049133457137,186.71854241036536,187.43507385253906,4712200,0.0,0.0,0.0
2022-05-19 00:00:00-04:00,185.8109035158486,188.83944075313104,185.22812413720013,186.60386657714844,5710900,0.0,0.0,0.0
2022-05-20 00:00:00-04:00,188.24709829390142,188.72478583122418,182.15181523061207,186.60386657714844,5153300,0.0,0.0,0.0
2022-05-23 00:00:00-04:00,187.87451694574042,190.26295481475756,186.73763276549727,189.79483032226562,5018000,0.0,0.0,0.0
2022-05-24 00:00:00-04:00,187.79807171009685,188.4954913818697,184.69310294417963,187.8936004638672,4788700,0.0,0.0,0.0
2022-05-25 00:00:00-04:00,187.2057406879701,190.94126068316154,187.04332867659656,189.9858856201172,4921900,0.0,0.0,0.0
2022-05-26 00:00:00-04:00,190.50179454511567,194.70545385179383,190.47313445752718,193.874267578125,4216700,0.0,0.0,0.0
2022-05-27 00:00:00-04:00,195.15446868657605,198.80399385582956,195.0684738515134,198.78489685058594,4381100,0.0,0.0,0.0
2022-05-31 00:00:00-04:00,197.92508144972786,199.05243178339293,196.03344260671497,197.15122985839844,4100900,0.0,0.0,0.0
2022-06-01 00:00:00-04:00,198.4027325385693,199.02373506044742,194.38061178922538,195.8518829345703,3087800,0.0,0.0,0.0
2022-06-02 00:00:00-04:00,195.8519212448628,199.86449427674472,194.8965460192781,199.8453826904297,2977800,0.0,0.0,0.0
2022-06-03 00:00:00-04:00,197.45693057902295,198.34543705609866,196.13852277446094,196.6544189453125,2694100,0.0,0.0,0.0
2022-06-06 00:00:00-04:00,198.83267263582053,199.47277224046204,196.72130170642913,197.23719787597656,2745500,0.0,0.0,0.0
2022-06-07 00:00:00-04:00,195.49840729075396,199.55875138086685,195.23090343457585,199.37722778320312,3350500,0.0,0.0,0.0
2022-06-08 00:00:00-04:00,198.65112708888708,199.3867699589666,196.72127998453604,197.1416473388672,2187200,0.0,0.0,0.0
2022-06-09 00:00:00-04:00,196.25316837709747,197.12256329246907,192.39345905135943,192.422119140625,3061100,0.0,0.0,0.0
2022-06-10 00:00:00-04:00,189.53688613425058,189.53688613425058,186.64210043242414,186.70896911621094,5703800,0.0,0.0,0.0
2022-06-13 00:00:00-04:00,182.14228081218982,182.6486285152022,178.34944000277093,179.0850830078125,10468300,0.0,0.0,0.0
2022-06-14 00:00:00-04:00,180.09777846099743,180.61368924623093,177.00237206107255,178.5787353515625,7045900,0.0,0.0,0.0
2022-06-15 00:00:00-04:00,180.19330243654585,183.55622694952459,177.87173330839641,181.17733764648438,5011700,0.0,0.0,0.0
2022-06-16 00:00:00-04:00,177.10745393186318,177.39405482097698,173.56300563185098,174.85276794433594,8225100,0.0,0.0,0.0
2022-06-17 00:00:00-04:00,175.08203244103433,177.13609761595205,173.68719298363118,175.511962890625,5252700,0.0,0.0,0.0
2022-06-21 00:00:00-04:00,178.358979397565,180.59455362844116,178.358979397565,179.7633819580078,6103400,0.0,0.0,0.0
2022-06-22 00:00:00-04:00,177.61380709870173,181.47351649609058,177.33674012683318,179.7347412109375,7321300,0.0,0.0,0.0
2022-06-23 00:00:00-04:00,180.45316380970078,181.8344054495302,178.85131165788533,181.36439514160156,6675800,0.749,0.0,0.0
2022-06-24 00:00:00-04:00,183.1293049244473,187.25384178592677,182.81276916850535,187.22506713867188,3856400,0.0,0.0,0.0
2022-06-27 00:00:00-04:00,187.64712131814613,188.01160507472264,185.98770520951953,186.64955139160156,5950400,0.0,0.0,0.0
2022-06-28 00:00:00-04:00,187.4648755096046,188.81734254646247,182.78400416077736,182.80319213867188,6012700,0.0,0.0,0.0
2022-06-29 00:00:00-04:00,183.00460268895532,183.37868773462387,181.46029988275683,182.49623107910156,4155800,0.0,0.0,0.0
2022-06-30 00:00:00-04:00,180.32846117753652,182.5441968427763,178.53477318874968,180.92315673828125,4250300,0.0,0.0,0.0
2022-07-01 00:00:00-04:00,180.51070740974774,183.08134010799026,179.27333904805187,182.8319549560547,3223100,0.0,0.0,0.0
2022-07-05 00:00:00-04:00,180.67376083571227,183.50337987035726,178.75537306495133,183.48419189453125,3986100,0.0,0.0,0.0
2022-07-06 00:00:00-04:00,183.48421070906105,185.02851360832244,182.13175831545792,183.8487091064453,2981000,0.0,0.0,0.0
2022-07-07 00:00:00-04:00,184.76953696013595,187.25384580065966,184.73116100554796,186.8797607421875,2919300,0.0,0.0,0.0
2022-07-08 00:00:00-04:00,186.14117965731594,187.71425718419917,185.13402306060948,186.68792724609375,2799200,0.0,0.0,0.0
2022-07-11 00:00:00-04:00,185.4889392783291,185.84383637261175,183.98299768211794,184.32830810546875,3033800,0.0,0.0,0.0
2022-07-12 00:00:00-04:00,184.16524249429108,185.3546482877432,181.8631828175678,182.7360382080078,2640300,0.0,0.0,0.0
2022-07-13 00:00:00-04:00,180.1270197074288,183.29236256908408,179.74334799407444,181.9398956298828,3322400,0.0,0.0,0.0
2022-07-14 00:00:00-04:00,179.63786067226133,181.469924822058,178.0072337130446,181.1342010498047,3355600,0.0,0.0,0.0
2022-07-15 00:00:00-04:00,183.38829056336147,184.6927948989056,182.22765946344663,184.6544189453125,2914600,0.0,0.0,0.0
2022-07-18 00:00:00-04:00,186.36180190864715,186.8222255817095,182.76482429113182,183.3787078857422,3974200,0.0,0.0,0.0
2022-07-19 00:00:00-04:00,185.38339820727228,188.69261403968994,185.1148251020181,188.5007781982422,3287500,0.0,0.0,0.0
2022-07-20 00:00:00-04:00,188.41444088662035,190.63977764345177,187.99240788707263,190.02589416503906,3332400,0.0,0.0,0.0
2022-07-21 00:00:00-04:00,189.56550919294168,191.90594482421875,188.44325400308605,191.90594482421875,2929300,0.0,0.0,0.0
2022-07-22 00:00:00-04:00,191.8387913126522,192.60614940513045,188.70222297657162,189.82447814941406,2717400,0.0,0.0,0.0
2022-07-25 00:00:00-04:00,190.24654206515353,190.49594188226888,188.95163889498656,190.08348083496094,2997100,0.0,0.0,0.0
2022-07-26 00:00:00-04:00,189.23935574864595,189.27773170040786,187.31138130252037,187.73342895507812,2918500,0.0,0.0,0.0
2022-07-27 00:00:00-04:00,189.4504207289394,193.48863431506857,189.25858483686926,192.66372680664062,2902200,0.0,0.0,0.0
2022-07-28 00:00:00-04:00,192.81719439317519,195.4166021043073,191.19615408701787,195.1768035888672,2670700,0.0,0.0,0.0
2022-07-29 00:00:00-04:00,195.8386453923967,198.342142422267,195.29191240038384,197.83377075195312,3342400,0.0,0.0,0.0
2022-08-01 00:00:00-04:00,196.6059635301724,198.59148717802273,195.9537041049485,197.37332153320312,3531500,0.0,0.0,0.0
2022-08-02 00:00:00-04:00,196.63476196035995,198.59151120045487,195.5604694078481,196.3086395263672,3020900,0.0,0.0,0.0
2022-08-03 00:00:00-04:00,197.51722337027755,200.0207202532195,197.34457547855538,199.46438598632812,2827100,0.0,0.0,0.0
2022-08-04 00:00:00-04:00,199.45481696383743,199.7521647833171,198.47643491575914,199.27256774902344,2261800,0.0,0.0,0.0
2022-08-05 00:00:00-04:00,197.2965967956587,199.58906964472516,197.11434761180251,199.20538330078125,2758900,0.0,0.0,0.0
2022-08-08 00:00:00-04:00,200.10706034073831,201.59381406265362,198.81215713995263,199.38766479492188,3024200,0.0,0.0,0.0
2022-08-09 00:00:00-04:00,198.97521421408956,199.09991412298876,197.5651978028769,198.13111877441406,1829500,0.0,0.0,0.0
2022-08-10 00:00:00-04:00,201.70888991062188,202.79278376093723,200.98949444596406,202.64891052246094,2878200,0.0,0.0,0.0
2022-08-11 00:00:00-04:00,204.13565989540396,205.30586302869798,202.3131826405838,202.6584930419922,2835000,0.0,0.0,0.0
2022-08-12 00:00:00-04:00,203.7615726490436,206.21712156236376,203.22442635542748,206.16915893554688,2366500,0.0,0.0,0.0
2022-08-15 00:00:00-04:00,205.1140150532951,207.26261460582373,204.97014182626424,206.974853515625,4479200,0.0,0.0,0.0
2022-08-16 00:00:00-04:00,206.61997443460422,208.3369251830895,205.83342836206418,207.41610717773438,2835600,0.0,0.0,0.0
2022-08-17 00:00:00-04:00,205.6415912771983,206.9748702882315,204.46178681152648,205.55526733398438,4007900,0.0,0.0,0.0
2022-08-18 00:00:00-04:00,205.5840508385616,206.49528220717724,204.97975393775369,206.09242248535156,1640200,0.0,0.0,0.0
2022-08-19 00:00:00-04:00,204.6536314172639,204.7591433421897,202.6105435237643,203.14768981933594,2555000,0.0,0.0,0.0
2022-08-22 00:00:00-04:00,200.54827605321273,200.8935864662213,198.3805029602992,198.8025360107422,3142900,0.0,0.0,0.0
2022-08-23 00:00:00-04:00,198.8984465566294,200.0686642788555,198.21741245160774,198.42843627929688,2856400,0.0,0.0,0.0
2022-08-24 00:00:00-04:00,198.3997017680909,200.01115544768913,198.00642867910167,199.2629852294922,1790900,0.0,0.0,0.0
2022-08-25 00:00:00-04:00,200.0878700236475,202.21728182951273,199.6370476822889,202.15013122558594,1874100,0.0,0.0,0.0
2022-08-26 00:00:00-04:00,202.25562188442916,202.31317117537955,195.3877901990316,195.45494079589844,3550200,0.0,0.0,0.0
2022-08-29 00:00:00-04:00,193.94901956130667,195.62760902399182,193.39268529733727,194.0257568359375,3529100,0.0,0.0,0.0
2022-08-30 00:00:00-04:00,194.65882693977719,194.84107613616473,190.78367509824594,191.86756896972656,4799400,0.0,0.0,0.0
2022-08-31 00:00:00-04:00,192.75003846654138,193.33514741352067,190.40001600728144,190.4575653076172,2911400,0.0,0.0,0.0
2022-09-01 00:00:00-04:00,189.344910329722,190.77411481410456,187.55122203828995,190.5726776123047,4555800,0.0,0.0,0.0
2022-09-02 00:00:00-04:00,192.4622562239065,193.1432903541916,187.838949091525,188.68304443359375,3810400,0.0,0.0,0.0
2022-09-06 00:00:00-04:00,189.4120200696381,189.60385592186952,186.7838235220417,187.91567993164062,5382900,0.0,0.0,0.0
2022-09-07 00:00:00-04:00,187.74304495789775,191.78125829774206,187.65672100715202,191.3879852294922,3032400,0.0,0.0,0.0
2022-09-08 00:00:00-04:00,190.24653197438678,192.97063938630384,189.64224971481607,192.90350341796875,2971300,0.0,0.0,0.0
2022-09-09 00:00:00-04:00,194.12166919991935,196.49087934084397,194.06411990680178,196.10719299316406,2953400,0.0,0.0,0.0
2022-09-12 00:00:00-04:00,197.1431451287435,198.54357483336264,196.94172258142612,198.21743774414062,2736900,0.0,0.0,0.0
2022-09-13 00:00:00-04:00,193.72842597813104,194.28476029072962,189.1051035714357,189.69981384277344,5190300,0.0,0.0,0.0
2022-09-14 00:00:00-04:00,190.32328640445184,191.0714566112716,188.72143405722792,190.43838500976562,2793400,0.0,0.0,0.0
2022-09-15 00:00:00-04:00,189.7861337299952,191.23451146436247,187.70468441525307,188.40489196777344,2491000,0.0,0.0,0.0
2022-09-16 00:00:00-04:00,186.5344526980714,186.90853776128938,184.95178850048868,186.68792724609375,4966100,0.0,0.0,0.0
2022-09-19 00:00:00-04:00,185.02848795955066,188.0787320157981,184.99012664541988,188.01158142089844,3346700,0.0,0.0,0.0
2022-09-20 00:00:00-04:00,186.49607885612636,186.80302795564907,184.44340432051882,185.82464599609375,3244200,0.0,0.0,0.0
2022-09-21 00:00:00-04:00,186.69751907841555,188.3952965520227,182.63053126021333,182.64971923828125,3060200,0.0,0.0,0.0
2022-09-22 00:00:00-04:00,182.35238389671073,182.73605566744286,180.29970918740008,180.6066436767578,5279700,0.0,0.0,0.0
2022-09-23 00:00:00-04:00,178.7147921129204,179.04229912119436,175.14108243794905,177.49143981933594,8249900,0.796,0.0,0.0
2022-09-26 00:00:00-04:00,176.75933380450482,178.6665966150529,174.9483887874195,175.54562377929688,6603500,0.0,0.0,0.0
2022-09-27 00:00:00-04:00,177.44329002160984,178.58956456192365,174.03331911871936,175.2855682373047,6910700,0.0,0.0,0.0
2022-09-28 00:00:00-04:00,175.84423852976977,179.84178717085953,175.02545642338993,178.974853515625,6929100,0.0,0.0,0.0
2022-09-29 00:00:00-04:00,177.4721525553808,177.53957353965808,173.68650911794722,175.2566375732422,8241100,0.0,0.0,0.0
2022-09-30 00:00:00-04:00,174.89061857139382,176.9616498346465,172.6943726900588,172.8773956298828,8431700,0.0,0.0,0.0
2022-10-03 00:00:00-04:00,174.85208926889703,178.22352105623082,173.60946760767365,177.26988220214844,7321600,0.0,0.0,0.0
2022-10-04 00:00:00-04:00,180.31380177167483,183.08801312253723,180.26563552216876,182.96278381347656,6212800,0.0,0.0,0.0
2022-10-05 00:00:00-04:00,181.00734461802034,183.68522332205512,179.5142791554013,182.61599731445312,4548100,0.0,0.0,0.0
2022-10-06 00:00:00-04:00,181.94172362302163,183.46368597498142,180.55461795043675,180.87249755859375,3784100,0.0,0.0,0.0
2022-10-07 00:00:00-04:00,178.86887583728472,179.00373249685217,174.7942645462424,175.69972229003906,4780100,0.0,0.0,0.0
2022-10-10 00:00:00-04:00,176.18137510900578,176.4703578971928,173.08929896074795,174.30300903320312,4304000,0.0,0.0,0.0
2022-10-11 00:00:00-04:00,173.4168123477081,175.76718422116477,171.96228568096598,173.1856231689453,4419100,0.0,0.0,0.0
2022-10-12 00:00:00-04:00,173.551659891075,174.0910865815152,172.3764740162124,172.713623046875,5016700,0.0,0.0,0.0
2022-10-13 00:00:00-04:00,169.89124379683108,177.77076843677176,168.41744778379797,177.00015258789062,5626900,0.0,0.0,0.0
2022-10-14 00:00:00-04:00,178.2909256018781,179.1578739433267,172.55949503177936,172.82920837402344,3798800,0.0,0.0,0.0
2022-10-17 00:00:00-04:00,176.04652011573384,178.0212187058845,175.87313926013076,177.44326782226562,4025800,0.0,0.0,0.0
2022-10-18 00:00:00-04:00,181.22892181475444,181.76834859317518,177.92492544778867,179.6106414794922,3906800,0.0,0.0,0.0
2022-10-19 00:00:00-04:00,178.4450711435797,179.7840106306261,176.6052290957006,178.0790252685547,2589100,0.0,0.0,0.0
2022-10-20 00:00:00-04:00,177.7611334800878,180.12114736762845,176.09468711273465,176.5377960205078,2636200,0.0,0.0,0.0
2022-10-21 00:00:00-04:00,176.26810024191616,180.88213921329432,175.59380209351724,180.60279846191406,3381200,0.0,0.0,0.0
2022-10-24 00:00:00-04:00,181.460103103357,183.13617699201063,179.83218076917257,182.548583984375,4527800,0.0,0.0,0.0
2022-10-25 00:00:00-04:00,182.6063824158426,186.06450458084913,182.56784353642269,185.8525848388672,3287100,0.0,0.0,0.0
2022-10-26 00:00:00-04:00,184.2342778662283,187.49012214445779,184.2342778662283,184.70628356933594,4091100,0.0,0.0,0.0
2022-10-27 00:00:00-04:00,185.39024537421886,186.3631390815713,183.6081967744572,183.83938598632812,3556300,0.0,0.0,0.0
2022-10-28 00:00:00-04:00,183.82973981549395,188.34746117937013,183.7334220030713,188.11627197265625,3178800,0.0,0.0,0.0
2022-10-31 00:00:00-04:00,186.864017932983,188.00066500903944,186.4016395680295,186.9025421142578,5053900,0.0,0.0,0.0
2022-11-01 00:00:00-04:00,188.80018629559848,189.22402580023123,185.67919833280186,186.3245849609375,9873800,0.0,0.0,0.0
2022-11-02 00:00:00-04:00,185.97781432404037,188.09699704757213,181.37338831524752,181.4215545654297,4686000,0.0,0.0,0.0
2022-11-03 00:00:00-04:00,179.64914366648574,181.18073337444767,178.32947369527932,179.6876678466797,3935600,0.0,0.0,0.0
2022-11-04 00:00:00-04:00,182.36554227572537,183.3095389235519,178.9266752969463,181.99949645996094,3586200,0.0,0.0,0.0
2022-11-07 00:00:00-05:00,182.625624466089,183.954936446457,181.5467710897178,183.6563262939453,3420000,0.0,0.0,0.0
2022-11-08 00:00:00-05:00,184.22464050370084,186.2089663058992,182.46186178763725,184.6195831298828,4847500,0.0,0.0,0.0
2022-11-09 00:00:00-05:00,183.46367379390395,184.02235521545217,180.33305886787406,180.64129638671875,13959600,0.0,0.0,0.0
2022-11-10 00:00:00-05:00,187.21076974827747,191.025295218922,186.53647172926063,190.86154174804688,3981600,0.0,0.0,0.0
2022-11-11 00:00:00-05:00,191.28541063240002,193.32753034632216,190.55333358547682,192.807373046875,4550200,0.0,0.0,0.0
2022-11-14 00:00:00-05:00,191.9404344386747,193.5394599975364,190.92901659920062,191.06387329101562,4248200,0.0,0.0,0.0
2022-11-15 00:00:00-05:00,194.0981227866436,194.71461251426325,191.05419832602647,193.0,4606200,0.0,0.0,0.0
2022-11-16 00:00:00-05:00,192.1234386857844,192.3835246726421,190.7556024595643,191.0349578857422,2905000,0.0,0.0,0.0
2022-11-17 00:00:00-05:00,188.48229161305514,190.63037107821145,188.2703718776648,190.23544311523438,3704700,0.0,0.0,0.0
2022-11-18 00:00:00-05:00,191.76706118009733,192.0849408302046,189.66713295467662,191.1313018798828,3039000,0.0,0.0,0.0
2022-11-21 00:00:00-05:00,190.4570002390043,190.9290059832511,189.42629831736616,190.3221435546875,2961700,0.0,0.0,0.0
2022-11-22 00:00:00-05:00,190.85192957870478,192.93257332009637,190.5244079125955,192.81698608398438,3390300,0.0,0.0,0.0
2022-11-23 00:00:00-05:00,192.65324801423213,194.34859130537788,192.48949451721322,193.9921875,2685700,0.0,0.0,0.0
2022-11-25 00:00:00-05:00,193.82842018310188,194.41601313558124,193.6453972588136,194.13665771484375,1289100,0.0,0.0,0.0
2022-11-28 00:00:00-05:00,192.5858273185904,193.38534012389934,190.53408006230063,190.98681640625,3365800,0.0,0.0,0.0
2022-11-29 00:00:00-05:00,191.19871656428344,191.74777066446953,189.85977711156087,190.6881866455078,2640700,0.0,0.0,0.0
2022-11-30 00:00:00-05:00,190.8615531076631,196.602625790841,189.8019544703782,196.5640869140625,4201300,0.0,0.0,0.0
2022-12-01 00:00:00-05:00,197.30583466218607,197.92232449584836,195.34076321232203,196.67970275878906,4354300,0.0,0.0,0.0
2022-12-02 00:00:00-05:00,194.1463319028022,196.96869519673342,193.80918280772775,196.4967041015625,2917100,0.0,0.0,0.0
2022-12-05 00:00:00-05:00,195.07103449844342,195.50451605068133,191.9307919516181,192.63397216796875,3840500,0.0,0.0,0.0
2022-12-06 00:00:00-05:00,192.56654873951547,192.70140541900315,188.6460482672427,189.74417114257812,3901000,0.0,0.0,0.0
2022-12-07 00:00:00-05:00,189.23365122446708,190.69782003496778,188.819453793559,189.43594360351562,3438100,0.0,0.0,0.0
2022-12-08 00:00:00-05:00,190.29321265546324,191.6128824511838,189.5900325487954,191.07345581054688,3982600,0.0,0.0,0.0
2022-12-09 00:00:00-05:00,190.27395416607573,191.52620305290074,189.39737847547076,189.4744415283203,3784900,0.0,0.0,0.0
2022-12-12 00:00:00-05:00,189.76342315368498,192.2004852294922,189.47444038181638,192.2004852294922,3931600,0.0,0.0,0.0
2022-12-13 00:00:00-05:00,198.076414798994,198.076414798994,192.28717607403084,193.63575744628906,4191900,0.0,0.0,0.0
2022-12-14 00:00:00-05:00,193.53943562578303,195.27331765811792,190.9867861742033,192.55690002441406,3331200,0.0,0.0,0.0
2022-12-15 00:00:00-05:00,189.96576057684862,190.44739374481577,186.94110486994597,187.75987243652344,5537100,0.0,0.0,0.0
2022-12-16 00:00:00-05:00,186.40165661237603,187.08558215331792,184.38843357090232,185.61178588867188,4755400,0.0,0.0,0.0
2022-12-19 00:00:00-05:00,185.7177253732028,185.83331261317795,182.9724108375875,183.74302673339844,6433800,0.0,0.0,0.0
2022-12-20 00:00:00-05:00,183.4251462125394,184.91821174731749,182.76049018943797,184.12832641601562,5637800,0.0,0.0,0.0
2022-12-21 00:00:00-05:00,185.3998652268412,187.4997786976261,185.1397792113196,186.9121856689453,4973400,0.0,0.0,0.0
2022-12-22 00:00:00-05:00,185.46127660372727,185.52902263872218,181.36702053588755,184.2610626220703,5153500,0.931,0.0,0.0
2022-12-23 00:00:00-05:00,183.90297380585147,185.2967671282846,182.9447372043936,185.27740478515625,4214400,0.0,0.0,0.0
2022-12-27 00:00:00-05:00,185.24836212479622,185.37419519698412,183.66098973445767,184.50306701660156,6037700,0.0,0.0,0.0
2022-12-28 00:00:00-05:00,184.53205288335212,185.35478236809723,182.0251692930446,182.18003845214844,5711900,0.0,0.0,0.0
2022-12-29 00:00:00-05:00,183.4093112600799,185.99362975201007,183.29315199170773,185.52902221679688,5425700,0.0,0.0,0.0
2022-12-30 00:00:00-05:00,184.0771649853225,185.1321983865488,183.20605166452557,185.0547637939453,5979800,0.0,0.0,0.0
2023-01-03 00:00:00-05:00,186.2065583362325,187.15510614254126,182.8672565221973,184.29977416992188,4092500,0.0,0.0,0.0
2023-01-04 00:00:00-05:00,185.3644838703403,186.86474768908468,184.0384515739252,185.93556213378906,3852500,0.0,0.0,0.0
2023-01-05 00:00:00-05:00,185.0837836700517,185.1321821323219,183.38026708975565,183.75775146484375,4150000,0.0,0.0,0.0
2023-01-06 00:00:00-05:00,184.9870124030542,188.39406080533817,183.7577769518927,187.8133087158203,3184300,0.0,0.0,0.0
2023-01-09 00:00:00-05:00,189.18774276283776,190.57184732236783,187.78426109393357,187.89073181152344,3888300,0.0,0.0,0.0
2023-01-10 00:00:00-05:00,187.4358073760785,189.3716278076172,187.08735910763602,189.3716278076172,2963500,0.0,0.0,0.0
2023-01-11 00:00:00-05:00,190.24275339699287,191.88819778864172,189.85558045422172,191.86883544921875,3435300,0.0,0.0,0.0
2023-01-12 00:00:00-05:00,192.41086172735595,193.38846047940797,190.3201869245969,192.79803466796875,3552700,0.0,0.0,0.0
2023-01-13 00:00:00-05:00,191.27843212057223,193.84340332212136,190.96870849908282,193.6207733154297,2798600,0.0,0.0,0.0
2023-01-17 00:00:00-05:00,193.62073061175326,194.43378632326204,192.94319649310938,193.35940551757812,5426700,0.0,0.0,0.0
2023-01-18 00:00:00-05:00,193.9692160694713,194.63707653215536,190.25244410312567,190.31051635742188,3890200,0.0,0.0,0.0
2023-01-19 00:00:00-05:00,189.13935576511804,189.94272308852794,188.08433707993623,188.76187133789062,2282400,0.0,0.0,0.0
2023-01-20 00:00:00-05:00,189.56522833506648,192.4302344038187,188.67473790838957,192.3818359375,2429300,0.0,0.0,0.0
2023-01-23 00:00:00-05:00,192.8077286916182,195.6727496763372,192.32377354190572,194.82098388671875,3438100,0.0,0.0,0.0
2023-01-24 00:00:00-05:00,193.96921803692706,194.99521536007603,193.33040846405046,194.50157165527344,2679400,0.0,0.0,0.0
2023-01-25 00:00:00-05:00,192.56572562810402,194.74352351354932,191.24936720435824,194.5983428955078,2802000,0.0,0.0,0.0
2023-01-26 00:00:00-05:00,195.85661803722022,196.7567673566362,194.40475286205665,196.60189819335938,2806200,0.0,0.0,0.0
2023-01-27 00:00:00-05:00,196.0986184607138,198.46999556984272,196.0792561207596,197.39561462402344,4521900,0.0,0.0,0.0
2023-01-30 00:00:00-05:00,195.78889118785366,197.0762136386716,194.63707558611452,194.75323486328125,2992300,0.0,0.0,0.0
2023-01-31 00:00:00-05:00,195.1790989515708,197.92797532761725,194.9855198524759,197.86988830566406,4827600,0.0,0.0,0.0
2023-02-01 00:00:00-05:00,197.36659407463134,201.63508206941094,196.01151078451727,200.27999877929688,4385600,0.0,0.0,0.0
2023-02-02 00:00:00-05:00,202.2932290166215,204.11290489370836,201.4221157562623,203.27081298828125,3730800,0.0,0.0,0.0
2023-02-03 00:00:00-05:00,200.85104378874888,203.43536229553314,200.39612480528228,201.1704559326172,2854200,0.0,0.0,0.0
2023-02-06 00:00:00-05:00,199.7863555178428,200.42517981870913,198.9055536577821,199.6605224609375,2841700,0.0,0.0,0.0
2023-02-07 00:00:00-05:00,199.38952236660248,202.835280681332,198.45064819140336,202.17710876464844,3028100,0.0,0.0,0.0
2023-02-08 00:00:00-05:00,201.23820724946984,202.01253834029836,199.64114660542273,200.0186309814453,2945400,0.0,0.0,0.0
2023-02-09 00:00:00-05:00,201.77055929175026,201.9157399086997,197.5504703858216,198.07313537597656,2705900,0.0,0.0,0.0
2023-02-10 00:00:00-05:00,197.4730375367079,198.59580211230855,196.94068398798416,198.43125915527344,2159800,0.0,0.0,0.0
2023-02-13 00:00:00-05:00,198.81842332466172,200.8413519515326,198.4119028424056,200.79295349121094,3467200,0.0,0.0,0.0
2023-02-14 00:00:00-05:00,200.0186413833712,201.96415038101003,198.72164523103723,200.8704071044922,2743400,0.0,0.0,0.0
2023-02-15 00:00:00-05:00,199.83476354031248,201.80929401934688,199.42822822458243,201.7705841064453,2001600,0.0,0.0,0.0
2023-02-16 00:00:00-05:00,199.36049047248412,201.34470958908548,198.9442813535108,199.0797882080078,2458800,0.0,0.0,0.0
2023-02-17 00:00:00-05:00,198.19897364181313,198.6442040582719,196.99875968992828,198.4990234375,2324000,0.0,0.0,0.0
2023-02-21 00:00:00-05:00,196.63098133971036,196.96975586925444,194.2112054690807,194.38543701171875,3110800,0.0,0.0,0.0
2023-02-22 00:00:00-05:00,194.54995690643074,195.47915722888223,193.51428586754358,194.2208709716797,3011700,0.0,0.0,0.0
2023-02-23 00:00:00-05:00,195.6049637567586,195.96310056458705,192.981935452748,195.2565155029297,3440100,0.0,0.0,0.0
2023-02-24 00:00:00-05:00,192.89483003831728,193.51429201658937,191.8011014828744,193.0787353515625,3020600,0.0,0.0,0.0
2023-02-27 00:00:00-05:00,194.85001547735004,195.54691205824082,193.3110416816907,193.76596069335938,2850300,0.0,0.0,0.0
2023-02-28 00:00:00-05:00,193.82401720881177,194.6273844456941,193.11744689941406,193.11744689941406,2299100,0.0,0.0,0.0
2023-03-01 00:00:00-05:00,192.98193167924882,193.58203125,191.8397900149226,193.58203125,4176000,0.0,0.0,0.0
2023-03-02 00:00:00-05:00,191.63656637078634,194.35639196146644,191.16228500502302,193.88211059570312,3364000,0.0,0.0,0.0
2023-03-03 00:00:00-05:00,194.6273740045844,197.16329386195275,194.46283105199774,197.0374755859375,2484700,0.0,0.0,0.0
2023-03-06 00:00:00-05:00,197.31818093253688,198.40223566870438,196.51481366586344,196.77615356445312,3812700,0.0,0.0,0.0
2023-03-07 00:00:00-05:00,196.5825560080555,196.94067803494576,193.53363019523783,193.84336853027344,3346700,0.0,0.0,0.0
2023-03-08 00:00:00-05:00,193.9692291836175,194.5499813041216,193.0013188288706,194.09506225585938,1985900,0.0,0.0,0.0
2023-03-09 00:00:00-05:00,194.35638708437722,195.27589889610732,189.82655929620307,190.2621307373047,2974300,0.0,0.0,0.0
2023-03-10 00:00:00-05:00,189.95240688336736,190.67833964852673,186.09043925582918,187.058349609375,6310500,0.0,0.0,0.0
2023-03-13 00:00:00-04:00,184.7740443207632,188.89735106988394,184.0771478214509,186.28399658203125,6253700,0.0,0.0,0.0
2023-03-14 00:00:00-04:00,189.2264279984019,190.62989471515104,187.3583685605443,189.60391235351562,4473800,0.0,0.0,0.0
2023-03-15 00:00:00-04:00,186.44855211895782,188.16174259032988,185.38384495951362,188.14239501953125,3855400,0.0,0.0,0.0
2023-03-16 00:00:00-04:00,187.12608930437543,191.55911999560297,186.6130980564232,191.3945770263672,3224900,0.0,0.0,0.0
2023-03-17 00:00:00-04:00,190.9202688021831,191.094485532437,188.14237151835857,188.92637634277344,2902400,0.0,0.0,0.0
2023-03-20 00:00:00-04:00,189.46843651389716,191.04613498979245,189.0231912885469,190.5718536376953,2898100,0.0,0.0,0.0
2023-03-21 00:00:00-04:00,192.38183376530898,193.6304462441972,191.86884252022722,193.2916717529297,2421700,0.0,0.0,0.0
2023-03-22 00:00:00-04:00,193.43685445081516,194.94679196129502,189.8265388629909,189.8362274169922,2187900,0.0,0.0,0.0
2023-03-23 00:00:00-04:00,191.2997743206253,193.34055543424293,188.7730759949304,190.18218994140625,2629700,0.786,0.0,0.0
2023-03-24 00:00:00-04:00,189.38534476518143,191.4164134592088,188.19001405462038,191.37753295898438,2324800,0.0,0.0,0.0
2023-03-27 00:00:00-04:00,192.67971525054685,193.00041256970562,191.3677730202212,191.86338806152344,2425400,0.0,0.0,0.0
2023-03-28 00:00:00-04:00,191.6398865363485,192.07719569171059,190.60977591260936,191.59129333496094,3678600,0.0,0.0,0.0
2023-03-29 00:00:00-04:00,193.47660887180427,194.4484136456787,193.0101467323425,194.3512420654297,3486500,0.0,0.0,0.0
2023-03-30 00:00:00-04:00,195.5951300629943,195.90609984651016,194.47754579547052,195.40077209472656,2259200,0.0,0.0,0.0
2023-03-31 00:00:00-04:00,195.88668738171964,198.43281104007045,195.88668738171964,198.34535217285156,2986300,0.0,0.0,0.0
2023-04-03 00:00:00-04:00,197.97605862506776,199.21025477071979,197.5970553776393,198.8701171875,3068200,0.0,0.0,0.0
2023-04-04 00:00:00-04:00,199.2199754036763,199.2782813165901,196.8196164649664,197.53875732421875,2881800,0.0,0.0,0.0
2023-04-05 00:00:00-04:00,196.97511818205612,197.4318676264224,195.8964142559986,196.8196258544922,3119400,0.0,0.0,0.0
2023-04-06 00:00:00-04:00,196.53779414597588,197.60677045299363,195.77006010445035,197.47071838378906,1989800,0.0,0.0,0.0
2023-04-10 00:00:00-04:00,196.3045708486257,197.93719580529933,195.96443323503644,197.9177703857422,2545300,0.0,0.0,0.0
2023-04-11 00:00:00-04:00,198.12181091308594,198.87010465186336,197.66506153746772,198.12181091308594,3389300,0.0,0.0,0.0
2023-04-12 00:00:00-04:00,199.219953108968,199.47261697950677,196.9945269866108,197.2860565185547,2431200,0.0,0.0,0.0
2023-04-13 00:00:00-04:00,197.79141749085912,199.99741840204285,197.60677221774034,199.8516387939453,2197600,0.0,0.0,0.0
2023-04-14 00:00:00-04:00,199.54068069136923,200.67769052411202,198.06353324834626,199.2977294921875,4142000,0.0,0.0,0.0
2023-04-17 00:00:00-04:00,199.249123858124,200.10431677104015,198.68547533175322,200.09458923339844,2780400,0.0,0.0,0.0
2023-04-18 00:00:00-04:00,200.85259255329237,200.99837215853293,199.5115121221712,200.1917724609375,2784500,0.0,0.0,0.0
2023-04-19 00:00:00-04:00,199.24913271569287,200.6582466799799,199.19082680150453,200.28897094726562,2531400,0.0,0.0,0.0
2023-04-20 00:00:00-04:00,198.6952088953497,199.96827076569116,198.3162056299155,199.04505920410156,2563100,0.0,0.0,0.0
2023-04-21 00:00:00-04:00,199.18110503828743,199.45320917784076,198.1704198097492,199.219970703125,2341600,0.0,0.0,0.0
2023-04-24 00:00:00-04:00,199.12279691792318,199.64757981215178,198.34536494339315,199.2977294921875,3704400,0.0,0.0,0.0
2023-04-25 00:00:00-04:00,198.26759600247564,198.4716666823478,195.93525586114066,195.97413635253906,2606400,0.0,0.0,0.0
2023-04-26 00:00:00-04:00,196.4600461907337,196.80016894635176,194.7593879269536,195.0897979736328,2762300,0.0,0.0,0.0
2023-04-27 00:00:00-04:00,196.1684752342845,198.91868400486626,196.13932228285398,198.75347900390625,2254600,0.0,0.0,0.0
2023-04-28 00:00:00-04:00,198.24818334984334,200.48333740234375,198.24818334984334,200.48333740234375,2308700,0.0,0.0,0.0
2023-05-01 00:00:00-04:00,200.19178092936977,201.33850343057492,200.18206822003484,200.38613891601562,2838500,0.0,0.0,0.0
2023-05-02 00:00:00-04:00,199.82249851143627,200.0946026695332,196.37260332944373,197.93719482421875,2700600,0.0,0.0,0.0
2023-05-03 00:00:00-04:00,198.10240149493015,199.6961606698727,196.64469438997426,196.78074645996094,2154000,0.0,0.0,0.0
2023-05-04 00:00:00-04:00,196.14907669328127,196.32400926761764,194.55531741913538,195.31332397460938,2577600,0.0,0.0,0.0
2023-05-05 00:00:00-04:00,197.13061437311663,199.4823802664958,197.07229362771375,198.91873168945312,1941600,0.0,0.0,0.0
2023-05-08 00:00:00-04:00,199.15193274191572,199.31715259228162,198.36477329685883,199.13250732421875,2632600,0.0,0.0,0.0
2023-05-09 00:00:00-04:00,198.27732739068085,198.86041618808787,198.05381644405261,198.3162078857422,1802500,0.0,0.0,0.0
2023-05-10 00:00:00-04:00,199.82249358991916,200.1334782364074,197.3249630227786,199.19082641601562,2677600,0.0,0.0,0.0
2023-05-11 00:00:00-04:00,198.7049558143089,198.928466796875,197.7525911320753,198.928466796875,2108300,0.0,0.0,0.0
2023-05-12 00:00:00-04:00,199.2588473133885,199.49208580091621,197.2083386164706,198.46197509765625,2252400,0.0,0.0,0.0
2023-05-15 00:00:00-04:00,198.41339067523518,199.58928104596205,197.96636875672507,199.3074493408203,3240000,0.0,0.0,0.0
2023-05-16 00:00:00-04:00,198.64661395420714,199.03532992561486,197.73311510997885,197.76226806640625,1884400,0.0,0.0,0.0
2023-05-17 00:00:00-04:00,198.69521018395358,200.62909218972158,197.9080358627338,200.3278350830078,2650100,0.0,0.0,0.0
2023-05-18 00:00:00-04:00,200.19178301868814,202.4949555830345,200.0168652774505,202.32003784179688,2370200,0.0,0.0,0.0
2023-05-19 00:00:00-04:00,202.75733320882546,202.95169118425738,201.2316075316937,201.83412170410156,2683100,0.0,0.0,0.0
2023-05-22 00:00:00-04:00,201.8243973894447,202.92254146958632,201.35793527524714,202.18397521972656,2229400,0.0,0.0,0.0
2023-05-23 00:00:00-04:00,201.45511911114914,202.1256667328285,199.84191973559635,200.04600524902344,2386700,0.0,0.0,0.0
2023-05-24 00:00:00-04:00,199.2199801096383,199.34631947631175,197.94691821906892,198.50083923339844,2083700,0.0,0.0,0.0
2023-05-25 00:00:00-04:00,200.06543702297088,200.5124737278144,198.7632222305886,199.8516387939453,2230400,0.0,0.0,0.0
2023-05-26 00:00:00-04:00,200.19176978884272,202.83507978010664,200.16261683389638,202.4852294921875,2347000,0.0,0.0,0.0
2023-05-30 00:00:00-04:00,203.71943071508335,203.7680090888328,201.83412716242594,202.55325317382812,2772300,0.0,0.0,0.0
2023-05-31 00:00:00-04:00,201.63978818666143,202.11596305994303,200.48333807400928,201.33851623535156,2325400,0.0,0.0,0.0
2023-06-01 00:00:00-04:00,201.45512714053493,203.88463900950288,200.82344515746507,203.3501434326172,2696700,0.0,0.0,0.0
2023-06-02 00:00:00-04:00,204.7398082546064,207.0818611539176,204.56489052531165,206.71258544921875,3017900,0.0,0.0,0.0
2023-06-05 00:00:00-04:00,206.74175683442132,207.34427106045496,201.62034142744236,206.1683807373047,2249400,0.0,0.0,0.0
2023-06-06 00:00:00-04:00,206.022606377647,207.35397413598483,205.6727560755613,207.11102294921875,2227700,0.0,0.0,0.0
2023-06-07 00:00:00-04:00,207.32482004215157,208.0828265544171,206.40160850321934,206.70286560058594,2272800,0.0,0.0,0.0
2023-06-08 00:00:00-04:00,206.63484401053918,207.93705878689366,206.11006115354874,207.67466735839844,1943100,0.0,0.0,0.0
2023-06-09 00:00:00-04:00,208.06341322420425,209.0157777744338,207.39286554088187,207.898193359375,2084600,0.0,0.0,0.0
2023-06-12 00:00:00-04:00,208.45211105004927,209.77376605357904,208.01480189467787,209.76405334472656,2479900,0.0,0.0,0.0
2023-06-13 00:00:00-04:00,210.6678246903304,211.62991669536214,210.3568548927391,211.30921936035156,4295700,0.0,0.0,0.0
2023-06-14 00:00:00-04:00,211.41611847202174,212.3684829396342,209.61827381990392,211.30921936035156,4131000,0.0,0.0,0.0
2023-06-15 00:00:00-04:00,210.8719203645264,214.48703526064895,210.794174204242,213.88450622558594,2895100,0.0,0.0,0.0
2023-06-16 00:00:00-04:00,215.1770132670359,215.1770132670359,212.95158683858995,213.07791137695312,4762600,0.0,0.0,0.0
2023-06-20 00:00:00-04:00,212.22273891349957,212.50455578351318,210.94967698640625,212.0283660888672,3156500,0.0,0.0,0.0
2023-06-21 00:00:00-04:00,211.67852516422855,211.93118906978023,210.59009372274733,210.86219787597656,2713400,0.0,0.0,0.0
2023-06-22 00:00:00-04:00,210.40544431626913,211.45499524181898,210.07503425504896,211.42584228515625,2669100,0.0,0.0,0.0
2023-06-23 00:00:00-04:00,209.86209238407665,210.60347682039398,209.32555731858264,209.67674255371094,3327100,0.827,0.0,0.0
2023-06-26 00:00:00-04:00,209.54019291293946,210.53522032907964,208.89635076807545,208.94512939453125,2846800,0.0,0.0,0.0
2023-06-27 00:00:00-04:00,209.49140640918398,211.7936175709492,209.2963067958438,211.4912109375,2653000,0.0,0.0,0.0
2023-06-28 00:00:00-04:00,211.17900690536564,212.18378389916884,210.67175096635899,211.66676330566406,4362100,0.0,0.0,0.0
2023-06-29 00:00:00-04:00,211.58873565359065,212.7593630062857,211.35462209116773,212.6813201904297,2857900,0.0,0.0,0.0
2023-06-30 00:00:00-04:00,214.23237924099777,215.4517703129298,214.10555780627047,214.88597106933594,3443600,0.0,0.0,0.0
2023-07-03 00:00:00-04:00,214.88597360780744,215.52981567382812,214.6616098157621,215.52981567382812,2423600,0.0,0.0,0.0
2023-07-05 00:00:00-04:00,214.69090137033652,215.20792206601868,214.25192350034277,214.87625122070312,3341400,0.0,0.0,0.0
2023-07-06 00:00:00-04:00,213.1885513883644,213.1885513883644,211.52043290939437,212.9641876220703,3404300,0.0,0.0,0.0
2023-07-07 00:00:00-04:00,212.57402962056887,214.69089092702467,212.4764723719171,212.70083618164062,2771700,0.0,0.0,0.0
2023-07-10 00:00:00-04:00,212.56425834468925,213.6665927025095,212.46671598422154,213.62757873535156,2080500,0.0,0.0,0.0
2023-07-11 00:00:00-04:00,214.00801654606482,215.5200495748773,213.64706666502846,215.30545043945312,2158200,0.0,0.0,0.0
2023-07-12 00:00:00-04:00,217.11990607254174,217.63692670152466,216.42728538712674,216.9540557861328,3030200,0.0,0.0,0.0
2023-07-13 00:00:00-04:00,217.98811209064672,219.13921013032282,217.6661910579038,218.78802490234375,4113300,0.0,0.0,0.0
2023-07-14 00:00:00-04:00,219.34408076757154,219.35383053788573,218.02713240302526,218.4661102294922,2911500,0.0,0.0,0.0
2023-07-17 00:00:00-04:00,218.46611142397552,219.8415881882185,218.2807615909738,219.29530334472656,2688200,0.0,0.0,0.0
2023-07-18 00:00:00-04:00,219.19775452842438,221.36339444492413,219.03191911492706,221.04147338867188,2949500,0.0,0.0,0.0
2023-07-19 00:00:00-04:00,221.5194620396162,222.1828036395604,221.12924796452114,221.61700439453125,3106700,0.0,0.0,0.0
2023-07-20 00:00:00-04:00,221.060972053405,221.45117124732454,219.62696694377578,220.0171661376953,2651700,0.0,0.0,0.0
2023-07-21 00:00:00-04:00,220.87563634908975,220.9926931377211,219.9391522697468,219.9976806640625,2296400,0.0,0.0,0.0
2023-07-24 00:00:00-04:00,220.51468353356213,221.15852558937365,220.11471969115092,220.778076171875,2291700,0.0,0.0,0.0
2023-07-25 00:00:00-04:00,220.4854302427434,222.02674241387524,220.4854302427434,221.33412170410156,2084400,0.0,0.0,0.0
2023-07-26 00:00:00-04:00,220.88537634023604,222.1925749243772,220.5146915642665,221.4999542236328,1985600,0.0,0.0,0.0
2023-07-27 00:00:00-04:00,223.20712691736477,223.36321256963853,219.32458934922425,219.79283142089844,4730600,0.0,0.0,0.0
2023-07-28 00:00:00-04:00,221.60725944282618,222.4462011160899,221.21706024439226,222.08526611328125,2257600,0.0,0.0,0.0
2023-07-31 00:00:00-04:00,222.5339983904814,222.96322644888727,221.98771354710868,222.7583770751953,2658500,0.0,0.0,0.0
2023-08-01 00:00:00-04:00,222.07550637589182,222.41694184594164,221.50972199117678,222.15354919433594,2809500,0.0,0.0,0.0
2023-08-02 00:00:00-04:00,220.45615930848325,220.60248028522955,218.58317638040504,219.0026397705078,4239000,0.0,0.0,0.0
2023-08-03 00:00:00-04:00,218.0076109090559,219.26603084062577,217.52961913168403,218.36856079101562,2925200,0.0,0.0,0.0
2023-08-04 00:00:00-04:00,219.2367732759556,220.3098285288544,217.15892604735419,217.4418182373047,3023100,0.0,0.0,0.0
2023-08-07 00:00:00-04:00,218.24173374305107,219.20749681324756,217.75397732307914,219.1099395751953,2376600,0.0,0.0,0.0
2023-08-08 00:00:00-04:00,217.7344938016784,218.29054334423643,216.27122433407956,218.09544372558594,2796400,0.0,0.0,0.0
2023-08-09 00:00:00-04:00,218.18322617202344,218.2124903692024,216.13464305861987,216.53460693359375,2203400,0.0,0.0,0.0
2023-08-10 00:00:00-04:00,217.77349995408815,219.37334047647715,215.92001655726312,216.5736083984375,3033300,0.0,0.0,0.0
2023-08-11 00:00:00-04:00,215.68591832884684,216.96383790656748,215.3639972704281,216.3687744140625,2219700,0.0,0.0,0.0
2023-08-14 00:00:00-04:00,215.90052096287087,217.46133266303607,215.63712831350628,217.4418182373047,2435100,0.0,0.0,0.0
2023-08-15 00:00:00-04:00,216.56386091063337,216.79798936216204,214.6518491026791,214.97377014160156,2997300,0.0,0.0,0.0
2023-08-16 00:00:00-04:00,214.73964581062407,215.54932325245096,213.19833374023438,213.19833374023438,2933500,0.0,0.0,0.0
2023-08-17 00:00:00-04:00,213.91046028901644,214.1250743105721,211.2473143298964,211.45216369628906,3135900,0.0,0.0,0.0
2023-08-18 00:00:00-04:00,209.959633184714,212.23257998338997,209.76453358556634,211.696044921875,2931700,0.0,0.0,0.0
2023-08-21 00:00:00-04:00,212.08627397362048,213.32516470247447,211.06198239937285,212.9154510498047,2755400,0.0,0.0,0.0
2023-08-22 00:00:00-04:00,213.85193808694058,213.85193808694058,212.0569979321203,212.34963989257812,2892300,0.0,0.0,0.0
2023-08-23 00:00:00-04:00,212.73986004020597,215.0030422813555,212.73986004020597,214.67137145996094,2560200,0.0,0.0,0.0
2023-08-24 00:00:00-04:00,215.29568190125178,215.7249099346486,211.76433016581493,211.79359436035156,3099400,0.0,0.0,0.0
2023-08-25 00:00:00-04:00,212.64230224573706,213.87145805207768,210.7595694540156,213.23736572265625,3631000,0.0,0.0,0.0
2023-08-28 00:00:00-04:00,214.19335951718134,214.9249941406692,213.7348672956507,214.6030731201172,2364700,0.0,0.0,0.0
2023-08-29 00:00:00-04:00,214.55431444877598,217.85155288842066,214.41774323510023,217.7247314453125,3160300,0.0,0.0,0.0
2023-08-30 00:00:00-04:00,217.78324041339897,219.002631457147,217.5881408234282,218.69046020507812,2420800,0.0,0.0,0.0
2023-08-31 00:00:00-04:00,219.0026599992423,219.66600166862358,218.39784672596568,218.4563751220703,3044000,0.0,0.0,0.0
2023-09-01 00:00:00-04:00,219.82206471750774,220.25129275834624,218.47586709004926,219.17822265625,3047300,0.0,0.0,0.0
2023-09-05 00:00:00-04:00,218.76851805731047,219.13921772333984,217.8125195811325,217.8710479736328,2531500,0.0,0.0,0.0
2023-09-06 00:00:00-04:00,217.52961679167478,217.71495173051497,215.3444626388616,216.5053253173828,2473700,0.0,0.0,0.0
2023-09-07 00:00:00-04:00,214.9835328799015,216.07610254033528,214.69087603938667,215.76393127441406,2964700,0.0,0.0,0.0
2023-09-08 00:00:00-04:00,215.79319751842695,216.73943125974304,215.56881885246398,215.998046875,2244400,0.0,0.0,0.0
2023-09-11 00:00:00-04:00,217.20769818928244,217.57838295624757,216.51507750536268,217.35401916503906,2087900,0.0,0.0,0.0
2023-09-12 00:00:00-04:00,216.7004093707521,217.51008676816912,216.0273031677703,216.30044555664062,2448500,0.0,0.0,0.0
2023-09-13 00:00:00-04:00,216.35899136793438,216.8565124546322,215.68589999588468,216.32972717285156,1990000,0.0,0.0,0.0
2023-09-14 00:00:00-04:00,217.39304923645915,218.49536865868933,216.89552814580193,218.18321228027344,2002400,0.0,0.0,0.0
2023-09-15 00:00:00-04:00,217.43208471974754,217.46134891795933,215.35423733583,215.6176300048828,2638100,0.0,0.0,0.0
2023-09-18 00:00:00-04:00,215.50055952594084,216.26145840141743,215.14937428455582,215.6371307373047,2259600,0.0,0.0,0.0
2023-09-19 00:00:00-04:00,215.20790761817872,215.4615356207787,213.80316662038751,215.09085083007812,2977800,0.0,0.0,0.0
2023-09-20 00:00:00-04:00,215.71515766708384,216.0663428826017,213.10077553264105,213.18856811523438,2448400,0.0,0.0,0.0
2023-09-21 00:00:00-04:00,211.83549491208706,211.8942378057937,209.50526053040142,209.6129608154297,4190400,0.798,0.0,0.0
2023-09-22 00:00:00-04:00,210.19062357817592,210.7976683517812,208.93739202060812,209.17237854003906,3261300,0.0,0.0,0.0
2023-09-25 00:00:00-04:00,208.69261418014878,210.01438903808594,208.3009849317146,210.01438903808594,3440000,0.0,0.0,0.0
2023-09-26 00:00:00-04:00,208.6044876430415,208.9667454236467,206.5973542478531,206.98899841308594,4371900,0.0,0.0,0.0
2023-09-27 00:00:00-04:00,207.68415031659586,208.01705160445042,205.4518307800074,207.20440673828125,4407300,0.0,0.0,0.0
2023-09-28 00:00:00-04:00,206.99880185742674,209.3975646860747,206.72465838784976,208.57513427734375,2952400,0.0,0.0,0.0
2023-09-29 00:00:00-04:00,210.06334167716213,210.18082746109505,207.36104912912182,207.9680938720703,4435400,0.0,0.0,0.0
2023-10-02 00:00:00-04:00,207.76245233552442,208.39886844335823,206.33299234750223,207.6939239501953,4358100,0.0,0.0,0.0
2023-10-03 00:00:00-04:00,206.58756329514222,207.26313639010817,203.97340018744123,204.6783447265625,4389100,0.0,0.0,0.0
2023-10-04 00:00:00-04:00,204.85459511641207,206.4798849172875,204.04195021597437,206.1567840576172,3045400,0.0,0.0,0.0
2023-10-05 00:00:00-04:00,205.98055912610155,206.45051723068335,204.4140121912305,206.04908752441406,2679700,0.0,0.0,0.0
2023-10-06 00:00:00-04:00,204.68815452553866,209.30945152403896,204.20841092092274,208.50660705566406,3666300,0.0,0.0,0.0
2023-10-09 00:00:00-04:00,207.47856823476613,210.16126013689936,207.33169605213965,209.81858825683594,2869700,0.0,0.0,0.0
2023-10-10 00:00:00-04:00,210.1122985743865,212.4131464959662,210.08292712847214,211.12075805664062,3494600,0.0,0.0,0.0
2023-10-11 00:00:00-04:00,211.67882895906519,212.09984458033156,210.38644052895663,211.95297241210938,3033000,0.0,0.0,0.0
2023-10-12 00:00:00-04:00,212.0998502167204,212.18796455617667,209.06467126917678,210.24937438964844,3244200,0.0,0.0,0.0
2023-10-13 00:00:00-04:00,211.02282741474306,211.49278545374446,208.3009640734943,209.0646514892578,3267700,0.0,0.0,0.0
2023-10-16 00:00:00-04:00,210.23956638096257,211.93339941238233,210.07312321030295,211.4927978515625,3361600,0.0,0.0,0.0
2023-10-17 00:00:00-04:00,209.88710520921455,212.8341698672752,209.69129058275863,211.76695251464844,3627700,0.0,0.0,0.0
2023-10-18 00:00:00-04:00,210.61162736612593,211.12075732637692,208.14432133996877,208.6338653564453,3255000,0.0,0.0,0.0
2023-10-19 00:00:00-04:00,208.9373699100154,209.8675154470195,206.2840498383321,206.6658935546875,4322700,0.0,0.0,0.0
2023-10-20 00:00:00-04:00,206.45050875544433,206.63653787703947,204.02237455180327,204.11048889160156,4446600,0.0,0.0,0.0
2023-10-23 00:00:00-04:00,203.3272126142932,205.57911810686144,202.33833906663884,203.55239868164062,5473000,0.0,0.0,0.0
2023-10-24 00:00:00-04:00,204.6979550886645,205.81411491880922,203.76780944712826,205.08958435058594,3180900,0.0,0.0,0.0
2023-10-25 00:00:00-04:00,204.09089178667952,204.1790061216593,201.78024349579297,202.0446014404297,3454500,0.0,0.0,0.0
2023-10-26 00:00:00-04:00,201.61378733468803,202.04458841975622,199.37168251974214,199.9493408203125,4133400,0.0,0.0,0.0
2023-10-27 00:00:00-04:00,200.71303514689967,200.82073542188343,198.20657231785574,198.87234497070312,4290700,0.0,0.0,0.0
2023-10-30 00:00:00-04:00,200.25286204676203,201.67253662055353,199.49896012396917,201.16342163085938,3562700,0.0,0.0,0.0
2023-10-31 00:00:00-04:00,201.32987593140814,202.67122174875217,200.53681701926465,202.46560668945312,3325300,0.0,0.0,0.0
2023-11-01 00:00:00-04:00,202.8082922364432,204.84479711453463,202.543934287444,204.49232482910156,5789300,0.0,0.0,0.0
2023-11-02 00:00:00-04:00,206.44070803563991,208.65344150797765,206.44070803563991,208.55552673339844,4111600,0.0,0.0,0.0
2023-11-03 00:00:00-04:00,209.83816257821715,211.6788379929693,209.78920518672038,210.90536499023438,4216600,0.0,0.0,0.0
2023-11-06 00:00:00-05:00,211.31657007906645,211.55155658319143,209.98500976842027,210.99346923828125,2915000,0.0,0.0,0.0
2023-11-07 00:00:00-05:00,210.87600034891983,211.9725742432854,210.40602730302132,211.62010192871094,3194300,0.0,0.0,0.0
2023-11-08 00:00:00-05:00,211.81589956342032,212.1879577933082,210.5039251965599,211.59071350097656,2813800,0.0,0.0,0.0
2023-11-09 00:00:00-05:00,212.09983278872357,212.24669000908358,209.58356952211162,209.7891845703125,2771200,0.0,0.0,0.0
2023-11-10 00:00:00-05:00,210.60184248258346,213.0593480742217,209.96542629547628,212.91249084472656,3303400,0.0,0.0,0.0
2023-11-13 00:00:00-05:00,212.27607207082525,213.30411748385694,211.8158995044177,212.7852020263672,2829400,0.0,0.0,0.0
2023-11-14 00:00:00-05:00,215.89869079918816,218.12122475566008,215.89869079918816,217.50439453125,4055100,0.0,0.0,0.0
2023-11-15 00:00:00-05:00,218.19956538978508,219.11991055544266,217.64147802519344,218.04290771484375,2819200,0.0,0.0,0.0
2023-11-16 00:00:00-05:00,217.65128510673037,218.21915799094225,216.96592643257765,217.89605712890625,2754500,0.0,0.0,0.0
2023-11-17 00:00:00-05:00,218.2093494266661,218.76743678750984,217.76876279108836,218.4443359375,3123700,0.0,0.0,0.0
2023-11-20 00:00:00-05:00,218.44431178837826,220.53955939099788,218.33661151694795,220.08917236328125,2875600,0.0,0.0,0.0
2023-11-21 00:00:00-05:00,219.56048669126986,219.73671536237532,218.933870961177,219.491943359375,2513800,0.0,0.0,0.0
2023-11-22 00:00:00-05:00,220.1479405631565,221.0388992800315,219.834625235251,220.43186950683594,2880400,0.0,0.0,0.0
2023-11-24 00:00:00-05:00,220.33396882507037,220.72561301000286,220.3045973786627,220.6668701171875,1219500,0.0,0.0,0.0
2023-11-27 00:00:00-05:00,220.41229075701096,220.81372043160405,220.06961891309055,220.38291931152344,2410000,0.0,0.0,0.0
2023-11-28 00:00:00-05:00,220.06961689386364,221.18577663124148,219.75630155860793,220.51998901367188,2761900,0.0,0.0,0.0
2023-11-29 00:00:00-05:00,221.6459500688741,222.43900897229148,220.40250410417042,220.61790466308594,2653700,0.0,0.0,0.0
2023-11-30 00:00:00-05:00,221.00954216834046,221.65574386928006,220.1185833936853,221.52845764160156,3148000,0.0,0.0,0.0
2023-12-01 00:00:00-05:00,221.26410906168678,223.5551714641196,220.872464886251,223.3985137939453,4074400,0.0,0.0,0.0
2023-12-04 00:00:00-05:00,221.84178583811808,222.67400176810466,221.3522417829381,222.59568786621094,3837800,0.0,0.0,0.0
2023-12-05 00:00:00-05:00,221.84177036916736,222.693572185081,221.47951257429796,222.1648712158203,3019000,0.0,0.0,0.0
2023-12-06 00:00:00-05:00,223.12437830283244,223.38873626322257,221.15641667252385,221.22494506835938,3172900,0.0,0.0,0.0
2023-12-07 00:00:00-05:00,222.24319854059024,223.28102946779458,221.9690550858456,222.99708557128906,2724300,0.0,0.0,0.0
2023-12-08 00:00:00-05:00,222.60545400130792,224.2992721017448,222.51733966456962,224.06430053710938,2741500,0.0,0.0,0.0
2023-12-11 00:00:00-05:00,223.90764651798204,225.02380628729034,223.73140290193447,224.98463439941406,3076600,0.0,0.0,0.0
2023-12-12 00:00:00-05:00,224.78884008789626,225.95395735246467,224.1720247252477,225.8364715576172,3214900,0.0,0.0,0.0
2023-12-13 00:00:00-05:00,225.94414662635722,229.52759742646302,225.72874606671672,229.34158325195312,4231100,0.0,0.0,0.0
2023-12-14 00:00:00-05:00,230.7318860938254,231.6326452783495,229.29262551102678,230.7025146484375,5014500,0.0,0.0,0.0
2023-12-15 00:00:00-05:00,229.88007596509846,231.0060361828861,229.7234332317602,230.3892059326172,4297900,0.0,0.0,0.0
2023-12-18 00:00:00-05:00,230.92769061528725,231.86762164570712,230.88853366971418,231.3878631591797,3855100,0.0,0.0,0.0
2023-12-19 00:00:00-05:00,231.76972117338306,233.12086744432767,231.76972117338306,233.08169555664062,3731700,0.0,0.0,0.0
2023-12-20 00:00:00-05:00,232.76839157928592,233.69852221164984,229.53739812081858,229.60592651367188,5149700,0.0,0.0,0.0
2023-12-21 00:00:00-05:00,231.15167375762115,232.22345560180443,230.14871436940098,232.14479064941406,4427000,1.002,0.0,0.0
2023-12-22 00:00:00-05:00,232.63644127090063,233.55090823738703,231.70231931867048,232.67578125,3661900,0.0,0.0,0.0
2023-12-26 00:00:00-05:00,233.01991315764204,234.32768983398304,232.90192323321602,233.8262176513672,3829400,0.0,0.0,0.0
2023-12-27 00:00:00-05:00,234.0228696745065,234.4555193972026,233.50172750956935,234.26869201660156,5103700,0.0,0.0,0.0
2023-12-28 00:00:00-05:00,234.26870098707633,234.75051819740193,234.1507110595703,234.1507110595703,4099400,0.0,0.0,0.0
2023-12-29 00:00:00-05:00,234.1605448877244,234.48503220095094,232.52828082863562,233.25592041015625,4187500,0.0,0.0,0.0
2024-01-02 00:00:00-05:00,231.71214460958043,232.55777410650987,230.846860127094,231.69248962402344,4847600,0.0,0.0,0.0
2024-01-03 00:00:00-05:00,230.6108493459442,230.8173467104832,229.21458027369505,229.47023010253906,3925500,0.0,0.0,0.0
2024-01-04 00:00:00-05:00,229.36209703907215,230.6305488611995,228.77213235763728,228.8802947998047,3681900,0.0,0.0,0.0
2024-01-05 00:00:00-05:00,228.81143127962267,230.47319270014486,228.51644147059304,229.2244110107422,3305100,0.0,0.0,0.0
2024-01-08 00:00:00-05:00,229.37192615737598,232.60694173273347,229.36208366078517,232.498779296875,4156600,0.0,0.0,0.0
2024-01-09 00:00:00-05:00,231.22050208687736,232.60694377583945,230.8173648258692,232.06613159179688,4524800,0.0,0.0,0.0
2024-01-10 00:00:00-05:00,232.17429520383126,233.68856932681547,231.84980789176322,233.2657470703125,3343400,0.0,0.0,0.0
2024-01-11 00:00:00-05:00,233.5508909035785,233.88520568208122,230.99433258887652,233.10841369628906,3375600,0.0,0.0,0.0
2024-01-12 00:00:00-05:00,234.00320783355053,234.38669010041863,232.46927876607808,233.1477508544922,3049500,0.0,0.0,0.0
2024-01-16 00:00:00-05:00,232.34145143025384,232.9511010758136,231.1713496187147,232.06613159179688,3646700,0.0,0.0,0.0
2024-01-17 00:00:00-05:00,230.4928606994471,230.9451653994252,229.5292263313454,230.6698455810547,3336600,0.0,0.0,0.0
2024-01-18 00:00:00-05:00,231.70231708517474,233.00026631443586,230.69935768109167,232.7052764892578,3509900,0.0,0.0,0.0
2024-01-19 00:00:00-05:00,233.4132461588437,235.73380977864375,232.80359651889066,235.53713989257812,3850100,0.0,0.0,0.0
2024-01-22 00:00:00-05:00,236.52041344187222,237.36604288228986,236.03861126322582,236.55975341796875,3952700,0.0,0.0,0.0
2024-01-23 00:00:00-05:00,236.99241638183594,237.13990379093156,236.0484519522072,236.99241638183594,3015300,0.0,0.0,0.0
2024-01-24 00:00:00-05:00,238.60501324419218,238.81149561938346,236.82526180216394,236.9530792236328,3003000,0.0,0.0,0.0
2024-01-25 00:00:00-05:00,238.14287374733436,238.50668604177798,237.04159436709017,238.2707061767578,2993900,0.0,0.0,0.0
2024-01-26 00:00:00-05:00,238.26086303970777,238.95900514739805,237.6905533610975,238.07403564453125,2858200,0.0,0.0,0.0
2024-01-29 00:00:00-05:00,238.29035034902194,240.25692915524408,238.08386797649976,240.23727416992188,3463400,0.0,0.0,0.0
2024-01-30 00:00:00-05:00,239.99143102548805,240.24708084677656,239.49978636653026,239.90292358398438,3098900,0.0,0.0,0.0
2024-01-31 00:00:00-05:00,238.78200413948545,239.17532891798461,235.8518058077461,235.86163330078125,3884500,0.0,0.0,0.0
2024-02-01 00:00:00-05:00,236.8744100124353,239.03765869140625,236.02878052987543,239.03765869140625,3986800,0.0,0.0,0.0
2024-02-02 00:00:00-05:00,238.89999709713757,241.89901773737265,238.6345047604375,241.0828857421875,3875800,0.0,0.0,0.0
2024-02-05 00:00:00-05:00,240.73873798917984,240.89606788911766,238.68366680908406,239.94227600097656,3324800,0.0,0.0,0.0
2024-02-06 00:00:00-05:00,240.39458032427316,240.9255649847633,239.82427069076397,240.75840759277344,2568400,0.0,0.0,0.0
2024-02-07 00:00:00-05:00,241.88920912134031,242.96099104051723,241.28940194572456,242.6561737060547,2305700,0.0,0.0,0.0
2024-02-08 00:00:00-05:00,242.6856413060798,243.33461587594238,242.39065150125091,243.25595092773438,2668200,0.0,0.0,0.0
2024-02-09 00:00:00-05:00,243.60996104993222,244.9865602773498,243.37396618074368,244.74073791503906,2367700,0.0,0.0,0.0
2024-02-12 00:00:00-05:00,244.87838014854722,246.15665934098544,244.5637353494977,244.97671508789062,2769700,0.0,0.0,0.0
2024-02-13 00:00:00-05:00,241.50571022878137,242.20385230472937,239.2834815852806,241.0533905029297,5832600,0.0,0.0,0.0
2024-02-14 00:00:00-05:00,242.74464723209007,243.88526652692585,241.50570800040632,243.71810913085938,2606900,0.0,0.0,0.0
2024-02-15 00:00:00-05:00,244.19009496938378,245.76336406872565,243.87545015179907,245.59620666503906,3181900,0.0,0.0,0.0
2024-02-16 00:00:00-05:00,245.43885168571188,246.0484862726321,243.95409019016554,244.30807495117188,2907800,0.0,0.0,0.0
2024-02-20 00:00:00-05:00,243.4132864969557,243.60994137015646,241.6531901228669,242.77413940429688,3445100,0.0,0.0,0.0
2024-02-21 00:00:00-05:00,241.93836400783508,242.86265846024912,241.03373954482294,242.8233184814453,2174900,0.0,0.0,0.0
2024-02-22 00:00:00-05:00,245.78301880646353,247.9954199004817,245.43886152364976,247.62176513671875,3873000,0.0,0.0,0.0
2024-02-23 00:00:00-05:00,248.24126017659106,248.69356491968836,247.32679318969272,247.7889404296875,2856000,0.0,0.0,0.0
2024-02-26 00:00:00-05:00,247.80860578871093,248.22158554791937,247.00230125610926,247.04164123535156,2585800,0.0,0.0,0.0
2024-02-27 00:00:00-05:00,247.58243227958994,247.88726459783962,246.75647278165002,247.7299346923828,2024600,0.0,0.0,0.0
2024-02-28 00:00:00-05:00,246.90397581639598,247.74960530559954,246.7761433924146,247.31695556640625,2192200,0.0,0.0,0.0
2024-02-29 00:00:00-05:00,248.4575576083057,249.06720723697498,246.9236285497417,248.35923767089844,2610400,0.0,0.0,0.0
2024-03-01 00:00:00-05:00,248.81152315751498,250.80761428243116,248.4575384018407,250.64044189453125,3691300,0.0,0.0,0.0
2024-03-04 00:00:00-05:00,250.5224704839004,251.30910499948746,250.2766481355173,250.39463806152344,4966800,0.0,0.0,0.0
2024-03-05 00:00:00-05:00,249.44086317719587,249.61786308209318,246.7171621739215,247.73977661132812,3134800,0.0,0.0,0.0
2024-03-06 00:00:00-05:00,249.62765645162165,250.2569610202638,248.45753975278598,249.20484924316406,2501700,0.0,0.0,0.0
2024-03-07 00:00:00-05:00,250.73880895943896,252.08591070047362,250.39465165150153,251.63360595703125,2940900,0.0,0.0,0.0
2024-03-08 00:00:00-05:00,252.13508051522308,253.4035022325429,249.7948319441041,250.17831420898438,3671100,0.0,0.0,0.0
2024-03-11 00:00:00-04:00,249.64732932805606,250.09964902503506,248.47721261568017,249.77516174316406,3038700,0.0,0.0,0.0
2024-03-12 00:00:00-04:00,250.72898121143393,252.44972273795284,249.41136195103505,252.2432403564453,4380100,0.0,0.0,0.0
2024-03-13 00:00:00-04:00,252.28257340315227,252.57754822577078,251.20094904086503,251.92857360839844,2667400,0.0,0.0,0.0
2024-03-14 00:00:00-04:00,252.40056053138153,252.5775454229887,249.4801897894183,250.9551239013672,3664100,0.0,0.0,0.0
2024-03-15 00:00:00-04:00,249.36218974221248,250.39463157563424,248.47722030867305,249.47035217285156,3216100,0.0,0.0,0.0
2024-03-18 00:00:00-04:00,251.30910970821938,251.9285718351639,250.55197265994752,250.73880004882812,3455400,0.0,0.0,0.0
2024-03-19 00:00:00-04:00,250.17831583304869,252.26288456810389,249.9226659894041,252.18423461914062,2900200,0.0,0.0,0.0
2024-03-20 00:00:00-04:00,252.17438283775664,254.86861611042463,251.90890551121774,254.74078369140625,2480800,0.0,0.0,0.0
2024-03-21 00:00:00-04:00,256.29438017040474,256.70737492829903,255.69458803055213,255.7929229736328,3723200,0.0,0.0,0.0
2024-03-22 00:00:00-04:00,255.7544037285378,256.01096702937747,254.9156645714617,255.07354736328125,2463200,0.911,0.0,0.0
2024-03-25 00:00:00-04:00,254.6788580709359,255.06367291310684,254.3729695689582,254.50125122070312,2714400,0.0,0.0,0.0
2024-03-26 00:00:00-04:00,255.36959798856776,255.39919913451263,253.86975640558074,254.04736328125,2591500,0.0,0.0,0.0
2024-03-27 00:00:00-04:00,255.69523945141054,256.40569706366676,254.59008985747147,256.28729248046875,4030200,0.0,0.0,0.0
2024-03-28 00:00:00-04:00,256.35630606231354,257.12596585903765,256.31685794878376,256.4549865722656,2669100,0.0,0.0,0.0
2024-04-01 00:00:00-04:00,256.86943692566126,256.9286392100008,255.25116085220793,256.2576599121094,3292300,0.0,0.0,0.0
2024-04-02 00:00:00-04:00,254.08679582731105,254.08679582731105,252.79416249836083,253.88943481445312,3213400,0.0,0.0,0.0
2024-04-03 00:00:00-04:00,253.32705110531302,255.01437659977302,253.2579717291545,254.28419494628906,3241600,0.0,0.0,0.0
2024-04-04 00:00:00-04:00,256.20831041294446,256.54380006950214,251.0673778523852,251.23512268066406,3121300,0.0,0.0,0.0
2024-04-05 00:00:00-04:00,251.7285029269751,254.77755624279249,251.61996038102,253.77105712890625,4177700,0.0,0.0,0.0
2024-04-08 00:00:00-04:00,254.38281310629284,254.7183328585098,253.69210977146966,254.06707763671875,3223800,0.0,0.0,0.0
2024-04-09 00:00:00-04:00,254.92553183686132,255.0735375381588,252.01462255474058,254.43215942382812,2944100,0.0,0.0,0.0
2024-04-10 00:00:00-04:00,251.34367630991346,252.64618687851888,250.55427733407984,251.59036254882812,3348900,0.0,0.0,0.0
2024-04-11 00:00:00-04:00,252.36001983166946,254.0177441131053,250.51481160152846,253.2974395751953,3434200,0.0,0.0,0.0
2024-04-12 00:00:00-04:00,251.88636894382927,252.25145973019457,248.8175917743878,249.64645385742188,3571000,0.0,0.0,0.0
2024-04-15 00:00:00-04:00,251.61996510793844,251.82718817466665,245.95604361025482,246.57769775390625,4804300,0.0,0.0,0.0
2024-04-16 00:00:00-04:00,246.57768992298855,247.32761064933806,245.17651392935687,245.83763122558594,3466800,0.0,0.0,0.0
2024-04-17 00:00:00-04:00,247.12039825043362,247.60389362128956,243.70625422893258,244.39697265625,2861400,0.0,0.0,0.0
2024-04-18 00:00:00-04:00,245.02851880407945,246.22247178917374,243.38064145021644,243.8937530517578,2991700,0.0,0.0,0.0
2024-04-19 00:00:00-04:00,243.7950684610932,244.40684547796891,241.32820622332702,241.9794464111328,3467600,0.0,0.0,0.0
2024-04-22 00:00:00-04:00,243.32142824177313,245.581082559107,242.1274753102579,244.35751342773438,3112000,0.0,0.0,0.0
2024-04-23 00:00:00-04:00,245.27518823246072,247.62363086762645,244.9791617496911,247.26840209960938,2399000,0.0,0.0,0.0
2024-04-24 00:00:00-04:00,247.88018070656747,248.17619211671627,245.99549442711864,247.3275909423828,2285900,0.0,0.0,0.0
2024-04-25 00:00:00-04:00,244.03188597523402,246.57768969876793,243.1635456196474,246.1533966064453,2473300,0.0,0.0,0.0
2024-04-26 00:00:00-04:00,247.53482346200974,249.1925476484292,247.12039241540487,248.442626953125,3238100,0.0,0.0,0.0
2024-04-29 00:00:00-04:00,249.3997860316615,249.7648768449526,248.0183491247225,249.41952514648438,2086000,0.0,0.0,0.0
2024-04-30 00:00:00-04:00,248.60051383042767,248.98534374120257,245.26531123269027,245.3146514892578,2502700,0.0,0.0,0.0
2024-05-01 00:00:00-04:00,245.16663689376009,248.6399679935968,244.3180357037533,244.70286560058594,3509500,0.0,0.0,0.0
2024-05-02 00:00:00-04:00,246.814522201028,247.59404409625304,244.3279206805771,247.2388153076172,2580200,0.0,0.0,0.0
2024-05-03 00:00:00-04:00,250.23851296396867,251.02789683969348,248.85706106838566,250.16943359375,2350200,0.0,0.0,0.0
2024-05-06 00:00:00-04:00,251.42260121538416,252.85337829589844,251.2449793056235,252.85337829589844,2811500,0.0,0.0,0.0
2024-05-07 00:00:00-04:00,253.1888650068839,253.76119390028606,252.7448478789656,253.08033752441406,1829900,0.0,0.0,0.0
2024-05-08 00:00:00-04:00,252.0935869591013,253.149396189972,251.9455812442936,252.9027099609375,2600100,0.0,0.0,0.0
2024-05-09 00:00:00-04:00,252.90270576051046,254.46177956543045,252.6066943358115,254.3927001953125,2418700,0.0,0.0,0.0
2024-05-10 00:00:00-04:00,255.24129316093698,255.59650683813993,254.0374632886461,254.62948608398438,1922500,0.0,0.0,0.0
2024-05-13 00:00:00-04:00,255.64585698524124,255.64585698524124,254.14601556889195,254.76766967773438,1948400,0.0,0.0,0.0
2024-05-14 00:00:00-04:00,254.80715629868374,256.22807141910835,254.65912046746246,256.010986328125,2466800,0.0,0.0,0.0
2024-05-15 00:00:00-04:00,257.39240962801864,259.24749483245415,256.98784061104584,259.15869140625,2508700,0.0,0.0,0.0
2024-05-16 00:00:00-04:00,259.1981886879607,259.7902417546932,258.3890505005286,258.4581298828125,2445000,0.0,0.0,0.0
2024-05-17 00:00:00-04:00,258.67517543656703,258.82318115234375,257.7772339434346,258.82318115234375,2208700,0.0,0.0,0.0
2024-05-20 00:00:00-04:00,258.9514408776417,259.8691063507979,258.73435580853413,259.089599609375,2366100,0.0,0.0,0.0
2024-05-21 00:00:00-04:00,258.7244947507307,259.671761312961,258.65541538862504,259.6224060058594,2241900,0.0,0.0,0.0
2024-05-22 00:00:00-04:00,259.37573321417045,259.58297131119747,257.6686839197406,258.7442321777344,2356600,0.0,0.0,0.0
2024-05-23 00:00:00-04:00,260.36249060714704,260.421723004199,255.99121799867993,256.5437927246094,6603000,0.0,0.0,0.0
2024-05-24 00:00:00-04:00,257.57994062569475,258.7344154903371,256.9977646499493,258.39892578125,3122900,0.0,0.0,0.0
2024-05-28 00:00:00-04:00,258.99097884384406,258.99097884384406,257.03721277120445,258.39892578125,3078100,0.0,0.0,0.0
2024-05-29 00:00:00-04:00,256.17872426555357,256.91878299297343,255.99124031222857,256.27740478515625,3179000,0.0,0.0,0.0
2024-05-30 00:00:00-04:00,255.843215972699,256.17870562448246,254.33349748314126,255.02423095703125,3031200,0.0,0.0,0.0
2024-05-31 00:00:00-04:00,255.5669388844609,257.1457368075186,252.85339030557185,256.98785400390625,3407400,0.0,0.0,0.0
2024-06-03 00:00:00-04:00,258.1916761097575,258.1916761097575,254.65911247759476,257.0667724609375,6203400,0.0,0.0,0.0
2024-06-04 00:00:00-04:00,256.39579224516075,257.4318924622132,255.51760493938286,257.03717041015625,2489800,0.0,0.0,0.0
2024-06-05 00:00:00-04:00,258.32982064742424,260.1849060058594,257.2444252727824,260.1849060058594,2384000,0.0,0.0,0.0
2024-06-06 00:00:00-04:00,260.15530822328566,260.46119675835644,259.11923803844155,259.9579772949219,2190200,0.0,0.0,0.0
2024-06-07 00:00:00-04:00,259.40539732074456,260.7966812166271,258.7738660912642,259.464599609375,1838900,0.0,0.0,0.0
2024-06-10 00:00:00-04:00,258.85279878160065,260.5006761570406,258.7245472284694,260.3329162597656,2142700,0.0,0.0,0.0
2024-06-11 00:00:00-04:00,259.5139147246853,260.84602639322355,258.4087652291193,260.7769470214844,3017300,0.0,0.0,0.0
2024-06-12 00:00:00-04:00,263.54971337497824,264.6548629356631,262.68137297356384,263.23394775390625,2762600,0.0,0.0,0.0
2024-06-13 00:00:00-04:00,263.9246547387252,264.25026729997,261.9807661170629,263.35235595703125,2285200,0.0,0.0,0.0
2024-06-14 00:00:00-04:00,262.33598365212646,263.1549987792969,261.72420663456654,263.1549987792969,2205600,0.0,0.0,0.0
2024-06-17 00:00:00-04:00,262.87870282792625,265.82906033506237,262.5136120463418,265.1580810546875,2452000,0.0,0.0,0.0
2024-06-18 00:00:00-04:00,265.2962203652442,265.96722978571654,265.0988894523351,265.8290710449219,2024300,0.0,0.0,0.0
2024-06-20 00:00:00-04:00,266.36191099327226,266.6085972092686,264.2009373320991,265.1580810546875,3168600,0.0,0.0,0.0
2024-06-21 00:00:00-04:00,264.8620976443716,265.2469125232191,263.914800793383,264.7535400390625,2679400,0.0,0.0,0.0
2024-06-24 00:00:00-04:00,264.7831271601746,266.2040422483366,264.23055241623,264.3094787597656,2226500,0.0,0.0,0.0
2024-06-25 00:00:00-04:00,264.81273511749026,265.1778259277344,263.94439475092815,265.1778259277344,2074800,0.0,0.0,0.0
2024-06-26 00:00:00-04:00,264.42791007239805,265.5330595461933,264.08254333357087,265.16796875,1857500,0.0,0.0,0.0
2024-06-27 00:00:00-04:00,265.0593904675798,266.0165341537757,264.9311088220491,265.809326171875,2655400,0.0,0.0,0.0
2024-06-28 00:00:00-04:00,266.7421392199693,267.7720018962441,264.3457646050089,264.9002990722656,2822800,0.952,0.0,0.0
2024-07-01 00:00:00-04:00,265.870738076944,265.870738076944,264.1279282937195,265.4350280761719,2881000,0.0,0.0,0.0
2024-07-02 00:00:00-04:00,264.8507720401969,266.9996157926636,264.6428291673331,266.96990966796875,4207800,0.0,0.0,0.0
2024-07-03 00:00:00-04:00,266.97978636193625,268.2572101386529,266.97978636193625,268.0690612792969,1948500,0.0,0.0,0.0
2024-07-05 00:00:00-04:00,268.1779958805611,269.60395023531873,267.7620799354815,269.4653015136719,4237500,0.0,0.0,0.0
2024-07-08 00:00:00-04:00,269.99013829211543,270.25752362941876,269.25736708292345,269.8316955566406,2335000,0.0,0.0,0.0
2024-07-09 00:00:00-04:00,270.1585124113043,270.5149859266517,269.6534780446981,269.7624206542969,2702100,0.0,0.0,0.0
2024-07-10 00:00:00-04:00,270.5446895923739,272.5251785792627,270.18821608026855,272.37664794921875,1992600,0.0,0.0,0.0
2024-07-11 00:00:00-04:00,273.05988232181465,273.56491661586557,270.77242026736934,271.1585998535156,3598000,0.0,0.0,0.0
2024-07-12 00:00:00-04:00,271.6735649952412,274.65418017543567,271.66365288060075,272.95098876953125,2729500,0.0,0.0,0.0
2024-07-15 00:00:00-04:00,274.09965208861735,275.58501876587474,273.18864411635576,274.1194763183594,3386100,0.0,0.0,0.0
2024-07-16 00:00:00-04:00,274.8918611310754,276.4861401654921,274.69380015618026,276.3772277832031,3261100,0.0,0.0,0.0
2024-07-17 00:00:00-04:00,273.54515888003436,274.56510961015834,272.30735312891943,272.4757080078125,3346100,0.0,0.0,0.0
2024-07-18 00:00:00-04:00,273.3074729799279,273.852095349008,268.9999035031195,270.0990905761719,2904200,0.0,0.0,0.0
2024-07-19 00:00:00-04:00,269.9010160404459,270.66349336283923,267.86111495780165,268.4156494140625,2414200,0.0,0.0,0.0
2024-07-22 00:00:00-04:00,270.11889151204645,271.475521631878,269.24747152328536,271.21807861328125,2527300,0.0,0.0,0.0
2024-07-23 00:00:00-04:00,271.19822575077455,272.4558554644511,270.8912524080331,271.0199890136719,2229500,0.0,0.0,0.0
2024-07-24 00:00:00-04:00,268.6929340381576,268.96028916906585,264.4744828757583,264.92010498046875,3050700,0.0,0.0,0.0
2024-07-25 00:00:00-04:00,265.08845191483874,268.42557088323423,263.35552412366553,263.900146484375,3237800,0.0,0.0,0.0
2024-07-26 00:00:00-04:00,266.0193068381083,268.34635732340433,265.6330969632696,267.0590515136719,2757900,0.0,0.0,0.0
2024-07-29 00:00:00-04:00,268.0888956019969,268.43545698977886,266.14799468713085,267.0788269042969,2814400,0.0,0.0,0.0
2024-07-30 00:00:00-04:00,267.86112763356,268.50478049147955,264.2665353924306,265.9697570800781,2174100,0.0,0.0,0.0
2024-07-31 00:00:00-04:00,269.2870908389581,271.6141714500788,268.4552890881484,269.91094970703125,2541500,0.0,0.0,0.0
2024-08-01 00:00:00-04:00,270.58430902194283,271.8320267595185,264.00907105106256,265.6825866699219,3767300,0.0,0.0,0.0
2024-08-02 00:00:00-04:00,261.9196633153049,262.18701844407525,258.146834287785,260.33526611328125,4744200,0.0,0.0,0.0
2024-08-05 00:00:00-04:00,248.75931052096163,255.8098309348069,248.55135254178018,252.69056701660156,8463400,0.0,0.0,0.0
2024-08-06 00:00:00-04:00,254.06701962057318,258.8102686626072,253.03715695601656,255.2552947998047,5255200,0.0,0.0,0.0
2024-08-07 00:00:00-04:00,258.52312742694386,259.7906391220562,253.0668708030516,253.30453491210938,3398500,0.0,0.0,0.0
2024-08-08 00:00:00-04:00,256.15643841180514,259.61241224478766,254.98795716185018,259.2361145019531,2922800,0.0,0.0,0.0
2024-08-09 00:00:00-04:00,259.18656065755755,261.06804920122744,258.25572850011906,260.3550720214844,2667400,0.0,0.0,0.0
2024-08-12 00:00:00-04:00,261.058126418138,261.414599883511,259.2063742933332,260.18670654296875,2548500,0.0,0.0,0.0
2024-08-13 00:00:00-04:00,261.8305450574926,264.60321749739086,261.7216024509985,264.51409912109375,2316200,0.0,0.0,0.0
2024-08-14 00:00:00-04:00,265.0389260082787,265.85093372539416,263.53376529497865,265.2666931152344,2335300,0.0,0.0,0.0
2024-08-15 00:00:00-04:00,268.2968466678552,270.1089808021994,267.9403429342963,269.8614196777344,3031600,0.0,0.0,0.0
2024-08-16 00:00:00-04:00,269.24746661203517,270.8714820559875,269.0791419744688,270.5050964355469,2571900,0.0,0.0,0.0
2024-08-19 00:00:00-04:00,270.9506805005364,273.0995242452639,270.3565277889175,273.0599060058594,2660000,0.0,0.0,0.0
2024-08-20 00:00:00-04:00,272.9906066234121,273.6144655167086,271.7528009525429,272.3964538574219,2041900,0.0,0.0,0.0
2024-08-21 00:00:00-04:00,273.07969888814176,274.1986799427672,272.26772141280605,273.7629699707031,1983700,0.0,0.0,0.0
2024-08-22 00:00:00-04:00,274.46606445209216,274.881950193346,270.94076644700834,271.44580078125,2554300,0.0,0.0,0.0
2024-08-23 00:00:00-04:00,273.0499693854327,275.1195764656086,272.64396557259533,274.8819274902344,2281800,0.0,0.0,0.0
2024-08-26 00:00:00-04:00,275.4167057571972,275.8127975105451,273.56495338990106,274.1888122558594,2263800,0.0,0.0,0.0
2024-08-27 00:00:00-04:00,273.40650812450633,274.67401985545496,272.92126777775377,274.4363708496094,1787900,0.0,0.0,0.0
2024-08-28 00:00:00-04:00,274.09965374209645,274.3769209813959,271.2477750892431,272.7628479003906,1856400,0.0,0.0,0.0
2024-08-29 00:00:00-04:00,273.7828078862323,275.5949420089185,272.55488416727775,273.03021240234375,3018000,0.0,0.0,0.0
2024-08-30 00:00:00-04:00,274.02043624706914,275.8127762240281,272.396420897857,275.66424560546875,2029300,0.0,0.0,0.0
2024-09-03 00:00:00-04:00,274.09967891585006,274.29773991348105,268.51471537706806,269.73272705078125,3818900,0.0,0.0,0.0
2024-09-04 00:00:00-04:00,268.36615425527106,270.8714714694124,268.33644813098726,269.1286315917969,2946700,0.0,0.0,0.0
2024-09-05 00:00:00-04:00,269.14840962366696,270.35650897259444,267.19762699187083,268.29681396484375,3997800,0.0,0.0,0.0
2024-09-06 00:00:00-04:00,268.53447769495676,269.3861036204179,263.41493090696594,263.8407287597656,3599900,0.0,0.0,0.0
2024-09-09 00:00:00-04:00,265.77171939878343,267.4154985734885,264.9695936011919,266.6629333496094,2969800,0.0,0.0,0.0
2024-09-10 00:00:00-04:00,267.4947548679434,267.85122838673686,265.0587618299289,267.70269775390625,1874700,0.0,0.0,0.0
2024-09-11 00:00:00-04:00,267.5839006495572,270.69325302139305,263.32586089975985,270.3664855957031,2640200,0.0,0.0,0.0
2024-09-12 00:00:00-04:00,270.7625360211163,272.86184944560483,269.495024318414,272.6142883300781,2422000,0.0,0.0,0.0
2024-09-13 00:00:00-04:00,273.3074949264884,274.9909227440542,273.0698459056049,274.5155944824219,2474700,0.0,0.0,0.0
2024-09-16 00:00:00-04:00,274.41652783737527,275.1691232641943,273.55502003028573,275.0601806640625,2065700,0.0,0.0,0.0
2024-09-17 00:00:00-04:00,276.25841370505333,277.0505971947865,274.2680126457801,275.33746337890625,2133600,0.0,0.0,0.0
2024-09-18 00:00:00-04:00,275.65435613599266,278.3181162538097,274.3868443870579,274.6443176269531,3389900,0.0,0.0,0.0
2024-09-19 00:00:00-04:00,279.3479617502566,280.2391756996754,277.8625950946046,279.2984313964844,2660200,0.0,0.0,0.0
2024-09-20 00:00:00-04:00,278.93205787525517,279.26873737207353,277.3476606632733,278.7142028808594,2293600,0.0,0.0,0.0
2024-09-23 00:00:00-04:00,279.4469973901665,279.8034708885616,278.7141959436945,279.4073791503906,1920800,0.0,0.0,0.0
2024-09-24 00:00:00-04:00,280.00153073112097,280.1302673449731,278.3973395551289,280.1104431152344,1952100,0.0,0.0,0.0
2024-09-25 00:00:00-04:00,280.18967069459643,280.3877014466567,278.75380419781766,279.18951416015625,1744200,0.0,0.0,0.0
2024-09-26 00:00:00-04:00,281.4967945124599,281.57603099597117,279.33806874467035,280.437255859375,2616800,0.0,0.0,0.0
2024-09-27 00:00:00-04:00,281.2824977934491,281.54076532017166,279.57402172847134,280.1600646972656,2644100,0.871,0.0,0.0
2024-09-30 00:00:00-04:00,279.7329448630463,281.4911040297477,278.4913207342862,281.26263427734375,2828300,0.0,0.0,0.0
2024-10-01 00:00:00-04:00,281.10374922028336,281.1534020684062,277.28948290377025,278.699951171875,4874900,0.0,0.0,0.0
2024-10-02 00:00:00-04:00,278.36220800026615,279.2859994597879,277.0013927024532,278.7595520019531,3637500,0.0,0.0,0.0
2024-10-03 00:00:00-04:00,277.95495951800746,279.0674803160243,277.03119834532106,278.16357421875,2369200,0.0,0.0,0.0
2024-10-04 00:00:00-04:00,280.56734239875243,280.99448418229895,278.47149519738923,280.85540771484375,2335400,0.0,0.0,0.0
2024-10-07 00:00:00-04:00,280.150189759915,280.2395830742459,277.66694109596443,278.292724609375,11465600,0.0,0.0,0.0
2024-10-08 00:00:00-04:00,279.39527750111705,280.98456273730613,278.9979637703434,280.63690185546875,2164600,0.0,0.0,0.0
2024-10-09 00:00:00-04:00,280.6567429433624,282.83207112880706,280.36870793293775,282.59368896484375,2123800,0.0,0.0,0.0
2024-10-10 00:00:00-04:00,281.87852612919863,282.70295136249075,281.13355151680065,282.0076599121094,2547200,0.0,0.0,0.0
2024-10-11 00:00:00-04:00,282.0672261831165,284.4710240207493,282.04737110822714,284.19287109375,1799500,0.0,0.0,0.0
2024-10-14 00:00:00-04:00,284.9378648897217,286.7953603190899,284.6895400279076,286.407958984375,1997000,0.0,0.0,0.0
2024-10-15 00:00:00-04:00,286.38808121473164,286.7555971309996,283.99422609896146,284.4411926269531,3260800,0.0,0.0,0.0
2024-10-16 00:00:00-04:00,284.79881353992,286.1794839836375,284.31210651982366,285.8914489746094,2215300,0.0,0.0,0.0
2024-10-17 00:00:00-04:00,287.53038164928904,287.7588514264803,285.8020503747317,285.83184814453125,2810600,0.0,0.0,0.0
2024-10-18 00:00:00-04:00,286.7655553526781,287.32180060413697,285.9808403213693,286.95428466796875,1822100,0.0,0.0,0.0
2024-10-21 00:00:00-04:00,286.57683201377574,286.8648670268322,284.71936690537217,286.0503845214844,2320100,0.0,0.0,0.0
2024-10-22 00:00:00-04:00,284.97759015156805,286.31855039644205,284.5504786871768,285.7225646972656,2029000,0.0,0.0,0.0
2024-10-23 00:00:00-04:00,284.8484603251774,284.98753679258454,281.44145063081106,283.1399841308594,2637300,0.0,0.0,0.0
2024-10-24 00:00:00-04:00,284.20281784812437,284.2624133867352,282.56387991014134,283.8948974609375,2235600,0.0,0.0,0.0
2024-10-25 00:00:00-04:00,285.10671533706847,286.3185417741,283.1399716829413,283.626708984375,2813700,0.0,0.0,0.0
2024-10-28 00:00:00-04:00,285.13650387336764,285.553702930647,284.6398542072728,284.7789306640625,1874300,0.0,0.0,0.0
2024-10-29 00:00:00-04:00,284.3518019992593,285.72255999085854,283.5373195473292,285.1563720703125,2503400,0.0,0.0,0.0
2024-10-30 00:00:00-04:00,285.0570697479021,286.1695602141898,284.1134232025197,284.4511413574219,2204100,0.0,0.0,0.0
2024-10-31 00:00:00-04:00,282.87178413693215,282.87178413693215,279.0773733923231,279.14691162109375,3027400,0.0,0.0,0.0
2024-11-01 00:00:00-04:00,280.6269327027034,282.5837337131967,280.0706874694447,280.3388977050781,2449400,0.0,0.0,0.0
2024-11-04 00:00:00-05:00,280.2793027598102,281.17326614993254,278.98799536244076,279.8323059082031,2383900,0.0,0.0,0.0
2024-11-05 00:00:00-05:00,280.21967816453963,283.3883056640625,280.12037247537444,283.3883056640625,2060300,0.0,0.0,0.0
2024-11-06 00:00:00-05:00,290.3414055186641,291.6426253211689,288.2654133886137,291.3148498535156,5676800,0.0,0.0,0.0
2024-11-07 00:00:00-05:00,292.04988491955436,293.9172926815758,292.039972538245,293.3511047363281,4109000,0.0,0.0,0.0
2024-11-08 00:00:00-05:00,293.6292273669695,295.3774440485683,293.5299216753181,294.72186279296875,4142400,0.0,0.0,0.0
2024-11-11 00:00:00-05:00,295.9336967047685,296.1224260245771,294.77155332815073,295.54632568359375,3200900,0.0,0.0,0.0
2024-11-12 00:00:00-05:00,295.42713789132955,295.78471114562825,293.11273318077474,294.3841552734375,3474800,0.0,0.0,0.0
2024-11-13 00:00:00-05:00,294.81124427938016,295.55621881544306,293.6391582844499,294.2450866699219,2829100,0.0,0.0,0.0
2024-11-14 00:00:00-05:00,294.51327121256514,294.62251959595176,291.75190010140943,292.06976318359375,3280800,0.0,0.0,0.0
2024-11-15 00:00:00-05:00,290.55001689674975,290.64932258617443,287.41118715839195,288.36474609375,4025800,0.0,0.0,0.0
2024-11-18 00:00:00-05:00,288.6925544705317,290.28180927274303,288.1859620722988,289.5368347167969,2992100,0.0,0.0,0.0
2024-11-19 00:00:00-05:00,287.9574988305845,291.1261264388306,287.5105322747288,290.86785888671875,2342200,0.0,0.0,0.0
2024-11-20 00:00:00-05:00,290.9572620353989,291.1956441817462,288.19589102554295,291.0367126464844,2670800,0.0,0.0,0.0
2024-11-21 00:00:00-05:00,292.556462768665,293.7881442895286,289.9937637271379,293.0729675292969,2560700,0.0,0.0,0.0
2024-11-22 00:00:00-05:00,293.1524658125858,294.8212015809056,293.1524658125858,294.5232238769531,2639800,0.0,0.0,0.0
2024-11-25 00:00:00-05:00,296.6687348339203,297.46336220109,294.9105755565936,295.9634704589844,3384600,0.0,0.0,0.0
2024-11-26 00:00:00-05:00,296.43033231852155,297.3839215668272,295.8740870802225,297.0461730957031,3292800,0.0,0.0,0.0
2024-11-27 00:00:00-05:00,297.12563488557134,297.46335302185156,295.40721612355804,296.2018737792969,2730500,0.0,0.0,0.0
2024-11-29 00:00:00-05:00,296.93692006808794,298.36727360508405,296.7084502972165,297.8507385253906,1811900,0.0,0.0,0.0
2024-12-02 00:00:00-05:00,298.2877973803851,298.7347942351508,297.7911476809085,298.41693115234375,3583700,0.0,0.0,0.0
2024-12-03 00:00:00-05:00,298.3672783076329,298.5560076184813,297.63224645259703,298.41693115234375,2101200,0.0,0.0,0.0
2024-12-04 00:00:00-05:00,299.4598992957724,300.5723897189598,299.1519789219648,300.42340087890625,3258100,0.0,0.0,0.0
2024-12-05 00:00:00-05:00,300.57240680181553,300.72139565033683,299.49962646627785,299.5890197753906,2183400,0.0,0.0,0.0
2024-12-06 00:00:00-05:00,300.28432441946256,300.9200505544785,299.99625911996526,300.42340087890625,2332900,0.0,0.0,0.0
2024-12-09 00:00:00-05:00,300.5028585817843,300.62204965664034,298.3175878324527,298.5063171386719,2953900,0.0,0.0,0.0
2024-12-10 00:00:00-05:00,298.98310855853964,298.98310855853964,297.06604806119645,297.3839111328125,2557100,0.0,0.0,0.0
2024-12-11 00:00:00-05:00,298.9831131004951,300.2644777871628,298.8440366371412,299.7777404785156,2235300,0.0,0.0,0.0
2024-12-12 00:00:00-05:00,299.4599183328235,299.52942625387357,298.02956475119873,298.06927490234375,2120000,0.0,0.0,0.0
2024-12-13 00:00:00-05:00,298.9830951151727,299.2512750186768,297.0958324710836,297.9202575683594,2279200,0.0,0.0,0.0
2024-12-16 00:00:00-05:00,298.556010276941,299.7280963030003,298.41693380956497,299.1321105957031,2545400,0.0,0.0,0.0
2024-12-17 00:00:00-05:00,297.95007730190355,298.1686043807884,296.9965183727204,297.652099609375,3059900,0.0,0.0,0.0
2024-12-18 00:00:00-05:00,297.75142396113165,298.5162535507573,288.00715972651835,288.4442138671875,3890900,0.0,0.0,0.0
2024-12-19 00:00:00-05:00,291.0267672214591,291.73203158626916,287.9276780956652,288.0369567871094,4826200,0.0,0.0,0.0
2024-12-20 00:00:00-05:00,286.6761282694429,293.7285601455123,286.1794785642703,291.3148498535156,3837000,0.0,0.0,0.0
2024-12-23 00:00:00-05:00,291.50518036316316,293.15936854538717,289.5221616484567,292.97003173828125,3704500,0.941,0.0,0.0
2024-12-24 00:00:00-05:00,293.53804708234037,296.1289446450652,293.219160832323,296.0791015625,2642200,0.0,0.0,0.0
2024-12-26 00:00:00-05:00,295.40147638389556,296.73677827737106,294.50463545970035,296.2485046386719,4307800,0.0,0.0,0.0
2024-12-27 00:00:00-05:00,294.2953600977088,294.89326420607387,290.96706473429833,293.039794921875,3636800,0.0,0.0,0.0
2024-12-30 00:00:00-05:00,289.86096534774197,291.4952041243722,287.7683161928218,289.8011779785156,4968500,0.0,0.0,0.0
2024-12-31 00:00:00-05:00,290.7877016661542,291.1165626094704,288.0573104201119,288.7947082519531,3893200,0.0,0.0,0.0
2025-01-02 00:00:00-05:00,290.4289732563073,291.5250952897622,286.34333073403906,288.24664306640625,3796400,0.0,0.0,0.0
2025-01-03 00:00:00-05:00,289.6417391587411,292.3223177579759,289.17338448573474,292.0333251953125,2726800,0.0,0.0,0.0
2025-01-06 00:00:00-05:00,294.1658203415679,295.8598463834534,292.90025014573075,293.6675720214844,3678600,0.0,0.0,0.0
2025-01-07 00:00:00-05:00,294.803572083816,294.8334657675786,289.3826277499756,290.38909912109375,3317000,0.0,0.0,0.0
2025-01-08 00:00:00-05:00,290.39907363428733,291.2261524916377,288.49576134083634,290.65814208984375,2971300,0.0,0.0,0.0
2025-01-10 00:00:00-05:00,289.03385345279963,289.03385345279963,285.2172845017795,286.2934875488281,4403700,0.0,0.0,0.0
2025-01-13 00:00:00-05:00,284.00155594371665,286.871471269486,283.6328570350401,286.7618408203125,3633300,0.0,0.0,0.0
2025-01-14 00:00:00-05:00,288.3960983655023,288.73490357632943,285.51620845747544,287.4095764160156,3803700,0.0,0.0,0.0
2025-01-15 00:00:00-05:00,291.6845335971635,293.2689596631593,291.14644728765455,292.6810302734375,2815300,0.0,0.0,0.0
2025-01-16 00:00:00-05:00,293.1992201922252,293.62770645304136,291.90375630120263,292.4617919921875,3130300,0.0,0.0,0.0
2025-01-17 00:00:00-05:00,295.1423736020119,296.07908289571503,294.4049758046704,295.1623229980469,2603200,0.0,0.0,0.0
2025-01-21 00:00:00-05:00,296.7068959888678,298.1717473718894,295.86984240009355,298.092041015625,3893500,0.0,0.0,0.0
2025-01-22 00:00:00-05:00,299.5369308194509,300.23449065372625,299.21804458602986,299.5469055175781,3515700,0.0,0.0,0.0
2025-01-23 00:00:00-05:00,299.1881623587269,301.1213684082031,298.96893186618837,301.1213684082031,2647800,0.0,0.0,0.0
2025-01-24 00:00:00-05:00,301.20110453564587,301.6096718349944,299.7461974470391,300.24444580078125,2359000,0.0,0.0,0.0
2025-01-27 00:00:00-05:00,293.9665244464696,296.53747253381704,293.4084887312211,296.0591735839844,5321300,0.0,0.0,0.0
2025-01-28 00:00:00-05:00,296.85635056198646,299.0585996776935,295.1623244770829,298.6002197265625,2717300,0.0,0.0,0.0
2025-01-29 00:00:00-05:00,298.2713910335095,298.55040888512303,295.92961777318214,297.32470703125,2620200,0.0,0.0,0.0
2025-01-30 00:00:00-05:00,298.45074308841475,300.0550880785159,297.235015973598,299.1881408691406,2891200,0.0,0.0,0.0
2025-01-31 00:00:00-05:00,300.16474108269506,301.5399114122336,297.18522564247246,297.5539245605469,3338500,0.0,0.0,0.0
2025-02-03 00:00:00-05:00,292.2924154681115,296.6570758219628,291.6745923880075,295.3815612792969,5037700,0.0,0.0,0.0
2025-02-04 00:00:00-05:00,295.5808366679631,297.6934047374984,295.1922187811578,297.5240173339844,2601900,0.0,0.0,0.0
2025-02-05 00:00:00-05:00,297.19516916904246,298.91911942582067,296.0492040342513,298.8992004394531,2226200,0.0,0.0,0.0
2025-02-06 00:00:00-05:00,299.6764650628767,299.80598408957604,297.85285906262965,299.6365966796875,2899800,0.0,0.0,0.0
2025-02-07 00:00:00-05:00,299.88572697545834,300.60320583417473,296.6271936312324,296.9560241699219,3632000,0.0,0.0,0.0
2025-02-10 00:00:00-05:00,298.51053405519446,299.1782001914182,297.86281731479687,298.85931396484375,2623900,0.0,0.0,0.0
2025-02-11 00:00:00-05:00,297.6834744358866,299.0187763838817,297.63363135376756,298.69989013671875,2719900,0.0,0.0,0.0
2025-02-12 00:00:00-05:00,295.83992982409137,298.2813283661193,295.20215737203665,297.7133483886719,3283500,0.0,0.0,0.0
2025-02-13 00:00:00-05:00,298.47067026903034,300.9120992634957,297.7332724680563,300.8224182128906,3066800,0.0,0.0,0.0
2025-02-14 00:00:00-05:00,300.94200537818733,301.49006640252355,300.4437570249122,300.7825622558594,2377000,0.0,0.0,0.0
2025-02-18 00:00:00-05:00,301.31069140570276,301.6395523347707,300.16472632432044,301.62957763671875,2851500,0.0,0.0,0.0
2025-02-19 00:00:00-05:00,300.79253508953866,302.32714852309863,300.62311726978237,302.0580749511719,2566600,0.0,0.0,0.0
2025-02-20 00:00:00-05:00,301.4701419263951,301.65947873004507,298.82943178425796,300.43377685546875,2863900,0.0,0.0,0.0
2025-02-21 00:00:00-05:00,300.6828881472178,300.73273122590217,294.6042829368758,294.88330078125,3595000,0.0,0.0,0.0
2025-02-24 00:00:00-05:00,295.9196555294067,296.29832914624774,292.86043373103263,293.37860107421875,4465400,0.0,0.0,0.0
2025-02-25 00:00:00-05:00,293.3686079521397,293.7970942134809,289.52214547666256,291.9237060546875,3509200,0.0,0.0,0.0
2025-02-26 00:00:00-05:00,292.87037422491085,294.6640865323947,290.8474871391146,292.0233459472656,2807300,0.0,0.0,0.0
2025-02-27 00:00:00-05:00,293.30882985597555,293.7572655273334,287.38963712951215,287.499267578125,2747300,0.0,0.0,0.0
2025-02-28 00:00:00-05:00,287.6188376016434,292.1827789516808,286.34332308546425,291.93365478515625,3485800,0.0,0.0,0.0
2025-03-03 00:00:00-05:00,292.88034858564333,293.6875084793474,284.76885085497264,286.7020568847656,7835600,0.0,0.0,0.0
2025-03-04 00:00:00-05:00,284.20086724078357,287.4394814728968,280.51381733534237,283.1246337890625,6449600,0.0,0.0,0.0
2025-03-05 00:00:00-05:00,283.0847591967126,287.1305636341985,281.3309457456625,286.34332275390625,3662300,0.0,0.0,0.0
2025-03-06 00:00:00-05:00,282.5366976714744,284.81868354495276,279.6667824160486,281.02203369140625,4836300,0.0,0.0,0.0
2025-03-07 00:00:00-05:00,280.2347830874727,283.05485516547867,277.1356627592453,282.34735107421875,3868700,0.0,0.0,0.0
2025-03-10 00:00:00-04:00,278.45106898586454,279.2980972733507,272.1831265619328,274.6544189453125,6442900,0.0,0.0,0.0
2025-03-11 00:00:00-04:00,274.03657883334074,276.02957213394683,270.62854690861195,272.7311706542969,5282400,0.0,0.0,0.0
2025-03-12 00:00:00-04:00,275.8302599541262,276.3185639908129,271.5254175476203,274.0764465332031,3996100,0.0,0.0,0.0
2025-03-13 00:00:00-04:00,273.96681232924726,274.03657439219734,269.2534027125264,270.2299499511719,3932500,0.0,0.0,0.0
2025-03-14 00:00:00-04:00,272.6414845172141,276.4082405686407,272.402304646353,276.01959228515625,3610100,0.0,0.0,0.0
2025-03-17 00:00:00-04:00,275.7605507302373,279.6169882052883,275.71070764739335,278.3016052246094,3981100,0.0,0.0,0.0
2025-03-18 00:00:00-04:00,277.22538570829624,277.52432254497637,274.36541472095314,275.3021240234375,3120900,0.0,0.0,0.0
2025-03-19 00:00:00-04:00,276.02959159789623,280.3942520996996,275.660892676992,278.43115234375,2867800,0.0,0.0,0.0
2025-03-20 00:00:00-04:00,276.7271540660832,280.2148926208414,276.28869307206025,277.76348876953125,2256400,0.0,0.0,0.0
2025-03-21 00:00:00-04:00,275.44165355526474,278.0923383982421,274.71420002419234,277.87310791015625,3382500,0.0,0.0,0.0
2025-03-24 00:00:00-04:00,281.2612011950864,283.53321251621435,280.9124212585039,283.0150451660156,3251600,0.0,0.0,0.0
2025-03-25 00:00:00-04:00,283.52321033287603,284.09122071076195,282.66623782785274,283.4933166503906,2517200,0.0,0.0,0.0
2025-03-26 00:00:00-04:00,283.15453373860583,283.9218556672494,279.32799002588814,280.1750183105469,2327500,0.0,0.0,0.0
2025-03-27 00:00:00-04:00,279.4599914550781,281.0799865722656,278.04998779296875,278.989990234375,2345300,0.985,0.0,0.0
2025-03-28 00:00:00-04:00,278.30999755859375,278.75,273.04998779296875,273.42999267578125,3912900,0.0,0.0,0.0
2025-03-31 00:00:00-04:00,270.2699890136719,275.5799865722656,268.7300109863281,274.8399963378906,6064000,0.0,0.0,0.0
2025-04-01 00:00:00-04:00,273.8999938964844,276.7900085449219,272.05999755859375,275.7699890136719,3269900,0.0,0.0,0.0
2025-04-02 00:00:00-04:00,272.8500061035156,279.25,272.6099853515625,277.95001220703125,2594700,0.0,0.0,0.0
2025-04-03 00:00:00-04:00,268.010009765625,269.3699951171875,263.70001220703125,263.9599914550781,8137500,0.0,0.0,0.0
2025-04-04 00:00:00-04:00,256.9700012207031,257.7300109863281,248.17999267578125,248.47000122070312,16633700,0.0,0.0,0.0
2025-04-07 00:00:00-04:00,240.0,257.0299987792969,236.4199981689453,247.66000366210938,16346700,0.0,0.0,0.0
2025-04-08 00:00:00-04:00,256.5,257.7099914550781,240.0500030517578,243.75,11064300,0.0,0.0,0.0
2025-04-09 00:00:00-04:00,241.85000610351562,268.4800109863281,241.6199951171875,268.4800109863281,12138000,0.0,0.0,0.0
2025-04-10 00:00:00-04:00,261.1099853515625,261.6600036621094,249.88999938964844,257.42999267578125,7255700,0.0,0.0,0.0
2025-04-11 00:00:00-04:00,256.7099914550781,262.75,254.6699981689453,261.739990234375,5007900,0.0,0.0,0.0
2025-04-14 00:00:00-04:00,266.42999267578125,266.7300109863281,261.4599914550781,264.1499938964844,4039900,0.0,0.0,0.0
2025-04-15 00:00:00-04:00,264.25,266.3999938964844,263.1499938964844,263.69000244140625,4680400,0.0,0.0,0.0
2025-04-16 00:00:00-04:00,260.7699890136719,262.5899963378906,255.4499969482422,258.2099914550781,4295500,0.0,0.0,0.0
2025-04-17 00:00:00-04:00,259.1300048828125,260.95001220703125,257.3299865722656,258.75,3398200,0.0,0.0,0.0
2025-04-21 00:00:00-04:00,256.2300109863281,256.5,249.94000244140625,252.60000610351562,5523200,0.0,0.0,0.0
2025-04-22 00:00:00-04:00,255.6199951171875,260.2099914550781,255.27000427246094,259.0299987792969,3802300,0.0,0.0,0.0
2025-04-23 00:00:00-04:00,265.92999267578125,268.3800048828125,262.57000732421875,263.44000244140625,6842700,0.0,0.0,0.0
2025-04-24 00:00:00-04:00,263.8999938964844,269.25,263.3900146484375,268.989990234375,3481600,0.0,0.0,0.0
