Date,Open,High,Low,Close,Volume,Dividends,Stock Splits,Capital Gains
2020-04-27 00:00:00-04:00,171.53919378207365,172.37336854181578,171.20939274640475,171.73318481445312,1051000,0.0,0.0,0.0
2020-04-28 00:00:00-04:00,173.85741908007716,174.2454011396582,169.36645347762052,169.5216522216797,1005200,0.0,0.0,0.0
2020-04-29 00:00:00-04:00,173.4597556202785,176.00107255871373,172.65467865721305,175.0214080810547,1063100,0.0,0.0,0.0
2020-04-30 00:00:00-04:00,175.18631413575457,175.80709445657152,173.71195532360045,174.905029296875,958000,0.0,0.0,0.0
2020-05-01 00:00:00-04:00,171.44215455426937,172.99411208573585,169.72530394017622,170.31698608398438,1021900,0.0,0.0,0.0
2020-05-04 00:00:00-04:00,169.3761414040379,172.16965948854022,168.70685979624534,172.024169921875,881700,0.0,0.0,0.0
2020-05-05 00:00:00-04:00,173.72163261564694,176.1950442708563,173.72163261564694,174.14840698242188,1530400,0.0,0.0,0.0
2020-05-06 00:00:00-04:00,175.37052095164415,176.26289128040077,174.19685112761692,174.53634643554688,820500,0.0,0.0,0.0
2020-05-07 00:00:00-04:00,176.68005178233852,178.1544105117733,176.50546426467136,177.2911376953125,913300,0.0,0.0,0.0
2020-05-08 00:00:00-04:00,179.17288399529073,179.7548719948102,178.1835103163355,179.50267028808594,825300,0.0,0.0,0.0
2020-05-11 00:00:00-04:00,178.26107022372827,181.6462705634303,177.94097837493985,180.7053985595703,914700,0.0,0.0,0.0
2020-05-12 00:00:00-04:00,181.35528801858464,181.65597634375325,176.99042311643228,177.00982666015625,838400,0.0,0.0,0.0
2020-05-13 00:00:00-04:00,176.8643153412966,178.37746607989538,172.49945061046165,174.59458923339844,1059600,0.0,0.0,0.0
2020-05-14 00:00:00-04:00,172.91657314040552,176.1174774169922,171.29672485631937,176.1174774169922,853100,0.0,0.0,0.0
2020-05-15 00:00:00-04:00,174.2648081771448,177.64999389648438,173.8186154791694,177.64999389648438,626700,0.0,0.0,0.0
2020-05-18 00:00:00-04:00,180.89941116977204,182.63565101673862,180.51142907676652,181.69479370117188,923300,0.0,0.0,0.0
2020-05-19 00:00:00-04:00,181.52016367927325,183.53770281605662,180.89938354492188,180.89938354492188,786000,0.0,0.0,0.0
2020-05-20 00:00:00-04:00,183.28554019290496,184.70168812375377,183.28554019290496,184.34280395507812,1364800,0.0,0.0,0.0
2020-05-21 00:00:00-04:00,184.47860274359599,185.07028505510482,181.99548182990924,182.87814331054688,1174500,0.0,0.0,0.0
2020-05-22 00:00:00-04:00,182.89752376289857,183.78019993265858,182.00515322224766,183.68319702148438,1383300,0.0,0.0,0.0
2020-05-26 00:00:00-04:00,187.60192490466565,187.60192490466565,183.8384360939898,184.11973571777344,944600,0.0,0.0,0.0
2020-05-27 00:00:00-04:00,184.62405004445915,185.47762821326046,180.52108189317966,185.36123657226562,3547900,0.0,0.0,0.0
2020-05-28 00:00:00-04:00,185.3612950775542,188.44579294198994,185.19638713334226,185.72987365722656,1371800,0.0,0.0,0.0
2020-05-29 00:00:00-04:00,185.9238319168891,187.69887869195924,184.62407574297987,187.25270080566406,1283100,0.0,0.0,0.0
2020-06-01 00:00:00-04:00,187.22364547052265,188.8337846966607,186.7289512138015,188.53309631347656,779200,0.0,0.0,0.0
2020-06-02 00:00:00-04:00,188.9695216680287,189.89099000878622,187.49516344247803,189.83279418945312,1110800,0.0,0.0,0.0
2020-06-03 00:00:00-04:00,190.8901139262368,192.0540750573799,190.19173428743719,191.48179626464844,837900,0.0,0.0,0.0
2020-06-04 00:00:00-04:00,190.9677274183746,191.80190233743258,188.4554934873588,189.5418701171875,835000,0.0,0.0,0.0
2020-06-05 00:00:00-04:00,191.56906915965848,194.37228178217458,190.97738688567432,193.8000030517578,1027400,0.0,0.0,0.0
2020-06-08 00:00:00-04:00,194.1297787742741,195.56533010859118,192.9658178329206,195.42953491210938,2131100,0.0,0.0,0.0
2020-06-09 00:00:00-04:00,194.4984054192301,196.7099360270615,194.20741143386934,195.78846740722656,1177100,0.0,0.0,0.0
2020-06-10 00:00:00-04:00,196.90387886383596,198.4170294564725,195.8078082009746,197.09786987304688,1668300,0.0,0.0,0.0
2020-06-11 00:00:00-04:00,192.74274776082402,193.81941506708316,186.56402871473887,186.68043518066406,1459500,0.0,0.0,0.0
2020-06-12 00:00:00-04:00,191.44299883584011,191.8794972325475,185.11880427722465,188.63978576660156,974300,0.0,0.0,0.0
2020-06-15 00:00:00-04:00,185.01210047431246,191.23930668208612,184.5271154288419,190.68641662597656,808400,0.0,0.0,0.0
2020-06-16 00:00:00-04:00,195.39076044311065,195.4974577358296,191.2489843719246,194.3625946044922,846200,0.0,0.0,0.0
2020-06-17 00:00:00-04:00,195.1676801225343,196.17644246150778,194.19771007328086,194.52749633789062,855000,0.0,0.0,0.0
2020-06-18 00:00:00-04:00,193.9357873602232,195.25494703791807,193.7611850790603,194.94454956054688,633700,0.0,0.0,0.0
2020-06-19 00:00:00-04:00,197.11726165191735,197.2239589207014,193.18888104740486,194.2364501953125,750900,0.0,0.0,0.0
2020-06-22 00:00:00-04:00,194.14918328589255,196.76809911715185,193.79999352168687,196.64199829101562,751400,0.0,0.0,0.0
2020-06-23 00:00:00-04:00,198.3200584898149,199.74590067103904,197.55377395645078,197.88356018066406,715300,0.0,0.0,0.0
2020-06-24 00:00:00-04:00,196.96210108901266,198.10667335774622,192.0152630884743,193.15982055664062,878700,0.0,0.0,0.0
2020-06-25 00:00:00-04:00,193.16857165724082,195.52084660193114,191.40922656282436,195.32644653320312,862300,0.419,0.0,0.0
2020-06-26 00:00:00-04:00,194.91818899917567,195.10287424332753,190.28167276735886,190.3302764892578,848600,0.0,0.0,0.0
2020-06-29 00:00:00-04:00,190.7968511994821,192.84780380151932,188.50289480493703,192.8380889892578,582300,0.0,0.0,0.0
2020-06-30 00:00:00-04:00,192.77000840434374,196.93994593601408,192.61448245562227,196.4344940185547,750500,0.0,0.0,0.0
2020-07-01 00:00:00-04:00,196.4831273322758,199.447776287415,196.23040875135868,198.68960571289062,731000,0.0,0.0,0.0
2020-07-02 00:00:00-04:00,200.7405774364504,201.4501443589796,199.28255467872555,199.5255584716797,812700,0.0,0.0,0.0
2020-07-06 00:00:00-04:00,202.48044953530115,204.48279813399654,202.2082865120866,203.98707580566406,1164400,0.0,0.0,0.0
2020-07-07 00:00:00-04:00,203.4427772345166,205.68812989516155,202.09167674688578,202.29579162597656,1144100,0.0,0.0,0.0
2020-07-08 00:00:00-04:00,203.35531636281266,204.81333923339844,202.2958084713709,204.81333923339844,878000,0.0,0.0,0.0
2020-07-09 00:00:00-04:00,206.09635013663157,206.2421464616147,202.41241961825543,205.70755004882812,839900,0.0,0.0,0.0
2020-07-10 00:00:00-04:00,205.54228312692237,206.76701659632434,203.50104584614834,206.57261657714844,661000,0.0,0.0,0.0
2020-07-13 00:00:00-04:00,208.42918980577068,210.34406073041959,201.90697682085394,202.35409545898438,1009600,0.0,0.0,0.0
2020-07-14 00:00:00-04:00,201.29460423469453,204.988264594542,198.89372574238237,204.84246826171875,1061100,0.0,0.0,0.0
2020-07-15 00:00:00-04:00,206.92257745414935,207.21417011622225,203.78295802928056,206.0380401611328,891000,0.0,0.0,0.0
2020-07-16 00:00:00-04:00,204.0454551426734,205.0077556533843,202.57771734209325,204.44398498535156,650000,0.0,0.0,0.0
2020-07-17 00:00:00-04:00,205.25072668111508,205.88253060836442,203.45249268544472,205.2118377685547,663400,0.0,0.0,0.0
2020-07-20 00:00:00-04:00,205.45483767017316,210.5093283195494,204.71611149503354,210.06219482421875,733600,0.0,0.0,0.0
2020-07-21 00:00:00-04:00,211.62708964219277,211.62708964219277,208.079241115673,208.7693634033203,925100,0.0,0.0,0.0
2020-07-22 00:00:00-04:00,208.6430186316226,210.23712267513486,208.2153444804426,209.83860778808594,681000,0.0,0.0,0.0
2020-07-23 00:00:00-04:00,209.56647211343108,210.55791688680017,204.29813695247398,205.2895965576172,912600,0.0,0.0,0.0
2020-07-24 00:00:00-04:00,203.12200307455774,205.3187519307784,201.45985067487047,204.4536590576172,819400,0.0,0.0,0.0
2020-07-27 00:00:00-04:00,205.43542386119384,207.54469512091148,204.95913106121557,207.29196166992188,676000,0.0,0.0,0.0
2020-07-28 00:00:00-04:00,206.66981270391562,207.27247205496553,204.76467171894376,205.03683471679688,560700,0.0,0.0,0.0
2020-07-29 00:00:00-04:00,206.00888091380963,208.3611556559774,206.00888091380963,207.9237518310547,626600,0.0,0.0,0.0
2020-07-30 00:00:00-04:00,205.85337169368086,208.56530232611456,204.60919346154927,208.09872436523438,659600,0.0,0.0,0.0
2020-07-31 00:00:00-04:00,211.22859247962833,211.36467399615162,207.6904582182498,211.2869110107422,738400,0.0,0.0,0.0
2020-08-03 00:00:00-04:00,213.1240138103869,214.25155482423924,212.70605445953638,213.6197509765625,745700,0.0,0.0,0.0
2020-08-04 00:00:00-04:00,213.2212481711174,214.30990041477082,212.64776278074814,214.2418670654297,596900,0.0,0.0,0.0
2020-08-05 00:00:00-04:00,215.11664674098412,215.79705430456434,214.4751132531346,215.44712829589844,755300,0.0,0.0,0.0
2020-08-06 00:00:00-04:00,215.36939633886,218.13963051997766,214.9125480478671,217.90634155273438,691900,0.0,0.0,0.0
2020-08-07 00:00:00-04:00,217.30368625641253,218.08130127726523,214.36819659778575,215.94287109375,634100,0.0,0.0,0.0
2020-08-10 00:00:00-04:00,216.3997429769915,216.56498377679156,212.83244906751224,215.30136108398438,628700,0.0,0.0,0.0
2020-08-11 00:00:00-04:00,215.0486337811444,215.85540812291086,211.77293269097953,212.11314392089844,709000,0.0,0.0,0.0
2020-08-12 00:00:00-04:00,213.7947244216701,216.9732180428952,213.7947244216701,216.25392150878906,6261300,0.0,0.0,0.0
2020-08-13 00:00:00-04:00,216.5844280924653,218.82005112623963,216.5844280924653,217.18707275390625,1506900,0.0,0.0,0.0
2020-08-14 00:00:00-04:00,217.313475840821,217.61479822196887,216.10817148445264,216.7982940673828,1190100,0.0,0.0,0.0
2020-08-17 00:00:00-04:00,217.9452474480202,219.2477442451438,217.93553263554307,218.99502563476562,699800,0.0,0.0,0.0
2020-08-18 00:00:00-04:00,219.66572070080733,221.00709159311396,218.4409720547242,220.65716552734375,1337700,0.0,0.0,0.0
2020-08-19 00:00:00-04:00,220.76406003689036,221.3764342829403,219.1505262776013,219.49072265625,747600,0.0,0.0,0.0
2020-08-20 00:00:00-04:00,218.39233582658656,222.15404418173264,218.22709504675538,221.8235626220703,595800,0.0,0.0,0.0
2020-08-21 00:00:00-04:00,221.94990730487024,223.2621335216602,221.49305905646318,223.03857421875,721300,0.0,0.0,0.0
2020-08-24 00:00:00-04:00,225.60471211125966,225.82827143281833,222.75670013719866,224.33135986328125,778800,0.0,0.0,0.0
2020-08-25 00:00:00-04:00,224.3508371143277,225.99354525723862,223.58295159405858,225.96438598632812,1056600,0.0,0.0,0.0
2020-08-26 00:00:00-04:00,227.1501896555871,230.80496074724257,226.98494888399392,230.65916442871094,1154300,0.0,0.0,0.0
2020-08-27 00:00:00-04:00,230.99940175993092,232.0394651225285,228.59852307706737,230.19264221191406,1521100,0.0,0.0,0.0
2020-08-28 00:00:00-04:00,231.3201691257408,231.92282862488128,230.36759839918116,231.67982482910156,682400,0.0,0.0,0.0
2020-08-31 00:00:00-04:00,232.0005560410799,233.8085047132775,231.4756744151137,232.61293029785156,764400,0.0,0.0,0.0
2020-09-01 00:00:00-04:00,234.31396451263737,236.21912069055517,233.09894560196304,236.17051696777344,927200,0.0,0.0,0.0
2020-09-02 00:00:00-04:00,238.5811160005478,239.19349029224068,234.50837014214585,238.6102752685547,1490400,0.0,0.0,0.0
2020-09-03 00:00:00-04:00,235.58730946487722,235.8011539865119,225.2353539487788,227.3834991455078,2310200,0.0,0.0,0.0
2020-09-04 00:00:00-04:00,226.61560584199935,228.69571761799784,215.952598725137,223.76760864257812,1773500,0.0,0.0,0.0
2020-09-08 00:00:00-04:00,216.7593952476663,220.61829687875198,215.17500568421704,215.40829467773438,1297000,0.0,0.0,0.0
2020-09-09 00:00:00-04:00,219.4615530216257,223.04829086741782,217.89660822481528,221.3569793701172,1229200,0.0,0.0,0.0
2020-09-10 00:00:00-04:00,223.5634685879142,224.4382762279403,216.30251474766922,217.1773223876953,1111600,0.0,0.0,0.0
2020-09-11 00:00:00-04:00,218.9658171668836,219.46153946378064,213.77524593782027,216.36080932617188,1020100,0.0,0.0,0.0
2020-09-14 00:00:00-04:00,219.23803801163854,221.3764685504913,218.58678958759285,219.8115234375,788900,0.0,0.0,0.0
2020-09-15 00:00:00-04:00,222.5622795022958,223.47597599083906,221.27921256133584,222.40675354003906,855100,0.0,0.0,0.0
2020-09-16 00:00:00-04:00,223.2621601375984,223.63153063739279,219.68513670574373,219.83094787597656,809100,0.0,0.0,0.0
2020-09-17 00:00:00-04:00,215.10690758880446,218.32427464319653,214.60145567086715,216.91485595703125,862100,0.0,0.0,0.0
2020-09-18 00:00:00-04:00,218.15907175862608,218.15907175862608,211.56881055685045,214.27101135253906,897600,0.0,0.0,0.0
2020-09-21 00:00:00-04:00,210.88842733957915,214.23214721679688,208.83747464492222,214.23214721679688,1492200,0.0,0.0,0.0
2020-09-22 00:00:00-04:00,215.79706415711766,218.1687833428296,213.56144132210795,217.75082397460938,844600,0.0,0.0,0.0
2020-09-23 00:00:00-04:00,217.88692182571896,217.93552555007392,211.2188972348329,211.69517517089844,754500,0.0,0.0,0.0
2020-09-24 00:00:00-04:00,210.22743384028882,214.82506131156867,209.71226700128875,212.28810119628906,978100,0.0,0.0,0.0
2020-09-25 00:00:00-04:00,212.4595105714961,217.4941866949247,211.42725790432868,216.8612060546875,959900,0.406,0.0,0.0
2020-09-28 00:00:00-04:00,220.43510681811412,220.90253882547856,219.07175727188636,220.6980438232422,822100,0.0,0.0,0.0
2020-09-29 00:00:00-04:00,220.66884199962342,221.47710400687785,219.96768652155035,220.2403564453125,900700,0.0,0.0,0.0
2020-09-30 00:00:00-04:00,220.62985474389188,224.03824324991626,220.3571848521615,221.65237426757812,789600,0.0,0.0,0.0
2020-10-01 00:00:00-04:00,224.44727274954099,224.9926125929231,223.22025810193122,224.60308837890625,681100,0.0,0.0,0.0
2020-10-02 00:00:00-04:00,220.19169501174272,223.14238523020248,219.30551019777664,220.37672424316406,859800,0.0,0.0,0.0
2020-10-05 00:00:00-04:00,221.7497754401669,224.73941151693165,221.7497754401669,224.55438232421875,626100,0.0,0.0,0.0
2020-10-06 00:00:00-04:00,224.3985790129215,225.53796780324726,220.16244745321913,220.80517578125,655900,0.0,0.0,0.0
2020-10-07 00:00:00-04:00,222.91837107038145,225.13869174572227,222.82098258872426,224.52517700195312,725200,0.0,0.0,0.0
2020-10-08 00:00:00-04:00,226.36568155701133,226.51176426348187,225.10945349397358,225.87876892089844,543800,0.0,0.0,0.0
2020-10-09 00:00:00-04:00,227.01816596351682,229.2677001953125,226.911044578222,229.2677001953125,981700,0.0,0.0,0.0
2020-10-12 00:00:00-04:00,232.36446099927412,236.23054872173114,231.34194143787602,234.4095001220703,769800,0.0,0.0,0.0
2020-10-13 00:00:00-04:00,235.05221935897006,235.82154970471697,233.33829209684066,234.1173553466797,807600,0.0,0.0,0.0
2020-10-14 00:00:00-04:00,234.72112246560218,235.39306433329966,230.95242312343268,232.21839904785156,1209400,0.0,0.0,0.0
2020-10-15 00:00:00-04:00,228.70291800980604,231.63412733071803,228.15756326367122,231.13748168945312,948300,0.0,0.0,0.0
2020-10-16 00:00:00-04:00,232.40341204181559,233.72781510197973,230.06623716359442,230.12466430664062,609500,0.0,0.0,0.0
2020-10-19 00:00:00-04:00,231.6340825026147,232.4131457012093,226.02485421964386,226.64810180664062,666900,0.0,0.0,0.0
2020-10-20 00:00:00-04:00,227.48562842312094,229.92019201986068,226.48258941001592,227.495361328125,945900,0.0,0.0,0.0
2020-10-21 00:00:00-04:00,227.63168945369978,229.7254081402105,226.9013203966291,227.21295166015625,592000,0.0,0.0,0.0
2020-10-22 00:00:00-04:00,227.5440673651939,228.22574223573181,224.40834810132193,227.0376739501953,515200,0.0,0.0,0.0
2020-10-23 00:00:00-04:00,227.7875012492352,228.14781188964844,225.97618542382884,228.14781188964844,552800,0.0,0.0,0.0
2020-10-26 00:00:00-04:00,226.06383842811815,227.87515435195832,221.49659470911598,224.27200317382812,796200,0.0,0.0,0.0
2020-10-27 00:00:00-04:00,225.05104993841786,226.2001567475508,224.17459818593392,225.5963897705078,648000,0.0,0.0,0.0
2020-10-28 00:00:00-04:00,221.83741663664327,221.83741663664327,216.63719285886904,216.8319549560547,1129000,0.0,0.0,0.0
2020-10-29 00:00:00-04:00,218.01027262868794,222.04190891450372,217.17278224760565,219.6073455810547,859100,0.0,0.0,0.0
2020-10-30 00:00:00-04:00,218.234233749311,218.97433555357608,212.5665639401921,214.99139404296875,1068600,0.0,0.0,0.0
2020-11-02 00:00:00-05:00,216.75405870707706,218.4679860568864,213.53069901962283,215.74127197265625,810000,0.0,0.0,0.0
2020-11-03 00:00:00-05:00,217.52338459306617,221.22392425081512,216.72485545615973,219.64633178710938,894200,0.0,0.0,0.0
2020-11-04 00:00:00-05:00,225.61585647451108,230.3973426474239,224.84654096391628,228.5762939453125,1147500,0.0,0.0,0.0
2020-11-05 00:00:00-05:00,233.43566893289037,234.64320279349008,232.19890664268098,233.81546020507812,1096800,0.0,0.0,0.0
2020-11-06 00:00:00-05:00,233.28958032194947,235.02298812136382,230.7186821923039,234.3607940673828,807200,0.0,0.0,0.0
2020-11-09 00:00:00-05:00,241.294474311961,241.294474311961,230.67978260878414,230.7576904296875,1539300,0.0,0.0,0.0
2020-11-10 00:00:00-05:00,228.86845894197765,229.92992510473127,224.89524936586264,227.24217224121094,1312100,0.0,0.0,0.0
2020-11-11 00:00:00-05:00,229.3456163332957,231.95547615185347,228.95609211411823,231.5172576904297,700200,0.0,0.0,0.0
2020-11-12 00:00:00-05:00,231.77041046173798,232.76371638149007,229.1897794822872,230.16360473632812,579500,0.0,0.0,0.0
2020-11-13 00:00:00-05:00,231.38089099066997,232.45208987617642,229.62800252601144,231.9554443359375,685800,0.0,0.0,0.0
2020-11-16 00:00:00-05:00,232.54948202312517,233.91283148419035,231.49774892770571,233.6791229248047,881800,0.0,0.0,0.0
2020-11-17 00:00:00-05:00,233.43566868706446,234.0394356167285,232.20863930175392,233.18246459960938,757200,0.0,0.0,0.0
2020-11-18 00:00:00-05:00,233.1727697707832,233.62072115968158,231.0595703125,231.0595703125,835600,0.0,0.0,0.0
2020-11-19 00:00:00-05:00,230.7479329599679,233.15328296387753,230.09547170416604,232.87088012695312,705700,0.0,0.0,0.0
2020-11-20 00:00:00-05:00,233.04611197662936,233.22140824383308,231.08872862578207,231.14715576171875,492300,0.0,0.0,0.0
2020-11-23 00:00:00-05:00,232.12103035273813,233.2019771756414,229.8812288893156,231.47830200195312,801200,0.0,0.0,0.0
2020-11-24 00:00:00-05:00,232.4715881319861,234.6140009244967,231.26403935176586,234.1173553466797,690800,0.0,0.0,0.0
2020-11-25 00:00:00-05:00,234.70164043188154,235.81180072788638,234.20499485661995,235.44175720214844,649800,0.0,0.0,0.0
2020-11-27 00:00:00-05:00,236.70773656317238,237.60365410812406,236.25977036099866,237.03883361816406,303200,0.0,0.0,0.0
2020-11-30 00:00:00-05:00,237.18490132154605,237.58417328374702,233.70835252763362,237.29202270507812,747700,0.0,0.0,0.0
2020-12-01 00:00:00-05:00,239.23965220209845,240.9243657578943,238.34373473718406,239.86289978027344,592300,0.0,0.0,0.0
2020-12-02 00:00:00-05:00,238.66514466206348,239.40524665962022,236.8635616237802,239.22996520996094,664900,0.0,0.0,0.0
2020-12-03 00:00:00-05:00,239.35653703135463,240.7685957400432,238.67486222749588,239.1033477783203,563900,0.0,0.0,0.0
2020-12-04 00:00:00-05:00,239.44418667387293,240.5348663330078,239.04491470601252,240.5348663330078,457000,0.0,0.0,0.0
2020-12-07 00:00:00-05:00,240.53484774164576,241.80082359637547,240.43745926843778,241.4697265625,551500,0.0,0.0,0.0
2020-12-08 00:00:00-05:00,240.924402021295,242.46304796200053,239.89214945763857,241.97613525390625,632100,0.0,0.0,0.0
2020-12-09 00:00:00-05:00,242.2293327658682,242.27801214783273,236.74669106724636,237.64260864257812,820300,0.0,0.0,0.0
2020-12-10 00:00:00-05:00,236.11368590766463,239.24938966492672,235.49043831761207,238.48980712890625,567400,0.0,0.0,0.0
2020-12-11 00:00:00-05:00,237.45757827156288,238.275588028568,235.7728645164317,238.20742797851562,561300,0.0,0.0,0.0
2020-12-14 00:00:00-05:00,239.44419016765139,241.39184093560846,238.8404083251953,238.8404083251953,732300,0.0,0.0,0.0
2020-12-15 00:00:00-05:00,240.8075418726448,241.7618865966797,239.47340583990447,241.7618865966797,690200,0.0,0.0,0.0
2020-12-16 00:00:00-05:00,242.06376054382906,243.5147507223664,241.391818713239,242.9888916015625,871800,0.0,0.0,0.0
2020-12-17 00:00:00-05:00,244.40094936610672,245.2287068576625,244.2159201720369,245.07289123535156,714100,0.0,0.0,0.0
2020-12-18 00:00:00-05:00,245.72536416480872,245.9688205140158,243.15446571155792,244.9949951171875,737100,0.0,0.0,0.0
2020-12-21 00:00:00-05:00,242.60912115100913,244.96577678239743,240.41801405073616,244.59571838378906,785500,0.0,0.0,0.0
2020-12-22 00:00:00-05:00,245.40398233702308,246.0564435228076,243.6705744441878,245.61822509765625,801200,0.0,0.0,0.0
2020-12-23 00:00:00-05:00,245.85197577137896,245.86170867634263,243.96275205064288,244.02117919921875,747600,0.0,0.0,0.0
2020-12-24 00:00:00-05:00,244.45142287464432,245.52461117203924,244.26605263356842,245.12460327148438,341700,0.461,0.0,0.0
2020-12-28 00:00:00-05:00,247.2124306335727,247.8173104641503,245.34899226202512,247.28073120117188,674300,0.0,0.0,0.0
2020-12-29 00:00:00-05:00,248.6563784018479,248.96858409034297,246.23684386315736,246.75392150878906,765000,0.0,0.0,0.0
2020-12-30 00:00:00-05:00,247.8075643817484,248.10025345876883,246.4026687214781,246.70510864257812,691000,0.0,0.0,0.0
2020-12-31 00:00:00-05:00,246.91974543050782,247.57340926435614,245.59290118793643,247.1636505126953,924200,0.0,0.0,0.0
2021-01-04 00:00:00-05:00,248.2563446095502,248.40268169778594,240.46113316253644,243.5733642578125,1299500,0.0,0.0,0.0
2021-01-05 00:00:00-05:00,242.77335369719412,245.42704212400918,242.77335369719412,245.15386962890625,929800,0.0,0.0,0.0
2021-01-06 00:00:00-05:00,241.87578775784334,245.64168278555428,240.95870227587872,242.47091674804688,1293900,0.0,0.0,0.0
2021-01-07 00:00:00-05:00,244.39289109790369,248.6368454609045,244.30508884159502,248.07098388671875,1024400,0.0,0.0,0.0
2021-01-08 00:00:00-05:00,249.5539137510647,250.85149055605135,247.74902510091053,250.7246551513672,882600,0.0,0.0,0.0
2021-01-11 00:00:00-05:00,248.1977991822494,249.37830629932026,246.84168755625703,247.34901428222656,790800,0.0,0.0,0.0
2021-01-12 00:00:00-05:00,247.36853230599368,248.0807309632113,244.81239697358944,246.87095642089844,3546800,0.0,0.0,0.0
2021-01-13 00:00:00-05:00,246.7441335983765,248.68560846746115,246.41242626926854,247.80755615234375,987000,0.0,0.0,0.0
2021-01-14 00:00:00-05:00,248.3051257985218,248.8514856903542,245.12460886954653,245.3977813720703,1030700,0.0,0.0,0.0
2021-01-15 00:00:00-05:00,245.30998224243157,246.16853291090086,243.20263872170793,244.0124053955078,853500,0.0,0.0,0.0
2021-01-19 00:00:00-05:00,245.8952957761522,247.09531927777047,244.61723576299093,246.72457885742188,927500,0.0,0.0,0.0
2021-01-20 00:00:00-05:00,248.99783152113685,253.14421808529062,248.99783152113685,252.51007080078125,902200,0.0,0.0,0.0
2021-01-21 00:00:00-05:00,253.26129060496294,254.24667671526916,252.52957532073262,253.71983337402344,798100,0.0,0.0,0.0
2021-01-22 00:00:00-05:00,253.09542888065013,254.3539576185192,252.9295603308827,253.5051727294922,829200,0.0,0.0,0.0
2021-01-25 00:00:00-05:00,255.58322214083736,256.5003075005174,249.8368049354714,255.1344451904297,868700,0.0,0.0,0.0
2021-01-26 00:00:00-05:00,255.5149203777529,255.90516249685805,254.42223053483238,254.72467041015625,775800,0.0,0.0,0.0
2021-01-27 00:00:00-05:00,252.97834866772953,252.97834866772953,246.1782884213322,248.20758056640625,942200,0.0,0.0,0.0
2021-01-28 00:00:00-05:00,249.15392612237395,253.26127939952536,248.7148850618325,249.71002197265625,776200,0.0,0.0,0.0
2021-01-29 00:00:00-05:00,248.30512149278795,248.958785318691,243.26116624087354,244.65631103515625,935000,0.0,0.0,0.0
2021-02-01 00:00:00-05:00,247.5636771725457,251.2710227931886,246.06122830264988,250.52957153320312,793000,0.0,0.0,0.0
2021-02-02 00:00:00-05:00,253.03691796942272,255.8467097663182,253.03691796942272,255.0076904296875,737300,0.0,0.0,0.0
2021-02-03 00:00:00-05:00,256.51011558760086,256.7637566326376,254.10033213154523,254.37350463867188,685300,0.0,0.0,0.0
2021-02-04 00:00:00-05:00,255.64181493589734,257.36865234375,254.86133051703754,257.36865234375,588900,0.0,0.0,0.0
2021-02-05 00:00:00-05:00,258.54916392460746,259.1052449079019,257.29060531000977,258.5393981933594,675800,0.0,0.0,0.0
2021-02-08 00:00:00-05:00,259.97357071353576,260.2174758149755,258.5296417945266,260.0028381347656,740700,0.0,0.0,0.0
2021-02-09 00:00:00-05:00,259.25159293176347,260.8906278894386,259.25159293176347,259.93450927734375,707900,0.0,0.0,0.0
2021-02-10 00:00:00-05:00,261.4662541830612,261.68089185131845,257.6320733476008,259.5540466308594,748500,0.0,0.0,0.0
2021-02-11 00:00:00-05:00,261.04675526935483,261.3686968981414,259.1540493281763,260.96868896484375,658300,0.0,0.0,0.0
2021-02-12 00:00:00-05:00,260.4125295431459,262.4320405172036,259.7198178369078,262.34423828125,719300,0.0,0.0,0.0
2021-02-16 00:00:00-05:00,263.00772109164654,263.3199267495871,260.5589342569489,261.2808837890625,874700,0.0,0.0,0.0
2021-02-17 00:00:00-05:00,259.15404139058387,260.5784387817827,257.80768052793445,260.33453369140625,767600,0.0,0.0,0.0
2021-02-18 00:00:00-05:00,258.041791094401,260.1296327263725,256.7539949888214,259.43695068359375,640200,0.0,0.0,0.0
2021-02-19 00:00:00-05:00,260.6272477978808,260.6272477978808,257.914994504807,258.31500244140625,843500,0.0,0.0,0.0
2021-02-22 00:00:00-05:00,255.5149673587638,255.68083592100314,252.3442011759887,252.53933715820312,828700,0.0,0.0,0.0
2021-02-23 00:00:00-05:00,248.86119792246777,253.23197217148683,244.03188099676066,252.1295166015625,1324100,0.0,0.0,0.0
2021-02-24 00:00:00-05:00,250.26617183558966,254.149152328618,248.44176617765547,253.78817749023438,1273100,0.0,0.0,0.0
2021-02-25 00:00:00-05:00,252.46127782872736,253.89544099425927,244.7636484269659,245.85633850097656,1038900,0.0,0.0,0.0
2021-02-26 00:00:00-05:00,248.15874166723333,250.1685316788445,244.43186555281662,246.72457885742188,1231700,0.0,0.0,0.0
2021-03-01 00:00:00-05:00,250.4904382743734,253.67096904348787,249.56360223961389,253.39779663085938,739700,0.0,0.0,0.0
2021-03-02 00:00:00-05:00,253.73931462193394,254.06128599425716,249.95393286626515,249.9636688232422,907300,0.0,0.0,0.0
2021-03-03 00:00:00-05:00,249.38803816022445,249.86608254486825,243.08553981781122,243.10504150390625,1140800,0.0,0.0,0.0
2021-03-04 00:00:00-05:00,242.88067756202366,244.84168394790757,235.75864619367462,238.9489288330078,1800900,0.0,0.0,0.0
2021-03-05 00:00:00-05:00,241.08554776940224,242.89045139022363,233.57327397431274,242.18800354003906,1489000,0.0,0.0,0.0
2021-03-08 00:00:00-05:00,242.2074813000638,244.187989244376,236.97815609130845,237.22206115722656,1080500,0.0,0.0,0.0
2021-03-09 00:00:00-05:00,242.67583666002596,246.5588018918106,242.16850985653872,244.98805236816406,979700,0.0,0.0,0.0
2021-03-10 00:00:00-05:00,247.90511811382945,248.1002391916943,244.4123957389477,244.94898986816406,1044200,0.0,0.0,0.0
2021-03-11 00:00:00-05:00,248.4807800873877,251.56374434791294,248.11980527696724,250.46128845214844,857100,0.0,0.0,0.0
2021-03-12 00:00:00-05:00,247.71973055874915,249.02705806449686,246.04166261023184,248.9099884033203,770500,0.0,0.0,0.0
2021-03-15 00:00:00-04:00,249.11488336035964,251.45636612123943,248.00267681592408,251.29052734375,872300,0.0,0.0,0.0
2021-03-16 00:00:00-04:00,252.82224674984778,254.5588496099053,250.85147478295548,252.05149841308594,880400,0.0,0.0,0.0
2021-03-17 00:00:00-04:00,249.96368615795,253.92470247029124,248.77344300478842,252.51007080078125,704400,0.0,0.0,0.0
2021-03-18 00:00:00-04:00,249.2514617634363,249.98319185081826,245.62215317752703,245.87582397460938,749400,0.0,0.0,0.0
2021-03-19 00:00:00-04:00,246.2075321932491,247.58316034823318,244.3928778936572,246.27581787109375,749300,0.0,0.0,0.0
2021-03-22 00:00:00-04:00,247.70022528749385,251.3100172440336,247.62217388088746,249.8953857421875,686600,0.0,0.0,0.0
2021-03-23 00:00:00-04:00,250.46126819983613,251.93446451914994,248.34417373582468,248.87100219726562,894000,0.0,0.0,0.0
2021-03-24 00:00:00-04:00,249.92464067069554,249.92464067069554,245.46604919433594,245.46604919433594,1161000,0.0,0.0,0.0
2021-03-25 00:00:00-04:00,244.33361737966192,246.06308851015132,242.14492297750462,245.5256805419922,1213600,0.381,0.0,0.0
2021-03-26 00:00:00-04:00,245.53544483035878,249.43407907690474,244.8807896397711,249.18003845214844,692700,0.0,0.0,0.0
2021-03-29 00:00:00-04:00,248.77943584208685,249.6783660683046,246.7275198433234,248.91622924804688,924300,0.0,0.0,0.0
2021-03-30 00:00:00-04:00,247.7338863873546,248.23221684676736,246.07281964448617,247.70457458496094,750800,0.0,0.0,0.0
2021-03-31 00:00:00-04:00,248.99435038358007,252.48258900862047,248.99435038358007,251.15374755859375,757900,0.0,0.0,0.0
2021-04-01 00:00:00-04:00,253.85060477556354,255.41397096534834,253.68451445003566,255.39443969726562,959200,0.0,0.0,0.0
2021-04-05 00:00:00-04:00,257.407316933966,260.4167728723665,257.1825731201664,259.88916015625,1034800,0.0,0.0,0.0
2021-04-06 00:00:00-04:00,260.07470832834514,261.5207971787945,259.4005069734157,260.21148681640625,794600,0.0,0.0,0.0
2021-04-07 00:00:00-04:00,260.2115419762669,261.540413703448,259.6545877269617,261.00299072265625,636500,0.0,0.0,0.0
2021-04-08 00:00:00-04:00,262.8984813403444,263.9537658691406,262.7617028680757,263.9537658691406,672500,0.0,0.0,0.0
2021-04-09 00:00:00-04:00,263.1720313970901,266.0251756605941,262.7616662187999,265.9079284667969,698200,0.0,0.0,0.0
2021-04-12 00:00:00-04:00,265.30210160098363,266.2498895091332,264.21753523964287,265.9079284667969,687600,0.0,0.0,0.0
2021-04-13 00:00:00-04:00,266.74831454190337,269.07381743967534,266.74831454190337,268.7025146484375,877500,0.0,0.0,0.0
2021-04-14 00:00:00-04:00,268.9272391197118,269.15195303187113,265.4682968298272,265.859130859375,900000,0.0,0.0,0.0
2021-04-15 00:00:00-04:00,268.16509266066225,270.216978696518,268.07712742486365,270.0606689453125,1125100,0.0,0.0,0.0
2021-04-16 00:00:00-04:00,270.6566862438212,270.6566862438212,268.8197335661886,270.1388244628906,902700,0.0,0.0,0.0
2021-04-19 00:00:00-04:00,269.11289994884805,269.9140993009923,266.56265339735245,267.8817443847656,870300,0.0,0.0,0.0
2021-04-20 00:00:00-04:00,267.50065433526976,268.4875348701417,264.5205112842614,266.0545654296875,981500,0.0,0.0,0.0
2021-04-21 00:00:00-04:00,265.2728170678798,268.2138970290226,264.667019958518,268.1748046875,658500,0.0,0.0,0.0
2021-04-22 00:00:00-04:00,268.1748366479982,269.2594330687927,264.754986915832,265.79071044921875,807200,0.0,0.0,0.0
2021-04-23 00:00:00-04:00,266.5137726826093,270.519858333705,266.5137726826093,269.79681396484375,1473100,0.0,0.0,0.0
2021-04-26 00:00:00-04:00,270.1193050361384,271.438366171922,269.40601130639163,271.0964050292969,653700,0.0,0.0,0.0
2021-04-27 00:00:00-04:00,271.7314761269059,271.7314761269059,269.8065882163525,270.5296325683594,707500,0.0,0.0,0.0
2021-04-28 00:00:00-04:00,270.4416898423191,271.30154246399303,269.57208649907176,269.923828125,608400,0.0,0.0,0.0
2021-04-29 00:00:00-04:00,272.37638196752516,272.4643173816672,268.0478066799365,270.6175842285156,697300,0.0,0.0,0.0
2021-04-30 00:00:00-04:00,268.7903714100658,270.2462405213624,268.0868583848565,268.51678466796875,630900,0.0,0.0,0.0
2021-05-03 00:00:00-04:00,269.82610669138353,269.8945108346076,266.8166523954414,266.9729919433594,835100,0.0,0.0,0.0
2021-05-04 00:00:00-04:00,265.28267188291625,265.43901147405967,259.889090172746,262.9669494628906,1227500,0.0,0.0,0.0
2021-05-05 00:00:00-04:00,264.7158880135514,264.7158880135514,261.0712950650518,261.5793762207031,393000,0.0,0.0,0.0
2021-05-06 00:00:00-04:00,261.491469660969,262.751936877326,259.1855282170638,262.66400146484375,800800,0.0,0.0,0.0
2021-05-07 00:00:00-04:00,264.8429721250805,266.42589934645287,264.1687706656243,264.8722839355469,833500,0.0,0.0,0.0
2021-05-10 00:00:00-04:00,263.86582040350214,263.9733169000043,259.24415688453877,259.31256103515625,908600,0.0,0.0,0.0
2021-05-11 00:00:00-04:00,254.53456373540146,259.13669663450236,254.07532551787065,258.5602111816406,1371100,0.0,0.0,0.0
2021-05-12 00:00:00-04:00,254.90586140316026,256.4789781434442,251.0853966955365,251.78890991210938,1456900,0.0,0.0,0.0
2021-05-13 00:00:00-04:00,253.94826940867972,255.7852220738662,251.82797922929606,253.6746826171875,901600,0.0,0.0,0.0
2021-05-14 00:00:00-04:00,256.2737293417137,259.4395230898398,255.86333431349937,258.8825988769531,554900,0.0,0.0,0.0
2021-05-17 00:00:00-04:00,257.7394363152091,257.95439950754775,255.2673745126775,257.3681335449219,678100,0.0,0.0,0.0
2021-05-18 00:00:00-04:00,258.1595314642251,259.00960352468115,255.70703122722753,255.74609375,639100,0.0,0.0,0.0
2021-05-19 00:00:00-04:00,251.98434444960878,255.95136823943605,251.51532569413897,255.83409118652344,752100,0.0,0.0,0.0
2021-05-20 00:00:00-04:00,256.8405114608525,261.0322791328148,256.8405114608525,260.3092346191406,664300,0.0,0.0,0.0
2021-05-21 00:00:00-04:00,261.4328484846335,261.90186717429094,259.0096299828208,259.09759521484375,1072600,0.0,0.0,0.0
2021-05-24 00:00:00-04:00,260.8465879997218,264.06125510678606,260.7586525845935,263.34796142578125,547300,0.0,0.0,0.0
2021-05-25 00:00:00-04:00,264.50098360094375,264.96997251992656,263.14280027936246,263.8463134765625,555400,0.0,0.0,0.0
2021-05-26 00:00:00-04:00,264.2370788423178,264.9308411358866,263.9048685048017,264.4422912597656,585200,0.0,0.0,0.0
2021-05-27 00:00:00-04:00,264.6670908538723,265.15564088825204,263.7095518704738,263.9733581542969,631400,0.0,0.0,0.0
2021-05-28 00:00:00-04:00,265.2044611292721,266.04475270858455,264.47163622319744,264.67681884765625,1111200,0.0,0.0,0.0
2021-06-01 00:00:00-04:00,265.84937095468075,266.11320705461833,262.9571631290429,263.7583923339844,674500,0.0,0.0,0.0
2021-06-02 00:00:00-04:00,264.1589796554324,264.8918046240611,263.0548519317026,264.0514831542969,992700,0.0,0.0,0.0
2021-06-03 00:00:00-04:00,262.08756397892176,262.9278557308393,260.2506110660357,261.5892333984375,681200,0.0,0.0,0.0
2021-06-04 00:00:00-04:00,263.03531894826443,265.4096646746105,262.9082911835364,265.1360778808594,581100,0.0,0.0,0.0
2021-06-07 00:00:00-04:00,264.9796982087673,265.7711466644395,264.50092884683994,265.63433837890625,765400,0.0,0.0,0.0
2021-06-08 00:00:00-04:00,266.86551336794025,267.6569618820198,264.78428586101944,265.9372863769531,518700,0.0,0.0,0.0
2021-06-09 00:00:00-04:00,266.91438691576974,267.47131118425625,265.82001000418205,265.99591064453125,476700,0.0,0.0,0.0
2021-06-10 00:00:00-04:00,266.4453379322742,268.6047200687801,266.05450398909534,268.51678466796875,663100,0.0,0.0,0.0
2021-06-11 00:00:00-04:00,268.8490070194211,269.56230061615446,268.2627411691065,269.513427734375,752200,0.0,0.0,0.0
2021-06-14 00:00:00-04:00,269.9922405941367,271.897567430768,269.11285668348216,271.8487243652344,657400,0.0,0.0,0.0
2021-06-15 00:00:00-04:00,271.85856260546734,271.85856260546734,269.8848013844768,270.2951965332031,898900,0.0,0.0,0.0
2021-06-16 00:00:00-04:00,270.4905555305824,271.3699693063993,266.7775877923088,269.2789611816406,806400,0.0,0.0,0.0
2021-06-17 00:00:00-04:00,268.59507957938115,273.2460561037939,268.5364261360504,272.6597900390625,849400,0.0,0.0,0.0
2021-06-18 00:00:00-04:00,271.42853399420613,272.22973308592844,270.2071593692873,270.7152404785156,871300,0.0,0.0,0.0
2021-06-21 00:00:00-04:00,271.14519549127976,273.21664230385767,269.2007764241614,273.021240234375,727000,0.0,0.0,0.0
2021-06-22 00:00:00-04:00,273.26556431909137,276.16755245023415,272.8844810141931,275.8646240234375,696300,0.0,0.0,0.0
2021-06-23 00:00:00-04:00,275.88420334250003,276.8417423014798,275.57152417197614,276.0698547363281,619800,0.0,0.0,0.0
2021-06-24 00:00:00-04:00,277.8543440447003,278.70554278733465,277.06184660443796,277.50213623046875,647600,0.374,0.0,0.0
2021-06-25 00:00:00-04:00,278.35339015712185,278.4512356332202,277.00320021840747,277.9718017578125,489600,0.0,0.0,0.0
2021-06-28 00:00:00-04:00,278.6468755056463,280.2416640840251,278.5588235413379,280.22210693359375,669700,0.0,0.0,0.0
2021-06-29 00:00:00-04:00,280.2906482309038,281.2005485379,279.6253168487159,281.0244445800781,633100,0.0,0.0,0.0
2021-06-30 00:00:00-04:00,280.73089750715417,281.0928989150679,279.99710118573483,280.6134948730469,806400,0.0,0.0,0.0
2021-07-01 00:00:00-04:00,280.36886949751533,281.13201640505326,279.4296186555255,281.1222229003906,581100,0.0,0.0,0.0
2021-07-02 00:00:00-04:00,282.2963181081243,284.3705108039313,282.2180596429934,284.2335510253906,681300,0.0,0.0,0.0
2021-07-06 00:00:00-04:00,284.71296886993923,286.01422119140625,283.1964684360963,286.01422119140625,778600,0.0,0.0,0.0
2021-07-07 00:00:00-04:00,287.42312694115924,287.64816857030326,284.8303858151517,286.5621643066406,891800,0.0,0.0,0.0
2021-07-08 00:00:00-04:00,281.9832313535334,285.2804179222311,281.0635376101982,284.50750732421875,740500,0.0,0.0,0.0
2021-07-09 00:00:00-04:00,284.5173024764793,286.9828774053536,284.1944452091629,286.7284851074219,793200,0.0,0.0,0.0
2021-07-12 00:00:00-04:00,287.61880069603205,287.8536059588244,286.356662692027,287.3546447753906,772200,0.0,0.0,0.0
2021-07-13 00:00:00-04:00,287.00231816769474,289.23305704833473,286.31745974383165,286.8751220703125,1245900,0.0,0.0,0.0
2021-07-14 00:00:00-04:00,288.8906444689213,289.2820263061607,286.66969884797413,287.2469482421875,1123200,0.0,0.0,0.0
2021-07-15 00:00:00-04:00,287.1687592714019,287.3448632258234,284.08679077777776,285.68157958984375,799900,0.0,0.0,0.0
2021-07-16 00:00:00-04:00,286.4642416279822,287.08063517185246,283.47035572196245,283.793212890625,1124700,0.0,0.0,0.0
2021-07-19 00:00:00-04:00,280.35908583502913,281.10267561759184,278.50014123686935,280.3003845214844,1044900,0.0,0.0,0.0
2021-07-20 00:00:00-04:00,281.54298891104287,285.87727212089305,280.2221495291513,284.70318603515625,1148700,0.0,0.0,0.0
2021-07-21 00:00:00-04:00,284.81081733172624,286.65996852982903,284.5857757115344,286.6404113769531,743600,0.0,0.0,0.0
2021-07-22 00:00:00-04:00,286.99258176156803,288.7537106123842,286.7284258701557,288.70477294921875,578100,0.0,0.0,0.0
2021-07-23 00:00:00-04:00,290.51486381274714,293.293502447046,289.9376142590469,293.10760498046875,877400,0.0,0.0,0.0
2021-07-26 00:00:00-04:00,292.7162901781978,293.4990243103952,291.84553391280497,293.381591796875,665000,0.0,0.0,0.0
2021-07-27 00:00:00-04:00,293.0978072589343,293.0978072589343,287.5307371314192,290.6322326660156,903700,0.0,0.0,0.0
2021-07-28 00:00:00-04:00,291.4443141760958,292.3737715328306,289.37012150502864,291.35626220703125,670100,0.0,0.0,0.0
2021-07-29 00:00:00-04:00,291.08231966879924,292.81406815112354,291.04317550665286,291.6302185058594,523400,0.0,0.0,0.0
2021-07-30 00:00:00-04:00,288.5678694931365,290.5540104640675,288.3819720249693,289.5462646484375,559900,0.0,0.0,0.0
2021-08-02 00:00:00-04:00,290.92581967731536,291.1997691399134,288.7439876249525,288.98858642578125,724400,0.0,0.0,0.0
2021-08-03 00:00:00-04:00,289.69300498570766,290.6029052734375,286.94371711100837,290.6029052734375,884200,0.0,0.0,0.0
2021-08-04 00:00:00-04:00,289.82992158757406,291.7084230076269,289.6440241745778,290.79852294921875,712700,0.0,0.0,0.0
2021-08-05 00:00:00-04:00,291.5519033309743,293.2543308577121,290.80834346815533,293.2445373535156,522300,0.0,0.0,0.0
2021-08-06 00:00:00-04:00,292.61836503980453,293.1467067029615,291.27796865989814,292.1976623535156,634300,0.0,0.0,0.0
2021-08-09 00:00:00-04:00,292.5694656309657,292.7553630759636,291.24862636428185,292.3542175292969,546800,0.0,0.0,0.0
2021-08-10 00:00:00-04:00,292.8629232768284,293.1075219943094,290.18213088787303,290.6811218261719,715200,0.0,0.0,0.0
2021-08-11 00:00:00-04:00,291.59113792721394,291.92378873237675,289.135356271794,290.1626892089844,642900,0.0,0.0,0.0
2021-08-12 00:00:00-04:00,290.09412962115795,291.8748157615403,289.29183852165636,291.74761962890625,660700,0.0,0.0,0.0
2021-08-13 00:00:00-04:00,292.11946560577024,292.8630256632607,291.6596186618113,292.56951904296875,518200,0.0,0.0,0.0
2021-08-16 00:00:00-04:00,291.7475642270838,293.01946559540045,288.91022511897944,292.9999084472656,780400,0.0,0.0,0.0
2021-08-17 00:00:00-04:00,290.86709106282626,291.4247535841208,288.60700074388484,290.6029052734375,843800,0.0,0.0,0.0
2021-08-18 00:00:00-04:00,290.2115909338336,291.2291303424203,287.67755084852143,287.9221496582031,628500,0.0,0.0,0.0
2021-08-19 00:00:00-04:00,286.0338908126251,290.2214217787852,285.7794984631867,289.05712890625,808200,0.0,0.0,0.0
2021-08-20 00:00:00-04:00,289.8984875715686,292.29556776937983,289.5658367845451,292.0705261230469,653000,0.0,0.0,0.0
2021-08-23 00:00:00-04:00,293.0391469739063,296.1895806162015,293.0391469739063,295.7199401855469,643000,0.0,0.0,0.0
2021-08-24 00:00:00-04:00,296.31672546273353,296.952706163922,296.0232188762226,296.2482604980469,653300,0.0,0.0,0.0
2021-08-25 00:00:00-04:00,296.6591471915649,296.9917979170995,295.85688596327384,296.6493835449219,653700,0.0,0.0,0.0
2021-08-26 00:00:00-04:00,296.2580348872353,296.79617012634907,294.67303954610924,294.9372253417969,594400,0.0,0.0,0.0
2021-08-27 00:00:00-04:00,295.3677033487298,298.04849629800225,295.0546097589357,297.6962585449219,614300,0.0,0.0,0.0
2021-08-30 00:00:00-04:00,298.3811549468341,301.1206492845032,298.3811549468341,300.6803894042969,651400,0.0,0.0,0.0
2021-08-31 00:00:00-04:00,300.82714082958313,300.82714082958313,299.4280430107565,300.181396484375,770600,0.0,0.0,0.0
2021-09-01 00:00:00-04:00,300.96410783693045,302.33388488837005,300.85649870593846,301.0717468261719,816300,0.0,0.0,0.0
2021-09-02 00:00:00-04:00,302.03054575484214,302.5001562413847,300.0444051168512,300.9151611328125,904500,0.0,0.0,0.0
2021-09-03 00:00:00-04:00,300.3574916632064,302.0990336858144,299.74109799449866,301.9914245605469,654100,0.0,0.0,0.0
2021-09-07 00:00:00-04:00,302.1087829491726,302.6468882132038,300.7585931789201,302.3044738769531,645700,0.0,0.0,0.0
2021-09-08 00:00:00-04:00,302.0696558532124,302.1479441720438,299.69216322343726,301.5119934082031,895200,0.0,0.0,0.0
2021-09-09 00:00:00-04:00,301.73702312355067,302.90131560502266,300.37706954983156,300.6020812988281,584300,0.0,0.0,0.0
2021-09-10 00:00:00-04:00,301.96205645918656,302.47081111498926,297.8136711749208,298.107177734375,644000,0.0,0.0,0.0
2021-09-13 00:00:00-04:00,299.7704769151996,300.1324783102609,295.8373096627551,297.4320983886719,2437900,0.0,0.0,0.0
2021-09-14 00:00:00-04:00,298.54748233182215,298.88989671552605,296.3167129356514,297.060302734375,860700,0.0,0.0,0.0
2021-09-15 00:00:00-04:00,297.5690880312689,299.43779632155866,295.57315374754734,299.1540832519531,952400,0.0,0.0,0.0
2021-09-16 00:00:00-04:00,298.25396381888186,299.89766044910704,296.88421662702757,299.5943603515625,513900,0.0,0.0,0.0
2021-09-17 00:00:00-04:00,299.17365229051853,299.35954974805844,295.9253733946359,296.2482604980469,764100,0.0,0.0,0.0
2021-09-20 00:00:00-04:00,291.77702686331935,293.19571189098787,287.0415975302145,290.86712646484375,1233700,0.0,0.0,0.0
2021-09-21 00:00:00-04:00,292.50089033086465,293.5575733967635,290.5049865099244,291.4148864746094,751400,0.0,0.0,0.0
2021-09-22 00:00:00-04:00,292.3052677892368,295.39699923412616,291.3562235486908,294.3990173339844,723200,0.0,0.0,0.0
2021-09-23 00:00:00-04:00,295.62207026395265,298.14634631499666,295.11331556647997,297.34405517578125,703800,0.0,0.0,0.0
2021-09-24 00:00:00-04:00,295.77409975951826,298.1247242286249,295.3823389778111,297.70355224609375,614700,0.317,0.0,0.0
2021-09-27 00:00:00-04:00,295.7446924036269,296.04830922441965,293.71732231723706,295.1276550292969,697800,0.0,0.0,0.0
2021-09-28 00:00:00-04:00,291.6212789802949,291.8465555479272,285.9602524932316,286.3226318359375,1176900,0.0,0.0,0.0
2021-09-29 00:00:00-04:00,287.9386988725301,289.12381457029943,285.5783010977876,286.0092468261719,865900,0.0,0.0,0.0
2021-09-30 00:00:00-04:00,287.2629063436381,288.27170434972624,284.0112656134576,284.1973571777344,810300,0.0,0.0,0.0
2021-10-01 00:00:00-04:00,285.1179173735519,288.22268076897547,282.36575945370777,287.1943054199219,995600,0.0,0.0,0.0
2021-10-04 00:00:00-04:00,286.17582748864066,286.17582748864066,279.00648857995816,281.0926513671875,1533700,0.0,0.0,0.0
2021-10-05 00:00:00-04:00,282.2091637501621,286.3226962693879,281.7488366705719,284.745849609375,649300,0.0,0.0,0.0
2021-10-06 00:00:00-04:00,282.05240069398025,286.84173228244885,281.278653217894,286.6164855957031,677700,0.0,0.0,0.0
2021-10-07 00:00:00-04:00,289.1727793493102,291.5625584775085,288.83978125956787,289.3784484863281,675200,0.0,0.0,0.0
2021-10-08 00:00:00-04:00,290.53423236584115,290.53423236584115,287.8995986152245,288.24237060546875,474900,0.0,0.0,0.0
2021-10-11 00:00:00-04:00,287.17472862321614,289.7701765965253,286.1561568948298,286.2344970703125,700200,0.0,0.0,0.0
2021-10-12 00:00:00-04:00,287.5469914365429,287.80164938395995,285.6273427660193,286.05828857421875,552000,0.0,0.0,0.0
2021-10-13 00:00:00-04:00,287.6056871509681,288.61448508334183,285.9896556908735,288.2521057128906,597600,0.0,0.0,0.0
2021-10-14 00:00:00-04:00,290.9357233418251,293.4822127796455,290.6125289771039,293.2079772949219,615400,0.0,0.0,0.0
2021-10-15 00:00:00-04:00,294.50079325232986,295.5291687733777,293.8249933764102,295.46063232421875,601500,0.0,0.0,0.0
2021-10-18 00:00:00-04:00,294.45184063959016,298.3695073012808,294.09923509753725,298.330322265625,561500,0.0,0.0,0.0
2021-10-19 00:00:00-04:00,299.37827794372635,300.58294120300235,298.8297771628864,300.4752197265625,607500,0.0,0.0,0.0
2021-10-20 00:00:00-04:00,300.9453309557469,301.053082325333,298.6926847088062,299.8092041015625,604000,0.0,0.0,0.0
2021-10-21 00:00:00-04:00,299.2510125477846,302.24802551562414,298.9571695789322,302.1598815917969,727100,0.0,0.0,0.0
2021-10-22 00:00:00-04:00,301.06284285554113,301.9932705677574,298.6044979528985,300.13238525390625,695900,0.0,0.0,0.0
2021-10-25 00:00:00-04:00,300.9257320755913,303.14899686238635,299.45660726480736,302.5613708496094,699400,0.0,0.0,0.0
2021-10-26 00:00:00-04:00,304.43206097857853,305.80326818575156,302.3850837882559,303.021728515625,665300,0.0,0.0,0.0
2021-10-27 00:00:00-04:00,303.7660759911056,305.86204202403195,303.1686461658513,303.2371826171875,603500,0.0,0.0,0.0
2021-10-28 00:00:00-04:00,304.58878569164415,306.3419499290671,304.0599222014564,306.3027648925781,731400,0.0,0.0,0.0
2021-10-29 00:00:00-04:00,303.78565692071317,307.92856996785207,303.4330514057566,307.6837158203125,558800,0.0,0.0,0.0
2021-11-01 00:00:00-04:00,308.2321918367684,308.36932450858984,306.2439773213168,307.83062744140625,611000,0.0,0.0,0.0
2021-11-02 00:00:00-04:00,307.69362438403033,309.17255350366503,307.54671782333907,308.7416076660156,653400,0.0,0.0,0.0
2021-11-03 00:00:00-04:00,308.97658522969795,311.21945782493333,307.5662228011104,310.8276672363281,682400,0.0,0.0,0.0
2021-11-04 00:00:00-04:00,311.74831711722186,314.78451480144133,311.25860877749045,314.3633728027344,952500,0.0,0.0,0.0
2021-11-05 00:00:00-04:00,315.74426174509006,316.5767716575175,313.55037858808083,314.86279296875,733400,0.0,0.0,0.0
2021-11-08 00:00:00-05:00,315.989191534982,316.1262943204283,314.80410578391167,315.3819580078125,617300,0.0,0.0,0.0
2021-11-09 00:00:00-05:00,316.1263666399007,316.3222619661224,312.6298711933423,313.7953796386719,608500,0.0,0.0,0.0
2021-11-10 00:00:00-05:00,311.650428307782,313.48193288618467,307.4291444183669,308.878662109375,710800,0.0,0.0,0.0
2021-11-11 00:00:00-05:00,310.8962205055885,311.1214970956214,309.1724675237935,309.3095703125,497700,0.0,0.0,0.0
2021-11-12 00:00:00-05:00,310.26945979510083,313.4133793880471,309.4075682194751,313.1979064941406,556600,0.0,0.0,0.0
2021-11-15 00:00:00-05:00,313.9030597114111,314.5494783353015,311.75813469695595,313.0411682128906,673800,0.0,0.0,0.0
2021-11-16 00:00:00-05:00,312.93340643579944,316.4886934648048,312.7277074300691,315.9695739746094,734600,0.0,0.0,0.0
2021-11-17 00:00:00-05:00,316.1948448133164,316.84126334226,315.0097591216308,315.4015197753906,4098200,0.0,0.0,0.0
2021-11-18 00:00:00-05:00,316.84130675901923,318.1145365305648,314.92165836995133,317.8794860839844,944400,0.0,0.0,0.0
2021-11-19 00:00:00-05:00,318.8197383766468,320.4553775450095,318.0851757941553,318.9666748046875,1021400,0.0,0.0,0.0
2021-11-22 00:00:00-05:00,320.3181991532407,321.75794280510945,314.5102656696884,314.7257385253906,869400,0.0,0.0,0.0
2021-11-23 00:00:00-05:00,313.2664310295396,315.0195952555192,309.4271044931606,312.9432067871094,1243700,0.0,0.0,0.0
2021-11-24 00:00:00-05:00,311.2978220880084,314.97063496958486,309.56426516809825,314.9412536621094,603200,0.0,0.0,0.0
2021-11-26 00:00:00-05:00,311.8854232452158,313.27617807356546,307.4486672605738,308.5260314941406,754000,0.0,0.0,0.0
2021-11-29 00:00:00-05:00,312.2282146847979,315.225226978315,311.22919066067783,314.2947692871094,895500,0.0,0.0,0.0
2021-11-30 00:00:00-05:00,313.13906855512886,315.14686057811366,308.21260437844705,309.87762451171875,940400,0.0,0.0,0.0
2021-12-01 00:00:00-05:00,313.10967226652076,314.09889252453866,303.0706528532688,303.2567443847656,1020900,0.0,0.0,0.0
2021-12-02 00:00:00-05:00,302.63981590666776,308.13433025629877,301.9933971791645,306.8023376464844,1017800,0.0,0.0,0.0
2021-12-03 00:00:00-05:00,307.9971711295545,308.78069253450917,298.17362281504217,301.3861083984375,1462400,0.0,0.0,0.0
2021-12-06 00:00:00-05:00,302.39489757966214,305.617186800643,299.05508314031044,304.7357177734375,1025300,0.0,0.0,0.0
2021-12-07 00:00:00-05:00,310.15185158485497,314.0107252879266,310.01471892113403,313.6483459472656,838700,0.0,0.0,0.0
2021-12-08 00:00:00-05:00,314.09895969663114,316.1263296274506,312.38498040587183,316.0284118652344,879300,0.0,0.0,0.0
2021-12-09 00:00:00-05:00,315.23510285036303,316.3516524412001,311.75818487992416,311.8659362792969,657700,0.0,0.0,0.0
2021-12-10 00:00:00-05:00,313.01179731039986,314.7257766325626,311.25863294897664,314.7159729003906,561800,0.0,0.0,0.0
2021-12-13 00:00:00-05:00,314.39275729114206,314.71595164729047,310.2988027029936,310.4457092285156,703200,0.0,0.0,0.0
2021-12-14 00:00:00-05:00,307.0078987527158,308.6043524873885,303.12941764238735,306.4006652832031,790000,0.0,0.0,0.0
2021-12-15 00:00:00-05:00,306.2048539932933,312.8159167735293,303.01194596000005,312.3947448730469,1367700,0.0,0.0,0.0
2021-12-16 00:00:00-05:00,313.72676101008614,314.12832543932785,303.98155299826453,305.34295654296875,1499300,0.0,0.0,0.0
2021-12-17 00:00:00-05:00,302.6397496181989,307.1548460989123,301.23919096009433,304.3929138183594,721200,0.0,0.0,0.0
2021-12-20 00:00:00-05:00,300.1520448454889,301.50364472482795,298.3695291001518,300.7201232910156,976900,0.0,0.0,0.0
2021-12-21 00:00:00-05:00,303.2567957750328,308.1146942087063,301.01392317651545,308.02655029296875,1004300,0.0,0.0,0.0
2021-12-22 00:00:00-05:00,307.68369944826713,312.02250753833584,307.53679294544486,311.50341796875,708700,0.0,0.0,0.0
2021-12-23 00:00:00-05:00,312.18901994076606,315.107691969737,311.84621817628033,313.9617614746094,625700,0.0,0.0,0.0
2021-12-27 00:00:00-05:00,314.96128116892595,318.93374859142256,314.96128116892595,318.8650817871094,678300,0.469,0.0,0.0
2021-12-28 00:00:00-05:00,319.5124231780071,319.66936303310433,316.8543236028614,317.4428405761719,623500,0.0,0.0,0.0
2021-12-29 00:00:00-05:00,317.6390018381368,318.4629136505519,315.68711658967294,317.560546875,643500,0.0,0.0,0.0
2021-12-30 00:00:00-05:00,317.25654223606415,319.0220635893262,316.26587229086795,316.30511474609375,605000,0.0,0.0,0.0
2021-12-31 00:00:00-05:00,316.324709462475,317.07016641844393,314.6572494082988,314.7553405761719,630000,0.0,0.0,0.0
2022-01-03 00:00:00-05:00,315.9519539737468,317.33495850282463,313.745037584771,316.90338134765625,953700,0.0,0.0,0.0
2022-01-04 00:00:00-05:00,317.2173212767317,317.32520061938425,310.3415397771014,313.078125,1243100,0.0,0.0,0.0
2022-01-05 00:00:00-05:00,311.3910023724679,311.6362153068988,302.32794189453125,302.32794189453125,1360300,0.0,0.0,0.0
2022-01-06 00:00:00-05:00,300.9743799724428,304.2994519998412,298.6007054524833,301.6707763671875,1390900,0.0,0.0,0.0
2022-01-07 00:00:00-05:00,301.60201838526945,302.9850225933045,297.16858037786113,298.38482666015625,1267800,0.0,0.0,0.0
2022-01-10 00:00:00-05:00,294.4124497700613,298.03179493656415,288.98834106812046,297.7767639160156,1850400,0.0,0.0,0.0
2022-01-11 00:00:00-05:00,297.16860697206994,301.65110591559056,295.3834498969869,301.6314697265625,1271100,0.0,0.0,0.0
2022-01-12 00:00:00-05:00,303.31851133039277,305.35869923350003,301.36662640439994,302.71038818359375,1835800,0.0,0.0,0.0
2022-01-13 00:00:00-05:00,303.9365628485854,304.2308363682425,294.17710474437285,294.72637939453125,1098300,0.0,0.0,0.0
2022-01-14 00:00:00-05:00,292.7253762486522,296.0308416037147,291.56797845625493,295.3736877441406,927300,0.0,0.0,0.0
2022-01-18 00:00:00-05:00,290.83239750340397,292.40173654856113,287.87020569923925,288.3312072753906,1190100,0.0,0.0,0.0
2022-01-19 00:00:00-05:00,290.00842298252144,292.13685431844806,285.30031706271313,285.61419677734375,1545200,0.0,0.0,0.0
2022-01-20 00:00:00-05:00,288.046763516911,291.5385935574111,281.56331750321067,281.877197265625,1106800,0.0,0.0,0.0
2022-01-21 00:00:00-05:00,280.1214215298627,282.38718646610437,274.13822042699223,274.2167053222656,1911100,0.0,0.0,0.0
2022-01-24 00:00:00-05:00,268.73376977531194,276.4824925137388,260.3180451062397,276.2078552246094,2935300,0.0,0.0,0.0
2022-01-25 00:00:00-05:00,271.2545239309807,274.13823030523884,266.74263008634347,269.5478515625,1765600,0.0,0.0,0.0
2022-01-26 00:00:00-05:00,275.8939528576332,278.40493070465925,265.9481326218633,269.21435546875,2699100,0.0,0.0,0.0
2022-01-27 00:00:00-05:00,273.108357078809,274.51096786351303,266.01678832135883,266.6641540527344,1511300,0.0,0.0,0.0
2022-01-28 00:00:00-05:00,269.184927165023,276.54131448384584,265.0163076843567,276.46282958984375,1225200,0.0,0.0,0.0
2022-01-31 00:00:00-05:00,277.3848154290193,285.3002948800934,276.37453949684163,285.1237487792969,1299000,0.0,0.0,0.0
2022-02-01 00:00:00-05:00,286.2712731000353,287.70333768526046,282.26941258850735,287.5954284667969,1385600,0.0,0.0,0.0
2022-02-02 00:00:00-05:00,290.64594600991,290.83231020389536,286.398841925778,289.19427490234375,1356700,0.0,0.0,0.0
2022-02-03 00:00:00-05:00,281.7594688162047,284.4862353438653,277.3456361678405,278.26763916015625,1188300,0.0,0.0,0.0
2022-02-04 00:00:00-05:00,279.2681570210283,284.94729796140405,277.40454437861655,282.16168212890625,795000,0.0,0.0,0.0
2022-02-07 00:00:00-05:00,282.7403272150458,284.5646970516512,278.99346644968455,279.9547119140625,933200,0.0,0.0,0.0
2022-02-08 00:00:00-05:00,278.69927559431443,283.29944350570776,277.75763621041784,282.6618957519531,976500,0.0,0.0,0.0
2022-02-09 00:00:00-05:00,286.0555748176927,288.6155831241899,285.5455128287456,288.4880676269531,1333500,0.0,0.0,0.0
2022-02-10 00:00:00-05:00,283.8388951463191,288.95894267602597,281.1807951826508,282.9070739746094,1834000,0.0,0.0,0.0
2022-02-11 00:00:00-05:00,282.75015322886674,284.1135516741258,273.1672413894763,274.1382751464844,1230300,0.0,0.0,0.0
2022-02-14 00:00:00-05:00,273.745884153787,277.1690468430022,271.9018782574385,274.5011291503906,1042000,0.0,0.0,0.0
2022-02-15 00:00:00-05:00,278.73845042235024,280.8963363020848,277.58105251104746,280.7590026855469,878600,0.0,0.0,0.0
2022-02-16 00:00:00-05:00,278.51286679055926,281.3475127869046,276.2667078984933,280.4647521972656,902600,0.0,0.0,0.0
2022-02-17 00:00:00-05:00,278.1303104778785,278.52264517803474,271.7645924131782,272.2353820800781,940900,0.0,0.0,0.0
2022-02-18 00:00:00-05:00,272.92195355536285,273.31428820276176,267.2722388465314,269.1554870605469,1201700,0.0,0.0,0.0
2022-02-22 00:00:00-05:00,266.21299361611045,270.18543147738086,262.5936480388543,265.2615661621094,1761900,0.0,0.0,0.0
2022-02-23 00:00:00-05:00,267.4488330379586,268.468897203804,258.30728846020054,258.6015319824219,1625600,0.0,0.0,0.0
2022-02-24 00:00:00-05:00,249.59733121035796,267.90002737138224,249.15595094236858,267.43902587890625,2582300,0.0,0.0,0.0
2022-02-25 00:00:00-05:00,267.8411793995617,271.6566769258715,264.7711088064793,271.5487976074219,1228600,0.0,0.0,0.0
2022-02-28 00:00:00-05:00,269.3222447209775,273.4614400631912,267.93927017493746,272.04901123046875,1010100,0.0,0.0,0.0
2022-03-01 00:00:00-05:00,271.3231961980585,272.7356250601508,265.9579361279044,268.0177307128906,1069700,0.0,0.0,0.0
2022-03-02 00:00:00-05:00,269.4105463815447,273.19661953023524,266.9387809699016,272.2255859375,1135400,0.0,0.0,0.0
2022-03-03 00:00:00-05:00,273.6183486029596,273.96165264288794,266.62487204243155,267.9392395019531,1101200,0.0,0.0,0.0
2022-03-04 00:00:00-05:00,266.2620032908796,267.05649080064427,261.0929254294246,263.4862060546875,927400,0.0,0.0,0.0
2022-03-07 00:00:00-05:00,263.81968718497114,264.2414462387749,252.83413599518514,252.9224090576172,1481500,0.0,0.0,0.0
2022-03-08 00:00:00-05:00,252.78511109201273,259.24892045286657,249.06767462402473,251.69635009765625,1456500,0.0,0.0,0.0
2022-03-09 00:00:00-05:00,258.69961226448186,262.4464726004927,256.7477271382528,261.55389404296875,1036500,0.0,0.0,0.0
2022-03-10 00:00:00-05:00,258.29752289326274,259.85707374462504,255.39420979512283,259.0920104980469,992400,0.0,0.0,0.0
2022-03-11 00:00:00-05:00,261.3872051769248,261.6716606004395,253.57963267543917,253.84445190429688,949700,0.0,0.0,0.0
2022-03-14 00:00:00-04:00,253.4324773754427,255.83554617855765,248.79303786919343,249.49925231933594,1338800,0.0,0.0,0.0
2022-03-15 00:00:00-04:00,251.48057047909685,257.7678032535587,250.33296087082758,257.3166198730469,1596100,0.0,0.0,0.0
2022-03-16 00:00:00-04:00,260.4356976930863,266.4188982476004,257.46371863784935,266.3992919921875,1425000,0.0,0.0,0.0
2022-03-17 00:00:00-04:00,264.63378729415297,270.31292724609375,264.13357326169114,270.31292724609375,1375800,0.0,0.0,0.0
2022-03-18 00:00:00-04:00,269.4497998288118,276.12939844580586,268.32182620262233,275.77630615234375,1832600,0.0,0.0,0.0
2022-03-21 00:00:00-04:00,274.658120135438,276.5413688297681,271.22513871200437,274.6679382324219,938800,0.0,0.0,0.0
2022-03-22 00:00:00-04:00,274.74632745354165,280.42546660184917,274.74632745354165,279.69964599609375,1202200,0.0,0.0,0.0
2022-03-23 00:00:00-04:00,277.0888469302157,279.63193363388706,275.41962509521454,275.5276184082031,1260800,0.301,0.0,0.0
2022-03-24 00:00:00-04:00,276.9121148357932,280.66293516075376,274.9483383261617,280.6531066894531,946900,0.0,0.0,0.0
2022-03-25 00:00:00-04:00,280.927990459251,281.4484199195254,277.0004380515424,280.41741943359375,957600,0.0,0.0,0.0
2022-03-28 00:00:00-04:00,280.30940319702137,284.7573547363281,279.6318980649218,284.7573547363281,1248100,0.0,0.0,0.0
2022-03-29 00:00:00-04:00,287.9485737888065,291.0709714057945,286.3088071356287,290.53094482421875,1565300,0.0,0.0,0.0
2022-03-30 00:00:00-04:00,289.02856318477814,289.7846361899986,285.5919548769657,287.0746154785156,890500,0.0,0.0,0.0
2022-03-31 00:00:00-04:00,287.1040725921271,287.3495446155412,282.3517378146123,282.3910217285156,830800,0.0,0.0,0.0
2022-04-01 00:00:00-04:00,283.4219395649778,283.97179439804324,280.82977106121797,283.2550354003906,787200,0.0,0.0,0.0
2022-04-04 00:00:00-04:00,283.96208416141036,288.7144195328803,283.6380442696906,288.5474853515625,1021100,0.0,0.0,0.0
2022-04-05 00:00:00-04:00,287.5263150131876,288.10565543353727,282.09647434129914,282.9605407714844,1561400,0.0,0.0,0.0
2022-04-06 00:00:00-04:00,278.5616434963544,279.0427590378126,273.87801845947905,276.156005859375,1303900,0.0,0.0,0.0
2022-04-07 00:00:00-04:00,275.47857041196096,278.7286181858531,272.9256549190484,277.16741943359375,1006500,0.0,0.0,0.0
2022-04-08 00:00:00-04:00,275.8418611554874,276.8826603118815,273.2889456914661,273.8682861328125,1168500,0.0,0.0,0.0
2022-04-11 00:00:00-04:00,270.4316013219449,271.0109116358329,267.1324421190598,267.45648193359375,970500,0.0,0.0,0.0
2022-04-12 00:00:00-04:00,270.4120056199472,272.51326076143266,264.93308262147434,266.1015319824219,977000,0.0,0.0,0.0
2022-04-13 00:00:00-04:00,266.11131829101794,271.8062875969676,265.4240145580429,271.13861083984375,885500,0.0,0.0,0.0
2022-04-14 00:00:00-04:00,271.2761388055098,271.7867100103507,265.2277023791736,265.3258972167969,854000,0.0,0.0,0.0
2022-04-18 00:00:00-04:00,264.35377049425773,266.79866251999977,262.6747200999736,264.90362548828125,882300,0.0,0.0,0.0
2022-04-19 00:00:00-04:00,264.5599412160861,271.49206904477944,264.1279080399481,271.020751953125,988000,0.0,0.0,0.0
2022-04-20 00:00:00-04:00,271.83571468573757,272.0615297614398,267.2110303255135,267.9572448730469,802300,0.0,0.0,0.0
2022-04-21 00:00:00-04:00,271.0207279725821,273.09252733367794,261.6829930207771,262.38995361328125,1377500,0.0,0.0,0.0
2022-04-22 00:00:00-04:00,262.3605423023489,262.94965125782596,254.61342992447356,254.85890197753906,1370500,0.0,0.0,0.0
2022-04-25 00:00:00-04:00,253.4646298436419,258.2562190043349,252.31580748544738,258.1383972167969,1179300,0.0,0.0,0.0
2022-04-26 00:00:00-04:00,256.2727947195019,256.4495273863659,247.81873755876856,247.98565673828125,1344000,0.0,0.0,0.0
2022-04-27 00:00:00-04:00,248.51589158954425,253.1896587102463,247.20015010926556,248.55516052246094,1752500,0.0,0.0,0.0
2022-04-28 00:00:00-04:00,252.6889080983667,258.8355072178209,249.72360184632956,257.3430480957031,1038400,0.0,0.0,0.0
2022-04-29 00:00:00-04:00,253.92606649228972,256.6557441693877,245.64875702254918,246.03170776367188,1211200,0.0,0.0,0.0
2022-05-02 00:00:00-04:00,245.54076614471154,249.34066832497786,242.32998783927667,249.26211547851562,2316400,0.0,0.0,0.0
2022-05-03 00:00:00-04:00,249.34068150474482,250.71531893443628,247.1510751051562,249.04611206054688,1367500,0.0,0.0,0.0
2022-05-04 00:00:00-04:00,249.25233858502875,257.6867550678985,245.0694850457458,257.146728515625,1416900,0.0,0.0,0.0
2022-05-05 00:00:00-04:00,253.63149463470472,253.90642208451374,241.38734970188577,244.30355834960938,1516400,0.0,0.0,0.0
2022-05-06 00:00:00-04:00,242.50675325869025,244.9418468806198,237.2634736542006,240.9553680419922,2374400,0.0,0.0,0.0
2022-05-09 00:00:00-04:00,236.2717849498198,237.6857064901898,229.19236375870437,230.34117126464844,2225400,0.0,0.0,0.0
2022-05-10 00:00:00-04:00,235.43711714397244,236.68411917162678,228.75046187199305,232.2754364013672,1730300,0.0,0.0,0.0
2022-05-11 00:00:00-04:00,230.65536004630948,234.58291283589745,224.78365783852956,225.40225219726562,3316500,0.0,0.0,0.0
2022-05-12 00:00:00-04:00,222.19145589464122,228.79957372399824,220.1000443888579,225.0389404296875,2284500,0.0,0.0,0.0
2022-05-13 00:00:00-04:00,228.60321050554614,234.65163023484777,227.68023323027583,233.50282287597656,1611100,0.0,0.0,0.0
2022-05-16 00:00:00-04:00,231.80416822622712,233.41446427612732,229.43781406668586,230.44915771484375,1355700,0.0,0.0,0.0
2022-05-17 00:00:00-04:00,235.2210864651921,236.23242990480276,231.50955103037543,235.9673309326172,1315200,0.0,0.0,0.0
2022-05-18 00:00:00-04:00,232.2754785488981,233.0315366851697,224.1159897106196,225.05860900878906,1456700,0.0,0.0,0.0
2022-05-19 00:00:00-04:00,223.82140092005318,228.37736133928104,223.08498480714508,224.85238647460938,1541800,0.0,0.0,0.0
2022-05-20 00:00:00-04:00,227.62132676553767,228.28900354132045,218.11664132185967,224.50872802734375,2171000,0.0,0.0,0.0
2022-05-23 00:00:00-04:00,225.64771926194274,228.81921387439613,223.4973817599574,228.5933837890625,1479300,0.0,0.0,0.0
2022-05-24 00:00:00-04:00,224.3810958274744,224.85239796874913,219.4520128646962,223.4384765625,1102000,0.0,0.0,0.0
2022-05-25 00:00:00-04:00,222.01472439099174,227.92569509452207,222.01472439099174,226.31539916992188,1153600,0.0,0.0,0.0
2022-05-26 00:00:00-04:00,226.03064261224907,233.59117815263335,225.93246278953617,232.50128173828125,1246400,0.0,0.0,0.0
2022-05-27 00:00:00-04:00,234.77927107347782,240.59204699800407,234.77927107347782,240.56259155273438,1732200,0.0,0.0,0.0
2022-05-31 00:00:00-04:00,240.06182231223553,241.7604844972508,236.74303580415102,239.4137725830078,1173800,0.0,0.0,0.0
2022-06-01 00:00:00-04:00,240.97496884792525,242.98784239213995,236.0655284876079,237.53836059570312,1036500,0.0,0.0,0.0
2022-06-02 00:00:00-04:00,236.61538893653315,244.97126621368153,235.69241173005122,244.90252685546875,1153900,0.0,0.0,0.0
2022-06-03 00:00:00-04:00,240.8669751072175,241.9863269776732,237.82313088944974,238.82464599609375,1035800,0.0,0.0,0.0
2022-06-06 00:00:00-04:00,242.14340424676874,243.43948863714544,238.73625163234945,239.7181396484375,1189400,0.0,0.0,0.0
2022-06-07 00:00:00-04:00,237.23399577961064,242.36926659298783,236.29137656628902,241.89796447753906,1209500,0.0,0.0,0.0
2022-06-08 00:00:00-04:00,241.53465927817422,243.11549971955435,239.5021437182183,239.9930877685547,903100,0.0,0.0,0.0
2022-06-09 00:00:00-04:00,238.6478932122578,240.5723853973857,233.46352551416663,233.49298095703125,808700,0.0,0.0,0.0
2022-06-10 00:00:00-04:00,229.17271522096206,229.5752930056805,224.54802987968262,224.64620971679688,1713500,0.0,0.0,0.0
2022-06-13 00:00:00-04:00,217.87113137818116,219.23595512179605,213.58028554052424,214.3657989501953,3136100,0.0,0.0,0.0
2022-06-14 00:00:00-04:00,215.43606383537423,216.55541562964706,212.5689524848232,214.4639892578125,2373700,0.0,0.0,0.0
2022-06-15 00:00:00-04:00,217.12493257466883,222.81987188943808,215.11205885983006,219.79566955566406,1684500,0.0,0.0,0.0
2022-06-16 00:00:00-04:00,214.21854681210905,214.365839031575,209.32874777082282,211.07650756835938,1808800,0.0,0.0,0.0
2022-06-17 00:00:00-04:00,211.12559768200322,215.47535506651184,210.27134478939865,213.37411499023438,1998800,0.0,0.0,0.0
2022-06-21 00:00:00-04:00,216.65358738207067,220.67933428978088,216.65358738207067,218.80392456054688,1576800,0.0,0.0,0.0
2022-06-22 00:00:00-04:00,216.50631017084174,221.86742539590935,216.0153661568489,218.80392456054688,1521800,0.0,0.0,0.0
2022-06-23 00:00:00-04:00,220.64370934946956,223.63294860645212,218.8737581428182,222.97413635253906,1382300,0.321,0.0,0.0
2022-06-24 00:00:00-04:00,225.0292596298663,231.32240295410156,225.0095893370926,231.32240295410156,1503900,0.0,0.0,0.0
2022-06-27 00:00:00-04:00,231.63706080023826,232.2565324660119,227.9791666619959,228.87396240234375,1213900,0.0,0.0,0.0
2022-06-28 00:00:00-04:00,229.35581277567664,231.23392828404798,221.44020723320037,221.53854370117188,1282000,0.0,0.0,0.0
2022-06-29 00:00:00-04:00,221.4696802390009,223.21996114276462,219.50307113328557,221.9810028076172,1084800,0.0,0.0,0.0
2022-06-30 00:00:00-04:00,219.28673869101175,221.65650621854363,215.3731908474444,219.1687469482422,1078700,0.0,0.0,0.0
2022-07-01 00:00:00-04:00,218.45094354401246,221.55818953884165,217.2513107865662,221.30252075195312,1005900,0.0,0.0,0.0
2022-07-05 00:00:00-04:00,218.34281112445188,225.19644606772388,217.02518643050712,225.14727783203125,1370300,0.0,0.0,0.0
2022-07-06 00:00:00-04:00,225.1964313891419,227.98901294760844,223.87879177704355,226.31739807128906,961400,0.0,0.0,0.0
2022-07-07 00:00:00-04:00,226.8483419645204,231.3420506683715,226.8483419645204,230.89956665039062,1029200,0.0,0.0,0.0
2022-07-08 00:00:00-04:00,228.62814283201712,232.01071299285894,227.81199822892728,230.8209228515625,888600,0.0,0.0,0.0
2022-07-11 00:00:00-04:00,228.8739712518844,229.13946769264538,225.7765677911432,226.59271240234375,913300,0.0,0.0,0.0
2022-07-12 00:00:00-04:00,227.05484502307735,228.82479611863917,222.35465072732953,223.6329345703125,1632000,0.0,0.0,0.0
2022-07-13 00:00:00-04:00,219.4932501277149,224.69492476787877,218.549271126645,222.91514587402344,1277700,0.0,0.0,0.0
2022-07-14 00:00:00-04:00,220.92886580428012,223.8394539624852,218.0477905871855,223.25930786132812,1097200,0.0,0.0,0.0
2022-07-15 00:00:00-04:00,225.63892579027282,227.46787309256234,224.74411493181083,227.37937927246094,1799800,0.0,0.0,0.0
2022-07-18 00:00:00-04:00,229.56227854071892,230.85040505397708,224.65558361225774,225.44223022460938,1286100,0.0,0.0,0.0
2022-07-19 00:00:00-04:00,228.40200449558645,232.84654574573352,227.05488191697776,232.64004516601562,944800,0.0,0.0,0.0
2022-07-20 00:00:00-04:00,232.7875355511171,237.3402256296631,232.64003085923594,236.32742309570312,1036700,0.0,0.0,0.0
2022-07-21 00:00:00-04:00,236.68140824967458,240.11314661857364,234.81313555841066,240.08364868164062,1934400,0.0,0.0,0.0
2022-07-22 00:00:00-04:00,239.326503954381,240.9489505289401,234.42965128924078,235.8357696533203,1110800,0.0,0.0,0.0
2022-07-25 00:00:00-04:00,235.8456368697872,235.98329892679283,232.92522072813213,234.5574951171875,1106400,0.0,0.0,0.0
2022-07-26 00:00:00-04:00,232.77771690677554,233.04321337630984,229.00183046823,229.68031311035156,856200,0.0,0.0,0.0
2022-07-27 00:00:00-04:00,233.56437508112526,240.30984623780913,233.0530524121528,239.1200408935547,979900,0.0,0.0,0.0
2022-07-28 00:00:00-04:00,239.1495304995126,243.3089049673816,237.02558885479888,242.90574645996094,1575400,0.0,0.0,0.0
2022-07-29 00:00:00-04:00,244.26269890222983,248.520409614008,243.7415486653737,247.75343322753906,1020200,0.0,0.0,0.0
2022-08-01 00:00:00-04:00,246.20962324197382,250.05434759545966,245.37380838111636,247.4092559814453,1181400,0.0,0.0,0.0
2022-08-02 00:00:00-04:00,245.6098457576651,249.62173071768456,244.74453282392398,246.47515869140625,960400,0.0,0.0,0.0
2022-08-03 00:00:00-04:00,248.11726403738717,253.38777755947552,248.11726403738717,252.65029907226562,1166400,0.0,0.0,0.0
2022-08-04 00:00:00-04:00,252.56181366380773,254.13510715718692,251.17535046072166,253.8990936279297,1647700,0.0,0.0,0.0
2022-08-05 00:00:00-04:00,249.76923174703367,253.85979807275345,249.76923174703367,252.56182861328125,852300,0.0,0.0,0.0
2022-08-08 00:00:00-04:00,253.49590717840863,256.27867592739887,251.02781809907876,252.0209503173828,1190400,0.0,0.0,0.0
2022-08-09 00:00:00-04:00,250.64433489915743,250.90983134055156,248.28440987620644,249.2775421142578,751000,0.0,0.0,0.0
2022-08-10 00:00:00-04:00,255.5117261447964,256.77035493016996,253.6631085520121,256.6031799316406,1068400,0.0,0.0,0.0
2022-08-11 00:00:00-04:00,258.6975811892249,259.9955503506554,254.63652874194332,255.2166748046875,1607200,0.0,0.0,0.0
2022-08-12 00:00:00-04:00,257.0653415349445,260.2217712402344,255.9443897767152,260.2217712402344,882400,0.0,0.0,0.0
2022-08-15 00:00:00-04:00,259.0614243813058,262.32600289137963,259.0614243813058,261.8343505859375,1201500,0.0,0.0,0.0
2022-08-16 00:00:00-04:00,261.0575297802621,263.1421307399842,259.08110793120676,261.6868591308594,754200,0.0,0.0,0.0
2022-08-17 00:00:00-04:00,259.05163377151786,261.29356727467433,257.61598731171927,259.0712890625,877400,0.0,0.0,0.0
2022-08-18 00:00:00-04:00,258.9631353155609,260.1234577749106,257.53736137367036,259.2974853515625,761500,0.0,0.0,0.0
2022-08-19 00:00:00-04:00,256.83913271550006,257.1832652643628,253.53521418024218,254.24319458007812,838800,0.0,0.0,0.0
2022-08-22 00:00:00-04:00,250.66400092059047,250.7229967945533,247.09460050546875,247.645263671875,984700,0.0,0.0,0.0
2022-08-23 00:00:00-04:00,247.36009578739794,249.4446966792157,246.71111116876284,247.1536102294922,669200,0.0,0.0,0.0
2022-08-24 00:00:00-04:00,247.04543829062007,249.3955355435278,246.4652772083427,247.91073608398438,760800,0.0,0.0,0.0
2022-08-25 00:00:00-04:00,249.37589363142615,252.23729876840272,248.4909254453985,252.1389923095703,642100,0.0,0.0,0.0
2022-08-26 00:00:00-04:00,251.99145181572723,252.6601217306967,241.89292466610974,241.9420928955078,1010800,0.0,0.0,0.0
2022-08-29 00:00:00-04:00,239.9459935923351,241.63727871099624,238.67752225132048,239.50350952148438,976700,0.0,0.0,0.0
2022-08-30 00:00:00-04:00,241.13582177589646,241.420988558183,235.0885035114817,237.0747833251953,1223000,0.0,0.0,0.0
2022-08-31 00:00:00-04:00,239.08069040062722,240.00499916608678,235.2753062318896,235.36380004882812,1192000,0.0,0.0,0.0
2022-09-01 00:00:00-04:00,233.3873594640155,235.6686183989403,230.45710086958536,235.4031219482422,1186600,0.0,0.0,0.0
2022-09-02 00:00:00-04:00,237.73358385313395,238.67754797213573,231.16510059057373,232.33523559570312,702200,0.0,0.0,0.0
2022-09-06 00:00:00-04:00,232.8662164718327,233.5643543772379,229.37548193269157,231.4600830078125,1184000,0.0,0.0,0.0
2022-09-07 00:00:00-04:00,231.4699012759027,236.9665854983483,231.4699012759027,236.2684326171875,803800,0.0,0.0,0.0
2022-09-08 00:00:00-04:00,234.53785706686722,238.49073142461688,233.68237171741035,237.8909149169922,843600,0.0,0.0,0.0
2022-09-09 00:00:00-04:00,239.57232755749524,243.28921767401656,239.55265726474133,242.92539978027344,854500,0.0,0.0,0.0
2022-09-12 00:00:00-04:00,243.86937063033014,246.02281012427727,243.86937063033014,245.8753204345703,753600,0.0,0.0,0.0
2022-09-13 00:00:00-04:00,239.0905325644841,239.71001932874861,232.57123258547767,233.19070434570312,1263600,0.0,0.0,0.0
2022-09-14 00:00:00-04:00,234.10514042992438,235.59976749192793,232.39418517457676,234.6951141357422,876600,0.0,0.0,0.0
2022-09-15 00:00:00-04:00,233.17101097171536,235.5899317440816,229.6606065529414,230.7520751953125,1215600,0.0,0.0,0.0
2022-09-16 00:00:00-04:00,227.93003483278002,228.84450101135778,225.8454186443398,228.30368041992188,1103600,0.0,0.0,0.0
2022-09-19 00:00:00-04:00,226.3665582195939,230.36860013333873,226.27804940266157,230.270263671875,846600,0.0,0.0,0.0
2022-09-20 00:00:00-04:00,228.13651147271767,229.83763935761468,226.18957242394174,227.90052795410156,1051900,0.0,0.0,0.0
2022-09-21 00:00:00-04:00,229.06082577179387,231.7354157433618,223.79031200476757,223.8099822998047,948000,0.0,0.0,0.0
2022-09-22 00:00:00-04:00,222.69880474040477,223.34778932822184,219.94554906811967,220.70269775390625,2382600,0.0,0.0,0.0
2022-09-23 00:00:00-04:00,218.38750478870128,218.7421745034417,214.37778124008838,217.1363067626953,2071800,0.43,0.0,0.0
2022-09-26 00:00:00-04:00,216.37771901069328,220.0426343727005,215.2250461999899,215.73733520507812,1409100,0.0,0.0,0.0
2022-09-27 00:00:00-04:00,218.60429116606755,220.46630377598635,214.0822626895276,215.77679443359375,2114400,0.0,0.0,0.0
2022-09-28 00:00:00-04:00,215.73733482417978,221.02782596078947,214.47629029677327,219.97366333007812,1729700,0.0,0.0,0.0
2022-09-29 00:00:00-04:00,217.21513961220546,217.26440222141755,211.9936187253158,214.36793518066406,1465700,0.0,0.0,0.0
2022-09-30 00:00:00-04:00,213.42216771660904,216.8703400388698,210.6734733613317,210.78184509277344,1734000,0.0,0.0,0.0
2022-10-03 00:00:00-04:00,212.51577108855312,217.0377987213943,210.92961138101688,215.69793701171875,1771500,0.0,0.0,0.0
2022-10-04 00:00:00-04:00,220.14115266255075,223.26420954498803,220.14115266255075,222.8898468017578,1650600,0.0,0.0,0.0
2022-10-05 00:00:00-04:00,219.69783390966543,224.12135176208983,217.92448515853548,222.6238555908203,1088800,0.0,0.0,0.0
2022-10-06 00:00:00-04:00,221.83567877484228,224.37747591516523,220.77166962078823,221.06723022460938,1935000,0.0,0.0,0.0
2022-10-07 00:00:00-04:00,217.48115631168594,217.50086436290212,211.77690066092686,213.2448272705078,1867100,0.0,0.0,0.0
2022-10-10 00:00:00-04:00,213.13644238895242,213.40244844902585,208.6144145318918,210.5059814453125,1575700,0.0,0.0,0.0
2022-10-11 00:00:00-04:00,209.31390153115245,211.39265727825452,206.23024572238944,207.71788024902344,2860300,0.0,0.0,0.0
2022-10-12 00:00:00-04:00,208.14155372028034,209.12674588912157,206.59479479943667,207.41250610351562,1860200,0.0,0.0,0.0
2022-10-13 00:00:00-04:00,201.96437326766312,212.998521385963,200.62451145833,211.89511108398438,1788700,0.0,0.0,0.0
2022-10-14 00:00:00-04:00,213.81620748447617,214.43688322284106,205.0972527228698,205.4125213623047,1283200,0.0,0.0,0.0
2022-10-17 00:00:00-04:00,210.2202797033374,213.29407401957812,210.2202797033374,212.7128143310547,1358100,0.0,0.0,0.0
2022-10-18 00:00:00-04:00,218.18065844216105,218.96880012970794,212.9000279582658,214.95907592773438,1630100,0.0,0.0,0.0
2022-10-19 00:00:00-04:00,213.4418558406602,215.6486914881269,211.53059585344434,213.56008911132812,1576300,0.0,0.0,0.0
2022-10-20 00:00:00-04:00,212.8802895439422,216.574759550537,211.097094426013,211.92465209960938,1120200,0.0,0.0,0.0
2022-10-21 00:00:00-04:00,211.14635380754325,216.91956441814318,210.14145377190434,216.6338653564453,1816900,0.0,0.0,0.0
2022-10-24 00:00:00-04:00,217.1658564480244,219.59928179096593,214.2398501580984,218.78158569335938,1095500,0.0,0.0,0.0
2022-10-25 00:00:00-04:00,219.60917456311714,224.18046530464284,219.57962000275174,223.91445922851562,1010500,0.0,0.0,0.0
2022-10-26 00:00:00-04:00,219.00821149172523,223.9046175354285,218.43679825763888,219.1362762451172,1056400,0.0,0.0,0.0
2022-10-27 00:00:00-04:00,218.6535147807916,219.62884523931,215.69793878220364,216.16098022460938,1128000,0.0,0.0,0.0
2022-10-28 00:00:00-04:00,215.29403185717896,222.1903766675878,215.08714993125636,221.80615234375,1058000,0.0,0.0,0.0
2022-10-31 00:00:00-04:00,220.22982251575326,220.80123570421338,218.08211107935531,219.44168090820312,1179600,0.0,0.0,0.0
2022-11-01 00:00:00-04:00,222.2790235905315,222.80117416989435,216.93928452959463,217.2742462158203,1037800,0.0,0.0,0.0
2022-11-02 00:00:00-04:00,216.99839489710163,218.97864053292264,209.33360197277221,209.40257263183594,3686300,0.0,0.0,0.0
2022-11-03 00:00:00-04:00,207.16621090009698,208.48636481655276,205.00863761551523,205.3731689453125,1539400,0.0,0.0,0.0
2022-11-04 00:00:00-04:00,209.2843421568205,209.76709167819615,203.6589039108146,208.06271362304688,1958100,0.0,0.0,0.0
2022-11-07 00:00:00-05:00,209.22523216788673,210.47643028847446,207.04796614204056,210.13160705566406,1410600,0.0,0.0,0.0
2022-11-08 00:00:00-05:00,211.21532095249032,213.73741017080894,208.38782460688367,210.93946838378906,1942000,0.0,0.0,0.0
2022-11-09 00:00:00-05:00,209.4715138763602,210.0527885692365,205.55045400704003,205.86572265625,1529700,0.0,0.0,0.0
2022-11-10 00:00:00-05:00,215.5501591733629,222.32828519882653,215.00831557925127,222.11154174804688,2243500,0.0,0.0,0.0
2022-11-11 00:00:00-05:00,222.19035159459872,227.30350050372178,221.47116564043577,226.6631317138672,1287300,0.0,0.0,0.0
2022-11-14 00:00:00-05:00,224.9686219910104,226.8404809673997,223.43170968781638,223.91445922851562,2462000,0.0,0.0,0.0
2022-11-15 00:00:00-05:00,228.64337129720693,229.71722701691837,224.63363246373723,227.07691955566406,1942500,0.0,0.0,0.0
2022-11-16 00:00:00-05:00,225.66810303147352,226.14099103658774,223.7371349081012,224.5745391845703,1309800,0.0,0.0,0.0
2022-11-17 00:00:00-05:00,221.12637039909953,224.03268417376015,220.57466521198495,222.89971923828125,1193200,0.0,0.0,0.0
2022-11-18 00:00:00-05:00,225.42180191964215,225.6089908238331,221.02785357351507,223.0474853515625,1289600,0.0,0.0,0.0
2022-11-21 00:00:00-05:00,222.0918410949336,222.91941385858092,220.03279327678734,220.7618408203125,1464100,0.0,0.0,0.0
2022-11-22 00:00:00-05:00,221.48101582823315,223.99325848826527,219.81603890754576,223.953857421875,1205400,0.0,0.0,0.0
2022-11-23 00:00:00-05:00,223.95387100144697,226.80107551336866,223.95387100144697,226.35772705078125,900900,0.0,0.0,0.0
2022-11-25 00:00:00-05:00,225.4217750587677,225.9636336555855,224.82080734826735,225.5399932861328,483400,0.0,0.0,0.0
2022-11-28 00:00:00-05:00,223.7371077602875,224.96859775229078,220.89975000820422,221.59922790527344,1175600,0.0,0.0,0.0
2022-11-29 00:00:00-05:00,221.7076304009927,222.01305258898793,218.96879748122856,219.86532592773438,1107400,0.0,0.0,0.0
2022-11-30 00:00:00-05:00,220.21015390496535,229.8256238914553,219.67814172478353,229.58917236328125,1686600,0.0,0.0,0.0
2022-12-01 00:00:00-05:00,230.0029548453796,231.5496986291027,227.8847828054739,230.34776306152344,1668700,0.0,0.0,0.0
2022-12-02 00:00:00-05:00,226.66313784394148,230.48567270283664,226.1311257286811,229.71722412109375,1125300,0.0,0.0,0.0
2022-12-05 00:00:00-05:00,227.74686246310077,228.70250003004432,224.12136264722994,225.067138671875,1606300,0.0,0.0,0.0
2022-12-06 00:00:00-05:00,224.88980441020743,224.99817614229642,219.03776094307912,220.3480682373047,1161700,0.0,0.0,0.0
2022-12-07 00:00:00-05:00,219.53033999282258,221.28398058876942,218.31855801536204,219.45152282714844,1490600,0.0,0.0,0.0
2022-12-08 00:00:00-05:00,220.75199530736538,222.75193401559633,219.11657285612253,221.9933319091797,1334000,0.0,0.0,0.0
2022-12-09 00:00:00-05:00,221.10664229934068,223.234660713409,220.4071643693996,220.4761199951172,2275100,0.0,0.0,0.0
2022-12-12 00:00:00-05:00,220.91945663832277,223.7666608802335,220.56478692159038,223.7371063232422,1230100,0.0,0.0,0.0
2022-12-13 00:00:00-05:00,232.54472724397706,232.72206963186497,224.42675429003384,226.53506469726562,2089500,0.0,0.0,0.0
2022-12-14 00:00:00-05:00,226.17054739895585,228.623665996157,222.46621564922594,224.87008666992188,1624400,0.0,0.0,0.0
2022-12-15 00:00:00-05:00,221.25442820545175,221.95390612932425,216.62402866465482,217.5796661376953,1847800,0.0,0.0,0.0
2022-12-16 00:00:00-05:00,216.78165774991643,217.72744875715645,213.4123026545381,214.6240997314453,1557800,0.0,0.0,0.0
2022-12-19 00:00:00-05:00,214.76200378605716,214.7816968018914,210.3877490170178,211.30397033691406,1761000,0.0,0.0,0.0
2022-12-20 00:00:00-05:00,210.44686062679148,212.52561631753784,209.16610803905695,211.4320526123047,2246800,0.0,0.0,0.0
2022-12-21 00:00:00-05:00,212.59458650853557,215.7275050542413,212.0133268051299,214.80142211914062,1525300,0.0,0.0,0.0
2022-12-22 00:00:00-05:00,212.49921547163254,212.56832813817726,206.70423587941576,210.19898986816406,1887600,0.448,0.0,0.0
2022-12-23 00:00:00-05:00,209.20189715863398,211.13684087875612,207.82966128331654,210.89991760253906,1580700,0.0,0.0,0.0
2022-12-27 00:00:00-05:00,210.76169511652301,210.76169511652301,207.85926464083812,208.51083374023438,1987200,0.0,0.0,0.0
2022-12-28 00:00:00-05:00,208.35289124586276,209.89295282828212,205.58867081044346,205.7762451171875,2467900,0.0,0.0,0.0
2022-12-29 00:00:00-05:00,207.94811720044268,211.59096310995125,207.58285045046435,210.96900939941406,2420800,0.0,0.0,0.0
2022-12-30 00:00:00-05:00,208.76754024905145,210.46556087608496,207.64210937427723,210.38658142089844,1994200,0.0,0.0,0.0
2023-01-03 00:00:00-05:00,212.30178764786928,213.61479282015887,207.0991310002147,208.90574645996094,1527500,0.0,0.0,0.0
2023-01-04 00:00:00-05:00,210.37670708646274,211.50213792083971,207.7506967849864,210.3470916748047,1295700,0.0,0.0,0.0
2023-01-05 00:00:00-05:00,208.9748358893405,209.14267663664342,206.2994766717414,206.57589721679688,1270100,0.0,0.0,0.0
2023-01-06 00:00:00-05:00,207.9579972113568,212.2326638849772,205.2826380288881,211.41326904296875,1161400,0.0,0.0,0.0
2023-01-09 00:00:00-05:00,213.37784579904218,216.69490739867604,213.02244580394606,213.25938415527344,1503100,0.0,0.0,0.0
2023-01-10 00:00:00-05:00,212.5485996508677,215.2733231025949,212.35115854227138,215.1548614501953,985000,0.0,0.0,0.0
2023-01-11 00:00:00-05:00,216.04332640876214,219.5874443196199,215.95448018079713,219.52821350097656,1187100,0.0,0.0,0.0
2023-01-12 00:00:00-05:00,220.1600439292979,221.49279766399974,217.04043851775774,220.78199768066406,1224900,0.0,0.0,0.0
2023-01-13 00:00:00-05:00,218.68908585926755,222.4207780841234,218.66933723172426,222.1344757080078,942800,0.0,0.0,0.0
2023-01-17 00:00:00-05:00,222.1344817117387,223.91148164393334,221.62113789205208,222.77618408203125,1577200,0.0,0.0,0.0
2023-01-18 00:00:00-05:00,224.18792469712128,225.54042717612398,219.9527549085249,220.1304473876953,2329700,0.0,0.0,0.0
2023-01-19 00:00:00-05:00,218.7581901058007,219.79477465837164,217.18851310367907,218.22509765625,1557900,0.0,0.0,0.0
2023-01-20 00:00:00-05:00,219.49862004490012,224.266897251848,218.74833782739626,224.1188201904297,1259100,0.0,0.0,0.0
2023-01-23 00:00:00-05:00,224.5729245314311,229.18324265194227,223.92137042261183,228.1565399169922,1378500,0.0,0.0,0.0
2023-01-24 00:00:00-05:00,226.84351939538809,228.38358092519738,226.34990915820362,227.4457244873047,1550500,0.0,0.0,0.0
2023-01-25 00:00:00-05:00,223.88188424876023,227.43588439912838,221.82846361341313,226.91265869140625,1247500,0.0,0.0,0.0
2023-01-26 00:00:00-05:00,229.43006339239963,230.78256586943738,227.2680629133454,230.4468994140625,2258500,0.0,0.0,0.0
2023-01-27 00:00:00-05:00,230.05201764563384,234.4056641529823,229.89405873265366,232.7372589111328,1305400,0.0,0.0,0.0
2023-01-30 00:00:00-05:00,230.58512061733347,231.61182340366886,228.25527942055894,228.41322326660156,1706000,0.0,0.0,0.0
2023-01-31 00:00:00-05:00,228.65014927714702,232.29299547047702,228.57116982649768,232.2337646484375,1008500,0.0,0.0,0.0
2023-02-01 00:00:00-05:00,231.71052869018402,238.49272866107452,230.48636985510694,236.71572875976562,1414900,0.0,0.0,0.0
2023-02-02 00:00:00-05:00,241.7999519303341,245.45268046728418,241.00030559632665,244.0804443359375,2075900,0.0,0.0,0.0
2023-02-03 00:00:00-05:00,238.5815814640999,244.42592513982657,238.50260201477784,240.12164306640625,1588200,0.0,0.0,0.0
2023-02-06 00:00:00-05:00,238.28543848125932,239.39113582948838,236.8638383648158,237.93003845214844,835000,0.0,0.0,0.0
2023-02-07 00:00:00-05:00,237.68320968178278,243.22151746467011,236.8341994223526,242.44161987304688,1075000,0.0,0.0,0.0
2023-02-08 00:00:00-05:00,241.21746006592792,242.43175216064074,238.3150293049692,238.8876190185547,838500,0.0,0.0,0.0
2023-02-09 00:00:00-05:00,241.86904033113,242.03686602084775,235.66929633917405,236.6170196533203,888600,0.0,0.0,0.0
2023-02-10 00:00:00-05:00,234.95846377388105,236.24185335347087,233.28019204539672,235.08680725097656,809700,0.0,0.0,0.0
2023-02-13 00:00:00-05:00,236.02471182120402,239.05547134515808,235.25468092905717,238.5914764404297,859600,0.0,0.0,0.0
2023-02-14 00:00:00-05:00,237.64374204328433,241.00028602960674,236.15304437275591,239.9143524169922,1181200,0.0,0.0,0.0
2023-02-15 00:00:00-05:00,238.6506738480018,241.86900704945106,238.36437148556868,241.84925842285156,711900,0.0,0.0,0.0
2023-02-16 00:00:00-05:00,238.0188824697014,240.911431472933,237.16987218758942,237.26858520507812,731500,0.0,0.0,0.0
2023-02-17 00:00:00-05:00,235.6298084319886,236.00495708494654,232.88533633584314,235.26454162597656,804700,0.0,0.0,0.0
2023-02-21 00:00:00-05:00,232.12519406012734,232.816245495835,229.39058866762187,229.45968627929688,911100,0.0,0.0,0.0
2023-02-22 00:00:00-05:00,230.12111270885225,231.2267948875186,228.52180519895,229.62750244140625,633400,0.0,0.0,0.0
2023-02-23 00:00:00-05:00,232.23376050670643,232.49043241889677,228.29474520963853,231.54269409179688,774000,0.0,0.0,0.0
2023-02-24 00:00:00-05:00,227.73200037805873,228.2749746244941,226.152456736542,227.58392333984375,705900,0.0,0.0,0.0
2023-02-27 00:00:00-05:00,229.94339152364634,231.05895548223663,228.62051970076257,229.1832275390625,752400,0.0,0.0,0.0
2023-02-28 00:00:00-05:00,228.69950295278358,230.89113365166722,228.4526978296101,228.9265594482422,682800,0.0,0.0,0.0
2023-03-01 00:00:00-05:00,228.73901733426112,228.95620707832146,226.44867330206756,227.1397247314453,856100,0.0,0.0,0.0
2023-03-02 00:00:00-05:00,225.78723189038575,229.9236735844429,225.57990893463162,229.34121704101562,905300,0.0,0.0,0.0
2023-03-03 00:00:00-05:00,230.6936902327382,234.18845940545262,230.3975361196184,234.15884399414062,749400,0.0,0.0,0.0
2023-03-06 00:00:00-05:00,234.87952222864928,237.25872747865768,234.23783486721368,234.41552734375,727500,0.0,0.0,0.0
2023-03-07 00:00:00-05:00,234.35628627662862,235.07695306185008,230.80228626330748,231.2662811279297,599800,0.0,0.0,0.0
2023-03-08 00:00:00-05:00,231.44397554476754,232.70761657483007,230.12110369513792,232.08566284179688,537000,0.0,0.0,0.0
2023-03-09 00:00:00-05:00,232.44106755857948,234.45500584762735,227.38650333535128,227.90972900390625,1161200,0.0,0.0,0.0
2023-03-10 00:00:00-05:00,227.94920820909397,228.43295167872319,222.88477727003877,223.8522491455078,1766800,0.0,0.0,0.0
2023-03-13 00:00:00-04:00,222.31221231666373,228.0973257130865,221.13741737664373,225.2639923095703,1371600,0.0,0.0,0.0
2023-03-14 00:00:00-04:00,228.53168714161865,230.92075902941136,227.22854880439175,230.1803436279297,1246200,0.0,0.0,0.0
2023-03-15 00:00:00-04:00,227.74192283383093,230.58512298486102,226.21172788966427,230.25933837890625,1240400,0.0,0.0,0.0
2023-03-16 00:00:00-04:00,229.58799534203064,236.16288743786077,229.0252874944358,235.9259490966797,1289700,0.0,0.0,0.0
2023-03-17 00:00:00-04:00,236.07405236391216,237.3771756425108,233.08277533518103,234.52410888671875,1474400,0.0,0.0,0.0
2023-03-20 00:00:00-04:00,234.2279398889923,235.59030905455597,232.7964731188019,235.2349090576172,1131500,0.0,0.0,0.0
2023-03-21 00:00:00-04:00,236.95264877428187,239.3713357838692,236.06414136045373,239.0258026123047,936900,0.0,0.0,0.0
2023-03-22 00:00:00-04:00,238.98635594633186,242.4021306621287,235.40274047851562,235.40274047851562,1469900,0.0,0.0,0.0
2023-03-23 00:00:00-04:00,238.08192595554644,241.2071690546785,235.76766996442987,237.75555419921875,818500,0.429,0.0,0.0
2023-03-24 00:00:00-04:00,236.94459122162357,238.4182064641207,235.22372601104612,238.39842224121094,1010100,0.0,0.0,0.0
2023-03-27 00:00:00-04:00,238.991794603102,239.96102526839903,236.6577544815287,237.3006134033203,814400,0.0,0.0,0.0
2023-03-28 00:00:00-04:00,237.0929335026618,237.11271772543273,234.70945529620482,236.31163024902344,906700,0.0,0.0,0.0
2023-03-29 00:00:00-04:00,239.04123926453255,240.63352948370664,238.36872667056522,240.39617919921875,776800,0.0,0.0,0.0
2023-03-30 00:00:00-04:00,242.1763937722868,242.63134035331677,241.00938116724444,242.3247528076172,809700,0.0,0.0,0.0
2023-03-31 00:00:00-04:00,242.8884507920534,246.88401832857744,242.7005384205072,246.69610595703125,699800,0.0,0.0,0.0
2023-04-03 00:00:00-04:00,245.1928401940385,246.64667117602843,244.45109030897996,246.46865844726562,1112700,0.0,0.0,0.0
2023-04-04 00:00:00-04:00,246.89392919500187,247.78402304974395,244.90604487090957,245.73680114746094,810800,0.0,0.0,0.0
2023-04-05 00:00:00-04:00,244.9060355388651,245.06426404436434,241.8994675702806,243.10604858398438,725500,0.0,0.0,0.0
2023-04-06 00:00:00-04:00,241.85000252204574,244.76756398151534,240.7324430188025,244.6291046142578,1316100,0.0,0.0,0.0
2023-04-10 00:00:00-04:00,242.5620952807011,244.38186645507812,241.20717032925302,244.38186645507812,977700,0.0,0.0,0.0
2023-04-11 00:00:00-04:00,244.28297718125967,244.49067380187313,242.8192615434508,243.39288330078125,740100,0.0,0.0,0.0
2023-04-12 00:00:00-04:00,244.95548108065165,245.59834005208768,241.612671774758,241.89947509765625,1123100,0.0,0.0,0.0
2023-04-13 00:00:00-04:00,243.10604516709088,247.0422602548165,243.10604516709088,246.78512573242188,746000,0.0,0.0,0.0
2023-04-14 00:00:00-04:00,245.61813471956404,247.59613454789653,244.14451941471754,246.14230346679688,619500,0.0,0.0,0.0
2023-04-17 00:00:00-04:00,245.7862386130194,246.69611663325327,244.61921098230368,246.5873260498047,780000,0.0,0.0,0.0
2023-04-18 00:00:00-04:00,248.12029760367503,248.4466693787764,246.033507229014,246.8345947265625,633400,0.0,0.0,0.0
2023-04-19 00:00:00-04:00,245.38075122634746,247.7049068897573,245.1335012660247,247.03237915039062,673200,0.0,0.0,0.0
2023-04-20 00:00:00-04:00,244.7774906423108,247.25987511467153,244.44123427699182,245.46978759765625,623600,0.0,0.0,0.0
2023-04-21 00:00:00-04:00,245.5785461487732,246.2708430137729,244.34229635736668,245.79612731933594,796200,0.0,0.0,0.0
2023-04-24 00:00:00-04:00,245.7961474181581,246.62690372408892,243.81814759016606,245.47967529296875,574400,0.0,0.0,0.0
2023-04-25 00:00:00-04:00,244.27308411161596,244.55000286883356,240.30718496192736,240.3863067626953,705000,0.0,0.0,0.0
2023-04-26 00:00:00-04:00,242.60167004011225,243.98626381552043,241.0786017962229,241.56321716308594,586900,0.0,0.0,0.0
2023-04-27 00:00:00-04:00,243.59067437682555,247.62579571328953,243.55110593055028,247.348876953125,649900,0.0,0.0,0.0
2023-04-28 00:00:00-04:00,246.7851146779096,249.2971825779934,246.26094600012422,249.2576141357422,645000,0.0,0.0,0.0
2023-05-01 00:00:00-04:00,249.0499703726404,250.06863909635888,248.47634860058528,248.901611328125,936400,0.0,0.0,0.0
2023-05-02 00:00:00-04:00,248.79281530829746,248.99061227239807,245.24230924803942,246.75547790527344,701400,0.0,0.0,0.0
2023-05-03 00:00:00-04:00,246.74555352319427,249.32684347917495,245.32139146597203,245.449951171875,599700,0.0,0.0,0.0
2023-05-04 00:00:00-04:00,244.92581741458164,245.5983451889722,243.570892390552,244.2335205078125,2657300,0.0,0.0,0.0
2023-05-05 00:00:00-04:00,246.25108031696138,250.05872071942065,246.25108031696138,249.3169708251953,596300,0.0,0.0,0.0
2023-05-08 00:00:00-04:00,249.3169564110231,250.18728106569753,248.67411257623635,250.02903747558594,1276300,0.0,0.0,0.0
2023-05-09 00:00:00-04:00,248.98073313367826,249.65324584446893,248.7136989263037,248.901611328125,703300,0.0,0.0,0.0
2023-05-10 00:00:00-04:00,250.84991153201983,252.14549887025973,248.8916961311282,251.50265502929688,656100,0.0,0.0,0.0
2023-05-11 00:00:00-04:00,251.69058227539062,252.07629162094014,250.12796067033503,251.69058227539062,781800,0.0,0.0,0.0
2023-05-12 00:00:00-04:00,252.22464550478236,252.44222669196844,249.3070987923484,250.86972045898438,606800,0.0,0.0,0.0
2023-05-15 00:00:00-04:00,251.17628489695153,252.0070411219557,250.04882570846314,251.8389129638672,682400,0.0,0.0,0.0
2023-05-16 00:00:00-04:00,251.09717912126848,252.53122593017522,250.98838853074778,251.46310424804688,687700,0.0,0.0,0.0
2023-05-17 00:00:00-04:00,252.3433477747817,254.91475384999478,251.5125913840609,254.5982666015625,918500,0.0,0.0,0.0
2023-05-18 00:00:00-04:00,255.06301442214246,258.8509001427446,255.05314494890192,258.6431884765625,986000,0.0,0.0,0.0
2023-05-19 00:00:00-04:00,258.7520505766776,259.12787537055374,257.1399758986733,257.871826171875,640700,0.0,0.0,0.0
2023-05-22 00:00:00-04:00,257.634455178825,259.3849740088053,257.634455178825,258.5641174316406,722200,0.0,0.0,0.0
2023-05-23 00:00:00-04:00,256.98173521385615,257.9014978944547,254.0938723535482,254.56857299804688,992800,0.0,0.0,0.0
2023-05-24 00:00:00-04:00,252.91693789455752,254.1927411139063,251.84881620138748,253.17408752441406,657700,0.0,0.0,0.0
2023-05-25 00:00:00-04:00,257.9607657871886,258.9200966562939,256.15090970520345,257.90142822265625,803700,0.0,0.0,0.0
2023-05-26 00:00:00-04:00,258.4850501902504,263.4003818667922,258.4257125991362,262.7575378417969,917100,0.0,0.0,0.0
2023-05-30 00:00:00-04:00,265.4475402647744,266.1101834107539,262.6387844547993,263.697021484375,1008800,0.0,0.0,0.0
2023-05-31 00:00:00-04:00,262.35196861845805,263.5981180367142,260.97727457773647,262.144287109375,1680800,0.0,0.0,0.0
2023-06-01 00:00:00-04:00,261.6695523693951,266.1497202315578,261.2245205709621,265.3486328125,1161300,0.0,0.0,0.0
2023-06-02 00:00:00-04:00,267.4453064685681,268.78043188968496,266.080482082482,268.32550048828125,1266700,0.0,0.0,0.0
2023-06-05 00:00:00-04:00,267.9101930260032,270.08597466136536,267.3266565344706,267.9299621582031,1122000,0.0,0.0,0.0
2023-06-06 00:00:00-04:00,267.7420566422005,268.8893001587682,267.00030671025536,268.4244689941406,890700,0.0,0.0,0.0
2023-06-07 00:00:00-04:00,268.5530547807297,269.97721712278616,263.9640805270183,264.38934326171875,845900,0.0,0.0,0.0
2023-06-08 00:00:00-04:00,264.4288573212709,267.4057562156335,264.3596200953841,267.0101623535156,711800,0.0,0.0,0.0
2023-06-09 00:00:00-04:00,268.0585355250368,269.9475289148361,267.0101980683559,267.8310546875,839700,0.0,0.0,0.0
2023-06-12 00:00:00-04:00,268.8694974247724,271.75739040311294,268.2662219750993,271.67828369140625,707700,0.0,0.0,0.0
2023-06-13 00:00:00-04:00,273.38924263003736,274.17056102344617,271.431042090602,273.5969543457031,840400,0.0,0.0,0.0
2023-06-14 00:00:00-04:00,273.66611261856525,275.6639114317697,271.8067882577868,274.9122619628906,872600,0.0,0.0,0.0
2023-06-15 00:00:00-04:00,273.99249019937326,279.64956979100117,273.6957721749843,278.5715637207031,1057100,0.0,0.0,0.0
2023-06-16 00:00:00-04:00,280.5297942648312,280.5297942648312,276.63313254061484,276.821044921875,1386600,0.0,0.0,0.0
2023-06-20 00:00:00-04:00,275.6046606910989,277.02879301373315,274.1606988689209,276.3167419433594,777500,0.0,0.0,0.0
2023-06-21 00:00:00-04:00,275.5254952444873,275.8320828175476,272.43982019827763,273.3892517089844,641800,0.0,0.0,0.0
2023-06-22 00:00:00-04:00,272.38047228010277,276.17822836071247,272.1628910898755,276.1485595703125,626300,0.0,0.0,0.0
2023-06-23 00:00:00-04:00,273.3079276211013,275.44732792305814,272.5749958401798,274.0309753417969,605800,0.412,0.0,0.0
2023-06-26 00:00:00-04:00,273.45645396850347,275.4472908341652,270.86145022456463,270.940673828125,782500,0.0,0.0,0.0
2023-06-27 00:00:00-04:00,272.1985686354164,275.7444066193121,271.7627632662477,275.1699523925781,713000,0.0,0.0,0.0
2023-06-28 00:00:00-04:00,274.28845951483896,277.24004527440025,273.9120793585849,276.1208190917969,1018000,0.0,0.0,0.0
2023-06-29 00:00:00-04:00,275.9821515203625,276.6655420099409,274.9817759335127,276.2297668457031,617200,0.0,0.0,0.0
2023-06-30 00:00:00-04:00,278.7554653290035,280.8255260760571,278.5177642599398,280.2609558105469,768400,0.0,0.0,0.0
2023-07-03 00:00:00-04:00,280.3996122436709,280.7759923902413,279.49828879437894,280.28076171875,556700,0.0,0.0,0.0
2023-07-05 00:00:00-04:00,279.0129952981644,281.10285439459227,278.6267008339997,280.41943359375,719600,0.0,0.0,0.0
2023-07-06 00:00:00-04:00,277.4975639724477,278.61675988448536,276.20994610827046,278.3790588378906,715600,0.0,0.0,0.0
2023-07-07 00:00:00-04:00,277.8441538057523,280.30050836482695,277.2894979741025,277.4678039550781,639600,0.0,0.0,0.0
2023-07-10 00:00:00-04:00,276.61607899749225,277.7055926631961,275.4077147912544,277.4579772949219,687300,0.0,0.0,0.0
2023-07-11 00:00:00-04:00,278.00267583486766,279.22095413908755,276.55661077216615,278.9237976074219,741800,0.0,0.0,0.0
2023-07-12 00:00:00-04:00,281.72679625617405,283.22240239431807,280.7264207358019,282.2517395019531,977800,0.0,0.0,0.0
2023-07-13 00:00:00-04:00,284.5496209558509,286.73853185478254,283.8859986187471,286.20367431640625,810200,0.0,0.0,0.0
2023-07-14 00:00:00-04:00,286.7385361755346,288.7491713341312,285.89663805511196,286.4512939453125,664500,0.0,0.0,0.0
2023-07-17 00:00:00-04:00,287.0852190389336,289.08594001956084,286.73855153237207,288.3827209472656,777100,0.0,0.0,0.0
2023-07-18 00:00:00-04:00,287.9964385433011,291.5621054818444,286.63951131738594,290.7004089355469,938200,0.0,0.0,0.0
2023-07-19 00:00:00-04:00,291.7106758711547,292.25544776812666,289.6703278386739,290.4825134277344,4399500,0.0,0.0,0.0
2023-07-20 00:00:00-04:00,288.38271779727927,289.60099608652354,284.1237160409369,284.82696533203125,1981800,0.0,0.0,0.0
2023-07-21 00:00:00-04:00,286.4116928554043,286.7385317681319,284.02467761661654,284.232666015625,719900,0.0,0.0,0.0
2023-07-24 00:00:00-04:00,285.2825658346284,285.8174233978018,283.6284821709076,285.1340026855469,653700,0.0,0.0,0.0
2023-07-25 00:00:00-04:00,285.2924797391909,287.87756920919804,285.2924797391909,286.8673095703125,630400,0.0,0.0,0.0
2023-07-26 00:00:00-04:00,285.79761664439235,287.46161472057287,284.64870805280236,286.53057861328125,617800,0.0,0.0,0.0
2023-07-27 00:00:00-04:00,290.0269022263942,290.7301213274563,283.7671791868351,284.6288757324219,759700,0.0,0.0,0.0
2023-07-28 00:00:00-04:00,287.30311533067066,289.6703021098928,286.93664948745686,289.0760192871094,683500,0.0,0.0,0.0
2023-07-31 00:00:00-04:00,289.43258705892407,290.0367539114094,288.5015510678167,289.6702880859375,743600,0.0,0.0,0.0
2023-08-01 00:00:00-04:00,288.7591247558594,289.2741538018554,287.53093206697184,288.7591247558594,636700,0.0,0.0,0.0
2023-08-02 00:00:00-04:00,286.14426890101873,286.14426890101873,281.7268198834345,282.6281433105469,854900,0.0,0.0,0.0
2023-08-03 00:00:00-04:00,280.5382795809863,283.341302292972,280.5283955209132,281.984375,731600,0.0,0.0,0.0
2023-08-04 00:00:00-04:00,283.5690511871637,284.97551949853107,280.1222652921294,280.3896789550781,972700,0.0,0.0,0.0
2023-08-07 00:00:00-04:00,281.50890147281706,282.5389896500948,280.04300792155567,282.4300231933594,631100,0.0,0.0,0.0
2023-08-08 00:00:00-04:00,281.25140380859375,281.5683587032054,278.9238135301686,281.25140380859375,681600,0.0,0.0,0.0
2023-08-09 00:00:00-04:00,281.6673784241159,281.6673784241159,277.74516029139807,278.32952880859375,639700,0.0,0.0,0.0
2023-08-10 00:00:00-04:00,280.40945887038663,282.8261866427664,277.79465699174074,278.84454345703125,704800,0.0,0.0,0.0
2023-08-11 00:00:00-04:00,277.1706890883625,278.63658270724176,276.3387052159652,277.3390808105469,684400,0.0,0.0,0.0
2023-08-14 00:00:00-04:00,277.0914714421291,280.47883226498595,276.3387111586138,280.4293212890625,785300,0.0,0.0,0.0
2023-08-15 00:00:00-04:00,279.3695032449994,280.3995914286491,277.2400175609621,277.62628173828125,660600,0.0,0.0,0.0
2023-08-16 00:00:00-04:00,277.23012167597625,278.4583142856261,275.2491990055849,275.3086242675781,701000,0.0,0.0,0.0
2023-08-17 00:00:00-04:00,276.14057920831453,276.42782142881833,271.89152228890987,272.3966369628906,810800,0.0,0.0,0.0
2023-08-18 00:00:00-04:00,269.6431363460032,272.87204939792093,269.2370436434971,272.0301513671875,761800,0.0,0.0,0.0
2023-08-21 00:00:00-04:00,273.1395161195677,276.1505270926223,272.4858080001655,275.7147216796875,658200,0.0,0.0,0.0
2023-08-22 00:00:00-04:00,277.5569651166748,277.606476088253,275.16994989292783,275.7939453125,776900,0.0,0.0,0.0
2023-08-23 00:00:00-04:00,276.41796386351797,280.6769661681115,276.41796386351797,279.87469482421875,651800,0.0,0.0,0.0
2023-08-24 00:00:00-04:00,281.98431808664174,282.59839919953623,274.5063178282749,274.7440490722656,792500,0.0,0.0,0.0
2023-08-25 00:00:00-04:00,275.3779933771406,277.9531991703932,272.8226161576685,276.88348388671875,724700,0.0,0.0,0.0
2023-08-28 00:00:00-04:00,278.5474362200541,279.34970743748033,277.1607662490404,278.8940734863281,705200,0.0,0.0,0.0
2023-08-29 00:00:00-04:00,278.4087641340714,284.5694346500251,278.34933887398824,284.2723083496094,813300,0.0,0.0,0.0
2023-08-30 00:00:00-04:00,284.6784464489601,286.5504028926665,284.0445366051434,286.12451171875,647500,0.0,0.0,0.0
2023-08-31 00:00:00-04:00,286.5305441678096,288.09545964693785,286.03531354161373,286.5206298828125,592900,0.0,0.0,0.0
2023-09-01 00:00:00-04:00,288.63030999699225,288.9571489024895,285.68863894160546,286.8177490234375,617200,0.0,0.0,0.0
2023-09-05 00:00:00-04:00,286.3522503522109,287.9469087541702,285.39153191393973,286.8673095703125,603800,0.0,0.0,0.0
2023-09-06 00:00:00-04:00,286.3324965597282,286.56031357444954,282.69751997005625,284.2228088378906,635300,0.0,0.0,0.0
2023-09-07 00:00:00-04:00,280.6967394735004,283.2719450189691,280.18171045499923,282.7272033691406,602400,0.0,0.0,0.0
2023-09-08 00:00:00-04:00,282.6875614131985,284.54963348126927,282.31118128542084,282.9252624511719,474900,0.0,0.0,0.0
2023-09-11 00:00:00-04:00,285.14390339618967,286.31264041529766,283.7374351233889,286.0451965332031,1237800,0.0,0.0,0.0
2023-09-12 00:00:00-04:00,284.9358976679759,285.47075522989576,282.5687108942119,282.9252624511719,642200,0.0,0.0,0.0
2023-09-13 00:00:00-04:00,282.6182386494222,284.72792616614277,281.9942431612111,283.67803955078125,592500,0.0,0.0,0.0
2023-09-14 00:00:00-04:00,284.7773682121394,285.98573197856575,283.2025386702883,285.3914794921875,510000,0.0,0.0,0.0
2023-09-15 00:00:00-04:00,284.490223168514,284.73783850490554,280.3599860578511,280.75616455078125,636200,0.0,0.0,0.0
2023-09-18 00:00:00-04:00,279.9835643773723,281.7564983863526,279.80528861597145,280.8848876953125,688100,0.0,0.0,0.0
2023-09-19 00:00:00-04:00,279.9242028816315,280.76610113752974,278.121555835164,280.41943359375,599300,0.0,0.0,0.0
2023-09-20 00:00:00-04:00,281.25135896997386,281.31078422492936,276.11086283098206,276.1702880859375,638800,0.0,0.0,0.0
2023-09-21 00:00:00-04:00,273.567864783334,274.0736918847834,270.58257081235166,270.75115966796875,989900,0.376,0.0,0.0
2023-09-22 00:00:00-04:00,272.08009185732806,273.4587064154937,270.0964946920531,270.3841247558594,1541600,0.0,0.0,0.0
2023-09-25 00:00:00-04:00,269.56097902001295,271.8718566894531,269.0650796665688,271.8718566894531,679300,0.0,0.0,0.0
2023-09-26 00:00:00-04:00,269.96763695943093,270.2849895622842,266.6550024366002,267.3492736816406,882200,0.0,0.0,0.0
2023-09-27 00:00:00-04:00,268.28150002905363,269.02534892007685,265.0879075795689,267.73602294921875,706100,0.0,0.0,0.0
2023-09-28 00:00:00-04:00,266.8831111430247,271.1280084095614,266.357459037611,269.8089294433594,743600,0.0,0.0,0.0
2023-09-29 00:00:00-04:00,272.62565129968675,273.419078210396,269.17418067677903,270.07672119140625,1002200,0.0,0.0,0.0
2023-10-02 00:00:00-04:00,269.7791967793521,273.1612342630873,269.570897242368,272.1991882324219,965000,0.0,0.0,0.0
2023-10-03 00:00:00-04:00,270.4932872155282,271.75286074685084,266.15910120171566,267.16082763671875,865300,0.0,0.0,0.0
2023-10-04 00:00:00-04:00,267.6964004504346,271.39582063172816,267.64679235326025,270.88006591796875,733400,0.0,0.0,0.0
2023-10-05 00:00:00-04:00,270.5825497079293,271.5346680593674,268.11295017050077,271.05859375,877600,0.0,0.0,0.0
2023-10-06 00:00:00-04:00,269.06507664720255,276.6126501936245,268.8567771286414,275.6506042480469,994800,0.0,0.0,0.0
2023-10-09 00:00:00-04:00,273.71664286961624,277.4953938644895,272.73474147890545,276.890380859375,1060400,0.0,0.0,0.0
2023-10-10 00:00:00-04:00,277.1978280020748,280.41127659238,276.8407949738722,278.1995544433594,654300,0.0,0.0,0.0
2023-10-11 00:00:00-04:00,279.2707114130912,280.6295012842491,278.26901514004265,280.3914489746094,552200,0.0,0.0,0.0
2023-10-12 00:00:00-04:00,280.6493001123389,282.0477400148718,277.43588177214195,279.0227355957031,808600,0.0,0.0,0.0
2023-10-13 00:00:00-04:00,279.5682791861284,280.13361182411234,274.837379055095,275.9085388183594,737300,0.0,0.0,0.0
2023-10-16 00:00:00-04:00,276.77137664818684,279.7665981922595,276.65236563239955,279.0723571777344,763900,0.0,0.0,0.0
2023-10-17 00:00:00-04:00,276.1266570901175,279.7268909191012,275.06542530385934,278.33837890625,966800,0.0,0.0,0.0
2023-10-18 00:00:00-04:00,276.28536084286634,277.80281158671187,273.03226243860246,273.9149475097656,632800,0.0,0.0,0.0
2023-10-19 00:00:00-04:00,274.72824973698755,275.9878232348622,271.0387572301889,271.67352294921875,1059200,0.0,0.0,0.0
2023-10-20 00:00:00-04:00,271.29664747343037,271.5743499218728,267.35920509572674,267.5674743652344,1572000,0.0,0.0,0.0
2023-10-23 00:00:00-04:00,266.2483477301301,270.909783015198,264.8994858877764,268.41046142578125,816200,0.0,0.0,0.0
2023-10-24 00:00:00-04:00,269.7791631372344,271.3858721233405,268.1922792280987,270.7114562988281,1004400,0.0,0.0,0.0
2023-10-25 00:00:00-04:00,268.6485558080877,269.0452693037116,264.2152136363837,264.59210205078125,1198800,0.0,0.0,0.0
2023-10-26 00:00:00-04:00,263.82836057302734,264.3540126308984,258.5123042312125,259.39501953125,1557000,0.0,0.0,0.0
2023-10-27 00:00:00-04:00,261.537306001064,262.98532349924267,259.3156565291923,260.3173828125,788700,0.0,0.0,0.0
2023-10-30 00:00:00-04:00,262.4597350893884,264.67142715862985,261.6266276856514,263.8680725097656,833300,0.0,0.0,0.0
2023-10-31 00:00:00-04:00,264.2944887423183,265.5243092599122,262.39022220696654,265.3160400390625,687100,0.0,0.0,0.0
2023-11-01 00:00:00-04:00,265.7128111502475,269.65025346372437,265.69298607114524,269.4122314453125,2767800,0.0,0.0,0.0
2023-11-02 00:00:00-04:00,272.5561824991049,274.777801772568,272.33798558708315,274.619140625,1334600,0.0,0.0,0.0
2023-11-03 00:00:00-04:00,275.4126045602418,278.4475063937643,275.24398545069204,277.5945739746094,1320800,0.0,0.0,0.0
2023-11-06 00:00:00-05:00,278.1698031494455,279.2409325069656,277.2176848019503,279.1814270019531,733300,0.0,0.0,0.0
2023-11-07 00:00:00-05:00,279.8261231979977,282.50396175204565,279.17153236906233,281.7799377441406,873900,0.0,0.0,0.0
2023-11-08 00:00:00-05:00,282.4840943984135,283.20808803067484,281.0559019430671,282.8708801269531,772900,0.0,0.0,0.0
2023-11-09 00:00:00-05:00,283.5354280646443,284.0213997607339,280.2724017417535,280.6195373535156,658600,0.0,0.0,0.0
2023-11-10 00:00:00-05:00,281.6510109911175,286.2727966516533,281.3138030588846,286.1141052246094,754600,0.0,0.0,0.0
2023-11-13 00:00:00-05:00,285.2909066797501,286.7984601629506,284.1007663305507,285.9752502441406,870200,0.0,0.0,0.0
2023-11-14 00:00:00-05:00,290.4879507846472,292.7194979749807,290.44827035975396,291.6880187988281,1048800,0.0,0.0,0.0
2023-11-15 00:00:00-05:00,293.13603650082393,293.3443057637455,290.7557255512607,291.6880187988281,1006200,0.0,0.0,0.0
2023-11-16 00:00:00-05:00,291.41035567102216,293.07657053376266,291.20205611270467,292.9476318359375,871500,0.0,0.0,0.0
2023-11-17 00:00:00-05:00,292.62028490338366,293.20544248027284,291.47972249869144,292.6996154785156,722000,0.0,0.0,0.0
2023-11-20 00:00:00-05:00,292.48145546897143,296.5379088651316,292.48145546897143,295.992431640625,969400,0.0,0.0,0.0
2023-11-21 00:00:00-05:00,295.18905073103275,295.8337138299691,293.800538610102,295.09979248046875,1324700,0.0,0.0,0.0
2023-11-22 00:00:00-05:00,296.67675594575496,298.22395952751606,295.52626579852074,296.4883117675781,747900,0.0,0.0,0.0
2023-11-24 00:00:00-05:00,296.2800768521251,296.6172848239224,295.29817542379055,296.23046875,447800,0.0,0.0,0.0
2023-11-27 00:00:00-05:00,295.7047823669572,297.2916663726975,295.28824385416857,296.0122375488281,1031800,0.0,0.0,0.0
2023-11-28 00:00:00-05:00,295.3477549089506,297.24209413217807,295.0402997212991,296.73626708984375,734600,0.0,0.0,0.0
2023-11-29 00:00:00-05:00,298.70996009863944,299.19596210017676,296.14120479761993,296.2998962402344,918000,0.0,0.0,0.0
2023-11-30 00:00:00-05:00,296.8949396470386,297.242075237019,293.8401827759638,296.121337890625,821800,0.0,0.0,0.0
2023-12-01 00:00:00-05:00,295.43703002562654,297.6685773153453,294.5741699163695,297.1627502441406,977800,0.0,0.0,0.0
2023-12-04 00:00:00-05:00,294.27660941071554,294.84194198306255,291.9260511299322,294.4055480957031,1117100,0.0,0.0,0.0
2023-12-05 00:00:00-05:00,293.2054567667335,296.58749399168073,293.08644576459017,295.7940368652344,784400,0.0,0.0,0.0
2023-12-06 00:00:00-05:00,297.2916728566708,297.8768304822615,293.9790686911106,294.197265625,803600,0.0,0.0,0.0
2023-12-07 00:00:00-05:00,296.02216286551123,297.9859352120558,295.6353468394198,297.7280578613281,831600,0.0,0.0,0.0
2023-12-08 00:00:00-05:00,296.6072804135422,299.5330983265275,296.5477749202257,299.1661376953125,753600,0.0,0.0,0.0
2023-12-11 00:00:00-05:00,297.9164843937953,299.364501953125,297.31147147614223,299.364501953125,828400,0.0,0.0,0.0
2023-12-12 00:00:00-05:00,298.90828828551827,301.56630145944126,298.4024612778137,301.5167236328125,854700,0.0,0.0,0.0
2023-12-13 00:00:00-05:00,302.01263130456755,305.5830824046086,301.60599020618963,304.9979248046875,838600,0.0,0.0,0.0
2023-12-14 00:00:00-05:00,306.2079533141259,306.73360546998776,301.85397229996744,304.5516662597656,1024000,0.0,0.0,0.0
2023-12-15 00:00:00-05:00,303.8871701513332,306.2278312422981,303.8871701513332,305.3847961425781,955700,0.0,0.0,0.0
2023-12-18 00:00:00-05:00,306.13851860539216,308.4493962630006,305.72194983302234,307.7253723144531,962600,0.0,0.0,0.0
2023-12-19 00:00:00-05:00,308.18163827404794,309.42138671875,308.0328442468469,309.42138671875,857900,0.0,0.0,0.0
2023-12-20 00:00:00-05:00,309.24283564517464,310.78014185563455,305.2458879256518,305.36492919921875,1006200,0.0,0.0,0.0
2023-12-21 00:00:00-05:00,308.0230506294178,308.7981251341311,306.03567699426424,308.6490478515625,1172800,0.585,0.0,0.0
2023-12-22 00:00:00-05:00,309.12602214835505,309.7321868636936,307.23802329837457,308.6192321777344,965600,0.0,0.0,0.0
2023-12-26 00:00:00-05:00,308.68878628135093,310.07994168195614,308.68878628135093,309.72222900390625,687700,0.0,0.0,0.0
2023-12-27 00:00:00-05:00,309.94085370569434,310.34826893305046,309.0365950778915,310.0700378417969,861600,0.0,0.0,0.0
2023-12-28 00:00:00-05:00,310.5668452945717,311.21273557540866,309.96068064723374,310.1892395019531,1009900,0.0,0.0,0.0
2023-12-29 00:00:00-05:00,309.98057993380246,310.7059518209281,307.5360888041538,308.9173278808594,860200,0.0,0.0,0.0
2024-01-02 00:00:00-05:00,306.42318191014743,306.49274726145853,301.7131163627901,303.6507873535156,1371900,0.0,0.0,0.0
2024-01-03 00:00:00-05:00,301.51439032040406,302.54783312407966,300.2623655240381,300.580322265625,1285800,0.0,0.0,0.0
2024-01-04 00:00:00-05:00,299.7953041914614,301.85221271419044,299.020229740527,299.1493835449219,950100,0.0,0.0,0.0
2024-01-05 00:00:00-05:00,299.4177088171126,301.4845639833812,298.3842660715213,299.4872741699219,964600,0.0,0.0,0.0
2024-01-08 00:00:00-05:00,300.4312494132641,305.9561453367138,300.4312494132641,305.8070983886719,1018700,0.0,0.0,0.0
2024-01-09 00:00:00-05:00,304.2171816228644,307.31747932056356,303.6607194886575,306.4728698730469,1099700,0.0,0.0,0.0
2024-01-10 00:00:00-05:00,306.9697076659512,310.47742049205925,306.9597610950133,309.7718811035156,793900,0.0,0.0,0.0
2024-01-11 00:00:00-05:00,311.22269657739537,312.2760020872717,306.9697185776364,310.5469665527344,823900,0.0,0.0,0.0
2024-01-12 00:00:00-05:00,310.9543731503757,311.868578261445,309.75202072894785,310.7953796386719,784900,0.0,0.0,0.0
2024-01-16 00:00:00-05:00,309.90107318082795,311.62016212709307,308.78814890402066,310.3879699707031,953100,0.0,0.0,0.0
2024-01-17 00:00:00-05:00,308.0826556400534,309.086258659999,305.90647918085017,309.0167236328125,745500,0.0,0.0,0.0
2024-01-18 00:00:00-05:00,311.47114471544177,313.33925045725454,310.2190896228657,313.1305847167969,1205300,0.0,0.0,0.0
2024-01-19 00:00:00-05:00,314.6707991576962,318.00957211030357,313.7466474253555,317.95989990234375,882200,0.0,0.0,0.0
2024-01-22 00:00:00-05:00,319.45041475188594,320.5136364856652,318.17849697487156,318.4666442871094,1276700,0.0,0.0,0.0
2024-01-23 00:00:00-05:00,319.13242388073786,319.4901365364102,317.7114591791871,319.4603271484375,827000,0.0,0.0,0.0
2024-01-24 00:00:00-05:00,321.6762608017592,323.6437713912399,320.43415242264774,320.6229553222656,1115200,0.0,0.0,0.0
2024-01-25 00:00:00-05:00,321.6762982614387,322.8587880020484,319.46036573808715,321.3782043457031,866600,0.0,0.0,0.0
2024-01-26 00:00:00-05:00,320.7322798865594,322.29237545205496,320.16590145331367,320.781982421875,781000,0.0,0.0,0.0
2024-01-29 00:00:00-05:00,321.139676479347,324.59771728515625,320.73226127299404,324.59771728515625,998500,0.0,0.0,0.0
2024-01-30 00:00:00-05:00,324.26977885828376,324.69708720122605,322.3122147775262,322.55072021484375,983000,0.0,0.0,0.0
2024-01-31 00:00:00-05:00,319.5001199261944,320.8714125807873,315.5849914550781,315.5849914550781,950100,0.0,0.0,0.0
2024-02-01 00:00:00-05:00,317.8406351859148,320.72235107421875,317.48292250524764,320.72235107421875,1199100,0.0,0.0,0.0
2024-02-02 00:00:00-05:00,321.8253167360885,328.03585880520717,321.3781759020594,327.1713562011719,1069500,0.0,0.0,0.0
2024-02-05 00:00:00-05:00,327.5986207146642,327.89674491664135,324.5281324812401,326.9626770019531,1020800,0.0,0.0,0.0
2024-02-06 00:00:00-05:00,327.71784874682515,328.1153476712492,324.8858660222208,327.0620422363281,755200,0.0,0.0,0.0
2024-02-07 00:00:00-05:00,328.88054685806117,331.5734298034628,328.6221785660958,331.3051452636719,946100,0.0,0.0,0.0
2024-02-08 00:00:00-05:00,331.3448660614532,332.32860626119106,331.1560631488895,331.861572265625,1124500,0.0,0.0,0.0
2024-02-09 00:00:00-05:00,333.4018198991688,336.0351144609115,332.80563201529736,335.5481872558594,786700,0.0,0.0,0.0
2024-02-12 00:00:00-05:00,335.4785812836373,336.5418334226942,332.8552639374108,333.6203918457031,1141500,0.0,0.0,0.0
2024-02-13 00:00:00-05:00,326.9130057480016,330.96726481343336,326.42610892724247,328.70166015625,2873800,0.0,0.0,0.0
2024-02-14 00:00:00-05:00,331.27530201090303,333.2129730278448,329.4071660212998,333.0242004394531,2158900,0.0,0.0,0.0
2024-02-15 00:00:00-05:00,332.51742374182453,333.55086652035845,330.92751877290664,333.52105712890625,988600,0.0,0.0,0.0
2024-02-16 00:00:00-05:00,333.8986174403861,334.325925798295,330.5996004118891,331.13616943359375,915200,0.0,0.0,0.0
2024-02-20 00:00:00-05:00,329.46676132739054,330.14246100849095,325.1442180977104,327.70794677734375,986000,0.0,0.0,0.0
2024-02-21 00:00:00-05:00,325.3032749374212,326.8534240722656,323.9916009541167,326.8534240722656,1219100,0.0,0.0,0.0
2024-02-22 00:00:00-05:00,333.6501839292793,337.6845496453948,333.38189942793025,337.2970275878906,1361300,0.0,0.0,0.0
2024-02-23 00:00:00-05:00,338.7776072766472,339.7315683648955,335.62763734592335,336.7008056640625,794600,0.0,0.0,0.0
2024-02-26 00:00:00-05:00,337.26720456434236,337.92304142159503,335.6673532175039,335.78662109375,796100,0.0,0.0,0.0
2024-02-27 00:00:00-05:00,336.0549051078254,336.55174845429013,334.14701331443973,336.3629455566406,627800,0.0,0.0,0.0
2024-02-28 00:00:00-05:00,334.922128299356,336.1642368160053,334.2066725807694,335.39910888671875,715500,0.0,0.0,0.0
2024-02-29 00:00:00-05:00,336.82007911367066,338.578924209191,334.56442092849676,337.8833312988281,1103300,0.0,0.0,0.0
2024-03-01 00:00:00-05:00,338.01246472345986,341.6394150406458,338.01246472345986,341.40093994140625,956200,0.0,0.0,0.0
2024-03-04 00:00:00-05:00,340.8743325642002,341.47055071653136,339.6222774767961,339.8806457519531,913100,0.0,0.0,0.0
2024-03-05 00:00:00-05:00,337.5851807267624,337.5851807267624,332.57699145740065,334.4351806640625,1008200,0.0,0.0,0.0
2024-03-06 00:00:00-05:00,337.26724439977477,337.76408780562724,334.61408726955995,335.9754333496094,777600,0.0,0.0,0.0
2024-03-07 00:00:00-05:00,338.22116544441593,341.53015941343193,336.85981940382624,340.55633544921875,951500,0.0,0.0,0.0
2024-03-08 00:00:00-05:00,341.45062867435655,344.32239787466324,336.4722484623613,337.2870788574219,900200,0.0,0.0,0.0
2024-03-11 00:00:00-04:00,336.3033453921421,336.6213324294557,334.2066505850755,335.4388427734375,742200,0.0,0.0,0.0
2024-03-12 00:00:00-04:00,337.54546502190846,341.53015871719543,335.21029502186605,341.42083740234375,1007600,0.0,0.0,0.0
2024-03-13 00:00:00-04:00,340.94388344106363,340.9836394063775,338.7180345821464,339.81109619140625,725200,0.0,0.0,0.0
2024-03-14 00:00:00-04:00,341.2519182156134,341.70900563122854,337.96278716274634,339.9302978515625,666100,0.0,0.0,0.0
2024-03-15 00:00:00-04:00,336.5219729977442,337.6845695637451,334.7631582908871,335.94561767578125,1029000,0.0,0.0,0.0
2024-03-18 00:00:00-04:00,339.9104252686885,341.8282333697901,338.74779845757985,339.01611328125,756400,0.0,0.0,0.0
2024-03-19 00:00:00-04:00,337.8137425847707,341.10284333580057,336.09468389717154,340.95379638671875,704600,0.0,0.0,0.0
2024-03-20 00:00:00-04:00,341.4506694790145,344.61058637416943,340.19861434795024,344.4217834472656,720700,0.0,0.0,0.0
2024-03-21 00:00:00-04:00,347.14616335289236,347.14616335289236,344.00186407483307,344.24066162109375,792100,0.468,0.0,0.0
2024-03-22 00:00:00-04:00,343.63372242371173,345.3750254600905,343.10635757590217,344.54913330078125,983500,0.0,0.0,0.0
2024-03-25 00:00:00-04:00,342.5292111911845,344.47949238818967,341.8525978938958,343.4346923828125,816100,0.0,0.0,0.0
2024-03-26 00:00:00-04:00,344.82772724917737,345.0565951425598,342.0416546449802,342.5789794921875,1226200,0.0,0.0,0.0
2024-03-27 00:00:00-04:00,344.2108481029626,344.68847361159436,340.9471497087716,343.3252868652344,983400,0.0,0.0,0.0
2024-03-28 00:00:00-04:00,342.86752692406105,343.633719688154,341.98196574859963,342.48944091796875,707600,0.0,0.0,0.0
2024-04-01 00:00:00-04:00,343.0864163288842,344.62873142817875,341.01676678029054,342.5590515136719,953600,0.0,0.0,0.0
2024-04-02 00:00:00-04:00,338.827734709521,340.33024030326874,337.5540970353382,340.16107177734375,1183200,0.0,0.0,0.0
2024-04-03 00:00:00-04:00,339.0764505071913,342.3600685822093,339.0764505071913,340.8675231933594,707400,0.0,0.0,0.0
2024-04-04 00:00:00-04:00,343.55408525312214,344.63866458729194,335.92222020127286,336.101318359375,1276800,0.0,0.0,0.0
2024-04-05 00:00:00-04:00,337.7729692441417,342.5093230785788,337.42470257409525,341.07647705078125,862000,0.0,0.0,0.0
2024-04-08 00:00:00-04:00,341.8824491456781,342.3600746102487,340.0117873668361,341.07647705078125,1392000,0.0,0.0,0.0
2024-04-09 00:00:00-04:00,342.34012824447,342.6386555240876,337.7530535970246,341.1261901855469,1729600,0.0,0.0,0.0
2024-04-10 00:00:00-04:00,337.4645336879926,339.90237016699916,337.31528521019794,339.1560974121094,923100,0.0,0.0,0.0
2024-04-11 00:00:00-04:00,340.47945798541036,345.006864032983,338.5988665240453,344.4197998046875,1761100,0.0,0.0,0.0
2024-04-12 00:00:00-04:00,341.4744790556243,342.65856750025,338.3003300809943,339.6336669921875,2598600,0.0,0.0,0.0
2024-04-15 00:00:00-04:00,342.0416428608718,342.1013422456254,332.8575028713807,333.2953186035156,1198000,0.0,0.0,0.0
2024-04-16 00:00:00-04:00,333.1361266220986,335.2655060034857,332.1212066651066,333.41473388671875,2324600,0.0,0.0,0.0
2024-04-17 00:00:00-04:00,334.86750091604324,334.9968597117553,328.9868682825207,330.2803955078125,765000,0.0,0.0,0.0
2024-04-18 00:00:00-04:00,330.35003709009754,331.99183090004345,327.71321304795254,328.2604675292969,1045600,0.0,0.0,0.0
2024-04-19 00:00:00-04:00,327.29526832483504,327.64353495942674,319.693253574627,320.857421875,1271700,0.0,0.0,0.0
2024-04-22 00:00:00-04:00,323.1659594503862,326.00180205259016,320.32018719339504,323.9918212890625,1082900,0.0,0.0,0.0
2024-04-23 00:00:00-04:00,326.1012972180076,329.723191787119,325.5739323638323,329.4943542480469,834800,0.0,0.0,0.0
2024-04-24 00:00:00-04:00,332.13119696608067,332.3699945386941,327.8724681809441,329.4247131347656,792200,0.0,0.0,0.0
2024-04-25 00:00:00-04:00,322.18085874318314,327.76296396695295,321.0664297023822,327.55401611328125,946000,0.0,0.0,0.0
2024-04-26 00:00:00-04:00,332.1112553292744,334.87743837387495,330.82768809402256,333.5142517089844,1437400,0.0,0.0,0.0
2024-04-29 00:00:00-04:00,335.3948864503616,335.4645458624921,332.1709674763044,334.36004638671875,807700,0.0,0.0,0.0
2024-04-30 00:00:00-04:00,333.494366480529,335.1560501139297,328.180908203125,328.180908203125,717600,0.0,0.0,0.0
2024-05-01 00:00:00-04:00,328.0316766761093,333.44461397268105,326.1410946732451,327.25555419921875,896600,0.0,0.0,0.0
2024-05-02 00:00:00-04:00,330.06148215020806,331.8824045480667,326.67838530753346,331.5440979003906,1064800,0.0,0.0,0.0
2024-05-03 00:00:00-04:00,337.42469662412117,338.19088935789546,335.4147464322515,337.3052978515625,836000,0.0,0.0,0.0
2024-05-06 00:00:00-04:00,338.70832329599193,341.9123222208775,337.99190023310086,341.8327331542969,770500,0.0,0.0,0.0
2024-05-07 00:00:00-04:00,342.1709962518766,342.9272289347093,340.9769478438157,341.6834411621094,643900,0.0,0.0,0.0
2024-05-08 00:00:00-04:00,339.8924042616756,341.66355702131204,339.583947290935,341.1163024902344,612900,0.0,0.0,0.0
2024-05-09 00:00:00-04:00,341.2755157794116,342.2904357910156,340.0914272495822,342.2904357910156,531300,0.0,0.0,0.0
2024-05-10 00:00:00-04:00,343.1460878855277,343.9620199080739,340.9669997623444,342.101318359375,568200,0.0,0.0,0.0
2024-05-13 00:00:00-04:00,342.98695965545824,343.0366990245417,341.0366783863775,342.111328125,656400,0.0,0.0,0.0
2024-05-14 00:00:00-04:00,341.7033622824506,344.5590944126133,341.6237428527657,343.9322204589844,689600,0.0,0.0,0.0
2024-05-15 00:00:00-04:00,345.97202405879887,349.6635777196884,345.0864325760509,349.63372802734375,841000,0.0,0.0,0.0
2024-05-16 00:00:00-04:00,349.5740402755853,350.94718690096266,348.46954089025024,348.5790100097656,934300,0.0,0.0,0.0
2024-05-17 00:00:00-04:00,349.305377413825,349.305377413825,347.07651924140123,348.8874816894531,635000,0.0,0.0,0.0
2024-05-20 00:00:00-04:00,348.8874594590181,351.30537566513595,348.7083613028419,350.728271484375,771400,0.0,0.0,0.0
2024-05-21 00:00:00-04:00,349.882473696488,352.08148193359375,349.5540967259416,352.08148193359375,640600,0.0,0.0,0.0
2024-05-22 00:00:00-04:00,352.0914640257199,352.58897915635794,349.5043792732194,351.2854919433594,740100,0.0,0.0,0.0
2024-05-23 00:00:00-04:00,354.73825552222746,355.504417907572,349.08646044286144,349.8327331542969,988200,0.0,0.0,0.0
2024-05-24 00:00:00-04:00,351.22579529471943,354.2307757754677,350.4795225929453,353.6934509277344,938700,0.0,0.0,0.0
2024-05-28 00:00:00-04:00,355.0367265576688,355.8128489063008,353.4844818604049,355.6138610839844,1602800,0.0,0.0,0.0
2024-05-29 00:00:00-04:00,352.6685551827234,355.6934555676676,352.6685551827234,354.35015869140625,1064600,0.0,0.0,0.0
2024-05-30 00:00:00-04:00,352.2705284036395,352.6983840871393,347.80285267603404,349.2257385253906,889500,0.0,0.0,0.0
2024-05-31 00:00:00-04:00,349.85266659723123,349.92232600745336,342.9571137672135,348.9372253417969,1323100,0.0,0.0,0.0
2024-06-03 00:00:00-04:00,351.73324857104893,352.360122514213,347.6635783164085,351.6238098144531,1477000,0.0,0.0,0.0
2024-06-04 00:00:00-04:00,351.584027479564,353.5939778963068,350.31038981992083,353.1263427734375,1088200,0.0,0.0,0.0
2024-06-05 00:00:00-04:00,355.47458884854603,359.4149004911987,354.80790515996136,359.2955017089844,862700,0.0,0.0,0.0
2024-06-06 00:00:00-04:00,360.190954715199,360.8775279487987,358.499421677708,359.7033996582031,937600,0.0,0.0,0.0
2024-06-07 00:00:00-04:00,359.4447353880781,361.43479598549345,358.1313184718792,359.3352966308594,766500,0.0,0.0,0.0
2024-06-10 00:00:00-04:00,358.64869696393663,361.1064228359381,357.8228048717329,360.4298095703125,725100,0.0,0.0,0.0
2024-06-11 00:00:00-04:00,360.3004965315709,364.1114494187191,359.1164079834203,364.0318603515625,679500,0.0,0.0,0.0
2024-06-12 00:00:00-04:00,367.10648400090827,371.7134791822082,366.41991065960485,368.9472961425781,1020200,0.0,0.0,0.0
2024-06-13 00:00:00-04:00,370.5194007581451,370.8378177185944,367.4646506735292,369.3751220703125,819800,0.0,0.0,0.0
2024-06-14 00:00:00-04:00,369.07663873786345,370.6487731933594,368.34029569397336,370.6487731933594,1080700,0.0,0.0,0.0
2024-06-17 00:00:00-04:00,370.1810982438237,375.42489666657207,369.24576739079197,373.68359375,950600,0.0,0.0,0.0
2024-06-18 00:00:00-04:00,373.60400458231715,374.49952572310883,372.69852342205587,374.380126953125,1120600,0.0,0.0,0.0
2024-06-20 00:00:00-04:00,375.8726993624582,376.2806654332075,370.3403332716645,371.892578125,1353800,0.0,0.0,0.0
2024-06-21 00:00:00-04:00,372.28063548683576,373.484613597152,370.09155677179376,371.53436279296875,1331400,0.0,0.0,0.0
2024-06-24 00:00:00-04:00,370.84777715093765,372.5094606224356,367.7731070324652,367.9024658203125,886300,0.0,0.0,0.0
2024-06-25 00:00:00-04:00,369.63384401844917,373.27565833614307,369.27561734222843,372.9870910644531,1252600,0.0,0.0,0.0
2024-06-26 00:00:00-04:00,372.2905824636634,374.8378576146503,372.2905824636634,374.59906005859375,745000,0.0,0.0,0.0
2024-06-27 00:00:00-04:00,374.4655355066417,376.57755289654403,374.20650418053515,375.6908874511719,943900,0.456,0.0,0.0
2024-06-28 00:00:00-04:00,376.2687448625936,378.829081180528,372.06462361932904,372.60260009765625,1072700,0.0,0.0,0.0
2024-07-01 00:00:00-04:00,373.5988278277521,375.68095940202187,370.3112276556901,375.282470703125,1016000,0.0,0.0,0.0
2024-07-02 00:00:00-04:00,373.44933032494595,378.55008852605545,373.40950274098753,378.52020263671875,781700,0.0,0.0,0.0
2024-07-03 00:00:00-04:00,378.0121343215463,381.5388214841342,377.99222052839724,381.32958984375,616400,0.0,0.0,0.0
2024-07-05 00:00:00-04:00,381.4591051453774,386.1613445568026,381.4591051453774,385.9023132324219,795000,0.0,0.0,0.0
2024-07-08 00:00:00-04:00,386.45029029535993,386.45029029535993,385.0854504981334,385.94219970703125,847700,0.0,0.0,0.0
2024-07-09 00:00:00-04:00,387.486375310936,388.32321070373314,385.5437010900842,386.8686828613281,1203500,0.0,0.0,0.0
2024-07-10 00:00:00-04:00,387.80515233503445,390.66437796225495,386.659485906085,390.4651184082031,837000,0.0,0.0,0.0
2024-07-11 00:00:00-04:00,390.13631559932657,390.45511870217246,381.41924277384817,382.305908203125,1852100,0.0,0.0,0.0
2024-07-12 00:00:00-04:00,382.6346623928824,387.64573287830257,382.0867442486413,384.62713623046875,1570800,0.0,0.0,0.0
2024-07-15 00:00:00-04:00,386.7491373333251,389.02055636020026,383.9397722441361,385.58355712890625,923700,0.0,0.0,0.0
2024-07-16 00:00:00-04:00,386.8089203727584,387.3369247548109,383.2722912631458,385.5138244628906,1157400,0.0,0.0,0.0
2024-07-17 00:00:00-04:00,378.6995492031799,379.3670109209894,374.5352861309214,374.9736328125,1258300,0.0,0.0,0.0
2024-07-18 00:00:00-04:00,377.76311011845104,377.79299601231423,369.5042968831993,371.9749755859375,986400,0.0,0.0,0.0
2024-07-19 00:00:00-04:00,371.4967339558098,373.81798295850746,368.9065119350786,369.7433776855469,680500,0.0,0.0,0.0
2024-07-22 00:00:00-04:00,374.5552339868273,376.60747981778775,372.313700689665,375.49169921875,807200,0.0,0.0,0.0
2024-07-23 00:00:00-04:00,375.8602429892998,378.71943792572483,375.1230374385105,375.4517822265625,710100,0.0,0.0,0.0
2024-07-24 00:00:00-04:00,369.51426331486414,369.96255171593657,360.6676740341554,361.4945373535156,1286200,0.0,0.0,0.0
2024-07-25 00:00:00-04:00,361.2354925929312,365.01123881634805,354.3614643189957,357.3302307128906,1162500,0.0,0.0,0.0
2024-07-26 00:00:00-04:00,360.27914010592366,362.87930391540726,358.3165521260163,360.35882568359375,726900,0.0,0.0,0.0
2024-07-29 00:00:00-04:00,362.67010289137426,364.32385985436196,359.8407936399247,361.38494873046875,786000,0.0,0.0,0.0
2024-07-30 00:00:00-04:00,362.4808136054589,363.4371925469285,353.77368215031953,357.15093994140625,1100200,0.0,0.0,0.0
2024-07-31 00:00:00-04:00,364.473321236826,367.40226051900964,362.6900484514611,365.9178466796875,790900,0.0,0.0,0.0
2024-08-01 00:00:00-04:00,367.89039039166175,371.26764834381123,356.74249616435225,359.9105224609375,1332400,0.0,0.0,0.0
2024-08-02 00:00:00-04:00,352.70773953831014,355.5071629454927,348.095157579057,352.289306640625,1497800,0.0,0.0,0.0
2024-08-05 00:00:00-04:00,329.88393907233797,345.4551271327096,329.0570453959648,339.7964782714844,2423500,0.0,0.0,0.0
2024-08-06 00:00:00-04:00,342.48632590404713,349.489870210233,339.4179295787383,344.1500549316406,1558500,0.0,0.0,0.0
2024-08-07 00:00:00-04:00,348.82240157133873,351.2332778355951,340.58350297864575,340.892333984375,1461300,0.0,0.0,0.0
2024-08-08 00:00:00-04:00,346.7203677872449,351.6019230896707,343.1438805447827,351.1237487792969,1251200,0.0,0.0,0.0
2024-08-09 00:00:00-04:00,350.5359128189748,354.52086055287225,349.96808087297563,353.6043395996094,1011700,0.0,0.0,0.0
2024-08-12 00:00:00-04:00,354.6902229477252,356.9516697699276,352.9766942604425,354.9990539550781,743600,0.0,0.0,0.0
2024-08-13 00:00:00-04:00,357.9379973442116,362.9988678860232,357.9379973442116,362.9092102050781,1001600,0.0,0.0,0.0
2024-08-14 00:00:00-04:00,363.7559926605834,364.7223436922717,360.2093916459362,363.6862487792969,818900,0.0,0.0,0.0
2024-08-15 00:00:00-04:00,367.2328705112428,371.1680187412822,366.7247799228316,370.9388732910156,848000,0.0,0.0,0.0
2024-08-16 00:00:00-04:00,369.8928025563631,372.7121395714219,369.41459790526955,371.74578857421875,916400,0.0,0.0,0.0
2024-08-19 00:00:00-04:00,372.164239332875,376.2587585449219,370.90897106512875,376.2587585449219,880400,0.0,0.0,0.0
2024-08-20 00:00:00-04:00,376.0495616464972,378.15160701161136,374.734521579638,375.88018798828125,693000,0.0,0.0,0.0
2024-08-21 00:00:00-04:00,375.9997393864049,378.80910430254386,375.1927595371643,377.6435241699219,877600,0.0,0.0,0.0
2024-08-22 00:00:00-04:00,379.0482342175328,379.7954119074361,371.43696955640354,372.1044616699219,876200,0.0,0.0,0.0
2024-08-23 00:00:00-04:00,374.8839639095173,377.85276105883645,372.522887128228,376.3683776855469,727700,0.0,0.0,0.0
2024-08-26 00:00:00-04:00,376.33849051088725,377.3845271766155,372.3037125086357,374.1866149902344,774800,0.0,0.0,0.0
2024-08-27 00:00:00-04:00,372.76198331828635,375.8403517658445,371.3771994002851,375.3123474121094,738800,0.0,0.0,0.0
2024-08-28 00:00:00-04:00,374.83414985764193,375.39204011358305,368.8965861892751,371.3473205566406,1123500,0.0,0.0,0.0
2024-08-29 00:00:00-04:00,372.9612273503275,376.08942601061983,369.7035434230154,370.4606628417969,852200,0.0,0.0,0.0
2024-08-30 00:00:00-04:00,372.7121682228518,374.3061534462941,369.60391375864594,374.13677978515625,955200,0.0,0.0,0.0
2024-09-03 00:00:00-04:00,371.8753346757073,371.8753346757073,361.04624368410174,363.068603515625,1790000,0.0,0.0,0.0
2024-09-04 00:00:00-04:00,360.6875743282706,364.62272242813975,359.75110916631803,361.9029846191406,780200,0.0,0.0,0.0
2024-09-05 00:00:00-04:00,361.08609112257284,365.79827239178326,360.2990554270786,362.24169921875,925400,0.0,0.0,0.0
2024-09-06 00:00:00-04:00,363.28776595167193,364.2042869103403,353.9430585961315,354.8894958496094,1615600,0.0,0.0,0.0
2024-09-09 00:00:00-04:00,358.7050776707111,359.8308303008448,355.93554013581763,359.3028259277344,784500,0.0,0.0,0.0
2024-09-10 00:00:00-04:00,360.49830517454905,362.2118340256576,357.50959418327176,361.8432312011719,868400,0.0,0.0,0.0
2024-09-11 00:00:00-04:00,362.90921206873355,369.76332747286597,356.9317900864423,369.1954650878906,1152100,0.0,0.0,0.0
2024-09-12 00:00:00-04:00,369.8330593005298,373.40954635499014,367.87047126422675,372.8117980957031,984000,0.0,0.0,0.0
2024-09-13 00:00:00-04:00,372.791863882302,375.19276808098766,372.3634589049222,374.23638916015625,586400,0.0,0.0,0.0
2024-09-16 00:00:00-04:00,372.3634629876982,373.17041246142526,370.4905631146665,372.8316955566406,968900,0.0,0.0,0.0
2024-09-17 00:00:00-04:00,375.1230709416401,376.079449904126,371.5963836138782,372.8914794921875,710900,0.0,0.0,0.0
2024-09-18 00:00:00-04:00,373.778118558437,376.8664589762302,371.3472981317406,371.4867858886719,852600,0.0,0.0,0.0
2024-09-19 00:00:00-04:00,380.1440650904495,382.13653890180046,378.4504805924437,380.60235595703125,745100,0.0,0.0,0.0
2024-09-20 00:00:00-04:00,380.57247604408605,381.20011016895864,377.46422171399144,379.4566955566406,678900,0.0,0.0,0.0
2024-09-23 00:00:00-04:00,380.3034769156471,381.2100561726269,379.26741239573164,380.4031066894531,539000,0.0,0.0,0.0
2024-09-24 00:00:00-04:00,381.4989651036142,382.1863710043747,377.50404536191024,381.8874816894531,603400,0.0,0.0,0.0
2024-09-25 00:00:00-04:00,381.51890161049545,383.5811194355506,381.4890157174978,382.774169921875,613700,0.0,0.0,0.0
2024-09-26 00:00:00-04:00,386.56932753492936,386.649107587225,381.0137015963963,383.4773254394531,815600,0.455,0.0,0.0
2024-09-27 00:00:00-04:00,384.06580152729725,384.06580152729725,380.4551529659754,381.3328857421875,767500,0.0,0.0,0.0
2024-09-30 00:00:00-04:00,380.4152541482665,383.29780704436314,378.9390948531334,382.938720703125,1191700,0.0,0.0,0.0
2024-10-01 00:00:00-04:00,382.8688983669551,382.8988501312754,375.32841994416583,377.81201171875,1082400,0.0,0.0,0.0
2024-10-02 00:00:00-04:00,376.8146145274189,379.1485693650651,374.6402198089602,378.2209777832031,643600,0.0,0.0,0.0
2024-10-03 00:00:00-04:00,376.92430652033534,380.11605672269775,376.3856922054447,378.24090576171875,665500,0.0,0.0,0.0
2024-10-04 00:00:00-04:00,382.0111176580535,382.5098266889387,378.4802491965269,382.3801574707031,668800,0.0,0.0,0.0
2024-10-07 00:00:00-04:00,381.023692030843,381.8415517262933,377.5925713865858,378.0214538574219,1180800,0.0,0.0,0.0
2024-10-08 00:00:00-04:00,380.5149806762669,384.6542594372823,380.1559247939771,384.21539306640625,766500,0.0,0.0,0.0
2024-10-09 00:00:00-04:00,384.4049345514276,386.94836900211413,383.5371856635738,386.6790466308594,1454700,0.0,0.0,0.0
2024-10-10 00:00:00-04:00,385.23280638902344,387.6964303306375,384.25532568629103,386.35986328125,868000,0.0,0.0,0.0
2024-10-11 00:00:00-04:00,385.7813737147379,388.424525607152,385.28266466187546,387.78619384765625,927600,0.0,0.0,0.0
2024-10-14 00:00:00-04:00,389.6214476127613,392.0950250855815,389.6214476127613,391.13751220703125,708300,0.0,0.0,0.0
2024-10-15 00:00:00-04:00,392.12496157610383,392.5039548808191,386.1703743754829,387.60662841796875,1090300,0.0,0.0,0.0
2024-10-16 00:00:00-04:00,387.3273711394728,388.544222482252,384.7440618213567,388.215087890625,1399600,0.0,0.0,0.0
2024-10-17 00:00:00-04:00,391.98531522691627,392.6934735585377,388.5242731853511,388.69384765625,727300,0.0,0.0,0.0
2024-10-18 00:00:00-04:00,391.5663805820436,391.9354508441138,390.0802373675845,391.16741943359375,652800,0.0,0.0,0.0
2024-10-21 00:00:00-04:00,390.3695059262138,392.8331298828125,389.2424185883468,392.8331298828125,985800,0.0,0.0,0.0
2024-10-22 00:00:00-04:00,390.768469426155,393.90037693028677,389.84087788083644,392.7633056640625,846300,0.0,0.0,0.0
2024-10-23 00:00:00-04:00,391.13751142764676,391.4666764544455,384.3650338395577,387.0580749511719,1433900,0.0,0.0,0.0
2024-10-24 00:00:00-04:00,389.1725650509036,390.1600296127049,387.54676876919433,389.6513366699219,1625800,0.0,0.0,0.0
2024-10-25 00:00:00-04:00,391.4068368255456,394.95764294102537,390.64878930467273,391.4566955566406,1010000,0.0,0.0,0.0
2024-10-28 00:00:00-04:00,394.4389657613913,394.6983042159936,391.8456725317259,392.1050109863281,1249500,0.0,0.0,0.0
2024-10-29 00:00:00-04:00,392.3643505272608,396.1645111837065,391.15748310766054,395.27679443359375,1751800,0.0,0.0,0.0
2024-10-30 00:00:00-04:00,394.97756785777983,396.13457650718914,392.4441173592666,393.2320861816406,739600,0.0,0.0,0.0
2024-10-31 00:00:00-04:00,389.2922551349351,389.2922551349351,381.93133544921875,381.93133544921875,2585600,0.0,0.0,0.0
2024-11-01 00:00:00-04:00,383.6768394257091,387.7163706131612,383.6369341782767,384.993408203125,2021100,0.0,0.0,0.0
2024-11-04 00:00:00-05:00,384.50467174793465,386.1105002540865,382.70933137053976,383.91619873046875,1886700,0.0,0.0,0.0
2024-11-05 00:00:00-05:00,385.2427635090746,389.4618530990934,385.0133768231424,389.2025146484375,827900,0.0,0.0,0.0
2024-11-06 00:00:00-05:00,396.04481053813834,399.24651410225925,394.09983307614095,398.8076477050781,1354200,0.0,0.0,0.0
2024-11-07 00:00:00-05:00,401.1017601071051,405.9691352398291,400.72273632983035,405.41058349609375,1660200,0.0,0.0,0.0
2024-11-08 00:00:00-05:00,405.4504599735342,407.67471330724334,405.3008533454338,407.0263671875,895700,0.0,0.0,0.0
2024-11-11 00:00:00-05:00,408.2532140799035,408.44272596050695,405.300864925491,407.4552917480469,921700,0.0,0.0,0.0
2024-11-12 00:00:00-05:00,407.3355922013375,408.66214488039844,405.2110867795311,407.7445068359375,926500,0.0,0.0,0.0
2024-11-13 00:00:00-05:00,407.953979586546,409.87898918009853,406.1885301000331,407.5649719238281,1072100,0.0,0.0,0.0
2024-11-14 00:00:00-05:00,407.58495008885455,408.08365914264056,404.3034359920827,405.0814208984375,1717500,0.0,0.0,0.0
2024-11-15 00:00:00-05:00,401.10175675375825,401.3211595295177,394.9775945906492,396.8028564453125,1051300,0.0,0.0,0.0
2024-11-18 00:00:00-05:00,397.28160169333796,399.9347374967834,395.7954584620653,398.6081848144531,1194000,0.0,0.0,0.0
2024-11-19 00:00:00-05:00,396.3739507093779,402.9070575912228,395.98497347476086,402.7474670410156,882000,0.0,0.0,0.0
2024-11-20 00:00:00-05:00,402.70755954301166,402.7873395982768,397.24169737440957,402.42828369140625,1006500,0.0,0.0,0.0
2024-11-21 00:00:00-05:00,404.9517690071358,405.62005256087855,397.8900618963335,402.9070739746094,823200,0.0,0.0,0.0
2024-11-22 00:00:00-05:00,402.61777659531583,403.9044544118779,401.2712561304284,402.98681640625,724700,0.0,0.0,0.0
2024-11-25 00:00:00-05:00,406.29827275045216,407.0164150064156,401.73008076594493,403.6551208496094,970500,0.0,0.0,0.0
2024-11-26 00:00:00-05:00,405.4703973776859,407.50513883620624,405.2808855024971,407.0263671875,893400,0.0,0.0,0.0
2024-11-27 00:00:00-05:00,406.2782832932748,406.28826721424394,402.4382481293078,404.6724548339844,823500,0.0,0.0,0.0
2024-11-29 00:00:00-05:00,405.38062840582967,408.5723784803068,404.69240748626294,408.07366943359375,747400,0.0,0.0,0.0
2024-12-02 00:00:00-05:00,409.14089644687147,412.31267854181436,408.7518887966021,411.8039855957031,1487700,0.0,0.0,0.0
2024-12-03 00:00:00-05:00,411.225498264222,413.9185087484396,410.41759207507835,413.8088073730469,1022500,0.0,0.0,0.0
2024-12-04 00:00:00-05:00,416.82102497094183,420.24216180665115,416.1328040351678,419.9728698730469,1905700,0.0,0.0,0.0
2024-12-05 00:00:00-05:00,420.6012484162461,420.92042951916414,419.02531074482926,419.3245544433594,1079600,0.0,0.0,0.0
2024-12-06 00:00:00-05:00,420.38181884189584,422.7556788523154,419.9828576791968,422.1672058105469,1488800,0.0,0.0,0.0
2024-12-09 00:00:00-05:00,421.71832584548076,421.7681845727701,417.987992056246,419.3145446777344,919300,0.0,0.0,0.0
2024-12-10 00:00:00-05:00,420.8306727904726,422.8653838693579,417.81845054282144,418.85577392578125,1416300,0.0,0.0,0.0
2024-12-11 00:00:00-05:00,421.66849069903964,426.3463840786404,421.66849069903964,425.8077697753906,1069200,0.0,0.0,0.0
2024-12-12 00:00:00-05:00,424.3315715063595,425.5284853920818,423.0548775663552,423.2344055175781,1076100,0.0,0.0,0.0
2024-12-13 00:00:00-05:00,424.8003712766584,425.9075212181738,420.69101349191834,422.6260070800781,1225500,0.0,0.0,0.0
2024-12-16 00:00:00-05:00,424.3914081782718,427.583158202712,423.4738005924245,427.004638671875,1048000,0.0,0.0,0.0
2024-12-17 00:00:00-05:00,425.48857925604364,426.715414464405,423.6134283770982,425.82769775390625,1081000,0.0,0.0,0.0
2024-12-18 00:00:00-05:00,425.59831382945606,427.5233234498382,410.52731056751475,411.5047912597656,1411200,0.0,0.0,0.0
2024-12-19 00:00:00-05:00,416.1727193147747,416.7412549604295,411.664400275607,412.2428894042969,1374300,0.0,0.0,0.0
2024-12-20 00:00:00-05:00,409.30046891235304,420.4316583436316,407.7744204667059,416.7013244628906,1255300,0.0,0.0,0.0
2024-12-23 00:00:00-05:00,417.78390382130135,420.4703947670452,414.3484223939514,420.0010070800781,1477700,0.534,0.0,0.0
2024-12-24 00:00:00-05:00,421.4391156946176,425.67360143499616,420.9697280233164,425.6636047363281,913000,0.0,0.0,0.0
2024-12-26 00:00:00-05:00,424.7847720453548,426.11305297635124,422.5277124192278,425.0044860839844,1018200,0.0,0.0,0.0
2024-12-27 00:00:00-05:00,422.39787931456334,422.39787931456334,415.04747145283056,418.91241455078125,1286600,0.0,0.0,0.0
2024-12-30 00:00:00-05:00,412.7105471391548,416.69532887589725,410.7431175404587,413.6493225097656,1108700,0.0,0.0,0.0
2024-12-31 00:00:00-05:00,414.8577218988797,415.2072710969747,409.1152280713208,409.9042053222656,2316900,0.0,0.0,0.0
2025-01-02 00:00:00-05:00,412.3210223589063,414.1086941591775,405.08048678228323,409.1052551269531,1505700,0.0,0.0,0.0
2025-01-03 00:00:00-05:00,411.59200832430196,416.2958513331048,410.9129033143423,415.956298828125,943700,0.0,0.0,0.0
2025-01-06 00:00:00-05:00,420.4803985313941,423.5164387380627,418.7926021697528,420.66015625,1513700,0.0,0.0,0.0
2025-01-07 00:00:00-05:00,422.5277046149719,422.5277046149719,411.04271653401906,412.5307922363281,1334500,0.0,0.0,0.0
2025-01-08 00:00:00-05:00,413.239842233808,414.70792448601685,409.6744952673381,413.14996337890625,1103600,0.0,0.0,0.0
2025-01-10 00:00:00-05:00,410.57331256973487,410.57331256973487,403.7222824066939,406.7982482910156,1811900,0.0,0.0,0.0
2025-01-13 00:00:00-05:00,401.12568780271954,405.2103451389022,399.83736320987384,404.9906311035156,1796700,0.0,0.0,0.0
2025-01-14 00:00:00-05:00,407.78698539570104,408.2064200591471,400.8959987679948,403.3028259277344,1908300,0.0,0.0,0.0
2025-01-15 00:00:00-05:00,409.864249513355,413.8790212304823,408.26633208989705,413.2198791503906,2502900,0.0,0.0,0.0
2025-01-16 00:00:00-05:00,414.87773279033274,414.87773279033274,409.7643907304431,409.9641418457031,1216000,0.0,0.0,0.0
2025-01-17 00:00:00-05:00,416.61543365169575,417.10478424184623,413.57939360200453,415.3670654296875,1683800,0.0,0.0,0.0
2025-01-21 00:00:00-05:00,417.07482280219733,418.22331546588134,413.39963408731273,417.8638000488281,1479800,0.0,0.0,0.0
2025-01-22 00:00:00-05:00,422.05831437476326,425.0943545220097,421.09957608322145,423.94586181640625,1211900,0.0,0.0,0.0
2025-01-23 00:00:00-05:00,422.69748094244943,425.5437665907109,421.8585811526627,425.5237731933594,1040900,0.0,0.0,0.0
2025-01-24 00:00:00-05:00,426.27279048897987,427.12168697019496,422.2280896660146,423.4664611816406,877500,0.0,0.0,0.0
2025-01-27 00:00:00-05:00,407.9967104761299,414.84777139402223,407.9867137770874,412.3909606933594,1714100,0.0,0.0,0.0
2025-01-28 00:00:00-05:00,413.75916615057616,422.44782147846365,411.7518107024572,421.5889587402344,1029100,0.0,0.0,0.0
2025-01-29 00:00:00-05:00,420.3605515816708,420.45043043916263,415.68666812565095,418.8325500488281,1055400,0.0,0.0,0.0
2025-01-30 00:00:00-05:00,418.9623663871196,421.5889379674459,414.92763181392,419.40179443359375,1029300,0.0,0.0,0.0
2025-01-31 00:00:00-05:00,423.19683881371935,425.2241876424961,416.88508159628236,417.80389404296875,1009000,0.0,0.0,0.0
2025-02-03 00:00:00-05:00,409.5347141533965,416.0162325478683,407.9367966501813,413.6792907714844,2085600,0.0,0.0,0.0
2025-02-04 00:00:00-05:00,414.69793920605673,419.0422668457031,414.2685078393439,419.0422668457031,942700,0.0,0.0,0.0
2025-02-05 00:00:00-05:00,416.48560058590937,419.8112401359482,415.4769093045501,419.7812805175781,1117400,0.0,0.0,0.0
2025-02-06 00:00:00-05:00,420.3205900393175,422.80732983223913,419.6015287105794,422.65753173828125,1029100,0.0,0.0,0.0
2025-02-07 00:00:00-05:00,422.9571650828439,424.92459468853247,417.56418979327754,418.2732849121094,1030700,0.0,0.0,0.0
2025-02-10 00:00:00-05:00,420.9497867711251,423.42656042684246,420.8099548935341,422.1781921386719,1172600,0.0,0.0,0.0
2025-02-11 00:00:00-05:00,420.3006346522135,422.70749233074133,419.4517381342507,421.37921142578125,1205800,0.0,0.0,0.0
2025-02-12 00:00:00-05:00,416.5654972989993,421.578963784879,416.0861433883272,420.8898620605469,898100,0.0,0.0,0.0
2025-02-13 00:00:00-05:00,421.299330178049,426.3227628812695,420.4104773398121,426.212890625,1165000,0.0,0.0,0.0
2025-02-14 00:00:00-05:00,426.21289309558415,427.4412984533129,425.443909208204,426.9619140625,717400,0.0,0.0,0.0
2025-02-18 00:00:00-05:00,428.54983929606556,428.54983929606556,424.20554202512693,426.94195556640625,998300,0.0,0.0,0.0
2025-02-19 00:00:00-05:00,426.39267670669034,427.8707252264265,424.3053781475793,427.0517883300781,789200,0.0,0.0,0.0
2025-02-20 00:00:00-05:00,426.6323460272896,426.6323460272896,421.44911864647514,424.8746337890625,1190800,0.0,0.0,0.0
2025-02-21 00:00:00-05:00,425.5138280220845,425.53379094268365,415.067460255594,415.4769287109375,1064800,0.0,0.0,0.0
2025-02-24 00:00:00-05:00,416.9449907087137,418.2233185527933,410.4734693320722,411.3523254394531,1193900,0.0,0.0,0.0
2025-02-25 00:00:00-05:00,410.53339991730286,410.75311395022175,402.7435636865111,406.8082580566406,1215900,0.0,0.0,0.0
2025-02-26 00:00:00-05:00,408.80563034131524,412.660607217821,405.9793381273056,408.33624267578125,1095800,0.0,0.0,0.0
2025-02-27 00:00:00-05:00,411.21250954631324,412.1113286082433,397.73013218413905,398.0796813964844,1167400,0.0,0.0,0.0
2025-02-28 00:00:00-05:00,397.59029982591284,405.4600182938392,394.74404454620975,405.20037841796875,1981000,0.0,0.0,0.0
2025-03-03 00:00:00-05:00,406.8482125418352,408.1265404154933,392.3471473899976,395.3432312011719,2107900,0.0,0.0,0.0
2025-03-04 00:00:00-05:00,391.1087687841469,399.5577164455907,386.4248887388899,392.95635986328125,1908600,0.0,0.0,0.0
2025-03-05 00:00:00-05:00,393.01627356476627,399.7774248428927,389.9403076942705,398.71881103515625,1505500,0.0,0.0,0.0
2025-03-06 00:00:00-05:00,391.9976224285697,395.9924007799563,385.51607382858157,387.3536682128906,1733600,0.0,0.0,0.0
2025-03-07 00:00:00-05:00,385.8456710189551,390.0202071995214,379.04456312165377,388.20257568359375,1489500,0.0,0.0,0.0
2025-03-10 00:00:00-04:00,380.92210545446363,380.93207167554027,368.7080595978322,372.4132080078125,2272100,0.0,0.0,0.0
2025-03-11 00:00:00-04:00,371.3046700094358,376.99721088363873,367.5395719008061,371.31463623046875,2784800,0.0,0.0,0.0
2025-03-12 00:00:00-04:00,378.13575526223,379.8035582383898,371.57432418285543,376.4179992675781,3783500,0.0,0.0,0.0
2025-03-13 00:00:00-04:00,375.87869357905447,375.87869357905447,367.19006857169927,368.6181945800781,2352700,0.0,0.0,0.0
2025-03-14 00:00:00-04:00,372.73280574777544,378.3654275327612,372.1635425020814,377.83612060546875,1856900,0.0,0.0,0.0
2025-03-17 00:00:00-04:00,377.62639151985655,381.5412877023923,375.53912349499916,379.06451416015625,1878700,0.0,0.0,0.0
2025-03-18 00:00:00-04:00,376.5378160514333,376.6376916049211,370.90519447205156,372.8526306152344,1801700,0.0,0.0,0.0
2025-03-19 00:00:00-04:00,375.1895928073286,382.16049232502326,373.96121791319484,378.565185546875,1447900,0.0,0.0,0.0
2025-03-20 00:00:00-04:00,375.9186401824475,382.4101551193867,375.20957554617996,377.6463928222656,1161600,0.0,0.0,0.0
2025-03-21 00:00:00-04:00,374.30075858295044,380.26296657863793,373.0124340120331,379.86346435546875,2082300,0.0,0.0,0.0
2025-03-24 00:00:00-04:00,385.6559154091523,389.430979827141,385.05669254581073,388.69195556640625,1113800,0.0,0.0,0.0
2025-03-25 00:00:00-04:00,389.5508163989403,391.45832675774835,388.6919536652861,391.1886901855469,2339100,0.0,0.0,0.0
2025-03-26 00:00:00-04:00,390.060164741955,390.2399224587561,381.21171456727353,382.5299987792969,936000,0.0,0.0,0.0
2025-03-27 00:00:00-04:00,380.6600036621094,384.3699951171875,378.95001220703125,380.5899963378906,981700,0.5,0.0,0.0
2025-03-28 00:00:00-04:00,378.5199890136719,379.80999755859375,369.5400085449219,370.42999267578125,2369500,0.0,0.0,0.0
2025-03-31 00:00:00-04:00,364.3800048828125,371.6099853515625,360.1700134277344,370.82000732421875,1832100,0.0,0.0,0.0
2025-04-01 00:00:00-04:00,369.3699951171875,375.1199951171875,367.6300048828125,374.1700134277344,2520100,0.0,0.0,0.0
2025-04-02 00:00:00-04:00,368.8299865722656,379.95001220703125,368.5,377.2900085449219,1277400,0.0,0.0,0.0
2025-04-03 00:00:00-04:00,359.7799987792969,362.3299865722656,355.1099853515625,355.5799865722656,2873600,0.0,0.0,0.0
2025-04-04 00:00:00-04:00,344.4700012207031,346.8699951171875,333.7799987792969,334.0199890136719,5173800,0.0,0.0,0.0
2025-04-07 00:00:00-04:00,320.2699890136719,349.17999267578125,316.1400146484375,334.4200134277344,5388800,0.0,0.0,0.0
2025-04-08 00:00:00-04:00,348.4599914550781,351.0,323.79998779296875,329.489990234375,3560600,0.0,0.0,0.0
2025-04-09 00:00:00-04:00,328.489990234375,369.79998779296875,327.9200134277344,367.79998779296875,4992900,0.0,0.0,0.0
2025-04-10 00:00:00-04:00,358.0899963378906,359.6600036621094,341.7699890136719,353.2900085449219,2960200,0.0,0.0,0.0
2025-04-11 00:00:00-04:00,351.70001220703125,361.2699890136719,349.7300109863281,360.20001220703125,2032200,0.0,0.0,0.0
2025-04-14 00:00:00-04:00,368.6300048828125,369.0799865722656,358.7699890136719,362.5799865722656,1765400,0.0,0.0,0.0
2025-04-15 00:00:00-04:00,362.8800048828125,365.4599914550781,361.0,362.260009765625,1460900,0.0,0.0,0.0
2025-04-16 00:00:00-04:00,355.1300048828125,358.0400085449219,346.510009765625,351.2099914550781,1688700,0.0,0.0,0.0
2025-04-17 00:00:00-04:00,354.9800109863281,355.1099853515625,349.8599853515625,352.1400146484375,1261300,0.0,0.0,0.0
2025-04-21 00:00:00-04:00,347.0,347.44000244140625,337.8800048828125,342.44000244140625,2407700,0.0,0.0,0.0
2025-04-22 00:00:00-04:00,346.75,353.8500061035156,345.3299865722656,351.6300048828125,1566500,0.0,0.0,0.0
2025-04-23 00:00:00-04:00,364.1700134277344,367.489990234375,358.9700012207031,360.45001220703125,1392800,0.0,0.0,0.0
2025-04-24 00:00:00-04:00,362.2799987792969,371.3500061035156,361.67999267578125,370.9200134277344,924300,0.0,0.0,0.0
